ts,rg1,rg2,rg1tt,rg2tt,rg1tp,rg2tp,temp_bmx,press_bmx,temp_mcp,temp_sht,humidity_sht,si1145_vis,si1145_ir,si1145_uv,wind_spd,wind_dir,wind_gust,wind_gust_dir,heat_idx,wet_bulb_temp,wet_bulb_globe_temp
2026-03-14T00:00:52Z,0,0,4.4,0,0,0,17.4,846.5,17.4,17.6,93,260,253,0,0,331,0,0,17.8,16.8,13.5
2026-03-14T00:15:59Z,0,0,4.4,0,0,0,17.3,846.4,17.3,17.6,93.1,261,253,0,0,332,0,0,17.7,16.8,13.5
2026-03-14T00:31:06Z,0,0,4.4,0,0,0,17.2,846.5,17.3,17.6,93.2,260,254,0,0,332,0,0,17.7,16.8,13.4
2026-03-14T00:46:12Z,0,0,4.4,0,0,0,17.3,846.3,17.3,17.6,93.4,262,253,0,0,332,0,0,17.8,16.8,13.5
2026-03-14T01:01:39Z,0,0,4.4,0,0,0,17.2,846.4,17.2,17.5,93.2,259,252,0,0,341,0.2,0.2,17.6,16.7,13.4
2026-03-14T01:16:47Z,0,0,4.4,0,0,0,17.2,846.5,17.3,17.5,93.1,260,253,0,0,343,0,0,17.7,16.7,13.4
2026-03-14T01:31:53Z,0,0,4.4,0,0,0,17.2,846.6,17.2,17.5,93.2,259,254,0,0,343,0,0,17.7,16.7,13.4
2026-03-14T01:47:00Z,0,0,4.4,0,0,0,17.3,846.7,17.4,17.6,93.5,260,253,0,0,343,0,0,17.8,16.9,13.5
2026-03-14T02:02:06Z,0,0,4.4,0,0,0,17.2,846.6,17.3,17.5,93.5,261,253,0,0,343,0,0,17.7,16.8,13.4
2026-03-14T02:17:13Z,0,0,4.4,0,0,0,17.3,846.8,17.4,17.7,93.6,262,254,0,0,343,0,0,17.8,16.9,13.5
2026-03-14T02:32:20Z,0,0,4.4,0,0,0,17.5,846.8,17.6,17.8,93.8,260,253,0,0,343,0,0,18,17.1,13.7
2026-03-14T02:47:42Z,0,0,4.4,0,0,0,17.4,847.1,17.5,17.8,93.9,260,253,0,0,343,0,0,17.9,17,13.6
2026-03-14T03:03:04Z,0,0,4.4,0,0,0,17.3,847.3,17.4,17.7,93.9,259,255,0,0,343,0,0,17.8,17,13.6
2026-03-14T03:18:27Z,0,0,4.4,0,0,0,17.5,847.6,17.5,17.8,94.1,259,254,0,0,343,0,0,18,17.1,13.7
2026-03-14T03:33:34Z,0,0,4.4,0,0,0,17.4,847.7,17.6,17.7,94.2,261,275,0,0,343,0,0,17.9,17,13.6
2026-03-14T03:48:42Z,0,0,4.4,0.1,0,0,17.5,847.8,17.6,17.8,94.3,268,341,0,0,343,0,0,18,17.2,13.7
2026-03-14T04:03:48Z,0,0,4.4,0.2,0,0,17.6,847.7,17.8,17.9,94.4,288,566,0,0,343,0,0,18.1,17.2,13.8
2026-03-14T04:18:55Z,0,0,4.4,0.3,0,0,18,847.9,18.2,18.4,94.5,307,776,0,0,343,0,0,18.6,17.7,14.3
2026-03-14T04:34:02Z,0,0,4.4,0.2,0,0,18.3,848.3,18.4,18.6,94.3,302,718,0,0,343,0,0,18.8,17.9,14.5
2026-03-14T04:49:09Z,0,0,4.4,0.4,0,0,18.3,848.5,18.5,18.7,93.7,325,947,0,0,344,0.2,0.2,18.9,17.9,14.5
2026-03-14T05:04:32Z,0,0,4.4,0.6,0,0,18.6,848.8,18.8,19.1,93.1,359,1300,0,0,343,0,0,19.3,18.2,14.9
2026-03-14T05:19:39Z,0,0,4.4,1,0,0,20,848.7,19.9,20,89.9,449,2284,0,0,343,0,0,20.2,18.8,15.7
2026-03-14T05:34:46Z,0,0,4.4,1.1,0,0,21.4,848.7,21.2,21.2,86.2,463,2417,0,0,67,0,0,21.4,19.5,16.8
2026-03-14T05:49:52Z,0,0,4.4,0.6,0,0,21.9,848.8,22.1,22,81.8,360,1309,0,0,91,0,0,22.2,19.7,17.5
2026-03-14T06:04:59Z,0,0,0,0.8,4.4,1.2,21.7,848.9,21.6,21.6,83.4,399,1725,0,0,91,0,0,21.8,19.5,17.1
2026-03-14T06:20:06Z,0,0,0,1.1,4.4,1.2,21.8,848.9,22,22,82.5,465,2392,0,0,119,0,0,22.3,19.8,17.5
2026-03-14T06:35:13Z,0,0,0,1.1,4.4,1.2,21.9,848.7,22.1,22.3,80.2,471,2402,0,0,83,0.2,0.2,22.5,19.8,17.7
2026-03-14T06:50:38Z,0,0,0,2,4.4,1.2,22.8,848.6,22.9,23.2,76.5,624,4101,0,0.4,118,0.7,0.7,23.4,20.1,18.5
2026-03-14T07:05:43Z,0,0,0,2.3,4.4,1.2,22.6,848.6,22.9,22.9,77.2,688,4868,0,0.1,178,0.4,0.4,23.1,20,18.2
2026-03-14T07:21:23Z,0,0.2,0,0.9,4.4,1.2,22.9,848.5,23.4,23.3,73.4,434,2097,0,0.5,178,1.5,1.5,23.5,19.8,18.5
2026-03-14T07:36:39Z,0,0,0,1.1,4.4,1.2,22.4,848.5,22.5,23.1,74.7,471,2481,0,0.6,85,1.3,1.3,23.2,19.8,18.3
2026-03-14T07:51:46Z,0,0,0,1.5,4.4,1.2,24.6,848.3,24.6,24.9,69.4,542,3178,0,1,75,1.5,1.5,25.1,20.7,19.8
2026-03-14T08:06:48Z,0,0,0,3,4.4,1.2,24,848.2,23.9,24.5,69.5,819,6213,0,0.2,71,1.2,1.2,24.7,20.4,19.5
2026-03-14T08:21:55Z,0,0,0,2.2,4.4,1.2,24.6,848.2,24.6,25.3,65.8,666,4428,0,0.8,97,1.7,1.7,25.4,20.6,20.1
2026-03-14T08:37:01Z,0,0,0,3.6,4.4,1.2,24.6,847.7,24.6,25.4,64.1,928,7273,0,1.3,114,3,3,25.5,20.4,20.1
2026-03-14T08:52:08Z,0,0,0,4,4.4,1.2,25,847.6,25.3,25.8,63,1009,8171,0,0.5,96,1.7,1.7,25.9,20.7,20.5
2026-03-14T09:07:14Z,0,0,0,4.3,4.4,1.2,26.3,847.3,26.2,26.8,58.1,1057,8659,0,0.9,71,1.7,1.7,27.7,20.8,21.8
2026-03-14T09:22:21Z,0,0,0,4.6,4.4,1.2,26.3,847,26.4,26.9,60,1119,9296,0,0.5,115,1.1,1.1,28,21.2,22
2026-03-14T09:37:45Z,0,0,0,3.3,4.4,1.2,25.9,846.8,25.9,26.6,57,874,6571,0,1.7,67,3.1,3.1,27.4,20.5,21.6
2026-03-14T09:52:52Z,0,0,0,4,4.4,1.2,26.6,846.5,26.6,27.3,55,1005,8070,0,1.5,65,2.4,2.4,28,20.8,22
2026-03-14T10:07:59Z,0,0,0,3.5,4.4,1.2,25.9,846.3,26,26.5,59.6,902,6993,0,0.7,96,2.2,2.2,26.6,20.8,21
2026-03-14T10:23:05Z,0,0,0,3.9,4.4,1.2,27.2,845.8,27.2,27.6,55.8,983,7862,0,0,301,0.2,0.2,28.5,21.2,22.4
2026-03-14T10:38:11Z,0,0,0,3.2,4.4,1.2,27.1,845.5,27.4,28,53.5,849,6435,0,0.4,114,1.1,1.1,28.8,21.2,22.6
2026-03-14T10:53:18Z,0,0,0,3.2,4.4,1.2,26.2,845.3,26.6,26.9,56.6,857,6532,0,0.6,124,2.2,2.2,27.7,20.7,21.8
2026-03-14T11:08:25Z,0,0,0,3.8,4.4,1.2,26.2,845.3,26.6,27,55.5,956,7625,0,0.5,133,1.8,1.8,27.8,20.6,21.9
2026-03-14T11:23:49Z,0,0,0,1.3,4.4,1.2,26.2,844.9,26.2,27.2,54.5,500,2597,0,0.3,70,1.1,1.1,27.9,20.6,21.9
2026-03-14T11:38:55Z,0,0,0,1.8,4.4,1.2,27.1,844.7,27.3,27.9,54.6,588,3511,0,0.5,141,1.5,1.5,28.7,21.2,22.5
2026-03-14T11:54:38Z,0,0,0,1.2,4.4,1.2,26.8,844.8,26.9,27.8,53.6,489,2560,0,1.2,84,2.6,2.6,28.6,21,22.4
2026-03-14T12:09:50Z,0,0,0,3.5,4.4,1.2,27.3,844.5,27.3,28.4,52.5,905,7089,0,2.3,78,3.3,3.3,29.1,21.3,22.8
2026-03-14T12:24:57Z,0,0,0,3.2,4.4,1.2,27.4,844.4,27.7,28.5,51.5,853,6553,0,0.4,159,2.4,2.4,29.3,21.3,22.9
2026-03-14T12:40:03Z,0,0,0,2.9,4.4,1.2,27.1,844.3,27.3,28.1,53.8,805,6029,0,0,119,0.2,0.2,29,21.3,22.7
2026-03-14T12:55:09Z,0,0,0,1,4.4,1.2,26.8,844.5,27.3,27.9,54.2,445,2074,0,0.8,130,3.7,3.7,28.7,21.2,22.5
2026-03-14T13:10:16Z,0,0,0,2.4,4.4,1.2,26,844.4,26.2,26.8,58,709,5095,0,1.4,84,2.8,2.8,27.7,20.8,21.8
2026-03-14T13:25:22Z,0,0,0,2,4.4,1.2,26.6,844.4,26.8,27.6,57,623,4193,0,0.2,84,1.1,1.1,28.6,21.3,22.4
2026-03-14T13:40:29Z,0,0,0,1.5,4.4,1.2,26.6,844.4,27,27.7,55.3,529,3049,0,0.1,115,0.4,0.4,28.5,21.2,22.4
2026-03-14T13:55:54Z,0,0,0,1.7,4.4,1.2,27,844.6,27.2,28.3,52.6,571,3704,0,0.6,101,1.7,1.7,29,21.2,22.7
2026-03-14T14:11:00Z,0,0,0,0.8,4.4,1.2,25.6,844.7,25.8,26.6,55.6,399,1742,0,0.8,92,2.2,2.2,27.4,20.3,21.6
2026-03-14T14:26:07Z,0,0,0,0.4,4.4,1.2,25.1,844.9,25.4,25.7,57.8,333,922,0,0.1,109,0.4,0.4,25.8,19.8,20.4
2026-03-14T14:41:13Z,0,0,0,0.3,4.4,1.2,24.6,845.1,24.8,25,55.1,313,707,0,0.6,120,1.3,1.3,25,18.8,19.8
2026-03-14T14:57:03Z,0,0,0,0.2,4.4,1.2,24.5,845.2,24.6,24.8,56.8,303,631,0,0.3,121,0.7,0.7,24.8,18.9,19.6
2026-03-14T15:12:10Z,0,0,0,0.1,4.4,1.2,24,845.6,24.2,24.4,59,283,419,0,0.4,119,1.5,1.5,24.4,18.8,19.3
2026-03-14T15:27:16Z,0,0,0,0.1,4.4,1.2,23.5,846,23.7,23.9,62.5,271,333,0,0.7,74,2.8,2.8,23.9,18.8,18.9
2026-03-14T15:42:59Z,0,0,0,0,4.4,1.2,23,845.9,23.1,23.3,66.8,262,269,0,0,102,0.2,0.2,23.4,18.9,18.4
2026-03-14T15:58:05Z,0,0,0,0,4.4,1.2,22.6,846.2,22.8,22.9,69.1,259,254,0,0,103,0.2,0.2,23,18.9,18.1
2026-03-14T16:13:12Z,0,0,0,0,4.4,1.2,22.1,846.3,22.2,22.5,71.4,260,254,0,0.3,82,0.9,0.9,22.6,18.8,17.8
2026-03-14T16:28:18Z,0,0,0,0,4.4,1.2,21.9,846.7,22.1,22.2,73.1,260,254,0,0.1,113,0.4,0.4,22.2,18.7,17.5
2026-03-14T16:43:24Z,0,0,0,0,4.4,1.2,21.6,846.8,21.7,21.9,74.4,261,253,0,0.1,89,0.4,0.4,22,18.6,17.3
2026-03-14T16:58:30Z,0,0,0,0,4.4,1.2,21.6,847,21.8,21.9,76.2,260,254,0,0.6,72,0.9,0.9,22,18.8,17.3
2026-03-14T17:14:00Z,0,0,0,0,4.4,1.2,21.5,847,21.7,21.9,77.7,261,252,0,1.2,87,2.6,2.6,22,19,17.3
2026-03-14T17:29:57Z,0,0,0,0,4.4,1.2,21.3,847.1,21.4,21.6,81.1,260,252,0,0.6,78,1.3,1.3,21.8,19.2,17.1
2026-03-14T17:45:03Z,0,0,0,0,4.4,1.2,21,847.3,21.2,21.4,82.6,260,253,0,0.6,80,1.3,1.3,21.6,19.2,17
2026-03-14T18:00:09Z,0,0,0,0,4.4,1.2,21,847.6,21.2,21.4,83.4,259,253,0,0.8,63,1.3,1.3,21.5,19.3,16.9
2026-03-14T18:16:03Z,0,0,0,0,4.4,1.2,20.9,847.8,21,21.2,84.2,260,254,0,0,96,0.2,0.2,21.4,19.3,16.8
2026-03-14T18:31:09Z,0,0,0,0,4.4,1.2,20.7,848.1,20.9,21.1,84.6,260,254,0,0.1,101,0.4,0.4,21.3,19.1,16.7
2026-03-14T18:46:16Z,0,0,0,0,4.4,1.2,20.7,848.4,20.8,21,84.6,259,254,0,1,77,5,5,21.2,19.1,16.6
2026-03-14T19:01:22Z,0,0,0,0,4.4,1.2,19.8,848.7,19.9,20.2,89.1,261,254,0,0.5,92,1.3,1.3,20.5,18.9,16
2026-03-14T19:16:28Z,0,0,0,0,4.4,1.2,19.4,848.7,19.6,19.9,90.1,260,253,0,0.8,75,2.8,2.8,20,18.6,15.6
2026-03-14T19:31:34Z,0,0,0,0,4.4,1.2,19.3,848.7,19.4,19.7,90.2,260,253,0,0.1,169,0.4,0.4,19.9,18.5,15.4
2026-03-14T19:47:00Z,0,0,0,0,4.4,1.2,19.3,848.9,19.4,19.6,90.5,260,252,0,0.1,84,0.4,0.4,19.8,18.5,15.4
2026-03-14T20:02:14Z,0,0,0,0,4.4,1.2,19.1,849.1,19.2,19.5,90,260,253,0,0.1,141,0.4,0.4,19.7,18.3,15.3
2026-03-14T20:17:20Z,0,0,0,0,4.4,1.2,19.1,849.1,19.2,19.4,90.1,261,253,0,0.1,81,0.9,0.9,19.6,18.2,15.2
2026-03-14T20:33:11Z,0,0,0,0,4.4,1.2,19.1,848.9,19.2,19.4,88.9,260,254,0,0.6,117,1.5,1.5,19.6,18.1,15.2
2026-03-14T20:48:17Z,0,0,0,0,4.4,1.2,19,848.7,19.1,19.3,89.1,260,254,0,0.2,105,0.9,0.9,19.5,18,15.1
2026-03-14T21:04:12Z,0,0,0,0,4.4,1.2,18.9,848.3,19,19.2,89.5,261,253,0,0.1,116,0.4,0.4,19.4,17.9,15
2026-03-14T21:19:18Z,0,0,0,0,4.4,1.2,18.6,848,18.8,19,89.5,261,253,0,0.5,97,1.3,1.3,19.1,17.7,14.7
2026-03-14T21:34:25Z,0,0,0,0,4.4,1.2,18.4,848,18.6,18.8,90,260,255,0,0.2,88,0.9,0.9,18.9,17.6,14.6
2026-03-14T21:49:32Z,0,0,0,0,4.4,1.2,18.4,848.1,18.6,18.7,90,260,253,0,0,100,0.2,0.2,18.9,17.5,14.5
2026-03-14T22:04:39Z,0,0,0,0,4.4,1.2,18.4,848,18.6,18.7,90.1,258,253,0,0,88,0,0,18.9,17.5,14.5
2026-03-14T22:19:45Z,0,0,0,0,4.4,1.2,18.3,848,18.5,18.7,89.7,260,254,0,0.5,110,1.1,1.1,18.8,17.4,14.5
2026-03-14T22:35:09Z,0,0,0,0,4.4,1.2,18.4,847.7,18.6,18.7,89.1,261,254,0,0.1,64,1.1,1.1,18.8,17.4,14.5
2026-03-14T22:50:15Z,0,0,0,0,4.4,1.2,18.3,847.4,18.4,18.6,89.2,260,253,0,0.1,85,0.2,0.2,18.8,17.3,14.4
2026-03-14T23:05:22Z,0,0,0,0,4.4,1.2,18.2,847.2,18.3,18.5,89.2,261,253,0,0.1,78,0.7,0.7,18.6,17.2,14.3
2026-03-14T23:21:17Z,0,0,0,0,4.4,1.2,17.9,847.1,18,18.2,89.9,259,253,0,0,105,0,0,18.4,17,14.1
2026-03-14T23:36:24Z,0,0,0,0,4.4,1.2,17.6,847.1,17.7,17.8,91,259,253,0,0,105,0,0,17.9,16.8,13.7
2026-03-14T23:51:30Z,0,0,0,0,4.4,1.2,17.3,847.3,17.4,17.6,91.8,259,254,0,0,105,0,0,17.7,16.7,13.5
2026-03-15T00:00:35Z,0,0,0,0,4.4,1.2,17.3,847.4,17.4,17.6,92.5,260,254,0,0,105,0,0,17.7,16.7,13.4
2026-03-15T00:15:41Z,0,0,0,0,4.4,1.2,17.1,847.4,17.2,17.4,92.6,261,254,0,0,105,0,0,17.5,16.5,13.3
2026-03-15T00:30:48Z,0,0,0,0,4.4,1.2,17.2,847.3,17.3,17.5,93.2,259,253,0,0,105,0,0,17.6,16.7,13.3
2026-03-15T00:46:12Z,0,0,0,0,4.4,1.2,17.1,847.4,17.2,17.4,93.4,260,253,0,0,105,0,0,17.5,16.6,13.3
2026-03-15T01:01:18Z,0,0,0,0,4.4,1.2,17,847.4,17.1,17.3,93.6,259,254,0,0,105,0,0,17.5,16.6,13.2
2026-03-15T01:16:25Z,0,0,0,0,4.4,1.2,17.2,847.6,17.2,17.5,93.9,261,253,0,0,105,0,0,17.6,16.8,13.4
2026-03-15T01:31:31Z,0,0,0,0,4.4,1.2,17.2,847.7,17.3,17.5,94.1,259,254,0,0,105,0,0,17.7,16.8,13.4
2026-03-15T01:46:37Z,0,0,0,0,4.4,1.2,17.2,847.8,17.3,17.5,94.1,261,253,0,0,105,0,0,17.6,16.8,13.4
2026-03-15T02:01:38Z,0,0,0,0,4.4,1.2,17.2,847.6,17.3,17.5,94.2,262,254,0,0,105,0,0,17.7,16.8,13.4
2026-03-15T02:17:00Z,0,0,0,0,4.4,1.2,17.1,847.7,17.2,17.4,94.2,261,253,0,0,105,0,0,17.6,16.7,13.3
2026-03-15T02:32:07Z,0,0,0,0,4.4,1.2,17.1,847.7,17.2,17.5,94.3,260,254,0,0,105,0,0,17.6,16.8,13.3
2026-03-15T02:48:04Z,0,0,0,0,4.4,1.2,17.3,847.9,17.4,17.6,94.4,260,253,0,0,105,0,0,17.8,17,13.5
2026-03-15T03:03:10Z,0,0,0,0,4.4,1.2,17.3,848,17.4,17.7,94.5,259,254,0,0,105,0,0,17.8,17,13.5
2026-03-15T03:18:17Z,0,0,0,0,4.4,1.2,17.4,848.1,17.6,17.8,94.6,259,254,0,0,105,0,0,17.9,17.1,13.6
2026-03-15T03:33:24Z,0,0,0,0,4.4,1.2,17.4,848.4,17.4,17.7,94.5,261,263,0,0,105,0,0,17.9,17.1,13.6
2026-03-15T03:48:31Z,0,0,0,0.1,4.4,1.2,17.2,848.7,17.2,17.5,94.4,268,344,0,0,105,0,0,17.6,16.8,13.3
2026-03-15T04:03:37Z,0,0,0,0.1,4.4,1.2,17.1,848.9,17.2,17.4,94.4,278,417,0,0,105,0,0,17.5,16.7,13.3
2026-03-15T04:18:44Z,0,0,0,0.2,4.4,1.2,17.1,849,17.2,17.4,94.3,298,622,0,0,104,0,0,17.6,16.7,13.3
2026-03-15T04:34:06Z,0,0,0,0.4,4.4,1.2,17.4,849.1,17.6,17.7,94.3,333,985,0,0,104,0,0,17.8,17,13.5
2026-03-15T04:49:13Z,0,0,0,0.7,4.4,1.2,18.6,849.3,18.6,18.4,94.1,389,1692,0,0,104,0,0,18.6,17.7,14.3
2026-03-15T05:04:19Z,0,0,0,0.9,4.4,1.2,20.6,849.4,20.2,19.5,87.5,428,2146,0,0,104,0.2,0.2,19.7,18,15.3
2026-03-15T05:19:26Z,0,0,0,1,4.4,1.2,22.3,849.6,21.7,21.3,80.8,437,2080,0,0,98,0,0,21.5,18.9,16.9
2026-03-15T05:34:32Z,0,0,0,0.8,4.4,1.2,22,849.8,21.8,21.8,76.8,410,1806,0,0.3,110,0.9,0.9,21.9,18.9,17.3
2026-03-15T05:49:39Z,0,0,0,1.2,4.4,1.2,20.2,850.1,20.1,20.8,80.5,485,2703,0,0.5,98,1.1,1.1,20.9,18.3,16.3
2026-03-15T06:04:46Z,0,0.2,0,2.2,0,1.4,22.9,850,22.6,22.8,76.1,664,4675,0,0.2,101,0.7,0.7,22.9,19.6,18.1
2026-03-15T06:20:11Z,0,0,0,2.5,0,1.4,23,850,22.8,23.5,70.8,731,5530,0,0.6,70,1.5,1.5,23.7,19.7,18.7
2026-03-15T06:35:17Z,0,0,0,1.2,0,1.4,23,850,23.1,23.5,72.5,491,2640,0,0.3,104,1.3,1.3,23.6,19.9,18.7
2026-03-15T06:50:24Z,0,0,0,0.8,0,1.4,22.5,850.1,22.5,23,69.6,401,1573,0,0.6,107,1.1,1.1,23.1,19,18.2
2026-03-15T07:05:31Z,0,0,0,1.9,0,1.4,23.3,850.2,23.1,23.5,66.8,613,3920,0,0.4,74,1.1,1.1,23.5,19.1,18.6
2026-03-15T07:20:37Z,0,0,0,3.2,0,1.4,23.8,850.2,23.9,24.3,67.5,847,6588,0,0.3,115,0.7,0.7,24.4,19.9,19.3
2026-03-15T07:35:43Z,0,0,0,1.1,0,1.4,23.4,850,23.2,24,63.2,471,2375,0,0.6,85,1.7,1.7,24,19,19
2026-03-15T07:50:50Z,0,0,0,4.1,0,1.4,24.5,849.8,24.9,24.8,60.9,1026,8453,0,0.7,99,2,2,24.9,19.5,19.6
2026-03-15T08:06:16Z,0,0,0,4.4,0,1.4,25.7,849.6,25.7,26.1,59.6,1079,9264,0,0.8,49,1.7,1.7,26.2,20.5,20.7
2026-03-15T08:21:22Z,0,0,0,0.9,0,1.4,23.9,849.5,23.9,24.8,58.5,415,1779,0,1,98,2.4,2.4,24.8,19.1,19.6
2026-03-15T08:36:28Z,0,0,0,4.2,0,1.4,24.4,849.2,24.6,25,60,1045,8760,0,0.9,98,2.6,2.6,25.1,19.5,19.8
2026-03-15T08:51:35Z,0,0,0,3.4,0,1.4,25.5,848.8,25.5,25.8,58.7,898,7002,0,0.3,31,1.1,1.1,25.9,20,20.5
2026-03-15T09:06:42Z,0,0,0,4.4,0,1.4,25.3,848.5,25.2,26.2,54.3,1086,9116,0,1.2,103,3.3,3.3,26.2,19.7,20.7
2026-03-15T09:22:20Z,0,0,0,4.3,0,1.4,25.5,848.2,25.5,26.2,53.5,1055,8807,0,1.6,86,2.8,2.8,26.3,19.6,20.7
2026-03-15T09:37:26Z,0,0,0,4.6,0,1.4,25.5,847.9,25.8,26.2,53,1112,9369,0,1.3,67,2.6,2.6,26.2,19.5,20.7
2026-03-15T09:52:33Z,0,0,0,4.5,0,1.4,25.5,847.7,25.8,26.1,55,1093,9107,0,0.7,94,2,2,26.2,19.8,20.7
2026-03-15T10:08:25Z,0,0,0,4.4,0,1.4,25.9,847.5,26.2,26.6,52.7,1087,9050,0,0.5,104,1.3,1.3,26.6,19.8,21
2026-03-15T10:23:31Z,0,0,0,4.3,0,1.4,26.3,847.4,26.4,27,48.4,1057,8712,0,2,69,3.5,3.5,27.3,19.4,21.5
2026-03-15T10:38:37Z,0,0,0,4.1,0,1.4,26.8,847,26.8,27.4,48,1026,8398,0,1.7,83,5.5,5.5,27.7,19.7,21.8
2026-03-15T10:53:43Z,0,0,0,3.8,0,1.4,26.2,846.9,26.4,27,49.4,959,7647,0,1.2,107,2.8,2.8,27.3,19.6,21.5
2026-03-15T11:08:49Z,0,0,0,3.8,0,1.4,27.4,846.7,27.8,28.1,47,970,7803,0,0.9,160,2.4,2.4,28.3,20.2,22.2
2026-03-15T11:23:55Z,0,0,0,3.4,0,1.4,27.1,846.5,27.2,27.9,47,895,6958,0,0.8,113,3.1,3.1,28.1,20,22.1
2026-03-15T11:39:02Z,0,0,0,3.6,0,1.4,27.4,846.4,27.6,28.3,48.1,926,7318,0,0.8,65,1.7,1.7,28.6,20.5,22.4
2026-03-15T11:54:24Z,0,0,0,3.4,0,1.4,27.2,846.3,27.6,28.1,46,897,7040,0,0.7,127,2.2,2.2,28.2,20,22.1
2026-03-15T12:09:30Z,0,0,0,3.2,0,1.4,27.4,846,27.6,28.4,47.3,854,6581,0,0.5,147,1.3,1.3,28.7,20.5,22.5
2026-03-15T12:24:36Z,0,0,0,3,0,1.4,27.5,845.8,27.9,28.5,44.9,817,6148,0,0.9,117,2.8,2.8,28.6,20.1,22.4
2026-03-15T12:39:42Z,0,0,0,2.7,0,1.4,27.4,845.6,27.4,28.5,45.2,761,5615,0,1.5,75,3.5,3.5,28.5,20.2,22.4
2026-03-15T12:54:49Z,0,0,0,2.4,0,1.4,26.8,845.7,26.8,27.8,45.8,707,5023,0,1.6,57,4.2,4.2,27.9,19.7,21.9
2026-03-15T13:09:54Z,0,0,0,2.4,0,1.4,27,845.6,27.1,28.1,44.3,710,5097,0,2.5,83,4.1,4.1,28.1,19.7,22.1
2026-03-15T13:25:01Z,0,0,0,2.1,0,1.4,27.4,845.6,27.6,28.7,44.5,656,4529,0,1,99,4.1,4.1,28.7,20.2,22.5
2026-03-15T13:40:28Z,0,0,0,1.1,0,1.4,26.3,845.5,26.6,27.3,46.4,465,2370,0,1.1,167,3.9,3.9,27.5,19.4,21.6
2026-03-15T13:55:34Z,0,0,0,1.1,0,1.4,25.6,845.6,25.9,26.5,49.8,461,2413,0,0.3,177,0.9,0.9,26.5,19.2,20.9
2026-03-15T14:10:56Z,0,0,0,1.1,0,1.4,25.1,845.8,25.6,26.1,51,456,2391,0,0.2,166,0.7,0.7,26.1,19.1,20.6
2026-03-15T14:26:36Z,0,0,0,0.3,0,1.4,24.8,845.9,25,25.3,52.5,317,686,0,1,90,2.4,2.4,25.2,18.6,20
2026-03-15T14:41:37Z,0,0,0,0.3,0,1.4,24.3,845.9,24.4,24.6,53.5,309,615,0,1.4,81,3.3,3.3,24.6,18.2,19.4
2026-03-15T14:57:37Z,0,0,0,0.2,0,1.4,23.8,846.2,23.9,24.1,56.3,298,547,0,0.7,93,1.6,1.6,24.1,18.2,19.1
2026-03-15T15:13:33Z,0,0,0,0.2,0,1.4,23.4,846.2,23.5,23.7,60.3,288,471,0,0.1,126,1.1,1.1,23.7,18.4,18.7
2026-03-15T15:28:39Z,0,0,0,0.1,0,1.4,22.9,846.6,23,23.2,61.4,273,348,0,0.8,76,3.1,3.1,23.2,18.1,18.3
2026-03-15T15:43:39Z,0,0,0,0,0,1.4,22.5,846.7,22.6,22.8,63.9,263,270,0,1.9,66,5.9,5.9,22.8,18.1,18
2026-03-15T15:58:41Z,0,0.2,0,0,0,1.4,22.3,846.8,22.4,22.6,65.9,261,254,0,0.8,98,1.3,1.3,22.6,18.1,17.8
2026-03-15T16:14:05Z,0,0,0,0,0,1.4,22.1,846.9,22.2,22.4,68.5,261,253,0,0.2,126,0.4,0.4,22.4,18.3,17.6
2026-03-15T16:29:33Z,0,0,0,0,0,1.4,21.8,847.1,21.9,22.1,70.1,260,253,0,0.4,118,2.4,2.4,22.2,18.3,17.4
2026-03-15T16:44:35Z,0,0,0,0,0,1.4,21.6,847.4,21.8,21.9,71.1,259,254,0,0.2,104,1.5,1.5,22,18.2,17.3
2026-03-15T17:00:07Z,0,0,0,0,0,1.4,21.4,847.6,21.6,21.8,71.6,260,253,0,1.1,95,2.4,2.4,21.8,18.1,17.1
2026-03-15T17:15:32Z,0,0,0,0,0,1.4,21.2,847.8,21.4,21.6,73.3,262,254,0,0,142,0.2,0.2,21.6,18.2,17
2026-03-15T17:30:42Z,0,0,0,0,0,1.4,20.9,847.8,21.1,21.3,73.8,259,253,0,0.1,146,0.7,0.7,21.3,18,16.7
2026-03-15T17:46:12Z,0,0,0,0,0,1.4,20.6,848.1,20.7,20.9,75.5,261,253,0,0.1,151,0.9,0.9,21,17.8,16.4
2026-03-15T18:01:32Z,0,0,0,0,0,1.4,20.4,848.2,20.5,20.7,76.6,261,253,0,0.3,147,1.1,1.1,20.7,17.8,16.2
2026-03-15T18:16:55Z,0,0,0,0,0,1.4,20.2,848.5,20.4,20.5,77.2,261,254,0,0.1,135,0.9,0.9,20.6,17.7,16.1
2026-03-15T18:32:01Z,0,0,0,0,0,1.4,20,848.7,20.1,20.3,78.1,261,254,0,0.7,82,1.5,1.5,20.4,17.6,15.9
2026-03-15T18:47:53Z,0,0,0,0,0,1.4,19.8,848.9,19.9,20.1,79.3,260,254,0,0,92,0,0,20.1,17.5,15.7
2026-03-15T19:03:42Z,0,0,0,0,0,1.4,19.6,849.1,19.7,19.9,80.1,261,254,0,0,102,0,0,19.9,17.4,15.5
2026-03-15T19:18:49Z,0,0,0,0,0,1.4,19.2,849.2,19.4,19.6,81.2,261,252,0,0,97,0.2,0.2,19.7,17.3,15.3
2026-03-15T19:33:56Z,0,0,0,0,0,1.4,18.9,849.5,19.1,19.3,82.4,261,254,0,0,97,0,0,19.3,17.1,15
2026-03-15T19:49:03Z,0,0,0,0,0,1.4,18.6,849.5,18.8,19,84,261,254,0,0,97,0,0,19,17,14.7
2026-03-15T20:04:10Z,0,0,0,0,0,1.4,18.4,849.7,18.6,18.8,85.2,260,253,0,0,97,0,0,18.8,17,14.5
2026-03-15T20:19:16Z,0,0,0,0,0,1.4,18.3,849.8,18.4,18.6,86.4,261,253,0,0,96,0,0,18.7,16.9,14.3
2026-03-15T20:34:40Z,0,0,0,0,0,1.4,18.1,849.6,18.2,18.5,87.2,261,253,0,0,96,0.2,0.2,18.6,16.9,14.3
2026-03-15T20:49:47Z,0,0,0,0,0,1.4,17.9,849.4,18,18.2,88.1,259,252,0,0,97,0,0,18.3,16.8,14
2026-03-15T21:05:43Z,0,0,0,0,0,1.4,17.9,849.2,18.1,18.2,88.5,260,253,0,0,87,0.4,0.4,18.3,16.8,14
2026-03-15T21:20:49Z,0,0,0,0,0,1.4,17.7,849,17.9,18,88.7,260,252,0,0,91,0,0,18.1,16.7,13.9
2026-03-15T21:35:56Z,0,0,0,0,0,1.4,17.5,848.9,17.6,17.8,89.9,261,253,0,0.1,91,0.4,0.4,17.9,16.6,13.6
2026-03-15T21:51:02Z,0,0,0,0,0,1.4,17.1,848.8,17.1,17.4,90,259,253,0,0,91,0,0,17.5,16.2,13.2
2026-03-15T22:06:08Z,0,0,0,0,0,1.4,16.8,848.7,16.9,17.1,91.2,260,253,0,0,91,0,0,17.1,16,12.9
2026-03-15T22:21:15Z,0,0,0,0,0,1.4,16.6,848.5,16.7,16.9,91.9,259,252,0,0,91,0,0,17,15.9,12.7
2026-03-15T22:36:21Z,0,0,0,0,0,1.4,16.4,848.3,16.4,16.7,92.2,259,254,0,0,91,0,0,16.8,15.8,12.6
2026-03-15T22:51:45Z,0,0,0,0,0,1.4,16.2,848.2,16.2,16.5,92.5,261,252,0,0,91,0,0,16.6,15.7,12.4
2026-03-15T23:06:51Z,0,0,0,0,0,1.4,16.1,848.2,16.3,16.4,92.9,260,253,0,0,91,0,0,16.5,15.6,12.3
2026-03-15T23:21:58Z,0,0,0,0,0,1.4,16,848.1,16.2,16.3,93.2,261,254,0,0,91,0,0,16.4,15.5,12.2
2026-03-15T23:37:05Z,0,0,0,0,0,1.4,15.7,848.2,16.1,16.1,93.3,261,254,0,0,91,0,0,16.2,15.3,12
2026-03-15T23:52:11Z,0,0,0,0,0,1.4,15.8,848.1,16.1,16.2,93.7,260,253,0,0,91,0,0,16.3,15.4,12
2026-03-16T00:00:14Z,0,0,0,0,0,1.4,15.7,848.1,16.1,16.1,93.7,261,254,0,0,91,0,0,16.1,15.3,11.9
2026-03-16T00:15:21Z,0,0,0,0,0,1.4,15.6,848.1,15.9,16,93.9,261,253,0,0,91,0,0,16.1,15.3,11.9
2026-03-16T00:30:46Z,0,0,0,0,0,1.4,15.5,848.1,15.8,15.9,94,261,253,0,0,91,0,0,16,15.2,11.8
2026-03-16T00:45:53Z,0,0,0,0,0,1.4,15.5,848,15.8,15.9,94.2,260,254,0,0,91,0,0,15.9,15.2,11.7
2026-03-16T01:00:59Z,0,0,0,0,0,1.4,15.3,847.9,15.6,15.7,94.3,260,252,0,0,91,0,0,15.7,15,11.5
2026-03-16T01:16:15Z,0,0,0,0,0,1.4,15.1,848,15.4,15.5,94.4,262,254,0,0,91,0,0,15.5,14.8,11.4
2026-03-16T01:31:39Z,0,0,0,0,0,1.4,15,848.1,15.2,15.4,94.5,260,253,0,0,91,0,0,15.5,14.8,11.3
2026-03-16T01:46:46Z,0,0,0,0,0,1.4,15,848.2,15.2,15.4,94.6,260,253,0,0,91,0,0,15.4,14.7,11.2
2026-03-16T02:01:52Z,0,0,0,0,0,1.4,14.8,848.3,15.1,15.2,94.7,258,253,0,0,91,0,0,15.2,14.6,11
2026-03-16T02:16:59Z,0,0,0,0,0,1.4,14.7,848.3,15,15.1,94.8,260,253,0,0,91,0,0,15.1,14.5,10.9
2026-03-16T02:32:06Z,0,0,0,0,0,1.4,14.6,848.4,14.9,15,94.8,260,253,0,0,91,0,0,15,14.4,10.8
2026-03-16T02:47:12Z,0,0,0,0,0,1.4,14.6,848.5,14.8,15,94.9,261,254,0,0,91,0,0,15,14.4,10.8
2026-03-16T03:02:19Z,0,0,0,0,0,1.4,14.5,848.6,14.8,14.9,95,260,255,0,0,91,0,0,15,14.4,10.8
2026-03-16T03:17:44Z,0,0,0,0,0,1.4,14.5,848.8,14.8,14.8,95.1,260,253,0,0,91,0,0,14.8,14.2,10.6
2026-03-16T03:32:51Z,0,0,0,0,0,1.4,14.5,849,14.7,14.8,95.1,263,271,0,0,91,0,0,14.8,14.3,10.6
2026-03-16T03:47:57Z,0,0,0,0.1,0,1.4,14.3,849.2,14.4,14.6,95.1,269,344,0,0,91,0,0,14.6,14,10.4
2026-03-16T04:03:04Z,0,0,0,0.2,0,1.4,14.2,849.3,14.5,14.6,95.1,284,444,0,0,91,0,0,14.6,14,10.4
2026-03-16T04:18:11Z,0,0,0,0.2,0,1.4,14.5,849.5,14.8,14.8,95.1,300,624,0,0,91,0,0,14.9,14.3,10.7
2026-03-16T04:33:18Z,0,0,0,0.4,0,1.4,15,849.6,15.3,15.3,95.1,334,1008,0,0,91,0,0,15.3,14.7,11.2
2026-03-16T04:48:25Z,0,0,0,0.3,0,1.4,15.2,849.9,15.5,15.4,94.1,305,590,0,0,90,0.2,0.2,15.5,14.7,11.3
2026-03-16T05:03:49Z,0,0,0,0.7,0,1.4,16.5,850,16.4,16.3,93.8,388,1545,0,0,90,0,0,16.3,15.5,12.1
2026-03-16T05:18:56Z,0,0,0,1.3,0,1.4,19,850.2,18.8,18.1,92.1,497,2964,0,0.4,90,0.7,0.7,18.2,17.1,13.9
2026-03-16T05:34:02Z,0,0,0,0.9,0,1.4,20.1,850.3,20.2,20,83.9,429,2031,0,1.2,79,1.7,1.7,20.1,18,15.6
2026-03-16T05:49:58Z,0,0,0,0.8,0,1.4,19.8,850.5,19.8,20.2,80.8,396,1664,0,1.4,82,2.1,2.1,20.3,17.8,15.8
2026-03-16T06:05:05Z,0,0,0,2,0,2.8,20,850.6,20,20.2,82.2,636,4590,0,1,65,2.2,2.2,20.3,18,15.8
2026-03-16T06:20:11Z,0,0,0,2.5,0,2.8,21,850.6,20.9,21.1,78.2,723,5452,0,1.4,101,4.6,4.6,21.2,18.3,16.6
2026-03-16T06:35:17Z,0,0,0,1,0,2.8,21.1,850.7,21,21.4,76.6,450,2141,0,0.9,93,2.2,2.2,21.5,18.5,16.9
2026-03-16T06:50:24Z,0,0,0,3,0,2.8,22.2,850.6,22.4,22.4,71.7,824,6378,0,1,87,2.6,2.6,22.5,18.8,17.7
2026-03-16T07:05:48Z,0,0,0,3.1,0,2.8,23.7,850.4,23.6,23.9,66.7,834,6523,0,0.7,111,2.7,2.7,24,19.5,19
2026-03-16T07:20:54Z,0,0,0,3.7,0,2.8,23.3,850.4,23.4,23.8,65.5,945,7689,0,1.4,79,3.5,3.5,23.9,19.2,18.9
2026-03-16T07:36:01Z,0,0,0,3.8,0,2.8,23.6,850.3,23.6,24.2,62.7,973,7961,0,0.8,116,3.7,3.7,24.3,19.2,19.2
2026-03-16T07:51:08Z,0,0,0,4.4,0,2.8,23.8,850.2,23.9,24.4,62.1,1078,9160,0,0.7,91,2.8,2.8,24.4,19.2,19.3
2026-03-16T08:06:14Z,0,0.2,0,3.5,0,2.8,23.2,850,23.2,23.8,63.2,902,7078,0,0.9,40,1.7,1.7,23.9,18.9,18.9
2026-03-16T08:21:55Z,0,0,0,4.5,0,2.8,24.2,849.8,24.2,24.4,60.4,1095,9324,0,1.3,56,2.8,2.8,24.5,19,19.3
2026-03-16T08:37:01Z,0,0,0,4.8,0,2.8,24.3,849.7,24.2,24.9,58.3,1148,9866,0,1.7,72,3.3,3.3,25,19.2,19.7
2026-03-16T08:52:08Z,0,0,0,4.6,0,2.8,25.3,849.4,25.1,25.7,54.9,1115,9545,0,1.7,65,3.7,3.7,25.8,19.4,20.4
2026-03-16T09:07:14Z,0,0,0,4.4,0,2.8,25.3,849.3,25.4,25.6,56.6,1078,8982,0,1.2,60,1.7,1.7,25.7,19.6,20.3
2026-03-16T09:22:21Z,0,0,0,4.4,0,2.8,25.2,849,25.4,25.8,56.1,1079,8977,0,0.7,45,1.2,1.2,25.9,19.6,20.4
2026-03-16T09:37:27Z,0,0,0,4.3,0,2.8,25,848.7,25,25.8,53.6,1067,8848,0,1.8,70,3.1,3.1,25.8,19.3,20.4
2026-03-16T09:52:54Z,0,0,0,4.4,0,2.8,25.9,848.4,25.9,26.4,51.9,1071,8875,0,1.4,75,2.8,2.8,26.4,19.5,20.8
2026-03-16T10:08:01Z,0,0,0,4.3,0,2.8,25.4,848.1,25.4,26.1,54.1,1056,8740,0,0.2,72,1.5,1.5,26.2,19.6,20.7
2026-03-16T10:23:07Z,0,0,0,4.2,0,2.8,26.4,847.8,26.3,26.9,50,1036,8525,0,1.3,77,2.8,2.8,27.4,19.7,21.5
2026-03-16T10:38:13Z,0,0,0,4.1,0,2.8,26.4,847.5,26.6,27.1,51.7,1030,8453,0,0.4,155,1.5,1.5,27.6,20.1,21.7
2026-03-16T10:53:20Z,0,0,0,4.1,0,2.8,26.4,847.3,26.5,27.3,48.7,1013,8279,0,1.3,73,2.6,2.6,27.6,19.8,21.7
2026-03-16T11:08:27Z,0,0,0,3.9,0,2.8,27,847,27.4,27.8,47.3,990,8009,0,0.5,184,1.3,1.3,28,20,22
2026-03-16T11:23:33Z,0,0,0,3.7,0,2.8,27.6,846.7,27.7,28.5,44,945,7535,0,2.2,73,3.9,3.9,28.5,20,22.4
2026-03-16T11:38:57Z,0,0,0,3.6,0,2.8,27.6,846.4,27.7,28.5,45.6,923,7269,0,1.4,70,2.6,2.6,28.7,20.3,22.5
2026-03-16T11:54:04Z,0,0,0,3.4,0,2.8,27.4,846.1,27.5,28.4,47.8,886,6873,0,1.3,68,2.4,2.4,28.7,20.5,22.5
2026-03-16T12:09:11Z,0,0,0,3.1,0,2.8,27.3,845.9,27.4,28.1,49.3,840,6379,0,0.9,98,3.3,3.3,28.5,20.5,22.4
2026-03-16T12:24:17Z,0,0,0,2.9,0,2.8,27.5,846,27.7,28.4,46.7,799,5941,0,1,113,2,2,28.6,20.4,22.4
2026-03-16T12:39:23Z,0,0,0,2.6,0,2.8,27.6,845.9,27.9,28.7,44.9,747,5420,0,0.7,134,2.8,2.8,28.8,20.3,22.6
2026-03-16T12:54:30Z,0,0,0,2.3,0,2.8,27.6,845.7,27.9,28.7,46.3,696,4901,0,0.4,93,1.1,1.1,28.9,20.6,22.7
2026-03-16T13:09:36Z,0,0,0,2.1,0,2.8,27,845.6,27,28.1,45.8,654,4420,0,1.7,74,2.8,2.8,28.2,19.9,22.1
2026-03-16T13:25:01Z,0,0,0,1.8,0,2.8,26.9,845.6,27.2,28,47.3,596,3842,0,0.4,100,1.7,1.7,28.2,20.1,22.2
2026-03-16T13:40:08Z,0,0,0,1.6,0,2.8,27.1,845.7,27.5,28.3,46,548,3336,0,0.4,88,1.3,1.3,28.5,20.2,22.3
2026-03-16T13:55:14Z,0,0,0,1.3,0,2.8,26.1,845.8,26.5,27.2,48.5,496,2809,0,0.7,80,1.5,1.5,27.5,19.6,21.6
2026-03-16T14:10:20Z,0,0,0,1,0,2.8,25.9,845.9,26.2,26.9,47.8,450,2303,0,0.3,34,1.3,1.3,27.2,19.3,21.4
2026-03-16T14:25:26Z,0,0,0,0.3,0,2.8,25.4,846,25.6,26.1,48.3,319,690,0,0.8,111,2,2,26,18.7,20.6
2026-03-16T14:40:33Z,0,0,0,0.3,0,2.8,24.9,846.1,25,25.3,51.4,310,611,0,1.1,77,2.2,2.2,25.3,18.5,20
2026-03-16T14:55:40Z,0,0,0,0.2,0,2.8,24.3,846.3,24.3,24.6,53.4,300,557,0,1.2,85,2.4,2.4,24.6,18.2,19.5
2026-03-16T15:11:05Z,0,0,0,0.2,0,2.8,23.8,846.7,23.9,24.1,56.4,288,456,0,0.3,119,1.1,1.1,24.1,18.2,19.1
2026-03-16T15:26:12Z,0,0,0,0.1,0,2.8,23.3,846.9,23.4,23.6,58.4,276,363,0,0.8,78,1.7,1.7,23.6,18,18.6
2026-03-16T15:41:18Z,0,0,0,0,0,2.8,22.8,847,22.9,23.1,61.2,264,283,0,0.6,73,1.1,1.1,23.1,18,18.2
2026-03-16T15:56:24Z,0,0,0,0,0,2.8,22.4,847,22.6,22.8,62.9,260,255,0,0.2,69,1.1,1.1,22.8,17.9,17.9
2026-03-16T16:11:30Z,0,0,0,0,0,2.8,22.2,847.1,22.4,22.5,65.1,261,254,0,0.3,94,0.7,0.7,22.5,17.9,17.7
2026-03-16T16:26:36Z,0,0,0,0,0,2.8,22.1,847.4,22.2,22.4,66.2,262,255,0,0,78,0.2,0.2,22.4,18,17.6
2026-03-16T16:41:43Z,0,0,0,0,0,2.8,21.8,847.4,22,22.1,67.4,261,254,0,0.1,62,0.6,0.6,22.1,17.9,17.4
2026-03-16T16:57:09Z,0,0,0,0,0,2.8,21.6,847.6,21.8,21.9,69.1,261,254,0,0.1,87,0.4,0.4,21.9,18,17.3
2026-03-16T17:12:15Z,0,0,0,0,0,2.8,21.3,847.7,21.5,21.7,71,262,253,0,0,159,0.2,0.2,21.7,18,17.1
2026-03-16T17:27:21Z,0,0,0,0,0,2.8,21.2,847.9,21.3,21.5,72.5,259,253,0,0.1,158,0.4,0.4,21.5,18,16.9
2026-03-16T17:42:27Z,0,0,0,0,0,2.8,21.1,848,21.2,21.4,73.2,260,253,0,0.3,64,1.1,1.1,21.5,18,16.8
2026-03-16T17:57:34Z,0,0,0,0,0,2.8,20.8,848.1,21,21.2,74.3,261,252,0,0.3,109,1,1,21.2,17.9,16.7
2026-03-16T18:12:40Z,0,0,0,0,0,2.8,20.5,848.2,20.7,20.9,75.2,260,255,0,0.7,72,1.5,1.5,20.9,17.8,16.4
2026-03-16T18:27:47Z,0,0,0,0,0,2.8,20.3,848.4,20.4,20.7,75.7,259,253,0,1,73,2,2,20.7,17.6,16.2
2026-03-16T18:43:13Z,0,0,0,0,0,2.8,20.1,848.6,20.2,20.4,76.4,262,252,0,0.3,102,0.9,0.9,20.5,17.5,16
2026-03-16T18:58:20Z,0,0,0,0,0,2.8,19.9,848.8,20.1,20.2,77.4,258,253,0,0,133,0,0,20.3,17.4,15.8
2026-03-16T19:13:26Z,0,0,0,0,0,2.8,19.7,848.8,19.9,20,78,260,253,0,0,78,0,0,20.1,17.3,15.6
2026-03-16T19:28:33Z,0,0,0,0,0,2.8,19.6,848.8,19.8,20,78.3,261,254,0,0,107,0.2,0.2,20,17.3,15.6
2026-03-16T19:43:39Z,0,0,0,0,0,2.8,19.9,848.9,20.1,20.2,76.8,262,253,0,0,67,0.2,0.2,20.2,17.3,15.8
2026-03-16T19:58:46Z,0,0,0,0,0,2.8,19.9,849.1,20.1,20.3,76.6,260,253,0,0.5,69,0.9,0.9,20.3,17.3,15.8
2026-03-16T20:13:53Z,0,0,0,0,0,2.8,20,849,20.1,20.3,76.3,260,254,0,0,148,0,0,20.4,17.4,15.9
2026-03-16T20:29:18Z,0,0,0,0,0,2.8,19.9,849,20,20.2,76.8,260,254,0,0,148,0,0,20.3,17.4,15.8
2026-03-16T20:44:24Z,0,0,0,0,0,2.8,19.7,849.1,19.8,20,77.4,259,254,0,0,148,0,0,20.1,17.2,15.6
2026-03-16T20:59:30Z,0,0,0,0,0,2.8,19.6,849.1,19.8,19.9,78.3,261,252,0,0,148,0,0,20,17.2,15.5
2026-03-16T21:14:37Z,0,0,0,0,0,2.8,19.5,849,19.6,19.8,79.4,260,253,0,0,148,0,0,19.8,17.2,15.4
2026-03-16T21:29:43Z,0,0,0,0,0,2.8,19.4,848.8,19.6,19.8,80.3,261,253,0,0,148,0,0,19.8,17.3,15.4
2026-03-16T21:44:50Z,0,0,0,0,0,2.8,19.4,848.5,19.6,19.7,80.1,260,253,0,0,148,0,0,19.8,17.3,15.4
2026-03-16T21:59:57Z,0,0,0,0,0,2.8,19.2,848.2,19.4,19.6,81.4,262,254,0,0,148,0,0,19.6,17.3,15.2
2026-03-16T22:15:22Z,0,0,0,0,0,2.8,18.9,848,19.1,19.2,83,261,252,0,0,148,0,0,19.3,17.1,14.9
2026-03-16T22:30:29Z,0,0,0,0,0,2.8,18.5,847.9,18.7,19,84.8,261,254,0,0,148,0,0,19,17.1,14.7
2026-03-16T22:45:36Z,0,0,0,0,0,2.8,18.4,847.6,18.6,18.8,85.6,261,253,0,0,148,0,0,18.9,17.1,14.6
2026-03-16T23:00:43Z,0,0,0,0,0,2.8,18.1,847.5,18.2,18.5,86,261,253,0,0,148,0,0,18.5,16.8,14.2
2026-03-16T23:15:49Z,0,0,0,0,0,2.8,17.9,847.3,17.9,18.2,87.4,259,253,0,0,148,0,0,18.2,16.6,13.9
2026-03-16T23:30:56Z,0,0,0,0,0,2.8,17.7,847.4,17.8,18.1,88.4,261,254,0,0,148,0,0,18.2,16.7,13.9
2026-03-16T23:46:03Z,0,0,0,0,0,2.8,17.6,847.2,17.8,18,88.3,260,254,0,0,148,0,0,18.1,16.6,13.8
2026-03-17T00:00:28Z,0,0,0,0,0,2.8,17.4,847.1,17.5,17.7,88.8,260,253,0,0,148,0,0,17.8,16.4,13.5
2026-03-17T00:15:52Z,0,0,0,0,0,2.8,17.1,847.1,17.2,17.5,89.6,260,253,0,0,148,0,0,17.6,16.3,13.3
2026-03-17T00:30:59Z,0,0,0,0,0,2.8,17.1,847.1,17.2,17.5,90.3,260,253,0,0,148,0,0,17.6,16.3,13.3
2026-03-17T00:46:06Z,0,0,0,0,0,2.8,17,847.1,17.1,17.4,90.3,261,253,0,0,148,0,0,17.4,16.2,13.2
2026-03-17T01:01:13Z,0,0,0,0,0,2.8,16.9,847.1,17.1,17.3,90.7,261,253,0,0,148,0,0,17.4,16.2,13.2
2026-03-17T01:16:20Z,0,0,0,0,0,2.8,16.9,847.2,17,17.3,91,259,252,0,0,148,0,0,17.4,16.2,13.2
2026-03-17T01:31:27Z,0,0,0,0,0,2.8,16.9,847.2,17,17.3,91.4,260,254,0,0,148,0,0,17.4,16.3,13.2
2026-03-17T01:46:33Z,0,0,0,0,0,2.8,16.9,847.3,17,17.3,91.1,260,254,0,0,148,0,0,17.4,16.2,13.1
2026-03-17T02:02:03Z,0,0,0,0,0,2.8,16.8,847.4,16.9,17.1,91.9,259,254,0,0,148,0,0,17.2,16.2,13
2026-03-17T02:17:09Z,0,0,0,0,0,2.8,16.7,847.3,16.8,17.1,92.5,259,253,0,0,148,0,0,17.2,16.2,12.9
2026-03-17T02:33:05Z,0,0,0,0,0,2.8,16.6,847.3,16.6,16.9,92.6,260,253,0,0,148,0,0,17,16.1,12.8
2026-03-17T02:48:11Z,0,0,0,0,0,2.8,16.6,847.3,16.7,17,93.1,259,254,0,0,148,0,0,17.1,16.1,12.8
2026-03-17T03:03:18Z,0,0,0,0,0,2.8,16.3,847.2,16.4,16.6,93,260,254,0,0,148,0,0,16.7,15.8,12.5
2026-03-17T03:18:25Z,0,0,0,0,0,2.8,16.2,847.3,16.3,16.6,93.3,260,254,0,0,148,0,0,16.7,15.8,12.5
2026-03-17T03:33:32Z,0,0,0,0,0,2.8,16,847.4,16.3,16.4,93.5,261,275,0,0,131,0,0,16.5,15.6,12.3
2026-03-17T03:48:39Z,0,0,0,0.1,0,2.8,16,847.5,16.2,16.3,93.7,270,351,0,0,131,0,0,16.4,15.5,12.1
2026-03-17T04:04:01Z,0,0,0,0.2,0,2.8,16.3,847.8,16.4,16.6,94,286,475,0,0,131,0,0,16.7,15.9,12.5
2026-03-17T04:19:07Z,0,0,0,0.2,0,2.8,16.7,848,16.8,16.9,94.1,302,602,0,0.1,131,0.4,0.4,17,16.2,12.8
2026-03-17T04:34:14Z,0,0,0,0.3,0,2.8,17,848.3,17,17.2,93.5,320,869,0,0,131,0,0,17.3,16.4,13
2026-03-17T04:49:21Z,0,0,0,0.4,0,2.8,17.3,848.4,17.4,17.5,92.7,331,1000,0,0.2,169,0.4,0.4,17.6,16.6,13.4
2026-03-17T05:04:27Z,0,0,0,0.6,0,2.8,18.2,848.5,18.3,18.3,90.6,377,1491,0,0,169,0,0,18.4,17.2,14.1
2026-03-17T05:19:34Z,0,0,0,1.2,0,2.8,18.8,848.6,18.8,19,86.2,479,2756,0,0.5,169,0.7,0.7,19.1,17.3,14.7
2026-03-17T05:34:59Z,0,0,0,1.4,0,2.8,20.2,848.6,20.1,20,82.3,520,3108,0,0.2,135,0.8,0.8,20.1,17.8,15.6
2026-03-17T05:50:06Z,0,0,0,1.7,0,2.8,23.3,848.7,22.9,22.5,74.8,569,3662,0,0.1,117,0.4,0.4,22.7,19.3,17.9
2026-03-17T06:05:13Z,0,0,0,0.7,0,2.2,22.4,848.9,22.1,22.7,72.3,392,1627,0,0.7,89,1.4,1.4,22.8,19.1,18
2026-03-17T06:20:19Z,0,0,0,2.5,0,2.2,22.6,848.9,22.8,22.9,73.6,731,5602,0,0,62,0,0,23,19.4,18.1
2026-03-17T06:35:26Z,0,0,0,0.8,0,2.2,23.5,848.9,23.1,23.5,69.7,405,1744,0,0.6,77,1.7,1.7,23.6,19.5,18.6
2026-03-17T06:50:33Z,0,0,0,1,0,2.2,23.2,849,23,23.1,70.2,437,1980,0,0.7,86,1.5,1.5,23.2,19.2,18.3
2026-03-17T07:05:39Z,0,0,0,3.4,0,2.2,24.7,848.8,24.6,24.7,66.9,893,7104,0,0.2,71,0.8,0.8,24.8,20.2,19.6
2026-03-17T07:21:03Z,0,0,0,3.9,0,2.2,26.9,848.8,26.7,27,56.2,986,8035,0,1.4,77,2.4,2.4,27.8,20.7,21.9
2026-03-17T07:36:09Z,0,0,0,2.3,0,2.2,26.5,848.6,26.6,27.1,56.7,684,4551,0,0.3,94,0.9,0.9,28,20.9,22
2026-03-17T07:51:15Z,0,0,0,3.6,0,2.2,25.4,848.6,24.9,25.1,61.6,932,7567,0,0,26,0,0,25.2,19.8,19.9
2026-03-17T08:06:21Z,0,0,0,4.1,0,2.2,24.3,848.3,24.4,24.9,60.5,1024,8429,0,1,95,2.4,2.4,24.9,19.4,19.7
2026-03-17T08:21:27Z,0,0,0,2.5,0,2.2,25.8,848.1,25.6,26.5,55.5,732,4992,0,1.6,102,2.6,2.6,26.6,20.2,21
2026-03-17T08:36:34Z,0,0,0,4.2,0,2.2,26.4,847.9,26.5,27,58,1031,8582,0,0.5,65,1.3,1.3,27.9,20.9,21.9
2026-03-17T08:51:40Z,0,0,0,1.1,0,2.2,26.7,847.6,26.6,27.2,53.5,458,2057,0,0.5,70,1.5,1.5,27.8,20.4,21.9
2026-03-17T09:07:07Z,0,0,0,4.7,0,2.2,25.9,847.4,25.6,26.6,53,1124,9426,0,1,73,2.2,2.2,27.2,19.9,21.5
2026-03-17T09:22:14Z,0,0,0,4.7,0,2.2,26.3,847.1,26.4,27,53,1141,9627,0,0.5,85,0.9,0.9,27.6,20.2,21.7
2026-03-17T09:37:20Z,0,0,0,4.7,0,2.2,26.6,846.8,26.6,27.2,51.6,1130,9490,0,0.8,55,2.2,2.2,27.7,20.2,21.8
2026-03-17T09:52:26Z,0,0,0,4.7,0,2.2,26.3,846.5,26.4,27.1,53.5,1140,9670,0,1.6,85,2.6,2.6,27.7,20.3,21.8
2026-03-17T10:07:32Z,0,0,0,4.7,0,2.2,26.5,846.2,26.6,27.2,53,1126,9406,0,1,74,2,2,27.8,20.4,21.9
2026-03-17T10:22:39Z,0,0,0,4.4,0,2.2,27.1,845.8,27.2,27.8,48.8,1074,8795,0,0.8,90,2.6,2.6,28.2,20.2,22.1
2026-03-17T10:37:45Z,0,0,0,4.2,0,2.2,27.2,845.5,27.6,28.2,48.8,1046,8537,0,0.8,119,2.2,2.2,28.5,20.5,22.4
2026-03-17T10:53:10Z,0,0,0,4.4,0,2.2,27,845.3,27.2,27.9,49.3,1079,9036,0,1.1,121,3.5,3.5,28.3,20.4,22.2
2026-03-17T11:08:16Z,0,0,0,4.5,0,2.2,27.3,845.2,27.2,28.1,48.4,1091,9160,0,0,81,0.2,0.2,28.5,20.4,22.4
2026-03-17T11:23:23Z,0,0,0,1.2,0,2.2,26.8,845.1,27.2,27.6,51,473,2333,0,1.2,160,3.1,3.1,28.1,20.4,22.1
2026-03-17T11:38:29Z,0,0,0,3.9,0,2.2,26.4,844.8,26.6,27.2,52.7,985,8035,0,0.4,73,1.1,1.1,27.8,20.4,21.9
2026-03-17T11:53:35Z,0,0,0,3.5,0,2.2,27.4,844.6,27.7,28.4,51.2,917,7204,0,0.6,82,1.7,1.7,29,21.1,22.7
2026-03-17T12:08:41Z,0,0,0,3.3,0,2.2,27.8,844.6,28,28.9,48.2,872,6721,0,2.4,78,4.6,4.6,29.3,21.1,23
2026-03-17T12:23:48Z,0,0,0,0.9,0,2.2,27.1,844.4,27.6,28.1,50.8,434,1801,0,0.5,116,1.5,1.5,28.6,20.8,22.5
2026-03-17T12:39:13Z,0,0,0,2.9,0,2.2,27.3,844.4,27.6,28.2,50.4,793,5945,0,1.1,105,3.3,3.3,28.7,20.8,22.5
2026-03-17T12:54:19Z,0,0,0,2.4,0,2.2,27.5,844.3,27.8,28.7,48.1,710,5014,0,0.6,126,2.8,2.8,29.1,20.8,22.8
2026-03-17T13:09:25Z,0,0,0,2.1,0,2.2,27.6,844.3,27.8,29,46.8,650,4384,0,1.3,77,2.4,2.4,29.2,20.8,22.9
2026-03-17T13:24:31Z,0,0,0,1.8,0,2.2,27.8,844.1,28.3,29.2,46.2,592,3766,0,0.2,87,1,1,29.5,21,23.1
2026-03-17T13:39:37Z,0,0,0,1.6,0,2.2,27.2,844.2,27.6,28.6,45.9,552,3321,0,1.3,88,3.7,3.7,28.7,20.4,22.6
2026-03-17T13:54:44Z,0,0,0,1.3,0,2.2,26.5,844.3,26.9,27.7,49.2,499,2790,0,0,87,0.4,0.4,28.1,20.2,22.1
2026-03-17T14:09:50Z,0,0,0,1,0,2.2,26.5,844.2,26.9,27.8,48.3,445,2230,0,0.2,95,0.9,0.9,28.1,20.2,22.1
2026-03-17T14:25:16Z,0,0,0,0.3,0,2.2,25.7,844.2,25.8,26.5,51.2,318,695,0,0.4,123,1.7,1.7,26.5,19.5,20.9
2026-03-17T14:40:22Z,0,0,0,0.3,0,2.2,24.9,844.3,25,25.3,54.1,309,631,0,2,66,3.9,3.9,25.3,18.9,20
2026-03-17T14:55:28Z,0,0,0,0.2,0,2.2,24.6,844.5,24.7,24.9,57.3,300,553,0,0.5,81,1.3,1.3,24.9,19,19.7
2026-03-17T15:10:31Z,0,0,0,0.2,0,2.2,24.1,844.7,24.2,24.5,59.3,289,478,0,0.8,94,1.7,1.7,24.5,18.9,19.4
2026-03-17T15:25:37Z,0,0,0,0.1,0,2.2,23.6,844.9,23.8,24,61.3,273,337,0,0.3,87,0.9,0.9,24,18.8,19
2026-03-17T15:40:43Z,0,0,0,0,0,2.2,23.2,845,23.3,23.5,62.7,264,275,0,0.8,83,1.4,1.4,23.5,18.5,18.6
2026-03-17T15:55:49Z,0,0,0,0,0,2.2,22.8,845.4,22.9,23.1,64.2,261,253,0,0.7,86,1.5,1.5,23.2,18.4,18.3
2026-03-17T16:11:28Z,0,0,0,0,0,2.2,22.5,845.6,22.7,22.8,66.1,260,253,0,0.3,72,1.1,1.1,22.9,18.4,18
2026-03-17T16:26:34Z,0,0,0,0,0,2.2,22.1,845.9,22.3,22.5,68.3,262,253,0,0.5,93,1.1,1.1,22.5,18.3,17.7
2026-03-17T16:41:41Z,0,0,0,0,0,2.2,21.9,846.1,22,22.2,70.9,260,254,0,0,83,0.2,0.2,22.3,18.5,17.6
2026-03-17T16:56:47Z,0,0,0,0,0,2.2,21.6,846.4,21.8,21.9,72.6,261,253,0,0.2,115,0.7,0.7,22,18.4,17.3
2026-03-17T17:11:53Z,0,0,0,0,0,2.2,21.3,846.5,21.5,21.7,74.1,260,253,0,0.7,71,2,2,21.8,18.4,17.1
2026-03-17T17:26:59Z,0,0,0,0,0,2.2,21.1,846.8,21.2,21.4,76.2,260,253,0,0,102,0.2,0.2,21.5,18.4,16.9
2026-03-17T17:42:24Z,0,0,0,0,0,2.2,20.9,847.3,21,21.2,77.7,260,253,0,0.1,75,0.4,0.4,21.3,18.4,16.7
2026-03-17T17:57:30Z,0,0,0,0,0,2.2,20.9,847.3,21.1,21.2,78.2,260,254,0,1.1,108,2.6,2.6,21.3,18.5,16.7
2026-03-17T18:12:36Z,0,0,0,0,0,2.2,21.1,847.5,21.2,21.4,78.2,260,254,0,1.1,79,1.7,1.7,21.5,18.6,16.9
2026-03-17T18:28:26Z,0,0,0,0,0,2.2,21,847.8,21.2,21.3,78.8,260,253,0,0.2,114,0.4,0.4,21.5,18.7,16.8
2026-03-17T18:43:32Z,0,0,0,0,0,2.2,20.9,847.6,21.1,21.2,79,260,255,0,0.6,96,2,2,21.4,18.6,16.8
2026-03-17T18:58:39Z,0,0,0,0,0,2.2,20.5,847.8,20.7,20.9,80.1,261,253,0,0.2,116,0.9,0.9,21,18.4,16.5
2026-03-17T19:13:45Z,0,0,0,0,0,2.2,20.3,848.1,20.4,20.6,81.2,260,254,0,0,88,0.2,0.2,20.7,18.3,16.2
2026-03-17T19:29:38Z,0,0,0,0,0,2.2,20.4,848.3,20.6,20.8,80.4,260,253,0,0.7,94,1.5,1.5,20.9,18.3,16.3
2026-03-17T19:44:45Z,0,0,0,0,0,2.2,20.5,848.6,20.6,20.8,80.3,261,253,0,0,98,0.4,0.4,20.9,18.3,16.3
2026-03-17T19:59:51Z,0,0,0,0,0,2.2,20.3,848.8,20.5,20.7,80.8,260,254,0,0.3,86,1.5,1.5,20.8,18.3,16.3
2026-03-17T20:14:58Z,0,0,0,0,0,2.2,20.2,848.7,20.3,20.5,81.1,261,253,0,0.1,39,0.5,0.5,20.7,18.2,16.1
2026-03-17T20:30:05Z,0,0,0,0,0,2.2,20,848.7,20.1,20.4,81.7,259,253,0,0,98,0,0,20.5,18.1,16
2026-03-17T20:45:28Z,0,0,0,0,0,2.2,19.6,848.4,19.8,20,83.1,259,252,0,0.2,112,0.7,0.7,20.1,17.9,15.7
2026-03-17T21:00:35Z,0,0,0,0,0,2.2,19.3,848.3,19.4,19.7,84.4,260,254,0,0,112,0.2,0.2,19.8,17.8,15.4
2026-03-17T21:15:41Z,0,0,0,0,0,2.2,19.1,848.3,19.3,19.5,86.2,261,253,0,0,112,0,0,19.6,17.8,15.2
2026-03-17T21:30:48Z,0,0,0,0,0,2.2,18.9,848.2,18.9,19.2,86.7,259,252,0,0,112,0,0,19.3,17.6,14.9
2026-03-17T21:45:54Z,0,0,0,0,0,2.2,18.8,848.1,19,19.2,87.5,261,253,0,0,112,0,0,19.3,17.7,15
2026-03-17T22:01:00Z,0,0,0,0,0,2.2,19,848,19.1,19.4,87.4,260,254,0,0,112,0.2,0.2,19.5,17.8,15.1
2026-03-17T22:16:07Z,0,0,0,0,0,2.2,19,847.8,19.1,19.4,87.2,261,254,0,0.1,112,0.4,0.4,19.5,17.8,15.1
2026-03-17T22:31:33Z,0,0,0,0,0,2.2,19.1,847.6,19.2,19.4,87.2,260,253,0,0,112,0,0,19.5,17.8,15.1
2026-03-17T22:46:48Z,0,0,0,0,0,2.2,19.1,847.4,19.2,19.4,86.9,260,254,0,0.1,112,0.4,0.4,19.6,17.8,15.2
2026-03-17T23:02:12Z,0,0,0,0,0,2.2,19.1,847.3,19.2,19.5,87.1,260,253,0,0,112,0.2,0.2,19.6,17.9,15.2
2026-03-17T23:17:19Z,0,0,0,0,0,2.2,19.1,847,19.2,19.4,87.3,260,254,0,0,62,0,0,19.6,17.9,15.2
2026-03-17T23:32:25Z,0,0,0,0,0,2.2,18.8,846.8,18.9,19.2,87.6,260,254,0,0,30,0,0,19.3,17.7,14.9
2026-03-17T23:47:31Z,0,0,0,0,0,2.2,18.4,846.9,18.4,18.7,88.8,261,253,0,0,30,0,0,18.8,17.4,14.5
2026-03-18T00:00:37Z,0,0,0,0,0,2.2,18.1,847,18.1,18.3,90.7,262,253,0,0.2,30,0.4,0.4,18.5,17.2,14.2
2026-03-18T00:15:44Z,0,0,0,0,0,2.2,17.7,847.1,17.8,18,91.2,259,253,0,0,30,0,0,18.1,16.9,13.8
2026-03-18T00:30:51Z,0,0,0,0,0,2.2,17.6,847,17.7,17.9,91.5,261,253,0,0,30,0,0,18,16.9,13.7
2026-03-18T00:46:15Z,0,0,0,0,0,2.2,17.5,847.3,17.6,17.8,92.2,260,254,0,0,30,0,0,17.9,16.9,13.7
2026-03-18T01:01:22Z,0,0,0,0,0,2.2,17.5,847.4,17.6,17.8,92.1,261,253,0,0,30,0,0,17.9,16.9,13.7
2026-03-18T01:16:28Z,0,0,0,0,0,2.2,17.6,847.4,17.8,17.9,92.3,260,253,0,0,30,0,0,18,17,13.8
2026-03-18T01:31:35Z,0,0,0,0,0,2.2,17.7,847.5,17.9,18.1,92.1,261,253,0,0,30,0,0,18.3,17.2,14
2026-03-18T01:46:41Z,0,0,0,0,0,2.2,17.8,847.6,18.1,18.3,91.6,260,253,0,0,30,0,0,18.4,17.2,14.1
2026-03-18T02:01:48Z,0,0,0,0,0,2.2,17.9,847.5,18.1,18.3,91.5,262,252,0,0,30,0,0,18.4,17.3,14.1
2026-03-18T02:16:54Z,0,0,0,0,0,2.2,17.7,847.5,17.8,18,91.6,259,254,0,0,30,0,0,18.1,17,13.9
2026-03-18T02:32:19Z,0,0,0,0,0,2.2,17.5,847.5,17.6,17.9,92.3,261,254,0,0,30,0,0,18,16.9,13.7
2026-03-18T02:47:25Z,0,0,0,0,0,2.2,17.3,847.6,17.4,17.6,92.8,260,253,0,0,30,0,0,17.7,16.8,13.5
2026-03-18T03:02:32Z,0,0,0,0,0,2.2,17,847.7,17.1,17.3,92.9,259,254,0,0,30,0,0,17.4,16.5,13.2
2026-03-18T03:17:38Z,0,0,0,0,0,2.2,16.8,847.7,16.9,17.2,93.2,259,255,0,0,30,0,0,17.3,16.4,13.1
2026-03-18T03:32:44Z,0,0,0,0,0,2.2,16.8,847.9,16.9,17.1,93.7,262,268,0,0,30,0,0,17.2,16.4,13
2026-03-18T03:47:50Z,0,0,0,0.1,0,2.2,16.7,848,16.8,17.1,94,273,375,0,0,30,0,0,17.2,16.4,12.9
2026-03-18T04:02:57Z,0,0,0,0.2,0,2.2,16.8,848.3,16.9,17.1,94.2,288,523,0,0.2,30,0.4,0.4,17.3,16.4,13
2026-03-18T04:18:21Z,0,0,0,0.3,0,2.2,17.1,848.5,17.2,17.4,94.3,307,747,0,0.1,30,0.7,0.7,17.5,16.7,13.3
2026-03-18T04:33:27Z,0,0,0,0.3,0,2.2,17.6,848.6,17.6,17.8,94.1,321,849,0,0,50,0,0,18,17.1,13.7
2026-03-18T04:48:33Z,0,0,0,0.4,0,2.2,17.9,848.8,18.1,18.2,92.5,339,1071,0,0,44,0,0,18.4,17.3,14.1
2026-03-18T05:03:40Z,0,0,0,0.7,0,2.2,18.7,849,18.9,19.1,89.4,383,1584,0,0,43,0.2,0.2,19.2,17.8,14.9
2026-03-18T05:18:47Z,0,0,0,0.9,0,2.2,20.2,848.9,20.1,20.1,83.9,425,2028,0,0.4,119,0.9,0.9,20.2,18.1,15.8
2026-03-18T05:33:53Z,0,0,0,0.9,0,2.2,20.8,848.9,20.5,20.5,82.1,426,1972,0,0,119,0.2,0.2,20.6,18.2,16.1
2026-03-18T05:49:00Z,0,0,0,1.2,0,2.2,21.1,848.8,21.4,21.4,79.6,477,2562,0,0.1,119,0.7,0.7,21.5,18.8,16.9
2026-03-18T06:04:25Z,0,0,0,0.9,0,0.6,21.2,849,21.6,21.6,78.5,419,1905,0,0.2,119,1.1,1.1,21.8,18.9,17.1
2026-03-18T06:19:32Z,0,0,0,1.1,0,0.6,21.6,848.9,21.9,21.7,76.4,466,2376,0,0.1,119,0.4,0.4,21.9,18.7,17.2
2026-03-18T06:34:38Z,0,0,0,1.1,0,0.6,22.5,849,22.8,22.6,74.5,470,2410,0,0,119,0,0,22.7,19.3,17.9
2026-03-18T06:49:45Z,0,0,0,1,0,0.6,22.3,849.1,22.7,22.8,72,440,2056,0,0.1,119,0.2,0.2,22.9,19.2,18.1
2026-03-18T07:04:52Z,0,0,0,1,0,0.6,23,849,23.5,22.8,72.2,449,2098,0,0.3,119,0.7,0.7,22.9,19.1,18
2026-03-18T07:19:58Z,0,0,0,3.8,0,0.6,24.5,848.8,24.4,24.1,68,973,8070,0,0.4,119,0.9,0.9,24.2,19.8,19.2
2026-03-18T07:35:05Z,0,0,0,1.8,0,0.6,26.2,848.8,26.5,26.6,60.5,589,3632,0,0.1,56,0.4,0.4,27.7,21.1,21.8
2026-03-18T07:50:29Z,0,0,0,3.6,0,0.6,25.7,848.7,25.3,26.1,61.3,931,7515,0,0.4,336,1.1,1.1,26.3,20.7,20.8
2026-03-18T08:05:36Z,0,0,0,4.8,0,0.6,25.1,848.7,25,25.7,60.1,1151,10002,0,1.8,81,3.7,3.7,25.8,20.1,20.4
2026-03-18T08:20:42Z,0,0,0,1.6,0,0.6,26.6,848.6,26.4,27.1,55.1,556,3246,0,1,63,1.7,1.7,27.9,20.6,21.9
2026-03-18T08:35:49Z,0,0,0,1.4,0,0.6,24.9,848.3,25.2,25.4,59.9,524,2950,0,0.1,113,0.9,0.9,25.5,19.9,20.2
2026-03-18T08:50:55Z,0,0,0,2.3,0,0.6,25.5,848,25.4,26.1,57.5,680,4466,0,1.6,73,2.2,2.2,26.2,20.1,20.7
2026-03-18T09:06:01Z,0,0,0,3,0,0.6,25.1,847.8,25.2,25.6,59.6,816,6102,0,0.8,136,2,2,25.7,20,20.3
2026-03-18T09:21:08Z,0,0,0,4.7,0,0.6,26.2,847.6,26.8,26.7,56.3,1133,9612,0,0.9,47,2.2,2.2,27.5,20.5,21.7
2026-03-18T09:36:45Z,0,0,0,1.8,0,0.6,26.6,847.4,26.9,27.2,55.8,600,3545,0,0.2,146,0.7,0.7,28.1,20.9,22.1
2026-03-18T09:51:51Z,0,0,0,1.4,0,0.6,27.1,847.2,27.5,27.8,52.8,514,2695,0,0.4,198,2.2,2.2,28.4,20.8,22.3
2026-03-18T10:06:58Z,0,0,0,4.4,0,0.6,27.1,846.8,27.6,27.7,53.2,1082,8978,0,0.5,174,1.3,1.3,28.4,20.9,22.3
2026-03-18T10:22:38Z,0,0,0,3.1,0,0.6,27.7,846.5,28.1,28.4,52.5,828,5950,0,0.3,114,0.7,0.7,29.1,21.3,22.8
2026-03-18T10:37:44Z,0,0,0,1.3,0,0.6,27.6,846.2,28.1,28.4,49.8,506,2577,0,1,82,2,2,28.9,20.9,22.7
2026-03-18T10:53:42Z,0,0,0,4.2,0,0.6,27.3,846,27.7,28,50.7,1035,8493,0,2,78,3.7,3.7,28.5,20.7,22.4
2026-03-18T11:08:48Z,0,0,0,4.1,0,0.6,27.9,845.7,28.4,28.9,48.2,1016,8168,0,0.9,94,2,2,29.3,21,23
2026-03-18T11:23:54Z,0,0,0,3.8,0,0.6,27.8,845.4,27.9,28.8,48.5,967,7641,0,0.7,66,1.5,1.5,29.2,21,22.9
2026-03-18T11:39:01Z,0,0,0,3.5,0,0.6,27.6,845.1,28.1,28.5,48.7,915,7142,0,0.5,172,1.3,1.3,28.9,20.8,22.6
2026-03-18T11:54:07Z,0,0,0,3.6,0,0.6,27.9,845.1,28.3,28.8,47.4,924,7216,0,0.8,137,2.6,2.6,29.1,20.8,22.8
2026-03-18T12:09:13Z,0,0,0,3.1,0,0.6,27.9,845,28,29,45.7,843,6400,0,1.7,85,2.2,2.2,29.2,20.7,22.9
2026-03-18T12:24:39Z,0,0,0,3,0,0.6,29.5,844.7,29.9,30.5,47.2,822,6152,0,0,77,0.4,0.4,31.3,22.2,24.3
2026-03-18T12:39:45Z,0,0,0,2.9,0,0.6,28.3,844.7,28.6,29.5,45.1,793,5902,0,0.2,140,0.8,0.8,29.7,21,23.2
2026-03-18T12:54:51Z,0,0,0,2.3,0,0.6,28,844.6,28.4,29,45.5,695,4885,0,1.1,159,1.7,1.7,29.2,20.7,22.9
2026-03-18T13:09:58Z,0,0,0,1,0,0.6,27.6,844.5,27.9,28.3,45.2,441,2081,0,0,123,0,0,28.3,20,22.3
2026-03-18T13:25:01Z,0,0,0,1,0,0.6,27.6,844.4,27.8,28.6,48.5,446,2109,0,0.5,118,2.4,2.4,29,20.8,22.7
2026-03-18T13:40:08Z,0,0,0,2,0,0.6,27.3,844.4,27.6,28,51,639,4466,0,0.5,144,1.5,1.5,28.6,20.8,22.4
2026-03-18T13:55:14Z,0,0,0,0.4,0,0.6,25.3,844.5,25.6,26,58.3,341,1052,0,2,84,4.1,4.1,26.1,20.2,20.6
2026-03-18T14:10:44Z,0,0,0,0.5,0,0.6,24.5,844.7,24.8,24.9,64.5,352,1160,0,0.2,141,0.9,0.9,25,20.1,19.8
2026-03-18T14:25:50Z,0,0,0,0.6,0,0.6,24.2,844.9,24.4,24.6,64.3,368,1372,0,0.6,112,2.4,2.4,24.7,19.8,19.5
2026-03-18T14:40:57Z,0,0,0,0.4,0,0.6,24,845.1,24.1,24.4,66.6,336,1028,0,0.7,129,3.7,3.7,24.5,19.9,19.4
2026-03-18T14:56:03Z,0,0,0,0.3,0,0.6,23.6,845.4,23.8,24,67,308,726,0,0.6,126,2,2,24.1,19.6,19.1
2026-03-18T15:11:10Z,0,0,0,0.2,0,0.6,23.3,845.5,23.4,23.7,68.8,288,526,0,0.6,64,2.4,2.4,23.8,19.6,18.8
2026-03-18T15:26:16Z,0,0,0,0.1,0,0.6,23.1,845.7,23.2,23.5,68.8,272,366,0,0.3,101,1.1,1.1,23.6,19.3,18.6
2026-03-18T15:41:39Z,0,0,0,0,0,0.6,22.8,845.8,23,23.1,69.1,262,266,0,0.4,119,1.3,1.3,23.2,19.1,18.3
2026-03-18T15:56:45Z,0,0,0,0,0,0.6,22.5,845.9,22.7,22.8,70.4,261,254,0,0,110,0,0,22.9,19,18.1
2026-03-18T16:11:51Z,0,0,0,0,0,0.6,22.4,846.4,22.6,22.7,70.5,260,253,0,0,115,0.2,0.2,22.8,18.9,18
2026-03-18T16:26:57Z,0,0,0,0,0,0.6,22.3,846.6,22.4,22.6,70.5,260,253,0,0,119,0.2,0.2,22.7,18.8,17.9
2026-03-18T16:42:04Z,0,0,0,0,0,0.6,22.5,846.7,22.7,22.8,68.9,261,254,0,0.5,141,1.5,1.5,22.8,18.7,18
2026-03-18T16:57:10Z,0,0,0,0,0,0.6,22,847.1,22.1,22.4,71.5,260,253,0,0,141,0,0,22.4,18.7,17.7
2026-03-18T17:12:16Z,0,0,0,0,0,0.6,21.7,847.3,21.9,22,72.4,261,253,0,0.5,141,1.1,1.1,22.1,18.5,17.4
2026-03-18T17:27:48Z,0,0,0,0,0,0.6,21.5,847.5,21.7,21.8,70.8,262,253,0,0.6,78,1.3,1.3,21.9,18.1,17.2
2026-03-18T17:42:54Z,0,0,0,0,0,0.6,21.3,847.4,21.5,21.6,72.3,261,254,0,0.2,66,0.4,0.4,21.7,18.1,17
2026-03-18T17:58:00Z,0,0,0,0,0,0.6,21.3,847.9,21.4,21.7,72.8,260,254,0,0.8,74,1.5,1.5,21.7,18.2,17.1
2026-03-18T18:13:06Z,0,0,0,0,0,0.6,21.4,848.2,21.5,21.7,73.8,259,253,0,0,94,0.2,0.2,21.8,18.3,17.1
2026-03-18T18:28:12Z,0,0,0,0,0,0.6,21.3,848.3,21.4,21.6,74.4,261,252,0,0.9,98,1.7,1.7,21.7,18.4,17.1
2026-03-18T18:43:19Z,0,0,0,0,0,0.6,21.1,848.5,21.2,21.5,75.9,259,253,0,0.8,100,2.2,2.2,21.6,18.4,16.9
2026-03-18T18:58:25Z,0,0.4,0,0,0,0.6,21,848.5,21.1,21.3,76.9,261,255,0,0.4,120,0.9,0.9,21.4,18.4,16.8
2026-03-18T19:13:46Z,0,0,0,0,0,0.6,20.9,848.7,21.1,21.2,78.1,259,253,0,0,131,0,0,21.3,18.5,16.7
2026-03-18T19:28:52Z,0,0,0,0,0,0.6,20.6,848.8,20.8,21,79.1,260,254,0,0.2,125,1.1,1.1,21.1,18.4,16.6
2026-03-18T19:43:59Z,0,0,0,0,0,0.6,20.4,848.9,20.5,20.7,80.6,259,254,0,0,125,0.2,0.2,20.8,18.3,16.3
2026-03-18T19:59:05Z,0,0,0,0,0,0.6,20,848.7,20.1,20.4,82,261,254,0,0,125,0,0,20.5,18.2,16
2026-03-18T20:14:11Z,0,0,0,0,0,0.6,19.8,849,19.9,20.1,83.3,261,253,0,0,125,0,0,20.2,18,15.7
2026-03-18T20:29:17Z,0,0,0,0,0,0.6,19.9,849,20,20.1,84.1,261,253,0,0,125,0,0,20.3,18.2,15.8
2026-03-18T20:44:23Z,0,0,0,0,0,0.6,20.1,848.7,20.2,20.5,82.9,261,253,0,0.2,125,0.7,0.7,20.6,18.3,16.1
2026-03-18T20:59:49Z,0,0,0,0,0,0.6,20.1,848.5,20.2,20.5,82.7,262,254,0,0.3,130,1.1,1.1,20.6,18.3,16.1
2026-03-18T21:14:56Z,0,0,0,0,0,0.6,20,848.4,20.1,20.4,83.5,261,253,0,0.1,134,0.4,0.4,20.5,18.3,16
2026-03-18T21:32:58Z,0,0,0,0,0,0.6,19.5,848.6,19.7,19.9,85.2,262,253,0,0.2,130,1.1,1.1,20.1,18.1,15.6
2026-03-18T21:48:23Z,0,0,0,0,0,0.6,19.4,848.7,19.6,19.8,86.2,260,253,0,0.4,130,1.5,1.5,19.9,18.1,15.5
2026-03-18T22:03:29Z,0,0,0,0,0,0.6,19.3,848.3,19.4,19.6,86.7,260,254,0,0.1,130,0.4,0.4,19.8,18,15.4
2026-03-18T22:18:36Z,0,0,0,0,0,0.6,19.1,848.2,19.2,19.5,87.4,260,253,0,0.1,130,0.7,0.7,19.6,17.9,15.2
2026-03-18T22:33:42Z,0,0,0,0,0,0.6,19,848.1,19.2,19.4,88.2,260,254,0,0,130,0,0,19.5,17.9,15.1
2026-03-18T22:48:48Z,0,0,0,0,0,0.6,19,847.9,19.1,19.3,88.6,261,253,0,0,130,0,0,19.4,17.9,15
2026-03-18T23:03:55Z,0,0,0,0,0,0.6,18.9,847.5,19,19.2,89,260,254,0,0,130,0,0,19.4,17.9,15
2026-03-18T23:19:01Z,0,0,0,0,0,0.6,18.6,847.5,18.8,19,89.5,260,254,0,0,130,0,0,19.1,17.7,14.8
2026-03-18T23:34:25Z,0,0,0,0,0,0.6,18.7,847.6,18.8,19,89.9,260,253,0,0.3,130,1.3,1.3,19.2,17.8,14.8
2026-03-18T23:49:32Z,0,0,0,0,0,0.6,18.6,847.6,18.8,19,90.2,260,253,0,0,130,0,0,19.1,17.8,14.8
2026-03-19T00:00:36Z,0,0.2,0,0,0,0.6,18.5,847.6,18.6,18.9,90.3,260,254,0,0,130,0.2,0.2,19,17.7,14.7
2026-03-19T00:15:43Z,0,0,0,0,0,0.6,18.4,847.5,18.5,18.7,91.1,260,252,0,0.4,129,0.7,0.7,18.9,17.7,14.5
2026-03-19T00:30:49Z,0,0,0,0,0,0.6,18.3,847.7,18.4,18.6,91.8,260,253,0,0.4,129,0.9,0.9,18.8,17.6,14.5
2026-03-19T00:45:56Z,0,0,0,0,0,0.6,18.2,847.8,18.3,18.5,91.9,260,253,0,0.2,130,1.1,1.1,18.7,17.6,14.4
2026-03-19T01:01:02Z,0,0,0,0,0,0.6,18.4,847.9,18.5,18.7,90.8,260,254,0,0.3,136,1.5,1.5,18.8,17.6,14.5
2026-03-19T01:16:08Z,0,0,0,0,0,0.6,18.3,847.8,18.4,18.7,88.6,261,253,0,0.3,135,0.9,0.9,18.8,17.3,14.5
2026-03-19T01:31:34Z,0,0,0,0,0,0.6,17.9,847.9,18.1,18.3,87,260,253,0,0,125,0,0,18.4,16.8,14.1
2026-03-19T01:46:40Z,0,0,0,0,0,0.6,17.6,848.2,17.8,18,87.2,260,254,0,0,125,0,0,18.1,16.5,13.8
2026-03-19T02:01:47Z,0,0,0,0,0,0.6,17.4,848.2,17.6,17.8,88.5,260,254,0,0.1,76,0.4,0.4,17.9,16.4,13.6
2026-03-19T02:16:53Z,0,0,0,0,0,0.6,17.3,848.1,17.4,17.6,89.8,261,254,0,0,88,0,0,17.7,16.4,13.5
2026-03-19T02:31:59Z,0,0,0,0,0,0.6,17.2,848.3,17.2,17.5,90.2,260,253,0,0,17,0.2,0.2,17.6,16.3,13.3
2026-03-19T02:47:06Z,0,0,0,0,0,0.6,17,848.4,17.1,17.3,90.8,260,253,0,0.1,17,0.2,0.2,17.4,16.2,13.2
2026-03-19T03:02:12Z,0,0,0,0,0,0.6,16.7,848.7,16.8,17,91.2,260,254,0,0,17,0,0,17.1,16,12.9
2026-03-19T03:17:36Z,0,0,0,0,0,0.6,16.5,848.9,16.6,16.9,91.9,262,254,0,0,17,0,0,17,15.9,12.7
2026-03-19T03:32:43Z,0,0,0,0,0,0.6,16.5,849.1,16.6,16.8,92.4,263,295,0,0,17,0,0,16.9,15.9,12.7
2026-03-19T03:47:49Z,0,0,0,0.1,0,0.6,16.4,849.2,16.5,16.7,92.7,269,342,0,0,17,0,0,16.8,15.8,12.6
2026-03-19T04:02:55Z,0,0,0,0.2,0,0.6,16.5,849.4,16.6,16.8,93.1,287,537,0,0,17,0,0,16.9,16,12.7
2026-03-19T04:18:02Z,0,0,0,0.3,0,0.6,16.8,849.5,17,17.1,93.2,304,734,0,0,17,0,0,17.2,16.3,12.9
2026-03-19T04:33:08Z,0,0,0,0.4,0,0.6,17.2,849.6,17.4,17.5,92,326,942,0,0.1,17,0.4,0.4,17.6,16.5,13.3
2026-03-19T04:48:33Z,0,0,0,0.5,0,0.6,18.1,849.6,18.1,18.2,89.2,348,1165,0,0,17,0,0,18.3,16.9,14
2026-03-19T05:03:40Z,0,0,0,0.7,0,0.6,19.2,849.6,19.1,19.1,86.9,383,1531,0,0.1,78,0.4,0.4,19.2,17.5,14.9
2026-03-19T05:18:46Z,0,0,0,1.1,0,0.6,20.5,849.7,20.2,20.2,80.2,461,2403,0,0,24,0.2,0.2,20.3,17.7,15.8
2026-03-19T05:33:52Z,0,0,0,1.3,0,0.6,21.9,849.7,21.9,21.8,74.8,496,2752,0,0,81,0,0,21.9,18.6,17.2
2026-03-19T05:48:59Z,0,0,0,1.7,0,0.6,22.3,849.6,22,22.3,70.3,570,3591,0,0.7,102,1.6,1.6,22.4,18.5,17.6
2026-03-19T06:04:05Z,0,0,0,1.9,0,6.2,22.8,849.8,22.7,23,67.3,602,3868,0,0.8,77,1.7,1.7,23,18.7,18.2
2026-03-19T06:19:12Z,0,0,0,2.1,0,6.2,23.5,849.9,23.6,23.4,67.2,647,4330,0,0.1,123,0.7,0.7,23.5,19.1,18.6
2026-03-19T06:34:37Z,0,0,0,2.3,0,6.2,24.3,850,24.3,24.3,66.5,682,4703,0,0.1,83,0.4,0.4,24.4,19.8,19.3
2026-03-19T06:49:43Z,0,0,0,2.4,0,6.2,23.1,850,23.2,23.8,66.6,703,4941,0,0.6,82,1.3,1.3,23.8,19.3,18.8
2026-03-19T07:04:49Z,0,0,0,2.3,0,6.2,24.8,849.9,24.8,24.8,63.4,693,4714,0,0.4,3,1.1,1.1,24.9,19.8,19.7
2026-03-19T07:19:55Z,0,0,0,1.6,0,6.2,25.7,849.9,25.7,25.4,61.8,558,3269,0,0.3,320,0.7,0.7,25.5,20.1,20.1
2026-03-19T07:35:02Z,0,0,0,3.5,0,6.2,25.6,849.8,25.6,25.7,59.7,902,7009,0,0.7,91,1.5,1.5,25.8,20.1,20.4
2026-03-19T07:50:08Z,0,0,0,3.6,0,6.2,24.7,849.7,24.5,25.6,58.4,929,7330,0,1.5,78,2.4,2.4,25.7,19.8,20.3
2026-03-19T08:05:14Z,0,0,0,3,0,6.2,25.1,849.6,25,25.7,58.9,813,6043,0,0.2,119,0.9,0.9,25.8,20,20.4
2026-03-19T08:20:46Z,0,0,0,1.3,0,6.2,25.3,849.4,25.4,26.1,58.2,495,2662,0,0.3,102,0.7,0.7,26.2,20.2,20.7
2026-03-19T08:35:52Z,0,0,0,3.8,0,6.2,25.3,849.4,25.2,26,57.8,965,7800,0,0.9,81,1.8,1.8,26.1,20,20.6
2026-03-19T08:51:41Z,0,0,0,1.7,0,6.2,25.4,849.3,25.4,26.2,58.1,576,3471,0,0.4,104,1.1,1.1,26.3,20.3,20.8
2026-03-19T09:06:47Z,0,0,0,3.9,0,6.2,25.2,848.8,25.1,26,60.4,991,7981,0,0.8,81,1.1,1.1,26.2,20.5,20.7
2026-03-19T09:21:53Z,0,0,0,4.4,0,6.2,24.9,848.8,25.2,25.5,61,1079,8878,0,2.2,131,3.3,3.3,25.6,20.1,20.2
2026-03-19T09:36:59Z,0,0,0,3.9,0,6.2,25.7,848.5,25.7,26.4,57.2,990,7922,0,0.8,130,1.3,1.3,26.5,20.4,20.9
2026-03-19T09:52:06Z,0,0,0,4.4,0,6.2,26.6,848.1,26.6,27.2,53.9,1072,8790,0,0.7,54,1.7,1.7,27.9,20.5,21.9
2026-03-19T10:07:11Z,0,0,0,3.9,0,6.2,25.8,847.8,26.1,26.5,56,990,7963,0,0.5,125,1.3,1.3,26.6,20.2,21
2026-03-19T10:22:17Z,0,0,0,1.5,0,6.2,27.7,847.3,27.9,28.5,53.4,528,2905,0,0.4,104,1.5,1.5,29.4,21.6,23
2026-03-19T10:37:24Z,0,0,0,4.2,0,6.2,26.7,847.2,26.8,27.5,53.1,1048,8552,0,0.4,73,0.9,0.9,28.2,20.7,22.2
2026-03-19T10:52:46Z,0,0,0,3.9,0,6.2,27.3,846.8,27.7,28.2,51.8,993,7925,0,0.2,117,0.4,0.4,28.9,21.1,22.7
2026-03-19T11:07:52Z,0,0,0,3.6,0,6.2,27.8,846.4,27.9,28.8,49.7,932,7306,0,1.5,93,3.5,3.5,29.4,21.2,23
2026-03-19T11:22:58Z,0,0,0,3.8,0,6.2,28,846.2,28.1,29,49.7,965,7647,0,0.4,67,0.9,0.9,29.6,21.4,23.1
2026-03-19T11:38:04Z,0,0,0,1.9,0,6.2,27,845.7,27.2,28,50.2,618,4005,0,0.5,96,1.5,1.5,28.5,20.7,22.4
2026-03-19T11:53:10Z,0,0,0,1.3,0,6.2,26.9,845.4,27.5,27.8,50.7,493,2635,0,0.4,144,1.7,1.7,28.3,20.5,22.2
2026-03-19T12:08:17Z,0,0,0,3.5,0,6.2,28.1,845.2,28.1,29.3,46.7,914,7140,0,0.7,80,1.5,1.5,29.7,21.1,23.2
2026-03-19T12:23:52Z,0,0,0,3.3,0,6.2,27.3,845.1,27.4,28.4,49.1,869,6721,0,0.6,99,1.3,1.3,28.9,20.8,22.6
2026-03-19T12:38:58Z,0,0,0,2.7,0,6.2,28.1,844.8,28.1,29.5,45.7,754,5426,0,1.5,84,2.4,2.4,29.7,21.1,23.2
2026-03-19T12:54:04Z,0,0,0,2.4,0,6.2,28.2,844.7,28.2,29.5,47.7,711,4948,0,0.7,72,2.4,2.4,30,21.4,23.4
2026-03-19T13:09:10Z,0,0,0,2.1,0,6.2,28.1,844.4,28.4,29.4,47.3,645,4324,0,1.4,71,2.6,2.6,29.8,21.3,23.3
2026-03-19T13:24:16Z,0,0,0,1.3,0,6.2,27.9,844.5,28.1,29.3,47.2,493,2613,0,0.7,117,2.2,2.2,29.7,21.2,23.2
2026-03-19T13:39:17Z,0,0,0,1.4,0,6.2,26.6,844.7,26.9,27.5,49.4,509,2876,0,0,220,0.2,0.2,27.9,20.1,21.9
2026-03-19T13:54:40Z,0,0,0,1.2,0,6.2,26.7,844.8,26.8,27.6,52.8,474,2551,0,0.6,77,1.1,1.1,28.3,20.7,22.2
2026-03-19T14:09:52Z,0,0,0,0.9,0,6.2,25.9,844.9,26,26.8,53.8,424,2030,0,1.4,71,2.4,2.4,27.4,20.1,21.6
2026-03-19T14:24:58Z,0,0,0,0.6,0,6.2,25.4,845.1,25.5,26,56.3,359,1290,0,1.1,69,2.4,2.4,26.1,19.8,20.6
2026-03-19T14:40:04Z,0,0,0,0.4,0,6.2,24.9,845.4,25,25.3,60.4,331,960,0,0.1,107,0.7,0.7,25.4,19.9,20.1
2026-03-19T14:55:10Z,0,0,0,0.3,0,6.2,24.3,845.5,24.4,24.7,63.1,311,778,0,0.8,62,2.2,2.2,24.8,19.7,19.6
2026-03-19T15:10:16Z,0,0,0,0.2,0,6.2,23.7,845.3,23.9,24.1,65.9,293,600,0,1,115,3.7,3.7,24.2,19.5,19.1
2026-03-19T15:25:22Z,0,0,0,0.1,0,6.2,23.3,845.7,23.4,23.7,67.5,273,392,0,1,91,3.3,3.3,23.8,19.4,18.8
2026-03-19T15:41:02Z,0,0,0,0,0,6.2,22.9,845.9,23,23.3,68.3,262,266,0,0.9,102,2.4,2.4,23.3,19.1,18.4
2026-03-19T15:56:07Z,0,0,0,0,0,6.2,22.6,846.1,22.8,22.9,69.9,261,254,0,0.5,74,2,2,23,19,18.1
2026-03-19T16:11:14Z,0,0,0,0,0,6.2,22.4,846.5,22.5,22.7,69.4,259,253,0,0.4,98,2,2,22.7,18.7,17.9
2026-03-19T16:26:59Z,0,0,0,0,0,6.2,22.3,846.8,22.4,22.5,70.4,260,253,0,0.1,86,0.4,0.4,22.6,18.7,17.8
2026-03-19T16:42:05Z,0,0,0,0,0,6.2,22.1,847.1,22.2,22.4,73.6,261,253,0,0.3,111,1.3,1.3,22.5,19,17.7
2026-03-19T16:57:11Z,0,0,0,0,0,6.2,21.7,847.2,21.9,22.1,76.7,260,254,0,0.3,118,1.1,1.1,22.2,19.1,17.5
2026-03-19T17:12:18Z,0,0,0,0,0,6.2,21.4,847.3,21.5,21.7,78.4,259,253,0,0.1,111,0.7,0.7,21.9,19,17.2
2026-03-19T17:28:06Z,0,0,0,0,0,6.2,21.1,847.4,21.2,21.4,79.9,260,252,0,0,111,0,0,21.5,18.8,16.9
2026-03-19T17:43:12Z,0,0,0,0,0,6.2,20.9,847.6,21,21.2,81,260,253,0,0,219,0.2,0.2,21.3,18.8,16.7
2026-03-19T17:58:18Z,0,0,0,0,0,6.2,20.7,847.8,20.8,21,81.8,260,253,0,0,122,0,0,21.1,18.7,16.6
2026-03-19T18:13:25Z,0,0,0,0,0,6.2,20.6,848.2,20.8,20.9,81.7,261,254,0,0.1,122,0.4,0.4,21.1,18.6,16.5
2026-03-19T18:28:30Z,0,0,0,0,0,6.2,20.7,848.3,20.8,21,81.6,261,253,0,0,68,0.2,0.2,21.1,18.7,16.5
2026-03-19T18:43:37Z,0,0,0,0,0,6.2,20.4,848.3,20.6,20.8,82.4,260,254,0,0,71,0,0,20.9,18.6,16.4
2026-03-19T18:59:01Z,0,0,0,0,0,6.2,20.3,848,20.4,20.6,83.8,260,253,0,0,110,0,0,20.8,18.6,16.2
2026-03-19T19:14:07Z,0,0,0,0,0,6.2,20.1,848.1,20.2,20.4,85.1,258,253,0,0,110,0,0,20.5,18.5,16
2026-03-19T19:29:13Z,0,0,0,0,0,6.2,19.9,848.2,20,20.2,86.2,259,254,0,0,110,0,0,20.4,18.5,15.9
2026-03-19T19:44:20Z,0,0,0,0,0,6.2,19.8,848.2,19.9,20.1,86.6,258,253,0,0.3,61,1.2,1.2,20.3,18.5,15.8
2026-03-19T19:59:26Z,0,0,0,0,0,6.2,20.1,848.6,20.2,20.3,86.7,261,254,0,0,105,0,0,20.5,18.7,16
2026-03-19T20:14:33Z,0,0,0,0,0,6.2,20.3,848.8,20.4,20.6,85.9,260,253,0,0,105,0,0,20.7,18.8,16.2
2026-03-19T20:29:57Z,0,0,0,0,0,6.2,20.2,848.6,20.3,20.5,87.2,261,253,0,0,105,0,0,20.7,18.9,16.2
2026-03-19T20:45:39Z,0,0,0,0,0,6.2,20,848.5,20.1,20.3,87.4,260,253,0,0,105,0,0,20.5,18.7,16
2026-03-19T21:00:45Z,0,0,0,0,0,6.2,19.9,848.6,19.9,20.2,88.2,260,253,0,0,105,0,0,20.4,18.7,15.9
2026-03-19T21:16:26Z,0,0,0,0,0,6.2,19.8,848.4,19.9,20.1,88.2,261,252,0,0,105,0,0,20.3,18.7,15.9
2026-03-19T21:31:32Z,0,0,0,0,0,6.2,19.8,848.4,19.9,20.1,87.1,260,253,0,0.6,178,1.1,1.1,20.3,18.6,15.8
2026-03-19T21:46:38Z,0.4,0,0.4,0,0,6.2,19.4,848.3,19.6,19.9,88.5,259,254,0,0.4,97,1.3,1.3,20.1,18.5,15.6
2026-03-19T22:01:45Z,0,0,1.4,0,0,6.2,18.8,848.1,18.9,19.4,90.8,260,253,0,0,83,0,0,19.5,18.2,15.1
2026-03-19T22:16:51Z,0,0,1.4,0,0,6.2,18.6,847.6,18.7,19.1,92,260,254,0,0.1,199,0.4,0.4,19.3,18.1,14.9
2026-03-19T22:31:58Z,0,0,1.4,0,0,6.2,18.5,847.5,18.6,18.9,91.9,260,254,0,0,198,0,0,19,17.9,14.7
2026-03-19T22:47:24Z,0,0,1.4,0,0,6.2,18.3,847.3,18.4,18.7,92.1,260,254,0,0.1,199,0.2,0.2,18.9,17.8,14.5
2026-03-19T23:02:31Z,0,0,1.4,0,0,6.2,18.3,847.1,18.3,18.7,92.2,259,253,0,0,198,0,0,18.8,17.7,14.5
2026-03-19T23:17:37Z,0,0,1.4,0,0,6.2,18.4,847,18.5,18.8,92.1,259,253,0,0,199,0.2,0.2,19,17.8,14.6
2026-03-19T23:32:44Z,0,0,1.4,0,0,6.2,18.5,847.2,18.6,18.8,92.5,260,254,0,0,199,0.4,0.4,19,17.9,14.7
2026-03-19T23:47:50Z,0,0,1.4,0,0,6.2,18.1,847,18.2,18.5,91.8,261,254,0,0.1,199,0.4,0.4,18.6,17.5,14.3
2026-03-20T00:00:56Z,0,0,1.4,0,0,6.2,17.7,846.9,17.8,18.1,90.8,260,254,0,0,198,0,0,18.2,17,13.9
2026-03-20T00:16:02Z,0,0.2,1.4,0,0,6.2,17.4,847,17.4,17.7,89.6,261,254,0,0,198,0,0,17.8,16.5,13.5
2026-03-20T00:31:27Z,0,0,1.4,0,0,6.2,17.2,847,17.3,17.5,89.9,260,254,0,0,198,0,0,17.6,16.3,13.4
2026-03-20T00:46:33Z,0,0,1.4,0,0,6.2,17.1,847.2,17.2,17.5,90.7,259,253,0,0,198,0,0,17.6,16.4,13.4
2026-03-20T01:01:39Z,0,0,1.4,0,0,6.2,17.2,847.1,17.2,17.6,90.4,259,254,0,0,199,0.2,0.2,17.7,16.4,13.4
2026-03-20T01:16:46Z,0,0,1.4,0,0,6.2,17.3,847.2,17.4,17.6,91,259,254,0,0,198,0,0,17.7,16.6,13.5
2026-03-20T01:31:52Z,0,0,1.4,0,0,6.2,17.3,847.5,17.4,17.7,91.4,260,254,0,0,198,0,0,17.8,16.6,13.5
2026-03-20T01:46:59Z,0,0,1.4,0,0,6.2,17.4,847.5,17.6,17.8,91.8,260,254,0,0.2,199,0.7,0.7,17.9,16.8,13.6
2026-03-20T02:02:05Z,0,0,1.4,0,0,6.2,17.5,847.7,17.6,17.9,92,259,253,0,0,198,0,0,18,16.9,13.7
2026-03-20T02:17:30Z,0,0,1.4,0,0,6.2,17.6,847.7,17.8,18,92.3,260,254,0,0,198,0,0,18.1,17.1,13.9
2026-03-20T02:32:37Z,0,0,1.4,0,0,6.2,17.6,847.5,17.8,18,92.2,261,253,0,0,198,0,0,18.1,17.1,13.9
2026-03-20T02:47:43Z,0,0,1.4,0,0,6.2,17.8,847.6,17.9,18.1,91.9,259,253,0,0.3,199,0.7,0.7,18.3,17.2,14
2026-03-20T03:02:50Z,0,0,1.4,0,0,6.2,17.8,847.9,18,18.2,91.5,260,255,0,0,198,0,0,18.3,17.2,14
2026-03-20T03:17:50Z,0,0.4,1.4,0,0,6.2,17.8,847.8,17.9,18.1,90.8,260,253,0,0,198,0,0,18.2,17,13.9
2026-03-20T03:32:56Z,0,0,1.4,0,0,6.2,17.7,847.9,17.9,18.1,90.1,261,256,0,0.4,199,0.7,0.7,18.2,16.9,13.9
2026-03-20T03:48:02Z,0,0,1.4,0,0,6.2,17.5,848,17.6,17.8,90.2,264,298,0,0,198,0,0,17.9,16.6,13.6
2026-03-20T04:03:09Z,0,0,1.4,0.1,0,6.2,17.5,848,17.6,17.8,90.7,283,502,0,0,198,0,0,17.9,16.7,13.6
2026-03-20T04:18:15Z,0,0,1.4,0.2,0,6.2,17.6,848.3,17.7,17.9,90.7,290,560,0,0,198,0,0,18,16.8,13.7
2026-03-20T04:33:37Z,0,0,1.4,0.3,0,6.2,17.8,848.4,18,18.1,91,318,883,0,0,198,0,0,18.3,17.1,14
2026-03-20T04:48:43Z,0,0,1.4,0.3,0,6.2,18.2,848.6,18.2,18.5,90.1,312,757,0,0.1,241,0.4,0.4,18.6,17.3,14.3
2026-03-20T05:03:49Z,0,0,1.4,0.4,0,6.2,18.4,848.7,18.6,18.7,89.9,329,914,0,0,240,0,0,18.9,17.5,14.5
2026-03-20T05:18:55Z,0,0,1.4,0.7,0,6.2,18.7,848.8,18.8,19,88.4,380,1530,0,0,241,0.2,0.2,19.1,17.6,14.8
2026-03-20T05:34:01Z,0,0,1.4,0.7,0,6.2,19.2,848.8,19.3,19.6,87,394,1690,0,0,215,0.2,0.2,19.8,18,15.3
2026-03-20T05:49:07Z,0,0,1.4,2.3,0,6.2,20,848.8,20.1,20,84.6,680,4874,0,0.5,215,0.7,0.7,20.2,18.1,15.7
2026-03-20T06:04:13Z,0,0,0.2,2.4,1.4,3.6,21.4,848.8,21.7,20.7,81.3,703,5064,0,0.8,239,1.2,1.2,20.8,18.4,16.3
2026-03-20T06:19:19Z,0,0,0.2,1.1,1.4,3.6,23.1,848.9,23.3,22.8,78.5,463,2361,0,0,231,0.2,0.2,23,20,18.1
2026-03-20T06:34:41Z,0,0,0.2,0.7,1.4,3.6,21.1,849.1,21.9,21.6,76.2,380,1480,0,0,220,0,0,21.7,18.6,17.1
2026-03-20T06:49:47Z,0,0,0.2,0.6,1.4,3.6,21.5,849.1,22,22,76.1,379,1466,0,0,220,0,0,22.1,18.9,17.4
2026-03-20T07:04:53Z,0,0,0.2,0.7,1.4,3.6,21.7,849.1,21.6,21.8,78.9,385,1537,0,0,221,0.2,0.2,22,19.1,17.3
2026-03-20T07:20:00Z,0,0,0.2,0.6,1.4,3.6,21.4,849.1,21.4,21.6,78.9,361,1323,0,0.6,221,1.1,1.1,21.8,18.9,17.1
2026-03-20T07:35:06Z,0,0,0.2,1.8,1.4,3.6,21.7,849.1,21.6,21.7,78.1,600,3803,0,0.2,221,0.7,0.7,21.9,18.9,17.2
2026-03-20T07:50:12Z,0,0,0.2,2.5,1.4,3.6,22.9,848.9,22.8,22.8,72.5,713,4904,0,0.8,221,1.5,1.5,22.9,19.2,18
2026-03-20T08:05:18Z,0,0,0.2,2.6,1.4,3.6,23.8,848.7,23.3,23.5,73.7,749,5258,0,1,9,2,2,23.6,20,18.7
2026-03-20T08:20:44Z,0,0,0.2,4.3,1.4,3.6,25.1,848.3,24.9,24.6,69.2,1067,8690,0,0.9,249,1.3,1.3,24.7,20.4,19.6
2026-03-20T08:35:51Z,0,0,0.2,2.4,1.4,3.6,23.6,848.2,23.8,23.3,68.8,710,4894,0,1.3,242,1.7,1.7,23.4,19.2,18.5
2026-03-20T08:50:57Z,0,0,0.2,1.2,1.4,3.6,23.2,848,23.4,23.1,69.2,474,2496,0,0.8,242,1.5,1.5,23.2,19.1,18.3
2026-03-20T09:06:03Z,0,0,0.2,0.5,1.4,3.6,23.8,847.8,23.9,24.1,67.5,352,1267,0,0.1,242,0.4,0.4,24.2,19.7,19.1
2026-03-20T09:21:10Z,0,0,0.2,0.1,1.4,3.6,21.8,847.8,21.9,22.6,75.4,281,486,0,0.8,87,2,2,22.7,19.4,17.9
2026-03-20T09:36:16Z,0.2,0,1.4,0.2,1.4,3.6,19.1,848,18.9,19.8,86.1,290,544,0,1,91,2.2,2.2,19.9,18.1,15.5
2026-03-20T09:51:23Z,0.4,0,12.2,0.4,1.4,3.6,17.3,847.9,17.2,17.8,91.3,331,963,0,0,86,0,0,17.9,16.7,13.6
2026-03-20T10:06:48Z,0,0,13,0.9,1.4,3.6,17.7,847.4,17.8,18,93.4,419,1865,0,0,70,0,0,18.2,17.2,13.9
2026-03-20T10:21:54Z,0,0,13,1.3,1.4,3.6,18.5,847.2,18.6,18.9,93.9,505,2805,0,0.2,90,0.7,0.7,19.1,18.1,14.7
2026-03-20T10:37:00Z,0,0,13,1.3,1.4,3.6,19.4,846.7,19.4,19.7,93.8,501,2771,0,0,94,0,0,19.9,18.9,15.5
2026-03-20T10:52:06Z,0,0,13,1.5,1.4,3.6,19.7,846.2,19.8,20.2,90,544,3243,0,0,94,0.2,0.2,20.5,19,16
2026-03-20T11:07:12Z,0,0,13,2.1,1.4,3.6,21.7,845.8,21.6,22.4,82.4,645,4294,0,0.1,94,0.9,0.9,22.6,20.1,17.8
2026-03-20T11:22:18Z,0,0,13,1.9,1.4,3.6,21.7,845.6,21.8,22.9,78.5,619,3932,0,1.1,66,3.3,3.3,23.1,20.1,18.3
2026-03-20T11:37:25Z,0,0,13,2.4,1.4,3.6,24.2,845.4,24.5,25.1,69.5,714,4948,0,0.2,106,0.7,0.7,25.3,21,20
2026-03-20T11:53:00Z,0,0,13,3.2,1.4,3.6,24.4,845.4,24.8,25.4,64.2,850,6396,0,0,106,0,0,25.5,20.5,20.2
2026-03-20T12:08:06Z,0,0,13,1.5,1.4,3.6,25.5,845.2,25.3,25.7,63.5,532,3053,0,0.1,106,0.7,0.7,25.9,20.7,20.4
2026-03-20T12:23:12Z,0,0,13,1.7,1.4,3.6,25,845.3,24.8,25.3,68.8,574,3411,0,0,5,0.2,0.2,25.5,21.1,20.2
2026-03-20T12:38:18Z,0,0,13,2,1.4,3.6,25.2,845,25,25.6,65.8,633,4059,0,0.5,3,1.1,1.1,25.8,20.9,20.3
2026-03-20T12:53:23Z,0,0,13,2.1,1.4,3.6,25.4,844.8,25.2,25.7,64,652,4340,0,0.2,6,0.7,0.7,25.8,20.7,20.4
2026-03-20T13:08:29Z,0,0,13,1.3,1.4,3.6,25.1,844.7,25.2,25.2,63.9,495,2638,0,0,7,0,0,25.3,20.2,20
2026-03-20T13:23:55Z,0,0,13,2.2,1.4,3.6,26.2,844.8,26.4,26.5,60.4,675,4584,0,0.2,6,0.9,0.9,26.6,20.9,21
2026-03-20T13:39:02Z,0,0,13,2.5,1.4,3.6,27.7,844.5,27.1,27.5,55.2,723,5241,0,0.9,6,2.2,2.2,28.3,21,22.2
2026-03-20T13:54:08Z,0,0,13,0.4,1.4,3.6,24.6,844.7,25.4,25.5,59.9,335,1054,0,1.8,169,3.3,3.3,25.6,19.9,20.2
2026-03-20T14:09:15Z,0,0,13,0.3,1.4,3.6,22.2,844.9,22.6,22.6,72.5,308,723,0,1,168,3.1,3.1,22.8,19.1,17.9
2026-03-20T14:24:21Z,0,0,13,0.1,1.4,3.6,21.3,845.3,21.4,21.8,76.7,266,305,0,0.4,90,0.7,0.7,21.9,18.8,17.3
2026-03-20T14:39:27Z,0.8,0,20.8,0,1.4,3.6,17.6,846.3,17.6,18.4,88.7,264,290,0,0.7,68,1.7,1.7,18.5,17.1,14.2
2026-03-20T14:55:01Z,0.8,0,36.6,0.1,1.4,3.6,17.5,846.5,17.5,17.9,93.1,267,296,0,0.2,14,0.4,0.4,18,17.1,13.7
2026-03-20T15:10:07Z,0,0,41.2,0,1.4,3.6,17.1,846.5,17.1,17.5,94.1,263,279,0,0.1,31,0.4,0.4,17.6,16.8,13.3
2026-03-20T15:25:14Z,0.6,0,47.6,0,1.4,3.6,17.2,846.9,17.2,17.5,94.9,260,257,0,0.2,90,0.7,0.7,17.7,16.9,13.4
2026-03-20T15:40:20Z,0.2,0,53.4,0,1.4,3.6,16.9,847,16.9,17.4,95.2,259,254,0,0.5,129,2.2,2.2,17.5,16.8,13.2
2026-03-20T15:55:27Z,0.2,0,55,0,1.4,3.6,16.5,847.2,16.5,16.9,95.4,259,253,0,0,100,0,0,17,16.3,12.8
2026-03-20T16:10:33Z,0,0,56.6,0,1.4,3.6,16.7,847.1,16.8,17.2,95.7,260,253,0,0,100,0,0,17.3,16.7,13.1
2026-03-20T16:25:58Z,0.2,0,57.8,0,1.4,3.6,16.9,847.2,17,17.3,95.9,261,254,0,0,100,0,0,17.5,16.8,13.2
2026-03-20T16:41:04Z,0,0,61.8,0,1.4,3.6,17.2,847.5,17.3,17.5,96.1,260,253,0,0.1,103,0.4,0.4,17.7,17.1,13.4
2026-03-20T16:56:11Z,0,0,62.8,0,1.4,3.6,17.4,847.6,17.4,17.8,96.2,259,254,0,0.1,104,0.4,0.4,17.9,17.3,13.6
2026-03-20T17:11:17Z,0,0,63.6,0,1.4,3.6,17.5,847.8,17.6,17.9,96.3,260,253,0,0,104,0,0,18,17.4,13.8
2026-03-20T17:26:23Z,0,0,63.6,0,1.4,3.6,17.5,848.1,17.6,17.9,96.4,259,253,0,0,206,0.2,0.2,18.1,17.5,13.8
2026-03-20T17:41:29Z,0,0,63.6,0,1.4,3.6,17.1,848.3,17.2,17.5,96.3,260,254,0,0.8,197,1.5,1.5,17.7,17.1,13.4
2026-03-20T17:56:35Z,0,0,63.6,0,1.4,3.6,17.2,848.5,17.2,17.5,96.2,260,254,0,0.3,196,0.9,0.9,17.7,17,13.4
2026-03-20T18:12:01Z,0,0,63.6,0,1.4,3.6,17.3,848.6,17.4,17.6,96.2,261,253,0,0.8,196,2,2,17.8,17.2,13.6
2026-03-20T18:27:08Z,0,0,63.6,0,1.4,3.6,17.2,848.7,17.2,17.5,96.2,259,254,0,0,195,0,0,17.6,17,13.4
2026-03-20T18:42:14Z,0,0,63.6,0,1.4,3.6,17,848.7,17.1,17.3,96,259,253,0,0.4,196,1.1,1.1,17.5,16.8,13.2
2026-03-20T18:57:21Z,0,0,63.6,0,1.4,3.6,17.1,848.8,17.1,17.4,96.1,260,255,0,0.3,196,0.7,0.7,17.6,17,13.3
2026-03-20T19:12:27Z,0,0,63.6,0,1.4,3.6,16.9,849.1,17,17.3,96,261,252,0,0,185,0,0,17.5,16.8,13.2
2026-03-20T19:27:45Z,0,0,63.6,0,1.4,3.6,16.8,849,16.9,17.2,95.9,259,253,0,0,185,0,0,17.3,16.7,13.1
2026-03-20T19:43:21Z,0,0,63.6,0,1.4,3.6,16.8,849.3,16.8,17.2,96,260,254,0,0,185,0,0,17.3,16.7,13.1
2026-03-20T19:58:28Z,0,0,63.6,0,1.4,3.6,16.9,849.5,16.9,17.3,96,260,253,0,0,185,0,0,17.4,16.8,13.2
2026-03-20T20:13:34Z,0,0,63.8,0,1.4,3.6,16.8,849.6,16.9,17.2,96.1,259,254,0,0,185,0,0,17.4,16.7,13.1
2026-03-20T20:28:41Z,0,0,63.8,0,1.4,3.6,16.8,849.6,16.9,17.2,96.2,260,254,0,0,185,0,0,17.3,16.7,13.1
2026-03-20T20:43:48Z,0,0,64,0,1.4,3.6,16.9,849.6,17,17.3,96.3,260,254,0,0,186,0.2,0.2,17.4,16.8,13.2
2026-03-20T20:59:12Z,0,0,64.2,0,1.4,3.6,16.9,849.5,17,17.3,96.4,260,253,0,0,185,0,0,17.4,16.8,13.2
2026-03-20T21:14:19Z,0,0,64.2,0,1.4,3.6,16.9,849.4,16.9,17.2,96.4,261,253,0,0,185,0,0,17.4,16.8,13.1
2026-03-20T21:29:26Z,0,0,64.2,0,1.4,3.6,16.9,849.4,17,17.2,96.5,261,253,0,0.3,186,0.7,0.7,17.4,16.8,13.1
2026-03-20T21:44:32Z,0,0,64.4,0,1.4,3.6,16.8,849.3,16.9,17.2,96.6,260,252,0,0,185,0,0,17.3,16.8,13.1
2026-03-20T21:59:38Z,0,0,64.4,0,1.4,3.6,16.9,849.2,17,17.2,96.7,261,253,0,0,185,0,0,17.4,16.8,13.1
2026-03-20T22:14:44Z,0,0,64.6,0,1.4,3.6,16.9,849.1,16.9,17.2,96.7,261,253,0,0,185,0,0,17.4,16.8,13.1
2026-03-20T22:30:10Z,0,0,64.6,0,1.4,3.6,16.9,848.7,16.9,17.2,96.7,260,253,0,0,186,0.2,0.2,17.4,16.8,13.1
2026-03-20T22:45:17Z,0,0,64.6,0,1.4,3.6,16.8,848.5,16.9,17.2,96.7,260,253,0,0.3,186,0.4,0.4,17.4,16.8,13.1
2026-03-20T23:00:23Z,0,0,64.6,0,1.4,3.6,16.8,848.4,16.8,17.1,96.8,260,253,0,0,248,0.2,0.2,17.3,16.7,13
2026-03-20T23:15:29Z,0,0,64.6,0,1.4,3.6,16.8,848.3,16.8,17.1,96.7,260,254,0,0,247,0,0,17.3,16.7,13
2026-03-20T23:30:36Z,0,0,64.6,0,1.4,3.6,16.7,848.2,16.8,17,96.8,260,254,0,0,247,0,0,17.2,16.6,12.9
2026-03-20T23:46:44Z,0,0,64.6,0,1.4,3.6,16.6,847.9,16.7,16.9,96.8,260,254,0,0,247,0,0,17.1,16.6,12.8
2026-03-21T00:00:49Z,0,0,64.6,0,1.4,3.6,16.6,847.9,16.7,17,96.8,260,253,0,0,247,0,0,17.1,16.6,12.9
2026-03-21T00:16:45Z,0,0,64.6,0,1.4,3.6,16.6,848,16.6,17,96.8,260,253,0,0,247,0,0,17.1,16.6,12.9
2026-03-21T00:31:51Z,0,0,64.6,0,1.4,3.6,16.6,848,16.7,17,96.8,260,253,0,0,247,0,0,17.1,16.6,12.9
2026-03-21T00:47:15Z,0,0,64.6,0,1.4,3.6,16.6,848,16.7,17,96.8,259,252,0,0,247,0,0,17.1,16.6,12.9
2026-03-21T01:02:21Z,0,0,64.6,0,1.4,3.6,16.7,848,16.7,17,96.9,259,253,0,0,247,0,0,17.2,16.6,12.9
2026-03-21T01:17:27Z,0,0,64.6,0,1.4,3.6,16.8,848.1,16.9,17.2,96.9,259,253,0,0,247,0,0,17.4,16.9,13.1
2026-03-21T01:32:33Z,0,0,64.6,0,1.4,3.6,17,848.1,17,17.3,97,262,254,0,0,247,0,0,17.5,17,13.2
2026-03-21T01:47:39Z,0,0,64.6,0,1.4,3.6,16.8,848.1,16.9,17.2,97,260,254,0,0,247,0,0,17.4,16.8,13.1
2026-03-21T02:02:45Z,0.2,0,64.8,0,1.4,3.6,16.7,848.1,16.8,17.1,96.9,261,253,0,0.1,248,0.6,0.6,17.2,16.7,13
2026-03-21T02:17:52Z,0,0,64.8,0,1.4,3.6,16.5,848.1,16.6,16.9,96.9,260,253,0,0,247,0,0,17,16.5,12.8
2026-03-21T02:32:57Z,0,0,64.8,0,1.4,3.6,16.6,848.2,16.7,17,96.9,260,253,0,0,247,0,0,17.1,16.6,12.9
2026-03-21T02:48:19Z,0,0,64.8,0,1.4,3.6,16.6,848.2,16.7,17,97,259,253,0,0,247,0,0,17.2,16.7,12.9
2026-03-21T03:03:26Z,0,0,64.8,0,1.4,3.6,16.6,848.3,16.7,17,97,260,253,0,0,247,0,0,17.1,16.6,12.9
2026-03-21T03:18:32Z,0,0,64.8,0,1.4,3.6,16.6,848.4,16.7,16.9,97,260,253,0,0,247,0,0,17.1,16.6,12.8
2026-03-21T03:33:39Z,0,0,64.8,0,1.4,3.6,16.6,848.5,16.6,16.9,97.1,261,258,0,0,247,0,0,17,16.5,12.8
2026-03-21T03:48:45Z,0,0,64.8,0.1,1.4,3.6,16.5,848.6,16.7,16.9,97.1,267,333,0,0,247,0,0,17.1,16.6,12.9
2026-03-21T04:03:52Z,0,0,65,0.1,1.4,3.6,16.7,848.8,16.8,17.1,97.1,281,490,0,0,247,0,0,17.2,16.7,13
2026-03-21T04:18:58Z,0,0,65,0.3,1.4,3.6,16.9,848.8,17.1,17.3,97.1,316,882,0,0,248,0.4,0.4,17.4,16.9,13.2
2026-03-21T04:34:23Z,0,0,65,0.5,1.4,3.6,17.1,848.9,17.1,17.4,97.2,345,1168,0,0,247,0,0,17.6,17.1,13.3
2026-03-21T04:49:29Z,0,0,65.2,0.7,1.4,3.6,17.4,849,17.4,17.5,97.1,389,1664,0,0.1,248,0.4,0.4,17.7,17.2,13.5
2026-03-21T05:04:35Z,0,0,65.2,1.1,1.4,3.6,17.6,849.1,17.7,17.8,96.8,455,2373,0,0.5,248,1.5,1.5,18,17.4,13.7
2026-03-21T05:19:41Z,0,0,65.2,1.2,1.4,3.6,18.1,849.3,18.2,18.4,95.4,474,2537,0,0.1,264,0.7,0.7,18.6,17.8,14.3
2026-03-21T05:34:48Z,0,0,65.2,1.7,1.4,3.6,18.6,849.3,18.6,18.8,90.8,566,3528,0,0.8,246,1.3,1.3,19,17.7,14.6
2026-03-21T05:49:54Z,0,0,65.2,2,1.4,3.6,19.6,849.2,19.4,19.6,87.2,621,4102,0,0.2,12,1.3,1.3,19.7,18,15.3
2026-03-21T06:04:59Z,0,0,0,2.4,65.2,0,20.3,849.2,20.2,20.2,81.8,705,4980,0,0.3,261,0.7,0.7,20.3,17.9,15.8
2026-03-21T06:20:05Z,0,0,0,2.3,65.2,0,21.4,849.2,21.3,20.8,75.2,693,4808,0,0.2,243,1,1,20.8,17.7,16.3
2026-03-21T06:35:27Z,0,0,0,3.2,65.2,0,20.6,849.3,20.8,20.5,76.8,859,6745,0,0.1,260,0.4,0.4,20.5,17.6,16
2026-03-21T06:50:34Z,0,0,0,0.9,65.2,0,21.3,849.2,21.5,21.3,75.4,423,1897,0,0.4,206,0.7,0.7,21.3,18.2,16.7
2026-03-21T07:05:39Z,0,0,0,3.6,65.2,0,22,849.2,22.2,21.8,69.8,932,7402,0,0.3,215,1.3,1.3,21.8,17.9,17.1
2026-03-21T07:21:36Z,0,0,0,4.1,65.2,0,23.3,849.1,23.9,23.1,66,1014,8295,0,0,146,0.2,0.2,23.2,18.6,18.3
2026-03-21T07:36:42Z,0,0,0,1.5,65.2,0,23.1,849,23.4,22.6,67.1,529,2930,0,0.4,241,0.9,0.9,22.6,18.3,17.8
2026-03-21T07:51:48Z,0,0,0,1.7,65.2,0,24,848.7,24.8,24.4,65.1,575,3336,0,0.2,170,0.9,0.9,24.5,19.7,19.4
2026-03-21T08:06:53Z,0,0,0,2.9,65.2,0,23.9,848.7,24.6,24.3,62.5,793,5881,0,0.2,189,0.7,0.7,24.4,19.3,19.3
2026-03-21T08:22:00Z,0,0,0,1.6,65.2,0,23.3,848.6,23.8,23.3,65,561,3274,0,0.5,245,0.9,0.9,23.3,18.6,18.4
2026-03-21T08:37:06Z,0,0,0,4.4,65.2,0,23.6,848.3,24.3,24,63.1,1081,8849,0,0.1,181,0.4,0.4,24,19,19
2026-03-21T08:52:12Z,0,0,0,4.9,65.2,0,23.1,848.1,23.8,23.8,60.8,1168,9825,0,1.8,164,2.6,2.6,23.9,18.6,18.8
2026-03-21T09:07:34Z,0,0,0,4.8,65.2,0,23.5,847.8,24.1,23.8,63,1149,9618,0,0.3,216,1.1,1.1,23.8,18.8,18.8
2026-03-21T09:22:40Z,0,0,0,5.2,65.2,0,24.5,847.5,25,24.9,58.8,1218,10334,0,0.8,193,2,2,25,19.3,19.7
2026-03-21T09:37:46Z,0,0,0,1,65.2,0,23.7,847.3,24.1,23.9,63.5,452,2092,0,0.4,243,0.9,0.9,23.9,19,18.9
2026-03-21T09:52:51Z,0,0,0,1,65.2,0,23.8,847.1,24.2,24.1,60.2,448,2110,0,0.9,187,1.7,1.7,24.1,18.7,19.1
2026-03-21T10:07:57Z,0,0,0,5.2,65.2,0,24.9,846.8,25.5,25.4,56.6,1230,10466,0,1.4,198,2.2,2.2,25.5,19.4,20.1
2026-03-21T10:23:03Z,0,0,0,4.6,65.2,0,25.4,846.5,25.9,25.8,53.4,1113,9107,0,1.4,174,2.6,2.6,25.8,19.2,20.4
2026-03-21T10:38:09Z,0,0,0,4.7,65.2,0,26.7,846.2,27.1,27.1,54.7,1132,9266,0,0.4,167,1.3,1.3,27.8,20.6,21.9
2026-03-21T10:53:16Z,0,0,0,1.5,65.2,0,25.6,846.1,25.8,25.4,54.4,530,2764,0,0.9,266,1.5,1.5,25.5,19.1,20.1
2026-03-21T11:08:38Z,0,0,0,4.8,65.2,0,27.1,845.8,27.4,27.8,53.6,1145,9450,0,0,187,0.2,0.2,28.6,21,22.4
2026-03-21T11:23:44Z,0,0,0,1.2,65.2,0,26.3,845.4,26.9,26.3,51.9,479,2396,0,1.4,225,2.6,2.6,26.3,19.4,20.8
2026-03-21T11:38:50Z,0,0,0,1,65.2,0,25.8,845.2,26.3,26.6,54.7,453,2157,0,0.3,178,1.3,1.3,27.4,20.2,21.5
2026-03-21T11:53:57Z,0,0,0,0.8,65.2,0,25.3,845,25.8,26,56.6,412,1627,0,0,158,0.2,0.2,26,19.8,20.5
2026-03-21T12:09:49Z,0,0,0,2.2,65.2,0,25,844.6,25.2,25.7,56.8,674,4549,0,0.3,158,0.7,0.7,25.7,19.6,20.3
2026-03-21T12:24:55Z,0,0,0,0.9,65.2,0,24.8,844.5,25.2,25.2,58.4,427,1893,0,0.4,168,1.1,1.1,25.2,19.4,19.9
2026-03-21T12:40:01Z,0,0,0,1.2,65.2,0,25.7,844.3,26.2,26.4,55.7,481,2514,0,0.4,168,1.5,1.5,26.5,20.1,20.9
2026-03-21T12:55:07Z,0,0,0,0.5,65.2,0,24.4,844.4,24.9,24.9,61.9,345,1160,0,0.4,163,0.9,0.9,24.9,19.7,19.7
2026-03-21T13:10:13Z,0,0,0,0.3,65.2,0,23.9,844.4,24.2,24.3,63.8,319,886,0,0.3,141,0.9,0.9,24.4,19.4,19.3
2026-03-21T13:25:53Z,0,0,0,0.2,65.2,0,21.9,844.5,22.2,22.4,74.2,302,684,0,0.8,190,2.6,2.6,22.5,19,17.7
2026-03-21T13:41:50Z,0,0,0,0.3,65.2,0,21.6,844.4,21.8,22,74.9,308,748,0,0.3,114,1.7,1.7,22.1,18.8,17.4
2026-03-21T13:56:57Z,0,0,0,0.3,65.2,0,21.4,844.5,21.6,21.8,75.1,324,911,0,0.5,185,1.7,1.7,21.9,18.6,17.2
2026-03-21T14:12:54Z,0,0,0,0.5,65.2,0,21.4,844.4,21.6,21.8,75.1,355,1244,0,0.4,181,2,2,21.9,18.6,17.2
2026-03-21T14:28:03Z,0,0,0,0.6,65.2,0,21.8,844.6,22,22.2,71.2,365,1358,0,0.1,167,0.7,0.7,22.2,18.5,17.5
2026-03-21T14:43:58Z,0,0,0,0.5,65.2,0,22.1,844.7,22.3,22.6,71.3,355,1288,0,0.3,138,1.7,1.7,22.7,18.9,17.9
2026-03-21T14:59:04Z,0,0.2,0,0.2,65.2,0,21.7,844.9,22,22.2,72.2,300,684,0,0.1,138,0.4,0.4,22.3,18.7,17.6
2026-03-21T15:14:10Z,0,0,0,0.1,65.2,0,21.6,845.1,21.9,22,77.4,280,435,0,0.2,138,0.7,0.7,22.2,19.1,17.4
2026-03-21T15:29:58Z,0,0,0,0.1,65.2,0,21.4,845.2,21.6,21.8,78.1,266,310,0,0.4,165,1.3,1.3,21.9,19,17.2
2026-03-21T15:44:58Z,0,0,0,0,65.2,0,21.1,845.1,21.2,21.5,79.4,261,263,0,0,150,0.4,0.4,21.6,18.9,17
2026-03-21T16:00:16Z,0,0,0,0,65.2,0,20.7,845.6,20.9,21,81,261,252,0,0,150,0,0,21.2,18.6,16.6
2026-03-21T16:17:00Z,0,0,0,0,65.2,0,20.6,845.9,20.8,20.9,82.4,261,253,0,0.1,150,0.2,0.2,21.1,18.7,16.5
2026-03-21T16:32:20Z,0,0,0,0,65.2,0,20.7,845.7,20.8,21,82.8,261,254,0,0.8,155,3.1,3.1,21.2,18.8,16.6
2026-03-21T16:47:58Z,0,0,0,0,65.2,0,20.8,846.1,20.9,21.1,81.4,260,253,0,0,200,0.2,0.2,21.3,18.8,16.7
2026-03-21T17:03:28Z,0,0,0,0,65.2,0,20.6,846.4,20.8,21,82.1,261,254,0,0.5,148,1.7,1.7,21.1,18.7,16.5
2026-03-21T17:19:00Z,0,0,0,0,65.2,0,20.2,846.5,20.4,20.6,83.4,261,255,0,0.6,190,2,2,20.7,18.5,16.2
2026-03-21T17:34:16Z,0,0,0,0,65.2,0,19.8,846.6,20.1,20.2,83.1,260,253,0,0.9,182,2.8,2.8,20.3,18.1,15.9
2026-03-21T17:49:30Z,0,0,0,0,65.2,0,19.5,846.9,19.7,19.9,84.4,261,254,0,0,170,0,0,20.1,18,15.6
2026-03-21T18:04:30Z,0,0,0,0,65.2,0,19.3,847.3,19.5,19.7,85.8,260,253,0,0,170,0,0,19.9,18,15.4
2026-03-21T18:20:03Z,0,0,0,0,65.2,0,19.3,847.4,19.5,19.7,86.8,260,253,0,0,170,0,0,19.8,18.1,15.4
2026-03-21T18:35:34Z,0,0,0,0,65.2,0,19.1,847.6,19.3,19.5,87.1,260,252,0,0,154,0.2,0.2,19.7,18,15.3
2026-03-21T18:50:52Z,0,0,0,0,65.2,0,19.1,847.8,19.2,19.4,87.6,260,253,0,0.1,142,0.7,0.7,19.6,17.9,15.2
2026-03-21T19:06:11Z,0,0,0,0,65.2,0,19,847.9,19.2,19.4,87.6,261,253,0,0,142,0.2,0.2,19.6,17.9,15.2
2026-03-21T19:22:10Z,0,0,0,0,65.2,0,18.9,848,19.1,19.3,87.1,260,253,0,0.8,176,4.1,4.1,19.4,17.7,15.1
2026-03-21T19:38:07Z,0,0,0,0,65.2,0,18.6,848.2,18.8,19,88.2,261,254,0,0.3,149,1.3,1.3,19.1,17.5,14.7
2026-03-21T19:53:13Z,0,0,0,0,65.2,0,18.3,847.9,18.4,18.7,89.4,260,254,0,0.4,118,1.1,1.1,18.9,17.5,14.5
2026-03-21T20:08:14Z,0,0,0,0,65.2,0,18.3,848.1,18.4,18.7,89.8,259,254,0,0.3,139,1.1,1.1,18.8,17.4,14.5
2026-03-21T20:23:19Z,0,0,0,0,65.2,0,18.2,848.1,18.4,18.6,89.9,260,254,0,0.5,192,1.5,1.5,18.7,17.4,14.4
2026-03-21T20:38:26Z,0,0,0,0,65.2,0,18.2,848.2,18.3,18.6,90.2,261,253,0,0.1,186,0.4,0.4,18.7,17.4,14.4
2026-03-21T20:53:47Z,0,0,0,0,65.2,0,18.1,848.4,18.2,18.5,90.7,261,254,0,0.5,186,1.1,1.1,18.6,17.4,14.3
2026-03-21T21:09:23Z,0,0,0,0,65.2,0,18.2,848.3,18.4,18.6,90.4,260,253,0,0.5,186,1.5,1.5,18.7,17.4,14.4
2026-03-21T21:24:30Z,0,0,0,0,65.2,0,18.1,848,18.2,18.5,90.2,260,254,0,0.4,186,1.3,1.3,18.6,17.3,14.3
2026-03-21T21:40:26Z,0,0,0,0,65.2,0,17.8,848.1,17.9,18.2,90.7,261,253,0,0.4,186,0.9,0.9,18.3,17,14
2026-03-21T21:55:32Z,0,0,0,0,65.2,0,17.8,847.9,17.9,18.1,90,260,253,0,0.1,121,0.2,0.2,18.2,16.9,13.9
2026-03-21T22:10:38Z,0,0,0,0,65.2,0,17.7,847.9,17.8,18.1,89.8,261,253,0,0,121,0,0,18.2,16.9,13.9
2026-03-21T22:25:44Z,0,0,0,0,65.2,0,17.7,847.7,17.9,18.1,89.7,261,254,0,0.1,134,0.9,0.9,18.2,16.8,13.9
2026-03-21T22:41:08Z,0,0,0,0,65.2,0,17.6,847.5,17.8,18,89.8,260,253,0,0,134,0.2,0.2,18.1,16.8,13.8
2026-03-21T22:56:15Z,0,0,0,0,65.2,0,17.6,847.3,17.8,18,89.8,260,253,0,0.2,134,0.9,0.9,18.1,16.7,13.8
2026-03-21T23:11:21Z,0,0,0,0,65.2,0,17.7,847.4,17.8,18,89.9,260,254,0,0.2,133,0.8,0.8,18.1,16.8,13.8
2026-03-21T23:26:27Z,0,0,0,0,65.2,0,17.7,847.4,17.8,18,89.6,260,254,0,0.3,134,1.1,1.1,18.1,16.8,13.8
2026-03-21T23:41:33Z,0,0,0,0,65.2,0,17.7,847.3,17.9,18.1,89.5,260,254,0,0,134,0,0,18.2,16.8,13.9
2026-03-21T23:56:40Z,0,0,0,0,65.2,0,17.7,847.1,17.8,18,89.6,260,253,0,0,134,0,0,18.1,16.8,13.8
2026-03-22T00:00:41Z,0,0,0,0,65.2,0,17.7,847.1,17.8,18,89.9,259,254,0,0.1,134,0.7,0.7,18.1,16.8,13.8
2026-03-22T00:16:08Z,0,0,0,0,65.2,0,17.7,847.2,17.9,18,89.8,261,254,0,0,134,0.2,0.2,18.2,16.8,13.9
2026-03-22T00:31:14Z,0,0,0,0,65.2,0,17.7,847.2,17.8,18,89.7,261,254,0,0.1,134,0.5,0.5,18.1,16.8,13.8
2026-03-22T00:46:20Z,0,0,0,0,65.2,0,17.7,847.2,17.8,18,89.7,260,255,0,0.1,134,0.2,0.2,18.2,16.8,13.9
2026-03-22T01:01:27Z,0,0,0,0,65.2,0,17.5,847.2,17.6,17.8,89.8,260,254,0,0,134,0,0,17.9,16.6,13.7
2026-03-22T01:16:33Z,0,0,0,0,65.2,0,17.2,847.1,17.4,17.5,90.7,261,253,0,0,134,0,0,17.6,16.4,13.4
2026-03-22T01:31:39Z,0,0,0,0,65.2,0,17.2,847.2,17.2,17.5,92,259,253,0,0,134,0,0,17.6,16.6,13.4
2026-03-22T01:46:45Z,0,0,0,0,65.2,0,17.1,847.3,17.2,17.5,92.1,261,253,0,0,134,0,0,17.6,16.5,13.3
2026-03-22T02:02:11Z,0,0,0,0,65.2,0,17,847.2,17.1,17.3,92.5,261,254,0,0,134,0,0,17.4,16.4,13.2
2026-03-22T02:17:18Z,0,0,0,0,65.2,0,16.9,847.4,17.1,17.3,92.9,260,254,0,0,134,0,0,17.4,16.5,13.2
2026-03-22T02:32:24Z,0,0,0,0,65.2,0,17.1,847.4,17.2,17.4,93.1,261,254,0,0,134,0,0,17.5,16.6,13.3
2026-03-22T02:47:30Z,0,0,0,0,65.2,0,17.1,847.5,17.2,17.5,92.4,261,253,0,0,134,0,0,17.6,16.6,13.3
2026-03-22T03:02:36Z,0,0,0,0,65.2,0,17.2,847.7,17.3,17.5,91.6,260,253,0,0,134,0,0,17.7,16.5,13.4
2026-03-22T03:17:43Z,0,0,0,0,65.2,0,17.3,847.7,17.4,17.6,91.7,261,255,0,0,134,0,0,17.7,16.6,13.4
2026-03-22T03:32:49Z,0,0,0,0,65.2,0,17.2,847.7,17.2,17.5,91.8,262,286,0,0,134,0,0,17.6,16.5,13.4
2026-03-22T03:48:15Z,0,0,0,0.1,65.2,0,17,847.9,17.2,17.3,92.2,279,461,0,0,134,0,0,17.4,16.4,13.2
2026-03-22T04:03:21Z,0,0,0,0.2,65.2,0,17.1,848.2,17.2,17.4,92.6,291,559,0,0,355,0,0,17.5,16.6,13.3
2026-03-22T04:18:27Z,0,0,0,0.4,65.2,0,17.4,848.4,17.6,17.7,91.9,327,964,0,0,355,0,0,17.8,16.7,13.5
2026-03-22T04:33:33Z,0,0,0,0.4,65.2,0,18,848.4,18.2,18.3,90.6,327,929,0,0,356,0.2,0.2,18.4,17.2,14.1
2026-03-22T04:48:40Z,0,0,0,1.2,65.2,0,19.4,848.6,19.3,19,87,484,2747,0,0.1,356,0.8,0.8,19.1,17.4,14.7
2026-03-22T05:04:35Z,0,0,0,1.5,65.2,0,20.9,848.7,21.1,19.8,82.7,544,3383,0,1.1,234,1.7,1.7,19.9,17.7,15.5
2026-03-22T05:19:41Z,0,0,0,2,65.2,0,20,848.6,20.3,19.4,83.1,636,4376,0,1.3,221,2,2,19.5,17.3,15.1
2026-03-22T05:34:47Z,0,0,0,0.5,65.2,0,21,848.6,20.6,20.3,80,343,993,0,0,256,0.2,0.2,20.4,17.8,15.9
2026-03-22T05:49:53Z,0,0,0,0.8,65.2,0,19.9,848.8,20.2,19.7,79.7,410,1764,0,1,230,1.5,1.5,19.8,17.2,15.3
2026-03-22T06:05:00Z,0,0,0,0.7,0,1.2,21.6,848.8,21.3,21.2,75,391,1589,0,0,230,0.2,0.2,21.2,18,16.6
2026-03-22T06:20:21Z,0,0,0,0.8,0,1.2,21.3,848.7,21.4,21,75.5,401,1725,0,0.2,230,0.4,0.4,21,17.9,16.5
2026-03-22T06:35:28Z,0,0,0,3.6,0,1.2,23.4,848.7,23.2,23.3,67.4,932,7384,0,0.6,82,1.1,1.1,23.3,19,18.4
2026-03-22T06:50:34Z,0,0,0,1,0,1.2,23.9,848.9,24.3,24.5,61.1,438,2058,0,0.5,83,2,2,24.5,19.2,19.4
2026-03-22T07:05:39Z,0,0,0,1,0,1.2,22.5,848.9,22.9,23.3,66.1,439,2121,0,0.2,155,0.7,0.7,23.3,18.8,18.4
2026-03-22T07:20:45Z,0,0,0,1.7,0,1.2,22.9,848.9,23.2,23.3,66.8,581,3568,0,0.3,155,1.5,1.5,23.3,18.9,18.4
2026-03-22T07:36:33Z,0,0,0,4.3,0,1.2,23.4,848.9,23.8,23.7,65.4,1060,8836,0,0,147,0,0,23.8,19.1,18.8
2026-03-22T07:51:39Z,0,0,0,4.2,0,1.2,24.1,848.9,24.7,24.6,62.6,1038,8453,0,0.5,190,2.2,2.2,24.7,19.5,19.5
2026-03-22T08:06:45Z,0,0,0,4,0,1.2,24.8,848.8,25.2,24.9,62,1007,7994,0,0.1,140,0.4,0.4,25,19.7,19.8
2026-03-22T08:21:51Z,0,0,0,1.5,0,1.2,24.2,848.7,24.3,24.8,62.5,531,2782,0,0.1,116,0.4,0.4,24.9,19.7,19.7
2026-03-22T08:36:57Z,0,0,0,2,0,1.2,24.4,848.6,24.9,25,60.8,640,4084,0,0,119,0.2,0.2,25.1,19.6,19.8
2026-03-22T08:52:03Z,0,0,0,4.6,0,1.2,23.8,848.4,23.8,24.6,61.7,1119,9394,0,0.6,102,1.7,1.7,24.7,19.4,19.5
2026-03-22T09:07:27Z,0,0,0,0.9,0,1.2,23.7,848.3,23.8,24.4,63.3,416,1912,0,0.5,53,1.5,1.5,24.5,19.4,19.3
2026-03-22T09:22:34Z,0,0,0,1.4,0,1.2,23.7,848.1,23.9,24.4,65.4,514,2884,0,0.3,104,1.1,1.1,24.4,19.7,19.3
2026-03-22T09:37:40Z,0,0,0,1.2,0,1.2,23.3,847.9,23.3,23.9,66.6,474,2422,0,0.7,62,1.3,1.3,24,19.4,18.9
2026-03-22T09:52:47Z,0,0,0,0.9,0,1.2,23.9,847.5,23.8,24.4,64.6,432,1956,0,0.9,94,2.9,2.9,24.5,19.6,19.4
2026-03-22T10:07:54Z,0,0,0,1.1,0,1.2,24.8,847.2,24.8,25.5,60.5,467,2366,0,0.5,72,1.3,1.3,25.6,20,20.2
2026-03-22T10:23:00Z,0,0,0,3.2,0,1.2,25.1,846.9,25.4,25.6,63,848,6164,0,0.3,110,2.2,2.2,25.7,20.5,20.3
2026-03-22T10:38:05Z,0,0,0,4,0,1.2,24.9,846.6,25.2,25.7,61,1007,7909,0,0.4,62,1.1,1.1,25.8,20.3,20.4
2026-03-22T10:53:30Z,0,0,0,4.2,0,1.2,26,846.2,26,26.6,57.4,1036,8247,0,0.5,57,1.1,1.1,27.4,20.5,21.6
2026-03-22T11:08:36Z,0,0,0,4.1,0,1.2,26.1,845.9,26.3,27,52.7,1030,8270,0,0.9,66,2,2,27.6,20.2,21.8
2026-03-22T11:23:42Z,0,0,0,0.8,0,1.2,27.2,845.5,27.8,28,52.9,399,1456,0,0,140,0.2,0.2,28.8,21.1,22.6
2026-03-22T11:38:48Z,0,0,0,4.1,0,1.2,27.1,845.2,27.4,28,52.2,1020,8183,0,0.3,47,0.9,0.9,28.6,20.9,22.5
2026-03-22T11:53:54Z,0,0,0,0.9,0,1.2,25.7,845,25.9,26.6,55.6,425,1909,0,0.5,89,1.1,1.1,27.4,20.3,21.6
2026-03-22T12:09:00Z,0,0,0,0.8,0,1.2,26.9,844.8,27.2,27.9,52.6,415,1692,0,1.3,84,3.1,3.1,28.5,20.9,22.4
2026-03-22T12:24:07Z,0,0,0,0.9,0,1.2,26.4,844.6,26.2,27.7,52.6,417,1785,0,1.7,77,3.1,3.1,28.3,20.7,22.3
2026-03-22T12:39:38Z,0,0,0,0.6,0,1.2,25.6,844.6,25.7,26.5,55.7,366,1255,0,1.1,65,2.4,2.4,26.5,20.1,20.9
2026-03-22T12:54:43Z,0,0,0,0.8,0,1.2,26.2,844.6,26.6,27.1,57.6,410,1742,0,0.7,88,2.6,2.6,28,21,22
2026-03-22T13:10:40Z,0,0,0,2.3,0,1.2,24.8,844.5,25.2,25.6,61.7,682,4659,0,0.4,134,1.5,1.5,25.7,20.3,20.3
2026-03-22T13:25:41Z,0,0,0,2.2,0,1.2,27,844.3,27.4,28.3,54.8,666,4551,0,0.1,107,0.7,0.7,29.3,21.6,22.9
2026-03-22T13:40:48Z,0,0,0,0.3,0,1.2,25.1,844.3,25.4,26.1,59.8,321,745,0,0.3,113,1.3,1.3,26.2,20.5,20.7
2026-03-22T13:56:47Z,0,0,0,1.4,0,1.2,25,844.4,25.5,26.2,57.6,510,2868,0,0.1,202,0.7,0.7,26.3,20.2,20.7
2026-03-22T14:12:42Z,0,0,0,0.9,0,1.2,24.7,844.2,25.2,26,56.6,420,1875,0,0.9,84,4.1,4.1,26.1,19.9,20.6
2026-03-22T14:27:48Z,0,0,0,0.2,0,1.2,24,844.4,24.1,24.6,60.2,296,497,0,1.5,84,3.5,3.5,24.6,19.1,19.4
2026-03-22T14:42:58Z,0,0,0,0.2,0,1.2,23.4,844.7,23.5,23.7,63.7,288,436,0,0.4,117,1.1,1.1,23.8,18.9,18.8
2026-03-22T14:58:17Z,0,0,0,0.1,0,1.2,22.9,845,23.1,23.2,65.1,281,394,0,0.2,107,0.7,0.7,23.3,18.6,18.4
2026-03-22T15:13:53Z,0,0,0,0.1,0,1.2,22.5,845.1,22.6,22.8,68.4,276,352,0,0,114,0.2,0.2,22.9,18.7,18
2026-03-22T15:28:59Z,0,0,0,0.1,0,1.2,22.1,845.2,22.3,22.4,68.5,267,302,0,0.8,113,2,2,22.5,18.3,17.7
2026-03-22T15:44:23Z,0,0,0,0,0,1.2,21.7,845.6,21.9,22.1,70.7,262,266,0,0,101,0,0,22.1,18.3,17.4
2026-03-22T15:59:47Z,0,0,0,0,0,1.2,21.3,846,21.4,21.6,77.1,260,253,0,0,113,0,0,21.8,18.7,17.1
2026-03-22T16:15:15Z,0,0,0,0,0,1.2,20.9,846.3,21.1,21.2,78.1,262,252,0,0,113,0.2,0.2,21.3,18.5,16.7
2026-03-22T16:30:54Z,0,0,0,0,0,1.2,20.7,846.3,20.8,21,78.6,258,253,0,0,114,0,0,21.1,18.3,16.5
2026-03-22T16:46:16Z,0,0,0,0,0,1.2,20.4,846.5,20.6,20.8,79.8,260,253,0,0.1,114,0.4,0.4,20.9,18.2,16.3
2026-03-22T17:03:13Z,0,0,0,0,0,1.2,20.1,846.9,20.2,20.5,80.4,258,254,0,0,115,0,0,20.6,18,16.1
2026-03-22T17:18:34Z,0,0,0,0,0,1.2,19.8,847,19.9,20.1,82.5,259,254,0,0,115,0.4,0.4,20.3,18,15.8
2026-03-22T17:33:45Z,0,0,0,0,0,1.2,19.9,847.1,20.1,20.2,82.7,260,253,0,0,115,0.2,0.2,20.3,18.1,15.9
2026-03-22T17:48:58Z,0,0,0,0,0,1.2,20,847.3,20.1,20.3,83.5,260,253,0,0.1,115,0.4,0.4,20.4,18.2,15.9
2026-03-22T18:04:06Z,0,0,0,0,0,1.2,20,847.5,20.1,20.3,82.4,261,252,0,0.6,116,1.3,1.3,20.5,18.2,16
2026-03-22T18:19:42Z,0,0,0,0,0,1.2,20.1,847.7,20.2,20.4,83.6,260,254,0,0.2,116,1.3,1.3,20.5,18.3,16
2026-03-22T18:35:40Z,0,0,0,0,0,1.2,19.8,848,19.9,20.2,84.7,260,253,0,0.2,118,0.4,0.4,20.4,18.3,15.9
2026-03-22T18:51:40Z,0,0,0,0,0,1.2,19.4,848.2,19.6,19.9,86.5,260,252,0,0,118,0,0,20,18.2,15.6
2026-03-22T19:06:54Z,0,0,0,0,0,1.2,19.2,848.2,19.4,19.6,88.5,262,253,0,0.3,127,1.1,1.1,19.8,18.2,15.4
2026-03-22T19:22:18Z,0,0,0,0,0,1.2,19.2,848.4,19.3,19.5,88.3,260,253,0,0.1,201,0.7,0.7,19.7,18.1,15.3
2026-03-22T19:37:31Z,0,0,0,0,0,1.2,18.8,848.5,19,19.2,87,259,253,0,0.1,200,0.4,0.4,19.4,17.6,15
2026-03-22T19:52:57Z,0,0,0,0,0,1.2,18.5,848.6,18.7,18.9,85.6,260,253,0,0.9,200,1.7,1.7,19,17.2,14.7
2026-03-22T20:08:31Z,0,0,0,0,0,1.2,18.4,848.6,18.6,18.8,87.8,261,253,0,0,199,0,0,18.9,17.3,14.6
2026-03-22T20:24:24Z,0,0,0,0,0,1.2,18.5,848.4,18.7,18.9,88.4,261,252,0,0.3,200,1.1,1.1,19,17.5,14.7
2026-03-22T20:39:30Z,0,0,0,0,0,1.2,18.5,848.7,18.6,18.8,88.3,260,254,0,0,199,0,0,18.9,17.4,14.6
2026-03-22T20:54:37Z,0,0,0,0,0,1.2,18.7,848.9,18.9,19.1,89.7,261,252,0,0.2,200,0.7,0.7,19.2,17.8,14.8
2026-03-22T21:09:44Z,0,0,0,0,0,1.2,18.8,848.7,18.9,19.1,89.8,259,252,0,0.4,200,0.7,0.7,19.3,17.9,14.9
2026-03-22T21:24:51Z,0,0,0,0,0,1.2,18.5,848.8,18.7,18.8,89.3,261,251,0,0.2,200,0.4,0.4,19,17.5,14.6
2026-03-22T21:39:57Z,0,0,0,0,0,1.2,18.4,848.6,18.6,18.8,89.4,259,253,0,0.2,200,0.7,0.7,18.9,17.5,14.6
2026-03-22T21:55:21Z,0.2,0,2,0,0,1.2,16.9,848.9,16.9,17.5,90.4,260,253,0,0.5,132,1.3,1.3,17.6,16.4,13.3
2026-03-22T22:10:28Z,0.2,0,3.8,0,0,1.2,16.4,848.9,16.4,16.9,92.1,261,253,0,0,126,0,0,16.9,15.9,12.7
2026-03-22T22:25:34Z,0,0,5.8,0,0,1.2,16.3,848.5,16.3,16.6,93.4,260,253,0,0,126,0,0,16.7,15.9,12.5
2026-03-22T22:40:41Z,0,0,6,0,0,1.2,16.2,848.2,16.2,16.5,94,260,253,0,0,118,0,0,16.6,15.8,12.4
2026-03-22T22:55:47Z,0,0,6.2,0,0,1.2,16.2,848.2,16.2,16.5,94.2,261,253,0,0,118,0,0,16.6,15.8,12.4
2026-03-22T23:10:53Z,0,0,7,0,0,1.2,16.3,848,16.4,16.7,94.7,259,253,0,0,118,0,0,16.8,16.1,12.6
2026-03-22T23:26:00Z,0,0,7,0,0,1.2,16.3,848.2,16.3,16.6,94.9,260,254,0,0,118,0.2,0.2,16.7,16,12.5
2026-03-22T23:41:24Z,0,0,7.2,0,0,1.2,16.1,848.1,16.3,16.5,95,261,253,0,0,118,0,0,16.6,15.9,12.4
2026-03-22T23:56:31Z,0,0,7.2,0,0,1.2,16.3,848.2,16.4,16.6,95.2,259,254,0,0,118,0,0,16.7,16.1,12.5
2026-03-23T00:00:32Z,0,0,7.2,0,0,1.2,16.3,848.1,16.4,16.6,95.2,260,254,0,0,118,0,0,16.7,16.1,12.5
2026-03-23T00:15:39Z,0,0,7.2,0,0,1.2,16.5,848.2,16.6,16.8,95.4,260,254,0,0,118,0,0,16.9,16.3,12.7
2026-03-23T00:30:45Z,0.2,0,11,0,0,1.2,16.3,848.5,16.4,16.8,95.3,260,254,0,1.1,86,2.2,2.2,16.9,16.2,12.6
2026-03-23T00:45:51Z,0.2,0,13,0,0,1.2,15,848.3,15.3,15.5,94.8,261,254,0,0.5,65,1.1,1.1,15.6,14.9,11.4
2026-03-23T01:00:57Z,0,0,14,0,0,1.2,15,848.1,15.2,15.4,95.1,261,254,0,0.5,84,1.1,1.1,15.5,14.9,11.3
2026-03-23T01:16:24Z,0.2,0,15,0,0,1.2,15,848.2,15.3,15.5,95.4,259,253,0,0.1,82,0.5,0.5,15.5,14.9,11.4
2026-03-23T01:31:31Z,0,0,15.4,0,0,1.2,15.2,848.3,15.5,15.6,95.5,260,253,0,0,78,0.2,0.2,15.7,15.1,11.5
2026-03-23T01:47:32Z,0,0,16.2,0,0,1.2,15.4,848.1,15.7,15.8,95.8,260,254,0,0,27,0.2,0.2,15.9,15.3,11.7
2026-03-23T02:02:38Z,0,0,16.6,0,0,1.2,15.5,848.3,15.8,15.9,96,260,253,0,0,27,0,0,16,15.4,11.8
2026-03-23T02:17:45Z,0,0,17.2,0,0,1.2,15.6,848.5,15.9,16,96.1,260,253,0,0,27,0.2,0.2,16.1,15.5,11.9
2026-03-23T02:32:51Z,0,0,17.4,0,0,1.2,15.7,848.3,16,16.1,96.2,260,254,0,0,27,0,0,16.2,15.6,12
2026-03-23T02:47:57Z,0,0,17.4,0,0,1.2,15.6,848.3,16,16.1,96.2,261,253,0,0,27,0,0,16.1,15.6,11.9
2026-03-23T03:03:36Z,0,0,17.4,0,0,1.2,15.8,848.4,16.1,16.2,96.3,261,253,0,0,27,0,0,16.3,15.8,12.1
2026-03-23T03:18:42Z,0,0,17.4,0,0,1.2,16,848.5,16.2,16.4,96.4,260,254,0,0,27,0,0,16.5,16,12.3
2026-03-23T03:33:48Z,0,0,17.4,0,0,1.2,16,848.7,16.2,16.4,96.4,261,263,0,0,27,0,0,16.5,16,12.3
2026-03-23T03:49:37Z,0,0,17.4,0.1,0,1.2,16.2,848.8,16.2,16.5,96.4,268,328,0,0,27,0,0,16.7,16.1,12.4
2026-03-23T04:04:43Z,0,0,17.4,0.2,0,1.2,16.4,848.9,16.5,16.8,96.5,288,561,0,0,27,0,0,16.9,16.4,12.7
2026-03-23T04:19:49Z,0,0,17.4,0.3,0,1.2,16.8,849,16.9,17.1,96.5,313,853,0,0,27,0,0,17.3,16.7,13
2026-03-23T04:34:56Z,0,0,17.4,0.5,0,1.2,17,849,16.9,17.3,96.4,349,1229,0,0,27,0,0,17.5,16.9,13.2
2026-03-23T04:50:02Z,0,0,17.4,0.5,0,1.2,17.1,849.2,17.2,17.5,96.2,354,1303,0,0,81,0.2,0.2,17.6,17,13.4
2026-03-23T05:05:08Z,0,0,17.4,0.4,0,1.2,17.3,849.5,17.4,17.8,95.7,341,1093,0,0.2,124,0.7,0.7,18,17.3,13.7
2026-03-23T05:20:33Z,0,0,17.4,0.8,0,1.2,17.3,849.6,17.5,17.9,93.8,406,1730,0,0.2,123,0.9,0.9,18,17.1,13.7
2026-03-23T05:35:39Z,0,0,17.4,0.6,0,1.2,17.7,849.9,17.8,18.2,93.1,363,1312,0,0.3,139,0.7,0.7,18.4,17.4,14.1
2026-03-23T05:50:45Z,0,0,17.4,0.4,0,1.2,17.6,850.4,17.6,18.2,92.6,329,961,0,0.1,117,0.4,0.4,18.3,17.3,14
2026-03-23T06:06:41Z,0,0,0,0.6,17.4,0,17.7,850.4,17.8,18.2,92.5,369,1328,0,0.2,111,0.4,0.4,18.4,17.3,14.1
2026-03-23T06:22:40Z,0,0,0,0.6,17.4,0,17.9,850.5,18.1,18.4,91.8,374,1438,0,0,111,0,0,18.6,17.4,14.3
2026-03-23T06:37:47Z,0,0,0,0.7,17.4,0,18.6,850.5,18.6,19,90.1,387,1605,0,0,111,0,0,19.2,17.8,14.8
2026-03-23T06:52:53Z,0,0,0,1.8,17.4,0,19.3,850.4,19.3,19.6,87.5,589,3734,0,0.4,108,0.9,0.9,19.8,18.1,15.4
2026-03-23T07:07:59Z,0,0,0,3,17.4,0,21.9,850.6,22,22,82,824,6160,0,0.1,138,0.7,0.7,22.3,19.8,17.5
2026-03-23T07:23:05Z,0,0,0,1.2,17.4,0,22.1,850.6,21.9,22.8,74.9,486,2621,0,0.5,84,1.3,1.3,22.9,19.5,18.1
2026-03-23T07:38:11Z,0,0,0,2,17.4,0,21.5,850.5,21.9,22.1,75.7,627,4026,0,0.6,153,2,2,22.2,18.9,17.5
2026-03-23T07:53:17Z,0,0,0,5.2,17.4,0,23,850.3,23.2,23.4,71.8,1233,10487,0,0.4,102,1.5,1.5,23.6,19.7,18.6
2026-03-23T08:08:40Z,0,0,0,4.7,17.4,0,23.6,850,23.6,24.1,67.2,1131,9354,0,1.5,97,2.6,2.6,24.3,19.8,19.2
2026-03-23T08:23:43Z,0,0,0,3.7,17.4,0,22.8,849.9,23,23.4,70.3,946,7284,0,1,91,3.3,3.3,23.5,19.5,18.6
2026-03-23T08:38:47Z,0,0,0,3.2,17.4,0,22.8,849.6,23,23.3,68.2,864,6525,0,0.6,95,1.7,1.7,23.4,19.1,18.5
2026-03-23T08:53:57Z,0,0,0,4.8,17.4,0,24.2,849.4,24.2,24.7,64.3,1146,9481,0,0.9,86,2.4,2.4,24.8,19.9,19.6
2026-03-23T09:09:52Z,0,0,0,4.8,17.4,0,25.2,849.1,25.1,25.6,62.1,1155,9537,0,1.1,49,2.8,2.8,25.7,20.3,20.3
2026-03-23T09:24:58Z,0,0,0,1.1,17.4,0,24.7,848.9,24.5,25,62.2,461,2303,0,0.2,76,0.7,0.7,25,19.8,19.8
2026-03-23T09:40:05Z,0,0,0,1,17.4,0,24.6,848.6,24.9,25.1,64.7,437,2082,0,0,134,0,0,25.2,20.3,19.9
2026-03-23T09:55:11Z,0,0,0,1.2,17.4,0,23.3,848.4,23.4,23.9,65.6,475,2418,0,1.2,86,2,2,24,19.3,18.9
2026-03-23T10:10:53Z,0,0,0,5.2,17.4,0,25.3,848.1,25.4,25.8,62.1,1229,10416,0,0.6,50,1.5,1.5,25.9,20.5,20.5
2026-03-23T10:26:00Z,0,0,0,5.3,17.4,0,24.2,847.8,24.3,25.3,61,1250,10737,0,0.8,83,1.5,1.5,25.3,19.9,20
2026-03-23T10:41:05Z,0,0,0,1.4,17.4,0,25.2,847.5,25.3,25.9,59.5,516,2868,0,0.9,83,2.4,2.4,26,20.2,20.5
2026-03-23T10:56:12Z,0,0,0,0.9,17.4,0,23.6,847.4,23.7,24.4,61.1,433,2080,0,0.8,65,2.4,2.4,24.5,19.1,19.3
2026-03-23T11:11:18Z,0,0,0,4.4,17.4,0,24.5,847.2,24.5,25.3,60.8,1077,8741,0,1.4,84,2.8,2.8,25.4,19.9,20.1
2026-03-23T11:26:24Z,0,0,0,3.3,17.4,0,25.8,846.7,26,26.7,60.4,867,6444,0,0.7,82,2.6,2.6,27.7,21.1,21.8
2026-03-23T11:41:49Z,0,0,0,3.3,17.4,0,25.3,846.5,25.2,26,61.4,872,6523,0,0.7,55,1.7,1.7,26.1,20.6,20.6
2026-03-23T11:56:55Z,0,0,0,4,17.4,0,26.3,846.1,26.4,27.4,53.1,1005,7985,0,1,62,1.7,1.7,28,20.6,22
2026-03-23T12:12:01Z,0,0,0,1.4,17.4,0,23.6,846.2,23.8,24.5,66.5,515,2921,0,1.3,78,3.3,3.3,24.6,20,19.5
2026-03-23T12:27:08Z,0,0,0,1.4,17.4,0,23.2,846.5,23.5,23.8,70.4,518,2932,0,0.2,135,1.1,1.1,23.9,19.8,18.9
2026-03-23T12:42:13Z,0,0,0,1.5,17.4,0,22.5,846.5,22.8,23.1,71.8,547,3178,0,0.4,163,1.3,1.3,23.2,19.4,18.3
2026-03-23T12:57:20Z,0,0,0,1.9,17.4,0,23.9,846.6,24.2,24.8,65.5,611,3906,0,1.1,60,2.5,2.5,24.9,20.1,19.7
2026-03-23T13:12:26Z,0,0,0,0.9,17.4,0,23.1,846.9,23.3,23.9,66.3,434,2107,0,0.5,151,1.1,1.1,24,19.4,19
2026-03-23T13:27:49Z,0,0,0,0.7,17.4,0,21.6,846.9,21.9,22.3,73.2,392,1675,0,0.4,96,1.3,1.3,22.4,18.8,17.6
2026-03-23T13:42:50Z,0,0,0,0.6,17.4,0,21.2,846.6,21.4,21.7,75.2,378,1525,0,0.1,201,1.1,1.1,21.8,18.5,17.1
2026-03-23T13:57:56Z,0,0,0,0.6,17.4,0,21.1,846.5,21.4,21.6,76.3,369,1427,0,0.5,94,2,2,21.7,18.6,17.1
2026-03-23T14:13:02Z,0,0,0,0.6,17.4,0,21,846.5,21.2,21.5,77,359,1289,0,1.1,113,4.1,4.1,21.6,18.5,16.9
2026-03-23T14:28:08Z,0,0,0,0.4,17.4,0,20.7,846.8,20.9,21.1,76.7,336,1054,0,0,164,0.2,0.2,21.2,18.2,16.6
2026-03-23T14:43:55Z,0,0,0,0.2,17.4,0,20.4,847,20.6,20.8,79,297,659,0,0.6,182,2.2,2.2,20.9,18.2,16.4
2026-03-23T14:59:01Z,0,0,0,0.2,17.4,0,20,847.1,20.2,20.5,83,302,701,0,0.2,148,0.7,0.7,20.6,18.4,16.1
2026-03-23T15:14:08Z,0,0,0,0.2,17.4,0,19.7,847.3,19.8,20.1,84.3,284,507,0,0.2,130,0.9,0.9,20.3,18.2,15.8
2026-03-23T15:29:14Z,0,0,0,0.1,17.4,0,19.4,847.4,19.5,19.8,86.5,267,328,0,0.2,209,0.9,0.9,20,18.2,15.5
2026-03-23T15:44:21Z,0,0,0,0,17.4,0,19.2,847.6,19.3,19.6,85.3,262,261,0,0.3,252,0.8,0.8,19.8,17.8,15.3
2026-03-23T15:59:27Z,0,0,0,0,17.4,0,18.8,848.1,18.9,19.3,86.1,259,252,0,0.6,102,2,2,19.4,17.6,15
2026-03-23T16:14:34Z,0,0,0,0,17.4,0,18.6,848.3,18.8,19,88.2,259,253,0,0,109,0,0,19.2,17.6,14.8
2026-03-23T16:29:55Z,0,0,0,0,17.4,0,18.4,848.4,18.6,18.9,89.1,260,253,0,0.8,82,1.7,1.7,19,17.5,14.6
2026-03-23T16:45:01Z,0,0,0,0,17.4,0,18.2,848.4,18.4,18.6,89.4,260,253,0,0,96,0,0,18.7,17.3,14.4
2026-03-23T17:00:07Z,0,0,0,0,17.4,0,18.1,848.6,18.2,18.5,90.1,261,253,0,0.1,67,0.2,0.2,18.6,17.3,14.3
2026-03-23T17:15:14Z,0,0,0,0,17.4,0,18,848.9,18.2,18.4,90.5,260,254,0,0.1,13,0.4,0.4,18.5,17.2,14.2
2026-03-23T17:30:39Z,0,0,0,0,17.4,0,18.1,849.2,18.2,18.5,91,261,253,0,0.6,86,1.1,1.1,18.6,17.4,14.3
2026-03-23T17:45:45Z,0,0,0,0,17.4,0,18.1,849.2,18.2,18.4,91,260,253,0,0.4,86,1.1,1.1,18.6,17.3,14.3
2026-03-23T18:00:52Z,0,0,0,0,17.4,0,18.2,849.1,18.3,18.5,91,260,252,0,0.3,88,0.6,0.6,18.7,17.4,14.3
2026-03-23T18:16:48Z,0,0,0,0,17.4,0,18,849.1,18.1,18.4,90.9,261,254,0,0.3,98,1.1,1.1,18.5,17.3,14.2
2026-03-23T18:31:54Z,0,0,0,0,17.4,0,17.9,849.2,17.9,18.2,91.6,260,252,0,0,104,0,0,18.4,17.2,14.1
2026-03-23T18:47:31Z,0,0,0,0,17.4,0,17.9,849.2,18,18.2,92.3,259,253,0,0,104,0,0,18.4,17.3,14.1
2026-03-23T19:02:53Z,0,0,0,0,17.4,0,18.1,849.1,18.2,18.4,92.1,261,254,0,0.5,103,0.9,0.9,18.6,17.5,14.3
2026-03-23T19:18:08Z,0,0,0,0,17.4,0,18.2,849.3,18.4,18.5,91.3,261,253,0,0.3,107,1,1,18.7,17.5,14.4
2026-03-23T19:33:48Z,0,0,0,0,17.4,0,18.3,849.3,18.4,18.6,91.1,259,253,0,0.2,106,0.7,0.7,18.8,17.5,14.4
2026-03-23T19:48:55Z,0,0,0,0,17.4,0,18.2,849.4,18.4,18.6,90.8,260,254,0,0,108,0.4,0.4,18.7,17.5,14.4
2026-03-23T20:04:51Z,0,0,0,0,17.4,0,18.1,849.4,18.3,18.5,90.7,260,253,0,0.3,114,0.7,0.7,18.7,17.4,14.4
2026-03-23T20:19:57Z,0,0,0,0,17.4,0,18.1,849.7,18.2,18.5,91.4,260,253,0,0.2,69,1.3,1.3,18.6,17.4,14.3
2026-03-23T20:35:08Z,0,0,0,0,17.4,0,18.2,849.6,18.3,18.5,91.6,261,253,0,0,108,0,0,18.7,17.5,14.4
2026-03-23T20:50:15Z,0,0,0,0,17.4,0,18,849.5,18.2,18.5,91.9,260,253,0,0,108,0,0,18.6,17.5,14.3
2026-03-23T21:05:21Z,0,0,0,0,17.4,0,18,849.4,18.1,18.4,92.3,259,253,0,0,108,0,0,18.5,17.5,14.2
2026-03-23T21:20:48Z,0,0,0,0,17.4,0,18,849.2,18.2,18.4,92.5,261,253,0,0.2,108,0.7,0.7,18.6,17.5,14.2
2026-03-23T21:35:54Z,0,0,0,0,17.4,0,18,849.1,18.1,18.4,93,261,253,0,0.1,112,0.9,0.9,18.5,17.5,14.2
2026-03-23T21:51:00Z,0,0,0.2,0,17.4,0,17.7,848.9,17.8,18.1,92.9,260,253,0,0,114,0,0,18.2,17.2,13.9
2026-03-23T22:06:07Z,0,0,0.4,0,17.4,0,17.5,848.7,17.6,17.9,93.3,261,253,0,0.1,114,0.7,0.7,18,17.1,13.7
2026-03-23T22:21:13Z,0,0,1.4,0,17.4,0,17.1,848.6,17.1,17.4,93.4,261,253,0,0,103,0,0,17.5,16.6,13.3
2026-03-23T22:36:20Z,0,0,2.6,0,17.4,0,16.7,848.6,16.8,17.1,93.7,260,254,0,0.4,92,0.8,0.8,17.2,16.4,13
2026-03-23T22:51:26Z,0,0,3.4,0,17.4,0,16.6,848.6,16.7,17,94.2,260,253,0,0.5,89,2,2,17.1,16.3,12.9
2026-03-23T23:06:52Z,0.2,0,5.4,0,17.4,0,16.7,848.6,16.8,17.1,94.7,261,253,0,0,53,0,0,17.2,16.4,13
2026-03-23T23:21:58Z,0,0,6,0,17.4,0,16.6,848.5,16.7,17,94.9,260,254,0,0,98,0,0,17.1,16.4,12.9
2026-03-23T23:37:05Z,0,0,6.4,0,17.4,0,16.7,848.4,16.8,17.1,95.2,259,254,0,0.2,100,0.4,0.4,17.3,16.6,13
2026-03-23T23:52:11Z,0,0,6.4,0,17.4,0,16.8,848.3,16.9,17.2,95.4,259,254,0,0.4,79,1.5,1.5,17.3,16.6,13.1
2026-03-24T00:00:15Z,0,0,6.4,0,17.4,0,16.8,848.1,16.9,17.2,95.5,260,253,0,0.3,58,0.7,0.7,17.3,16.7,13.1
2026-03-24T00:15:22Z,0,0,6.4,0,17.4,0,16.9,848.2,16.9,17.3,95.6,260,254,0,0.1,90,0.7,0.7,17.4,16.7,13.2
2026-03-24T00:30:28Z,0,0,6.6,0,17.4,0,16.9,848.2,17,17.2,95.7,260,253,0,0,120,0.2,0.2,17.4,16.7,13.1
2026-03-24T00:45:54Z,0,0,6.6,0,17.4,0,16.9,848.2,17,17.3,95.8,261,254,0,0.1,120,0.2,0.2,17.4,16.8,13.2
2026-03-24T01:01:01Z,0,0,6.6,0,17.4,0,16.9,848.2,16.9,17.2,95.8,261,254,0,0.5,90,1.1,1.1,17.4,16.7,13.1
2026-03-24T01:16:08Z,0,0,6.6,0,17.4,0,16.9,848.5,17,17.3,95.9,260,253,0,0.2,108,0.9,0.9,17.4,16.8,13.2
2026-03-24T01:31:15Z,0,0,6.8,0,17.4,0,17,848.3,17.1,17.3,95.9,260,252,0,0,117,0,0,17.5,16.8,13.2
2026-03-24T01:46:22Z,0,0,7,0,17.4,0,17,848.3,17.1,17.4,96.1,261,253,0,0.1,117,1.3,1.3,17.5,16.9,13.3
2026-03-24T02:01:28Z,0,0,8.2,0,17.4,0,17,848.4,17.1,17.3,96.1,261,254,0,0.1,81,0.7,0.7,17.5,16.9,13.2
2026-03-24T02:16:35Z,0,0,10,0,17.4,0,16.9,848.3,17,17.3,96.2,261,253,0,0,113,0.2,0.2,17.4,16.8,13.2
2026-03-24T02:31:58Z,0,0,11,0,17.4,0,16.8,848.4,16.9,17.2,96.2,259,254,0,0.7,112,1.7,1.7,17.3,16.7,13.1
2026-03-24T02:47:04Z,0,0,11.2,0,17.4,0,16.8,848.3,16.9,17.1,96.2,261,253,0,0,107,0.2,0.2,17.3,16.7,13
2026-03-24T03:02:11Z,0,0,11.2,0,17.4,0,16.8,848.3,16.9,17.2,96.3,260,252,0,0.1,134,0.4,0.4,17.3,16.7,13.1
2026-03-24T03:17:18Z,0,0,11.4,0,17.4,0,16.8,848.5,16.9,17.2,96.3,261,255,0,0.5,87,1.3,1.3,17.4,16.8,13.1
2026-03-24T03:32:25Z,0,0,11.4,0,17.4,0,16.9,848.7,16.9,17.2,96.3,264,346,0,0.4,130,2,2,17.4,16.8,13.1
2026-03-24T03:47:30Z,0,0,11.6,0.2,17.4,0,16.9,848.9,16.9,17.3,96.3,299,854,0,0.8,141,2.4,2.4,17.4,16.8,13.2
2026-03-24T04:02:37Z,0,0,11.6,0.2,17.4,0,16.9,848.9,16.9,17.2,96.2,287,583,0,0.1,116,0.4,0.4,17.4,16.8,13.1
2026-03-24T04:18:16Z,0,0,11.6,0.2,17.4,0,17,849,17.1,17.4,96.1,289,597,0,0.4,110,1.7,1.7,17.5,16.9,13.3
2026-03-24T04:33:22Z,0,0,11.6,0.2,17.4,0,17,849.2,17.1,17.4,95.9,296,626,0,0,132,0.2,0.2,17.6,16.9,13.3
2026-03-24T04:48:29Z,0,0,11.6,0.1,17.4,0,17.1,849.3,17.1,17.5,95.8,280,454,0,0.1,147,0.4,0.4,17.6,16.9,13.3
2026-03-24T05:03:36Z,0,0,11.6,0.5,17.4,0,16.9,849.5,17.1,17.3,95.6,342,1115,0,0.3,147,1.1,1.1,17.5,16.8,13.2
2026-03-24T05:18:42Z,0,0,11.6,0.5,17.4,0,17.4,849.5,17.5,17.7,95.4,358,1257,0,0.2,122,0.7,0.7,17.9,17.2,13.6
2026-03-24T05:34:05Z,0,0,11.6,0.5,17.4,0,17.6,849.8,17.8,18,94.8,353,1222,0,0,107,0.2,0.2,18.1,17.3,13.9
2026-03-24T05:49:11Z,0,0,11.6,0.4,17.4,0,17.5,849.9,17.6,17.9,93.5,339,1068,0,0.8,86,1.7,1.7,18,17.1,13.7
2026-03-24T06:04:18Z,0,0,0,0.3,11.6,0,17.6,850,17.7,18,93.4,313,767,0,0,77,0.2,0.2,18.1,17.2,13.8
2026-03-24T06:19:24Z,0,0,0.8,1,11.6,0,17.6,850.2,17.8,18,94.1,450,2268,0,0.2,132,1.1,1.1,18.2,17.3,13.9
2026-03-24T06:35:09Z,0,0,0.8,1,11.6,0,18.1,850.2,18.2,18.5,92.3,448,2148,0,0.2,77,1.1,1.1,18.7,17.6,14.3
2026-03-24T06:50:14Z,0,0,0.8,0.9,11.6,0,18.1,850.5,18.2,18.6,89.9,416,1897,0,0.5,118,1.1,1.1,18.7,17.4,14.4
2026-03-24T07:05:20Z,0,0,0.8,1.4,11.6,0,18.4,850.4,18.6,18.9,88.2,513,2911,0,0.7,101,2.2,2.2,19,17.5,14.7
2026-03-24T07:20:27Z,0,0,0.8,1.4,11.6,0,18.7,850.3,18.9,19.2,87.2,517,2967,0,0.5,141,2.2,2.2,19.4,17.7,15
2026-03-24T07:35:33Z,0,0,0.8,1.6,11.6,0,19.5,850.2,19.8,20,85.1,552,3306,0,0.4,121,2.6,2.6,20.1,18.1,15.7
2026-03-24T07:50:39Z,0,0,0.8,1.8,11.6,0,19.4,850.1,19.6,19.8,84.8,594,3767,0,0.5,162,1.3,1.3,20,18,15.5
2026-03-24T08:05:45Z,0,0,0.8,3.1,11.6,0,21.2,849.8,21.4,21.7,79.5,829,6216,0,0.3,139,1.1,1.1,21.8,19.1,17.2
2026-03-24T08:21:12Z,0,0,0.8,1.8,11.6,0,21,849.7,21.4,21.6,75.8,599,3840,0,0.9,127,2,2,21.7,18.5,17.1
2026-03-24T08:36:19Z,0,0,0.8,5.1,11.6,0,21.1,849.5,21.6,21.6,78,1211,10389,0,0.3,157,1.1,1.1,21.8,18.9,17.1
2026-03-24T08:51:25Z,0,0,0.8,1.8,11.6,0,21.1,849.1,21.6,21.7,76.6,589,3665,0,0.3,134,0.9,0.9,21.8,18.8,17.2
2026-03-24T09:06:32Z,0,0,0.8,1,11.6,0,21.5,849,21.9,22,75.8,449,2256,0,0.3,162,2.4,2.4,22.2,18.9,17.4
2026-03-24T09:21:39Z,0,0,0.8,1.3,11.6,0,22.5,848.8,22.7,23.2,70.2,505,2832,0,1.1,72,2.4,2.4,23.3,19.3,18.4
2026-03-24T09:37:17Z,0,0,0.8,4.7,11.6,0,22.7,848.6,23.1,23.4,66.7,1125,9274,0,0.7,127,2,2,23.5,19,18.5
2026-03-24T09:52:24Z,0,0,0.8,2,11.6,0,23.7,848.5,23.9,24.2,63.8,626,4004,0,1,80,2.8,2.8,24.3,19.4,19.2
2026-03-24T10:07:30Z,0,0,0.8,1,11.6,0,22.8,848.3,23,23.5,67.8,447,2230,0,1,76,2.6,2.6,23.6,19.3,18.7
2026-03-24T10:22:33Z,0,0,0.8,2,11.6,0,22.7,848.2,22.8,23.4,66.7,626,4035,0,1.3,65,2.8,2.8,23.5,19,18.5
2026-03-24T10:37:40Z,0,0,0.8,1.7,11.6,0,23,847.9,23.2,23.7,64.3,579,3578,0,0.5,131,2.4,2.4,23.7,18.9,18.7
2026-03-24T10:52:46Z,0,0,0.8,1.3,11.6,0,23.2,847.6,23.5,23.9,64.5,497,2634,0,1.4,86,2.6,2.6,23.9,19.1,18.9
2026-03-24T11:07:53Z,0,0,0.8,1.1,11.6,0,24.2,847.4,24.6,25,64.2,470,2432,0,0,140,0.2,0.2,25.1,20.1,19.9
2026-03-24T11:23:21Z,0,0,0.8,1.4,11.6,0,24.5,847.2,24.8,25.2,59,522,2931,0,1,106,2,2,25.2,19.5,19.9
2026-03-24T11:38:27Z,0,0,0.8,1,11.6,0,24.1,847,24.6,24.9,63.6,452,2282,0,0.1,197,0.4,0.4,25,19.9,19.8
2026-03-24T11:53:34Z,0,0,0.8,0.8,11.6,0,22.6,846.9,22.9,23.3,64.7,411,1833,0,0.6,169,2,2,23.3,18.6,18.4
2026-03-24T12:08:40Z,0,0,0.8,3.9,11.6,0,23.1,846.7,23.4,23.6,64.9,984,7974,0,0.2,125,0.7,0.7,23.7,19,18.7
2026-03-24T12:23:46Z,0,0,0.8,3.7,11.6,0,24.3,846.4,24.8,25.2,60,954,7668,0,0.4,181,1.3,1.3,25.2,19.7,19.9
2026-03-24T12:38:53Z,0,0,0.8,0.5,11.6,0,23.5,846.4,23.8,24.5,61.7,358,1176,0,0,115,0.2,0.2,24.5,19.3,19.4
2026-03-24T12:53:59Z,0,0,0.8,2.9,11.6,0,24.1,846,24.4,25,59.8,806,6132,0,0.8,165,2.2,2.2,25,19.4,19.8
2026-03-24T13:09:22Z,0,0,0.8,2.2,11.6,0,23,846,23.3,23.9,61,675,4664,0,0.8,55,2,2,23.9,18.6,18.9
2026-03-24T13:24:28Z,0,0,0.8,1.2,11.6,0,24.3,845.9,24.4,25.5,58.8,483,2545,0,0.1,150,0.7,0.7,25.6,19.8,20.2
2026-03-24T13:39:35Z,0,0,0.8,0.2,11.6,0,22.7,845.7,22.9,23.4,59.7,304,525,0,0.5,102,1.5,1.5,23.4,18,18.5
2026-03-24T13:54:40Z,0,0,0.8,1.4,11.6,0,24,845.6,24.4,25.3,58,524,3051,0,0.1,115,0.4,0.4,25.3,19.5,20
2026-03-24T14:09:47Z,0,0,0.8,0.7,11.6,0,24.2,845.5,24.6,25.4,57.8,394,1659,0,0.8,92,2.4,2.4,25.5,19.5,20.1
2026-03-24T14:24:54Z,0,0,0.8,0.4,11.6,0,22.7,845.9,22.8,23.3,64.7,331,978,0,1,90,2.6,2.6,23.3,18.6,18.4
2026-03-24T14:40:00Z,0,0,0.8,0.4,11.6,0,22.1,845.9,22.2,22.5,68.2,331,974,0,0.6,52,3.1,3.1,22.6,18.4,17.8
2026-03-24T14:55:27Z,0,0,0.8,0.3,11.6,0,21.5,846.1,21.6,21.9,70.9,309,760,0,1,81,2.2,2.2,22,18.2,17.3
2026-03-24T15:10:33Z,0,0,0.8,0.1,11.6,0,21.3,846,21.4,21.7,71.3,276,352,0,0.6,103,2.4,2.4,21.8,18,17.1
2026-03-24T15:25:40Z,0,0,0.8,0.1,11.6,0,20.8,846.2,20.9,21.2,73.4,269,313,0,0.2,132,0.9,0.9,21.2,17.8,16.6
2026-03-24T15:40:42Z,0,0,0.8,0,11.6,0,20.3,846.4,20.4,20.7,75,262,266,0,0.3,146,1.3,1.3,20.7,17.6,16.2
2026-03-24T15:55:48Z,0,0,0.8,0,11.6,0,19.9,846.7,20.1,20.3,76.4,258,253,0,0.1,144,0.7,0.7,20.3,17.3,15.8
2026-03-24T16:14:08Z,0,0,0.8,0,11.6,0,19.4,846.9,19.6,19.7,78.9,260,254,0,0,145,0,0,19.8,17.1,15.3
2026-03-24T16:29:32Z,0,0,0.8,0,11.6,0,19,846.9,19.1,19.3,81.7,261,254,0,0,145,0.2,0.2,19.3,17,15
2026-03-24T16:44:39Z,0,0,0.8,0,11.6,0,18.7,847,18.8,19,83.3,260,253,0,0,145,0,0,19.1,17,14.7
2026-03-24T16:59:45Z,0,0,0.8,0,11.6,0,18.7,847.4,18.8,19,84.2,261,254,0,0,145,0,0,19,17,14.7
2026-03-24T17:14:51Z,0,0,0.8,0,11.6,0,18.5,847.5,18.7,18.9,85.1,259,253,0,0,145,0,0,18.9,17.1,14.6
2026-03-24T17:31:07Z,0,0,0.8,0,11.6,0,18.5,847.9,18.7,18.9,85.5,261,253,0,0,145,0,0,19,17.1,14.6
2026-03-24T17:46:13Z,0,0,0.8,0,11.6,0,18.7,848,18.9,19,85.6,260,254,0,0,145,0,0,19.1,17.3,14.8
2026-03-24T18:01:50Z,0.6,0,1.8,0,11.6,0,17.7,848.4,17.8,18.2,89.6,260,253,0,0.9,156,2.4,2.4,18.3,17,14
2026-03-24T18:17:45Z,0,0,3.6,0,11.6,0,16.5,848.6,16.6,17.1,90.5,261,253,0,0.2,73,0.9,0.9,17.1,15.9,12.9
2026-03-24T18:32:50Z,0,0,3.6,0,11.6,0,16.3,848.2,16.4,16.8,91.2,259,252,0,0,115,0,0,16.8,15.7,12.6
2026-03-24T18:48:00Z,0,0,3.6,0,11.6,0,16.2,848.6,16.2,16.7,91.1,260,252,0,0,116,0,0,16.8,15.6,12.5
2026-03-24T19:03:45Z,0,0,3.6,0,11.6,0,16.4,848.9,16.4,16.8,90.9,261,254,0,0,116,0,0,16.9,15.7,12.6
2026-03-24T19:18:49Z,0,0,3.6,0,11.6,0,16.6,849,16.6,17,90.9,261,254,0,0,73,0,0,17.1,15.9,12.9
2026-03-24T19:33:51Z,0,0,3.6,0,11.6,0,16.8,849.2,16.9,17.3,91.8,260,254,0,0,144,0,0,17.4,16.3,13.1
2026-03-24T19:49:50Z,0,0,3.6,0,11.6,0,16.8,849.3,16.8,17.1,93,261,253,0,0,144,0,0,17.2,16.3,13
2026-03-24T20:05:47Z,0,0,3.6,0,11.6,0,16.6,849.4,16.8,17,93.7,260,253,0,0,144,0,0,17.1,16.2,12.8
2026-03-24T20:20:54Z,0,0,3.6,0,11.6,0,16.4,849.2,16.4,16.7,94.1,260,253,0,0,144,0,0,16.8,16,12.6
2026-03-24T20:36:53Z,0,0,3.6,0,11.6,0,16.2,849.3,16.3,16.6,94.3,259,252,0,0,144,0,0,16.7,15.9,12.5
2026-03-24T20:51:59Z,0,0,3.8,0,11.6,0,16,849.1,16.2,16.3,94.4,260,252,0,0,144,0,0,16.4,15.7,12.2
2026-03-24T21:07:06Z,0,0,3.8,0,11.6,0,15.9,848.9,16.2,16.3,94.6,259,252,0,0,144,0,0,16.4,15.7,12.2
2026-03-24T21:22:12Z,0,0,3.8,0,11.6,0,16,848.7,16.2,16.3,94.9,260,253,0,0,144,0.2,0.2,16.4,15.7,12.2
2026-03-24T21:37:19Z,0,0,3.8,0,11.6,0,16.1,848.4,16.3,16.5,95.1,259,253,0,0,144,0.2,0.2,16.6,15.9,12.4
2026-03-24T21:52:45Z,0,0,3.8,0,11.6,0,16.2,848.5,16.2,16.5,95.3,261,252,0,0,144,0,0,16.6,16,12.4
2026-03-24T22:07:51Z,0,0,3.8,0,11.6,0,16.3,848.3,16.4,16.7,95.4,260,253,0,0,144,0,0,16.8,16.2,12.6
2026-03-24T22:22:58Z,0,0,3.8,0,11.6,0,16.3,848,16.4,16.7,95.5,261,253,0,0,144,0,0,16.8,16.1,12.5
2026-03-24T22:38:04Z,0,0,3.8,0,11.6,0,16.2,847.8,16.2,16.5,95.5,261,254,0,0,144,0,0,16.7,16,12.4
2026-03-24T22:53:11Z,0,0,3.8,0,11.6,0,16.2,847.7,16.4,16.6,95.7,260,253,0,0,144,0,0,16.7,16.1,12.5
2026-03-24T23:08:17Z,0,0,3.8,0,11.6,0,16.1,847.3,16.2,16.5,95.7,260,254,0,0,144,0,0,16.6,16,12.4
2026-03-24T23:23:23Z,0,0,3.8,0,11.6,0,16.1,847.3,16.3,16.5,95.8,259,254,0,0,144,0,0,16.6,16,12.4
2026-03-24T23:38:48Z,0,0,3.8,0,11.6,0,16,847.2,16.2,16.4,95.8,259,253,0,0,144,0,0,16.5,15.9,12.3
2026-03-24T23:53:54Z,0,0,3.8,0,11.6,0,16.2,847.2,16.3,16.6,95.9,260,254,0,0,144,0,0,16.7,16.1,12.5
2026-03-25T00:00:57Z,0,0,3.8,0,11.6,0,16.3,847.2,16.4,16.6,96,260,253,0,0,144,0,0,16.7,16.1,12.5
2026-03-25T00:16:04Z,0,0,3.8,0,11.6,0,16.3,847.2,16.4,16.7,96.1,259,253,0,0,144,0.2,0.2,16.8,16.2,12.6
2026-03-25T00:31:10Z,0,0,3.8,0,11.6,0,16.4,847.4,16.5,16.8,96.1,260,253,0,0,144,0,0,16.9,16.3,12.7
2026-03-25T00:46:17Z,0,0,3.8,0,11.6,0,16.5,847.3,16.6,16.8,96.2,261,254,0,0.1,144,0.4,0.4,17,16.4,12.7
2026-03-25T01:01:23Z,0,0,3.8,0,11.6,0,16.6,847.2,16.7,16.9,96.3,260,253,0,0,144,0,0,17,16.5,12.8
2026-03-25T01:16:48Z,0,0,3.8,0,11.6,0,16.4,847.3,16.5,16.7,96.3,260,253,0,0,144,0,0,16.9,16.3,12.6
2026-03-25T01:31:55Z,0,0,3.8,0,11.6,0,16.2,847.5,16.2,16.6,96.3,261,253,0,0,144,0,0,16.7,16.1,12.5
2026-03-25T01:47:01Z,0,0,3.8,0,11.6,0,16.1,847.4,16.2,16.4,96.3,261,255,0,0,144,0,0,16.5,16,12.3
2026-03-25T02:02:07Z,0,0,3.8,0,11.6,0,15.9,847.5,16.2,16.3,96.4,259,254,0,0,144,0,0,16.4,15.8,12.2
2026-03-25T02:17:14Z,0.2,0,4,0,11.6,0,15.8,847.5,16.1,16.2,96.4,260,253,0,0,144,0,0,16.3,15.8,12.1
2026-03-25T02:32:20Z,0,0,4,0,11.6,0,15.7,847.6,16,16,96.5,260,253,0,0,144,0,0,16.1,15.6,11.9
2026-03-25T02:47:27Z,0,0,4,0,11.6,0,15.6,847.5,15.9,15.9,96.6,261,253,0,0,144,0,0,16,15.5,11.8
2026-03-25T03:03:00Z,0,0,4,0,11.6,0,15.5,847.7,15.8,15.9,96.7,261,252,0,0,144,0,0,16,15.5,11.8
2026-03-25T03:18:03Z,0,0,4,0,11.6,0,15.4,847.8,15.7,15.9,96.7,260,255,0,0,144,0,0,15.9,15.5,11.7
2026-03-25T03:33:09Z,0,0,4,0,11.6,0,15.6,848,15.9,16,96.8,263,269,0,0,144,0,0,16.1,15.6,11.9
2026-03-25T03:48:16Z,0,0,4,0.1,11.6,0,15.6,848.1,15.9,15.9,96.8,274,397,0,0.1,144,0.7,0.7,16,15.6,11.8
2026-03-25T04:03:22Z,0,0,4,0.2,11.6,0,15.6,848.3,15.9,16,96.9,295,599,0,0,144,0,0,16.1,15.6,11.9
2026-03-25T04:18:28Z,0,0,4,0.3,11.6,0,16,848.5,16.3,16.4,97,313,790,0,0,144,0,0,16.5,16,12.3
2026-03-25T04:33:34Z,0,0,4,0.4,11.6,0,16.6,848.6,16.6,16.8,97,340,1088,0,0.1,144,0.4,0.4,16.9,16.4,12.7
2026-03-25T04:48:56Z,0,0,4,0.8,11.6,0,17.5,848.7,17.3,17.4,96.9,402,1809,0,0.3,144,1.1,1.1,17.6,17,13.3
2026-03-25T05:04:03Z,0,0,4,0.6,11.6,0,17,848.9,17,17.1,96,364,1346,0,0,144,0,0,17.2,16.6,13
2026-03-25T05:19:09Z,0,0,4,0.6,11.6,0,17.3,849.2,17.4,17.5,94.7,377,1498,0,0,144,0.2,0.2,17.6,16.8,13.4
2026-03-25T05:34:15Z,0,0,4,0.6,11.6,0,17.9,849.3,18,18.2,90.9,365,1325,0,0,144,0,0,18.3,17.1,14
2026-03-25T05:49:22Z,0,0,4,0.9,11.6,0,18.3,849.2,18.4,18.5,88.8,415,1890,0,0,144,0,0,18.6,17.2,14.3
2026-03-25T06:04:28Z,0,0,0,0.8,4,0,18.7,849.1,18.8,18.9,86.1,404,1761,0,0.3,144,0.7,0.7,19,17.2,14.6
2026-03-25T06:20:05Z,0,0,0,0.9,4,0,19.4,849.2,19.5,19.4,84.6,433,2087,0,0.3,144,1.1,1.1,19.5,17.5,15.1
2026-03-25T06:35:11Z,0,0,0,1,4,0,20,849.3,20.3,20.2,80.9,439,2118,0,0.3,144,1.1,1.1,20.3,17.9,15.8
2026-03-25T06:50:17Z,0,0,0,1.1,4,0,20.1,849.3,20.6,20.5,80.5,458,2267,0,0,144,0.2,0.2,20.6,18.1,16.1
2026-03-25T07:05:24Z,0,0,0,3.8,4,0,20.8,849.3,21.6,21.3,76.5,971,7953,0,0.1,144,0.7,0.7,21.4,18.3,16.8
2026-03-25T07:20:29Z,0,0,0,2.1,4,0,23.9,849.2,24.2,23.8,67.6,650,4159,0,0.2,144,0.9,0.9,23.9,19.5,18.9
2026-03-25T07:35:35Z,0,0,0,3,4,0,22.1,848.8,23,22.7,70.8,815,6022,0,0.1,144,0.4,0.4,22.8,18.9,18
2026-03-25T07:50:41Z,0,0,0,1.4,4,0,23.6,848.5,23.4,23.9,65.1,511,2702,0,0.5,80,0.9,0.9,23.9,19.2,18.9
2026-03-25T08:06:03Z,0,0,0,3.9,4,0,23.7,848.2,23.9,24.2,68.3,986,7862,0,0.4,128,0.7,0.7,24.4,20,19.3
2026-03-25T08:21:09Z,0,0,0,3.7,4,0,24,848.1,24.1,24.1,62.6,939,7453,0,0.6,9,1.5,1.5,24.2,19.1,19.1
2026-03-25T08:36:11Z,0,0,0,1.3,4,0,23.4,848.1,23.8,23.8,62.3,504,2730,0,0.2,138,0.9,0.9,23.8,18.7,18.8
2026-03-25T08:51:16Z,0,0,0,5.1,4,0,22.9,847.9,23.8,23.5,61.3,1213,10342,0,1.5,162,2.6,2.6,23.5,18.3,18.6
2026-03-25T09:06:23Z,0,0,0,1.5,4,0,24.2,847.8,24.6,24.7,61.2,535,2997,0,0.1,162,0.2,0.2,24.7,19.4,19.5
2026-03-25T09:21:29Z,0,0,0,4.5,4,0,25.2,847.5,25.6,25.8,54.4,1093,8982,0,0.7,184,2.4,2.4,25.9,19.4,20.4
2026-03-25T09:36:35Z,0,0,0,2.3,4,0,24.1,847.5,24.1,24.5,60.2,692,4694,0,0.2,184,0.7,0.7,24.5,19.1,19.4
2026-03-25T09:51:41Z,0,0,0,4.8,4,0,24.8,847.2,25.1,25.2,60.1,1159,9646,0,0.1,184,0.4,0.4,25.3,19.7,20
2026-03-25T10:07:07Z,0,0,0,5.1,4,0,24.5,847.1,24.9,25.4,54.5,1212,10315,0,1.6,85,3.1,3.1,25.4,19,20.1
2026-03-25T10:22:13Z,0,0,0,2.8,4,0,25.1,846.7,25.6,25.9,55.1,785,5534,0,0.3,160,0.9,0.9,26,19.6,20.5
2026-03-25T10:37:19Z,0,0,0,4.8,4,0,25,846.5,25.5,25.7,53.9,1154,9639,0,0.6,163,1.1,1.1,25.7,19.2,20.3
2026-03-25T10:52:25Z,0,0,0,0.9,4,0,24.3,846.2,24.9,25.1,54.8,421,1819,0,0.8,141,2.8,2.8,25.1,18.8,19.8
2026-03-25T11:07:31Z,0,0,0,4.7,4,0,25.3,846.2,25.6,25.9,55.8,1137,9524,0,0.4,131,1.7,1.7,26,19.7,20.5
2026-03-25T11:22:38Z,0,0,0,1.9,4,0,25.9,846,26.1,26.9,50.9,614,3866,0,1.3,76,2,2,27.4,19.8,21.6
2026-03-25T11:37:44Z,0,0,0,4,4,0,25.4,845.9,25.8,26.2,53,995,7962,0,0.9,136,3.5,3.5,26.2,19.5,20.7
2026-03-25T11:53:10Z,0,0,0,1.1,4,0,25.6,845.6,26.1,26.5,50.8,470,2376,0,0.6,156,1.3,1.3,26.5,19.4,20.9
2026-03-25T12:08:16Z,0,0,0,3.3,4,0,24.7,845.4,25.1,25.5,55.1,879,6762,0,0.4,136,1.5,1.5,25.5,19.2,20.1
2026-03-25T12:23:22Z,0,0,0,0.8,4,0,26.1,845.2,26.5,27.1,49.8,401,1581,0,1.3,89,2,2,27.5,19.8,21.7
2026-03-25T12:38:28Z,0,0,0,0.9,4,0,25.4,845,25.8,26.4,53.6,430,1932,0,0.3,105,0.9,0.9,26.5,19.8,20.9
2026-03-25T12:53:34Z,0,0,0,1,4,0,26.2,844.9,26.6,27.2,51.2,449,2134,0,0.2,149,0.7,0.7,27.7,20.1,21.8
2026-03-25T13:08:41Z,0,0,0,2.3,4,0,26,844.7,26.1,27.3,52.8,681,4681,0,1.1,56,2.4,2.4,27.9,20.4,21.9
2026-03-25T13:23:47Z,0,0,0,0.8,4,0,26,844.8,26.4,27.5,52.9,410,1693,0,0,110,0.5,0.5,28.2,20.6,22.1
2026-03-25T13:38:52Z,0,0,0,1.7,4,0,24.5,844.7,24.8,25.5,56,580,3652,0,0.1,145,0.7,0.7,25.6,19.4,20.2
2026-03-25T13:54:15Z,0,0,0,1.3,4,0,25.8,844.7,26.4,27.1,52.5,505,2866,0,0.3,140,1.3,1.3,27.7,20.3,21.8
2026-03-25T14:09:20Z,0,0,0,1,4,0,23.8,844.7,24,24.9,59.3,445,2244,0,0.6,83,1.1,1.1,24.9,19.3,19.7
2026-03-25T14:24:26Z,0,0,0,0.3,4,0,23.8,844.7,23.9,24.3,58.7,316,732,0,1,85,1.7,1.7,24.3,18.7,19.2
2026-03-25T14:39:32Z,0,0,0,0.2,4,0,23.6,844.7,23.7,23.9,61.1,301,578,0,0,120,0,0,24,18.7,18.9
2026-03-25T14:54:38Z,0,0,0,0.1,4,0,22.9,845,23.1,23.3,65.4,283,389,0,0.3,93,0.9,0.9,23.3,18.7,18.4
2026-03-25T15:09:44Z,0,0,0,0.1,4,0,22.2,845.1,22.4,22.6,67.8,276,347,0,0.9,153,1.5,1.5,22.7,18.4,17.9
2026-03-25T15:24:46Z,0,0,0,0.1,4,0,21.8,845.3,22,22.2,69,267,305,0,0.2,87,0.7,0.7,22.2,18.2,17.5
2026-03-25T15:40:10Z,0,0,0,0,4,0,21.5,845.4,21.6,21.8,70.4,264,268,0,0.1,132,0.4,0.4,21.8,18,17.2
2026-03-25T15:55:16Z,0,0,0,0,4,0,21.1,845.7,21.3,21.5,72.8,261,254,0,0.2,132,0.7,0.7,21.5,18,16.9
2026-03-25T16:10:23Z,0,0,0,0,4,0,20.8,846,20.9,21.1,74.8,260,253,0,0.2,131,0.9,0.9,21.2,17.9,16.6
2026-03-25T16:25:29Z,0,0,0,0,4,0,20.4,846.3,20.5,20.7,76.3,261,254,0,0.5,80,2,2,20.8,17.8,16.3
2026-03-25T16:40:36Z,0,0,0,0,4,0,20.1,846.5,20.2,20.5,78,259,255,0,0,115,0,0,20.6,17.8,16.1
2026-03-25T16:55:42Z,0,0,0,0,4,0,19.8,846.8,19.9,20.2,79.3,260,255,0,0,109,0.2,0.2,20.2,17.6,15.8
2026-03-25T17:10:48Z,0,0,0,0,4,0,19.5,847,19.7,19.8,81.1,260,252,0,0,110,0,0,19.9,17.5,15.5
2026-03-25T17:26:18Z,0,0,0,0,4,0,19.4,847.2,19.6,19.7,82.1,259,254,0,0.3,81,0.7,0.7,19.8,17.5,15.4
2026-03-25T17:41:29Z,0,0,0,0,4,0,19.5,847.2,19.7,19.7,82.2,261,253,0,0.3,71,0.6,0.6,19.8,17.5,15.4
2026-03-25T17:57:24Z,0,0,0,0,4,0,19.3,847.2,19.4,19.6,82.8,259,252,0,0.2,84,0.7,0.7,19.7,17.5,15.3
2026-03-25T18:12:39Z,0,0,0,0,4,0,19,847.3,19.1,19.4,84,260,253,0,0,84,0,0,19.4,17.4,15.1
2026-03-25T18:28:31Z,0,0,0,0,4,0,18.7,847.4,18.8,19,85.9,260,254,0,0,78,0,0,19.1,17.3,14.8
2026-03-25T18:43:34Z,0,0,0,0,4,0,18.5,847.7,18.6,18.8,86.1,261,253,0,0,77,0,0,18.9,17.1,14.6
2026-03-25T18:58:34Z,0,0,0,0,4,0,18.3,847.9,18.5,18.7,87.7,261,255,0,0,70,0,0,18.8,17.2,14.4
2026-03-25T19:13:36Z,0,0,0,0,4,0,18,848,18.1,18.2,88.5,261,254,0,0,70,0,0,18.3,16.8,14
2026-03-25T19:28:37Z,0,0,0,0,4,0,17.7,848.2,17.8,18,89.4,261,254,0,0,70,0,0,18.1,16.7,13.8
2026-03-25T19:43:58Z,0,0,0,0,4,0,17.5,848.4,17.6,17.8,89.9,261,253,0,0,70,0,0,17.9,16.6,13.6
2026-03-25T19:59:27Z,0,0,0,0,4,0,17.3,848.4,17.3,17.6,90.3,260,253,0,0,70,0,0,17.7,16.4,13.4
2026-03-25T20:14:27Z,0,0,0,0,4,0,17.4,848.5,17.5,17.7,90.4,260,253,0,0,70,0,0,17.8,16.6,13.5
2026-03-25T20:29:33Z,0,0,0,0,4,0,17.4,848.6,17.6,17.8,90.3,259,253,0,0,70,0,0,17.9,16.6,13.6
2026-03-25T20:44:40Z,0,0,0,0,4,0,17.4,848.8,17.6,17.8,90.8,260,254,0,0,70,0,0,17.9,16.6,13.6
2026-03-25T20:59:47Z,0,0,0,0,4,0,17.1,848.7,17.2,17.4,91,260,254,0,0,70,0,0,17.5,16.4,13.3
2026-03-25T21:14:53Z,0,0,0,0,4,0,16.8,848.6,16.9,17.1,91.6,259,253,0,0,70,0,0,17.2,16.1,13
2026-03-25T21:30:00Z,0,0,0,0,4,0,16.6,848.6,16.7,17,92.3,261,253,0,0,70,0,0,17,16,12.8
2026-03-25T21:45:23Z,0,0,0,0,4,0,16.4,848.6,16.5,16.8,92.8,260,254,0,0,70,0,0,16.8,15.9,12.6
2026-03-25T22:00:29Z,0,0,0,0,4,0,16.2,848.5,16.4,16.6,93.1,260,255,0,0,70,0,0,16.7,15.8,12.4
2026-03-25T22:15:35Z,0,0,0,0,4,0,16.1,848.3,16.2,16.5,93.4,260,252,0,0,70,0,0,16.5,15.7,12.3
2026-03-25T22:30:42Z,0,0,0,0,4,0,16.2,848.1,16.3,16.6,93.8,260,253,0,0,70,0,0,16.6,15.8,12.4
2026-03-25T22:45:49Z,0,0,0,0,4,0,16.5,848,16.6,16.9,94.3,260,253,0,0,70,0,0,17,16.2,12.7
2026-03-25T23:00:55Z,0,0,0,0,4,0,16.7,848,16.8,17.1,93.9,262,253,0,0,70,0,0,17.2,16.3,12.9
2026-03-25T23:16:02Z,0,0,0,0,4,0,16.7,847.9,16.8,17.1,93.7,261,252,0,0,70,0.2,0.2,17.2,16.3,13
2026-03-25T23:31:27Z,0,0,0,0,4,0,16.6,847.8,16.8,17,93.5,259,254,0,0,70,0,0,17.1,16.2,12.9
2026-03-25T23:46:34Z,0,0,0,0,4,0,16.5,847.7,16.6,16.8,93.6,260,253,0,0,70,0,0,16.9,16.1,12.7
2026-03-26T00:00:40Z,0,0,0,0,4,0,16.4,847.7,16.4,16.7,94,260,255,0,0,70,0,0,16.8,16,12.6
2026-03-26T00:15:47Z,0,0,0,0,4,0,16.2,847.7,16.3,16.5,94.2,259,253,0,0,70,0,0,16.6,15.8,12.4
2026-03-26T00:30:53Z,0,0,0,0,4,0,15.9,847.7,16.2,16.3,94.4,260,253,0,0,70,0,0,16.4,15.6,12.2
2026-03-26T00:46:00Z,0,0,0,0,4,0,15.8,847.7,16.1,16.1,94.5,260,252,0,0,70,0,0,16.2,15.5,12
2026-03-26T01:01:06Z,0,0,0,0,4,0,15.6,847.7,15.9,16,94.7,259,254,0,0,70,0,0,16.1,15.4,11.9
2026-03-26T01:16:31Z,0,0,0,0,4,0,15.5,847.7,15.8,15.9,94.8,260,253,0,0,70,0,0,15.9,15.3,11.8
2026-03-26T01:31:37Z,0,0,0,0,4,0,15.5,848,15.7,15.8,95,258,254,0,0,70,0,0,15.9,15.2,11.7
2026-03-26T01:46:44Z,0,0,0,0,4,0,15.3,848.1,15.6,15.7,95.2,260,254,0,0,70,0,0,15.7,15.1,11.5
2026-03-26T02:01:50Z,0,0,0,0,4,0,15.5,848.1,15.8,15.9,95.4,259,252,0,0,70,0,0,15.9,15.3,11.7
2026-03-26T02:16:57Z,0,0,0,0,4,0,15.8,848.1,16.1,16.1,95.6,261,254,0,0,70,0,0,16.2,15.6,12
2026-03-26T02:32:03Z,0,0,0,0,4,0,15.8,848.3,16,16.1,95.7,260,254,0,0,70,0,0,16.2,15.6,12
2026-03-26T02:47:28Z,0,0,0,0,4,0,15.9,848.4,16.2,16.2,95.8,258,253,0,0,70,0,0,16.3,15.7,12.1
2026-03-26T03:02:35Z,0,0,0,0,4,0,16.1,848.5,16.2,16.4,95.9,259,253,0,0.3,70,0.7,0.7,16.5,15.9,12.3
2026-03-26T03:17:41Z,0,0,0,0,4,0,16.3,848.6,16.3,16.6,95.9,262,255,0,0,70,0,0,16.7,16.1,12.5
2026-03-26T03:32:48Z,0,0,0,0,4,0,16.3,848.8,16.4,16.7,96,263,292,0,0,70,0,0,16.8,16.2,12.6
2026-03-26T03:47:54Z,0,0,0,0.1,4,0,16.3,849,16.4,16.7,96.1,273,378,0,0,70,0,0,16.8,16.2,12.6
2026-03-26T04:03:00Z,0,0,0,0.2,4,0,16.3,849.3,16.4,16.7,96.1,289,511,0,0,70,0,0,16.8,16.2,12.6
2026-03-26T04:18:07Z,0,0,0,0.2,4,0,16.4,849.6,16.5,16.7,96.2,296,570,0,0,70,0,0,16.9,16.3,12.6
2026-03-26T04:33:32Z,0,0,0,0.3,4,0,16.8,849.8,16.8,17.1,96.3,320,899,0,0.3,44,0.7,0.7,17.2,16.6,13
2026-03-26T04:48:38Z,0,0,0,0.3,4,0,16.6,850.2,16.6,16.9,96.2,315,760,0,0.1,349,0.9,0.9,17,16.4,12.8
2026-03-26T05:03:44Z,0,0,0,0.7,4,0,17,850.4,16.9,17.1,96.1,383,1560,0,0.6,6,1.3,1.3,17.2,16.6,13
2026-03-26T05:18:51Z,0,0,0,0.6,4,0,17.3,850.7,17.2,17.4,95.8,366,1316,0,0,58,0.2,0.2,17.5,16.9,13.3
2026-03-26T05:33:57Z,0,0,0,0.6,4,0,17.4,850.9,17.4,17.5,94.8,369,1349,0,0,32,0.2,0.2,17.7,16.9,13.4
2026-03-26T05:49:04Z,0,0,0,0.9,4,0,17.9,850.9,17.9,18.1,92.8,431,2039,0,0.2,56,0.4,0.4,18.2,17.2,13.9
2026-03-26T06:04:09Z,0,0,0,1.4,0,0,18.7,850.7,18.7,18.9,88.7,520,2978,0,0.1,106,0.4,0.4,19.1,17.6,14.7
2026-03-26T06:19:34Z,0,0,0,0.6,0,0,19.3,850.9,19.5,19.5,85.7,363,1213,0,0,93,0,0,19.6,17.7,15.2
2026-03-26T06:34:41Z,0,0,0,3.5,0,0,20.3,851,20.4,20.5,85.4,914,7470,0,0,52,0,0,20.7,18.7,16.2
2026-03-26T06:49:47Z,0,0,0,3.3,0,0,20.9,851,20.8,21.5,77.6,878,6893,0,0.6,102,1.1,1.1,21.6,18.6,16.9
2026-03-26T07:04:53Z,0,0,0,3.3,0,0,23.9,851,23.7,23.7,72,869,6598,0,0.2,110,0.7,0.7,23.8,20,18.8
2026-03-26T07:20:00Z,0,0,0,3.6,0,0,24.3,850.6,24.3,24.8,63,926,7232,0,0.3,64,1.3,1.3,24.9,19.7,19.6
2026-03-26T07:35:06Z,0,0,0,3.7,0,0,24.7,850.6,24.4,25.1,58.5,944,7396,0,1.5,76,2.4,2.4,25.1,19.3,19.9
2026-03-26T07:50:12Z,0,0,0,4.7,0,0,25.3,850.5,25.2,25.5,56.7,1125,9544,0,0.8,72,1.3,1.3,25.6,19.5,20.2
2026-03-26T08:05:54Z,0,0,0,4.5,0,0,24.4,850.3,24.2,24.8,58.2,1089,9036,0,0.2,104,1.1,1.1,24.9,19.1,19.7
2026-03-26T08:21:00Z,0,0,0,1.7,0,0,24.4,850.2,24.6,24.9,60,572,3335,0,0.2,124,0.4,0.4,25,19.4,19.7
2026-03-26T08:36:06Z,0,0,0,4.7,0,0,24.4,849.9,24.9,24.7,60.8,1131,9558,0,0.9,95,2,2,24.8,19.4,19.6
2026-03-26T08:51:47Z,0,0,0,4.8,0,0,24.5,849.7,24.8,25.2,60.2,1145,9817,0,1.5,176,2.2,2.2,25.2,19.7,19.9
2026-03-26T09:06:58Z,0,0,0,4.2,0,0,24.8,849.5,25.1,25.1,59.8,1047,8567,0,0.2,175,0.9,0.9,25.1,19.5,19.9
2026-03-26T09:22:04Z,0,0,0,4.7,0,0,24.9,849.4,25.4,25.5,57.4,1125,9322,0,0.6,175,2,2,25.5,19.5,20.2
2026-03-26T09:37:11Z,0,0,0,4.9,0,0,25.5,849,25.9,26.2,57.6,1168,9822,0,0.6,137,1.3,1.3,26.3,20.3,20.8
2026-03-26T09:52:16Z,0,0,0,4.9,0,0,25.5,848.8,25.6,26.3,55.8,1180,9973,0,1,88,2.2,2.2,26.3,20,20.8
2026-03-26T10:07:42Z,0,0,0,5.1,0,0,25.1,848.5,25,25.9,55.1,1201,10357,0,0.9,77,1.3,1.3,25.9,19.5,20.5
2026-03-26T10:22:49Z,0,0,0,4.9,0,0,25.7,848.3,25.9,26.3,55.1,1173,9926,0,0.3,116,1.1,1.1,26.4,19.9,20.8
2026-03-26T10:37:55Z,0,0,0,0.8,0,0,24.9,848.1,25.5,25.6,57.7,412,1731,0,0.3,179,0.7,0.7,25.7,19.7,20.3
2026-03-26T10:53:01Z,0,0,0,3,0,0,24.7,847.9,25.1,25.3,59.2,815,6088,0,0.6,52,1.5,1.5,25.4,19.7,20.1
2026-03-26T11:08:08Z,0,0,0,4.4,0,0,26.3,847.6,26.8,27,53.2,1079,8912,0,0.4,159,1.5,1.5,27.6,20.2,21.7
2026-03-26T11:23:15Z,0,0,0,4.5,0,0,26.5,847.2,26.9,27.3,52.2,1088,9032,0,0.8,109,1.7,1.7,27.8,20.3,21.9
2026-03-26T11:38:21Z,0,0,0,4.2,0,0,27,847.1,27.3,27.8,53.4,1033,8530,0,0.1,150,0.4,0.4,28.5,21,22.4
2026-03-26T11:53:48Z,0,0,0,0.7,0,0,26.4,846.8,26.5,27.3,52.4,395,1598,0,1.3,113,3.3,3.3,27.9,20.4,21.9
2026-03-26T12:08:54Z,0,0,0,3.8,0,0,26.9,846.7,27,28,47.6,972,7855,0,0.9,81,1.7,1.7,28.2,20.2,22.2
2026-03-26T12:24:00Z,0,0,0,1.5,0,0,26.7,846.6,27.1,27.7,49,527,2910,0,0.2,124,1,1,28,20.1,22
2026-03-26T12:39:06Z,0,0,0,2.9,0,0,26.9,846.4,27.1,27.8,48.8,797,5887,0,0.2,108,0.7,0.7,28.1,20.2,22.1
2026-03-26T12:54:13Z,0,0,0,2.5,0,0,27.2,846.1,27.6,28.3,45.5,732,5171,0,1.1,130,2.4,2.4,28.4,20.1,22.3
2026-03-26T13:09:19Z,0,0,0,2.2,0,0,26.7,846.2,27.2,28,46.5,672,4576,0,0.8,156,2,2,28.1,20,22.1
2026-03-26T13:24:25Z,0,0,0,1.9,0,0,27.2,846.1,27.6,28.7,43.2,613,3960,0,1.3,71,3.1,3.1,28.6,20,22.4
2026-03-26T13:39:52Z,0,0,0,1.6,0,0,26.7,846.1,27.1,28,46.5,559,3393,0,0.6,93,1.3,1.3,28.2,20,22.1
2026-03-26T13:54:59Z,0,0,0,1.3,0,0,26.2,846.1,26.6,27.6,45.8,503,2815,0,1.1,77,2.8,2.8,27.7,19.5,21.8
2026-03-26T14:10:05Z,0,0,0,1.1,0,0,25.9,846.2,26.3,27.2,46.6,454,2292,0,1.5,97,4.8,4.8,27.4,19.4,21.6
2026-03-26T14:26:02Z,0,0,0,0.2,0,0,25.3,846.2,25.4,25.8,53.2,301,551,0,0.3,89,0.7,0.7,25.8,19.2,20.4
2026-03-26T14:41:26Z,0,0,0,0.2,0,0,24.6,846.3,24.7,25,57.4,294,493,0,0.5,86,1.4,1.4,25,19.1,19.8
2026-03-26T14:56:33Z,0,0,0,0.2,0,0,23.9,846.5,24.1,24.2,60.1,297,561,0,1,142,3.1,3.1,24.3,18.8,19.2
2026-03-26T15:11:40Z,0,0,0,0.1,0,0,23.1,846.8,23.2,23.6,67.9,278,388,0,1.7,108,3.7,3.7,23.7,19.3,18.7
2026-03-26T15:26:46Z,0,0,0,0.1,0,0,22.5,847.1,22.6,22.9,70.8,268,325,0,0.2,137,0.9,0.9,22.9,19,18.1
2026-03-26T15:41:52Z,0,0,0,0,0,0,22.1,847.4,22.2,22.5,73.3,262,266,0,0.5,121,1.7,1.7,22.6,19,17.8
2026-03-26T15:56:59Z,0,0,0,0,0,0,21.7,847.8,21.9,22.1,75,263,254,0,0.6,218,1.3,1.3,22.2,18.9,17.5
2026-03-26T16:12:59Z,0,0,0,0,0,0,21.4,847.9,21.6,21.8,76.8,261,253,0,0.2,104,1,1,21.9,18.8,17.2
2026-03-26T16:28:42Z,0,0,0,0,0,0,21.1,848.1,21.2,21.4,77.9,258,254,0,0.2,125,0.9,0.9,21.6,18.6,16.9
2026-03-26T16:43:42Z,0,0,0,0,0,0,20.7,848.4,20.9,21.1,79.5,260,254,0,0.6,104,1.3,1.3,21.2,18.5,16.6
2026-03-26T16:58:53Z,0,0,0,0,0,0,20.6,848.6,20.8,21,80.6,259,254,0,0.4,196,1.1,1.1,21.1,18.5,16.5
2026-03-26T17:14:08Z,0,0,0,0,0,0,20.6,848.7,20.8,20.9,81,259,253,0,0.4,119,1.3,1.3,21.1,18.5,16.5
2026-03-26T17:29:40Z,0,0,0,0,0,0,20.6,849,20.8,21,80.2,259,254,0,0.3,115,1.5,1.5,21.1,18.5,16.5
2026-03-26T17:44:55Z,0,0,0,0,0,0,20.4,849.2,20.5,20.8,80.7,261,254,0,0.4,120,1.3,1.3,20.9,18.3,16.3
2026-03-26T17:59:59Z,0,0,0,0,0,0,20.3,849.4,20.4,20.6,81.2,260,254,0,0.6,123,1.5,1.5,20.7,18.2,16.2
2026-03-26T18:15:00Z,0,0,0,0,0,0,20.2,849.4,20.3,20.5,81.5,261,253,0,0.2,123,0.7,0.7,20.6,18.2,16.1
2026-03-26T18:30:06Z,0,0,0,0,0,0,20.2,849.5,20.3,20.5,81.7,260,253,0,0.1,123,0.7,0.7,20.6,18.2,16.1
2026-03-26T18:45:06Z,0,0,0,0,0,0,20.1,849.7,20.2,20.4,82,260,254,0,0.2,123,0.7,0.7,20.5,18.2,16
2026-03-26T19:00:50Z,0,0,0,0,0,0,19.8,849.9,20,20.2,83.1,260,254,0,0.1,128,0.2,0.2,20.3,18.1,15.8
2026-03-26T19:16:47Z,0,0,0,0,0,0,19.4,850,19.5,19.8,84.4,260,252,0,0,128,0,0,19.9,17.9,15.5
2026-03-26T19:31:55Z,0,0,0,0,0,0,19.1,850.2,19.2,19.5,86.1,260,253,0,0.6,128,1.7,1.7,19.7,17.8,15.3
2026-03-26T19:47:50Z,0,0,0,0,0,0,19.2,850.3,19.3,19.5,86.6,260,254,0,0,128,0.4,0.4,19.7,17.9,15.3
2026-03-26T20:03:45Z,0,0,0,0,0,0,19.1,850.6,19.2,19.5,86.9,260,252,0,0,128,0,0,19.6,17.9,15.2
2026-03-26T20:18:51Z,0,0,0,0,0,0,18.7,850.6,18.9,19.1,87.9,260,253,0,0,128,0,0,19.2,17.6,14.8
2026-03-26T20:33:58Z,0,0,0,0,0,0,18.4,850.5,18.5,18.7,89.3,261,253,0,0,128,0,0,18.9,17.4,14.5
2026-03-26T20:49:05Z,0,0,0,0,0,0,18.2,850.4,18.3,18.5,90.7,260,253,0,0,128,0,0,18.6,17.4,14.3
2026-03-26T21:04:12Z,0,0,0,0,0,0,17.9,850.4,17.9,18.1,91,261,254,0,0,128,0,0,18.3,17.1,14
2026-03-26T21:19:52Z,0,0,0,0,0,0,17.7,850.1,17.8,18,91.8,261,253,0,0,128,0,0,18.1,17,13.9
2026-03-26T21:34:58Z,0,0,0,0,0,0,17.7,850.2,17.8,18,92.5,260,253,0,0,128,0,0,18.1,17.1,13.9
2026-03-26T21:50:04Z,0,0,0,0,0,0,17.7,850.1,17.9,18,93,262,253,0,0,128,0,0,18.2,17.2,13.9
2026-03-26T22:05:59Z,0,0,0,0,0,0,17.6,849.9,17.8,18,93.1,260,253,0,0,128,0,0,18.1,17.1,13.8
2026-03-26T22:21:05Z,0,0,0,0,0,0,17.5,849.7,17.6,17.8,93.2,259,253,0,0,128,0,0,17.9,17,13.7
2026-03-26T22:36:12Z,0,0,0,0,0,0,17.3,849.4,17.4,17.5,93.5,261,254,0,0,128,0,0,17.7,16.8,13.4
2026-03-26T22:51:18Z,0,0,0,0,0,0,17,849.2,17.1,17.3,93.7,260,254,0,0,128,0,0,17.4,16.6,13.2
2026-03-26T23:06:43Z,0,0,0,0,0,0,16.8,848.9,16.9,17.2,93.9,260,254,0,0,128,0,0,17.3,16.5,13.1
2026-03-26T23:21:50Z,0,0,0,0,0,0,16.8,849,16.8,17.1,94.2,261,254,0,0,128,0,0,17.2,16.4,13
2026-03-26T23:36:56Z,0,0,0,0,0,0,17,849,17.1,17.3,94.7,259,254,0,0,128,0,0,17.4,16.6,13.2
2026-03-26T23:52:03Z,0,0,0,0,0,0,17.1,849,17.2,17.5,95,259,254,0,0.1,128,0.4,0.4,17.6,16.8,13.3
2026-03-27T00:00:06Z,0,0,0,0,0,0,17.1,849,17.1,17.4,95,261,254,0,0,128,0,0,17.6,16.8,13.3
2026-03-27T00:15:13Z,0,0,0,0,0,0,17.1,849.3,17.2,17.5,95.2,260,254,0,0.1,128,0.2,0.2,17.6,16.9,13.3
2026-03-27T00:30:20Z,0,0,0,0,0,0,17.2,849.2,17.4,17.5,95.3,260,252,0,0,128,0.2,0.2,17.7,17,13.4
2026-03-27T00:45:26Z,0,0,0,0,0,0,17.3,849.2,17.4,17.6,95.3,260,254,0,0,128,0.2,0.2,17.8,17.1,13.5
2026-03-27T01:00:51Z,0,0,0,0,0,0,17.3,849.2,17.4,17.7,95.4,259,253,0,0.1,128,0.2,0.2,17.8,17.1,13.6
2026-03-27T01:15:58Z,0,0,0,0,0,0,17.4,849.3,17.5,17.7,95.5,261,254,0,0.1,128,0.2,0.2,17.9,17.2,13.6
2026-03-27T01:31:05Z,0,0,0,0,0,0,17.4,849.3,17.6,17.8,95.6,259,252,0,0,128,0,0,17.9,17.2,13.7
2026-03-27T01:46:11Z,0,0,0,0,0,0,17.4,849.3,17.6,17.8,95.6,260,253,0,0.2,128,0.4,0.4,17.9,17.2,13.7
2026-03-27T02:01:18Z,0,0,0,0,0,0,17.4,849.5,17.5,17.7,95.2,261,253,0,0.5,128,1.7,1.7,17.9,17.1,13.6
2026-03-27T02:16:24Z,0,0,0,0,0,0,17.1,849.7,17.1,17.4,91.5,260,253,0,0.3,214,1.3,1.3,17.5,16.4,13.2
2026-03-27T02:31:31Z,0,0,0,0,0,0,17.1,849.9,17.2,17.5,91.4,259,253,0,0,184,0.2,0.2,17.5,16.4,13.3
2026-03-27T02:46:55Z,0,0,0,0,0,0,16.8,849.9,16.9,17.2,91.8,261,253,0,0.5,153,1.3,1.3,17.3,16.2,13
2026-03-27T03:02:02Z,0,0,0,0,0,0,16.6,850,16.8,17,92.9,262,253,0,0,194,0.4,0.4,17.1,16.1,12.8
2026-03-27T03:17:08Z,0,0,0,0,0,0,16.5,850.3,16.6,16.8,93.5,260,255,0,0,194,0.2,0.2,16.9,16.1,12.7
2026-03-27T03:32:15Z,0,0,0,0,0,0,16.5,850.6,16.6,16.9,93.8,261,260,0,0,193,0,0,17,16.1,12.7
2026-03-27T03:47:21Z,0,0,0,0.1,0,0,16.6,850.7,16.8,17,93.6,267,334,0,0.2,194,1.1,1.1,17.1,16.2,12.9
2026-03-27T04:02:28Z,0,0,0,0.1,0,0,16.8,850.8,16.9,17.1,93.2,277,441,0,0.2,194,0.7,0.7,17.2,16.3,13
2026-03-27T04:17:34Z,0,0,0,0.3,0,0,17,850.8,17.1,17.3,92.6,315,835,0,0,193,0,0,17.4,16.4,13.2
2026-03-27T04:32:59Z,0,0,0,0.4,0,0,17.7,850.8,17.8,17.9,90.9,341,1108,0,0.1,123,0.4,0.4,18,16.8,13.7
2026-03-27T04:48:05Z,0,0,0,0.9,0,0,19.1,850.8,19,18.7,88.4,426,2073,0,0.3,123,0.9,0.9,18.8,17.3,14.5
2026-03-27T05:03:09Z,0,0,0,0.5,0,0,18.6,851.1,18.8,19.1,86.2,351,1216,0,0.1,123,0.2,0.2,19.2,17.4,14.8
2026-03-27T05:18:15Z,0,0,0,0.4,0,0,18.2,851.2,18.5,18.7,87.8,328,954,0,0.4,193,1.1,1.1,18.8,17.2,14.4
2026-03-27T05:33:22Z,0,0,0,0.7,0,0,18.4,851.2,18.6,18.8,88.5,387,1631,0,0.1,191,0.4,0.4,18.9,17.4,14.6
2026-03-27T05:48:28Z,0,0,0,0.5,0,0,18.8,851.2,19.1,19.3,87.1,351,1183,0,0.1,179,0.2,0.2,19.4,17.7,15
2026-03-27T06:03:34Z,0,0,0,1.3,0,0,19.4,851.4,19.7,19.8,84.8,505,2829,0,0.1,181,0.7,0.7,19.9,17.9,15.4
2026-03-27T06:19:10Z,0,0,0,2,0,0,20.7,851.4,21.1,21,77.9,625,3993,0,0.7,165,2.6,2.6,21.1,18.2,16.5
2026-03-27T06:34:16Z,0,0,0,0.9,0,0,20.5,851.7,21,20.9,78.4,429,1896,0,0.5,199,2,2,21,18.2,16.4
2026-03-27T06:49:22Z,0,0,0,0.6,0,0,19.8,851.8,20.1,20.2,80.6,367,1354,0,0,192,0.2,0.2,20.3,17.8,15.9
2026-03-27T07:05:10Z,0,0,0,0.5,0,0,19.7,851.9,20.1,20.2,81.7,354,1224,0,0.2,177,0.9,0.9,20.3,17.9,15.8
2026-03-27T07:20:17Z,0,0,0,0.6,0,0,19.7,851.9,19.9,20.2,81.5,373,1472,0,0.7,95,2,2,20.3,17.9,15.8
2026-03-27T07:35:23Z,0,0,0,1.1,0,0,20.6,851.8,20.8,21,79.7,470,2424,0,0.3,111,0.9,0.9,21.2,18.5,16.6
2026-03-27T07:50:29Z,0,0,0,0.7,0,0,20.6,851.9,20.9,21.2,78.4,395,1675,0,0,122,0.2,0.2,21.3,18.4,16.7
2026-03-27T08:05:36Z,0,0,0,2.3,0,0,21.7,851.7,21.9,22.1,75.8,692,4707,0,0.1,116,0.7,0.7,22.2,19,17.5
2026-03-27T08:20:42Z,0,0,0,1.5,0,0,23.5,851.5,24.1,23.9,67.5,541,3070,0,0.8,142,2,2,24,19.6,19
2026-03-27T08:36:06Z,0,0,0,1.2,0,0,21.8,851.5,22.2,22.5,73.4,485,2532,0,0.2,106,1.1,1.1,22.6,19,17.8
2026-03-27T08:51:13Z,0,0,0,2.1,0,0,22,851.3,22.2,22.5,74.2,641,4166,0,0,104,0.2,0.2,22.6,19.1,17.8
2026-03-27T09:06:19Z,0,0,0,2.3,0,0,22.8,851,23.4,23.3,68.7,693,4690,0,1.4,174,2.4,2.4,23.4,19.2,18.5
2026-03-27T09:21:25Z,0,0,0,5.7,0,0,23.6,850.9,24.2,24.3,66.4,1327,11573,0,0.6,154,1.7,1.7,24.4,19.8,19.3
2026-03-27T09:36:33Z,0,0,0,5.7,0,0,23,850.6,23.6,23.5,69.4,1316,11396,0,0.4,172,1.5,1.5,23.7,19.5,18.7
2026-03-27T09:51:39Z,0,0,0,3.9,0,0,23.5,850.4,24.1,24.1,66.7,986,7669,0,1.2,183,3.1,3.1,24.2,19.6,19.1
2026-03-27T10:07:04Z,0,0,0,5.8,0,0,23.6,850.3,24,24.2,65.8,1345,11730,0,0.2,122,1.1,1.1,24.3,19.7,19.2
2026-03-27T10:22:10Z,0,0,0,1.6,0,0,24.1,850.2,24.6,24.8,65.1,565,3354,0,0.2,198,0.8,0.8,24.9,20.1,19.7
2026-03-27T10:37:17Z,0,0,0,2.2,0,0,24.1,849.9,24.7,24.8,62.2,676,4597,0,1,124,3.7,3.7,24.9,19.7,19.7
2026-03-27T10:52:23Z,0,0,0.2,3.7,0,0,22.3,849.7,22.8,23,73.8,939,7259,0,0.1,169,0.4,0.4,23.1,19.6,18.2
2026-03-27T11:07:29Z,0,0,0.2,4.4,0,0,24.1,849.4,24.4,24.9,61.5,1083,8922,0,1.5,89,3.3,3.3,25,19.6,19.7
2026-03-27T11:23:20Z,0,0,0.2,4.1,0,0,25.1,849,25.6,26,58.7,1019,8171,0,0.6,151,1.7,1.7,26.1,20.2,20.6
2026-03-27T11:38:27Z,0,0,0.2,4.1,0,0,25.5,848.7,26,26.6,56,1028,8278,0,0.8,122,2,2,27.4,20.3,21.6
2026-03-27T11:53:33Z,0,0,0.2,3.9,0,0,26.6,848.5,27.1,27.6,55.7,982,7826,0,0,251,0.2,0.2,28.5,21.2,22.4
2026-03-27T12:08:40Z,0,0,0.2,0.8,0,0,25.7,848.2,26.4,26.8,56.2,409,1691,0,0.4,78,1.7,1.7,27.6,20.5,21.7
2026-03-27T12:23:46Z,0,0,0.2,0.7,0,0,25.1,848,25.7,26.1,59.1,392,1485,0,0.6,120,1.7,1.7,26.2,20.3,20.7
2026-03-27T12:39:09Z,0,0,0.2,3.2,0,0,25.7,847.9,26.4,26.7,57.9,857,6572,0,0.2,166,1.1,1.1,27.6,20.7,21.7
2026-03-27T12:54:16Z,0,0,0.2,3,0,0,24.9,848,25.4,25.7,59.9,807,6197,0,0.8,162,2.2,2.2,25.8,20.2,20.4
2026-03-27T13:09:22Z,0,0,0.2,2.6,0,0,24.9,847.8,25.4,25.6,60.5,749,5408,0,0.2,122,0.9,0.9,25.7,20.2,20.3
2026-03-27T13:24:29Z,0,0,0.2,2.1,0,0,25.1,847.7,25.7,26.1,56.2,654,4436,0,0.4,200,1.1,1.1,26.2,19.9,20.7
2026-03-27T13:40:27Z,0,0,0.2,2.1,0,0,25.4,847.5,25.6,26.8,54.9,646,4470,0,0.8,84,2,2,27.5,20.3,21.6
2026-03-27T13:55:53Z,0,0,0.2,0.3,0,0,23.7,847.9,24.2,24.4,68.3,305,736,0,0,110,0.4,0.4,24.5,20.1,19.4
2026-03-27T14:10:59Z,0,0,2.6,0.2,0,0,19.5,848,19.8,20,81.3,295,558,0,0,142,0,0,20.1,17.7,15.6
2026-03-27T14:26:57Z,0,0,2.6,0.2,0,0,19.4,848.1,19.5,19.8,87.8,297,548,0,0,142,0,0,19.9,18.3,15.5
2026-03-27T14:42:03Z,0,0,2.8,0.3,0,0,19.8,848.4,20,20.2,88.7,307,666,0,0,142,0.4,0.4,20.4,18.8,15.9
2026-03-27T14:57:09Z,0,0,2.8,0.3,0,0,20,848.5,20.2,20.4,83.9,307,684,0,0.2,164,0.9,0.9,20.5,18.4,16
2026-03-27T15:12:15Z,0,0,2.8,0.3,0,0,20.4,848.6,20.6,20.8,81.8,310,826,0,0.7,145,2,2,20.9,18.5,16.3
2026-03-27T15:28:03Z,0,0,2.8,0.1,0,0,20.3,848.7,20.5,20.7,78.5,271,397,0,0.4,142,1.1,1.1,20.8,18,16.3
2026-03-27T15:43:09Z,0,0,2.8,0,0,0,20.2,848.7,20.4,20.5,78.9,261,263,0,0.5,182,1.5,1.5,20.6,17.9,16.1
2026-03-27T15:59:08Z,0,0,2.8,0,0,0,19.8,849.1,19.9,20.1,81.8,260,254,0,0,182,0.2,0.2,20.3,17.9,15.8
2026-03-27T16:14:09Z,0,0,2.8,0,0,0,19.4,849.5,19.6,19.8,87.7,260,253,0,0.6,105,2,2,20,18.3,15.5
2026-03-27T16:29:39Z,0,0,2.8,0,0,0,19.1,849.6,19.2,19.5,88.7,260,254,0,0,101,0,0,19.6,18.1,15.2
2026-03-27T16:45:20Z,0,0,2.8,0,0,0,18.8,849.9,18.9,19.2,87.4,260,253,0,0.7,89,1.3,1.3,19.3,17.6,14.9
2026-03-27T17:01:11Z,0,0,2.8,0,0,0,18.6,850.1,18.8,19,88.9,261,253,0,0,112,0,0,19.2,17.7,14.8
2026-03-27T17:16:20Z,0,0,2.8,0,0,0,18.6,850.4,18.8,19,89.2,261,253,0,0.7,91,2,2,19.1,17.6,14.7
2026-03-27T17:31:30Z,0,0,2.8,0,0,0,18.6,850.5,18.8,18.9,89.4,261,253,0,0,82,0.2,0.2,19.1,17.6,14.7
2026-03-27T17:46:54Z,0,0,2.8,0,0,0,18.4,850.5,18.6,18.8,90,260,252,0,0.4,100,1.1,1.1,18.9,17.6,14.6
2026-03-27T18:02:36Z,0,0,2.8,0,0,0,18.4,850.5,18.4,18.7,90.4,259,254,0,0.1,101,0.4,0.4,18.8,17.5,14.5
2026-03-27T18:17:40Z,0,0,2.8,0,0,0,18.4,850.6,18.5,18.8,91.4,260,252,0,0,104,0.2,0.2,18.9,17.7,14.6
2026-03-27T18:32:58Z,0,0,2.8,0,0,0,18.4,850.6,18.5,18.7,91.2,261,254,0,0.1,57,0.4,0.4,18.9,17.7,14.5
2026-03-27T18:48:04Z,0,0,2.8,0,0,0,18.3,850.6,18.4,18.7,91.2,261,253,0,0,110,0.2,0.2,18.8,17.6,14.5
2026-03-27T19:03:10Z,0,0,2.8,0,0,0,18.2,850.5,18.3,18.6,91.9,261,253,0,0,63,0,0,18.7,17.6,14.4
2026-03-27T19:18:16Z,0,0,2.8,0,0,0,18.3,850.8,18.4,18.6,92.4,260,254,0,0.1,118,0.4,0.4,18.8,17.7,14.4
2026-03-27T19:33:23Z,0,0,2.8,0,0,0,18.4,851.3,18.5,18.7,92.8,261,254,0,0,118,0.2,0.2,18.9,17.8,14.6
2026-03-27T19:48:29Z,0,0,2.8,0,0,0,18.4,851.3,18.5,18.8,92.8,261,254,0,0.1,125,0.4,0.4,18.9,17.9,14.6
2026-03-27T20:03:56Z,0,0,2.8,0,0,0,18.4,851.3,18.5,18.7,93.3,261,254,0,0.4,139,1.1,1.1,18.9,17.9,14.6
2026-03-27T20:19:02Z,0,0,2.8,0,0,0,18.3,851.4,18.4,18.6,92.7,261,254,0,0.6,193,2,2,18.8,17.7,14.5
2026-03-27T20:35:06Z,0,0,3,0,0,0,18.3,851.4,18.4,18.6,91.4,261,254,0,0.1,193,0.7,0.7,18.8,17.6,14.5
2026-03-27T20:50:12Z,0,0,3,0,0,0,18,851.4,18.1,18.4,91.1,260,253,0,0.2,169,0.7,0.7,18.5,17.3,14.2
2026-03-27T21:05:18Z,0,0,3,0,0,0,17.8,851.4,17.9,18.2,91.3,260,252,0,0,169,0.2,0.2,18.3,17.1,14
2026-03-27T21:20:24Z,0,0,3,0,0,0,17.7,851.2,17.9,18,91,260,255,0,0.3,169,0.7,0.7,18.2,17,13.9
2026-03-27T21:35:30Z,0,0,3,0,0,0,17.6,851.1,17.8,17.9,91.3,260,252,0,0.1,169,0.4,0.4,18,16.8,13.7
2026-03-27T21:50:37Z,0,0,3,0,0,0,17.4,851.1,17.5,17.7,91.7,260,253,0,0,169,0.4,0.4,17.9,16.7,13.6
2026-03-27T22:06:00Z,0,0,3,0,0,0,17.4,850.8,17.4,17.7,92.3,260,253,0,0,169,0,0,17.8,16.8,13.6
2026-03-27T22:21:07Z,0,0,3,0,0,0,17.1,850.4,17.2,17.4,93,260,252,0,0,169,0,0,17.5,16.5,13.2
2026-03-27T22:36:14Z,0,0,3,0,0,0,16.9,850.5,17,17.2,93.4,260,254,0,0,169,0,0,17.3,16.4,13.1
2026-03-27T22:51:21Z,0,0,3,0,0,0,16.9,850.3,17.1,17.3,93.6,261,253,0,0,169,0,0,17.4,16.5,13.2
2026-03-27T23:06:27Z,0,0,3,0,0,0,17.1,850,17.2,17.5,93.9,261,253,0,0,169,0,0,17.6,16.7,13.3
2026-03-27T23:21:34Z,0,0,3,0,0,0,17,849.8,17.2,17.4,93.6,260,254,0,0,169,0,0,17.5,16.6,13.2
2026-03-27T23:36:41Z,0,0,3,0,0,0,17,849.5,17.1,17.4,93.7,260,254,0,0,169,0,0,17.5,16.6,13.3
2026-03-27T23:52:05Z,0,0,3,0,0,0,17,849.4,17.1,17.3,93.6,262,254,0,0.4,169,1.3,1.3,17.4,16.5,13.2
2026-03-28T00:00:09Z,0,0,3,0,0,0,17,849.6,17.1,17.3,93.7,260,253,0,0.1,169,0.7,0.7,17.5,16.6,13.2
2026-03-28T00:15:15Z,0,0,3,0,0,0,17.2,849.7,17.3,17.5,93.7,261,253,0,0.3,169,0.7,0.7,17.6,16.7,13.4
2026-03-28T00:30:22Z,0,0,3,0,0,0,17.5,849.6,17.6,17.8,93.5,260,253,0,0,169,0,0,17.9,17,13.7
2026-03-28T00:45:28Z,0,0,3,0,0,0,17.5,849.5,17.6,17.9,93,260,253,0,0,184,0,0,18,17,13.7
2026-03-28T01:00:35Z,0,0,3,0,0,0,17.5,849.5,17.6,17.8,93.3,262,254,0,0.2,185,0.9,0.9,18,17,13.7
2026-03-28T01:15:42Z,0,0,3,0,0,0,17.4,849.5,17.6,17.8,93.3,261,253,0,1.1,185,1.7,1.7,17.9,16.9,13.6
2026-03-28T01:31:20Z,0,0,3,0,0,0,17.3,849.4,17.5,17.7,93.4,261,255,0,0,184,0,0,17.8,16.9,13.5
2026-03-28T01:46:26Z,0,0,3,0,0,0,17.3,849.6,17.4,17.6,93.7,260,254,0,0,185,0.2,0.2,17.8,16.9,13.5
2026-03-28T02:01:32Z,0,0,3,0,0,0,17.3,849.6,17.4,17.6,93.8,260,253,0,0,185,0.2,0.2,17.7,16.9,13.5
2026-03-28T02:16:38Z,0,0,3,0,0,0,17.3,849.6,17.4,17.6,93.9,259,253,0,0,184,0,0,17.8,16.9,13.5
2026-03-28T02:31:45Z,0,0,4.4,0,0,0,17.3,849.8,17.3,17.6,94.4,260,254,0,0,185,0,0,17.7,16.9,13.5
2026-03-28T02:46:51Z,0,0,5.4,0,0,0,17.2,849.8,17.3,17.5,95.1,260,253,0,0.3,185,0.7,0.7,17.7,16.9,13.4
2026-03-28T03:02:16Z,0,0,5.4,0,0,0,17,850,17.1,17.3,95.1,260,253,0,0,184,0,0,17.5,16.8,13.2
2026-03-28T03:17:23Z,0,0,5.4,0,0,0,16.9,850.1,16.9,17.2,95.1,259,254,0,0,185,0.2,0.2,17.4,16.7,13.1
2026-03-28T03:32:29Z,0,0,5.4,0,0,0,16.8,850.4,16.9,17.1,95.1,263,273,0,0,184,0,0,17.2,16.5,13
2026-03-28T03:47:36Z,0,0,5.4,0.1,0,0,16.7,850.6,16.8,17,95.3,271,319,0,0,184,0,0,17.1,16.4,12.9
2026-03-28T04:02:42Z,0,0,5.4,0.2,0,0,16.7,850.9,16.9,17.1,95.6,300,793,0,0,184,0,0,17.2,16.5,13
2026-03-28T04:18:27Z,0,0,5.4,0.2,0,0,16.7,851,16.8,17.1,95.3,299,619,0,0.1,132,0.4,0.4,17.2,16.5,13
2026-03-28T04:33:33Z,0,0,5.4,0.3,0,0,16.8,851.3,16.8,17.1,94.9,323,838,0,0.2,138,0.9,0.9,17.2,16.5,13
2026-03-28T04:48:39Z,0,0,5.4,0.4,0,0,17.1,851.4,17.2,17.4,94.6,331,939,0,0,138,0,0,17.5,16.7,13.3
2026-03-28T05:04:28Z,0,0,5.4,0.6,0,0,17.5,851.6,17.6,17.6,94.1,378,1481,0,0,138,0,0,17.8,16.9,13.5
2026-03-28T05:19:35Z,0,0,5.4,0.7,0,0,18.2,851.7,18.2,18.2,92.1,392,1639,0,0,86,0.2,0.2,18.4,17.3,14.1
2026-03-28T05:34:42Z,0,0,5.4,1.1,0,0,18.7,851.7,18.7,18.9,88.6,466,2441,0,0.2,68,0.7,0.7,19.1,17.5,14.7
2026-03-28T05:49:48Z,0,0,5.4,1.9,0,0,20.6,851.7,20.9,20.4,84.7,610,4010,0,0,182,0,0,20.6,18.5,16.1
2026-03-28T06:04:55Z,0,0,0.2,1.5,5.4,0,21.5,851.8,21.7,21.5,78.3,527,3120,0,0.3,183,0.9,0.9,21.6,18.8,17
2026-03-28T06:20:17Z,0,0,0.2,1.1,5.4,0,21.8,851.9,21.9,22.3,76.6,466,2379,0,0,99,0,0,22.5,19.3,17.7
2026-03-28T06:35:23Z,0,0,0.2,1.6,5.4,0,21.5,851.8,21.6,21.9,76.9,554,3445,0,0,81,0.2,0.2,22,18.9,17.3
2026-03-28T06:50:30Z,0,0,0.2,1.8,5.4,0,22.1,851.8,22,22.1,71.3,591,3624,0,0.2,293,0.7,0.7,22.1,18.4,17.4
2026-03-28T07:05:36Z,0,0,0.2,1.2,5.4,0,22.8,851.9,23.2,23.2,66.9,488,2599,0,0.1,179,0.7,0.7,23.3,18.9,18.4
2026-03-28T07:20:42Z,0,0,0.2,1.4,5.4,0,22.7,851.9,22.7,23.1,66,510,2857,0,0.4,79,1.3,1.3,23.1,18.6,18.2
2026-03-28T07:35:49Z,0,0,0.2,1,5.4,0,22.5,851.7,22.6,23,68.9,452,2246,0,0.1,31,0.7,0.7,23.1,18.9,18.2
2026-03-28T07:50:56Z,0,0,0.2,1.1,5.4,0,23.1,851.5,23.1,23.4,64.5,457,2200,0,1,76,1.7,1.7,23.5,18.7,18.5
2026-03-28T08:06:31Z,0,0,0.2,1.4,5.4,0,23.2,851.4,23.4,23.4,64.2,511,2783,0,0.8,56,1.7,1.7,23.5,18.7,18.5
2026-03-28T08:21:37Z,0,0,0.2,4.3,5.4,0,23.1,851.2,24,23.6,62.4,1062,8710,0,0.4,160,1.3,1.3,23.7,18.6,18.7
2026-03-28T08:36:44Z,0,0,0.2,4.4,5.4,0,24.1,850.9,24.1,24.5,57.3,1086,8984,0,1.7,64,2.4,2.4,24.5,18.7,19.4
2026-03-28T08:51:51Z,0,0,0.2,4.6,5.4,0,24.1,850.8,24.1,24.5,57.9,1117,9313,0,0.6,106,1.5,1.5,24.5,18.8,19.4
2026-03-28T09:06:57Z,0,0,0.2,4.8,5.4,0,23.7,850.5,24.6,24.4,55.2,1155,9639,0,1.8,193,3.5,3.5,24.4,18.3,19.3
2026-03-28T09:22:23Z,0,0,0.2,4.7,5.4,0,25,850.3,25.4,25.7,52.8,1124,9338,0,0.7,95,2.2,2.2,25.7,19,20.3
2026-03-28T09:37:29Z,0,0,0.2,4.9,5.4,0,24.9,850.2,25.2,25.6,52.1,1177,9918,0,1.4,72,2,2,25.6,18.8,20.2
2026-03-28T09:52:36Z,0,0,0.2,4.7,5.4,0,24.9,850,25.1,25.4,56.8,1125,9375,0,0.5,109,1.1,1.1,25.5,19.4,20.1
2026-03-28T10:07:42Z,0,0,0.2,4.7,5.4,0,25.1,849.8,25.3,25.8,48.6,1138,9509,0,0.7,148,1.3,1.3,25.8,18.5,20.4
2026-03-28T10:22:49Z,0,0,0.2,4.7,5.4,0,25,849.5,25.2,25.7,52.5,1128,9415,0,0.4,80,0.9,0.9,25.7,19,20.3
2026-03-28T10:37:56Z,0,0,0.2,4.5,5.4,0,25.6,849.2,25.9,26.5,45,1102,9195,0,0.5,128,2.4,2.4,26.5,18.5,20.9
2026-03-28T10:53:02Z,0,0,0.2,4.2,5.4,0,25.6,848.9,25.9,26.5,47.5,1051,8626,0,0.2,157,0.4,0.4,26.5,18.9,20.9
2026-03-28T11:08:28Z,0,0,0.2,0.7,5.4,0,25.7,848.6,25.9,26.6,48,391,1483,0,0.8,109,2,2,26.5,19,20.9
2026-03-28T11:23:34Z,0,0,0.2,4.2,5.4,0,25.4,848.5,25.9,26.2,49.1,1043,8577,0,0.5,131,1.7,1.7,26.1,18.9,20.6
2026-03-28T11:38:41Z,0,0,0.2,3.8,5.4,0,26.7,848.2,26.9,27.5,47,975,7780,0,0.5,80,2.6,2.6,27.7,19.6,21.8
2026-03-28T11:53:47Z,0,0,0.2,3.1,5.4,0,27,847.9,27.1,28.1,41.3,832,6259,0,1.9,62,3.9,3.9,27.8,19.1,21.9
2026-03-28T12:08:53Z,0,0,0.2,2.8,5.4,0,26.3,847.9,26.9,27.2,45.7,774,5656,0,0.2,151,0.9,0.9,27.3,19.2,21.5
2026-03-28T12:24:34Z,0,0,0.2,2.3,5.4,0,26.1,847.8,26.4,27.2,45.2,684,4654,0,0.7,86,1.7,1.7,27.3,19.1,21.5
2026-03-28T12:40:32Z,0,0,0.2,3,5.4,0,26.1,847.5,26.7,27.1,47.8,820,6162,0,0.3,147,1.7,1.7,27.3,19.4,21.5
2026-03-28T12:55:57Z,0,0,0.2,2.7,5.4,0,25.3,847.4,25.7,26.1,49,755,5504,0,0.7,147,2.7,2.7,26.1,18.8,20.6
2026-03-28T13:11:03Z,0,0,0.2,2.3,5.4,0,25.4,847.4,26.1,26.4,48.8,685,4762,0,0.6,178,2.2,2.2,26.4,19,20.8
2026-03-28T13:26:09Z,0,0,0.2,0.4,5.4,0,24.9,847.3,25.3,26,48.5,328,842,0,0.9,119,2.6,2.6,25.9,18.6,20.5
2026-03-28T13:41:15Z,0,0,0.2,1.7,5.4,0,25,847.3,25.5,25.9,47.3,574,3600,0,2.4,179,4.6,4.6,25.9,18.4,20.4
2026-03-28T13:56:21Z,0,0,0.2,0.4,5.4,0,25.2,847.4,25.7,26.4,46.6,339,969,0,0.9,82,2,2,26.3,18.6,20.8
2026-03-28T14:11:28Z,0,0,0.2,1,5.4,0,24.4,847.5,24.9,25.5,48.1,438,2171,0,0.5,86,1.3,1.3,25.4,18.1,20.1
2026-03-28T14:26:35Z,0,0,0.2,0.4,5.4,0,24.3,847.5,24.7,24.8,50.9,327,867,0,0.1,88,0.5,0.5,24.8,18,19.6
2026-03-28T14:42:02Z,0,0,0.2,0.2,5.4,0,23.9,847.6,24.1,24.3,53.2,300,582,0,0,88,0.2,0.2,24.3,17.9,19.2
2026-03-28T14:57:08Z,0,0,0.2,0.2,5.4,0,23.2,847.6,23.4,23.6,55.8,284,417,0,0.1,88,0.4,0.4,23.5,17.6,18.6
2026-03-28T15:12:15Z,0,0,0.2,0.1,5.4,0,22.9,847.7,23,23.2,56.5,280,383,0,0.1,88,0.6,0.6,23.1,17.4,18.2
2026-03-28T15:27:21Z,0,0,0.2,0.1,5.4,0,22.4,847.7,22.5,22.8,58.5,268,322,0,0.1,88,0.9,0.9,22.7,17.3,17.9
2026-03-28T15:42:27Z,0,0,0.2,0,5.4,0,22,847.9,22.1,22.3,62.1,262,264,0,0,88,0,0,22.3,17.4,17.5
2026-03-28T15:57:34Z,0,0,0.2,0,5.4,0,21.5,848,21.7,21.9,65.2,260,254,0,0,69,0,0,21.8,17.4,17.2
2026-03-28T16:12:40Z,0,0,0.2,0,5.4,0,21.1,848.1,21.2,21.4,68.4,260,253,0,0.1,69,0.4,0.4,21.4,17.4,16.8
2026-03-28T16:28:03Z,0,0,0.2,0,5.4,0,20.7,848.2,20.8,21,70.6,259,253,0,0,69,0.2,0.2,21,17.3,16.5
2026-03-28T16:43:10Z,0,0,0.2,0,5.4,0,20.3,848.3,20.4,20.6,71.8,262,252,0,0,69,0,0,20.6,17,16.1
2026-03-28T16:58:16Z,0,0,0.2,0,5.4,0,19.9,848.5,20.1,20.2,73.3,259,253,0,0,69,0,0,20.2,16.9,15.8
2026-03-28T17:14:13Z,0,0,0.2,0,5.4,0,19.7,848.7,19.8,19.9,75.1,260,252,0,0,69,0,0,19.9,16.9,15.5
2026-03-28T17:29:19Z,0,0,0.2,0,5.4,0,19.3,848.8,19.3,19.4,79.7,260,254,0,0,69,0,0,19.5,16.9,15.1
2026-03-28T17:44:26Z,0,0,0.2,0,5.4,0,18.8,848.9,18.8,19.1,81.2,260,254,0,0,69,0,0,19.1,16.8,14.7
2026-03-28T18:00:08Z,0,0,0.2,0,5.4,0,18.4,849,18.5,18.7,81.5,260,255,0,0,69,0,0,18.8,16.5,14.4
2026-03-28T18:15:14Z,0,0,0.2,0,5.4,0,18.6,849.2,18.8,18.8,81.7,260,253,0,0,69,0,0,18.9,16.6,14.5
2026-03-28T18:30:20Z,0,0,0.2,0,5.4,0,18.7,849.3,18.8,18.9,82.3,261,253,0,0,69,0,0,19,16.8,14.6
2026-03-28T18:45:27Z,0,0,0.2,0,5.4,0,18.7,849.5,18.9,19,82.3,261,253,0,0,69,0,0,19.1,16.9,14.7
2026-03-28T19:00:33Z,0,0,0.2,0,5.4,0,18.4,849.7,18.5,18.7,84.1,259,255,0,0,69,0,0,18.8,16.8,14.5
2026-03-28T19:15:40Z,0,0,0.2,0,5.4,0,18.1,849.8,18.2,18.4,85.8,261,253,0,0,69,0.2,0.2,18.5,16.7,14.2
2026-03-28T19:30:46Z,0,0,0.2,0,5.4,0,17.7,850,17.7,18,87.1,260,254,0,0,69,0,0,18.1,16.4,13.8
2026-03-28T19:46:11Z,0,0,0.2,0,5.4,0,17.3,850.1,17.4,17.6,88.1,260,253,0,0,69,0.2,0.2,17.7,16.2,13.5
2026-03-28T20:01:18Z,0,0,0.2,0,5.4,0,17.2,850,17.4,17.6,88.3,261,253,0,0,69,0.2,0.2,17.7,16.2,13.4
2026-03-28T20:16:24Z,0,0,0.2,0,5.4,0,17,850,17.1,17.4,88.7,261,253,0,0,69,0.2,0.2,17.5,16.1,13.2
2026-03-28T20:31:31Z,0,0,0.2,0,5.4,0,16.8,849.9,16.9,17.1,89.8,261,253,0,0,69,0,0,17.2,15.9,13
2026-03-28T20:46:38Z,0,0,0.2,0,5.4,0,16.5,849.9,16.7,17,90.3,259,254,0,0,69,0,0,17,15.8,12.8
2026-03-28T21:01:44Z,0,0,0.2,0,5.4,0,16.5,849.8,16.6,16.9,91.2,261,253,0,0,69,0,0,16.9,15.8,12.7
2026-03-28T21:16:51Z,0,0,0.2,0,5.4,0,16.4,849.6,16.6,16.8,91.1,261,254,0,0,69,0,0,16.9,15.8,12.6
2026-03-28T21:32:22Z,0,0,0.2,0,5.4,0,16.2,849.5,16.4,16.6,91.5,259,253,0,0,69,0,0,16.7,15.6,12.5
2026-03-28T21:47:29Z,0,0,0.2,0,5.4,0,16.1,849.4,16.3,16.5,92,260,252,0,0,69,0,0,16.6,15.6,12.4
2026-03-28T22:02:35Z,0,0,0.2,0,5.4,0,16,849.1,16.3,16.4,92.6,260,253,0,0.3,69,0.4,0.4,16.5,15.6,12.3
2026-03-28T22:17:35Z,0,0,0.2,0,5.4,0,16,849,16.2,16.4,92.9,259,254,0,0,69,0,0,16.5,15.6,12.3
2026-03-28T22:32:42Z,0,0,0.2,0,5.4,0,15.7,848.7,16.1,16.1,92.9,259,255,0,0,69,0,0,16.1,15.3,11.9
2026-03-28T22:47:49Z,0,0,0.2,0,5.4,0,15.5,848.7,15.8,15.9,93.1,260,253,0,0,69,0,0,15.9,15.1,11.7
2026-03-28T23:02:56Z,0,0,0.2,0,5.4,0,15.5,848.5,15.9,16,93.8,262,252,0,0,69,0,0,16,15.2,11.8
2026-03-28T23:18:19Z,0,0,0.2,0,5.4,0,15.5,848.4,15.8,15.9,94,261,253,0,0,69,0.2,0.2,15.9,15.2,11.7
2026-03-28T23:33:26Z,0,0,0.2,0,5.4,0,15.6,848.2,15.9,16,94.4,261,254,0,0,69,0.2,0.2,16,15.3,11.8
2026-03-28T23:48:33Z,0,0,0.2,0,5.4,0,15.6,848.1,15.9,15.9,94.5,261,254,0,0,69,0,0,16,15.3,11.8
2026-03-29T00:00:38Z,0,0,0.2,0,5.4,0,15.4,848,15.6,15.8,94.3,259,254,0,0,69,0,0,15.8,15.1,11.6
2026-03-29T00:15:45Z,0,0,0.2,0,5.4,0,15.1,847.9,15.4,15.5,94.4,261,254,0,0,69,0,0,15.6,14.9,11.4
2026-03-29T00:31:28Z,0,0,0.2,0,5.4,0,15.1,848,15.4,15.5,94.7,260,254,0,0,69,0,0,15.5,14.9,11.4
2026-03-29T00:46:28Z,0,0,0.2,0,5.4,0,15,847.9,15.2,15.3,94.8,260,254,0,0,69,0,0,15.4,14.7,11.2
2026-03-29T01:01:34Z,0,0,0.2,0,5.4,0,14.9,847.8,15.1,15.3,94.9,260,255,0,0,69,0,0,15.3,14.7,11.1
2026-03-29T01:16:41Z,0,0,0.2,0,5.4,0,14.6,847.8,14.9,15,94.9,260,254,0,0,69,0,0,15,14.4,10.8
2026-03-29T01:32:27Z,0,0,0.2,0,5.4,0,14.6,847.8,14.8,14.9,95.1,260,254,0,0,69,0,0,14.9,14.3,10.7
2026-03-29T01:47:34Z,0,0,0.2,0,5.4,0,14.6,847.8,14.8,15,95.3,261,254,0,0,69,0,0,15,14.4,10.8
2026-03-29T02:02:40Z,0,0,0.2,0,5.4,0,14.4,847.8,14.7,14.8,95.4,260,254,0,0,69,0,0,14.8,14.3,10.6
2026-03-29T02:17:47Z,0,0,0.2,0,5.4,0,14.2,847.9,14.4,14.6,95.4,259,253,0,0,69,0,0,14.6,14.1,10.4
2026-03-29T02:32:53Z,0,0,0.2,0,5.4,0,14.1,848,14.4,14.5,95.6,260,254,0,0,69,0.2,0.2,14.5,14,10.3
2026-03-29T02:48:00Z,0,0,0.2,0,5.4,0,14.1,848.1,14.4,14.5,95.7,260,252,0,0,69,0,0,14.5,14,10.3
2026-03-29T03:03:26Z,0,0,0.2,0,5.4,0,14,848.1,14.3,14.4,95.8,261,254,0,0,69,0,0,14.5,13.9,10.2
2026-03-29T03:18:33Z,0,0,0.2,0,5.4,0,14,848.4,14.3,14.5,96,260,255,0,0.1,69,0.4,0.4,14.5,14,10.3
2026-03-29T03:33:39Z,0,0,0.2,0,5.4,0,13.9,848.3,14.2,14.4,95.9,263,283,0,0,69,0.2,0.2,14.4,13.9,10.2
2026-03-29T03:48:46Z,0,0,0.2,0.1,5.4,0,13.9,848.5,14.3,14.4,95.5,275,356,0,0,69,0.2,0.2,14.4,13.9,10.2
2026-03-29T04:03:52Z,0,0,0.2,0.2,5.4,0,14.3,848.7,14.6,14.7,95.6,287,564,0,0,69,0,0,14.7,14.2,10.5
2026-03-29T04:18:59Z,0,0,0.2,0.2,5.4,0,14.7,849,15.1,15.1,95.7,289,537,0,0,69,0.2,0.2,15.2,14.6,11
2026-03-29T04:34:05Z,0,0,0.2,0.3,5.4,0,15.3,849.2,15.6,15.7,95.6,316,816,0,0,69,0,0,15.7,15.1,11.5
2026-03-29T04:49:29Z,0,0,0.2,0.5,5.4,0,15.7,849.3,16.1,16.1,95.4,356,1290,0,0.2,69,0.4,0.4,16.2,15.6,12
2026-03-29T05:04:35Z,0,0,0.2,0.6,5.4,0,16.6,849.5,16.8,16.7,94.2,360,1234,0,0,69,0,0,16.8,16,12.6
2026-03-29T05:19:42Z,0,0,0.2,1,5.4,0,17.8,849.5,17.9,17.7,89.8,452,2300,0,0.4,69,0.7,0.7,17.8,16.4,13.5
2026-03-29T05:34:48Z,0,0,0.2,1.8,5.4,0,22.2,849.5,21.8,21.1,79.3,587,3806,0,0.2,69,0.4,0.4,21.2,18.5,16.6
2026-03-29T05:49:54Z,0,0,0.2,2,5.4,0,23,849.7,22.4,22.6,72.1,632,4252,0,0.5,69,1.3,1.3,22.7,19,17.9
2026-03-29T06:05:00Z,0,0,0,1,0.2,0.4,24.1,849.9,23.8,23.4,68.1,437,2012,0,0.1,69,0.4,0.4,23.4,19.1,18.5
2026-03-29T06:20:07Z,0,0,0,1,0.2,0.4,23.6,850.1,23.8,23.3,69.5,447,2132,0,0,69,0.2,0.2,23.4,19.2,18.4
2026-03-29T06:35:33Z,0,0,0,1.5,0.2,0.4,21.8,850.1,21.9,22.5,70.4,543,3211,0,0,69,0.2,0.2,22.5,18.6,17.8
2026-03-29T06:50:39Z,0,0,0,1.4,0.2,0.4,23,850.1,22.7,22.8,69.1,520,2827,0,0.5,69,1.1,1.1,22.8,18.7,18
2026-03-29T07:05:46Z,0,0,0,3.8,0.2,0.4,23.3,850,23,22.9,69,961,7745,0,0.2,69,0.7,0.7,23,18.8,18.1
2026-03-29T07:20:53Z,0,0,0,3.1,0.2,0.4,23,849.8,23.9,23.5,64.4,836,6235,0,0.2,81,0.7,0.7,23.5,18.8,18.6
2026-03-29T07:35:59Z,0,0,0,4,0.2,0.4,22.7,849.5,23.1,22.7,69.6,1008,8280,0,0.6,141,2,2,22.8,18.7,18
2026-03-29T07:51:06Z,0,0,0,4.2,0.2,0.4,24,849.5,24,24,60.8,1050,8686,0,0.3,141,0.9,0.9,24.1,18.8,19
2026-03-29T08:06:12Z,0,0,0,1.5,0.2,0.4,23.3,849.4,23.6,24,59,536,3053,0,0.5,138,1.4,1.4,24,18.5,19
2026-03-29T08:21:37Z,0,0,0,1.8,0.2,0.4,22,849.1,22.6,22.5,64.9,599,3681,0,0.8,143,1.7,1.7,22.5,18,17.8
2026-03-29T08:36:43Z,0,0,0,4.8,0.2,0.4,24.2,849,24.8,24.4,61.3,1150,9639,0,0.6,143,1.1,1.1,24.5,19.2,19.3
2026-03-29T08:51:49Z,0,0,0,1,0.2,0.4,23.1,848.7,23.6,23.5,65.6,439,2004,0,0,247,0,0,23.6,19,18.6
2026-03-29T09:06:56Z,0,0,0,1.3,0.2,0.4,24.3,848.6,25,24.8,57.7,503,2641,0,0.5,138,1.7,1.7,24.8,19,19.6
2026-03-29T09:22:02Z,0,0,0,4.8,0.2,0.4,24.7,848.3,25.2,25.2,55,1146,9563,0,0.5,133,1.3,1.3,25.2,18.9,19.9
2026-03-29T09:37:08Z,0,0,0,4.9,0.2,0.4,24.9,848,25.6,25.5,54.3,1178,9923,0,0.9,140,2.2,2.2,25.5,19.1,20.2
2026-03-29T09:52:15Z,0,0,0,4.7,0.2,0.4,24.9,847.8,25.6,25.6,52.4,1125,9332,0,1.5,181,3.3,3.3,25.6,18.9,20.2
2026-03-29T10:07:39Z,0,0,0,1.7,0.2,0.4,25.8,847.4,26.1,26.3,48.7,571,3248,0,0.8,103,1.7,1.7,26.3,18.9,20.8
2026-03-29T10:22:45Z,0,0,0,1.2,0.2,0.4,26,847.2,26.5,26.7,51,480,2346,0,0.3,141,1.4,1.4,27.2,19.6,21.4
2026-03-29T10:37:51Z,0,0,0,1.5,0.2,0.4,25.1,846.9,25.6,25.7,53.4,532,2847,0,0.3,130,2,2,25.7,19.1,20.3
2026-03-29T10:52:57Z,0,0,0,2.9,0.2,0.4,25.2,846.7,25.7,25.8,54.5,800,5800,0,0.1,208,0.7,0.7,25.8,19.3,20.4
2026-03-29T11:08:03Z,0,0,0,4.4,0.2,0.4,26.6,846.4,26.9,27.5,48.5,1070,8726,0,0.8,132,2.4,2.4,27.8,19.9,21.8
2026-03-29T11:23:10Z,0,0,0,4,0.2,0.4,27.2,846.2,27.5,28.2,46.1,1006,8037,0,0.9,88,2,2,28.3,20.1,22.3
2026-03-29T11:38:57Z,0,0,0,4.2,0.2,0.4,26.3,845.9,26.8,27.1,47.7,1046,8574,0,0.8,94,2.2,2.2,27.3,19.4,21.5
2026-03-29T11:54:21Z,0,0,0,3.9,0.2,0.4,27.2,845.7,28,28.1,50.3,980,7833,0,0.1,185,0.4,0.4,28.6,20.8,22.5
2026-03-29T12:09:27Z,0,0,0,0.7,0.2,0.4,25.5,845.6,26,26.4,51.8,387,1473,0,0.1,98,0.4,0.4,26.5,19.5,20.9
2026-03-29T12:24:34Z,0,0,0,3.5,0.2,0.4,26.5,845.4,26.7,27.5,48.7,915,7263,0,0.7,98,1.5,1.5,27.8,19.9,21.8
2026-03-29T12:39:40Z,0,0,0,2.9,0.2,0.4,26.8,845.3,27.5,27.8,45.4,798,5998,0,0.3,179,1,1,27.9,19.6,21.9
2026-03-29T12:54:47Z,0,0,0,0.5,0.2,0.4,26,845.2,26.6,27,47.8,342,969,0,0.4,178,0.9,0.9,27.3,19.4,21.5
2026-03-29T13:09:53Z,0,0,0,2.3,0.2,0.4,27.1,845.1,27.3,28.2,47,683,4721,0,0.2,96,0.9,0.9,28.4,20.2,22.3
2026-03-29T13:25:00Z,0,0,0,1.6,0.2,0.4,28.6,845.1,29.2,30.3,38.5,562,3432,0,0.5,96,1.3,1.3,29.8,20.4,23.3
2026-03-29T13:40:26Z,0,0,0,0.5,0.2,0.4,26.3,845.1,26.3,26.9,47.6,348,1083,0,0.8,96,2.4,2.4,27.2,19.2,21.4
2026-03-29T13:55:32Z,0,0,0,1,0.2,0.4,26.5,845.1,27.1,27.6,46.4,437,2048,0,0.1,96,0.7,0.7,27.7,19.6,21.8
2026-03-29T14:10:38Z,0,0,0,1.2,0.2,0.4,26.1,845.2,26.7,27.5,51,491,2762,0,0.1,96,0.9,0.9,28,20.3,22
2026-03-29T14:25:45Z,0,0,0,0.3,0.2,0.4,25.1,845.3,25.4,25.9,55.6,313,742,0,0.8,97,2,2,26,19.7,20.5
2026-03-29T14:40:51Z,0,0,0,0.2,0.2,0.4,23.9,845.3,24.1,24.4,59.3,297,505,0,0.2,128,1.5,1.5,24.4,18.8,19.3
2026-03-29T14:55:57Z,0,0,0,0.2,0.2,0.4,23.6,845.4,23.8,24,60.1,296,581,0,0,98,0.2,0.2,24,18.6,19
2026-03-29T15:11:04Z,0,0,0,0.2,0.2,0.4,23.7,845.5,23.9,24,62.2,286,531,0,0.9,98,2.4,2.4,24.1,19,19
2026-03-29T15:26:29Z,0,0,0,0.1,0.2,0.4,22.7,845.7,22.9,23.1,68.1,271,323,0,0.4,69,1.4,1.4,23.2,18.9,18.3
2026-03-29T15:41:35Z,0,0,0,0,0.2,0.4,21.5,846,21.7,22,71.6,261,270,0,0.2,91,1.3,1.3,22,18.3,17.3
2026-03-29T15:56:42Z,0,0,0,0,0.2,0.4,20.9,846.2,21.1,21.3,74.3,261,252,0,0.7,91,1.7,1.7,21.4,18.1,16.8
2026-03-29T16:11:48Z,0,0,0,0,0.2,0.4,20.9,846.3,21,21.2,75.2,260,253,0,0.3,91,1.1,1.1,21.3,18.1,16.7
2026-03-29T16:26:54Z,0,0,0,0,0.2,0.4,20.9,846.5,21,21.2,75.4,260,253,0,0.1,91,0.4,0.4,21.3,18.1,16.7
2026-03-29T16:42:01Z,0,0,0,0,0.2,0.4,20.7,846.6,20.9,21,74.6,261,253,0,0.4,91,0.9,0.9,21.1,17.8,16.5
2026-03-29T16:57:08Z,0,0,0,0,0.2,0.4,20.4,846.7,20.6,20.7,75.2,260,253,0,0.4,91,0.7,0.7,20.8,17.6,16.2
2026-03-29T17:12:34Z,0,0,0,0,0.2,0.4,20.1,847.2,20.3,20.5,76.6,261,253,0,0,91,0,0,20.5,17.5,16
2026-03-29T17:27:40Z,0,0,0,0,0.2,0.4,20.2,847.4,20.4,20.5,76,261,253,0,1,91,2,2,20.6,17.6,16.1
2026-03-29T17:42:46Z,0,0,0,0,0.2,0.4,20.1,847.4,20.2,20.5,77.9,260,254,0,0.3,91,0.7,0.7,20.5,17.7,16
2026-03-29T17:57:53Z,0,0,0,0,0.2,0.4,19.9,847.6,20.1,20.3,78.9,260,253,0,0,91,0,0,20.4,17.7,15.9
2026-03-29T18:12:59Z,0,0,0,0,0.2,0.4,19.8,847.7,19.9,20.1,80.2,260,253,0,0.2,91,1.1,1.1,20.2,17.7,15.8
2026-03-29T18:28:06Z,0,0,0,0,0.2,0.4,19.5,847.7,19.5,19.8,81.3,260,253,0,0,91,0,0,19.8,17.5,15.4
2026-03-29T18:43:13Z,0,0,0,0,0.2,0.4,19.1,847.8,19.2,19.5,82.8,260,254,0,0,91,0,0,19.6,17.4,15.2
2026-03-29T18:58:38Z,0,0,0,0,0.2,0.4,19,848,19.1,19.3,84.2,262,252,0,0,91,0,0,19.4,17.4,15
2026-03-29T19:13:45Z,0,0,0,0,0.2,0.4,19.2,848,19.4,19.5,83.3,260,253,0,0.5,91,1.5,1.5,19.6,17.5,15.2
2026-03-29T19:28:51Z,0,0,0,0,0.2,0.4,19.3,848.1,19.5,19.6,83.2,261,254,0,0.2,91,0.9,0.9,19.7,17.6,15.3
2026-03-29T19:43:58Z,0,0,0,0,0.2,0.4,19.1,848.1,19.3,19.5,83.4,261,254,0,0,91,0.4,0.4,19.6,17.4,15.2
2026-03-29T19:59:04Z,0,0,0,0,0.2,0.4,18.8,848.1,18.9,19.2,84.8,261,254,0,0.1,91,0.2,0.2,19.3,17.3,14.9
2026-03-29T20:14:11Z,0,0,0,0,0.2,0.4,18.6,848.1,18.7,18.9,86.4,260,253,0,0,91,0,0,19,17.2,14.6
2026-03-29T20:29:17Z,0,0,0,0,0.2,0.4,18.2,848.2,18.2,18.5,88.2,258,253,0,0,91,0,0,18.6,17.1,14.3
2026-03-29T20:44:42Z,0,0,0,0,0.2,0.4,17.9,848.1,18,18.1,89.4,261,252,0,0,91,0,0,18.3,16.9,14
2026-03-29T20:59:48Z,0,0.2,0,0,0.2,0.4,17.6,848.1,17.7,17.9,89.7,261,254,0,0,91,0,0,18,16.6,13.7
2026-03-29T21:14:55Z,0,0,0,0,0.2,0.4,17.3,848.1,17.4,17.6,90.5,260,254,0,0,91,0,0,17.7,16.5,13.5
2026-03-29T21:30:02Z,0,0,0,0,0.2,0.4,17.1,848.1,17.2,17.5,90.8,260,254,0,0,91,0,0,17.6,16.4,13.3
2026-03-29T21:45:08Z,0,0,0,0,0.2,0.4,16.9,847.9,17,17.3,91.2,259,253,0,0,91,0,0,17.3,16.2,13.1
2026-03-29T22:00:15Z,0,0,0,0,0.2,0.4,16.7,847.8,16.8,17,91.7,260,253,0,0,91,0,0,17.1,16,12.9
2026-03-29T22:15:21Z,0,0,0,0,0.2,0.4,16.7,847.6,16.9,17.1,92.3,260,253,0,0,91,0,0,17.2,16.2,13
2026-03-29T22:30:46Z,0,0,0,0,0.2,0.4,16.7,847.4,16.8,17,92.4,260,252,0,0,91,0,0,17.1,16.1,12.9
2026-03-29T22:45:55Z,0,0,0,0,0.2,0.4,16.6,847.3,16.6,16.9,92.8,260,253,0,0,92,0,0,17,16,12.8
2026-03-29T23:01:01Z,0,0,0,0,0.2,0.4,16.5,847.3,16.6,16.8,93,260,253,0,0,91,0,0,16.9,16,12.7
2026-03-29T23:16:07Z,0,0,0,0,0.2,0.4,16.3,847.2,16.4,16.7,93.2,260,253,0,0,91,0,0,16.8,15.9,12.6
2026-03-29T23:31:14Z,0,0,0,0,0.2,0.4,16.4,846.9,16.6,16.7,93.6,261,253,0,0,91,0,0,16.8,16,12.6
2026-03-29T23:46:20Z,0,0,0,0,0.2,0.4,16.6,846.7,16.6,16.9,93.7,261,253,0,0,91,0,0,17,16.2,12.8
2026-03-30T00:00:26Z,0,0,0,0,0.2,0.4,16.9,846.7,17,17.3,93.5,260,253,0,0,91,0,0,17.4,16.5,13.1
2026-03-30T00:15:47Z,0,0,0,0,0.2,0.4,16.9,846.8,17.1,17.3,92.1,259,253,0,0,91,0,0,17.4,16.4,13.2
2026-03-30T00:30:54Z,0,0,0,0,0.2,0.4,17.2,846.9,17.4,17.6,91.8,260,253,0,0,91,0,0,17.7,16.6,13.5
2026-03-30T00:46:00Z,0,0,0,0,0.2,0.4,17.3,846.8,17.4,17.6,91,261,253,0,0,91,0,0,17.7,16.5,13.5
2026-03-30T01:01:07Z,0,0,0,0,0.2,0.4,17.1,846.8,17.2,17.5,90.7,259,253,0,0,91,0.2,0.2,17.5,16.3,13.3
2026-03-30T01:16:13Z,0,0,0,0,0.2,0.4,16.7,846.7,16.8,17,90.9,261,254,0,0,91,0,0,17.1,16,12.9
2026-03-30T01:31:20Z,0,0,0,0,0.2,0.4,16.6,846.9,16.7,16.9,92.4,259,254,0,0,91,0,0,17,16,12.8
2026-03-30T01:46:26Z,0,0,0,0,0.2,0.4,16.5,847,16.6,16.8,92.9,259,253,0,0,91,0,0,16.9,16,12.7
2026-03-30T02:01:51Z,0,0,0,0,0.2,0.4,16.4,847.3,16.6,16.8,93.4,260,255,0,0,91,0,0,16.8,16,12.6
2026-03-30T02:16:57Z,0,0,0,0,0.2,0.4,16.3,847.3,16.4,16.6,93.6,260,252,0,0,91,0,0,16.7,15.9,12.5
2026-03-30T02:32:04Z,0,0,0,0,0.2,0.4,16.3,847.2,16.4,16.7,93.9,259,254,0,0,92,0,0,16.7,15.9,12.5
2026-03-30T02:47:11Z,0,0,0,0,0.2,0.4,16.3,847.2,16.5,16.7,93.9,261,254,0,0,91,0,0,16.8,16,12.6
2026-03-30T03:02:17Z,0,0,0,0,0.2,0.4,16.3,847.7,16.4,16.7,93.9,260,253,0,0,91,0,0,16.8,15.9,12.5
2026-03-30T03:17:24Z,0,0,0,0,0.2,0.4,16.4,847.7,16.6,16.8,94.1,260,255,0,0,91,0,0,16.9,16.1,12.7
2026-03-30T03:32:30Z,0,0,0,0,0.2,0.4,16.7,847.8,16.8,17.1,93.8,263,270,0,0.2,91,0.4,0.4,17.2,16.3,13
2026-03-30T03:47:54Z,0,0,0,0.1,0.2,0.4,16.9,848.1,17.1,17.4,93.3,274,413,0,0,91,0,0,17.5,16.6,13.2
2026-03-30T04:03:01Z,0,0,0,0.2,0.2,0.4,17.2,848.3,17.3,17.5,92.9,285,532,0,0.2,91,0.4,0.4,17.7,16.7,13.4
2026-03-30T04:18:08Z,0,0,0,0.2,0.2,0.4,17.4,848.5,17.5,17.7,92.2,296,636,0,0,91,0.2,0.2,17.8,16.7,13.5
2026-03-30T04:33:15Z,0,0,0,0.3,0.2,0.4,17.4,848.7,17.6,17.8,91.6,308,783,0,0.1,62,0.4,0.4,17.9,16.8,13.6
2026-03-30T04:49:04Z,0,0,0,0.3,0.2,0.4,17.5,848.9,17.5,17.8,91.6,321,905,0,0,62,0.2,0.2,17.9,16.8,13.6
2026-03-30T05:04:11Z,0,0,0,0.5,0.2,0.4,17.8,849.1,17.9,18,91.5,345,1170,0,0,62,0,0,18.2,17,13.9
2026-03-30T05:19:17Z,0,0,0,0.5,0.2,0.4,18.3,849.2,18.2,18.5,89.3,359,1310,0,0.4,312,0.7,0.7,18.6,17.2,14.3
2026-03-30T05:34:24Z,0,0,0,1,0.2,0.4,18.8,849.2,18.8,19.1,87.3,451,2304,0,0.1,42,0.4,0.4,19.2,17.5,14.8
2026-03-30T05:49:31Z,0,0,0,0.9,0.2,0.4,20.6,849.3,20.5,20.6,82.3,432,2076,0,0,50,0.3,0.3,20.7,18.4,16.2
2026-03-30T06:04:56Z,0,0,0,0.9,0,0.8,20.3,849.4,20.7,20.4,80.9,435,2131,0,0.4,247,0.9,0.9,20.5,18,16
2026-03-30T06:20:02Z,0,0,0,2.7,0,0.8,20.8,849.4,20.8,21,80.5,764,5819,0,0.2,194,0.7,0.7,21.1,18.5,16.5
2026-03-30T06:35:08Z,0,0,0,3.1,0,0.8,23,849.4,22.7,22.8,70.1,829,6410,0,0.4,155,0.9,0.9,22.9,18.9,18
2026-03-30T06:50:15Z,0,0,0,1.1,0,0.8,22,849.5,22.3,22.6,71,465,2421,0,0.2,155,0.7,0.7,22.7,18.8,17.9
2026-03-30T07:05:21Z,0,0,0,1.2,0,0.8,23,849.5,22.9,23,69.1,474,2448,0,0,155,0,0,23.1,18.9,18.2
2026-03-30T07:20:28Z,0,0,0,3.5,0,0.8,24.2,849.3,23.9,24.5,63.3,915,7237,0,1.2,90,2.2,2.2,24.6,19.6,19.5
2026-03-30T07:35:34Z,0,0,0,1.9,0,0.8,25.1,849.3,24.8,24.9,62.4,611,3816,0,0.1,54,0.4,0.4,25,19.7,19.7
2026-03-30T07:50:58Z,0,0,0,1.7,0,0.8,24.6,849.3,24.7,24.5,59.8,569,3322,0,0.2,102,0.9,0.9,24.5,19,19.4
2026-03-30T08:06:05Z,0,0,0,4.3,0,0.8,24.4,849.2,24.7,24.9,60.3,1057,8781,0,0.5,101,0.9,0.9,25,19.5,19.8
2026-03-30T08:21:11Z,0,0,0,2.4,0,0.8,23.3,848.9,24,23.8,60,701,4739,0,1.1,140,2,2,23.8,18.4,18.8
2026-03-30T08:36:17Z,0,0,0,3.9,0,0.8,24.1,848.6,24.9,24.4,60.2,977,7885,0,0.5,157,0.9,0.9,24.4,19,19.3
2026-03-30T08:51:23Z,0,0,0,4.6,0,0.8,25.1,848.5,25.7,25.5,58.3,1117,9409,0,0.4,153,1.1,1.1,25.6,19.7,20.2
2026-03-30T09:06:29Z,0,0,0,4.4,0,0.8,26,848.2,26.4,26.6,51.8,1088,9004,0,1.1,100,2.4,2.4,26.6,19.7,21
2026-03-30T09:21:36Z,0,0,0,1.1,0,0.8,26.2,848.1,26.6,26.6,54.2,466,2231,0,0.9,75,2.6,2.6,27.3,20.1,21.5
2026-03-30T09:37:02Z,0,0,0,5,0,0.8,26,847.9,26,26.6,52.3,1185,10083,0,0.3,47,0.9,0.9,26.6,19.7,21
2026-03-30T09:52:08Z,0,0,0,5.4,0,0.8,27,847.7,27.2,27.5,48.8,1270,10940,0,0.7,328,1.1,1.1,27.8,19.9,21.9
2026-03-30T10:07:14Z,0,0,0,2.4,0,0.8,26.9,847.4,27.5,27.5,50.5,707,4833,0,0.3,43,1.1,1.1,28,20.3,22
2026-03-30T10:22:54Z,0,0,0,4.3,0,0.8,26,847.3,26.4,26.8,49.9,1069,8661,0,1.2,201,3.3,3.3,27.2,19.5,21.4
2026-03-30T10:38:17Z,0,0,0,1.2,0,0.8,25.6,847.1,26.1,26.3,51.8,478,2517,0,1.3,140,3.1,3.1,26.4,19.4,20.8
2026-03-30T10:53:23Z,0,0,0,0.9,0,0.8,25.8,846.8,26.2,26.5,51.8,430,1926,0,0.7,108,2.2,2.2,26.5,19.6,20.9
2026-03-30T11:08:29Z,0,0,0,4.3,0,0.8,26.5,846.6,26.7,27.3,47,1064,8710,0,1.5,130,2.4,2.4,27.5,19.5,21.7
2026-03-30T11:23:35Z,0,0,0,3.1,0,0.8,26.4,846.4,26.8,27.4,47.8,839,6284,0,1,145,2.1,2.1,27.6,19.7,21.7
2026-03-30T11:38:41Z,0,0,0,3.6,0,0.8,26.9,846.3,27.2,27.7,49.3,929,7281,0,0.6,129,3.1,3.1,28,20.2,22
2026-03-30T11:53:47Z,0,0,0,3.5,0,0.8,26.4,846.1,26.9,27.1,51.1,911,7070,0,1.3,185,3.5,3.5,27.6,20,21.7
2026-03-30T12:08:53Z,0,0,0,3.5,0,0.8,27,846.1,27.4,28,48.3,909,7097,0,1.1,76,2.6,2.6,28.3,20.3,22.2
2026-03-30T12:23:59Z,0,0,0,0.8,0,0.8,26.8,846.1,27.2,27.7,51,414,1771,0,0.2,178,0.4,0.4,28.2,20.5,22.2
2026-03-30T12:39:42Z,0,0,0,2.8,0,0.8,26.7,846,27.3,27.5,48.7,778,5681,0,1.1,124,2.8,2.8,27.9,20,21.9
2026-03-30T12:54:48Z,0,0,0,2.2,0,0.8,27.3,845.9,27.9,28.4,46.9,664,4492,0,1.3,90,2.8,2.8,28.6,20.4,22.4
2026-03-30T13:09:53Z,0,0,0,1,0,0.8,24,846,24.3,24.8,64,450,2268,0,0.2,134,0.9,0.9,24.9,19.8,19.6
2026-03-30T13:25:00Z,0,0,0,2.1,0,0.8,24,845.9,24.3,24.6,61.4,649,4467,0,0.4,113,1.1,1.1,24.7,19.4,19.5
2026-03-30T13:40:24Z,0,0,0,1.1,0,0.8,24.3,845.9,24.7,25.1,59.1,454,2282,0,0.1,162,0.4,0.4,25.1,19.4,19.9
2026-03-30T13:55:30Z,0,0,0,0.8,0,0.8,24.2,845.8,24.7,25.1,59.5,398,1691,0,0.2,210,1.1,1.1,25.2,19.5,19.9
2026-03-30T14:10:35Z,0,0,0,1.2,0,0.8,24.2,845.8,24.6,25.2,55.5,480,2624,0,0.3,245,0.9,0.9,25.2,19,20
2026-03-30T14:26:34Z,0,0,0,0.5,0,0.8,24,846,24,24.8,58.1,351,1168,0,1.2,90,2.2,2.2,24.8,19.1,19.6
2026-03-30T14:41:40Z,0,0,0,0.3,0,0.8,23.6,846,23.8,24.1,62.3,322,851,0,0.8,92,2,2,24.1,19,19.1
2026-03-30T14:56:47Z,0,0,0,0.2,0,0.8,23.2,846,23.4,23.6,65.5,302,654,0,0.4,131,1.3,1.3,23.7,19,18.7
2026-03-30T15:11:53Z,0,0,0,0.2,0,0.8,22.8,846.1,23,23.2,62.6,285,484,0,0.3,108,1.3,1.3,23.2,18.3,18.3
2026-03-30T15:27:00Z,0,0,0,0.1,0,0.8,22.4,846.2,22.6,22.7,66.7,268,338,0,0,133,0.4,0.4,22.7,18.4,17.9
2026-03-30T15:42:05Z,0,0,0,0,0,0.8,21.8,846.5,21.9,22.1,68.6,261,262,0,0,125,0.2,0.2,22.2,18.1,17.5
2026-03-30T15:57:28Z,0,0,0,0,0,0.8,21.2,846.6,21.4,21.6,71.2,261,254,0,0.1,235,0.4,0.4,21.6,17.9,17
2026-03-30T16:12:35Z,0,0,0,0,0,0.8,20.8,846.8,20.9,21.2,74.1,260,252,0,0,234,0.2,0.2,21.2,17.9,16.6
2026-03-30T16:27:41Z,0,0,0,0,0,0.8,20.6,847.1,20.8,20.9,76.2,259,253,0,0.1,176,0.2,0.2,21,17.9,16.4
2026-03-30T16:42:47Z,0,0,0,0,0,0.8,20.4,847.3,20.5,20.7,78.2,260,253,0,0.3,176,1.3,1.3,20.8,17.9,16.2
2026-03-30T16:57:54Z,0,0,0,0,0,0.8,20.1,847.6,20.3,20.5,79.8,261,253,0,0,176,0,0,20.6,18,16.1
2026-03-30T17:13:01Z,0,0,0,0,0,0.8,19.8,847.7,19.9,20.2,81.2,260,253,0,0,176,0.2,0.2,20.3,17.9,15.8
2026-03-30T17:28:07Z,0,0,0,0,0,0.8,19.6,847.8,19.8,20,82.6,261,253,0,0,176,0,0,20.1,17.8,15.6
2026-03-30T17:43:32Z,0,0,0,0,0,0.8,19.5,848.1,19.7,19.8,84.7,259,254,0,0,176,0,0,19.9,17.9,15.5
2026-03-30T17:58:38Z,0,0,0,0,0,0.8,19.1,848.1,19.2,19.4,85.7,261,253,0,0,176,0,0,19.5,17.7,15.2
2026-03-30T18:13:43Z,0,0,0,0,0,0.8,19.1,848.3,19.2,19.4,85.1,262,253,0,0,176,0,0,19.5,17.6,15.1
2026-03-30T18:28:49Z,0,0,0,0,0,0.8,19.1,848.5,19.2,19.3,85.1,259,255,0,0,176,0,0,19.4,17.5,15
2026-03-30T18:43:56Z,0,0,0,0,0,0.8,19.1,848.7,19.2,19.4,85.2,261,253,0,0,176,0,0,19.5,17.5,15.1
2026-03-30T18:59:02Z,0,0,0,0,0,0.8,19.3,849,19.3,19.5,84.1,260,254,0,0,176,0,0,19.6,17.6,15.2
2026-03-30T19:14:08Z,0,0,0,0,0,0.8,19.1,849,19.2,19.4,84.3,261,254,0,0,176,0.2,0.2,19.5,17.5,15.1
2026-03-30T19:29:14Z,0,0,0,0,0,0.8,18.9,849.2,18.9,19.2,85.6,260,254,0,0,176,0,0,19.3,17.4,14.9
2026-03-30T19:44:36Z,0,0,0,0,0,0.8,18.5,849,18.6,18.8,87.7,260,253,0,0,176,0,0,18.9,17.3,14.6
2026-03-30T19:59:42Z,0,0,0,0,0,0.8,18.1,848.9,18.1,18.4,89.2,261,253,0,0,176,0,0,18.5,17,14.2
2026-03-30T20:14:49Z,0,0,0,0,0,0.8,17.9,849.1,18,18.2,90.3,261,254,0,0,176,0,0,18.3,17,14
2026-03-30T20:29:55Z,0,0,0,0,0,0.8,17.7,849.1,17.8,18,90.5,260,253,0,0,176,0,0,18.1,16.9,13.8
2026-03-30T20:45:01Z,0,0,0,0,0,0.8,17.5,849,17.6,17.8,91,261,253,0,0,176,0,0,17.9,16.7,13.6
2026-03-30T21:00:07Z,0,0,0,0,0,0.8,17.2,848.9,17.3,17.5,91.5,260,254,0,0,176,0,0,17.6,16.5,13.4
2026-03-30T21:15:13Z,0,0,0,0,0,0.8,17.1,848.8,17.1,17.4,92.3,261,254,0,0,176,0,0,17.5,16.5,13.3
2026-03-30T21:30:39Z,0,0,0,0,0,0.8,17,848.6,17,17.3,92.5,260,254,0,0,176,0,0,17.4,16.4,13.1
2026-03-30T21:45:46Z,0,0,0,0,0,0.8,16.8,848.6,16.9,17.2,92.7,261,254,0,0,176,0,0,17.3,16.3,13
2026-03-30T22:00:52Z,0,0,0,0,0,0.8,16.7,848.4,16.8,17.1,92.9,261,253,0,0,176,0,0,17.2,16.2,12.9
2026-03-30T22:15:58Z,0,0,0,0,0,0.8,16.9,848.2,17.1,17.3,93.4,261,254,0,0,176,0,0,17.4,16.5,13.2
2026-03-30T22:31:04Z,0,0,0,0,0,0.8,17.1,848.1,17.2,17.5,93.3,261,254,0,0,176,0,0,17.6,16.7,13.3
2026-03-30T22:46:10Z,0,0,0,0,0,0.8,17.2,848,17.3,17.5,92.9,260,254,0,0,176,0,0,17.6,16.6,13.4
2026-03-30T23:01:17Z,0,0,0,0,0,0.8,17.2,847.8,17.3,17.5,92.7,261,254,0,0,176,0,0,17.7,16.7,13.4
2026-03-30T23:16:43Z,0,0,0,0,0,0.8,17.2,847.6,17.3,17.6,92.4,261,254,0,0,176,0,0,17.7,16.7,13.5
2026-03-30T23:31:49Z,0,0,0,0,0,0.8,17.5,847.6,17.6,17.9,92.3,261,253,0,0,176,0,0,18,17,13.7
2026-03-30T23:46:55Z,0,0,0,0,0,0.8,17.9,847.7,18,18.3,91.2,260,254,0,0,176,0,0,18.4,17.2,14.1
2026-03-31T00:00:00Z,0,0,0,0,0,0.8,18,847.5,18.1,18.3,89.9,260,253,0,0.1,176,0.7,0.7,18.4,17.1,14.1
2026-03-31T00:15:07Z,0,0,0,0,0,0.8,17.9,847.3,18.1,18.2,89.7,260,253,0,0,176,0.2,0.2,18.3,17,14
2026-03-31T00:30:13Z,0,0,0,0,0,0.8,17.7,847.2,17.7,18,90.3,259,253,0,0,176,0,0,18.1,16.8,13.8
2026-03-31T00:45:20Z,0,0,0,0,0,0.8,17.3,847.1,17.4,17.6,91.4,260,254,0,0,176,0,0,17.7,16.6,13.5
2026-03-31T01:00:45Z,0,0,0,0,0,0.8,17.3,847.3,17.2,17.6,92.5,260,253,0,0,176,0,0,17.7,16.7,13.4
2026-03-31T01:15:51Z,0,0,0,0,0,0.8,17.3,847.3,17.4,17.6,92.6,260,254,0,0,176,0,0,17.7,16.7,13.5
2026-03-31T01:30:58Z,0,0,0,0,0,0.8,17.3,847.4,17.3,17.6,92.7,261,254,0,0,176,0,0,17.7,16.7,13.4
2026-03-31T01:46:04Z,0,0,0,0,0,0.8,17.2,847.4,17.2,17.5,92.8,259,253,0,0.1,176,0.7,0.7,17.7,16.7,13.4
2026-03-31T02:01:10Z,0,0,0,0,0,0.8,17,847.3,17.1,17.4,92.9,260,253,0,0,176,0,0,17.5,16.5,13.2
2026-03-31T02:16:16Z,0,0,0,0,0,0.8,17.1,847.4,17.2,17.5,93.4,261,253,0,0,176,0,0,17.6,16.7,13.3
2026-03-31T02:31:23Z,0,0,0,0,0,0.8,17.2,847.4,17.2,17.5,93.6,260,253,0,0,176,0,0,17.7,16.8,13.4
2026-03-31T02:46:48Z,0,0,0,0,0,0.8,17.4,847.6,17.5,17.7,93.7,260,253,0,0.2,176,0.7,0.7,17.8,16.9,13.6
2026-03-31T03:01:54Z,0,0,0,0,0,0.8,17.4,847.7,17.5,17.8,93.7,260,254,0,0,176,0.4,0.4,17.9,17,13.6
2026-03-31T03:17:01Z,0,0,0,0,0,0.8,17.4,848.1,17.5,17.8,93.7,260,253,0,0.1,176,0.2,0.2,17.9,17,13.6
2026-03-31T03:32:07Z,0,0,0,0,0,0.8,17.5,848.4,17.6,17.8,93.4,262,263,0,0,176,0,0,17.9,17,13.7
2026-03-31T03:47:14Z,0,0,0,0.1,0,0.8,17.5,848.6,17.6,17.8,93.2,266,344,0,0.3,176,1.1,1.1,18,17,13.7
2026-03-31T04:02:20Z,0,0,0,0.1,0,0.8,17.6,848.5,17.8,17.9,92.8,280,462,0,0,176,0,0,18.1,17.1,13.8
2026-03-31T04:17:26Z,0,0,0,0.2,0,0.8,17.8,848.8,17.9,18.1,92.7,297,611,0,0,175,0.2,0.2,18.2,17.2,13.9
2026-03-31T04:32:51Z,0,0,0,0.4,0,0.8,18.2,849,18.2,18.4,92.1,327,966,0,0.2,175,0.7,0.7,18.6,17.4,14.2
2026-03-31T04:47:57Z,0,0,0,0.5,0,0.8,18.6,849.1,18.6,18.8,90.7,348,1164,0,0,175,0.4,0.4,18.9,17.6,14.6
2026-03-31T05:03:04Z,0,0,0,0.6,0,0.8,18.9,849.4,18.9,19.1,88.9,366,1350,0,0.2,175,0.7,0.7,19.2,17.7,14.8
2026-03-31T05:18:10Z,0,0,0,0.9,0,0.8,20.8,849.4,20.9,20.5,83.4,419,1838,0,0,164,0.2,0.2,20.6,18.4,16.1
2026-03-31T05:33:16Z,0,0,0,0.6,0,0.8,20.3,849.8,20.4,20.7,82.2,363,1273,0,0,160,0,0,20.8,18.4,16.3
2026-03-31T05:49:00Z,0,0,0,0.6,0,0.8,19.8,850.1,19.8,20.4,81.6,362,1274,0,0.1,160,0.4,0.4,20.5,18.1,16
2026-03-31T06:04:06Z,0,0,0,0.6,0,1.6,20,850.3,20.1,20.5,82.7,375,1476,0,0.1,160,0.4,0.4,20.6,18.3,16.1
2026-03-31T06:19:12Z,0,0,0,1.2,0,1.6,20.3,850.4,20.6,20.7,80.9,476,2539,0,0,160,0.2,0.2,20.8,18.3,16.3
2026-03-31T06:34:19Z,0,0,0,2,0,1.6,21.4,850.3,21.2,21.7,74.2,634,4131,0,1.1,137,1.7,1.7,21.8,18.4,17.1
2026-03-31T06:49:25Z,0,0,0,1,0,1.6,22.7,850.3,23.1,23.2,70,438,2029,0,0.4,136,1.1,1.1,23.3,19.2,18.4
2026-03-31T07:04:50Z,0,0,0,1.1,0,1.6,22.4,850.3,22.9,22.8,71.5,457,2340,0,0.1,137,0.4,0.4,22.8,19,18
2026-03-31T07:19:56Z,0,0,0,4.1,0,1.6,23.7,850.2,23.9,23.9,69.3,1014,8376,0,0,137,0.2,0.2,24.1,19.8,19
2026-03-31T07:35:02Z,0,0,0,4.2,0,1.6,23,850.2,23.4,23.6,69.1,1050,8718,0,0.6,137,1.5,1.5,23.8,19.5,18.8
2026-03-31T07:50:08Z,0,0,0,4.2,0,1.6,22.4,850.1,22.9,22.9,69.5,1050,8677,0,1.1,167,2.4,2.4,23,18.9,18.1
2026-03-31T08:05:14Z,0,0,0,1.4,0,1.6,22.8,849.9,23.3,23.3,68.8,517,2848,0,0.3,144,1.1,1.1,23.4,19.2,18.4
2026-03-31T08:20:20Z,0,0,0,4.5,0,1.6,24,849.7,24.4,24.4,64.9,1090,9001,0,0.8,134,1.7,1.7,24.5,19.6,19.4
2026-03-31T08:35:27Z,0,0,0,4.8,0,1.6,24.7,849.6,24.9,25.2,62.7,1149,9637,0,0.9,119,2.8,2.8,25.3,20.1,20
2026-03-31T08:50:33Z,0,0,0,1.2,0,1.6,24.5,849.2,24.7,25,61.4,475,2464,0,0.6,117,1.3,1.3,25,19.7,19.8
2026-03-31T09:06:02Z,0,0,0,5,0,1.6,24.9,849,25.1,25.5,61.6,1189,10080,0,0.5,76,2,2,25.6,20.2,20.2
2026-03-31T09:21:26Z,0,0,0,1.3,0,1.6,24.4,848.8,24.6,24.9,60.7,498,2727,0,0.1,107,0.4,0.4,24.9,19.5,19.7
2026-03-31T09:36:33Z,0,0,0,1.4,0,1.6,25,848.5,25.1,25.6,57.8,518,2937,0,1.1,118,2.2,2.2,25.7,19.7,20.3
2026-03-31T09:51:38Z,0,0,0,4.9,0,1.6,24.5,848.4,24.7,25.2,60.4,1169,9965,0,0.9,76,1.5,1.5,25.3,19.8,20
2026-03-31T10:06:44Z,0,0,0,1.2,0,1.6,25.6,848.1,25.6,26.3,56.2,475,2351,0,0.3,109,1.3,1.3,26.4,20.1,20.8
2026-03-31T10:21:51Z,0,0,0,4.6,0,1.6,25.9,847.8,26.2,26.5,55.3,1122,9345,0,0.5,113,1.3,1.3,26.5,20.1,20.9
2026-03-31T10:36:57Z,0,0,0,3.4,0,1.6,25.3,847.7,25.8,26,56.2,899,6928,0,0.2,109,0.4,0.4,26.1,19.8,20.6
2026-03-31T10:52:02Z,0,0,0,1.2,0,1.6,24.4,847.4,24.8,25,58.1,491,2565,0,0.3,106,1.5,1.5,25.1,19.2,19.8
2026-03-31T11:07:08Z,0,0,0,4.3,0,1.6,26.2,847.1,26.8,26.8,54.3,1064,8755,0,0.4,106,0.7,0.7,27.5,20.2,21.6
2026-03-31T11:22:33Z,0,0,0,1.4,0,1.6,26.6,846.9,26.9,27.6,49.9,516,2884,0,1.2,95,2.6,2.6,28,20.3,22.1
2026-03-31T11:37:39Z,0,0,0,0.9,0,1.6,25.2,846.8,25.5,26,53.3,423,1912,0,1.2,100,2.4,2.4,26,19.4,20.6
2026-03-31T11:52:45Z,0,0,0,3,0,1.6,25.5,846.7,25.9,26.2,56.9,812,6049,0,0.8,94,3.5,3.5,26.3,20.1,20.8
2026-03-31T12:07:52Z,0,0,0,1.8,0,1.6,26.6,846.6,26.9,27.6,53.1,601,3667,0,0.4,200,1.3,1.3,28.3,20.8,22.2
2026-03-31T12:22:58Z,0,0,0,0.9,0,1.6,25.9,846.4,26.1,26.9,54.2,424,1904,0,0.7,95,2,2,27.5,20.3,21.7
2026-03-31T12:38:04Z,0,0,0,2.3,0,1.6,26,846.4,26.2,26.9,52.7,682,4693,0,1.1,81,2,2,27.5,20.1,21.6
2026-03-31T12:53:10Z,0,0,0,1.9,0,1.6,26.2,846.2,26.7,27.3,52,610,3885,0,0.6,108,2,2,27.8,20.3,21.9
2026-03-31T13:08:36Z,0,0,0,2,0,1.6,26,846.1,26.3,27,50.6,627,4121,0,0.7,100,1.3,1.3,27.5,19.9,21.7
2026-03-31T13:23:42Z,0,0,0,1.9,0,1.6,27,846,27.8,28,50.2,606,3958,0,0.5,196,1.5,1.5,28.5,20.6,22.4
2026-03-31T13:38:48Z,0,0,0,0.7,0,1.6,25.8,846,26.1,26.8,51.8,391,1628,0,0.8,100,1.8,1.8,27.3,19.9,21.5
2026-03-31T13:53:53Z,0,0,0,0.7,0,1.6,25.2,846.1,25.6,26.1,55.5,388,1565,0,0.3,89,1.1,1.1,26.2,19.8,20.7
2026-03-31T14:09:00Z,0,0,0,1.4,0,1.6,25.4,846.2,25.8,26.5,52.8,517,3073,0,1,112,2,2,26.6,19.8,21
2026-03-31T14:24:06Z,0,0,0,0.3,0,1.6,24.2,846.3,24.4,25,59.3,320,808,0,0.1,105,0.8,0.8,25,19.4,19.8
2026-03-31T14:39:12Z,0,0,0,0.3,0,1.6,23,846.6,23.2,23.5,63.9,321,825,0,0.4,113,1.3,1.3,23.5,18.7,18.6
2026-03-31T14:54:18Z,0,0,0,0.4,0,1.6,22.7,846.7,22.9,23.2,65.3,327,1005,0,1.6,120,3.5,3.5,23.2,18.6,18.3
2026-03-31T15:09:40Z,0,0,0,0.1,0,1.6,21.6,846.8,21.9,22.1,67.8,276,411,0,0.3,114,0.9,0.9,22.1,18,17.4
2026-03-31T15:24:47Z,0,0,0,0.1,0,1.6,21.2,846.7,21.4,21.7,69.7,268,317,0,0.3,114,1.3,1.3,21.7,17.8,17
2026-03-31T15:39:53Z,0,0,0,0,0,1.6,21,846.9,21.2,21.4,75.4,262,264,0,0.8,113,1.3,1.3,21.5,18.3,16.8
2026-03-31T15:55:00Z,0,0,0,0,0,1.6,20.6,847,20.7,21,77.9,262,254,0,0.4,83,1.3,1.3,21.1,18.2,16.5
2026-03-31T16:10:06Z,0,0,0,0,0,1.6,20.3,847.1,20.4,20.6,78.2,261,253,0,0.8,105,2.2,2.2,20.7,17.9,16.2
2026-03-31T16:25:12Z,0,0,0,0,0,1.6,20.1,847.3,20.2,20.4,79.8,259,254,0,0,105,0.2,0.2,20.5,17.9,16
2026-03-31T16:40:18Z,0,0,0,0,0,1.6,19.9,847.5,20,20.2,81.1,259,253,0,0,105,0.2,0.2,20.3,17.9,15.8
2026-03-31T16:55:43Z,0,0,0,0,0,1.6,19.5,847.9,19.6,19.9,83.1,261,254,0,0.1,105,0.4,0.4,20,17.8,15.5
2026-03-31T17:10:49Z,0,0,0,0,0,1.6,19.3,848,19.4,19.6,84.4,260,253,0,0.2,105,0.7,0.7,19.7,17.7,15.3
2026-03-31T17:25:56Z,0,0,0,0,0,1.6,19.4,848.2,19.6,19.7,83.1,260,254,0,0.2,105,0.7,0.7,19.8,17.6,15.4
2026-03-31T17:41:01Z,0,0,0,0,0,1.6,19.4,848.4,19.6,19.8,83.6,260,254,0,0,105,0,0,19.9,17.7,15.4
2026-03-31T17:56:08Z,0,0,0,0,0,1.6,19,848.6,19.1,19.4,86.4,261,254,0,0.1,105,0.4,0.4,19.5,17.7,15.1
2026-03-31T18:11:14Z,0,0,0,0,0,1.6,18.8,848.6,18.9,19.1,86.8,260,252,0,0,105,0,0,19.2,17.5,14.9
2026-03-31T18:26:20Z,0,0,0,0,0,1.6,18.6,848.9,18.8,19,87.5,258,254,0,0.1,105,0.4,0.4,19.1,17.4,14.7
2026-03-31T18:41:26Z,0,0,0,0,0,1.6,18.7,849.2,18.9,19.1,86.6,261,254,0,0,105,0,0,19.2,17.5,14.8
2026-03-31T18:56:48Z,0,0,0,0,0,1.6,19,849.4,19.2,19.3,85.4,262,255,0,0,105,0,0,19.4,17.5,15
2026-03-31T19:11:54Z,0,0,0,0,0,1.6,19,849.4,19.2,19.4,85,260,253,0,0,105,0,0,19.5,17.5,15.1
2026-03-31T19:27:00Z,0,0,0,0,0,1.6,19,849.4,19.1,19.3,85.3,259,254,0,0,105,0.2,0.2,19.4,17.6,15.1
2026-03-31T19:42:07Z,0,0,0,0,0,1.6,19,849.6,19.1,19.3,85.8,260,254,0,0,105,0,0,19.5,17.6,15.1
2026-03-31T19:57:13Z,0,0,0,0,0,1.6,19,849.6,19.1,19.4,86.1,261,255,0,0.1,105,0.4,0.4,19.5,17.7,15.1
2026-03-31T20:12:19Z,0,0,0,0,0,1.6,19.1,849.6,19.3,19.4,85.8,259,254,0,0.2,105,0.9,0.9,19.6,17.7,15.2
2026-03-31T20:27:25Z,0,0,0,0,0,1.6,19.2,849.5,19.3,19.5,85.6,261,253,0,0.1,105,0.7,0.7,19.6,17.7,15.2
2026-03-31T20:42:51Z,0,0,0,0,0,1.6,19.3,849.5,19.4,19.6,86.7,260,255,0,0,105,0.2,0.2,19.7,18,15.3
2026-03-31T20:57:57Z,0,0,0.8,0,0,1.6,18.5,849.5,18.5,18.9,89.8,260,252,0,0,105,0,0,19.1,17.7,14.7
2026-03-31T21:13:04Z,0,0,0.8,0,0,1.6,18.2,849.4,18.2,18.6,91.1,259,253,0,0,105,0,0,18.7,17.5,14.4
2026-03-31T21:28:10Z,0,0,1,0,0,1.6,18,849.1,18.1,18.4,92.4,261,252,0,0,105,0,0,18.6,17.5,14.2
2026-03-31T21:43:16Z,0,0,1,0,0,1.6,17.7,848.9,17.8,18.1,92.7,260,254,0,0,105,0,0,18.2,17.2,13.9
2026-03-31T21:58:22Z,0,0,1,0,0,1.6,17.6,848.7,17.7,17.9,93.5,260,252,0,0,105,0,0,18.1,17.2,13.8
2026-03-31T22:13:29Z,0,0,1,0,0,1.6,17.5,848.7,17.6,17.8,94,261,254,0,0,105,0,0,18,17.1,13.7
2026-03-31T22:28:55Z,0,0,1,0,0,1.6,17.4,848.6,17.5,17.7,94.3,261,253,0,0,105,0,0,17.9,17,13.6
2026-03-31T22:44:01Z,0,0,1,0,0,1.6,17.4,848.3,17.5,17.7,94.5,260,254,0,0,105,0,0,17.8,17,13.6
2026-03-31T22:59:08Z,0,0,1,0,0,1.6,17.3,848.1,17.4,17.7,94.7,260,254,0,0,105,0,0,17.8,17,13.6
2026-03-31T23:14:14Z,0,0,1,0,0,1.6,17.2,848,17.2,17.5,94.8,260,253,0,0,105,0,0,17.6,16.9,13.4
2026-03-31T23:29:20Z,0,0,1,0,0,1.6,17,847.9,17.1,17.3,95,260,254,0,0,105,0,0,17.5,16.7,13.2
2026-03-31T23:44:26Z,0,0,1,0,0,1.6,16.9,847.7,17,17.3,95.1,260,254,0,0,105,0,0,17.4,16.7,13.2
2026-04-01T00:00:33Z,0,0,1,0,0,1.6,16.8,847.6,16.9,17.1,95.3,260,254,0,0,105,0,0,17.3,16.6,13
2026-04-01T00:15:57Z,0,0,1,0,0,1.6,16.7,847.6,16.8,17,95.4,260,255,0,0,105,0,0,17.2,16.5,12.9
2026-04-01T00:31:03Z,0,0,1,0,0,1.6,16.5,847.6,16.6,16.9,95.5,260,253,0,0,105,0,0,17,16.3,12.8
2026-04-01T00:46:10Z,0,0,1,0,0,1.6,16.4,847.6,16.4,16.7,95.5,259,253,0,0,105,0,0,16.8,16.2,12.6
2026-04-01T01:01:16Z,0,0,1,0,0,1.6,16.4,847.6,16.6,16.8,95.8,260,253,0,0,105,0,0,16.9,16.3,12.7
2026-04-01T01:16:22Z,0,0,1,0,0,1.6,16.4,847.7,16.6,16.8,95.9,260,253,0,0,105,0,0,16.9,16.3,12.7
2026-04-01T01:31:28Z,0,0,1,0,0,1.6,16.5,847.8,16.6,16.8,96,261,252,0,0,105,0,0,16.9,16.3,12.7
2026-04-01T01:46:34Z,0,0,1,0,0,1.6,16.3,848,16.4,16.7,96.1,260,253,0,0,105,0,0,16.8,16.2,12.6
2026-04-01T02:02:00Z,0,0,1,0,0,1.6,16,848.1,16.2,16.4,96,260,254,0,0,105,0,0,16.5,15.9,12.3
2026-04-01T02:17:06Z,0,0,1,0,0,1.6,15.7,848.1,16.1,16.1,96,259,253,0,0,105,0,0,16.2,15.6,12
2026-04-01T02:32:12Z,0,0,1.2,0,0,1.6,15.5,848.2,15.7,15.8,96,259,254,0,0,105,0,0,15.9,15.3,11.7
2026-04-01T02:47:19Z,0,0,1.2,0,0,1.6,15.2,848.2,15.5,15.6,96,261,253,0,0,105,0.2,0.2,15.6,15.1,11.4
2026-04-01T03:02:25Z,0,0,1.2,0,0,1.6,15.1,848.4,15.4,15.5,96.1,260,253,0,0,105,0,0,15.5,15,11.3
2026-04-01T03:18:03Z,0,0,1.2,0,0,1.6,15.4,848.6,15.7,15.8,96.2,260,256,0,0,105,0,0,15.8,15.3,11.6
2026-04-01T03:33:10Z,0,0,1.2,0,0,1.6,15.4,848.8,15.7,15.7,96.2,262,277,0,0,105,0.2,0.2,15.8,15.3,11.6
2026-04-01T03:48:16Z,0,0,1.2,0.1,0,1.6,15.6,849.3,15.9,15.9,96,271,382,0,0.4,105,0.9,0.9,16,15.5,11.8
2026-04-01T04:03:22Z,0,0,1.2,0.2,0,1.6,16,849.6,16.2,16.4,96,286,535,0,0.2,105,0.9,0.9,16.5,15.9,12.3
2026-04-01T04:18:29Z,0,0,1.2,0.3,0,1.6,16.6,849.7,16.7,16.9,96.1,321,891,0,0,105,0.2,0.2,17,16.4,12.8
2026-04-01T04:33:35Z,0,0,1.2,0.6,0,1.6,17,850,17.1,17.3,95.8,363,1397,0,0,105,0,0,17.4,16.8,13.2
2026-04-01T04:48:41Z,0,0,1.2,0.5,0,1.6,17.3,850.2,17.4,17.6,94.5,344,1103,0,0,164,0,0,17.8,16.9,13.5
2026-04-01T05:04:06Z,0,0,1.2,0.5,0,1.6,17.4,850.2,17.5,17.7,92.7,342,1016,0,0.1,164,0.7,0.7,17.8,16.8,13.5
2026-04-01T05:19:13Z,0,0,1.2,0.8,0,1.6,17.9,850.6,18.1,18.1,91.1,398,1679,0,0.5,164,1,1,18.2,17,13.9
2026-04-01T05:34:19Z,0,0,1.2,0.7,0,1.6,18.2,850.6,18.4,18.5,89.9,386,1591,0,0,164,0.2,0.2,18.6,17.2,14.3
2026-04-01T05:49:25Z,0,0,1.2,0.7,0,1.6,18.8,850.7,18.9,19.1,88.9,395,1701,0,0,164,0,0,19.2,17.7,14.9
2026-04-01T06:04:31Z,0,0,0,1.5,1.2,0.4,19.6,850.8,19.9,19.8,86.4,544,3321,0,0,164,0.4,0.4,20,18.1,15.5
2026-04-01T06:19:37Z,0,0,0,2.7,1.2,0.4,21.2,850.9,21.1,21.2,83.2,769,5877,0,0.1,164,0.4,0.4,21.4,19.1,16.8
2026-04-01T06:34:43Z,0,0,0,2.9,1.2,0.4,24.8,850.8,24.2,24.1,71.3,801,6132,0,0.4,325,1.3,1.3,24.3,20.3,19.2
2026-04-01T06:50:06Z,0,0,0,3.2,1.2,0.4,23.4,850.7,22.7,22.8,72,861,6809,0,0.6,328,1.3,1.3,22.9,19.1,18
2026-04-01T07:05:11Z,0,0,0,3.4,1.2,0.4,23.8,850.7,23.6,24,68.2,887,7051,0,0.6,105,1.3,1.3,24.2,19.8,19.1
2026-04-01T07:20:18Z,0,0,0,4.3,1.2,0.4,24.3,850.6,23.7,23.7,68.7,1052,8896,0,0.4,1,1.3,1.3,23.8,19.5,18.8
2026-04-01T07:35:24Z,0,0,0,1,1.2,0.4,23.4,850.5,23.2,23.9,68.3,449,2165,0,0.1,64,0.8,0.8,24,19.7,19
2026-04-01T07:50:41Z,0,0,0,3.1,1.2,0.4,25.4,850.4,25.8,25.6,63.8,832,6167,0,0.8,80,1.3,1.3,25.7,20.6,20.3
2026-04-01T08:06:09Z,0,0,0,1.5,1.2,0.4,24.2,850.3,24.1,25,59.7,539,3140,0,1.1,71,2,2,25,19.4,19.8
2026-04-01T08:21:15Z,0,0,0,1.2,1.2,0.4,24.6,850.3,24.4,24.9,59.5,480,2571,0,1.1,77,1.7,1.7,24.9,19.3,19.7
2026-04-01T08:36:21Z,0,0,0,1.5,1.2,0.4,24.3,850.2,24.2,24.6,63.6,532,3058,0,0.2,21,0.7,0.7,24.7,19.7,19.5
2026-04-01T08:51:27Z,0,0,0,1.5,1.2,0.4,24.2,850,24.4,24.8,59.4,530,3046,0,0.3,118,1.7,1.7,24.8,19.2,19.6
2026-04-01T09:06:33Z,0,0,0,4,1.2,0.4,23.5,849.8,24,24.2,59.5,1009,8232,0,0.6,87,1.1,1.1,24.2,18.7,19.1
2026-04-01T09:21:39Z,0,0,0,4.8,1.2,0.4,25.4,849.6,25.4,26.1,55.3,1150,9708,0,1.7,77,3.5,3.5,26.2,19.8,20.7
2026-04-01T09:36:45Z,0,0,0,5,1.2,0.4,25.7,849.3,25.8,26.4,54.4,1189,10145,0,0.2,109,1.3,1.3,26.4,19.9,20.9
2026-04-01T09:52:09Z,0,0,0,0.9,1.2,0.4,25.7,849.1,25.7,26.4,54,416,1773,0,1,70,3.7,3.7,26.5,19.9,20.9
2026-04-01T10:07:16Z,0,0,0,4.5,1.2,0.4,25.9,848.9,26.2,26.5,51.9,1090,9079,0,1.3,85,2.8,2.8,26.6,19.6,21
2026-04-01T10:22:22Z,0,0,0,3.3,1.2,0.4,25.9,848.6,26.2,26.8,51,879,6714,0,0.1,108,0.4,0.4,27.2,19.7,21.5
2026-04-01T10:37:28Z,0,0,0,1.2,1.2,0.4,26.3,848.4,26.5,27,49.8,489,2538,0,0.4,90,2,2,27.4,19.7,21.6
2026-04-01T10:52:35Z,0,0,0,1,1.2,0.4,25.5,848.2,25.7,26.1,53.5,439,2062,0,0.6,113,1.5,1.5,26.2,19.5,20.7
2026-04-01T11:07:41Z,0,0,0,0.8,1.2,0.4,25.8,848.1,25.9,26.6,51.7,405,1703,0,0.5,65,2.2,2.2,26.6,19.6,21
2026-04-01T11:22:47Z,0,0,0,0.8,1.2,0.4,26,847.8,26.1,26.8,50.8,399,1600,0,0.9,73,2.8,2.8,27.3,19.7,21.5
2026-04-01T11:38:13Z,0,0,0,3.8,1.2,0.4,26.7,847.6,26.9,27.5,48.4,956,7648,0,0.3,115,0.9,0.9,27.8,19.8,21.8
2026-04-01T11:53:18Z,0,0,0,0.9,1.2,0.4,26.9,847.4,26.8,28.1,46.9,431,1942,0,1,95,2.2,2.2,28.3,20.1,22.2
2026-04-01T12:08:24Z,0,0,0,3.4,1.2,0.4,26.3,847.3,26.5,26.9,46.1,886,6895,0,1.1,81,2,2,27.1,19,21.4
2026-04-01T12:23:30Z,0,0,0,0.5,1.2,0.4,27.4,847.4,27.4,28.7,43.1,344,997,0,1.4,80,3.9,3.9,28.6,19.9,22.4
2026-04-01T12:38:36Z,0,0,0,2.8,1.2,0.4,27.1,847.2,27.2,28.2,44.6,779,5769,0,0.8,85,1.7,1.7,28.2,19.8,22.2
2026-04-01T12:53:43Z,0,0,0,0.6,1.2,0.4,27.5,847.1,27.8,29,42.6,364,1201,0,1.3,96,2.2,2.2,28.8,20.1,22.6
2026-04-01T13:08:49Z,0,0,0,2.2,1.2,0.4,27.7,847.1,28.2,28.9,45.4,664,4598,0,0.5,113,2,2,29,20.6,22.8
2026-04-01T13:23:55Z,0,0,0,1.8,1.2,0.4,27.5,847.1,28,29,43.4,596,3779,0,0.4,84,1.1,1.1,28.9,20.3,22.7
2026-04-01T13:39:17Z,0,0,0,1.6,1.2,0.4,26.8,846.9,27.1,28.3,44.3,553,3371,0,0.6,110,1.5,1.5,28.3,19.9,22.2
2026-04-01T13:54:23Z,0,0,0,1.4,1.2,0.4,27.2,846.8,27.8,28.9,44.4,520,3029,0,0.3,90,0.8,0.8,28.9,20.4,22.7
2026-04-01T14:09:29Z,0,0,0,1,1.2,0.4,26.8,846.9,27.5,28.4,44.5,453,2336,0,0.9,64,2.6,2.6,28.4,20,22.3
2026-04-01T14:24:35Z,0,0,0,0.4,1.2,0.4,25.6,847.1,25.8,26.5,49.8,337,1004,0,1.1,85,2.6,2.6,26.5,19.2,20.9
2026-04-01T14:39:41Z,0,0,0,0.3,1.2,0.4,24.8,847.2,24.9,25.3,52.7,321,828,0,0.8,68,2.2,2.2,25.3,18.7,20
2026-04-01T14:54:48Z,0,0,0,0.2,1.2,0.4,24.1,847.3,24.2,24.5,56.8,297,608,0,0.6,75,2,2,24.5,18.6,19.4
2026-04-01T15:09:54Z,0,0,0,0.2,1.2,0.4,23.6,847.3,23.8,24,59,284,476,0,1.5,97,2.8,2.8,24,18.5,19
2026-04-01T15:25:20Z,0,0,0,0.1,1.2,0.4,23,847.4,23.2,23.4,64.4,272,359,0,0.9,130,3.7,3.7,23.5,18.7,18.5
2026-04-01T15:40:26Z,0,0,0,0,1.2,0.4,22.1,847.4,22.2,22.5,67.5,262,265,0,0.4,199,1.3,1.3,22.5,18.3,17.7
2026-04-01T15:55:28Z,0,0,0,0,1.2,0.4,21.5,847.5,21.7,21.9,70,260,254,0,0.1,127,0.4,0.4,21.9,18,17.2
2026-04-01T16:10:34Z,0,0,0,0,1.2,0.4,21.2,847.7,21.3,21.5,72.1,260,252,0,0,127,0.2,0.2,21.5,17.9,16.9
2026-04-01T16:25:40Z,0,0,0,0,1.2,0.4,20.9,848,21,21.2,73.6,260,254,0,0.5,127,1.3,1.3,21.3,17.9,16.7
2026-04-01T16:40:47Z,0,0,0,0,1.2,0.4,20.7,848,20.8,21,74.8,260,253,0,0,127,0,0,21.1,17.8,16.5
2026-04-01T16:55:53Z,0,0,0,0,1.2,0.4,20.3,848.1,20.4,20.6,76.2,259,253,0,0,127,0,0,20.7,17.7,16.2
2026-04-01T17:10:59Z,0,0,0,0,1.2,0.4,20.1,848.3,20.2,20.4,77.8,261,254,0,0,127,0,0,20.4,17.6,16
2026-04-01T17:26:23Z,0,0,0,0,1.2,0.4,20.1,848.4,20.3,20.4,77.5,261,252,0,0,75,0,0,20.4,17.6,15.9
2026-04-01T17:41:29Z,0,0,0,0,1.2,0.4,20.1,848.7,20.3,20.4,76.8,260,252,0,0,79,0.2,0.2,20.4,17.5,15.9
2026-04-01T17:56:32Z,0,0,0,0,1.2,0.4,19.8,848.9,19.9,20.1,77.7,262,253,0,0.4,79,1.1,1.1,20.2,17.4,15.7
2026-04-01T18:11:38Z,0,0,0,0,1.2,0.4,19.6,849.1,19.8,19.9,78.8,259,253,0,0,122,0.2,0.2,19.9,17.3,15.5
2026-04-01T18:26:44Z,0,0,0,0,1.2,0.4,19.3,849.3,19.4,19.6,80.5,260,252,0,0,71,0,0,19.7,17.2,15.3
2026-04-01T18:41:51Z,0,0,0,0,1.2,0.4,19.2,849.3,19.4,19.6,80.9,261,254,0,0,74,0,0,19.6,17.2,15.2
2026-04-01T18:56:57Z,0,0,0,0,1.2,0.4,19,849.6,19.1,19.3,82.3,260,253,0,0,74,0,0,19.4,17.2,15
2026-04-01T19:12:43Z,0,0,0,0,1.2,0.4,18.7,849.7,18.8,19.1,83.9,261,253,0,0,74,0,0,19.1,17.1,14.8
2026-04-01T19:27:50Z,0,0,0,0,1.2,0.4,18.3,849.8,18.4,18.6,85.3,260,253,0,0,74,0,0,18.7,16.9,14.4
2026-04-01T19:42:56Z,0,0,0,0,1.2,0.4,17.9,849.9,17.9,18.1,88.3,260,253,0,0,74,0,0,18.2,16.7,13.9
2026-04-01T19:58:03Z,0,0,0,0,1.2,0.4,17.7,850,17.8,18,88.9,261,254,0,0,74,0,0,18.1,16.7,13.8
2026-04-01T20:13:28Z,0,0,0,0,1.2,0.4,17.3,850.1,17.4,17.7,89.5,261,252,0,0,74,0,0,17.8,16.4,13.5
2026-04-01T20:28:35Z,0,0,0,0,1.2,0.4,17.2,850,17.3,17.5,91.3,261,254,0,0,74,0.2,0.2,17.6,16.5,13.4
2026-04-01T20:43:42Z,0,0,0,0,1.2,0.4,16.9,849.9,17,17.3,91.1,260,254,0,0,74,0,0,17.4,16.2,13.1
2026-04-01T20:58:48Z,0,0,0,0,1.2,0.4,16.7,849.9,16.8,17.1,91.8,260,254,0,0,74,0,0,17.1,16.1,12.9
2026-04-01T21:13:55Z,0,0,0,0,1.2,0.4,16.6,849.9,16.7,17,92.5,261,253,0,0,74,0,0,17,16.1,12.8
2026-04-01T21:29:02Z,0,0,0,0,1.2,0.4,16.5,849.8,16.6,16.8,93,261,255,0,0,74,0,0,16.9,16,12.7
2026-04-01T21:44:09Z,0,0,0,0,1.2,0.4,16.5,849.7,16.6,16.9,93.5,260,253,0,0,74,0,0,17,16.1,12.8
2026-04-01T21:59:33Z,0,0,0,0,1.2,0.4,16.7,849.6,16.8,17,93.8,260,254,0,0,74,0,0,17.1,16.3,12.9
2026-04-01T22:14:39Z,0,0,0,0,1.2,0.4,16.7,849.4,16.8,17.1,93.9,260,252,0,0,74,0,0,17.2,16.4,13
2026-04-01T22:29:46Z,0,0,0,0,1.2,0.4,16.6,849.1,16.8,17,93.8,260,253,0,0,74,0,0,17.1,16.3,12.9
2026-04-01T22:44:53Z,0,0,0,0,1.2,0.4,16.4,849,16.5,16.8,93.5,260,253,0,0,74,0,0,16.9,16,12.6
2026-04-01T23:00:00Z,0,0,0,0,1.2,0.4,16.5,849,16.7,16.9,93.9,260,255,0,0,74,0,0,17,16.2,12.8
2026-04-01T23:15:06Z,0,0,0,0,1.2,0.4,16.5,848.9,16.6,16.9,93.9,259,254,0,0,74,0,0,17,16.1,12.8
2026-04-01T23:30:13Z,0,0,0,0,1.2,0.4,16.5,848.6,16.7,16.9,93.6,261,253,0,0,74,0,0,17,16.1,12.8
2026-04-01T23:45:37Z,0,0,0,0,1.2,0.4,16.4,848.7,16.5,16.8,93.5,260,254,0,0,74,0,0,16.9,16,12.6
2026-04-02T00:00:43Z,0,0,0,0,1.2,0.4,16.5,848.4,16.6,17,93.9,260,254,0,0,74,0,0,17.1,16.2,12.8
2026-04-02T00:15:50Z,0,0,0,0,1.2,0.4,16.8,848.4,17.1,17.3,93.5,260,253,0,0.5,74,0.9,0.9,17.4,16.5,13.1
2026-04-02T00:30:56Z,0,0,0,0,1.2,0.4,17.3,848.6,17.4,17.5,91.5,262,253,0,0,89,0,0,17.6,16.5,13.4
2026-04-02T00:46:03Z,0,0,0,0,1.2,0.4,17.3,848.4,17.5,17.7,90.9,260,254,0,0.7,112,1.3,1.3,17.8,16.6,13.5
2026-04-02T01:01:09Z,0,0,0,0,1.2,0.4,17.3,848.3,17.4,17.6,91.1,261,254,0,0.5,73,1.5,1.5,17.7,16.6,13.5
2026-04-02T01:16:16Z,0,0,0,0,1.2,0.4,17.3,848.3,17.4,17.6,90.6,260,254,0,0.1,76,0.9,0.9,17.7,16.5,13.4
2026-04-02T01:31:41Z,0,0,0,0,1.2,0.4,17.3,848.2,17.4,17.6,89.1,260,252,0,0.1,116,0.9,0.9,17.7,16.3,13.4
2026-04-02T01:46:47Z,0,0,0,0,1.2,0.4,17.3,848.4,17.5,17.6,89.9,260,253,0,0,116,0,0,17.7,16.4,13.5
2026-04-02T02:01:53Z,0,0,0,0,1.2,0.4,17.2,848.6,17.2,17.5,90.2,259,254,0,0,116,0.2,0.2,17.6,16.3,13.3
2026-04-02T02:16:59Z,0,0,0,0,1.2,0.4,17.1,848.7,17.3,17.5,91.8,261,254,0,0,129,0,0,17.5,16.5,13.3
2026-04-02T02:32:06Z,0,0,0,0,1.2,0.4,17.1,848.8,17.2,17.5,92.5,260,254,0,0.1,129,0.4,0.4,17.6,16.6,13.3
2026-04-02T02:47:13Z,0,0,0,0,1.2,0.4,17,848.9,17.2,17.4,92.3,261,254,0,0,129,0,0,17.5,16.4,13.2
2026-04-02T03:02:19Z,0,0,0,0,1.2,0.4,17,849.1,17.1,17.3,92.6,260,253,0,0,129,0,0,17.4,16.5,13.2
2026-04-02T03:17:46Z,0,0,0,0,1.2,0.4,17,849.2,17.1,17.3,92.9,260,256,0,0,129,0,0,17.4,16.5,13.2
2026-04-02T03:32:52Z,0,0,0,0,1.2,0.4,17,849.3,17.2,17.4,92.9,261,265,0,0,129,0,0,17.5,16.5,13.2
2026-04-02T03:47:58Z,0,0,0,0.1,1.2,0.4,17.1,849.6,17.2,17.5,92.5,270,347,0,0,129,0,0,17.6,16.6,13.3
2026-04-02T04:03:04Z,0,0,0,0.1,1.2,0.4,17.1,849.6,17.2,17.4,92.3,283,458,0,0,129,0,0,17.5,16.5,13.3
2026-04-02T04:18:10Z,0,0,0,0.2,1.2,0.4,17.2,849.7,17.3,17.5,92.5,294,535,0,0,129,0,0,17.6,16.6,13.4
2026-04-02T04:33:16Z,0,0,0,0.5,1.2,0.4,17.5,850.1,17.7,17.8,92.7,345,1160,0,0,129,0,0,17.9,16.9,13.6
2026-04-02T04:48:22Z,0,0,0,0.6,1.2,0.4,18.9,850,18.9,18.6,89.7,360,1252,0,0.1,91,0.7,0.7,18.8,17.4,14.4
2026-04-02T05:03:45Z,0,0,0,0.6,1.2,0.4,20.4,850.2,20.1,19.9,85.3,377,1468,0,0.1,89,0.4,0.4,20,18.1,15.6
2026-04-02T05:18:51Z,0,0,0,0.8,1.2,0.4,20.5,850.4,20.4,20.5,81.3,411,1823,0,0,218,0.2,0.2,20.7,18.2,16.2
2026-04-02T05:33:57Z,0,0,0,2,1.2,0.4,21.9,850.6,22.1,21.6,77.4,620,4211,0,0.9,152,2.1,2.1,21.8,18.8,17.1
2026-04-02T05:49:03Z,0,0,0,1.2,1.2,0.4,20.2,850.8,20.6,20.8,79.2,477,2578,0,0.6,182,1.2,1.2,20.9,18.2,16.4
2026-04-02T06:04:09Z,0,0,0,1.7,0,0.6,22.1,850.8,22.4,22.2,74,567,3489,0,0.1,142,0.7,0.7,22.4,18.9,17.6
2026-04-02T06:19:16Z,0,0,0,2.6,0,0.6,22.9,850.9,23.6,23.1,71.1,747,5556,0,0.8,164,1.7,1.7,23.2,19.3,18.3
2026-04-02T06:34:22Z,0,0,0,0.9,0,0.6,21.1,851,21.9,21.7,75.6,424,1904,0,0.6,149,2,2,21.8,18.6,17.1
2026-04-02T06:49:56Z,0,0,0,3.3,0,0.6,22.5,851.1,23.4,22.7,71.3,869,6808,0,0.8,176,1.5,1.5,22.8,19,18
2026-04-02T07:05:20Z,0,0,0,3.5,0,0.6,23.9,851.3,24.2,24.4,66.8,907,7243,0,0.4,97,1.1,1.1,24.5,19.9,19.3
2026-04-02T07:20:26Z,0,0,0,3.8,0,0.6,21.8,851.3,22.7,22.4,69.5,966,7966,0,0.2,183,1,1,22.4,18.4,17.7
2026-04-02T07:35:32Z,0,0,0,1.4,0,0.6,22.3,851.1,22.8,22.6,68.4,522,2915,0,0.5,183,1.3,1.3,22.7,18.5,17.9
2026-04-02T07:50:39Z,0,0,0,4.2,0,0.6,23.3,850.9,23.2,23.6,63.3,1038,8729,0,0.6,86,1.1,1.1,23.6,18.7,18.7
2026-04-02T08:05:45Z,0,0,0,1.8,0,0.6,24.2,850.8,24.1,24.6,62.7,599,3765,0,0.1,102,0.7,0.7,24.7,19.5,19.5
2026-04-02T08:20:52Z,0,0,0,1.1,0,0.6,24.6,850.6,24.8,24.9,61.2,465,2309,0,0.3,98,0.7,0.7,25,19.6,19.8
2026-04-02T08:35:57Z,0,0,0,4.6,0,0.6,24.2,850.6,24.5,24.8,57.5,1114,9453,0,0.6,91,1.1,1.1,24.8,18.9,19.6
2026-04-02T08:51:29Z,0,0,0,0.9,0,0.6,25.2,850.3,25.2,25.8,53.6,431,1943,0,1.8,81,3.3,3.3,25.8,19.2,20.4
2026-04-02T09:06:35Z,0,0,0,4.5,0,0.6,25.5,850.1,25.4,26.1,52.5,1098,9193,0,1.7,74,2.4,2.4,26.2,19.4,20.7
2026-04-02T09:21:41Z,0,0,0,0.9,0,0.6,25.4,849.9,25.3,25.9,55,435,2018,0,0.5,37,0.9,0.9,25.9,19.5,20.5
2026-04-02T09:36:48Z,0,0,0,4.5,0,0.6,25.7,849.6,25.8,26.2,55.6,1096,9140,0,0.6,31,1.5,1.5,26.3,19.9,20.7
2026-04-02T09:51:54Z,0,0,0,4.4,0,0.6,25.3,849.4,25.5,25.9,55.9,1085,9011,0,0.9,80,2.6,2.6,26,19.7,20.5
2026-04-02T10:07:44Z,0,0,0,4.6,0,0.6,25.9,849.1,26,26.4,51.3,1121,9482,0,0.9,89,2.4,2.4,26.4,19.4,20.8
2026-04-02T10:22:50Z,0,0,0,4.8,0,0.6,25.7,848.9,26.2,26.4,54.9,1148,9717,0,0.1,174,0.2,0.2,26.5,20,20.9
2026-04-02T10:37:56Z,0,0,0,4.4,0,0.6,26.6,848.6,26.7,27.4,50.5,1070,8828,0,1.4,94,3.1,3.1,27.9,20.2,21.9
2026-04-02T10:53:02Z,0,0,0,4.2,0,0.6,26.7,848.6,26.9,27.7,46.9,1035,8438,0,1.7,82,3.1,3.1,27.8,19.8,21.9
2026-04-02T11:08:26Z,0,0,0,1.4,0,0.6,26.7,848.4,26.8,27.6,45.5,520,2771,0,1,90,2.9,2.9,27.7,19.5,21.8
2026-04-02T11:24:30Z,0,0,0,2.9,0,0.6,26.5,848.1,26.5,27.3,49.7,803,5951,0,0.6,27,1.3,1.3,27.6,19.9,21.8
2026-04-02T11:39:36Z,0,0,0,3.7,0,0.6,26.7,848,26.9,27.7,48,954,7634,0,0.9,80,2,2,27.9,19.9,22
2026-04-02T11:54:43Z,0,0,0,3.7,0,0.6,26.7,847.8,27,27.5,48.4,943,7529,0,0.8,70,2,2,27.8,19.9,21.9
2026-04-02T12:09:49Z,0,0,0,3.1,0,0.6,26.8,847.8,26.9,27.8,47.8,841,6428,0,0.9,68,2,2,28.1,20,22.1
2026-04-02T12:24:56Z,0,0,0,1.8,0,0.6,26,847.7,25.9,26.9,50.3,590,3688,0,0.8,88,1.5,1.5,27.3,19.7,21.5
2026-04-02T12:40:03Z,0,0,0,2.7,0,0.6,26.2,847.6,26.3,27.1,48.5,757,5532,0,0,83,0,0,27.5,19.6,21.6
2026-04-02T12:55:09Z,0,0,0,2.3,0,0.6,26.9,847.4,27.3,28,45.6,684,4752,0,0.3,108,1.3,1.3,28.1,19.9,22.1
2026-04-02T13:10:31Z,0,0,0,2,0,0.6,27,847.4,27.4,28.2,43,634,4206,0,0.1,64,0.4,0.4,28.1,19.5,22.1
2026-04-02T13:25:37Z,0,0,0,1.8,0,0.6,27,847.4,27.5,28.2,40.8,591,3764,0,0.3,100,1.3,1.3,27.9,19.2,22
2026-04-02T13:40:43Z,0,0,0,1.5,0,0.6,27.2,847.3,27.9,28.6,45.4,546,3295,0,0.2,179,0.7,0.7,28.7,20.3,22.5
2026-04-02T13:55:49Z,0,0,0,1.2,0,0.6,26.4,847.3,26.8,27.8,46.2,484,2626,0,0.5,73,1.1,1.1,28,19.8,22
2026-04-02T14:10:55Z,0,0,0,0.9,0,0.6,26.2,847.3,26.5,27.6,45.2,434,2110,0,1.4,75,3.1,3.1,27.7,19.5,21.8
2026-04-02T14:26:02Z,0,0,0,0.3,0,0.6,25.3,847.4,25.6,26.1,50.2,313,708,0,0.3,70,0.9,0.9,26.1,18.9,20.6
2026-04-02T14:41:09Z,0,0,0,0.2,0,0.6,24.7,847.6,24.9,25.1,52,303,609,0,0.5,79,1.5,1.5,25.1,18.4,19.8
2026-04-02T14:56:35Z,0,0,0,0.2,0,0.6,24.2,847.7,24.4,24.6,54.2,292,506,0,0.3,74,1.7,1.7,24.6,18.3,19.4
2026-04-02T15:11:41Z,0,0,0,0.1,0,0.6,23.8,847.7,23.9,24.1,55.6,282,430,0,0.4,95,0.9,0.9,24.1,18.1,19
2026-04-02T15:26:47Z,0,0,0,0.1,0,0.6,23.4,847.8,23.5,23.7,57.6,270,333,0,0.1,112,0.9,0.9,23.7,18,18.7
2026-04-02T15:41:53Z,0,0,0,0,0,0.6,22.8,847.9,22.9,23.1,59.5,262,262,0,1,81,1.7,1.7,23.1,17.7,18.2
2026-04-02T15:57:45Z,0,0,0,0,0,0.6,22.4,848,22.5,22.7,62.5,261,253,0,0,75,0,0,22.7,17.8,17.9
2026-04-02T16:12:52Z,0,0,0,0,0,0.6,21.9,848,22.1,22.2,65.9,260,254,0,0.3,70,0.7,0.7,22.2,17.8,17.5
2026-04-02T16:27:58Z,0,0,0,0,0,0.6,21.6,848.3,21.7,21.8,68.7,258,252,0,0,84,0,0,21.9,17.8,17.2
2026-04-02T16:43:04Z,0,0,0,0,0,0.6,21.2,848.4,21.4,21.5,69.8,260,253,0,0.1,119,0.4,0.4,21.5,17.7,16.9
2026-04-02T16:58:10Z,0,0,0,0,0,0.6,21,848.8,21.1,21.3,70.9,260,253,0,0,77,0,0,21.3,17.6,16.7
2026-04-02T17:13:17Z,0,0,0,0,0,0.6,20.8,848.9,20.9,21.1,72.4,260,255,0,0.1,88,0.7,0.7,21.1,17.6,16.5
2026-04-02T17:28:41Z,0,0,0,0,0,0.6,20.6,849,20.8,20.9,73.3,260,253,0,0,61,0,0,21,17.6,16.4
2026-04-02T17:43:48Z,0,0,0,0,0,0.6,20.5,849.1,20.7,20.8,74.8,260,253,0,0.2,64,0.4,0.4,20.9,17.7,16.3
2026-04-02T17:58:54Z,0,0,0,0,0,0.6,20.6,849.2,20.8,20.9,75,261,253,0,0.2,65,0.7,0.7,21,17.8,16.4
2026-04-02T18:14:01Z,0,0,0,0,0,0.6,20.4,849.3,20.6,20.8,76,259,253,0,0.2,66,0.9,0.9,20.8,17.8,16.3
2026-04-02T18:29:07Z,0,0,0,0,0,0.6,20.2,849.5,20.4,20.5,77.2,261,253,0,0,68,0.2,0.2,20.6,17.7,16.1
2026-04-02T18:44:15Z,0,0,0,0,0,0.6,20.1,849.5,20.3,20.4,77.9,262,254,0,0.3,69,0.9,0.9,20.5,17.7,16
2026-04-02T18:59:21Z,0,0,0,0,0,0.6,19.7,849.6,19.9,20.1,79,259,254,0,0,69,0,0,20.2,17.5,15.7
2026-04-02T19:14:45Z,0,0,0,0,0,0.6,19.3,849.7,19.4,19.5,82.5,262,253,0,0,69,0,0,19.6,17.4,15.2
2026-04-02T19:29:52Z,0,0,0,0,0,0.6,18.8,849.7,18.9,19,84.2,259,254,0,0,69,0,0,19.1,17.1,14.7
2026-04-02T19:44:59Z,0,0,0,0,0,0.6,18.4,849.9,18.5,18.7,85.7,259,253,0,0,69,0,0,18.8,17,14.5
2026-04-02T20:00:05Z,0,0,0,0,0,0.6,18.1,850,18.1,18.3,86.9,260,253,0,0,69,0,0,18.4,16.7,14.1
2026-04-02T20:15:12Z,0,0,0,0,0,0.6,17.8,850,17.9,18,87.7,260,253,0,0,69,0,0,18.1,16.6,13.8
2026-04-02T20:30:19Z,0,0,0,0,0,0.6,17.9,850,18.1,18.3,88.1,261,254,0,0,69,0,0,18.4,16.8,14.1
2026-04-02T20:45:26Z,0,0,0,0,0,0.6,18.1,850,18.3,18.5,87.7,260,254,0,0,69,0,0,18.6,17,14.3
2026-04-02T21:00:50Z,0,0,0,0,0,0.6,17.9,849.9,18.1,18.4,87.7,261,254,0,0,69,0,0,18.4,16.9,14.1
2026-04-02T21:15:57Z,0,0,0,0,0,0.6,17.6,849.9,17.8,18,89.2,262,254,0,0,69,0,0,18,16.7,13.8
2026-04-02T21:31:03Z,0,0,0,0,0,0.6,17.4,849.7,17.6,17.8,90.1,260,254,0,0,69,0,0,17.8,16.6,13.6
2026-04-02T21:46:10Z,0,0,0,0,0,0.6,17.4,849.4,17.5,17.7,90.2,260,253,0,0,69,0,0,17.8,16.5,13.5
2026-04-02T22:01:17Z,0,0,0,0,0,0.6,17.3,849.3,17.4,17.6,90.7,259,254,0,0,69,0,0,17.7,16.5,13.5
2026-04-02T22:16:23Z,0,0,0,0,0,0.6,17,849.2,17.1,17.4,90.8,260,253,0,0,69,0,0,17.5,16.3,13.2
2026-04-02T22:31:30Z,0,0,0,0,0,0.6,16.8,849.2,16.9,17.1,91.5,261,254,0,0,69,0,0,17.2,16.1,12.9
2026-04-02T22:46:58Z,0,0,0,0,0,0.6,16.3,849.2,16.4,16.7,91.7,259,253,0,0,69,0,0,16.8,15.7,12.6
2026-04-02T23:02:05Z,0,0,0,0,0,0.6,16.1,849.1,16.2,16.5,92.4,260,254,0,0,69,0,0,16.6,15.6,12.4
2026-04-02T23:17:11Z,0,0,0,0,0,0.6,16.1,849.3,16.2,16.5,93.1,260,253,0,0,69,0,0,16.5,15.6,12.3
2026-04-02T23:32:18Z,0,0,0,0,0,0.6,16.1,849.2,16.2,16.5,93.6,260,254,0,0,69,0,0,16.6,15.7,12.4
2026-04-02T23:47:25Z,0,0,0,0,0,0.6,16,849,16.2,16.3,93.5,261,252,0,0,69,0,0,16.4,15.5,12.2
2026-04-03T00:00:31Z,0,0,0,0,0,0.6,15.8,849,16.1,16.1,93.5,261,252,0,0,69,0.2,0.2,16.2,15.4,12
2026-04-03T00:15:57Z,0,0,0,0,0,0.6,15.6,849,15.9,15.9,93.6,261,253,0,0,69,0,0,16,15.2,11.8
2026-04-03T00:31:03Z,0,0,0,0,0,0.6,15.4,848.6,15.8,15.8,93.7,261,253,0,0,69,0,0,15.8,15,11.6
2026-04-03T00:46:10Z,0,0,0,0,0,0.6,15.2,848.8,15.6,15.6,93.9,260,253,0,0,69,0,0,15.7,14.9,11.5
2026-04-03T01:01:16Z,0,0,0,0,0,0.6,15.1,848.7,15.3,15.4,94,261,254,0,0,69,0,0,15.5,14.7,11.3
2026-04-03T01:16:23Z,0,0,0,0,0,0.6,14.9,848.7,15.2,15.3,94.2,260,254,0,0,69,0,0,15.3,14.6,11.1
2026-04-03T01:31:30Z,0,0,0,0,0,0.6,14.9,848.7,15.2,15.3,94.5,261,253,0,0,69,0,0,15.4,14.7,11.2
2026-04-03T01:46:36Z,0,0,0,0,0,0.6,15,848.7,15.3,15.4,94.8,260,254,0,0,69,0,0,15.4,14.8,11.2
2026-04-03T02:02:01Z,0,0,0,0,0,0.6,14.8,848.9,15.1,15.2,94.9,261,252,0,0,69,0,0,15.3,14.6,11.1
2026-04-03T02:17:08Z,0,0,0,0,0,0.6,14.8,849.1,15.2,15.3,95.1,260,252,0,0,69,0,0,15.3,14.7,11.1
2026-04-03T02:33:08Z,0,0,0,0,0,0.6,14.9,849.4,15.2,15.3,95.3,260,253,0,0.1,69,0.2,0.2,15.4,14.8,11.2
2026-04-03T02:48:14Z,0,0,0,0,0,0.6,14.9,849.4,15.2,15.3,95.1,261,254,0,0,69,0,0,15.3,14.7,11.1
2026-04-03T03:03:21Z,0,0,0,0,0,0.6,14.7,849.5,15,15.1,95,261,254,0,0,69,0,0,15.1,14.5,10.9
2026-04-03T03:18:28Z,0,0,0,0,0,0.6,14.8,849.7,15,15.1,95,261,258,0,0,69,0,0,15.1,14.5,10.9
2026-04-03T03:33:35Z,0,0,0,0,0,0.6,15,849.7,15.2,15.4,95.3,265,289,0,0,69,0,0,15.4,14.8,11.2
2026-04-03T03:48:41Z,0,0,0,0.1,0,0.6,15,849.8,15.3,15.4,95.3,275,386,0,0,69,0,0,15.4,14.8,11.2
2026-04-03T04:04:07Z,0,0,0,0.2,0,0.6,15.3,850.1,15.6,15.7,95.4,284,467,0,0,69,0,0,15.7,15.1,11.5
2026-04-03T04:19:14Z,0,0,0,0.3,0,0.6,15.6,850.4,15.9,15.9,95.1,312,767,0,0.6,187,1.5,1.5,15.9,15.3,11.7
2026-04-03T04:34:20Z,0,0,0,0.4,0,0.6,15.8,850.5,16.1,16.1,93.7,326,955,0,0,187,0.2,0.2,16.2,15.4,12
2026-04-03T04:49:27Z,0,0,0,0.6,0,0.6,16.4,850.7,16.6,16.7,91.6,359,1311,0,0.1,187,0.4,0.4,16.8,15.7,12.6
2026-04-03T05:05:16Z,0,0,0,0.9,0,0.6,18.1,850.8,18.2,17.7,88.5,419,1958,0,0,171,0.2,0.2,17.7,16.3,13.5
2026-04-03T05:20:22Z,0,0,0,1.3,0,0.6,20.1,850.8,19.8,19.2,83.3,498,2875,0,0.7,171,0.9,0.9,19.3,17.2,14.9
2026-04-03T05:35:47Z,0,0,0,1.2,0,0.6,20.3,850.9,19.8,19.6,81.4,491,2709,0,0.3,171,0.7,0.7,19.6,17.3,15.2
2026-04-03T05:51:11Z,0,0,0,1.7,0,0.6,21.6,850.9,21,20.6,79.8,579,3835,0,0.2,171,0.7,0.7,20.7,18,16.1
2026-04-03T06:06:17Z,0,0,0,2,0,0,22.5,851,22.6,21.4,75.3,633,4361,0,0.2,171,0.7,0.7,21.5,18.2,16.8
2026-04-03T06:21:24Z,0,0,0,2.5,0,0,22.1,850.9,22.4,21.7,76.3,727,5513,0,0,171,0.2,0.2,21.8,18.7,17.1
2026-04-03T06:36:31Z,0,0,0,1.5,0,0,23,850.9,22.7,22.4,72.2,537,3180,0,0.1,170,0.7,0.7,22.5,18.8,17.7
2026-04-03T06:51:38Z,0,0,0,1.4,0,0,22.3,850.9,22,21.9,73.3,509,2887,0,0.4,170,0.7,0.7,22,18.5,17.3
2026-04-03T07:06:44Z,0,0,0,1,0,0,22,850.8,21.6,21.7,73.1,442,2122,0,0.3,170,0.7,0.7,21.8,18.3,17.1
2026-04-03T07:21:51Z,0,0,0,2.7,0,0,23.2,850.9,23.3,23.4,68.5,764,5670,0,0.2,79,0.7,0.7,23.5,19.2,18.5
2026-04-03T07:37:14Z,0,0,0,3.7,0,0,23.5,850.8,23.6,23.9,67.4,941,7561,0,0.4,64,1.3,1.3,24,19.6,19
2026-04-03T07:52:21Z,0,0,0,1,0,0,22.7,850.7,23.6,23.2,66.5,439,2068,0,0.2,186,1.3,1.3,23.2,18.7,18.3
2026-04-03T08:07:27Z,0,0,0,4.3,0,0,23.8,850.6,24.2,24,67.3,1055,8853,0,0.3,106,0.7,0.7,24.1,19.6,19
2026-04-03T08:22:33Z,0,0,0,1.3,0,0,26,850.6,26.2,26.5,58.9,498,2572,0,0.5,55,1.3,1.3,26.6,20.7,21
2026-04-03T08:37:40Z,0,0,0,4.6,0,0,25.6,850.3,25.8,25.9,59.1,1108,9396,0,0.5,66,1.3,1.3,26,20.2,20.5
2026-04-03T08:53:25Z,0,0,0,3.2,0,0,24.7,849.9,24.8,25.6,58.3,860,6570,0,0.1,119,0.4,0.4,25.6,19.8,20.3
2026-04-03T09:08:31Z,0,0,0,3.8,0,0,24.7,849.7,25.2,25.3,56.5,970,7729,0,1.3,179,2.8,2.8,25.4,19.3,20.1
2026-04-03T09:23:37Z,0,0,0,1.1,0,0,26,849.5,26.4,26.6,54.5,467,2305,0,0,142,0.2,0.2,27.3,20.1,21.5
2026-04-03T09:38:43Z,0,0,0,1.7,0,0,26.5,849.3,26.7,27.3,52.9,579,3425,0,0.5,144,1.5,1.5,27.9,20.4,22
2026-04-03T09:53:50Z,0,0,0,4.9,0,0,26.4,849.1,26.4,27.3,51.3,1177,10069,0,1.9,69,2.8,2.8,27.8,20.2,21.9
2026-04-03T10:08:56Z,0,0,0,0.8,0,0,25.7,848.8,26.2,26.6,53.8,401,1669,0,0.4,175,1.4,1.4,27.3,20,21.5
2026-04-03T10:24:22Z,0,0,0,4.5,0,0,25.9,848.6,26.1,26.5,54.1,1093,9125,0,1.2,79,2,2,26.6,20,21
2026-04-03T10:39:28Z,0,0,0,2.9,0,0,26.4,848.3,26.9,27.1,53.2,805,5788,0,0.3,145,1.1,1.1,27.7,20.3,21.8
2026-04-03T10:54:34Z,0,0,0,4.3,0,0,26.7,848.3,26.9,27.6,49,1061,8734,0,1.6,106,3.5,3.5,28,20.1,22
2026-04-03T11:09:40Z,0,0,0,4.1,0,0,27.1,848.1,27.5,28,48.8,1022,8342,0,0.3,147,1.1,1.1,28.3,20.4,22.3
2026-04-03T11:24:46Z,0,0,0,3,0,0,28,847.8,28.4,28.9,46.2,809,5913,0,0.9,160,1.7,1.7,29.1,20.7,22.8
2026-04-03T11:39:52Z,0,0,0,4,0,0,27.3,847.7,27.7,28.2,48.8,994,8105,0,0.8,72,2.3,2.3,28.6,20.6,22.4
2026-04-03T11:54:58Z,0,0,0,3.8,0,0,27.6,847.5,27.6,28.5,46.6,960,7735,0,1.4,92,3.8,3.8,28.7,20.4,22.5
2026-04-03T12:10:05Z,0,0,0,2,0,0,27.1,847.4,27.6,28,48.2,630,4027,0,0.8,110,2.2,2.2,28.3,20.3,22.2
2026-04-03T12:25:26Z,0,0,0,2.9,0,0,28.4,847.2,28.8,29.6,43.7,791,5812,0,1,90,2.6,2.6,29.7,20.8,23.2
2026-04-03T12:40:33Z,0,0,0,2.3,0,0,28.4,846.9,28.6,29.7,42.2,688,4734,0,1.3,61,3.5,3.5,29.6,20.7,23.2
2026-04-03T12:55:39Z,0,0,0,2.5,0,0,28.7,846.9,29.1,29.8,43.5,728,5212,0,0.1,167,0.4,0.4,29.9,20.9,23.3
2026-04-03T13:10:46Z,0,0,0,2.3,0,0,27.8,847,28.3,29,42,681,4759,0,0.5,156,1.5,1.5,28.8,20,22.6
2026-04-03T13:25:52Z,0,0,0,2.1,0,0,28,846.7,28.5,29.5,46.1,647,4423,0,1.2,101,4.4,4.4,29.9,21.2,23.3
2026-04-03T13:40:58Z,0,0,0,0.3,0,0,25.5,846.8,25.8,26.1,55.2,314,695,0,0.9,67,2.8,2.8,26.2,19.8,20.7
2026-04-03T13:56:04Z,0,0,0,1.2,0,0,25,846.7,25.4,25.7,55.7,483,2640,0,0.8,76,2.8,2.8,25.8,19.5,20.3
2026-04-03T14:11:30Z,0,0,0,1,0,0,25.5,846.9,26.1,26.6,51.4,438,2136,0,0.5,87,1.5,1.5,26.7,19.6,21
2026-04-03T14:26:36Z,0,0,0,0.2,0,0,24.9,847.1,25.1,25.4,55.4,301,552,0,0.4,143,0.9,0.9,25.4,19.2,20.1
2026-04-03T14:41:43Z,0,0,0,0.2,0,0,24.3,847.2,24.4,24.6,55.3,294,496,0,0.1,160,0.4,0.4,24.6,18.4,19.4
2026-04-03T14:56:49Z,0,0,0,0.2,0,0,23.8,847.2,24,24.2,57.8,287,432,0,0.6,155,1.5,1.5,24.2,18.5,19.1
2026-04-03T15:11:56Z,0,0,0,0.1,0,0,23.3,847.3,23.4,23.7,61.8,280,385,0,0.2,134,1.1,1.1,23.7,18.6,18.7
2026-04-03T15:27:02Z,0,0,0,0.1,0,0,22.8,847.4,23,23.2,64.8,267,307,0,0.2,177,0.7,0.7,23.2,18.5,18.3
2026-04-03T15:42:09Z,0,0,0,0,0,0,22.4,847.5,22.6,22.8,66.8,262,262,0,0,132,0,0,22.8,18.4,18
2026-04-03T15:57:34Z,0,0,0,0,0,0,22,847.4,22.2,22.4,68.4,260,254,0,0.2,119,1.3,1.3,22.4,18.3,17.6
2026-04-03T16:12:41Z,0,0,0,0,0,0,21.7,847.6,21.9,22,70.4,261,255,0,0,134,0,0,22.1,18.2,17.4
2026-04-03T16:27:48Z,0,0,0,0,0,0,21.5,847.7,21.6,21.8,71.7,261,254,0,0,134,0.4,0.4,21.8,18.2,17.2
2026-04-03T16:42:54Z,0,0,0,0,0,0,21.4,847.9,21.6,21.7,72.1,260,253,0,0.1,134,0.4,0.4,21.8,18.1,17.1
2026-04-03T16:58:00Z,0,0,0,0,0,0,21.4,847.9,21.6,21.6,72.4,260,253,0,0,100,0.2,0.2,21.7,18.1,17
2026-04-03T17:13:07Z,0,0,0,0,0,0,21.3,848,21.4,21.6,73.1,261,254,0,0.3,130,0.7,0.7,21.6,18.1,17
2026-04-03T17:28:14Z,0,0,0,0,0,0,21.3,848.2,21.4,21.5,73.5,261,253,0,0,114,0.4,0.4,21.6,18.2,17
2026-04-03T17:43:38Z,0,0,0,0,0,0,21.1,848.5,21.2,21.4,74.4,260,255,0,0.1,203,0.8,0.8,21.4,18.1,16.8
2026-04-03T17:58:45Z,0,0,0,0,0,0,20.9,848.6,21.1,21.2,75.3,261,253,0,0,170,0,0,21.3,18.1,16.7
2026-04-03T18:13:46Z,0,0,0,0,0,0,20.6,848.5,20.8,21,77.4,261,253,0,0,170,0,0,21.1,18.1,16.5
2026-04-03T18:28:53Z,0,0,0,0,0,0,20.5,848.5,20.6,20.8,78.7,259,254,0,0,106,0,0,20.9,18.1,16.3
2026-04-03T18:44:00Z,0,0,0,0,0,0,20.1,848.8,20.2,20.5,80,261,254,0,0,66,0.2,0.2,20.6,18,16.1
2026-04-03T18:59:06Z,0,0,0,0,0,0,19.8,849,19.9,20.1,81.8,261,253,0,0.1,85,0.4,0.4,20.2,17.9,15.7
2026-04-03T19:14:13Z,0,0,0,0,0,0,19.5,849.1,19.7,19.8,82.6,261,254,0,0.2,94,0.4,0.4,19.9,17.7,15.5
2026-04-03T19:29:38Z,0,0,0,0,0,0,19.4,849.3,19.6,19.8,82.6,260,253,0,0,93,0.5,0.5,19.9,17.6,15.4
2026-04-03T19:44:45Z,0,0,0,0,0,0,19.4,849.4,19.6,19.7,82.6,260,254,0,0.3,86,1.4,1.4,19.8,17.6,15.4
2026-04-03T19:59:52Z,0,0,0,0,0,0,19.3,849.6,19.4,19.6,83.4,260,254,0,0,83,0,0,19.7,17.5,15.3
2026-04-03T20:14:59Z,0,0,0,0,0,0,19.2,849.5,19.4,19.6,85.4,258,254,0,0,83,0,0,19.7,17.8,15.3
2026-04-03T20:30:06Z,0,0,0,0,0,0,18.9,849.5,18.9,19.2,85.4,259,253,0,0,83,0,0,19.3,17.4,14.9
2026-04-03T20:45:13Z,0,0,0,0,0,0,18.5,849.4,18.7,18.9,87.3,260,254,0,0,83,0,0,19,17.3,14.6
2026-04-03T21:00:19Z,0,0,0,0,0,0,18.2,849.4,18.4,18.5,88.6,259,253,0,0,83,0,0,18.7,17.2,14.3
2026-04-03T21:15:42Z,0,0,0,0,0,0,18.2,849.6,18.3,18.5,89.6,259,254,0,0,83,0,0,18.7,17.3,14.3
2026-04-03T21:30:49Z,0,0,0,0,0,0,18.3,849.6,18.4,18.6,90.1,261,253,0,0,83,0,0,18.8,17.4,14.4
2026-04-03T21:45:56Z,0,0,0,0,0,0,18.4,849.4,18.6,18.8,89.7,260,253,0,0,83,0,0,18.9,17.5,14.6
2026-04-03T22:01:02Z,0,0,0,0,0,0,18.3,849.2,18.4,18.7,89.4,259,254,0,0,83,0.2,0.2,18.8,17.4,14.5
2026-04-03T22:16:09Z,0,0,0,0,0,0,18.3,849.1,18.4,18.6,89.8,261,254,0,0,82,0,0,18.8,17.4,14.4
2026-04-03T22:31:16Z,0,0,0,0,0,0,18.2,848.9,18.3,18.6,89.8,260,254,0,0,83,0,0,18.7,17.3,14.4
2026-04-03T22:46:23Z,0,0,0,0,0,0,17.9,848.8,18,18.2,90.8,260,254,0,0,83,0,0,18.4,17.1,14.1
2026-04-03T23:01:47Z,0,0,0,0,0,0,17.7,848.8,17.8,18,91.4,261,254,0,0,83,0,0,18.1,17,13.8
2026-04-03T23:16:54Z,0,0,0,0,0,0,17.5,848.6,17.6,17.8,91.5,260,254,0,0,82,0,0,17.9,16.8,13.7
2026-04-03T23:32:00Z,0,0,0,0,0,0,17.3,848.5,17.4,17.6,92.3,260,252,0,0,83,0,0,17.8,16.7,13.5
2026-04-03T23:47:07Z,0,0,0,0,0,0,17.4,848.4,17.6,17.8,92.7,261,254,0,0,83,0,0,17.9,16.9,13.6
2026-04-04T00:00:13Z,0,0,0,0,0,0,17.5,848.5,17.6,17.8,92.6,260,254,0,0,83,0,0,18,17,13.7
2026-04-04T00:15:20Z,0,0,0,0,0,0,17.4,848.6,17.5,17.7,92.3,261,254,0,0,83,0,0,17.9,16.8,13.6
2026-04-04T00:30:26Z,0,0,0,0,0,0,17.4,848.7,17.6,17.7,92,259,252,0,0,119,0,0,17.8,16.7,13.5
2026-04-04T00:45:51Z,0,0,0,0,0,0,17.7,848.7,17.8,18,90.3,260,254,0,0.1,197,0.7,0.7,18.1,16.8,13.8
2026-04-04T01:00:58Z,0,0,0,0,0,0,17.5,848.5,17.6,17.8,89.5,260,253,0,0.1,197,0.4,0.4,17.9,16.6,13.7
2026-04-04T01:16:04Z,0,0,0,0,0,0,17.3,848.7,17.4,17.6,90.2,260,253,0,0,197,0.2,0.2,17.7,16.5,13.5
2026-04-04T01:31:11Z,0,0,0,0,0,0,17,848.8,17,17.3,91,260,254,0,0,196,0,0,17.3,16.2,13.1
2026-04-04T01:46:18Z,0,0,0,0,0,0,16.7,848.7,16.7,16.9,91.8,261,254,0,0,196,0,0,17,16,12.8
2026-04-04T02:01:24Z,0,0,0,0,0,0,16.5,848.8,16.5,16.7,92.9,259,254,0,0,196,0,0,16.8,15.9,12.6
2026-04-04T02:16:31Z,0,0,0,0,0,0,16.2,848.9,16.3,16.5,93.4,260,253,0,0,196,0,0,16.6,15.8,12.4
2026-04-04T02:31:55Z,0,0,0,0,0,0,16.3,849.1,16.4,16.7,93.9,261,253,0,0,196,0,0,16.8,16,12.6
2026-04-04T02:47:02Z,0,0,0,0,0,0,16.5,849.1,16.7,16.9,93.9,260,254,0,0,196,0,0,17,16.1,12.8
2026-04-04T03:02:10Z,0,0,0,0,0,0,16.7,849.2,16.9,17.1,93.9,259,254,0,0,196,0,0,17.2,16.3,12.9
2026-04-04T03:17:16Z,0,0,0,0,0,0,17,849.2,17.1,17.4,93.1,262,258,0,0.2,197,0.7,0.7,17.5,16.6,13.3
2026-04-04T03:32:22Z,0,0,0,0,0,0,17.4,849.1,17.4,17.7,92.8,262,282,0,0.2,197,1.1,1.1,17.8,16.8,13.6
2026-04-04T03:47:29Z,0,0,0,0.1,0,0,17.4,849.2,17.5,17.8,92.2,273,377,0,0.8,97,2.2,2.2,17.9,16.8,13.6
2026-04-04T04:02:36Z,0,0,0,0.2,0,0,17.4,849.4,17.5,17.7,92,295,562,0,0,103,0,0,17.8,16.7,13.5
2026-04-04T04:18:36Z,0,0,0,0.5,0,0,17.7,849.5,17.9,17.9,92.1,344,1211,0,0,105,0.4,0.4,18,17,13.8
2026-04-04T04:33:59Z,0,0,0,0.7,0,0,18.6,849.6,18.7,18.8,89.2,385,1711,0,0.1,62,0.4,0.4,18.9,17.5,14.6
2026-04-04T04:49:06Z,0,0,0,0.8,0,0,19.7,849.7,19.9,19.8,85.1,397,1755,0,0,137,0,0,19.9,18,15.5
2026-04-04T05:04:13Z,0,0,0,0.8,0,0,19.4,849.9,19.7,19.9,84.3,402,1781,0,0,126,0,0,20,17.9,15.5
2026-04-04T05:19:19Z,0,0,0,0.8,0,0,19.4,850,19.7,19.9,82.9,399,1762,0,0.3,138,0.8,0.8,20,17.8,15.6
2026-04-04T05:34:26Z,0,0,0,1.8,0,0,19.8,850.2,20.1,20.1,82.3,600,3981,0,0.4,144,1.3,1.3,20.2,17.9,15.8
2026-04-04T05:49:32Z,0,0,0,1.1,0,0,22.3,850.2,22.7,22.2,74.7,469,2498,0,0.8,107,1.3,1.3,22.3,18.9,17.6
2026-04-04T06:05:12Z,0,0,0,0.9,0,0,21.1,850.2,21.6,21.5,75.6,424,1959,0,0,139,0.4,0.4,21.6,18.5,17
2026-04-04T06:20:18Z,0,0,0,1.1,0,0,22.7,850.3,22.9,22.8,73.3,458,2269,0,0.3,139,0.7,0.7,23,19.4,18.1
2026-04-04T06:35:24Z,0,0,0,1.5,0,0,21.8,850.5,22,22.5,73.4,539,3092,0,0,80,0.2,0.2,22.6,19,17.8
2026-04-04T06:50:30Z,0,0,0,3.1,0,0,23.4,850.7,24.1,23.6,69.4,832,6352,0,0.4,156,1.3,1.3,23.7,19.6,18.7
2026-04-04T07:05:36Z,0,0,0,2.1,0,0,24,850.5,24.5,24.5,63.6,651,4245,0,1,168,2.4,2.4,24.6,19.6,19.4
2026-04-04T07:21:16Z,0,0,0,1.8,0,0,23.1,850.6,23.9,23.4,68.2,600,3631,0,0.1,150,0.4,0.4,23.5,19.2,18.6
2026-04-04T07:36:22Z,0,0,0,0.9,0,0,24.4,850.4,24.4,24.9,58.8,430,1863,0,1.2,59,2.2,2.2,24.9,19.2,19.7
2026-04-04T07:51:28Z,0,0,0,1.1,0,0,24.8,850.2,24.9,24.9,62.4,454,2086,0,0.2,158,0.9,0.9,24.9,19.7,19.7
2026-04-04T08:06:34Z,0,0,0,2.8,0,0,24.3,850.2,24.2,24.4,60.5,788,5766,0,1,329,2,2,24.5,19.1,19.3
2026-04-04T08:21:40Z,0,0,0,4.4,0,0,24.6,850,24.5,24.9,60.2,1084,9203,0,0.1,59,0.4,0.4,24.9,19.4,19.7
2026-04-04T08:36:47Z,0,0,0,4.6,0,0,26.2,849.8,26.2,26.8,52.7,1109,9271,0,1.2,69,2.6,2.6,27.4,20,21.6
2026-04-04T08:52:09Z,0,0,0,4.6,0,0,25.2,849.4,25.3,26.1,55.3,1122,9586,0,0.8,105,1.3,1.3,26.1,19.8,20.6
2026-04-04T09:07:15Z,0,0,0,4.9,0,0,25,849.2,25.6,25.7,56.4,1178,10122,0,0.3,136,2,2,25.8,19.6,20.4
2026-04-04T09:23:11Z,0,0,0,1.3,0,0,25.9,849,25.9,26.1,53.9,495,2574,0,0.4,34,0.9,0.9,26.1,19.6,20.6
2026-04-04T09:38:17Z,0,0,0,1.6,0,0,25.7,848.8,26.1,26.3,54.2,557,3275,0,0,181,0.2,0.2,26.3,19.8,20.8
2026-04-04T09:53:24Z,0,0,0,1.2,0,0,26.6,848.6,26.8,27.4,49.5,481,2465,0,0.8,99,2.4,2.4,27.7,20,21.8
2026-04-04T10:08:30Z,0,0,0,0.9,0,0,26.9,848.4,27.2,27.6,49.5,433,1932,0,0.4,139,0.9,0.9,28,20.2,22
2026-04-04T10:23:37Z,0,0,0,4.8,0,0,26.9,848.1,27.1,27.5,51.7,1159,9839,0,1.7,70,2.8,2.8,28.1,20.5,22.1
2026-04-04T10:39:21Z,0,0,0,4.5,0,0,27.4,847.9,27.7,28.2,51.7,1102,9261,0,0.9,71,1.6,1.6,28.8,21,22.6
2026-04-04T10:54:28Z,0,0,0,4,0,0,26.4,847.7,26.9,27.1,52.9,998,8114,0,0.4,111,2,2,27.7,20.3,21.8
2026-04-04T11:09:34Z,0,0,0,0.7,0,0,25.1,847.5,25.4,25.7,54.3,379,1446,0,0.7,135,3.7,3.7,25.8,19.3,20.4
2026-04-04T11:24:40Z,0,0,0,3.9,0,0,27.3,847.3,27.4,28.1,48.9,981,7985,0,1,93,2.6,2.6,28.4,20.5,22.3
2026-04-04T11:39:47Z,0,0,0,0.8,0,0,26.4,847.2,26.7,27.2,50.2,414,1725,0,0.5,142,1.3,1.3,27.7,19.9,21.8
2026-04-04T11:54:53Z,0,0,0,3.4,0,0,26.9,847,26.9,27.7,49,892,7010,0,1.8,76,3.1,3.1,28.1,20.2,22.1
2026-04-04T12:10:15Z,0,0,0,0.7,0,0,25.6,846.9,25.7,26.5,51.2,389,1455,0,1.1,138,2.2,2.2,26.5,19.5,20.9
2026-04-04T12:25:21Z,0,0,0,2.8,0,0,27.6,846.7,28,28.7,46.9,773,5637,0,0.8,132,1.7,1.7,28.9,20.6,22.7
2026-04-04T12:40:27Z,0,0,0,2.8,0,0,28.8,846.4,29.2,30.2,41.2,783,5798,0,0.9,85,1.4,1.4,30,20.8,23.4
2026-04-04T12:55:33Z,0,0,0,0.6,0,0,26,846.5,26.4,26.9,48.2,371,1281,0,0.3,129,1.3,1.3,27.2,19.3,21.4
2026-04-04T13:10:40Z,0,0,0,2.1,0,0,27.4,846.4,27.8,28.6,44.7,657,4513,0,1,75,2,2,28.6,20.2,22.5
2026-04-04T13:26:23Z,0,0,0,2.1,0,0,28,846.4,28.7,29.3,44.2,648,4436,0,0,123,0.2,0.2,29.3,20.6,22.9
2026-04-04T13:41:28Z,0,0,0,1.7,0,0,27.3,846.4,27.7,28.4,46.5,578,3671,0,0.3,93,1.1,1.1,28.5,20.3,22.4
2026-04-04T13:56:35Z,0,0,0,0.3,0,0,26.1,846.5,26.3,27,49.7,307,594,0,0.6,94,1.8,1.8,27.4,19.7,21.6
2026-04-04T14:11:41Z,0,0,0,0.9,0,0,26.1,846.4,26.6,27.3,49.7,427,2011,0,0.5,116,1.7,1.7,27.7,19.9,21.8
2026-04-04T14:26:47Z,0,0,0,0.5,0,0,25.9,846.3,26.1,26.6,51.2,355,1247,0,1.1,91,2.2,2.2,26.6,19.6,21
2026-04-04T14:41:54Z,0,0,0,0.3,0,0,24.5,846.5,24.8,25,59.6,310,739,0,0.2,133,1.1,1.1,25.1,19.5,19.8
2026-04-04T14:57:26Z,0,0,0,0.2,0,0,23.3,846.7,23.5,23.8,62.4,285,415,0,0.6,132,1.7,1.7,23.8,18.7,18.8
2026-04-04T15:12:32Z,0,0,0,0.1,0,0,23,846.8,23.1,23.3,64.9,272,324,0,0,133,0.4,0.4,23.3,18.7,18.4
2026-04-04T15:27:37Z,0,0,0,0.1,0,0,22.7,847,22.8,23,67.1,266,291,0,0.6,199,2.2,2.2,23,18.7,18.2
2026-04-04T15:42:44Z,0,0,0,0,0,0,22,847,22.1,22.3,68.7,260,259,0,0.4,143,1.5,1.5,22.4,18.3,17.6
2026-04-04T15:57:50Z,0,0,0,0,0,0,21.6,847.2,21.8,22,70,259,254,0,0.2,142,0.9,0.9,22,18.1,17.3
2026-04-04T16:12:56Z,0,0,0,0,0,0,21.5,847.2,21.6,21.8,70.6,260,254,0,0,142,0,0,21.8,18,17.1
2026-04-04T16:28:23Z,0,0,0,0,0,0,21.2,847.5,21.3,21.5,71.1,261,253,0,0,142,0,0,21.5,17.8,16.9
2026-04-04T16:43:30Z,0,0,0,0,0,0,20.9,847.6,21,21.2,69.5,260,253,0,0,142,0,0,21.2,17.4,16.6
2026-04-04T16:58:36Z,0,0,0,0,0,0,20.7,847.7,20.8,21,69.9,261,254,0,0,142,0.2,0.2,21,17.2,16.4
2026-04-04T17:13:42Z,0,0,0,0,0,0,20.4,847.9,20.5,20.6,71.3,260,253,0,0,142,0,0,20.6,17,16.1
2026-04-04T17:28:49Z,0,0,0,0,0,0,20,848,20,20.2,74.6,260,253,0,0,142,0,0,20.2,17,15.7
2026-04-04T17:43:55Z,0,0,0,0,0,0,19.5,848.4,19.6,19.8,76.5,260,253,0,0,142,0,0,19.8,16.9,15.4
2026-04-04T17:59:01Z,0,0,0,0,0,0,19.3,848.5,19.5,19.6,78.9,260,253,0,0,142,0,0,19.7,17,15.3
2026-04-04T18:14:26Z,0,0,0,0,0,0,19,848.7,19.1,19.3,79.2,260,254,0,0,142,0,0,19.3,16.8,15
2026-04-04T18:29:33Z,0,0,0,0,0,0,18.8,848.9,19,19.2,79,261,253,0,0,142,0,0,19.2,16.6,14.8
2026-04-04T18:44:39Z,0,0,0,0,0,0,18.7,849,18.9,19,78.8,261,254,0,0,142,0,0,19,16.5,14.7
2026-04-04T18:59:46Z,0,0,0,0,0,0,18.5,849.4,18.6,18.9,80.6,261,252,0,0,142,0,0,18.9,16.5,14.6
2026-04-04T19:14:52Z,0,0,0,0,0,0,18.4,849.4,18.5,18.8,81.1,260,253,0,0,142,0,0,18.8,16.5,14.5
2026-04-04T19:29:59Z,0,0,0,0,0,0,18.2,849.4,18.3,18.5,84,261,251,0,0,142,0,0,18.6,16.6,14.3
2026-04-04T19:45:06Z,0,0,0,0,0,0,17.9,849.5,18,18.3,84.8,261,254,0,0,142,0,0,18.3,16.4,14
2026-04-04T20:00:31Z,0,0,0,0,0,0,17.7,849.7,17.9,18.1,87.2,261,253,0,0,142,0,0,18.1,16.5,13.8
2026-04-04T20:15:37Z,0,0,0,0,0,0,17.6,849.7,17.8,18,85.3,261,254,0,0.1,142,0.2,0.2,18.1,16.3,13.8
2026-04-04T20:30:43Z,0,0,0,0,0,0,17.7,849.5,18,18.1,84.3,260,254,0,0,142,0,0,18.1,16.2,13.8
2026-04-04T20:45:50Z,0,0,0,0,0,0,17.7,849.7,17.9,18,87.1,261,254,0,0,142,0,0,18.1,16.5,13.8
2026-04-04T21:00:57Z,0,0,0,0,0,0,17.8,849.6,18,18.2,86.8,261,254,0,0,142,0,0,18.3,16.6,14
2026-04-04T21:16:04Z,0,0,0,0,0,0,17.9,849.6,18.2,18.3,85.4,260,253,0,0,142,0,0,18.4,16.6,14.1
2026-04-04T21:31:29Z,0,0,0,0,0,0,17.9,849.5,18,18.3,85.4,261,254,0,0.3,142,0.7,0.7,18.3,16.5,14
2026-04-04T21:46:35Z,0,0,0,0,0,0,18,849.5,18.3,18.5,86.1,260,255,0,0,142,0.4,0.4,18.5,16.8,14.2
2026-04-04T22:01:42Z,0,0,0,0,0,0,18.1,849.3,18.3,18.5,85.8,261,253,0,0,142,0,0,18.6,16.8,14.3
2026-04-04T22:16:48Z,0,0,0,0,0,0,18,849.2,18.1,18.4,85.8,260,254,0,0,142,0,0,18.4,16.6,14.1
2026-04-04T22:31:54Z,0,0,0,0,0,0,18,849.1,18.1,18.4,86.5,260,254,0,0,142,0,0,18.5,16.8,14.2
2026-04-04T22:47:01Z,0,0,0,0,0,0,18.1,849,18.2,18.5,86,260,254,0,0,142,0,0,18.6,16.8,14.3
2026-04-04T23:02:08Z,0,0,0,0,0,0,18.1,848.9,18.3,18.5,86.4,260,253,0,0,142,0,0,18.6,16.9,14.3
2026-04-04T23:17:33Z,0,0,0,0,0,0,18.3,848.8,18.5,18.7,86.6,260,253,0,0,142,0,0,18.8,17.1,14.5
2026-04-04T23:32:40Z,0,0,0,0,0,0,18.4,848.7,18.5,18.8,85.8,260,253,0,0,142,0,0,18.9,17.1,14.5
2026-04-04T23:47:46Z,0,0,0,0,0,0,18.6,848.8,18.8,19,85.7,261,253,0,0.2,142,0.7,0.7,19.1,17.2,14.7
2026-04-05T00:00:51Z,0,0,0,0,0,0,18.7,848.8,18.9,19.1,87,260,253,0,0.9,142,1.7,1.7,19.2,17.5,14.8
2026-04-05T00:15:58Z,0,0,0,0,0,0,18.6,848.8,18.8,19,88.6,260,253,0,0,142,0.4,0.4,19.1,17.6,14.8
2026-04-05T00:31:04Z,0,0,0,0,0,0,18.6,848.7,18.7,18.9,88.7,260,254,0,0,142,0,0,19.1,17.6,14.7
2026-04-05T00:46:11Z,0,0,0,0,0,0,18.5,848.6,18.6,18.8,89.6,259,253,0,0,142,0,0,19,17.6,14.6
2026-04-05T01:01:35Z,0,0,0,0,0,0,18.1,848.9,18.2,18.5,89.4,260,252,0,0,142,0,0,18.6,17.2,14.3
2026-04-05T01:16:41Z,0,0,0,0,0,0,18.3,848.9,18.4,18.6,90,260,253,0,0,142,0,0,18.7,17.4,14.4
2026-04-05T01:31:47Z,0,0,0,0,0,0,18.5,849,18.6,18.8,89.7,261,253,0,0,142,0,0,18.9,17.5,14.6
2026-04-05T01:46:53Z,0,0,0,0,0,0,18.3,849.2,18.4,18.7,90.3,259,254,0,0,142,0,0,18.8,17.5,14.5
2026-04-05T02:02:00Z,0,0,0,0,0,0,18,849,18.1,18.2,91.7,261,253,0,0.2,142,0.4,0.4,18.4,17.2,14.1
2026-04-05T02:17:07Z,0,0,0,0,0,0,17.7,849.2,17.9,18,92.2,261,253,0,0,142,0,0,18.2,17.1,13.9
2026-04-05T02:32:14Z,0,0,0,0,0,0,17.9,849.3,18.1,18.2,92.1,261,252,0,0.2,142,0.4,0.4,18.4,17.3,14.1
2026-04-05T02:47:38Z,0,0,0,0,0,0,18,849.4,18.1,18.3,91.6,260,254,0,0,142,0,0,18.5,17.3,14.2
2026-04-05T03:02:44Z,0,0,0,0,0,0,17.8,849.5,17.9,18.1,91.4,259,254,0,0,142,0,0,18.3,17.1,14
2026-04-05T03:18:15Z,0,0,0,0,0,0,17.7,849.6,17.8,18,91.5,260,255,0,0,141,0.2,0.2,18.2,17,13.9
2026-04-05T03:33:39Z,0,0,0,0,0,0,17.7,849.6,17.9,18.1,91.5,262,275,0,0,142,0.2,0.2,18.2,17.1,14
2026-04-05T03:48:45Z,0,0,0,0.1,0,0,17.9,849.7,18.1,18.2,91.3,268,355,0,0,142,0,0,18.4,17.2,14.1
2026-04-05T04:03:52Z,0,0,0,0.2,0,0,18.2,850.1,18.3,18.6,91.2,290,600,0,0,142,0,0,18.7,17.5,14.4
2026-04-05T04:18:58Z,0,0,0,0.3,0,0,18.6,850.1,18.7,18.9,90.7,312,837,0,0,142,0.2,0.2,19.1,17.8,14.7
2026-04-05T04:34:05Z,0,0,0,0.2,0,0,18.7,850.3,18.9,19.1,88.9,302,646,0,0.1,142,0.4,0.4,19.3,17.8,14.9
2026-04-05T04:49:11Z,0,0,0,0.2,0,0,18.7,850.4,18.9,19.1,88.5,294,613,0,0,141,0.4,0.4,19.2,17.7,14.9
2026-04-05T05:04:18Z,0,0,0,0.2,0,0,18.6,850.6,18.9,19.1,89.1,296,625,0,0.3,142,1.1,1.1,19.2,17.8,14.9
2026-04-05T05:19:44Z,0,0,0,0.4,0,0,18.7,850.7,18.9,19.1,89.5,330,927,0,0,142,0.2,0.2,19.3,17.8,14.9
2026-04-05T05:34:50Z,0,0,0,0.6,0,0,19,850.8,19.2,19.4,87.7,370,1380,0,0.1,142,0.7,0.7,19.5,17.9,15.1
2026-04-05T05:49:57Z,0,0,0,0.6,0,0,19.2,850.9,19.6,19.6,86.6,373,1391,0,0.4,142,1.1,1.1,19.8,18,15.4
2026-04-05T06:05:03Z,0,0,0,1,0,0,19.5,851.1,19.9,19.9,85,451,2216,0,0.5,142,1.3,1.3,20,18.1,15.6
2026-04-05T06:20:09Z,0,0,0,2.7,0,0,20.9,851,21.1,21,80,767,5753,0,0,142,0,0,21.1,18.5,16.5
2026-04-05T06:35:16Z,0,0,0,2.7,0,0,21.7,851.1,22.6,21.7,77.3,765,5598,0,0,142,0,0,21.9,18.8,17.2
2026-04-05T06:50:41Z,0,0,0,3.2,0,0,22.9,851.1,23.9,22.8,74.6,860,6597,0,0.1,142,0.8,0.8,22.9,19.5,18.1
2026-04-05T07:05:48Z,0,0,0,2.3,0,0,23.7,851.1,24.6,23.8,68.4,692,4643,0,0.2,143,0.8,0.8,23.9,19.6,18.9
2026-04-05T07:20:54Z,0,0,0,1,0,0,23.8,851,24.3,24.3,66.5,437,2008,0,0.4,141,1.6,1.6,24.4,19.8,19.3
2026-04-05T07:36:00Z,0,0,0,1.8,0,0,23.2,851.1,23.8,23.7,67.6,585,3561,0,0.3,170,1.3,1.3,23.8,19.4,18.8
2026-04-05T07:51:07Z,0,0,0,2.4,0,0,22.9,851,23.5,23.5,70.6,713,4961,0,0.2,146,0.5,0.5,23.7,19.7,18.7
2026-04-05T08:06:14Z,0,0,0,2,0,0,24.2,850.9,24.3,24.5,63.9,628,4136,0,0.2,140,0.6,0.6,24.6,19.6,19.4
2026-04-05T08:21:20Z,0,0,0,2.2,0,0,23.9,850.9,24,24.6,64.6,673,4577,0,1.1,85,1.7,1.7,24.7,19.8,19.5
2026-04-05T08:36:45Z,0,0,0,2,0,0,24.6,850.5,24.6,25.3,63.4,626,4120,0,0.4,11,1.1,1.1,25.4,20.2,20.1
2026-04-05T08:51:52Z,0,0,0,1.7,0,0,24.9,850.4,24.8,25.3,63.5,571,3582,0,0.4,126,1.1,1.1,25.4,20.3,20.1
2026-04-05T09:06:58Z,0,0,0,1.1,0,0,23.6,850.3,23.6,24.5,64.8,462,2496,0,1.2,109,2.2,2.2,24.5,19.7,19.4
2026-04-05T09:22:04Z,0,0,0,3,0,0,23.9,850.1,23.9,24.6,62.8,814,6093,0,0.7,106,1.5,1.5,24.7,19.6,19.5
2026-04-05T09:37:11Z,0,0,0,2.7,0,0,25.5,849.8,25.6,26.1,60.7,761,5572,0,0.1,112,0.4,0.4,26.2,20.6,20.7
2026-04-05T09:52:17Z,0,0,0,2.8,0,0,25.9,849.6,25.9,26.6,58.9,785,5776,0,0.2,120,0.7,0.7,27.6,20.8,21.7
2026-04-05T10:07:23Z,0,0,0,4.8,0,0,26.3,849.3,26.6,27.2,53.8,1155,9675,0,0.5,83,1.1,1.1,27.9,20.5,21.9
2026-04-05T10:22:48Z,0,0,0,3.2,0,0,26.4,849.2,26.8,27,54.4,845,6328,0,0.7,106,1.5,1.5,27.7,20.4,21.8
2026-04-05T10:37:55Z,0,0,0,2.4,0,0,25.5,849,26,26.2,54,707,4908,0,0.9,113,2,2,26.3,19.7,20.7
2026-04-05T10:53:01Z,0,0,0,1.6,0,0,25.1,848.6,25.5,25.8,56.2,565,3352,0,0.3,107,2,2,25.9,19.6,20.4
2026-04-05T11:08:08Z,0,0,0,4,0,0,26.4,848.4,26.6,27.2,50.8,1004,8059,0,0.5,106,0.9,0.9,27.7,20,21.8
2026-04-05T11:23:14Z,0,0,0,3.7,0,0,26.3,848.2,26.8,27.2,50.6,954,7601,0,0.1,198,1.1,1.1,27.7,20,21.8
2026-04-05T11:38:20Z,0,0,0,2.4,0,0,27.2,848,27.9,28.2,48.4,709,4820,0,0.6,196,2.2,2.2,28.5,20.5,22.4
2026-04-05T11:53:27Z,0,0,0,3.3,0,0,27.5,847.7,28.1,28.6,46.8,882,6778,0,0.6,103,1.3,1.3,28.8,20.5,22.6
2026-04-05T12:08:52Z,0,0,0,0.8,0,0,27.3,847.4,27.6,28.4,47.8,406,1630,0,0.5,121,1.7,1.7,28.7,20.5,22.5
2026-04-05T12:23:59Z,0,0,0,3,0,0,27.3,847.1,27.8,28.1,47.8,808,6020,0,0.7,127,2,2,28.3,20.3,22.3
2026-04-05T12:39:05Z,0,0,0,2.6,0,0,27.1,847.1,27.8,28,50,738,5251,0,0.6,72,2,2,28.4,20.6,22.3
2026-04-05T12:54:11Z,0,0,0,2.4,0,0,27.1,847,27.7,28.2,45.5,698,4851,0,0.7,207,1.7,1.7,28.3,20,22.2
2026-04-05T13:09:17Z,0,0,0,2.2,0,0,26.1,846.8,26.7,27,49.9,659,4477,0,0.5,164,1.3,1.3,27.4,19.7,21.6
2026-04-05T13:24:24Z,0,0,0,1.9,0,0,27.1,846.7,27.6,28.3,49.6,611,4014,0,0.3,67,2.2,2.2,28.8,20.8,22.6
2026-04-05T13:39:29Z,0,0,0,1.5,0,0,26.3,847,26.8,27.3,49.4,538,3203,0,0.2,144,1.1,1.1,27.6,19.8,21.8
2026-04-05T13:54:56Z,0,0,0,1.2,0,0,26.7,847,27.2,28,46.3,485,2629,0,0.6,68,2.4,2.4,28.1,19.9,22.1
2026-04-05T14:10:02Z,0,0,0,1,0,0,26.1,847.2,26.6,27.3,48.4,438,2119,0,0.5,90,1.3,1.3,27.6,19.7,21.7
2026-04-05T14:25:09Z,0,0,0,0.9,0,0,25.7,846.9,25.9,26.5,50.3,418,1998,0,0.5,85,3.3,3.3,26.5,19.3,20.9
2026-04-05T14:40:15Z,0,0,0,0.3,0,0,24.7,847.2,24.9,25.2,58,305,639,0,0.3,164,0.9,0.9,25.2,19.4,20
2026-04-05T14:55:21Z,0,0,0,0.2,0,0,23.8,847.5,23.9,24.1,62.4,288,452,0,0.1,138,0.7,0.7,24.2,19.1,19.1
2026-04-05T15:11:07Z,0,0,0,0.1,0,0,23.3,847.6,23.5,23.6,65.2,277,385,0,0.2,129,0.9,0.9,23.7,19,18.7
2026-04-05T15:26:14Z,0,0,0,0.1,0,0,23,847.8,23.1,23.3,66.3,268,320,0,0.2,136,0.5,0.5,23.4,18.9,18.5
2026-04-05T15:41:20Z,0,0,0,0,0,0,22.7,848,22.8,23,67.5,260,261,0,0.1,224,0.4,0.4,23.1,18.7,18.2
2026-04-05T15:56:27Z,0,0,0,0,0,0,22.2,848.2,22.4,22.6,68.7,258,253,0,0,79,0,0,22.6,18.5,17.8
2026-04-05T16:11:33Z,0,0,0,0,0,0,21.8,848.2,21.9,22.1,69.4,261,253,0,0,79,0,0,22.1,18.2,17.4
2026-04-05T16:26:39Z,0,0,0,0,0,0,21.4,848.4,21.6,21.7,68.4,262,253,0,0,79,0,0,21.7,17.6,17
2026-04-05T16:42:02Z,0,0,0,0,0,0,21,848.5,21.1,21.3,69.4,260,254,0,0,73,0,0,21.3,17.4,16.7
2026-04-05T16:57:09Z,0,0,0,0,0,0,20.8,848.8,21,21.1,71.9,261,253,0,0,75,0,0,21.1,17.5,16.5
2026-04-05T17:12:16Z,0,0,0,0,0,0,20.6,848.9,20.7,20.8,70.9,260,253,0,0.1,79,0.7,0.7,20.8,17.1,16.3
2026-04-05T17:27:22Z,0,0,0,0,0,0,20.8,849.1,20.9,21,70.9,260,253,0,0,80,0,0,21,17.3,16.4
2026-04-05T17:42:29Z,0,0,0,0,0,0,20.5,849.2,20.5,20.7,73.4,261,253,0,0,80,0,0,20.7,17.4,16.2
2026-04-05T17:57:35Z,0,0,0,0,0,0,20,849.5,20,20.2,75.7,260,254,0,0,80,0,0,20.2,17.1,15.7
2026-04-05T18:12:41Z,0,0,0,0,0,0,19.5,850,19.6,19.8,77.2,260,253,0,0,80,0,0,19.8,17,15.4
2026-04-05T18:28:06Z,0,0,0,0,0,0,19.3,850,19.4,19.6,78.9,261,253,0,0,80,0,0,19.7,17,15.3
2026-04-05T18:43:13Z,0,0,0,0,0,0,19.2,850.2,19.4,19.6,79.9,260,253,0,0,80,0,0,19.6,17.1,15.2
2026-04-05T18:58:20Z,0,0,0,0,0,0,19,850.4,19.2,19.4,80.3,259,254,0,0,80,0,0,19.5,17,15.1
2026-04-05T19:13:26Z,0,0,0,0,0,0,18.7,850.4,18.8,19,83,260,253,0,0,80,0,0,19.1,16.9,14.7
2026-04-05T19:28:32Z,0,0,0,0,0,0,18.2,850.6,18.3,18.6,84.1,261,254,0,0,80,0,0,18.6,16.6,14.3
2026-04-05T19:43:39Z,0,0,0,0,0,0,18,850.7,18.1,18.3,87.2,259,253,0,0,80,0,0,18.4,16.7,14.1
2026-04-05T19:58:46Z,0,0,0,0,0,0,17.7,850.6,17.9,18,88.2,260,254,0,0,80,0,0,18.1,16.6,13.8
2026-04-05T20:14:10Z,0,0,0,0,0,0,17.5,850.6,17.7,17.9,88.2,261,252,0,0,80,0,0,18,16.5,13.7
2026-04-05T20:29:17Z,0,0,0,0,0,0,17.3,850.7,17.5,17.7,88.1,260,253,0,0,80,0,0,17.8,16.3,13.5
2026-04-05T20:44:24Z,0,0,0,0,0,0,17.1,850.7,17.2,17.5,89.1,261,253,0,0,80,0,0,17.5,16.2,13.3
2026-04-05T20:59:31Z,0,0,0,0,0,0,17,850.9,17.2,17.4,89.8,260,253,0,0,80,0,0,17.4,16.2,13.2
2026-04-05T21:14:38Z,0,0,0,0,0,0,17.1,850.9,17.4,17.5,89.7,261,254,0,0,80,0,0,17.6,16.3,13.4
2026-04-05T21:29:44Z,0,0,0,0,0,0,17.3,850.8,17.5,17.6,88.8,261,254,0,0,80,0,0,17.7,16.3,13.4
2026-04-05T21:44:51Z,0,0,0,0,0,0,17.6,850.7,17.9,18.1,88.2,261,253,0,0,80,0,0,18.2,16.7,13.9
2026-04-05T22:00:16Z,0,0,0,0,0,0,18,850.5,18.3,18.4,87,260,253,0,0,80,0,0,18.5,16.9,14.2
2026-04-05T22:15:22Z,0,0,0,0,0,0,18.1,850.3,18.3,18.5,87.1,259,253,0,0,80,0,0,18.6,17,14.3
2026-04-05T22:30:29Z,0,0,0,0,0,0,18.1,850,18.2,18.5,88.2,260,253,0,0,80,0.2,0.2,18.6,17,14.3
2026-04-05T22:45:36Z,0,0,0,0,0,0,17.9,849.8,18,18.2,88.4,259,254,0,0,13,0,0,18.3,16.8,14
2026-04-05T23:00:43Z,0,0,0,0,0,0,17.7,849.8,17.9,18,88.5,261,254,0,0,13,0,0,18.1,16.7,13.8
2026-04-05T23:16:27Z,0,0,0,0,0,0,17.6,849.8,17.8,17.9,89.2,259,254,0,0,353,0,0,18,16.6,13.8
2026-04-05T23:31:34Z,0,0,0,0,0,0,17.6,849.8,17.7,17.9,89.7,259,254,0,0,353,0,0,18,16.7,13.7
2026-04-05T23:46:41Z,0,0,0,0,0,0,17.6,849.8,17.7,18,90.7,261,254,0,0,353,0,0,18.1,16.8,13.8
2026-04-06T00:00:47Z,0,0,0,0,0,0,17.8,849.9,17.9,18.1,90.4,260,252,0,0.5,143,1.3,1.3,18.2,17,14
2026-04-06T00:15:54Z,0,0,0,0,0,0,17.8,849.8,17.9,18.1,90.6,260,253,0,0,143,0,0,18.3,17,14
2026-04-06T00:31:00Z,0,0,0,0,0,0,17.8,849.8,17.8,18.1,91,261,253,0,0,143,0,0,18.2,17,13.9
2026-04-06T00:46:22Z,0,0,0,0,0,0,17.9,850.1,18,18.3,91.3,260,252,0,0,143,0,0,18.4,17.2,14.1
2026-04-06T01:01:29Z,0,0,0.4,0,0,0,17.6,850.1,17.6,18,92.4,260,253,0,0,92,0,0,18.1,17.1,13.8
2026-04-06T01:16:36Z,0,0,0.6,0,0,0,17.3,850.2,17.4,17.6,93.1,261,253,0,0,89,0,0,17.8,16.8,13.5
2026-04-06T01:31:43Z,0,0,0.6,0,0,0,16.9,850.4,17.1,17.3,92.9,260,253,0,0,88,0,0,17.4,16.5,13.2
2026-04-06T01:46:50Z,0,0,0.6,0,0,0,16.9,850.4,16.9,17.2,93.8,261,253,0,0,89,0,0,17.3,16.4,13
2026-04-06T02:02:31Z,0,0,0.6,0,0,0,16.9,850.4,16.9,17.2,94.4,260,252,0,0,89,0,0,17.3,16.5,13.1
2026-04-06T02:17:54Z,0,0,0.6,0,0,0,16.9,850.5,17,17.3,94.8,260,253,0,0,87,0,0,17.4,16.7,13.2
2026-04-06T02:33:01Z,0,0,0.8,0,0,0,16.9,850.7,17.1,17.3,95,260,254,0,0.1,87,0.4,0.4,17.4,16.7,13.2
2026-04-06T02:48:08Z,0,0,0.8,0,0,0,17,850.6,17.1,17.3,95.2,261,253,0,0,87,0,0,17.4,16.7,13.2
2026-04-06T03:03:15Z,0,0,0.8,0,0,0,16.4,850.8,16.5,16.7,94.2,259,253,0,0.7,234,1.3,1.3,16.8,16,12.6
2026-04-06T03:18:21Z,0,0,0.8,0,0,0,15.8,851,16.1,16.2,93.3,261,259,0,0,233,0,0,16.2,15.4,12
2026-04-06T03:33:28Z,0,0,0.8,0,0,0,15.3,851.2,15.6,15.7,93.1,265,298,0,0,233,0,0,15.7,14.9,11.5
2026-04-06T03:48:34Z,0,0,0.8,0.1,0,0,15.1,851.4,15.4,15.5,93.3,276,398,0,0,233,0,0,15.5,14.7,11.3
2026-04-06T04:03:59Z,0,0,0.8,0.2,0,0,15.3,851.7,15.6,15.6,93.8,284,428,0,0,233,0,0,15.7,14.9,11.5
2026-04-06T04:19:06Z,0,0,0.8,0.2,0,0,15.3,851.9,15.7,15.8,93.1,298,571,0,0.3,234,0.7,0.7,15.8,15,11.6
2026-04-06T04:34:12Z,0,0,0.8,0.2,0,0,15.8,851.9,16.2,16.2,92.4,302,559,0,0.4,234,0.7,0.7,16.3,15.4,12.1
2026-04-06T04:49:19Z,0,0,0.8,0.4,0,0,17.2,851.9,17.2,17.3,88.6,341,1028,0,0.2,234,0.6,0.6,17.3,15.9,13.1
2026-04-06T05:04:26Z,0,0,0.8,0.9,0,0,18.1,851.9,18.3,18,87.9,426,2046,0,0.1,234,0.4,0.4,18.1,16.5,13.8
2026-04-06T05:19:32Z,0,0,0.8,1.3,0,0,19.6,852.1,19.9,18.9,84.6,505,2895,0,0,233,0,0,19,17,14.7
2026-04-06T05:34:39Z,0,0,0.8,1.6,0,0,23.1,852.3,22.9,22,73.1,553,3404,0,0.3,233,0.9,0.9,22.1,18.6,17.4
2026-04-06T05:50:02Z,0,0,0.8,1.1,0,0,23.6,852.4,22.9,22.6,71.1,461,2323,0,0.1,226,0.4,0.4,22.7,18.8,17.9
2026-04-06T06:05:09Z,0,0,0,2.1,0.8,0,23.1,852.5,23.9,23,69.7,653,4482,0,0.2,215,0.9,0.9,23.1,19.1,18.2
2026-04-06T06:20:15Z,0,0,0,2.6,0.8,0,23.3,852.4,24.1,23,67.8,749,5552,0,0.2,191,0.9,0.9,23.1,18.8,18.2
2026-04-06T06:35:22Z,0,0,0,2.7,0.8,0,23.9,852.5,24.5,23.9,65.9,768,5692,0,0,79,0.4,0.4,24,19.3,19
2026-04-06T06:50:28Z,0,0,0,3.2,0.8,0,24.1,852.6,23.8,24.2,64.7,846,6538,0,0.1,81,0.4,0.4,24.3,19.4,19.2
2026-04-06T07:05:35Z,0,0,0,3.4,0.8,0,23.5,852.6,24.2,23.8,67.8,893,6973,0,0,141,0.4,0.4,23.9,19.5,18.9
2026-04-06T07:21:00Z,0,0,0,3.7,0.8,0,24.2,852.5,24.4,24.8,62.8,939,7448,0,0.5,118,1.5,1.5,24.9,19.7,19.7
2026-04-06T07:36:06Z,0,0,0,3.9,0.8,0,24.5,852.3,25.2,25,62.2,981,7904,0,0.4,178,1.3,1.3,25,19.8,19.8
2026-04-06T07:51:13Z,0,0,0,4.2,0.8,0,24.1,852.1,24.4,24.6,63.2,1050,8646,0,0.4,91,0.8,0.8,24.7,19.6,19.5
2026-04-06T08:06:19Z,0,0,0,4.2,0.8,0,25,852,25.2,25.4,60,1035,8425,0,0.1,85,0.2,0.2,25.5,19.9,20.1
2026-04-06T08:21:26Z,0,0,0,4.8,0.8,0,26.2,852,26.6,26.9,51.7,1152,9726,0,0.7,88,1.3,1.3,27.4,19.9,21.6
2026-04-06T08:36:32Z,0,0,0,5.1,0.8,0,25.5,851.8,25.9,25.7,58.1,1213,10411,0,0.6,80,1.7,1.7,25.8,19.9,20.4
2026-04-06T08:51:39Z,0,0,0,4.6,0.8,0,26.3,851.7,27.1,27,53.4,1108,9137,0,0.2,97,0.9,0.9,27.7,20.3,21.8
2026-04-06T09:07:04Z,0,0,0,4.6,0.8,0,25.6,851.4,26.6,26.2,53.5,1117,9267,0,1.4,198,2.2,2.2,26.2,19.6,20.7
2026-04-06T09:22:11Z,0,0,0,4.8,0.8,0,25.3,851.1,26.2,26,53.7,1148,9705,0,0.5,192,1.3,1.3,26,19.4,20.5
2026-04-06T09:37:17Z,0,0,0,4.8,0.8,0,26.3,850.9,26.9,26.8,50,1150,9668,0,0.5,171,1.7,1.7,27.2,19.5,21.4
2026-04-06T09:52:24Z,0,0,0,1.3,0.8,0,26.1,850.7,27,26.8,49.7,507,2721,0,0.6,181,1.5,1.5,27.2,19.5,21.4
2026-04-06T10:07:30Z,0,0,0,1.2,0.8,0,26.2,850.4,26.8,26.7,50.1,480,2505,0,0.2,90,0.6,0.6,27.1,19.5,21.4
2026-04-06T10:22:37Z,0,0,0,4.6,0.8,0,25.2,850.4,25.7,26,53.5,1114,9347,0,0.2,147,0.9,0.9,26,19.4,20.6
2026-04-06T10:37:43Z,0,0,0,4.4,0.8,0,26.6,850.2,27.2,27.3,47.6,1076,8889,0,0.8,141,2.4,2.4,27.5,19.6,21.7
2026-04-06T10:53:08Z,0,0,0,1,0.8,0,25.7,850.1,26.1,26.6,50.8,444,2128,0,1.2,122,2.4,2.4,26.7,19.5,21
2026-04-06T11:08:14Z,0,0,0,1.5,0.8,0,26.2,849.7,26.5,26.8,50.9,542,3060,0,0.8,82,1.5,1.5,27.3,19.7,21.5
2026-04-06T11:23:20Z,0,0,0,3.9,0.8,0,27.5,849.5,27.6,28.3,45.8,981,7896,0,1.3,61,3.1,3.1,28.4,20.1,22.3
2026-04-06T11:38:27Z,0,0,0,3.8,0.8,0,27.4,849.2,27.8,28.4,49.2,976,7822,0,0.7,65,1.5,1.5,28.8,20.8,22.6
2026-04-06T11:53:33Z,0,0,0,3.4,0.8,0,26.4,849.2,26.5,27.3,46.5,891,6952,0,1.4,85,2.6,2.6,27.5,19.4,21.7
2026-04-06T12:08:39Z,0,0,0,3.3,0.8,0,27.5,849,28,28.3,42.1,867,6639,0,0.7,99,2.4,2.4,28.1,19.5,22.1
2026-04-06T12:23:46Z,0,0,0,3,0.8,0,27.8,848.7,28.2,28.9,45.1,814,6080,0,1,117,2.6,2.6,28.9,20.5,22.7
2026-04-06T12:39:11Z,0,0,0,2.2,0.8,0,28.4,848.5,29,29.5,42.3,661,4447,0,0.7,87,2.2,2.2,29.4,20.5,23
2026-04-06T12:54:17Z,0,0,0,2.5,0.8,0,27.3,848.4,27.6,28.5,46,731,5257,0,0,77,0.2,0.2,28.6,20.3,22.5
2026-04-06T13:09:24Z,0,0,0,1.9,0.8,0,27.2,848.4,27.8,28.2,46.7,612,4003,0,0.3,101,0.9,0.9,28.4,20.2,22.3
2026-04-06T13:25:17Z,0,0,0,1.2,0.8,0,27.4,848.4,28.1,28.7,43.7,478,2517,0,0.5,112,1.7,1.7,28.7,20.1,22.5
2026-04-06T13:40:23Z,0,0,0,1.4,0.8,0,26.5,848.5,26.8,27.6,44.9,518,3015,0,1.2,87,2.2,2.2,27.6,19.4,21.8
2026-04-06T13:55:29Z,0,0,0,0.9,0.8,0,26.3,848.6,26.7,27.3,47.2,425,1944,0,0.3,125,0.9,0.9,27.5,19.5,21.7
2026-04-06T14:10:36Z,0,0,0,1,0.8,0,26.2,848.5,26.6,27.4,44,442,2190,0,0.9,79,1.7,1.7,27.4,19.1,21.6
2026-04-06T14:25:43Z,0,0,0,0.7,0.8,0,25.6,848.6,25.9,26.3,48.5,383,1548,0,0.1,186,0.4,0.4,26.3,18.9,20.7
2026-04-06T14:40:49Z,0,0,0,0.3,0.8,0,25.1,848.6,25.3,25.5,51,305,664,0,0.8,167,1.7,1.7,25.5,18.6,20.1
2026-04-06T14:55:55Z,0,0,0,0.2,0.8,0,24.7,848.7,24.9,25.1,50.8,294,548,0,0.2,75,0.7,0.7,25,18.2,19.8
2026-04-06T15:11:17Z,0,0,0,0.1,0.8,0,24.2,848.7,24.4,24.6,53.5,283,458,0,0.4,189,1.1,1.1,24.5,18.2,19.4
2026-04-06T15:26:24Z,0,0,0,0.1,0.8,0,23.8,848.8,23.9,24.1,57.7,270,341,0,0.1,125,0.4,0.4,24.1,18.4,19
2026-04-06T15:41:30Z,0,0,0,0,0.8,0,23.2,849,23.4,23.5,60.6,261,259,0,0.1,124,0.4,0.4,23.5,18.3,18.6
2026-04-06T15:56:37Z,0,0,0,0,0.8,0,22.7,849.1,22.9,23,62.5,262,254,0,0,62,0.2,0.2,23,18,18.1
2026-04-06T16:11:44Z,0,0,0,0,0.8,0,22.2,849.1,22.4,22.5,64,260,254,0,0,69,0,0,22.5,17.8,17.7
2026-04-06T16:26:51Z,0,0,0,0,0.8,0,21.9,849.4,22,22.1,65.9,260,253,0,0,69,0,0,22.1,17.7,17.4
2026-04-06T16:41:58Z,0,0,0,0,0.8,0,21.7,849.7,21.9,22,66.8,259,253,0,0,71,0.2,0.2,22,17.7,17.3
2026-04-06T16:57:29Z,0,0,0,0,0.8,0,21.4,849.9,21.6,21.7,68.2,261,253,0,0,71,0.4,0.4,21.7,17.7,17.1
2026-04-06T17:12:36Z,0,0,0,0,0.8,0,21.5,850.1,21.8,21.9,69.5,259,255,0,0,58,0,0,21.9,18,17.2
2026-04-06T17:27:43Z,0,0,0,0,0.8,0,21.5,850.3,21.7,21.9,70.3,259,253,0,0,58,0,0,21.9,18,17.2
2026-04-06T17:42:49Z,0,0,0,0,0.8,0,21.4,850.4,21.5,21.7,70.8,260,253,0,0,58,0,0,21.7,17.9,17.1
2026-04-06T17:57:56Z,0,0,0,0,0.8,0,21.6,850.5,21.7,21.8,69.7,259,253,0,0.1,70,0.4,0.4,21.8,17.9,17.1
2026-04-06T18:13:02Z,0,0,0,0,0.8,0,21.5,850.7,21.7,21.8,70.2,261,254,0,0,67,0,0,21.8,18,17.2
2026-04-06T18:28:26Z,0,0,0,0,0.8,0,21.3,850.8,21.5,21.7,72.1,260,254,0,0,67,0,0,21.7,18.1,17.1
2026-04-06T18:43:33Z,0,0,0,0,0.8,0,21.5,851.1,21.6,21.8,72.1,260,255,0,0,118,0.2,0.2,21.8,18.2,17.2
2026-04-06T18:58:40Z,0,0,0,0,0.8,0,21.4,851.2,21.6,21.7,70.8,260,253,0,0.3,73,0.9,0.9,21.7,18,17.1
2026-04-06T19:13:47Z,0,0,0,0,0.8,0,21.2,851.4,21.3,21.5,70.6,259,254,0,0,77,0,0,21.5,17.8,16.9
2026-04-06T19:28:54Z,0,0,0,0,0.8,0,20.9,851.5,21.1,21.2,71.3,261,254,0,0,107,0.2,0.2,21.2,17.6,16.6
2026-04-06T19:44:01Z,0,0,0,0,0.8,0,20.6,851.5,20.8,21,72.5,260,253,0,0,77,0,0,21,17.5,16.4
2026-04-06T19:59:07Z,0,0,0,0,0.8,0,20.4,851.5,20.5,20.7,73,261,254,0,0.2,91,0.9,0.9,20.7,17.3,16.2
2026-04-06T20:14:32Z,0,0,0,0,0.8,0,20.5,851.8,20.6,20.8,73.2,261,253,0,0.2,129,1.1,1.1,20.8,17.4,16.3
2026-04-06T20:29:39Z,0,0,0,0,0.8,0,20.3,851.8,20.4,20.6,73.3,260,254,0,0.2,143,0.7,0.7,20.6,17.3,16.1
2026-04-06T20:45:31Z,0,0,0,0,0.8,0,19.9,851.7,20,20.2,75.5,260,253,0,0.2,92,1.1,1.1,20.3,17.2,15.8
2026-04-06T21:00:38Z,0,0,0,0,0.8,0,19.5,851.7,19.6,19.8,77.2,259,254,0,0,193,0.2,0.2,19.8,17,15.4
2026-04-06T21:15:45Z,0,0,0,0,0.8,0,19,851.7,19.1,19.4,79.7,260,253,0,0,192,0,0,19.4,16.9,15.1
2026-04-06T21:30:51Z,0,0,0,0,0.8,0,19.1,851.6,19.2,19.5,80.2,261,252,0,0.5,144,1.1,1.1,19.5,17,15.1
2026-04-06T21:45:58Z,0,0,0,0,0.8,0,19.2,851.7,19.4,19.5,80.6,261,254,0,0.1,144,0.4,0.4,19.6,17.2,15.2
2026-04-06T22:01:05Z,0,0,0,0,0.8,0,19.3,851.4,19.4,19.6,81.4,260,255,0,0,133,0,0,19.7,17.4,15.3
2026-04-06T22:16:11Z,0,0,0,0,0.8,0,19.2,851.4,19.3,19.5,82.1,260,252,0,0.1,190,0.4,0.4,19.6,17.3,15.2
2026-04-06T22:31:38Z,0,0,0,0,0.8,0,19,851,19.2,19.4,83.5,259,254,0,0.2,190,1.1,1.1,19.5,17.4,15.1
2026-04-06T22:46:45Z,0,0,0,0,0.8,0,18.9,850.8,19.1,19.3,84.5,259,253,0,0,189,0,0,19.4,17.4,15
2026-04-06T23:01:51Z,0,0,0,0,0.8,0,18.8,850.5,19,19.2,85.8,262,254,0,0,154,0.4,0.4,19.3,17.5,15
2026-04-06T23:16:58Z,0,0,0,0,0.8,0,18.8,850.5,18.9,19.2,86.5,262,253,0,0.1,134,0.2,0.2,19.3,17.5,14.9
2026-04-06T23:32:05Z,0,0,0,0,0.8,0,18.7,850.5,18.8,19.1,87.5,261,254,0,0.7,134,1.5,1.5,19.2,17.5,14.8
2026-04-06T23:47:11Z,0,0,0,0,0.8,0,18.5,850.5,18.6,18.9,88.8,259,254,0,0.6,72,1.3,1.3,19.1,17.6,14.7
2026-04-07T00:00:17Z,0,0,0,0,0.8,0,17.3,850.7,17.3,17.9,86.8,260,253,0,1,86,2.2,2.2,17.9,16.3,13.7
2026-04-07T00:15:42Z,0,0,4.4,0,0.8,0,16,850.9,16.2,16.4,92.9,260,254,0,0.3,76,0.7,0.7,16.5,15.6,12.3
2026-04-07T00:30:48Z,0.2,0,9.6,0,0.8,0,15.8,850.8,16,16.1,94.3,260,253,0,0.5,29,1.3,1.3,16.2,15.5,12
2026-04-07T00:46:17Z,0,0,10.6,0,0.8,0,15.8,850.9,16.1,16.2,95.1,260,253,0,0.4,343,1.3,1.3,16.3,15.6,12.1
2026-04-07T01:01:48Z,0,0,10.8,0,0.8,0,15.9,850.9,16.2,16.3,95.4,260,253,0,0.5,39,1.1,1.1,16.4,15.7,12.2
2026-04-07T01:16:54Z,0,0,10.8,0,0.8,0,16,850.9,16.3,16.4,95.6,261,254,0,0,2,0.2,0.2,16.5,15.9,12.3
2026-04-07T01:32:00Z,0,0,10.8,0,0.8,0,16.2,851,16.2,16.5,95.7,261,253,0,0.2,74,0.9,0.9,16.7,16,12.4
2026-04-07T01:47:07Z,0,0,10.8,0,0.8,0,16.2,851,16.3,16.5,95.8,260,254,0,0.2,5,0.7,0.7,16.6,16,12.4
2026-04-07T02:02:14Z,0,0,10.8,0,0.8,0,16.2,851.2,16.2,16.6,95.9,262,254,0,0,6,0,0,16.7,16.1,12.5
2026-04-07T02:17:45Z,0.4,0,13.8,0,0.8,0,16.3,851.3,16.3,16.7,96,259,254,0,0.5,49,1.1,1.1,16.8,16.2,12.6
2026-04-07T02:32:52Z,0,0,15.8,0,0.8,0,16.1,851.5,16.2,16.5,96.2,260,253,0,0.3,31,0.9,0.9,16.6,16.1,12.4
2026-04-07T02:47:59Z,0,0,15.8,0,0.8,0,16.2,851.6,16.2,16.6,96.2,259,253,0,0,77,0.2,0.2,16.7,16.1,12.5
2026-04-07T03:03:05Z,0,0,15.8,0,0.8,0,16.2,851.7,16.2,16.6,96.4,260,253,0,0,345,0,0,16.7,16.1,12.5
2026-04-07T03:18:12Z,0,0,15.8,0,0.8,0,16.2,852,16.3,16.6,96.4,261,254,0,0,345,0,0,16.7,16.2,12.5
2026-04-07T03:33:18Z,0,0,15.8,0,0.8,0,16.3,852.1,16.4,16.7,96.5,263,277,0,0,345,0,0,16.8,16.2,12.6
2026-04-07T03:48:25Z,0,0,15.8,0.1,0.8,0,16.3,852.5,16.4,16.6,96.6,274,364,0,0,345,0,0,16.7,16.2,12.5
2026-04-07T04:03:48Z,0,0,15.8,0.2,0.8,0,16.2,852.7,16.3,16.6,96.6,287,481,0,0,345,0,0,16.7,16.2,12.5
2026-04-07T04:18:55Z,0,0,15.8,0.3,0.8,0,16.6,852.9,16.7,16.9,96.7,315,854,0,0,345,0,0,17,16.5,12.8
2026-04-07T04:34:01Z,0,0,15.8,0.2,0.8,0,16.8,853.1,16.9,17.2,96.7,295,593,0,0,345,0,0,17.3,16.8,13.1
2026-04-07T04:49:07Z,0,0,16,0.6,0.8,0,17.3,853.4,17.4,17.6,96.8,362,1392,0,0,345,0,0,17.8,17.2,13.5
2026-04-07T05:04:13Z,0,0,16,0.7,0.8,0,17.9,853.4,17.9,18,96.7,389,1553,0,0.1,346,0.4,0.4,18.2,17.6,13.9
2026-04-07T05:19:20Z,0,0,16,2,0.8,0,18.3,853.5,18.3,18.5,95.7,626,4367,0,0.2,25,1.1,1.1,18.7,18,14.4
2026-04-07T05:34:26Z,0,0,16,2.1,0.8,0,19.5,853.7,19.2,19.5,90.8,646,4530,0,0,46,0.2,0.2,19.7,18.4,15.3
2026-04-07T05:49:52Z,0,0,16,0.9,0.8,0,19.4,853.8,19.4,19.9,87.2,421,1902,0,0.2,85,0.4,0.4,20,18.3,15.6
2026-04-07T06:04:58Z,0,0,0,1,16,0,20.7,853.9,20.6,20.8,84.6,444,2212,0,0.1,81,0.4,0.4,20.9,18.8,16.4
2026-04-07T06:20:05Z,0,0,0,1.1,16,0,21.9,854.1,21.8,21.8,82.4,469,2330,0,0.5,94,1.7,1.7,22,19.5,17.3
2026-04-07T06:35:11Z,0,0,0,3.6,16,0,21.7,854,21.7,22.1,79.3,921,7422,0,0.5,336,1.1,1.1,22.2,19.4,17.5
2026-04-07T06:50:17Z,0,0,0,3.6,16,0,25.1,854,25.1,25,72.6,935,7496,0,0,78,0,0,25.3,21.3,20
2026-04-07T07:05:23Z,0,0,0,1,16,0,24,853.8,23.6,24.3,66.3,442,2083,0,0,61,0,0,24.4,19.7,19.3
2026-04-07T07:20:30Z,0,0,0,1.1,16,0,23.6,853.7,23.3,24.1,67.1,455,2237,0,0.1,74,0.4,0.4,24.2,19.7,19.1
2026-04-07T07:35:56Z,0,0,0,4.4,16,0,24.5,853.6,24.3,25.1,63.1,1076,8930,0,1.1,147,2,2,25.2,20,19.9
2026-04-07T07:51:03Z,0,0,0,1.2,16,0,23.9,853.5,24.4,24.8,63,484,2518,0,0.3,129,1.5,1.5,24.8,19.7,19.6
2026-04-07T08:06:08Z,0,0,0,1.3,16,0,24.8,853.3,25.1,25.2,64.5,504,2730,0,0,152,0.2,0.2,25.3,20.3,20
2026-04-07T08:21:14Z,0,0,0,4.8,16,0,24.8,853.3,24.8,25.4,61,1161,9855,0,1.3,65,2.4,2.4,25.5,20,20.2
2026-04-07T08:36:20Z,0,0,0,4.5,16,0,25.2,853.1,25.5,25.9,60.9,1097,9045,0,0.9,84,1.5,1.5,26,20.4,20.5
2026-04-07T08:51:27Z,0,0,0,4.7,16,0,25.3,853,25.4,25.8,60,1134,9484,0,0.9,84,2,2,25.9,20.2,20.4
2026-04-07T09:06:33Z,0,0,0,5,16,0,24.2,852.9,24.8,24.9,61.3,1184,10095,0,0.1,196,1.1,1.1,24.9,19.6,19.7
2026-04-07T09:21:58Z,0,0,0,4.7,16,0,24.7,852.6,24.9,25.5,56.9,1127,9402,0,0.5,138,2,2,25.5,19.5,20.2
2026-04-07T09:37:04Z,0,0,0,4.2,16,0,25.9,852.4,26,26.5,57.8,1041,8332,0,0.4,105,1.5,1.5,26.6,20.5,21
2026-04-07T09:52:10Z,0,0,0,2.8,16,0,26,852.2,26.6,26.7,51.8,775,5352,0,1,74,1.7,1.7,27.2,19.7,21.5
2026-04-07T10:07:17Z,0,0,0,4.6,16,0,26.1,851.9,26.6,26.9,51.9,1122,9320,0,0.1,154,0.4,0.4,27.4,19.9,21.6
2026-04-07T10:22:22Z,0,0,0,4.3,16,0,26.3,851.8,26.4,27.1,54.2,1057,8618,0,0.4,60,0.9,0.9,27.8,20.5,21.9
2026-04-07T10:37:29Z,0,0,0,4.2,16,0,25.7,851.4,26.2,26.5,51.2,1037,8392,0,0.3,145,1.3,1.3,26.5,19.5,20.9
2026-04-07T10:52:35Z,0,0,0,4.1,16,0,26,851.1,26.6,26.7,48.3,1027,8328,0,2,191,4.4,4.4,27.1,19.2,21.3
2026-04-07T11:08:00Z,0,0,0,3.8,16,0,25.9,850.8,26.8,26.4,48.8,958,7577,0,0.5,198,2.4,2.4,26.4,19,20.8
2026-04-07T11:24:05Z,0,0,0,1.9,16,0,27.6,850.6,28.1,28.5,46.9,602,3549,0,0.8,42,2,2,28.7,20.5,22.5
2026-04-07T11:39:11Z,0,0,0,3.4,16,0,27,850.4,27.4,27.9,48.1,894,6893,0,0.6,73,2.6,2.6,28.2,20.2,22.2
2026-04-07T11:54:17Z,0,0,0,3.2,16,0,27.5,850.1,27.9,28.3,45.6,854,6480,0,0.5,176,1.3,1.3,28.4,20.1,22.3
2026-04-07T12:09:23Z,0,0,0,3.2,16,0,27.5,849.8,27.9,28.6,44.7,855,6480,0,0.7,114,2.6,2.6,28.6,20.1,22.4
2026-04-07T12:24:29Z,0,0,0,3.1,16,0,28.5,849.5,28.5,29.6,41.7,831,6289,0,0.3,86,0.7,0.7,29.5,20.5,23
2026-04-07T12:39:35Z,0,0,0,2.9,16,0,28.3,849.4,28.9,29.5,42.4,791,5852,0,0.3,135,1.1,1.1,29.4,20.5,23
2026-04-07T12:54:42Z,0,0,0,0.9,16,0,25.9,849.3,26.3,26.9,47.9,425,1827,0,0.6,141,1.3,1.3,27.2,19.3,21.5
2026-04-07T13:10:04Z,0,0,0,2.4,16,0,27.4,849.2,27.9,28.6,45.8,702,5046,0,0.1,79,0.9,0.9,28.7,20.4,22.5
2026-04-07T13:25:10Z,0,0,0,0.6,16,0,26,849.2,26.4,26.8,49.9,375,1334,0,0.6,68,1.7,1.7,27.2,19.5,21.5
2026-04-07T13:40:16Z,0,0,0,1.8,16,0,26.4,849.2,27.1,27.6,50.6,597,3948,0,0.6,108,1.7,1.7,28,20.3,22
2026-04-07T13:55:23Z,0,0,0,1.3,16,0,25.6,849.3,26.1,26.6,55.9,495,2778,0,0.1,75,0.4,0.4,27.3,20.3,21.5
2026-04-07T14:10:29Z,0,0,0,1.1,16,0,25.6,849.4,25.9,27.1,51.6,465,2460,0,0.8,96,2.4,2.4,27.6,20,21.7
2026-04-07T14:25:35Z,0,0,0,1,16,0,26.1,849.4,26.6,27.4,52.2,437,2339,0,0.4,62,1.1,1.1,28,20.4,22
2026-04-07T14:40:41Z,0,0,0,0.1,16,0,24.3,849.6,24.6,24.9,59.2,280,384,0,0.7,74,1.7,1.7,25,19.3,19.7
2026-04-07T14:56:05Z,0,0,0,0.1,16,0,23.4,849.7,23.5,23.8,62.1,282,402,0,0.9,68,2,2,23.8,18.7,18.8
2026-04-07T15:11:11Z,0,0,0,0.1,16,0,23.1,849.8,23.2,23.4,64.3,283,444,0,0.5,68,1.5,1.5,23.5,18.7,18.5
2026-04-07T15:26:17Z,0,0,0,0.1,16,0,22.8,849.9,23,23.2,66.1,269,337,0,0,110,0,0,23.2,18.7,18.3
2026-04-07T15:41:23Z,0,0,0,0,16,0,22.5,849.9,22.7,22.8,65.9,261,262,0,0.1,89,0.9,0.9,22.8,18.3,18
2026-04-07T15:56:29Z,0,0,0,0,16,0,22.1,850,22.2,22.4,67.6,259,254,0,0.3,69,0.7,0.7,22.4,18.2,17.6
2026-04-07T16:11:36Z,0,0,0,0,16,0,21.9,850.1,22,22.1,69,261,253,0,0.2,106,1.1,1.1,22.2,18.1,17.5
2026-04-07T16:26:42Z,0,0,0,0,16,0,21.7,850.3,21.8,22,70.1,261,253,0,0.1,73,0.4,0.4,22,18.1,17.3
2026-04-07T16:41:49Z,0,0,0,0,16,0,21.3,850.6,21.4,21.6,72.4,259,253,0,0,69,0,0,21.6,18.1,17
2026-04-07T16:57:10Z,0,0,0,0,16,0,20.8,850.8,20.9,21.1,74.2,259,254,0,0,69,0,0,21.2,17.9,16.6
2026-04-07T17:12:16Z,0,0,0,0,16,0,20.5,851,20.6,20.8,76.1,260,254,0,0,69,0,0,20.9,17.8,16.3
2026-04-07T17:27:23Z,0,0,0,0,16,0,20.3,851.2,20.4,20.5,79.6,261,253,0,0,69,0,0,20.6,17.9,16.1
2026-04-07T17:42:30Z,0,0,0,0,16,0,19.8,851.3,19.8,20,81,261,253,0,0,69,0,0,20.1,17.7,15.7
2026-04-07T17:58:18Z,0,0,0,0,16,0,19.3,851.2,19.5,19.6,82.7,260,254,0,0,69,0,0,19.7,17.5,15.3
2026-04-07T18:13:25Z,0,0,0,0,16,0,19.3,851.3,19.4,19.7,82.8,260,255,0,0,69,0,0,19.8,17.6,15.4
2026-04-07T18:28:31Z,0,0,0,0,16,0,19.1,851.4,19.3,19.5,82.2,260,254,0,0,69,0,0,19.6,17.4,15.2
2026-04-07T18:43:37Z,0,0,0,0,16,0,19.2,851.5,19.5,19.7,82,261,253,0,0,69,0,0,19.8,17.5,15.4
2026-04-07T18:58:43Z,0,0,0,0,16,0,19.4,851.6,19.6,19.8,80.8,261,253,0,0,69,0,0,19.9,17.4,15.4
2026-04-07T19:13:50Z,0,0,0,0,16,0,19.3,851.7,19.5,19.7,82.3,260,253,0,0,69,0,0,19.8,17.5,15.3
2026-04-07T19:28:56Z,0,0,0,0,16,0,19.1,851.8,19.2,19.4,84.4,260,254,0,0,69,0,0,19.5,17.5,15.1
2026-04-07T19:44:17Z,0,0,0,0,16,0,18.8,851.8,18.9,19.2,86.8,261,253,0,0,69,0,0,19.3,17.5,14.9
2026-04-07T19:59:23Z,0,0,0,0,16,0,18.6,851.9,18.8,19,87.2,260,253,0,0,69,0,0,19.1,17.4,14.7
2026-04-07T20:14:30Z,0,0,0,0,16,0,18.4,851.9,18.4,18.7,87.9,260,254,0,0,69,0,0,18.8,17.2,14.4
2026-04-07T20:29:36Z,0,0,0,0,16,0,18.1,851.8,18.2,18.4,88.9,260,254,0,0,69,0,0,18.5,17.1,14.2
2026-04-07T20:44:42Z,0,0,0,0,16,0,17.9,852,17.9,18.3,89.8,261,253,0,0,69,0,0,18.4,17,14.1
2026-04-07T20:59:48Z,0,0,0,0,16,0,17.8,852,18,18.2,90.3,260,253,0,0,69,0,0,18.3,17,14
2026-04-07T21:14:55Z,0,0,0,0,16,0,18.1,851.7,18.4,18.5,88.8,258,254,0,0,69,0,0,18.6,17.1,14.2
2026-04-07T21:30:21Z,0,0,0,0,16,0,18.8,851.7,18.8,19.1,85.7,258,254,0,0.9,188,2.2,2.2,19.2,17.4,14.8
2026-04-07T21:45:45Z,0,0,0,0,16,0,18.9,851.5,19,19.3,85.6,258,253,0,0.3,193,0.7,0.7,19.4,17.5,15
2026-04-07T22:00:51Z,0,0,0,0,16,0,18.8,851.4,19,19.2,85.9,261,253,0,0.7,204,1.5,1.5,19.3,17.5,14.9
2026-04-07T22:15:57Z,0,0,0,0,16,0,18.8,851.3,18.9,19.2,86.3,262,253,0,0,178,0,0,19.3,17.5,14.9
2026-04-07T22:31:04Z,0,0,0,0,16,0,18.6,851.2,18.7,19,87,263,254,0,0.2,178,0.7,0.7,19.1,17.4,14.7
2026-04-07T22:46:25Z,0,0,0,0,16,0,18.5,850.9,18.7,18.9,87.7,261,254,0,0,178,0,0,19,17.4,14.6
2026-04-07T23:01:32Z,0,0,0,0,16,0,18.4,850.8,18.6,18.8,87.9,261,254,0,0.2,178,1.1,1.1,18.9,17.3,14.5
2026-04-07T23:16:38Z,0,0,0,0,16,0,18.1,850.7,18.2,18.5,89.2,260,253,0,0.1,178,0.4,0.4,18.6,17.2,14.3
2026-04-07T23:31:58Z,0,0,0,0,16,0,17.8,850.8,17.9,18.2,89.9,260,253,0,0,178,0,0,18.3,17,14
2026-04-07T23:47:22Z,0,0,0,0,16,0,17.6,850.8,17.7,17.9,91.3,261,251,0,0,178,0,0,18,16.9,13.7
2026-04-08T00:00:28Z,0,0,0,0,16,0,17.3,850.8,17.4,17.6,91.8,260,253,0,0,178,0,0,17.8,16.7,13.5
2026-04-08T00:15:35Z,0,0,0,0,16,0,17.2,850.9,17.4,17.6,92.6,260,254,0,0,178,0,0,17.7,16.7,13.4
2026-04-08T00:31:32Z,0,0,0,0,16,0,17.4,850.9,17.5,17.7,93.6,259,254,0,0,178,0,0,17.9,16.9,13.6
2026-04-08T00:46:38Z,0,0,0,0,16,0,17.4,850.9,17.6,17.7,93.3,262,253,0,0,178,0,0,17.9,16.9,13.6
2026-04-08T01:01:44Z,0,0,0,0,16,0,17.5,850.7,17.6,17.8,93.3,260,253,0,0,178,0,0,18,17,13.7
2026-04-08T01:16:51Z,0,0,0,0,16,0,17.5,850.8,17.6,17.8,93.3,260,254,0,0,178,0,0,18,17,13.7
2026-04-08T01:31:57Z,0,0,0,0,16,0,17.6,850.7,17.8,18,92.4,260,254,0,0,178,0,0,18.2,17.1,13.9
2026-04-08T01:47:04Z,0,0,0,0,16,0,17.9,850.8,18,18.2,91.6,261,252,0,0.1,178,0.4,0.4,18.4,17.2,14.1
2026-04-08T02:02:26Z,0,0,0,0,16,0,17.9,850.8,18.1,18.3,91.2,261,254,0,0,178,0,0,18.4,17.2,14.1
2026-04-08T02:17:32Z,0,0,0,0,16,0,17.9,850.8,18.1,18.3,91.4,259,253,0,0,178,0.2,0.2,18.4,17.2,14.1
2026-04-08T02:32:39Z,0,0,0,0,16,0,17.8,850.6,17.9,18.1,91.3,260,253,0,0,178,0.2,0.2,18.2,17.1,14
2026-04-08T02:47:45Z,0,0,0,0,16,0,17.4,850.8,17.5,17.8,92.3,261,253,0,0,178,0,0,17.9,16.9,13.6
2026-04-08T03:02:51Z,0,0,0,0,16,0,17.3,850.9,17.4,17.7,93.3,261,254,0,0.1,178,0.4,0.4,17.8,16.9,13.5
2026-04-08T03:17:58Z,0,0,0,0,16,0,17.3,851.1,17.4,17.7,93.9,260,256,0,0,178,0,0,17.8,16.9,13.5
2026-04-08T03:33:04Z,0,0,0,0,16,0,17.3,851.3,17.3,17.6,94.2,264,275,0,0,178,0,0,17.8,16.9,13.5
2026-04-08T03:48:29Z,0,0,0,0.1,16,0,17.4,851.5,17.5,17.8,94.5,282,520,0,0,178,0,0,17.9,17.1,13.6
2026-04-08T04:03:36Z,0,0,0,0.1,16,0,17.4,851.7,17.6,17.7,94.2,279,412,0,0.1,178,0.4,0.4,17.9,17,13.6
2026-04-08T04:18:42Z,0,0,0,0.3,16,0,17.7,851.8,17.8,18,94.2,311,788,0,0,178,0,0,18.1,17.2,13.8
2026-04-08T04:33:46Z,0,0,0,0.3,16,0,18.1,852,18.2,18.4,93,318,845,0,0.1,178,0.4,0.4,18.6,17.5,14.2
2026-04-08T04:48:53Z,0,0,0,0.3,16,0,18.2,852.2,18.3,18.5,91.7,319,843,0,0,178,0,0,18.7,17.5,14.4
2026-04-08T05:04:46Z,0,0,0,1.2,16,0,18.8,852.2,18.8,18.9,90.8,488,2784,0,0.1,178,0.4,0.4,19.1,17.8,14.7
2026-04-08T05:19:52Z,0,0,0,0.7,16,0,19.7,852.1,19.8,19.8,87.3,389,1510,0,0.1,178,0.2,0.2,19.9,18.2,15.5
2026-04-08T05:35:38Z,0,0,0,1.6,16,0,20.6,852.2,21,20.1,83.3,564,3596,0,0.3,178,0.7,0.7,20.2,18,15.7
2026-04-08T05:51:08Z,0,0,0,0.6,16,0,21.1,852.2,21.6,21,79.7,369,1214,0,0.1,178,0.4,0.4,21.2,18.5,16.6
2026-04-08T06:06:20Z,0,0,0,0.9,0,0,21.2,852.3,21.1,21.4,78.2,435,1914,0,0.5,178,1.1,1.1,21.6,18.7,16.9
2026-04-08T06:21:34Z,0,0,0,3,0,0,23.5,852.5,23.1,22.8,76.8,809,6159,0,0,20,0.2,0.2,22.9,19.8,18.1
2026-04-08T06:36:49Z,0,0,0,1,0,0,22.9,852.7,23.6,23.3,70.3,439,1989,0,0,163,0.4,0.4,23.5,19.4,18.5
2026-04-08T06:51:55Z,0,0,0,3.2,0,0,24.4,852.7,24.4,24.3,70.5,853,6547,0,0.1,163,0.4,0.4,24.5,20.4,19.4
2026-04-08T07:07:01Z,0,0,0,3.8,0,0,25.4,852.7,24.4,24.5,63.7,966,7834,0,1.1,342,1.5,1.5,24.6,19.6,19.4
2026-04-08T07:22:08Z,0,0,0,1.2,0,0,24.3,852.7,24.2,23.8,69.8,484,2613,0,0.1,298,0.4,0.4,24,19.8,18.9
2026-04-08T07:37:14Z,0,0,0,1.7,0,0,23,852.6,23.8,23.3,69.4,570,3477,0,0,204,0,0,23.4,19.2,18.4
2026-04-08T07:52:38Z,0,0,0,2.9,0,0,23.6,852.5,23.9,24.3,64.3,805,5958,0,0.1,57,0.4,0.4,24.3,19.5,19.2
2026-04-08T08:07:45Z,0,0,0,4.3,0,0,26.1,852.2,26.2,25.9,64.1,1058,8631,0,0.1,57,0.7,0.7,26,20.9,20.6
2026-04-08T08:22:51Z,0,0,0,4.5,0,0,25.3,852,26,25.8,56.9,1104,9139,0,0.5,152,1.1,1.1,25.9,19.8,20.5
2026-04-08T08:37:58Z,0,0,0,4.2,0,0,25.7,851.9,26.2,26.3,54.8,1049,8556,0,1.1,78,1.7,1.7,26.3,19.9,20.8
2026-04-08T08:53:04Z,0,0,0,4.7,0,0,26,851.8,26.2,26.2,56.6,1142,9585,0,0.8,254,1.1,1.1,26.3,20.1,20.8
2026-04-08T09:08:10Z,0,0,0,4.8,0,0,25.3,851.6,25.8,25.9,54.4,1148,9586,0,0.8,74,1.9,1.9,25.9,19.5,20.5
2026-04-08T09:23:17Z,0,0,0,4.7,0,0,25.6,851.3,26.1,26.4,54.9,1132,9451,0,1,104,2.4,2.4,26.4,19.9,20.8
2026-04-08T09:38:41Z,0,0,0,4.5,0,0,24.9,851.2,25.3,25.5,58.8,1091,8964,0,0.3,105,1.5,1.5,25.5,19.7,20.2
2026-04-08T09:53:48Z,0,0,0,4.7,0,0,25.6,850.7,26.1,26.2,52,1132,9454,0,0.9,213,1.7,1.7,26.2,19.3,20.7
2026-04-08T10:08:50Z,0,0,0,3.7,0,0,26.6,850.5,26.9,27.1,51.3,951,7416,0,0.4,94,0.9,0.9,27.6,20,21.7
2026-04-08T10:23:57Z,0,0,0,4.7,0,0,26.4,850.3,26.9,27,50.6,1132,9434,0,0.3,123,1.5,1.5,27.5,19.8,21.6
2026-04-08T10:39:49Z,0,0,0,4.4,0,0,27.8,849.9,27.9,28.5,46.8,1084,8926,0,0.4,48,1.5,1.5,28.7,20.5,22.5
2026-04-08T10:54:54Z,0,0,0,0.9,0,0,26.8,849.7,26.9,27.8,47.4,415,1748,0,1.4,78,3.3,3.3,28,19.9,22
2026-04-08T11:10:01Z,0,0,0,4.2,0,0,27.6,849.5,27.9,28.5,45,1036,8469,0,0.1,131,0.4,0.4,28.6,20.1,22.4
2026-04-08T11:25:07Z,0,0,0,4.1,0,0,27.6,849.2,28.2,28.3,47,1016,8277,0,0.4,196,0.9,0.9,28.5,20.3,22.4
2026-04-08T11:40:14Z,0,0,0,3.9,0,0,26.3,849.1,26.6,27,51.1,981,7886,0,0.3,89,0.9,0.9,27.5,19.9,21.7
2026-04-08T11:55:20Z,0,0,0,3.5,0,0,26.4,849,26.9,27.2,46.9,913,7126,0,0.4,126,2.2,2.2,27.4,19.3,21.6
2026-04-08T12:10:26Z,0,0,0,3.3,0,0,27.4,848.8,27.8,28.5,44.5,882,6801,0,1.1,178,2.4,2.4,28.4,20,22.3
2026-04-08T12:25:48Z,0,0,0,2.9,0,0,26.6,848.6,27,27.6,48.7,797,5918,0,0.4,103,0.9,0.9,27.9,20,21.9
2026-04-08T12:40:55Z,0,0,0,2.6,0,0,27,848.3,27.4,28,45.8,748,5387,0,0.7,176,2,2,28.1,19.9,22.1
2026-04-08T12:56:00Z,0,0,0,2.2,0,0,27.5,848.4,28.1,28.6,44.5,677,4631,0,0.3,184,1.5,1.5,28.6,20.2,22.5
2026-04-08T13:11:06Z,0,0,0,2.1,0,0,27.7,848.4,28.2,28.9,42.3,647,4319,0,0.6,104,1.7,1.7,28.8,20,22.6
2026-04-08T13:26:12Z,0,0,0,1.8,0,0,28.3,848.4,28.8,30,40.5,591,3739,0,0.4,68,1.3,1.3,29.7,20.5,23.2
2026-04-08T13:41:19Z,0,0,0,1.5,0,0,27.4,848.4,27.8,28.9,42,540,3193,0,0.9,160,2.4,2.4,28.7,19.9,22.5
2026-04-08T13:56:25Z,0,0,0,1.3,0,0,27,848.5,27.4,28.4,40.7,495,2751,0,1.4,88,2.6,2.6,28.1,19.3,22.1
2026-04-08T14:11:31Z,0,0,0,1,0,0,26.8,848.6,27.4,28.4,44.1,440,2156,0,0.3,150,1.5,1.5,28.3,19.9,22.2
2026-04-08T14:26:54Z,0,0,0,0.4,0,0,26.1,848.6,26.6,27.5,47.5,335,976,0,0.1,129,0.4,0.4,27.7,19.7,21.8
2026-04-08T14:42:01Z,0,0,0,0.2,0,0,25.1,848.7,25.3,25.5,51.8,289,446,0,0.3,146,1.1,1.1,25.5,18.7,20.2
2026-04-08T14:57:08Z,0,0,0,0.1,0,0,24.4,848.9,24.6,24.8,54.1,283,402,0,0.3,70,0.7,0.7,24.7,18.4,19.5
2026-04-08T15:12:15Z,0,0,0,0.1,0,0,24,849.1,24.2,24.3,58.2,277,375,0,0.1,169,0.4,0.4,24.3,18.6,19.2
2026-04-08T15:27:21Z,0,0,0,0.1,0,0,23.5,849,23.6,23.8,59.1,268,298,0,0,96,0,0,23.8,18.3,18.8
2026-04-08T15:42:28Z,0,0,0,0,0,0,23,849.2,23.2,23.3,61.2,262,259,0,0,131,0,0,23.3,18.2,18.4
2026-04-08T15:57:34Z,0,0,0,0,0,0,22.8,849.5,22.9,23.1,61.5,258,254,0,0.2,101,0.7,0.7,23,18,18.2
2026-04-08T16:12:57Z,0,0,0,0,0,0,22.4,849.5,22.5,22.7,63.4,259,254,0,0.1,143,0.4,0.4,22.7,17.9,17.9
2026-04-08T16:28:04Z,0,0,0,0,0,0,22.1,849.7,22.2,22.4,65.4,260,252,0,0.1,144,0.7,0.7,22.4,17.9,17.6
2026-04-08T16:43:10Z,0,0,0,0,0,0,21.8,849.8,21.9,22.1,66.7,260,252,0,0,142,0.4,0.4,22.1,17.8,17.4
2026-04-08T16:58:16Z,0,0,0,0,0,0,21.5,850,21.6,21.8,68.5,261,254,0,0.1,144,0.4,0.4,21.8,17.8,17.1
2026-04-08T17:13:22Z,0,0,0,0,0,0,21.2,850.2,21.3,21.5,69.9,261,253,0,0.1,144,0.7,0.7,21.5,17.6,16.9
2026-04-08T17:28:28Z,0,0,0,0,0,0,21,850.2,21.1,21.3,70.7,259,253,0,0.2,107,0.7,0.7,21.3,17.6,16.7
2026-04-08T17:43:56Z,0,0,0,0,0,0,20.6,850.3,20.8,21,72.7,259,253,0,0.1,137,0.9,0.9,21,17.5,16.4
2026-04-08T17:59:02Z,0,0,0,0,0,0,20.1,850.5,20.2,20.4,76,261,253,0,0,158,0,0,20.5,17.4,16
2026-04-08T18:14:58Z,0,0,0,0,0,0,20,850.6,20.1,20.2,75.4,260,254,0,0,182,0.2,0.2,20.3,17.2,15.8
2026-04-08T18:30:03Z,0,0,0,0,0,0,20.1,850.7,20.2,20.4,74.8,260,253,0,0.1,129,0.4,0.4,20.4,17.2,15.9
2026-04-08T18:45:10Z,0,0,0,0,0,0,19.9,850.9,20,20.2,75.6,260,253,0,0,135,0,0,20.2,17.2,15.8
2026-04-08T19:00:16Z,0,0,0,0,0,0,19.5,851,19.6,19.8,76.8,260,254,0,0,135,0,0,19.8,17,15.4
2026-04-08T19:15:23Z,0,0,0,0,0,0,19.1,851.2,19.1,19.3,80.1,261,254,0,0,135,0,0,19.3,16.9,15
2026-04-08T19:30:29Z,0,0,0,0,0,0,18.6,851.1,18.6,18.9,82.2,259,253,0,0,135,0,0,18.9,16.7,14.6
2026-04-08T19:45:35Z,0,0,0,0,0,0,18.3,851.1,18.4,18.6,83.8,262,252,0,0,135,0,0,18.6,16.6,14.3
2026-04-08T20:01:01Z,0,0,0,0,0,0,17.9,851.1,18.1,18.3,85,259,253,0,0,135,0,0,18.3,16.5,14
2026-04-08T20:16:03Z,0,0,0,0,0,0,17.6,851.2,17.7,17.9,86.2,259,253,0,0,135,0,0,17.9,16.2,13.7
2026-04-08T20:31:09Z,0,0,0,0,0,0,17.5,851.6,17.8,17.9,87,259,252,0,0,135,0,0,18,16.4,13.7
2026-04-08T20:46:16Z,0,0,0,0,0,0,17.7,851.5,17.9,18.1,85.9,259,253,0,0,135,0,0,18.2,16.4,13.9
2026-04-08T21:01:22Z,0,0,0,0,0,0,17.9,851.5,18.1,18.2,86.7,260,252,0,0,135,0,0,18.3,16.7,14
2026-04-08T21:16:29Z,0,0,0,0,0,0,17.8,851.4,17.9,18.1,86.9,260,253,0,0,135,0,0,18.1,16.5,13.8
2026-04-08T21:31:36Z,0,0,0,0,0,0,17.4,851.3,17.5,17.7,88,260,253,0,0,135,0,0,17.8,16.3,13.5
2026-04-08T21:46:44Z,0,0,0,0,0,0,17.2,851.2,17.4,17.6,89.5,260,253,0,0,135,0,0,17.6,16.3,13.4
2026-04-08T22:02:05Z,0,0,0,0,0,0,17.6,851.3,17.9,18,89.3,261,254,0,0,135,0.2,0.2,18.1,16.8,13.8
2026-04-08T22:17:12Z,0,0,0,0,0,0,18.2,851,18.3,18.5,89.6,261,255,0,0,135,0,0,18.6,17.2,14.3
2026-04-08T22:32:54Z,0,0,0,0,0,0,18.2,850.6,18.3,18.6,89.1,261,253,0,0.1,135,0.4,0.4,18.7,17.3,14.4
2026-04-08T22:48:18Z,0,0,0,0,0,0,18.1,850.3,18.2,18.5,89.7,260,253,0,0,135,0,0,18.6,17.2,14.3
2026-04-08T23:03:25Z,0,0,0,0,0,0,18.1,850.4,18.3,18.5,89.9,261,254,0,0,135,0,0,18.6,17.3,14.3
2026-04-08T23:18:32Z,0,0,0,0,0,0,18.1,850.4,18.2,18.5,89.9,260,254,0,0.2,135,0.4,0.4,18.6,17.3,14.3
2026-04-08T23:33:39Z,0,0,0,0,0,0,18.1,850.3,18.3,18.5,90,261,254,0,0,138,0,0,18.6,17.3,14.3
2026-04-08T23:48:46Z,0,0,0,0,0,0,18.1,850.2,18.2,18.5,90.2,261,252,0,0.4,197,1.1,1.1,18.6,17.3,14.3
2026-04-09T00:00:51Z,0,0,0,0,0,0,18.1,850.2,18.2,18.5,90.5,260,253,0,0.5,197,1,1,18.6,17.3,14.3
2026-04-09T00:15:58Z,0,0,0,0,0,0,18.1,850.3,18.2,18.5,90,261,253,0,0,197,0.4,0.4,18.6,17.3,14.3
2026-04-09T00:31:21Z,0,0,0,0,0,0,18,850.1,18.2,18.4,90,259,252,0,0.2,179,0.9,0.9,18.6,17.2,14.2
2026-04-09T00:46:28Z,0,0,0,0,0,0,18,849.9,18.1,18.4,90,261,254,0,0,179,0,0,18.5,17.2,14.2
2026-04-09T01:01:35Z,0,0,0,0,0,0,17.8,849.9,17.9,18.2,90.1,260,254,0,0,97,0,0,18.3,17,14
2026-04-09T01:16:42Z,0,0,0,0,0,0,17.7,849.7,17.9,18.1,90.4,260,254,0,0.2,149,0.7,0.7,18.2,17,13.9
2026-04-09T01:31:48Z,0,0,0,0,0,0,17.4,849.7,17.6,17.8,91.5,261,253,0,0,149,0,0,17.9,16.7,13.6
2026-04-09T01:46:55Z,0,0,0,0,0,0,17.3,849.9,17.4,17.6,92.9,261,254,0,0,149,0,0,17.8,16.8,13.5
2026-04-09T02:02:01Z,0,0,0,0,0,0,17.3,850,17.4,17.6,93.2,261,255,0,0,149,0.2,0.2,17.8,16.8,13.5
2026-04-09T02:17:26Z,0,0,0,0,0,0,17.4,850,17.6,17.8,93.1,261,254,0,0,149,0,0,17.9,16.9,13.6
2026-04-09T02:32:33Z,0,0,0,0,0,0,17.5,850.1,17.7,17.9,92.9,260,254,0,0,149,0,0,18,17,13.7
2026-04-09T02:47:39Z,0,0,0,0,0,0,17.5,850.2,17.6,17.9,92.6,261,254,0,0,149,0,0,18,17,13.7
2026-04-09T03:02:46Z,0,0,0,0,0,0,17.6,850.1,17.8,17.9,92.4,260,255,0,0,149,0,0,18.1,17,13.8
2026-04-09T03:17:52Z,0,0,0,0,0,0,17.7,850.3,17.8,18,92.4,260,256,0,0,149,0,0,18.2,17.1,13.9
2026-04-09T03:32:59Z,0,0,0,0,0,0,17.8,850.4,17.9,18.1,92.2,265,296,0,0,149,0,0,18.3,17.2,14
2026-04-09T03:48:06Z,0,0,0,0.1,0,0,17.7,850.6,17.8,18,92.1,276,429,0,0,149,0,0,18.1,17,13.8
2026-04-09T04:03:30Z,0,0,0,0.2,0,0,17.7,850.9,17.9,18,92.6,295,618,0,0,149,0,0,18.1,17.1,13.9
2026-04-09T04:18:36Z,0,0,0,0.2,0,0,18.1,850.8,18.2,18.4,92.1,302,715,0,0.1,149,0.7,0.7,18.5,17.4,14.2
2026-04-09T04:33:43Z,0,0,0,0.4,0,0,18.3,851,18.4,18.7,90.7,330,1009,0,0.1,149,0.7,0.7,18.8,17.5,14.5
2026-04-09T04:48:49Z,0,0,0,0.4,0,0,18.5,851.2,18.6,18.8,90.4,338,1009,0,0,280,0,0,18.9,17.6,14.6
2026-04-09T05:03:56Z,0,0,0,0.5,0,0,19.4,851.3,19.6,19.3,88.4,356,1136,0,0,280,0,0,19.5,17.9,15.1
2026-04-09T05:19:02Z,0,0,0,1.9,0,0,21,851.4,21,20.5,82.3,606,4085,0,0,99,0.2,0.2,20.6,18.3,16.1
2026-04-09T05:34:08Z,0,0,0,0.6,0,0,21.3,851.5,21.2,21.6,77.3,376,1350,0,0,98,0.2,0.2,21.7,18.7,17.1
2026-04-09T05:49:32Z,0,0,0,0.9,0,0,20.6,851.7,20.9,20.7,80.7,431,1982,0,0.1,100,0.2,0.2,20.8,18.2,16.2
2026-04-09T06:04:39Z,0,0,0,2.5,0,0,21.7,851.5,22.5,21.6,76.6,716,5147,0,0.6,115,1.3,1.3,21.7,18.6,17
2026-04-09T06:19:45Z,0,0,0,3.1,0,0,23.6,851.8,24.6,23.7,68.8,839,6487,0,0.8,114,1.3,1.3,23.8,19.5,18.8
2026-04-09T06:34:51Z,0,0,0,3.2,0,0,23.7,851.8,24.3,23.9,68.1,848,6533,0,0.6,138,2.4,2.4,24,19.6,19
2026-04-09T06:49:57Z,0,0,0,1.2,0,0,22.1,851.7,22.9,22.6,69.7,486,2516,0,1.1,139,2,2,22.7,18.7,17.9
2026-04-09T07:05:03Z,0,0,0,3.8,0,0,22.3,851.6,22.6,22.8,70.2,976,7941,0,0.6,132,2,2,22.8,18.9,18
2026-04-09T07:20:10Z,0,0,0,3.8,0,0,23.9,851.5,24.4,24.3,64.9,969,7775,0,0.4,154,1.7,1.7,24.4,19.6,19.3
2026-04-09T07:35:35Z,0,0,0,1.7,0,0,23.5,851.4,23.8,24.1,64.5,575,3484,0,0.7,132,1.5,1.5,24.2,19.3,19.1
2026-04-09T07:50:43Z,0,0,0,4.2,0,0,24.8,851.1,25.4,25.4,58.3,1041,8618,0,0.9,129,1.7,1.7,25.5,19.6,20.1
2026-04-09T08:05:49Z,0,0,0,3.6,0,0,26.3,850.9,26.6,26.7,56.5,925,7207,0,0.3,70,1.3,1.3,27.5,20.5,21.7
2026-04-09T08:21:43Z,0,0,0,4.6,0,0,25,850.8,25.1,25.8,55.2,1109,9399,0,0.8,64,2,2,25.9,19.5,20.4
2026-04-09T08:36:48Z,0,0,0,4.5,0,0,26,850.7,26.1,26.9,55.4,1098,9120,0,0.7,84,2.6,2.6,27.6,20.5,21.7
2026-04-09T08:52:00Z,0,0,0,4.8,0,0,26.3,850.5,26.3,26.9,51.6,1162,9840,0,1.3,70,2.2,2.2,27.4,19.8,21.6
2026-04-09T09:07:06Z,0,0,0,4.9,0,0,26.4,850.2,26.4,26.8,53.1,1165,9902,0,0.6,79,1.6,1.6,27.4,20,21.6
2026-04-09T09:22:12Z,0,0,0,4.9,0,0,26.1,849.9,26.4,26.8,53.6,1175,9942,0,0.6,130,2,2,27.4,20.1,21.6
2026-04-09T09:37:19Z,0,0,0,3.7,0,0,25.5,849.8,25.6,26.1,51.1,952,7485,0,0.7,46,1.7,1.7,26.1,19.1,20.6
2026-04-09T09:52:41Z,0,0,0,4.7,0,0,27.2,849.6,27.5,27.8,48.8,1139,9491,0,0.5,144,1.7,1.7,28.1,20.2,22.1
2026-04-09T10:07:48Z,0,0,0,4.4,0,0,26.4,849.3,26.9,27.1,48.5,1076,8815,0,0.6,162,3.1,3.1,27.4,19.5,21.6
2026-04-09T10:22:54Z,0,0,0,1,0,0,26.7,849.3,26.8,27.4,46.4,440,1960,0,0.8,95,2,2,27.5,19.4,21.7
2026-04-09T10:38:01Z,0,0,0,4.1,0,0,27.8,849.1,28.2,28.5,47.7,1018,8169,0,0.1,114,0.7,0.7,28.8,20.6,22.6
2026-04-09T10:53:07Z,0,0,0,4.1,0,0,27.1,848.8,27.4,27.9,46.5,1013,8188,0,0.1,132,0.7,0.7,28.1,19.9,22.1
2026-04-09T11:08:13Z,0,0,0,4,0,0,27.1,848.6,27.2,27.9,46.1,996,7998,0,1.5,79,3.7,3.7,28.1,19.9,22.1
2026-04-09T11:23:49Z,0,0,0,0.9,0,0,27.6,848.5,27.9,28.6,47.3,424,1858,0,0.3,77,1.5,1.5,28.9,20.6,22.6
2026-04-09T11:38:55Z,0,0,0,3.9,0,0,26.3,848.4,26.5,27.1,50.2,981,7923,0,1.3,66,3.1,3.1,27.5,19.8,21.7
2026-04-09T11:54:02Z,0,0,0,3.7,0,0,26.2,848.3,26.7,27,49.7,950,7623,0,0.9,118,2.6,2.6,27.4,19.7,21.6
2026-04-09T12:09:08Z,0,0,0,3.6,0,0,27.8,848.2,28,28.8,46,926,7344,0,0.3,73,0.9,0.9,29,20.6,22.7
2026-04-09T12:24:13Z,0,0,0,3.2,0,0,26.4,848,26.8,27.3,49.1,854,6566,0,0.5,191,1.7,1.7,27.6,19.8,21.7
2026-04-09T12:39:20Z,0,0,0,3,0,0,27.2,848,27.9,28.3,45.6,807,6068,0,0.5,158,1.3,1.3,28.4,20.1,22.3
2026-04-09T12:54:27Z,0,0,0,2.4,0,0,27.3,847.9,27.8,28.5,45.8,712,5064,0,0.9,76,2.4,2.4,28.6,20.3,22.5
2026-04-09T13:09:49Z,0,0,0,2,0,0,26,847.8,26.4,27,45.8,636,4219,0,1,144,2,2,27.1,19,21.4
2026-04-09T13:24:55Z,0,0,0,2,0,0,26.7,847.7,27.2,27.8,45.2,633,4242,0,0.4,141,2.6,2.6,27.9,19.6,21.9
2026-04-09T13:40:02Z,0,0,0,1.5,0,0,26,847.6,26.6,26.8,48.7,529,3128,0,0.1,153,1.1,1.1,27.2,19.3,21.4
2026-04-09T13:55:08Z,0,0,0,1.3,0,0,26.2,847.9,26.9,27.4,47.6,495,2741,0,0.2,178,0.9,0.9,27.6,19.6,21.7
2026-04-09T14:10:15Z,0,0,0,0.7,0,0,26,848,26.6,27.2,48.6,389,1553,0,0,129,0.2,0.2,27.5,19.6,21.7
2026-04-09T14:25:22Z,0,0,0,0.7,0,0,25.2,848.1,25.7,26.1,50.2,384,1577,0,0.5,95,1.4,1.4,26.1,19,20.6
2026-04-09T14:40:29Z,0,0,0,0.4,0,0,25,848.2,25.2,25.3,54,338,1111,0,0,156,0.2,0.2,25.3,18.9,20
2026-04-09T14:55:53Z,0,0,0,0.2,0,0,23.7,848.6,23.9,24.2,58,287,468,0,0.4,142,1.7,1.7,24.2,18.5,19.1
2026-04-09T15:11:00Z,0,0,0,0.1,0,0,23.1,848.6,23.3,23.5,60.6,283,472,0,0.6,127,2.4,2.4,23.5,18.2,18.6
2026-04-09T15:26:06Z,0,0,0,0.1,0,0,22.9,848.8,23,23.2,61.5,268,327,0,0.1,132,0.8,0.8,23.2,18.1,18.3
2026-04-09T15:42:00Z,0,0,0,0,0,0,22.6,848.8,22.8,22.9,63.2,260,260,0,0.2,132,1.1,1.1,22.9,18.1,18.1
2026-04-09T15:57:06Z,0,0,0,0,0,0,22.2,849,22.3,22.5,64.9,260,254,0,0,134,0.2,0.2,22.5,17.9,17.7
2026-04-09T16:12:12Z,0,0,0,0,0,0,21.9,849,22,22.2,65.4,260,253,0,0.3,134,0.7,0.7,22.2,17.7,17.5
2026-04-09T16:27:19Z,0,0,0,0,0,0,21.5,849.2,21.6,21.8,66.5,259,254,0,0,134,0.2,0.2,21.8,17.5,17.1
2026-04-09T16:42:25Z,0,0,0,0,0,0,21.1,849.4,21.2,21.4,67.8,260,253,0,0.2,134,0.7,0.7,21.4,17.3,16.8
2026-04-09T16:57:31Z,0,0,0,0,0,0,20.8,849.6,20.9,21.1,69.1,261,253,0,0,134,0,0,21.1,17.2,16.5
2026-04-09T17:12:54Z,0,0,0,0,0,0,20.6,849.8,20.8,20.9,70,260,253,0,0.1,134,0.4,0.4,20.9,17.2,16.4
2026-04-09T17:28:01Z,0,0,0,0,0,0,20.3,849.9,20.4,20.6,71.4,259,254,0,0.2,134,1.1,1.1,20.6,17,16.1
2026-04-09T17:43:07Z,0,0,0,0,0,0,20,850,20.2,20.4,72.5,259,253,0,0,134,0,0,20.4,17,15.9
2026-04-09T17:58:13Z,0,0,0,0,0,0,19.8,850.1,19.9,20.1,73.8,261,253,0,0,134,0,0,20.1,16.9,15.7
2026-04-09T18:13:19Z,0,0,0,0,0,0,19.4,850.1,19.6,19.7,74.5,259,254,0,0.1,134,0.4,0.4,19.7,16.6,15.3
2026-04-09T18:28:26Z,0,0,0,0,0,0,19.3,850.2,19.5,19.6,77.3,261,253,0,0,134,0,0,19.6,16.8,15.2
2026-04-09T18:43:32Z,0,0,0,0,0,0,19,850.4,19.1,19.3,76.3,261,253,0,0,134,0,0,19.3,16.4,14.9
2026-04-09T18:58:57Z,0,0,0,0,0,0,19,850.6,19.2,19.3,77.9,260,254,0,0,134,0,0,19.4,16.6,15
2026-04-09T19:14:04Z,0,0,0,0,0,0,18.6,850.7,18.7,18.9,79.1,261,254,0,0,134,0,0,18.9,16.3,14.5
2026-04-09T19:29:05Z,0,0,0,0,0,0,18.1,850.8,18.2,18.4,81.9,260,253,0,0,134,0,0,18.4,16.2,14.1
2026-04-09T19:44:11Z,0,0,0,0,0,0,17.8,850.8,17.9,18,83.5,260,254,0,0,134,0,0,18.1,16.1,13.8
2026-04-09T19:59:17Z,0,0,0,0,0,0,17.5,850.9,17.6,17.8,84.8,260,254,0,0,134,0,0,17.8,16,13.6
2026-04-09T20:14:24Z,0,0,0,0,0,0,17.4,851,17.6,17.7,87.2,259,254,0,0,134,0,0,17.8,16.2,13.5
2026-04-09T20:29:30Z,0,0,0,0,0,0,17.2,850.9,17.2,17.5,87.5,260,253,0,0,134,0,0,17.6,16,13.3
2026-04-09T20:45:09Z,0,0,0,0,0,0,17,850.8,17.1,17.4,88.5,260,253,0,0,134,0,0,17.4,16,13.2
2026-04-09T21:00:15Z,0,0,0,0,0,0,17.2,850.8,17.3,17.6,89.1,260,254,0,0,134,0,0,17.7,16.3,13.4
2026-04-09T21:15:22Z,0,0,0,0,0,0,17.4,850.7,17.6,17.9,87.1,260,252,0,0,134,0.2,0.2,17.9,16.3,13.6
2026-04-09T21:30:46Z,0,0,0,0,0,0,17.7,850.7,17.9,18.1,87.6,258,253,0,0,134,0,0,18.1,16.6,13.8
2026-04-09T21:46:09Z,0,0,0,0,0,0,18.1,850.5,18.3,18.5,86.9,262,252,0,0,134,0.2,0.2,18.5,16.9,14.2
2026-04-09T22:01:24Z,0,0,0,0,0,0,18.5,850.4,18.6,18.8,86.1,261,254,0,0,134,0,0,18.9,17.1,14.5
2026-04-09T22:16:30Z,0,0,0,0,0,0,18,850.2,18.1,18.3,86.6,260,254,0,0,134,0,0,18.4,16.7,14.1
2026-04-09T22:31:36Z,0,0,0,0,0,0,17.5,850.3,17.6,17.8,88.8,260,252,0,0,134,0,0,17.8,16.4,13.6
2026-04-09T22:46:43Z,0,0,0,0,0,0,17.2,850.3,17.1,17.4,90.1,260,255,0,0,134,0,0,17.5,16.3,13.3
2026-04-09T23:01:49Z,0,0,0,0,0,0,16.9,850.2,17.1,17.3,91.3,261,254,0,0,134,0,0,17.3,16.2,13.1
2026-04-09T23:17:16Z,0,0,0,0,0,0,16.9,849.9,16.9,17.2,91.9,259,253,0,0,134,0,0,17.3,16.3,13.1
2026-04-09T23:33:14Z,0,0,0,0,0,0,16.9,849.7,17,17.2,92.7,259,252,0,0,134,0,0,17.3,16.4,13.1
2026-04-09T23:48:21Z,0,0,0,0,0,0,16.8,849.6,17,17.2,93,260,253,0,0,134,0,0,17.3,16.4,13.1
2026-04-10T00:00:25Z,0,0,0,0,0,0,16.9,849.5,17,17.2,92.8,260,253,0,0,134,0,0,17.3,16.4,13.1
2026-04-10T00:15:32Z,0,0,0,0,0,0,16.8,849.4,17,17.2,93.1,259,254,0,0,134,0,0,17.3,16.4,13.1
2026-04-10T00:30:39Z,0,0,0,0,0,0,16.8,849.3,16.9,17.2,93.4,261,253,0,0,134,0,0,17.3,16.4,13
2026-04-10T00:45:46Z,0,0,0,0,0,0,17.2,849.5,17.3,17.5,94.2,261,254,0,0.5,133,1.5,1.5,17.6,16.8,13.4
2026-04-10T01:00:53Z,0,0,0,0,0,0,17.4,849.5,17.5,17.7,93.8,259,253,0,0.1,134,0.4,0.4,17.8,16.9,13.5
2026-04-10T01:16:21Z,0,0,0,0,0,0,17.5,849.5,17.6,17.8,93.4,259,254,0,0.1,134,0.7,0.7,17.9,17,13.6
2026-04-10T01:31:28Z,0,0,0,0,0,0,17.5,849.5,17.6,17.8,93.3,260,253,0,0.3,134,1.1,1.1,17.9,17,13.7
2026-04-10T01:46:35Z,0,0,0,0,0,0,17.6,849.7,17.7,17.9,93.2,260,254,0,0,134,0,0,18.1,17.1,13.8
2026-04-10T02:01:42Z,0,0,0,0,0,0,17.5,849.8,17.7,17.9,92.9,260,254,0,0.3,134,0.7,0.7,18,17,13.7
2026-04-10T02:16:48Z,0,0,0,0,0,0,17.5,849.9,17.6,17.9,92.8,261,254,0,0.2,134,0.4,0.4,18,17,13.7
2026-04-10T02:31:55Z,0,0,0,0,0,0,17.3,850,17.4,17.7,92.7,261,253,0,0.1,134,0.9,0.9,17.8,16.8,13.6
2026-04-10T02:47:19Z,0,0,0,0,0,0,17.2,850.1,17.3,17.5,92.7,261,253,0,0,134,0,0,17.7,16.7,13.4
2026-04-10T03:02:26Z,0,0,0,0,0,0,17,850.3,17,17.3,92.9,259,253,0,0,134,0,0,17.4,16.5,13.2
2026-04-10T03:17:32Z,0,0,0,0,0,0,16.7,850.6,16.8,17.1,93.4,261,259,0,0,134,0,0,17.2,16.3,12.9
2026-04-10T03:32:39Z,0,0,0,0,0,0,16.6,850.8,16.6,16.9,94.1,264,287,0,0,134,0,0,17,16.2,12.8
2026-04-10T03:47:45Z,0,0,0,0.1,0,0,16.5,851,16.6,16.8,94.4,279,460,0,0,134,0,0,16.9,16.1,12.6
2026-04-10T04:02:52Z,0,0,0,0.2,0,0,16.6,851.5,16.8,17,94.8,294,673,0,0,133,0,0,17.1,16.4,12.9
2026-04-10T04:18:17Z,0,0,0,0.4,0,0,17.2,851.6,17.2,17.4,94.7,329,998,0,0.1,133,0.4,0.4,17.6,16.8,13.3
2026-04-10T04:33:23Z,0,0,0,0.5,0,0,18,851.7,18.1,18.2,90.3,342,1073,0,0.4,237,1.1,1.1,18.3,17,14
2026-04-10T04:48:30Z,0,0,0,0.9,0,0,18.8,851.8,18.9,18.9,86.5,432,2203,0,0,235,0,0,19,17.3,14.7
2026-04-10T05:03:36Z,0,0,0,0.7,0,0,19.8,852.1,20.2,20,83.3,380,1544,0,0,235,0,0,20.1,17.9,15.6
2026-04-10T05:18:43Z,0,0,0,1,0,0,19.3,852.1,19.6,19.8,82.5,441,2213,0,0.4,234,1.3,1.3,19.8,17.6,15.4
2026-04-10T05:33:50Z,0,0,0,0.8,0,0,19.5,852.2,19.9,20,80.9,397,1707,0,0,233,0,0,20.1,17.7,15.7
2026-04-10T05:48:56Z,0,0,0,1,0,0,19.8,852.2,20,20.2,80.8,448,2232,0,0.1,234,0.7,0.7,20.3,17.8,15.8
2026-04-10T06:04:21Z,0,0,0,1,0,0,19.7,852.3,20.2,20.2,79.9,441,2189,0,0.2,234,0.7,0.7,20.3,17.7,15.8
2026-04-10T06:19:28Z,0,0,0,2.5,0,0,20.8,852.4,21.2,21.1,75.4,733,5376,0,0.7,234,1.4,1.4,21.2,18,16.6
2026-04-10T06:34:34Z,0,0,0,2.8,0,0,22.5,852.4,22.9,22.7,69.9,781,5820,0,0.8,159,2,2,22.8,18.8,18
2026-04-10T06:49:40Z,0,0,0,2.2,0,0,23.4,852.4,23.8,23.8,68.3,659,4391,0,0,159,0.2,0.2,24,19.6,18.9
2026-04-10T07:04:47Z,0,0,0,3.5,0,0,22.7,852.5,22.9,23.2,67.3,904,7122,0,1.1,141,3.1,3.1,23.3,18.9,18.4
2026-04-10T07:19:54Z,0,0,0,4.1,0,0,23.7,852.5,24.2,24,67.4,1012,8337,0,0.1,141,0.4,0.4,24.1,19.6,19
2026-04-10T07:35:00Z,0,0,0,3.9,0,0,25.1,852.4,25.4,25.4,62.3,992,8030,0,0.4,73,0.9,0.9,25.5,20.2,20.2
2026-04-10T07:50:25Z,0,0,0,2.9,0,0,25.7,852.2,25.6,26.1,61.5,792,5694,0,0.1,82,0.6,0.6,26.3,20.7,20.7
2026-04-10T08:05:31Z,0,0,0,3,0,0,24.4,852,24.2,25,60.6,821,6068,0,0.7,59,1.7,1.7,25,19.6,19.8
2026-04-10T08:20:33Z,0,0,0,2,0,0,24.7,851.7,24.7,25.3,59,633,3980,0,0.8,80,2.4,2.4,25.4,19.6,20
2026-04-10T08:35:39Z,0,0,0,1.1,0,0,24.3,851.5,25,25,58,456,2167,0,0.2,121,0.7,0.7,25,19.2,19.8
2026-04-10T08:50:46Z,0,0,0,4.8,0,0,23.8,851.3,24.2,24.6,60,1146,9733,0,0.4,105,1.1,1.1,24.6,19.1,19.5
2026-04-10T09:05:52Z,0,0,0,1.5,0,0,26,850.9,26.2,26.6,53.7,535,3076,0,1.2,66,2.4,2.4,26.6,19.9,21
2026-04-10T09:20:59Z,0,0,0,4.7,0,0,25.8,850.6,26,26.5,49,1131,9483,0,1.7,67,3.7,3.7,26.5,19.1,20.9
2026-04-10T09:36:05Z,0,0,0,1.2,0,0,25.1,850.5,25.2,25.7,52,481,2520,0,0.6,74,1.3,1.3,25.7,18.9,20.3
2026-04-10T09:51:29Z,0,0,0,4,0,0,25.3,850.1,25.8,26,49.4,1006,8053,0,0.9,108,3.3,3.3,26,18.8,20.5
2026-04-10T10:06:35Z,0,0,0,1.2,0,0,25.1,850,25.6,25.9,50,483,2546,0,0.8,113,2.2,2.2,25.8,18.7,20.4
2026-04-10T10:21:42Z,0,0,0,4.5,0,0,25.7,849.8,25.7,26.5,47.6,1099,9145,0,1.5,81,3.1,3.1,26.5,18.9,20.9
2026-04-10T10:36:48Z,0,0,0,4.3,0,0,26.1,849.4,26.2,26.7,49.2,1053,8626,0,0.4,106,1,1,27.1,19.3,21.4
2026-04-10T10:51:55Z,0,0,0,1.6,0,0,26.3,849.2,27,27,46,557,3129,0,0.5,115,1.1,1.1,27.1,19,21.4
2026-04-10T11:07:01Z,0,0,0,4.1,0,0,26.2,849,26.8,27,47.6,1021,8388,0,0.6,115,1.5,1.5,27.3,19.3,21.5
2026-04-10T11:22:08Z,0,0,0,1,0,0,27.7,848.7,27.9,28.6,44.1,438,2026,0,0.7,56,1.7,1.7,28.6,20.1,22.5
2026-04-10T11:37:32Z,0,0,0,3.7,0,0,27.5,848.6,27.9,28.5,43.7,938,7487,0,0.4,112,1.7,1.7,28.5,19.9,22.4
2026-04-10T11:52:38Z,0,0,0,1.7,0,0,27.6,848.4,28,28.5,44.8,575,3440,0,0.7,92,2,2,28.5,20.1,22.4
2026-04-10T12:07:45Z,0,0,0,3,0,0,26.9,848.4,27.4,27.9,46.4,819,6200,0,0.5,113,1.1,1.1,28,19.8,22
2026-04-10T12:23:39Z,0,0,0,1.3,0,0,27.3,848.2,27.8,28.2,46.4,507,2725,0,0.9,108,3.9,3.9,28.4,20.1,22.3
2026-04-10T12:38:45Z,0,0,0,2.7,0,0,26.9,848.2,27.6,28,46.7,753,5510,0,0.7,75,1.7,1.7,28.1,20,22.1
2026-04-10T12:53:51Z,0,0,0,2.1,0,0,27.1,848.1,27.6,28.1,43.3,655,4414,0,0.1,171,0.9,0.9,28,19.5,22
2026-04-10T13:08:58Z,0,0,0,1.9,0,0,27.2,848.2,27.8,28.4,42.8,613,3979,0,0.4,141,1.1,1.1,28.2,19.6,22.2
2026-04-10T13:24:04Z,0,0,0,1.7,0,0,26.1,848.2,26.6,27.1,44,566,3526,0,1.5,150,3.3,3.3,27.1,18.8,21.4
2026-04-10T13:39:10Z,0,0,0,0.6,0,0,25.6,848.2,25.8,26.6,46,360,1228,0,0.5,78,2.3,2.3,26.5,18.7,20.9
2026-04-10T13:54:17Z,0,0,0,1,0,0,25.6,848.2,26.1,26.5,46.7,443,2177,0,0.5,147,2.4,2.4,26.5,18.8,20.9
2026-04-10T14:09:38Z,0,0,0,1,0,0,25.6,848.4,26.1,26.6,46.6,451,2296,0,0.6,197,1.1,1.1,26.5,18.8,20.9
2026-04-10T14:24:44Z,0,0,0,0.4,0,0,25.4,848.4,25.9,26.5,46.8,338,1012,0,0.7,107,2.4,2.4,26.5,18.8,20.9
2026-04-10T14:39:51Z,0,0,0,0.3,0,0,24.4,848.6,24.6,24.9,51.1,309,720,0,0,102,0.2,0.2,24.8,18,19.6
2026-04-10T14:54:57Z,0,0,0,0.2,0,0,23.8,848.8,24.1,24.2,52.4,296,603,0,0.2,139,0.9,0.9,24.2,17.7,19.1
2026-04-10T15:10:04Z,0,0,0,0.1,0,0,23.4,848.8,23.6,23.8,53.8,283,456,0,0.2,110,0.7,0.7,23.7,17.5,18.7
2026-04-10T15:25:09Z,0,0,0,0.1,0,0,22.9,849,23.1,23.3,55.3,268,323,0,0.3,134,1.3,1.3,23.2,17.3,18.3
2026-04-10T15:40:16Z,0,0,0,0,0,0,22.4,849,22.6,22.8,57.5,260,260,0,0,104,0.4,0.4,22.7,17.1,17.9
2026-04-10T15:55:42Z,0,0,0,0,0,0,22.1,849.1,22.2,22.4,58,261,253,0,0.5,125,3.1,3.1,22.3,16.9,17.5
2026-04-10T16:10:48Z,0,0,0,0,0,0,21.7,849.4,21.9,22,59.7,259,253,0,0,131,0.2,0.2,21.9,16.8,17.2
2026-04-10T16:25:54Z,0,0,0,0,0,0,21.3,849.5,21.4,21.7,62.1,260,253,0,0,130,0.2,0.2,21.6,16.8,17
2026-04-10T16:41:01Z,0,0,0,0,0,0,20.9,849.6,21.1,21.2,63.6,261,253,0,0,130,0,0,21.2,16.6,16.6
2026-04-10T16:56:07Z,0,0,0,0,0,0,20.8,849.7,21,21.1,64.3,261,253,0,0.2,130,0.9,0.9,21.1,16.6,16.5
2026-04-10T17:11:14Z,0,0,0,0,0,0,20.6,849.9,20.8,20.9,65.6,260,253,0,0,130,0,0,20.9,16.6,16.3
2026-04-10T17:26:20Z,0,0,0,0,0,0,20.4,849.9,20.6,20.7,65.4,261,253,0,0.2,130,0.7,0.7,20.6,16.3,16.1
2026-04-10T17:41:45Z,0,0,0,0,0,0,20.2,850.1,20.3,20.5,66.2,259,254,0,0,131,0,0,20.4,16.3,15.9
2026-04-10T17:56:52Z,0,0,0,0,0,0,19.8,850.2,19.9,20.1,67.6,260,253,0,0.1,131,0.7,0.7,20.1,16.1,15.6
2026-04-10T18:11:59Z,0,0,0,0,0,0,19.6,850.4,19.8,19.9,68.4,259,254,0,0,131,0.2,0.2,19.8,16,15.4
2026-04-10T18:27:05Z,0,0,0,0,0,0,19.3,850.6,19.4,19.6,71.1,260,254,0,0,131,0,0,19.5,16,15.1
2026-04-10T18:42:12Z,0,0,0,0,0,0,18.8,850.7,18.9,19.1,73.9,260,254,0,0,131,0,0,19,15.9,14.7
2026-04-10T18:57:18Z,0,0,0,0,0,0,18.3,850.9,18.3,18.5,77.2,259,253,0,0,131,0,0,18.5,15.8,14.2
2026-04-10T19:12:25Z,0,0,0,0,0,0,17.9,850.8,18,18.2,78.7,261,254,0,0,131,0,0,18.2,15.6,13.9
2026-04-10T19:27:49Z,0,0,0,0,0,0,17.5,850.8,17.6,17.8,80.2,259,252,0,0,131,0,0,17.8,15.5,13.5
2026-04-10T19:42:56Z,0,0,0,0,0,0,17.2,850.9,17.2,17.5,82.5,261,253,0,0,131,0,0,17.5,15.5,13.3
2026-04-10T19:58:02Z,0,0,0,0,0,0,17,850.9,17.1,17.3,84.7,259,254,0,0,131,0,0,17.3,15.5,13.1
2026-04-10T20:13:21Z,0,0,0,0,0,0,16.8,851,16.9,17.2,86.4,260,252,0,0,131,0,0,17.2,15.6,12.9
2026-04-10T20:28:44Z,0,0,0,0,0,0,16.6,851,16.7,17,86.6,261,253,0,0,131,0,0,17,15.4,12.8
2026-04-10T20:43:51Z,0,0,0,0,0,0,16.4,851,16.5,16.8,87.3,260,253,0,0,131,0,0,16.8,15.3,12.6
2026-04-10T20:58:58Z,0,0,0,0,0,0,16.3,850.7,16.4,16.7,88.1,258,253,0,0,131,0,0,16.7,15.3,12.5
2026-04-10T21:14:04Z,0,0,0,0,0,0,16.3,850.8,16.6,16.8,87.4,260,254,0,0.4,130,0.9,0.9,16.8,15.3,12.6
2026-04-10T21:29:11Z,0,0,0,0,0,0,16.5,850.7,16.8,17,86.1,260,253,0,0,131,0.2,0.2,17,15.3,12.7
2026-04-10T21:44:18Z,0,0,0,0,0,0,16.8,850.5,17.1,17.3,84.7,259,252,0,0,131,0,0,17.3,15.5,13
2026-04-10T21:59:24Z,0,0,0,0,0,0,16.6,850.8,16.7,17,86.2,260,254,0,0,131,0,0,17,15.4,12.8
2026-04-10T22:14:53Z,0,0,0,0,0,0,16.5,850.6,16.7,16.9,86.9,262,254,0,0,131,0,0,16.9,15.4,12.7
2026-04-10T22:29:59Z,0,0,0,0,0,0,16.8,850.4,17,17.3,86.8,259,254,0,0,131,0,0,17.3,15.7,13.1
2026-04-10T22:45:06Z,0,0,0,0,0,0,17.1,850.5,17.2,17.5,85.9,260,252,0,0,131,0,0,17.5,15.8,13.3
2026-04-10T23:00:13Z,0,0,0,0,0,0,17.2,850.4,17.4,17.6,85.4,260,253,0,0,131,0,0,17.7,15.9,13.4
2026-04-10T23:15:20Z,0,0,0,0,0,0,17.1,850.3,17.2,17.5,86.1,260,253,0,0,131,0,0,17.5,15.8,13.2
2026-04-10T23:30:27Z,0,0,0,0,0,0,16.9,850.1,17.1,17.3,86.9,261,254,0,0,131,0,0,17.3,15.7,13.1
2026-04-10T23:45:51Z,0,0,0,0,0,0,16.8,850,16.9,17.1,88,260,253,0,0,131,0,0,17.2,15.7,12.9
2026-04-11T00:00:58Z,0,0,0,0,0,0,16.8,850,16.9,17.2,88.3,260,253,0,0,131,0,0,17.2,15.8,13
2026-04-11T00:16:05Z,0,0,0,0,0,0,16.9,849.9,17.1,17.3,88.7,260,254,0,0,131,0,0,17.4,16,13.1
2026-04-11T00:31:13Z,0,0,0,0,0,0,17,849.8,17.2,17.4,88.4,261,254,0,0,131,0,0,17.5,16,13.2
2026-04-11T00:46:20Z,0,0,0,0,0,0,17.2,850,17.3,17.6,88,260,252,0,0.1,130,0.7,0.7,17.7,16.2,13.4
2026-04-11T01:01:27Z,0,0,0,0,0,0,17.3,850,17.5,17.7,87.1,261,253,0,0,131,0,0,17.8,16.2,13.5
2026-04-11T01:16:53Z,0,0,0,0,0,0,17.4,849.9,17.6,17.8,86.9,261,254,0,0,131,0,0,17.8,16.2,13.6
2026-04-11T01:32:00Z,0,0,0,0,0,0,17.4,850,17.6,17.8,87.2,261,254,0,0,131,0,0,17.8,16.3,13.6
2026-04-11T01:47:06Z,0,0,0,0,0,0,17.5,850.1,17.6,17.8,88.1,259,253,0,0,131,0,0,17.9,16.4,13.6
2026-04-11T02:02:13Z,0,0,0,0,0,0,17.6,850.2,17.8,18,88.5,262,255,0,0,131,0,0,18.1,16.6,13.8
2026-04-11T02:17:19Z,0,0,0,0,0,0,17.9,850.4,18,18.2,89.8,260,254,0,0.1,131,0.8,0.8,18.3,17,14
2026-04-11T02:32:26Z,0,0,0,0,0,0,18,850.5,18.1,18.4,90.8,260,253,0,0,131,0.2,0.2,18.5,17.3,14.2
2026-04-11T02:47:32Z,0,0,0,0,0,0,17.7,850.5,17.9,18.1,91.2,261,253,0,0,131,0,0,18.2,17,13.9
2026-04-11T03:02:57Z,0,0,0,0,0,0,17.5,850.7,17.6,17.8,92.5,261,254,0,0,131,0,0,17.9,16.9,13.7
2026-04-11T03:18:03Z,0,0,0,0,0,0,17.3,850.9,17.4,17.6,92.8,259,256,0,0,131,0,0,17.7,16.8,13.5
2026-04-11T03:33:09Z,0,0,0,0,0,0,17.1,851.1,17.2,17.4,93.1,264,282,0,0,131,0,0,17.6,16.6,13.3
2026-04-11T03:48:16Z,0,0,0,0.1,0,0,17,851.2,17.1,17.3,92.8,277,419,0,0,131,0,0,17.4,16.4,13.2
2026-04-11T04:03:22Z,0,0,0,0.2,0,0,17,851.4,17,17.3,93,293,596,0,0,131,0,0,17.4,16.4,13.1
2026-04-11T04:18:29Z,0,0,0,0.3,0,0,17.1,851.4,17.1,17.3,91.9,309,743,0,0,131,0.2,0.2,17.4,16.4,13.2
2026-04-11T04:33:35Z,0,0,0,0.4,0,0,17.4,851.6,17.5,17.6,91.5,334,991,0,0,131,0.2,0.2,17.7,16.6,13.4
2026-04-11T04:49:00Z,0,0,0,0.4,0,0,18,851.7,18.1,18.1,89.9,339,1080,0,0,131,0,0,18.2,16.9,13.9
2026-04-11T05:04:07Z,0,0,0,0.6,0,0,18.6,851.8,18.6,18.8,88.4,361,1324,0,0,131,0,0,18.9,17.4,14.6
2026-04-11T05:19:13Z,0,0,0,0.7,0,0,19.2,852,19.2,19.5,85.9,392,1673,0,0,131,0.2,0.2,19.7,17.8,15.3
2026-04-11T05:34:19Z,0,0,0,0.7,0,0,19.3,852.1,19.4,19.9,83.7,389,1644,0,0.4,130,0.9,0.9,20,17.9,15.6
2026-04-11T05:49:26Z,0,0,0,1.1,0,0,20.5,852.1,20.6,20.8,80.4,464,2412,0,0.6,130,1.1,1.1,20.9,18.3,16.4
2026-04-11T06:05:06Z,0,0,0,1.4,0,0,20.5,852.3,20.8,20.9,79.6,524,3019,0,0,131,0,0,21,18.3,16.4
2026-04-11T06:20:12Z,0,0,0,0.7,0,0,21.2,852.3,21.5,21.6,75.3,387,1482,0,0.4,130,0.9,0.9,21.7,18.5,17.1
2026-04-11T06:35:18Z,0,0,0,1.1,0,0,21.2,852.4,21.5,21.6,77,472,2388,0,0,103,0.2,0.2,21.7,18.7,17
2026-04-11T06:50:25Z,0,0,0,3.3,0,0,23.2,852.3,23.4,23.3,71.3,868,6769,0,0.2,140,1.1,1.1,23.4,19.5,18.5
2026-04-11T07:05:31Z,0,0,0,1.5,0,0,23.3,852.3,23.2,23.6,66.3,536,3073,0,0.4,4,1.1,1.1,23.6,19.1,18.7
2026-04-11T07:20:37Z,0,0,0,3.4,0,0,25.2,852.2,24.9,24.7,65.2,893,7024,0,0.3,280,1.1,1.1,24.8,20,19.6
2026-04-11T07:35:44Z,0,0,0,3.9,0,0,25.3,852,25.7,25.7,59.3,984,7977,0,0.1,94,0.4,0.4,25.7,20,20.3
2026-04-11T07:51:05Z,0,0,0,3.9,0,0,24.4,851.8,25.2,24.9,61.6,987,8074,0,0.1,159,0.7,0.7,24.9,19.6,19.7
2026-04-11T08:06:11Z,0,0,0,4.4,0,0,24.7,851.5,25.3,25,60.2,1072,8893,0,0.6,159,1.3,1.3,25.1,19.6,19.8
2026-04-11T08:21:17Z,0,0,0,2.5,0,0,24.6,851.3,25,25,59.8,729,5124,0,0,93,0.2,0.2,25.1,19.5,19.8
2026-04-11T08:36:24Z,0,0,0,3.9,0,0,24.7,851.3,24.7,25.3,58.5,985,7976,0,1.5,76,2.6,2.6,25.3,19.5,20
2026-04-11T08:51:30Z,0,0,0,4.6,0,0,25,851,25.2,25.6,57,1108,9394,0,0.5,96,1.3,1.3,25.6,19.6,20.2
2026-04-11T09:06:36Z,0,0,0,4.1,0,0,26.6,850.8,26.6,27.2,53.4,1016,8345,0,0.3,35,1.1,1.1,27.8,20.4,21.9
2026-04-11T09:21:42Z,0,0,0,4.3,0,0,25.1,850.6,26,25.7,56.2,1065,8788,0,0.6,136,1.1,1.1,25.7,19.6,20.3
2026-04-11T09:37:07Z,0,0,0,4.9,0,0,25.5,850.3,25.8,26.2,53.9,1178,10101,0,0.1,28,0.7,0.7,26.2,19.6,20.7
2026-04-11T09:52:13Z,0,0,0,4.8,0,0,27.5,850.1,27.5,28,51.1,1146,9610,0,0.4,108,2,2,28.5,20.7,22.4
2026-04-11T10:07:20Z,0,0,0,1.6,0,0,26.6,849.8,27.4,27.4,51.7,560,3110,0,0.7,181,1.7,1.7,28,20.4,22
2026-04-11T10:23:17Z,0,0,0,3.1,0,0,26.9,849.4,27.3,27.6,52.7,840,6359,0,0.3,74,0.9,0.9,28.2,20.6,22.2
2026-04-11T10:38:23Z,0,0,0,1.9,0,0,26.7,849.2,27.2,27.4,49.6,616,3796,0,0.7,183,2.8,2.8,27.8,20,21.9
2026-04-11T10:53:30Z,0,0,0,1.2,0,0,26.2,849.1,26.6,27,50.8,474,2398,0,0.5,61,2,2,27.4,19.8,21.6
2026-04-11T11:08:36Z,0,0,0,4.3,0,0,27.1,848.9,27.4,27.8,48.3,1057,8735,0,0.8,112,2.2,2.2,28,20.1,22.1
2026-04-11T11:23:43Z,0,0,0,3.9,0,0,28,848.5,28.1,28.9,45.3,989,7930,0,1,60,1.7,1.7,29,20.5,22.7
2026-04-11T11:39:06Z,0,0,0,3.4,0,0,26.8,848.2,26.9,27.7,44.6,890,6923,0,1,76,4.1,4.1,27.7,19.4,21.8
2026-04-11T11:54:12Z,0,0,0,0.8,0,0,27,848,27.2,28,46.6,396,1514,0,1.1,86,2,2,28.1,20,22.1
2026-04-11T12:09:18Z,0,0,0,3,0,0,27.1,848,27.3,28,45.4,813,6055,0,0.8,76,1.1,1.1,28,19.8,22
2026-04-11T12:24:25Z,0,0,0,2.7,0,0,27.7,847.7,28.1,28.7,42.8,769,5584,0,0.5,117,2,2,28.6,19.9,22.4
2026-04-11T12:39:31Z,0,0,0,2.8,0,0,28.4,847.5,28.6,29.7,42.2,781,5773,0,0.1,88,0.7,0.7,29.6,20.6,23.1
2026-04-11T12:54:37Z,0,0,0,2.3,0,0,27.9,847.5,28.2,29.4,40.8,680,4669,0,0.3,114,0.9,0.9,29.1,20.1,22.8
2026-04-11T13:10:15Z,0,0,0,2,0,0,27.8,847.3,28.1,29.3,43.2,633,4185,0,0.1,76,0.4,0.4,29.3,20.5,22.9
2026-04-11T13:25:21Z,0,0,0,1.6,0,0,28.5,847.3,29.4,30.1,38.8,556,3371,0,0.6,146,1.3,1.3,29.7,20.3,23.2
2026-04-11T13:40:27Z,0,0,0,1.4,0,0,28.2,847.5,28.5,29.7,38.6,515,2939,0,1.8,90,3.1,3.1,29.2,20,22.9
2026-04-11T13:55:34Z,0,0,0,1.2,0,0,27.8,847.4,28.4,29.4,39.3,482,2598,0,0.7,74,2,2,28.9,19.8,22.7
2026-04-11T14:10:40Z,0,0,0,1,0,0,27,847.4,27.3,28.6,41.3,444,2220,0,0.3,106,1.5,1.5,28.3,19.6,22.3
2026-04-11T14:25:47Z,0,0,0,0.3,0,0,26.2,847.5,26.4,26.9,44.9,308,637,0,0.2,89,0.7,0.7,27,18.8,21.3
2026-04-11T14:41:12Z,0,0,0,0.2,0,0,25.4,847.6,25.6,25.9,50.9,297,545,0,0.1,130,0.4,0.4,25.8,18.9,20.4
2026-04-11T14:56:18Z,0,0,0,0.2,0,0,24.7,847.7,24.8,25.1,55.1,290,480,0,0.8,132,3.1,3.1,25.1,18.8,19.8
2026-04-11T15:11:24Z,0,0,0,0.1,0,0,24.3,847.9,24.4,24.6,58,276,363,0,0.3,122,0.9,0.9,24.6,18.9,19.5
2026-04-11T15:26:30Z,0,0,0,0.1,0,0,23.5,848.1,23.6,23.9,59.6,266,296,0,0.2,123,0.9,0.9,23.8,18.4,18.8
2026-04-11T15:41:37Z,0,0,0,0,0,0,23,848.3,23.2,23.4,61.8,263,257,0,0.1,138,0.7,0.7,23.4,18.3,18.4
2026-04-11T15:56:44Z,0,0,0,0,0,0,22.6,848.4,22.7,22.9,64.1,261,254,0,0.3,92,1.7,1.7,22.9,18.2,18.1
2026-04-11T16:11:50Z,0,0,0,0,0,0,22.3,848.5,22.4,22.6,66.3,261,253,0,0.2,127,0.9,0.9,22.6,18.2,17.8
2026-04-11T16:27:16Z,0,0,0,0,0,0,21.9,848.8,22.1,22.2,68.3,259,254,0,0.2,127,0.9,0.9,22.3,18.1,17.5
2026-04-11T16:42:23Z,0,0,0,0,0,0,21.7,848.9,21.9,22,69.8,260,254,0,0,127,0,0,22.1,18.1,17.4
2026-04-11T16:57:29Z,0,0,0,0,0,0,21.5,849.2,21.6,21.8,71.4,261,253,0,0,127,0.2,0.2,21.8,18.1,17.2
2026-04-11T17:12:36Z,0,0,0,0,0,0,21.4,849.3,21.6,21.6,71.4,260,252,0,0.1,136,0.4,0.4,21.7,18,17
2026-04-11T17:27:42Z,0,0,0,0,0,0,21.1,849.5,21.2,21.4,72.1,260,253,0,0,136,0,0,21.5,17.9,16.9
2026-04-11T17:42:49Z,0,0,0,0,0,0,21,849.6,21.2,21.3,72.4,259,254,0,0,136,0,0,21.3,17.8,16.7
2026-04-11T17:57:56Z,0,0,0,0,0,0,20.7,849.8,20.9,21,73,259,252,0,0,136,0,0,21.1,17.6,16.5
2026-04-11T18:13:20Z,0,0,0,0,0,0,20.4,850,20.5,20.7,73.8,260,253,0,0,136,0.2,0.2,20.7,17.4,16.2
2026-04-11T18:28:27Z,0,0,0,0,0,0,20.5,850.2,20.6,20.7,73,262,254,0,0.1,134,0.6,0.6,20.7,17.3,16.2
2026-04-11T18:43:33Z,0,0,0,0,0,0,20.3,850.2,20.4,20.6,73.5,259,253,0,0,148,0,0,20.7,17.3,16.2
2026-04-11T18:58:34Z,0,0,0,0,0,0,19.9,850.3,20.1,20.3,74.6,260,254,0,0.1,148,0.7,0.7,20.3,17.1,15.8
2026-04-11T19:13:58Z,0,0,0,0,0,0,19.8,850.4,19.9,20.1,76.1,262,254,0,0,148,0,0,20.1,17.1,15.6
2026-04-11T19:29:04Z,0,0,0,0,0,0,20.1,850.4,20.2,20.4,75.6,260,253,0,0,230,0,0,20.4,17.3,15.9
2026-04-11T19:44:10Z,0,0,0,0,0,0,20.2,850.4,20.4,20.5,75.3,260,254,0,0,215,0,0,20.5,17.4,16
2026-04-11T19:59:17Z,0,0,0,0,0,0,20.3,850.2,20.4,20.6,74.8,260,253,0,0,205,0.2,0.2,20.6,17.4,16.1
2026-04-11T20:14:24Z,0,0,0,0,0,0,20,850.2,20.1,20.3,76,260,253,0,0,204,0,0,20.3,17.3,15.9
2026-04-11T20:29:30Z,0,0,0,0,0,0,19.6,850.2,19.8,19.9,77.6,260,253,0,0.1,205,0.2,0.2,19.9,17.1,15.5
2026-04-11T20:44:37Z,0,0,0,0,0,0,19.3,850.1,19.3,19.5,80.3,260,254,0,0,204,0,0,19.6,17.1,15.2
2026-04-11T21:00:02Z,0,0,0,0,0,0,18.8,850.1,18.9,19,82.2,259,253,0,0,204,0,0,19.1,16.9,14.7
2026-04-11T21:15:09Z,0,0,0,0,0,0,18.7,850,18.8,19,81.7,259,253,0,0,204,0,0,19.1,16.8,14.7
2026-04-11T21:30:15Z,0,0,0,0,0,0,18.6,849.9,18.8,18.9,82.5,261,253,0,0.1,205,0.4,0.4,19,16.8,14.6
2026-04-11T21:45:22Z,0,0,0,0,0,0,18.7,849.8,18.8,18.9,83.1,260,253,0,0.2,205,1.1,1.1,19,16.9,14.7
2026-04-11T22:00:29Z,0,0,0,0,0,0,18.5,849.8,18.7,18.9,83.7,261,253,0,0.1,205,0.4,0.4,19,16.9,14.6
2026-04-11T22:15:36Z,0,0,0,0,0,0,18.7,849.6,18.8,19,84,260,253,0,0.3,205,0.9,0.9,19.1,17.1,14.7
2026-04-11T22:30:43Z,0,0,0,0,0,0,18.7,849.3,18.9,19,84.8,261,253,0,0,123,0,0,19.1,17.2,14.8
2026-04-11T22:46:07Z,0,0,0,0,0,0,18.5,849.2,18.7,18.9,86,261,254,0,0,123,0,0,19,17.2,14.6
2026-04-11T23:01:14Z,0,0,0,0,0,0,18.5,849,18.6,18.8,86.2,260,254,0,0,123,0.4,0.4,18.9,17.2,14.6
2026-04-11T23:16:20Z,0,0,0,0,0,0,18.3,848.9,18.4,18.6,87.5,260,253,0,0,123,0,0,18.7,17.1,14.4
2026-04-11T23:31:28Z,0,0,0,0,0,0,18.4,848.8,18.6,18.8,86.7,261,253,0,0.2,63,0.7,0.7,18.9,17.2,14.6
2026-04-11T23:46:34Z,0,0,0,0,0,0,18.2,848.8,18.3,18.5,88,261,253,0,0,355,0,0,18.6,17.1,14.3
2026-04-12T00:00:41Z,0,0,0,0,0,0,18,848.9,18.1,18.3,89.7,259,253,0,0.1,107,0.2,0.2,18.4,17.1,14.1
2026-04-12T00:15:49Z,0,0,0,0,0,0,17.8,848.9,17.8,18,90.7,261,253,0,0,107,0,0,18.1,16.9,13.8
2026-04-12T00:31:11Z,0,0,0,0,0,0,17.5,848.7,17.5,17.8,91.6,261,253,0,0,107,0,0,17.9,16.7,13.6
2026-04-12T00:46:18Z,0,0,0,0,0,0,17.3,848.7,17.3,17.5,92.5,260,253,0,0,107,0,0,17.7,16.6,13.4
2026-04-12T01:01:25Z,0,0,0,0,0,0,17.4,848.7,17.5,17.7,93.5,260,253,0,0,107,0,0,17.9,17,13.6
2026-04-12T01:16:32Z,0,0,0,0,0,0,17.5,849,17.6,17.8,93.6,259,253,0,0,107,0,0,18,17.1,13.7
2026-04-12T01:31:38Z,0,0,0,0,0,0,17.4,848.9,17.5,17.7,93.5,261,254,0,0,107,0,0,17.9,16.9,13.6
2026-04-12T01:46:45Z,0,0,0,0,0,0,17.3,848.9,17.4,17.7,93.9,261,252,0,0,65,0.4,0.4,17.8,16.9,13.5
2026-04-12T02:01:52Z,0,0,0,0,0,0,17.4,849,17.6,17.7,94,258,254,0,0.3,59,0.7,0.7,17.9,17,13.6
2026-04-12T02:17:17Z,0,0,0,0,0,0,17.4,849.1,17.5,17.8,94.1,259,254,0,0,103,0,0,17.9,17.1,13.7
2026-04-12T02:32:24Z,0,0,0,0,0,0,17.5,848.9,17.6,17.8,93.9,260,253,0,0,103,0,0,18,17.1,13.7
2026-04-12T02:47:31Z,0,0,0,0,0,0,17.5,849.1,17.6,17.8,93.9,261,254,0,0,103,0,0,18,17.1,13.7
2026-04-12T03:02:39Z,0,0,0,0,0,0,17.3,849.1,17.4,17.7,94,260,253,0,0,103,0,0,17.8,16.9,13.5
2026-04-12T03:17:45Z,0,0,0,0,0,0,17.2,849.2,17.2,17.5,94.1,262,259,0,0,103,0,0,17.6,16.8,13.4
2026-04-12T03:32:52Z,0,0,0,0,0,0,17,849.4,17.1,17.4,94.3,265,291,0,0,103,0,0,17.5,16.7,13.2
2026-04-12T03:47:59Z,0,0,0,0.1,0,0,17.2,849.5,17.2,17.5,95,277,377,0,0,103,0,0,17.6,16.9,13.4
2026-04-12T04:03:22Z,0,0,0,0.2,0,0,17.2,849.6,17.3,17.5,95.2,286,496,0,0,103,0,0,17.6,16.9,13.4
2026-04-12T04:18:29Z,0,0,0,0.2,0,0,17.5,849.9,17.6,17.8,95.4,282,491,0,0,103,0,0,18,17.3,13.7
2026-04-12T04:33:36Z,0,0,0,0.3,0,0,17.7,850,17.8,18,95.3,314,821,0,0,103,0,0,18.2,17.4,13.9
2026-04-12T04:48:43Z,0,0,0,0.4,0,0,18.2,850.1,18.4,18.5,94.7,334,1008,0,0,103,0,0,18.7,17.9,14.4
2026-04-12T05:03:50Z,0,0,0,0.6,0,0,18.6,850.5,18.8,18.9,90.8,366,1381,0,0.2,139,0.7,0.7,19,17.8,14.7
2026-04-12T05:18:57Z,0,0,0,0.6,0,0,19.4,850.3,19.5,19.6,87.7,374,1488,0,0,139,0,0,19.8,18.1,15.4
2026-04-12T05:34:04Z,0,0,0,0.9,0,0,20,850.4,20.1,20.4,83.4,425,2001,0,0.3,139,0.7,0.7,20.6,18.4,16.1
2026-04-12T05:49:26Z,0,0,0,0.8,0,0,20.1,850.5,20.5,20.6,82.7,402,1739,0,0.2,144,0.9,0.9,20.7,18.4,16.2
2026-04-12T06:04:33Z,0,0,0,0.5,0,0,20.2,850.8,20.4,20.6,81.2,351,1225,0,0.2,144,1.1,1.1,20.8,18.3,16.2
2026-04-12T06:19:40Z,0,0,0,1.4,0,0,21.7,850.9,22,21.8,78.8,520,2857,0,0,116,0,0,22,19.1,17.3
2026-04-12T06:34:47Z,0,0,0,0.9,0,0,22,850.8,22.6,22.3,73.9,429,1973,0,0.1,149,0.4,0.4,22.4,19,17.7
2026-04-12T06:49:54Z,0,0,0,0.9,0,0,21.7,850.9,22.1,22.1,74.3,432,2078,0,0,207,0.4,0.4,22.3,18.9,17.5
2026-04-12T07:05:00Z,0,0,0,1.9,0,0,23.1,850.7,23.1,23.3,68.9,609,3783,0,0.4,207,0.9,0.9,23.4,19.2,18.4
2026-04-12T07:20:07Z,0,0,0,1.2,0,0,23.5,850.7,23.3,23.9,65.8,490,2606,0,0.8,93,1.3,1.3,24,19.3,19
2026-04-12T07:35:32Z,0,0,0,1.5,0,0,23,850.5,22.9,23.4,68.1,527,2993,0,0.6,75,1.3,1.3,23.4,19.1,18.5
2026-04-12T07:50:39Z,0,0,0,4.3,0,0,23.3,850.5,23.4,23.7,69.8,1053,8648,0,0.4,76,1.3,1.3,23.8,19.7,18.8
2026-04-12T08:05:45Z,0,0,0,3.2,0,0,25.6,850.5,25.6,25.7,62.6,849,6321,0,0.2,101,0.9,0.9,25.8,20.5,20.4
2026-04-12T08:20:52Z,0,0,0,3.8,0,0,24.4,850.3,24.8,24.9,61.8,966,7735,0,1.1,185,2.2,2.2,24.9,19.6,19.7
2026-04-12T08:35:58Z,0,0,0,4.7,0,0,24.1,850.3,24.4,24.7,65.4,1135,9557,0,0.5,65,1.1,1.1,24.8,20,19.6
2026-04-12T08:51:38Z,0,0,0,1,0,0,24.6,850,25.2,25.3,61.4,441,2067,0,0.4,122,1.3,1.3,25.4,20,20
2026-04-12T09:06:45Z,0,0,0,4.9,0,0,24.6,849.8,24.9,25.2,61.4,1164,9821,0,0.9,69,2.1,2.1,25.3,19.9,20
2026-04-12T09:21:52Z,0,0,0,5,0,0,25.8,849.4,26.2,26.4,56.8,1185,10039,0,0.4,153,2,2,26.4,20.2,20.9
2026-04-12T09:36:58Z,0,0,0,4.6,0,0,26.2,849.2,26.4,26.9,55.2,1122,9330,0,1.1,66,2.2,2.2,27.6,20.5,21.8
2026-04-12T09:52:05Z,0,0,0,0.9,0,0,25.9,849,26.1,26.7,55.1,427,1888,0,0.3,153,1.5,1.5,27.4,20.3,21.6
2026-04-12T10:07:11Z,0,0,0,4.1,0,0,26.2,848.7,26.4,26.7,55.5,1028,8220,0,0.1,187,0.9,0.9,27.5,20.4,21.6
2026-04-12T10:22:17Z,0,0,0,4.4,0,0,27,848.5,27.2,27.7,53.8,1080,8827,0,0.7,105,2.2,2.2,28.5,21,22.3
2026-04-12T10:37:49Z,0,0,0,4.2,0,0,26.6,848.2,26.7,27.4,51.3,1040,8470,0,0.1,38,0.7,0.7,27.9,20.3,21.9
2026-04-12T10:52:55Z,0,0,0,4.2,0,0,26.2,847.8,26.5,27,51.1,1046,8556,0,0.8,144,2.6,2.6,27.5,19.9,21.7
2026-04-12T11:08:01Z,0,0,0,3.9,0,0,27.4,847.6,27.6,28.2,48.3,984,7825,0,0.5,77,1.7,1.7,28.6,20.5,22.4
2026-04-12T11:23:08Z,0,0,0,3.8,0,0,25.7,847.3,26.1,26.5,50.5,958,7628,0,0.7,82,1.5,1.5,26.5,19.3,20.9
2026-04-12T11:38:14Z,0,0,0,2.9,0,0,27.3,847.1,27.6,28.1,48.2,806,5871,0,0.2,136,1.1,1.1,28.4,20.4,22.3
2026-04-12T11:53:20Z,0,0,0,3.2,0,0,27,846.8,27.2,28,46.2,856,6500,0,1.4,93,2.6,2.6,28.1,19.9,22.1
2026-04-12T12:08:43Z,0,0,0,0.6,0,0,27.4,846.8,27.5,28.4,46.5,360,1171,0,1.1,46,1.7,1.7,28.6,20.3,22.4
2026-04-12T12:23:50Z,0,0,0,3.1,0,0,27.9,846.6,28,29,46.6,840,6390,0,0.4,99,1.3,1.3,29.3,20.8,22.9
2026-04-12T12:38:56Z,0,0,0,0.7,0,0,26.5,846.6,26.5,27.4,48.2,388,1494,0,1.2,75,2,2,27.6,19.7,21.8
2026-04-12T12:54:02Z,0,0,0,2.7,0,0,27.8,846.4,28.1,28.8,45.5,757,5541,0,0.4,90,1.1,1.1,28.9,20.5,22.7
2026-04-12T13:09:50Z,0,0,0,0.5,0,0,26.4,846.5,26.8,27.5,50.8,356,1148,0,0.4,146,2,2,27.9,20.2,22
2026-04-12T13:24:56Z,0,0,0,2,0,0,26.9,846.3,27.2,28,52.2,631,4197,0,0.5,72,2,2,28.7,21,22.5
2026-04-12T13:40:02Z,0,0,0,0.4,0,0,26.1,846.3,26.6,27.3,53.7,334,980,0,0.1,113,0.4,0.4,27.9,20.5,22
2026-04-12T13:55:54Z,0,0,0,0.9,0,0,25.2,846.4,25.5,26,56.5,417,1896,0,0.9,107,2,2,26,19.8,20.6
2026-04-12T14:11:00Z,0,0,0,0.8,0,0,25.1,846.4,25.7,26.1,56.1,406,1739,0,0.5,154,1.7,1.7,26.2,19.9,20.7
2026-04-12T14:26:07Z,0,0,0,0.5,0,0,24.8,846.5,25.2,25.5,58.9,351,1171,0,0.3,162,0.9,0.9,25.5,19.8,20.2
2026-04-12T14:41:13Z,0,0,0,0.3,0,0,24.5,846.7,24.7,24.9,60.2,314,739,0,0.3,166,0.7,0.7,24.9,19.4,19.7
2026-04-12T14:56:18Z,0,0,0,0.2,0,0,24,847,24.1,24.4,61.1,301,606,0,0.8,79,1.7,1.7,24.4,19.1,19.3
2026-04-12T15:11:25Z,0,0,0,0.2,0,0,23.5,847.1,23.7,23.9,61.7,284,482,0,1,104,3.9,3.9,23.9,18.7,18.9
2026-04-12T15:26:49Z,0,0,0,0.1,0,0,23.1,847.3,23.2,23.4,64.4,270,354,0,0.2,80,0.9,0.9,23.5,18.7,18.5
2026-04-12T15:41:56Z,0,0,0,0,0,0,22.6,847.5,22.8,23,64.2,260,259,0,0.1,144,0.8,0.8,23,18.2,18.1
2026-04-12T15:57:02Z,0,0,0,0,0,0,22.2,847.6,22.3,22.5,65.4,259,253,0,0,144,0,0,22.5,18,17.7
2026-04-12T16:12:08Z,0,0,0,0,0,0,21.8,847.6,21.9,22.1,67.7,260,253,0,0,144,0,0,22.1,17.9,17.4
2026-04-12T16:27:15Z,0,0,0,0,0,0,21.5,847.9,21.6,21.8,68.9,261,253,0,0,144,0,0,21.8,17.8,17.1
2026-04-12T16:42:22Z,0,0,0,0,0,0,21.4,847.9,21.6,21.6,71.2,260,253,0,0,144,0,0,21.7,18,17
2026-04-12T16:57:28Z,0,0,0,0,0,0,21.5,848.1,21.7,21.7,71.1,261,254,0,0.7,105,1.5,1.5,21.8,18,17.1
2026-04-12T17:12:54Z,0,0,0,0,0,0,21.3,848.4,21.5,21.6,73.3,261,253,0,0.7,186,1.7,1.7,21.7,18.2,17.1
2026-04-12T17:28:01Z,0,0,0,0,0,0,20.9,848.4,21,21.3,75.7,260,253,0,0.2,186,0.4,0.4,21.4,18.3,16.8
2026-04-12T17:43:07Z,0,0,0,0,0,0,20.9,848.6,21.1,21.2,75.6,260,253,0,0.3,186,0.7,0.7,21.3,18.2,16.7
2026-04-12T17:58:33Z,0,0,0,0,0,0,21.3,848.7,21.4,21.5,74.1,260,253,0,0.1,185,0.7,0.7,21.6,18.2,17
2026-04-12T18:13:57Z,0,0,0,0,0,0,21.3,848.9,21.4,21.6,74.7,261,254,0,0.6,185,1.5,1.5,21.7,18.4,17
2026-04-12T18:29:04Z,0,0,0,0,0,0,21.1,848.9,21.2,21.4,75.3,260,253,0,0,184,0,0,21.5,18.3,16.9
2026-04-12T18:44:11Z,0,0,0,0,0,0,20.9,849.1,21.1,21.2,76.1,261,254,0,0.1,185,0.4,0.4,21.3,18.2,16.7
2026-04-12T18:59:17Z,0,0,0,0,0,0,20.7,849.1,20.9,21,77,260,252,0,0.3,185,0.7,0.7,21.1,18.1,16.5
2026-04-12T19:14:23Z,0,0,0,0,0,0,20.6,849.1,20.8,20.9,77.7,260,253,0,0.3,185,1,1,21,18.1,16.5
2026-04-12T19:29:30Z,0,0,0,0,0,0,20.7,849.1,20.8,20.9,78,261,253,0,0.1,98,0.4,0.4,21,18.2,16.5
2026-04-12T19:44:37Z,0,0,0,0,0,0,20.6,849,20.8,20.9,77.9,260,254,0,0.2,154,1.1,1.1,21,18.2,16.5
2026-04-12T20:00:01Z,0,0,0,0,0,0,20.5,849.1,20.6,20.8,78.4,260,254,0,0.1,154,0.5,0.5,20.9,18.1,16.3
2026-04-12T20:15:08Z,0,0,0,0,0,0,20.3,849.2,20.4,20.6,79.1,260,253,0,0,154,0.4,0.4,20.7,18,16.2
2026-04-12T20:30:15Z,0,0,0,0,0,0,20.2,849.3,20.4,20.5,79.3,260,253,0,0.1,78,0.2,0.2,20.6,17.9,16.1
2026-04-12T20:45:22Z,0,0,0,0,0,0,20.2,849.1,20.4,20.5,80,260,253,0,0.1,62,0.4,0.4,20.6,18,16.1
2026-04-12T21:00:28Z,0,0,0,0,0,0,20.2,849,20.4,20.5,80.3,259,254,0,0.1,182,0.7,0.7,20.6,18,16.1
2026-04-12T21:15:35Z,0,0,0,0,0,0,20,849.2,20.1,20.4,83.2,261,253,0,0.9,62,2,2,20.6,18.3,16.1
2026-04-12T21:31:14Z,0.6,0,6.4,0,0,0,17.4,849.3,17.4,18,90.1,260,253,0,0.4,47,0.7,0.7,18.1,16.8,13.8
2026-04-12T21:46:21Z,0,0,7,0,0,0,17,849.1,17,17.4,92.6,260,253,0,0,85,0,0,17.5,16.5,13.2
2026-04-12T22:01:27Z,0.2,0,9,0,0,0,17.3,848.8,17.4,17.7,94,261,253,0,0.2,114,0.7,0.7,17.9,17,13.6
2026-04-12T22:16:34Z,0.2,0,14.8,0,0,0,17.5,848.7,17.6,17.9,94.8,258,254,0,0,101,0.2,0.2,18,17.2,13.7
2026-04-12T22:31:40Z,0,0,15,0,0,0,17.6,848.5,17.8,18,95.1,262,253,0,0,103,0,0,18.1,17.4,13.8
2026-04-12T22:47:02Z,0,0,15,0,0,0,17.7,848.6,17.9,18.1,95.5,261,254,0,0.2,133,0.9,0.9,18.3,17.6,14
2026-04-12T23:02:09Z,0,0,16.2,0,0,0,17.5,848.3,17.6,17.9,95.6,261,253,0,0,145,0,0,18.1,17.4,13.8
2026-04-12T23:17:15Z,0.2,0,16.8,0,0,0,17.1,848.3,17.2,17.5,95.6,261,254,0,0,145,0,0,17.7,17,13.4
2026-04-12T23:32:22Z,0.2,0,18.4,0,0,0,17.3,848.1,17.4,17.7,95.9,260,253,0,0,145,0,0,17.8,17.2,13.6
2026-04-12T23:47:29Z,0,0,18.8,0,0,0,17.4,848,17.5,17.8,96.1,260,254,0,0,145,0.2,0.2,18,17.3,13.7
2026-04-13T00:00:34Z,0,0,18.8,0,0,0,17.6,848,17.7,18,96.3,261,253,0,0,145,0,0,18.1,17.5,13.8
2026-04-13T00:15:40Z,0,0,18.8,0,0,0,17.6,847.9,17.8,18,96.3,260,253,0,0.1,144,0.4,0.4,18.2,17.6,13.9
2026-04-13T00:30:47Z,0,0,18.8,0,0,0,17.8,848,17.9,18.2,96.5,260,253,0,0.1,145,0.7,0.7,18.4,17.8,14.1
2026-04-13T00:46:12Z,0,0,18.8,0,0,0,17.7,847.9,17.9,18.1,96.5,259,254,0,0,145,0.4,0.4,18.3,17.7,14
2026-04-13T01:01:18Z,0,0,18.8,0,0,0,17.7,848,17.8,18.1,96.5,260,253,0,0.3,144,1.1,1.1,18.3,17.6,14
2026-04-13T01:16:25Z,0,0,18.8,0,0,0,17.7,848.1,17.8,18,96.6,260,253,0,0,145,0,0,18.2,17.6,13.9
2026-04-13T01:31:31Z,0,0,18.8,0,0,0,17.7,848.2,17.8,18.1,96.7,261,253,0,0,145,0,0,18.3,17.7,14
2026-04-13T01:48:14Z,0,0,18.8,0,0,0,17.7,848.3,17.8,18,96.7,259,253,0,0,145,0,0,18.2,17.6,13.9
2026-04-13T02:03:20Z,0,0,18.8,0,0,0,17.5,848.3,17.6,17.9,96.7,260,253,0,0,145,0,0,18.1,17.5,13.8
2026-04-13T02:18:27Z,0,0,18.8,0,0,0,17.6,848.2,17.7,17.9,96.7,259,254,0,0,145,0,0,18.1,17.5,13.8
2026-04-13T02:33:33Z,0,0,18.8,0,0,0,17.4,848.3,17.5,17.8,96.7,262,253,0,0,145,0,0,17.9,17.4,13.7
2026-04-13T02:48:40Z,0,0,18.8,0,0,0,17.3,848.8,17.5,17.7,96.8,261,252,0,0,145,0,0,17.9,17.3,13.6
2026-04-13T03:03:47Z,0,0,18.8,0,0,0,17.4,848.9,17.4,17.7,96.8,260,254,0,0,145,0,0,17.9,17.3,13.6
2026-04-13T03:19:13Z,0,0,18.8,0,0,0,17.5,849.4,17.6,17.8,96.9,260,253,0,1.3,71,2.2,2.2,18,17.5,13.7
2026-04-13T03:34:20Z,0,0,23.2,0,0,0,16.1,849.6,16.2,16.5,96.4,263,313,0,0.1,33,0.4,0.4,16.6,16.1,12.4
2026-04-13T03:49:26Z,0,0,25.4,0.1,0,0,16.1,849.5,16.3,16.5,96.6,278,505,0,0.2,344,0.7,0.7,16.6,16,12.3
2026-04-13T04:04:33Z,0,0,25.6,0.3,0,0,16.4,849.8,16.4,16.7,96.7,323,1028,0,0,349,0.2,0.2,16.8,16.3,12.6
2026-04-13T04:19:39Z,0,0,25.6,0.4,0,0,16.5,849.8,16.6,16.8,96.7,339,1100,0,0.1,18,0.4,0.4,17,16.4,12.7
2026-04-13T04:34:46Z,0,0,25.6,0.4,0,0,16.8,849.8,16.9,17.2,96.8,339,1029,0,0,49,0,0,17.3,16.8,13.1
2026-04-13T04:49:53Z,0,0,25.6,0.4,0,0,17.1,850,17.1,17.4,96.8,328,969,0,0,48,0.2,0.2,17.6,17,13.3
2026-04-13T05:05:17Z,0,0,25.6,0.6,0,0,17.7,850.1,17.7,18,96.8,379,1466,0,0,348,0,0,18.1,17.6,13.9
2026-04-13T05:20:23Z,0,0,25.6,0.7,0,0,18,850.3,18.1,18.4,96.3,386,1580,0,0,337,0,0,18.6,17.9,14.3
2026-04-13T05:35:29Z,0,0,25.6,0.7,0,0,18,850.5,18,18.5,95.2,391,1628,0,0,75,0,0,18.7,17.9,14.4
2026-04-13T05:50:36Z,0,0,25.6,0.9,0,0,18.6,850.5,18.7,19.2,94.4,424,1966,0,0,91,0.2,0.2,19.4,18.5,15
2026-04-13T06:05:42Z,0,0,0,2.5,25.6,0,19.6,850.6,19.5,20.2,89.5,724,5227,0,1.1,82,2,2,20.4,18.9,15.9
2026-04-13T06:20:48Z,0,0,0,2.7,25.6,0,21.6,850.5,21.6,21.8,82.8,763,5616,0,0.3,111,1.1,1.1,22,19.6,17.3
2026-04-13T06:35:54Z,0,0,0,2.8,25.6,0,22.6,850.5,23,22.8,78.9,782,5791,0,0.4,161,0.9,0.9,23,20,18.1
2026-04-13T06:51:00Z,0,0,0,1.2,25.6,0,22,850.5,22.5,22.5,75.8,488,2634,0,0.2,168,0.7,0.7,22.7,19.4,17.9
2026-04-13T07:06:22Z,0,0,0,1.8,25.6,0,21.2,850.4,21.4,21.8,76.1,595,3690,0,0.9,124,3.1,3.1,21.9,18.7,17.2
2026-04-13T07:21:28Z,0,0,0,3,25.6,0,22.9,850.3,23.3,23.2,72.9,822,6156,0,0.3,255,1.1,1.1,23.3,19.7,18.4
2026-04-13T07:36:34Z,0,0,0,1.3,25.6,0,22.2,850.3,22.2,22.7,73.2,499,2749,0,1.2,95,3.1,3.1,22.8,19.2,18
2026-04-13T07:51:40Z,0,0,0,4.6,25.6,0,22.8,850.4,22.9,23.2,73.6,1110,9239,0,0.8,91,1.7,1.7,23.3,19.7,18.4
2026-04-13T08:06:47Z,0,0,0,1.1,25.6,0,23.1,850.3,23.3,23.5,72.4,457,2298,0,0.2,311,0.7,0.7,23.7,19.9,18.7
2026-04-13T08:21:53Z,0,0,0,1.3,25.6,0,22.2,850.2,22.6,22.9,71.9,500,2845,0,0.2,154,0.7,0.7,23,19.2,18.2
2026-04-13T08:36:59Z,0,0,0,1.1,25.6,0,23.4,850.1,23.6,23.9,70.7,462,2307,0,0.7,79,2.6,2.6,24,20,19
2026-04-13T08:52:26Z,0,0,0,5.2,25.6,0,24.3,850.1,24.4,24.9,64.4,1228,10494,0,2,86,3.5,3.5,25,20,19.8
2026-04-13T09:07:32Z,0,0,0,4.7,25.6,0,24.3,849.8,24.4,24.9,66.5,1127,9326,0,0.9,65,1.8,1.8,25,20.3,19.8
2026-04-13T09:22:38Z,0,0,0,1.1,25.6,0,24.5,849.6,24.4,24.9,65,462,2254,0,0.2,70,0.8,0.8,25,20.1,19.7
2026-04-13T09:37:44Z,0,0,0,3.6,25.6,0,25,849.1,25.1,25.5,61.8,928,7118,0,1.9,77,4.1,4.1,25.6,20.2,20.2
2026-04-13T09:52:51Z,0,0,0,1.1,25.6,0,25.1,848.8,25,25.5,60.9,469,2320,0,1,72,1.7,1.7,25.6,20.1,20.2
2026-04-13T10:07:57Z,0,0,0,0.8,25.6,0,24.5,848.7,24.6,25,63.4,400,1656,0,0.9,64,2.2,2.2,25.1,20,19.9
2026-04-13T10:23:03Z,0,0,0,4.6,25.6,0,25.4,848.3,25.2,25.7,59.8,1106,9149,0,1,343,1.5,1.5,25.8,20.1,20.4
2026-04-13T10:38:29Z,0,0,0,4.5,25.6,0,26.2,848,26.1,26.8,57.3,1095,8986,0,1.2,47,2,2,27.7,20.7,21.8
2026-04-13T10:53:35Z,0,0,0,4.5,25.6,0,25.2,847.8,25.5,26.1,58.2,1091,9026,0,0.6,167,1.7,1.7,26.2,20.2,20.7
2026-04-13T11:08:41Z,0,0,0,3.8,25.6,0,25.9,847.4,26.2,26.9,56.8,969,7670,0,0.6,101,1.9,1.9,27.7,20.7,21.8
2026-04-13T11:24:36Z,0,0,0,2.6,25.6,0,25.3,847.2,25.8,26,57.5,740,5147,0,0.7,155,1.5,1.5,26.1,20.1,20.6
2026-04-13T11:39:42Z,0,0,0,3.7,25.6,0,26.6,846.9,26.8,27.6,54.4,940,7373,0,0.5,66,1.7,1.7,28.3,20.9,22.3
2026-04-13T11:54:49Z,0,0,0,0.7,25.6,0,26.1,846.8,26.4,27.2,51.7,389,1457,0,0.9,107,2.4,2.4,27.7,20.1,21.8
2026-04-13T12:09:55Z,0,0,0,1.1,25.6,0,25.8,846.6,26.3,26.6,55.6,469,2310,0,0.6,24,2.2,2.2,27.4,20.3,21.6
2026-04-13T12:24:57Z,0,0,0,3.7,25.6,0,25.1,846.3,25.3,25.9,58,937,7506,0,0.7,133,1.3,1.3,26,20,20.5
2026-04-13T12:40:04Z,0,0,0,1.9,25.6,0,26,846.4,26.4,26.9,54.8,608,3883,0,0.7,128,2,2,27.6,20.4,21.7
2026-04-13T12:55:10Z,0,0,0,0.9,25.6,0,23.9,846.4,24.2,24.5,62.9,418,1906,0,1.2,115,3.3,3.3,24.6,19.5,19.5
2026-04-13T13:10:33Z,0,0,0,1,25.6,0,23.5,846.5,23.8,24,65.9,451,2199,0,0.2,144,0.7,0.7,24.1,19.5,19.1
2026-04-13T13:25:40Z,0,0,0,1.5,25.6,0,24.1,846.3,24.6,24.8,62.2,528,2994,0,0.1,199,0.4,0.4,24.9,19.7,19.7
2026-04-13T13:40:46Z,0,0,0,1.5,25.6,0,24.8,846.1,25.5,26,58.1,530,3081,0,0.3,162,1.1,1.1,26.1,20.1,20.6
2026-04-13T13:55:53Z,0,0,0,0.9,25.6,0,25,846.2,25.6,26.4,56.2,432,2008,0,0.3,128,1.5,1.5,26.5,20.2,20.9
2026-04-13T14:10:59Z,0,0,0,1,25.6,0,24.9,846.2,25.6,26.2,58.4,440,2178,0,0.1,130,0.6,0.6,26.3,20.4,20.8
2026-04-13T14:26:05Z,0,0,0,0.4,25.6,0,23.6,846.5,23.9,24.3,60.9,335,956,0,1,130,3.5,3.5,24.4,19,19.3
2026-04-13T14:41:11Z,0,0,0,0.2,25.6,0,23,846.9,23.2,23.4,64.9,295,504,0,0.5,85,2,2,23.5,18.8,18.5
2026-04-13T14:56:36Z,0,0,0,0.2,25.6,0,22.5,846.9,22.7,22.9,64.9,287,445,0,0,128,0.2,0.2,22.9,18.3,18.1
2026-04-13T15:11:43Z,0,0,0,0.1,25.6,0,22.2,847,22.4,22.6,69.3,279,381,0,0,124,0.2,0.2,22.6,18.6,17.8
2026-04-13T15:26:49Z,0,0,0,0.1,25.6,0,21.9,847.3,22.1,22.2,71.8,267,305,0,0,156,0,0,22.3,18.6,17.6
2026-04-13T15:41:55Z,0,0,0,0,25.6,0,21.4,847.6,21.6,21.8,75.1,261,258,0,1,115,2.4,2.4,21.9,18.6,17.2
2026-04-13T15:57:02Z,0,0,0,0,25.6,0,20.5,847.9,20.6,20.9,78.7,262,254,0,0.9,107,2.8,2.8,21,18.2,16.5
2026-04-13T16:12:08Z,0,0,0,0,25.6,0,19.8,848.2,20,20.2,80.8,261,253,0,0.4,172,1.1,1.1,20.3,17.9,15.9
2026-04-13T16:27:14Z,0,0,0,0,25.6,0,19.3,848.4,19.5,19.8,83.8,259,254,0,0.7,80,1.7,1.7,19.9,17.8,15.4
2026-04-13T16:42:58Z,0,0,0,0,25.6,0,19.2,848.5,19.4,19.6,85.2,260,252,0,0.7,65,1.5,1.5,19.7,17.8,15.3
2026-04-13T16:58:23Z,0,0,0,0,25.6,0,19.2,848.8,19.3,19.5,85,261,252,0,1.2,78,2.2,2.2,19.7,17.7,15.3
2026-04-13T17:13:29Z,0,0,0,0,25.6,0,19.2,849,19.4,19.6,83.5,260,253,0,0.2,96,0.7,0.7,19.7,17.6,15.3
2026-04-13T17:28:35Z,0,0,0,0,25.6,0,19.2,849.3,19.3,19.6,83,260,254,0,0.7,83,1.7,1.7,19.7,17.5,15.3
2026-04-13T17:43:42Z,0,0,0,0,25.6,0,19,849.6,19.2,19.4,83.6,262,254,0,0.4,74,1.3,1.3,19.5,17.4,15.1
2026-04-13T17:58:49Z,0,0,0,0,25.6,0,19,849.7,19.1,19.4,83.7,260,253,0,0.1,104,0.7,0.7,19.5,17.4,15.1
2026-04-13T18:13:55Z,0,0,0,0,25.6,0,18.9,849.7,19,19.2,85.6,260,252,0,0,40,0.2,0.2,19.3,17.5,15
2026-04-13T18:29:01Z,0,0,0,0,25.6,0,18.7,850.1,18.9,19.1,87,259,253,0,0,76,0,0,19.2,17.5,14.9
2026-04-13T18:44:26Z,0,0,0,0,25.6,0,18.6,849.9,18.7,19,87.6,259,255,0,0,76,0,0,19.1,17.5,14.8
2026-04-13T18:59:33Z,0,0,0,0,25.6,0,18.7,849.8,18.9,19,87.7,260,254,0,0.1,78,0.7,0.7,19.2,17.5,14.8
2026-04-13T19:14:39Z,0,0,0,0,25.6,0,18.6,849.6,18.8,19,88.6,259,253,0,0,68,0,0,19.1,17.6,14.7
2026-04-13T19:29:45Z,0,0,0,0,25.6,0,18.4,849.7,18.5,18.7,90.2,260,253,0,0.4,71,1.3,1.3,18.9,17.6,14.5
2026-04-13T19:44:52Z,0,0,0,0,25.6,0,18.4,849.9,18.6,18.7,91.3,260,254,0,0.4,61,1.1,1.1,18.9,17.7,14.5
2026-04-13T19:59:58Z,0,0,0,0,25.6,0,18.5,849.9,18.7,18.8,91.1,261,254,0,0.6,79,2,2,19,17.8,14.7
2026-04-13T20:15:05Z,0,0,0,0,25.6,0,18.6,850,18.8,18.9,90.8,260,254,0,0.1,97,0.4,0.4,19,17.8,14.7
2026-04-13T20:30:30Z,0,0,0,0,25.6,0,18.5,849.9,18.6,18.9,90.3,261,253,0,0.4,64,1.3,1.3,19,17.7,14.7
2026-04-13T20:45:37Z,0,0,0,0,25.6,0,18.5,849.7,18.6,18.8,90.1,260,254,0,0,70,0.4,0.4,19,17.6,14.6
2026-04-13T21:00:43Z,0,0,0,0,25.6,0,18.3,849.5,18.4,18.7,90.4,260,253,0,0,72,0,0,18.8,17.5,14.5
2026-04-13T21:15:50Z,0,0,0,0,25.6,0,18.1,849.1,18.2,18.4,91.2,260,254,0,0,72,0,0,18.6,17.4,14.3
2026-04-13T21:30:57Z,0,0,0,0,25.6,0,17.8,849.4,17.9,18.1,92,260,254,0,0,72,0,0,18.3,17.2,14
2026-04-13T21:46:45Z,0,0,0,0,25.6,0,17.8,849.1,17.9,18.1,92.7,260,254,0,0,72,0,0,18.3,17.3,14
2026-04-13T22:01:52Z,0,0,0,0,25.6,0,18,849,18.1,18.3,92.5,260,254,0,0,72,0,0,18.4,17.4,14.1
2026-04-13T22:16:59Z,0,0,0,0,25.6,0,18,848.9,18.1,18.3,91.9,260,254,0,0,35,0.4,0.4,18.5,17.3,14.2
2026-04-13T22:32:06Z,0,0,0,0,25.6,0,18,848.8,18.1,18.3,92.1,261,253,0,0.1,86,0.4,0.4,18.5,17.4,14.2
2026-04-13T22:47:12Z,0.6,0,3.6,0,25.6,0,17.7,848.9,17.8,18.2,93.5,258,253,0,0,95,0,0,18.3,17.4,14
2026-04-13T23:02:35Z,0.2,0,8.2,0,25.6,0,17.3,848.6,17.4,17.7,94.6,259,253,0,0.3,157,1.1,1.1,17.9,17.1,13.6
2026-04-13T23:17:42Z,0.2,0,10,0,25.6,0,16.8,848.4,17,17.3,94.8,259,253,0,0,124,0,0,17.4,16.7,13.2
2026-04-13T23:32:48Z,0,0,10.4,0,25.6,0,16.9,848.3,17.1,17.3,95.2,259,253,0,0,124,0.2,0.2,17.5,16.7,13.2
2026-04-13T23:47:55Z,0,0,11.2,0,25.6,0,16.9,848.2,17,17.3,95.5,260,253,0,0.1,88,0.4,0.4,17.5,16.8,13.2
2026-04-14T00:00:00Z,0,0,11.4,0,25.6,0,17,848.2,17.1,17.4,95.7,260,252,0,0,93,0.2,0.2,17.5,16.9,13.3
2026-04-14T00:15:07Z,0,0,12.2,0,25.6,0,17,848.2,17.1,17.4,95.9,260,254,0,0,93,0,0,17.5,16.9,13.3
2026-04-14T00:30:13Z,0.2,0,13,0,25.6,0,17.1,848.1,17.2,17.5,96.1,259,253,0,0,93,0,0,17.6,17,13.4
2026-04-14T00:45:37Z,0,0,14.8,0,25.6,0,17.2,848.2,17.3,17.6,96.3,260,253,0,0.1,93,0.7,0.7,17.7,17.1,13.5
2026-04-14T01:00:44Z,0,0,15.2,0,25.6,0,17.3,848.3,17.4,17.6,96.4,259,254,0,0,76,0.4,0.4,17.8,17.2,13.5
2026-04-14T01:15:50Z,0,0,15.2,0,25.6,0,17.4,848.2,17.5,17.7,96.6,261,253,0,0,108,0,0,17.9,17.3,13.6
2026-04-14T01:30:56Z,0,0,15.2,0,25.6,0,17.3,848.2,17.4,17.7,96.6,261,253,0,0.2,120,1.1,1.1,17.8,17.3,13.6
2026-04-14T01:46:03Z,0,0,15.2,0,25.6,0,17.3,848.4,17.4,17.7,96.6,261,253,0,0.1,101,0.4,0.4,17.8,17.3,13.6
2026-04-14T02:01:09Z,0,0,15.2,0,25.6,0,17.2,848.4,17.3,17.6,96.7,260,254,0,0.6,102,2,2,17.7,17.2,13.5
2026-04-14T02:16:15Z,0,0,15.2,0,25.6,0,17.2,848.5,17.3,17.6,96.7,260,255,0,0,91,0,0,17.8,17.2,13.5
2026-04-14T02:31:45Z,0,0,15.2,0,25.6,0,17.1,848.7,17.3,17.5,96.7,261,254,0,0.3,99,2,2,17.7,17.2,13.5
2026-04-14T02:46:47Z,0,0,15.2,0,25.6,0,17.1,848.8,17.2,17.5,96.7,260,254,0,0.1,131,0.4,0.4,17.6,17.1,13.4
2026-04-14T03:01:53Z,0,0,15.2,0,25.6,0,17.2,848.9,17.2,17.5,96.8,259,254,0,0,63,0,0,17.7,17.1,13.4
2026-04-14T03:16:59Z,0,0,15.2,0,25.6,0,17,849,17.1,17.4,96.8,261,256,0,0,97,0,0,17.6,17,13.3
2026-04-14T03:32:06Z,0,0,15.2,0,25.6,0,17.1,849,17.2,17.5,96.8,264,272,0,0,103,0.2,0.2,17.7,17.1,13.4
2026-04-14T03:47:13Z,0,0,15.2,0.1,25.6,0,17.2,849.3,17.3,17.5,96.8,270,386,0,0,95,0,0,17.7,17.2,13.5
2026-04-14T04:02:50Z,0.2,0,16,0.1,25.6,0,17.2,849.6,17.3,17.6,96.8,278,450,0,0.4,133,1.3,1.3,17.8,17.2,13.5
2026-04-14T04:17:56Z,0,0,16.2,0.1,25.6,0,17.1,849.8,17.2,17.5,96.8,273,405,0,0,110,0,0,17.7,17.2,13.5
2026-04-14T04:33:02Z,0,0,16.2,0.6,25.6,0,17.4,849.8,17.6,17.8,96.7,366,1376,0,0.5,143,1.3,1.3,18,17.4,13.7
2026-04-14T04:48:09Z,0,0,16.2,0.8,25.6,0,17.5,850.1,17.6,17.8,96.4,413,1980,0,0,148,0.2,0.2,18,17.4,13.7
2026-04-14T05:03:15Z,0,0,16.2,0.8,25.6,0,17.6,850.2,17.8,18,95.9,407,1813,0,0.8,122,2,2,18.2,17.5,13.9
2026-04-14T05:18:22Z,0,0,16.2,0.8,25.6,0,18.2,850.4,18.3,18.6,94.9,404,1766,0,0,94,0.2,0.2,18.8,18,14.4
2026-04-14T05:33:47Z,0,0,16.2,0.7,25.6,0,18.2,850.4,18.3,18.6,92.5,381,1518,0,0.4,143,1.3,1.3,18.8,17.7,14.5
2026-04-14T05:48:53Z,0,0,16.2,2.5,25.6,0,19.5,850.6,19.7,19.8,91.4,717,5219,0,0.4,87,0.9,0.9,20,18.7,15.5
2026-04-14T06:03:56Z,0,0,0,0.6,16.2,0,19.9,850.5,20.1,20.3,86.1,369,1404,0,0.3,90,0.8,0.8,20.5,18.6,16
2026-04-14T06:19:03Z,0,0,0,1,16.2,0,20.7,850.6,20.8,21,81.4,436,2005,0,1.6,63,2.8,2.8,21.1,18.7,16.6
2026-04-14T06:34:08Z,0,0,0,3.1,16.2,0,21.8,850.6,21.9,22,80.2,837,6383,0,0.8,112,3.3,3.3,22.2,19.5,17.5
2026-04-14T06:49:14Z,0,0,0,1.7,16.2,0,21,850.8,21.4,21.4,79.7,572,3425,0,0.2,113,0.7,0.7,21.6,18.9,16.9
2026-04-14T07:04:20Z,0,0,0,2,16.2,0,21.8,850.7,22.2,22.2,76.6,634,4087,0,0,112,0,0,22.4,19.2,17.6
2026-04-14T07:19:54Z,0,0,0,4.1,16.2,0,23,850.7,23.2,23.4,73.6,1025,8328,0,1.1,74,2.6,2.6,23.5,19.9,18.6
2026-04-14T07:35:00Z,0,0,0,1.4,16.2,0,21.5,850.7,21.8,22.2,73,526,2972,0,0.6,106,2.2,2.2,22.3,18.7,17.6
2026-04-14T07:50:07Z,0,0,0,1.5,16.2,0,23.1,850.6,23.4,23.5,70.7,540,3134,0,0.2,108,0.9,0.9,23.7,19.7,18.7
2026-04-14T08:05:13Z,0,0,0,4.5,16.2,0,22.9,850.6,23.4,23.4,72.1,1099,9111,0,0.7,105,2.2,2.2,23.5,19.7,18.6
2026-04-14T08:21:00Z,0,0,0,4.8,16.2,0,23,850.4,23.5,23.6,69.5,1146,9660,0,1.1,112,2.4,2.4,23.7,19.6,18.8
2026-04-14T08:36:06Z,0,0,0,1.8,16.2,0,22.7,850.3,23.1,23.3,69.7,596,3707,0,0.6,108,1.3,1.3,23.4,19.3,18.5
2026-04-14T08:51:12Z,0,0,0,4.5,16.2,0,23,850.1,23.5,23.6,68.8,1100,9056,0,0.8,108,2,2,23.7,19.4,18.7
2026-04-14T09:06:18Z,0,0,0,3.4,16.2,0,23.7,849.8,23.9,24.3,66.7,885,6751,0,1.7,106,3.3,3.3,24.4,19.8,19.3
2026-04-14T09:21:25Z,0,0,0,1.8,16.2,0,24.8,849.7,25,25.4,62.2,587,3604,0,0.6,111,1.7,1.7,25.5,20.2,20.2
2026-04-14T09:36:50Z,0,0,0,0.9,16.2,0,23.4,849.5,23.6,24,66.4,424,1951,0,0.3,101,1.3,1.3,24.1,19.5,19.1
2026-04-14T09:51:57Z,1.2,0,2.6,0.3,16.2,0,20.6,849.6,21.1,21.6,83.8,318,835,0,0.6,189,2,2,21.8,19.5,17.1
2026-04-14T10:07:54Z,0,0,6,2.5,16.2,0,18.9,849.4,19.2,19.5,91.6,714,5037,0,0.4,117,1.3,1.3,19.8,18.5,15.3
2026-04-14T10:23:01Z,0,0,6.2,2,16.2,0,19.5,849.2,19.7,20.2,87.7,622,4075,0,0.6,119,2,2,20.4,18.7,15.9
2026-04-14T10:38:07Z,0,0,6.2,4,16.2,0,20.2,848.7,20.6,21.2,83.3,996,8012,0,0.3,114,0.9,0.9,21.4,19.1,16.8
2026-04-14T10:53:13Z,0,0,6.2,2.7,16.2,0,22.1,848.4,22.6,22.9,75.1,763,5324,0,0.8,128,2.6,2.6,23.1,19.7,18.2
2026-04-14T11:08:19Z,0,0,6.2,1.5,16.2,0,23.2,848.2,23.8,24.1,71.8,528,2987,0,0.1,170,1.4,1.4,24.3,20.4,19.2
2026-04-14T11:24:00Z,0,0,6.2,3.9,16.2,0,24.3,847.8,24.8,25.2,70.6,980,7810,0,0.2,108,0.7,0.7,25.4,21.2,20
2026-04-14T11:39:07Z,0,0,6.2,4.3,16.2,0,24.3,847.6,24.7,25.1,65.1,1053,8644,0,1.2,120,3.1,3.1,25.3,20.4,20
2026-04-14T11:55:01Z,0,0,6.2,1.7,16.2,0,23.7,847.4,24.2,24.5,64.4,576,3443,0,0.4,211,1.5,1.5,24.6,19.7,19.5
2026-04-14T12:10:07Z,0,0,6.2,1.7,16.2,0,24.7,847.3,25.2,25.6,67.8,568,3412,0,0.1,124,0.4,0.4,25.8,21.2,20.4
2026-04-14T12:25:13Z,0,0,6.2,2.5,16.2,0,24.1,847.1,24.6,25.1,65,726,5115,0,1.3,117,2.6,2.6,25.3,20.3,20
2026-04-14T12:41:09Z,0,0,6.2,2.4,16.2,0,24.9,846.9,25.1,26,59.1,702,4896,0,0.3,64,0.9,0.9,26.2,20.3,20.7
2026-04-14T12:56:15Z,0,0,6.2,2.2,16.2,0,25.3,846.9,25.6,26.6,58.9,673,4561,0,0.3,94,1.1,1.1,27.5,20.8,21.7
2026-04-14T13:11:21Z,0,0,6.2,2.2,16.2,0,25.4,846.8,25.9,26.8,56.8,658,4462,0,1.2,100,2.4,2.4,27.6,20.6,21.8
2026-04-14T13:26:28Z,0,0,6.2,1.7,16.2,0,25.6,846.7,26.2,26.9,54.4,569,3490,0,0.5,114,1.3,1.3,27.6,20.3,21.7
2026-04-14T13:41:35Z,0,0,6.2,0.6,16.2,0,25,846.7,25.4,26.3,56.5,362,1188,0,0.3,93,1,1,26.4,20.2,20.8
2026-04-14T13:57:01Z,0,0,6.2,1.2,16.2,0,24.1,846.6,24.5,25.3,59,484,2649,0,0.8,105,2.2,2.2,25.4,19.6,20
2026-04-14T14:12:07Z,0,0,6.2,0.7,16.2,0,24.1,846.6,24.4,25.3,59.3,380,1468,0,1.8,94,3.7,3.7,25.4,19.7,20
2026-04-14T14:27:13Z,0,0,6.2,0.6,16.2,0,23.5,846.8,23.9,24.4,61.6,362,1309,0,0.5,112,1.1,1.1,24.5,19.2,19.3
2026-04-14T14:42:19Z,0,0,6.2,0.3,16.2,0,23,846.8,23.1,23.5,65.8,305,650,0,1.3,81,2.8,2.8,23.6,19,18.6
2026-04-14T14:58:10Z,0,0,6.2,0.3,16.2,0,22.9,846.9,23.1,23.3,67.9,305,756,0,0.3,88,2.2,2.2,23.3,19,18.4
2026-04-14T15:13:16Z,0,0,6.2,0.1,16.2,0,22.6,847.4,22.8,23,70.9,271,410,0,0.7,102,2.2,2.2,23.1,19.2,18.2
2026-04-14T15:28:22Z,0,0,6.2,0,16.2,0,21.7,847.5,21.9,22.2,74.7,264,290,0,0.3,108,1.5,1.5,22.3,18.9,17.6
2026-04-14T15:43:29Z,0,0,6.2,0,16.2,0,21.3,847.7,21.4,21.7,75.8,261,257,0,0.9,108,2,2,21.8,18.6,17.1
2026-04-14T15:58:53Z,0,0,6.2,0,16.2,0,20.9,847.9,21.1,21.3,76.8,259,253,0,0.5,106,1.7,1.7,21.4,18.4,16.8
2026-04-14T16:13:59Z,0,0,6.2,0,16.2,0,20.4,847.8,20.5,20.8,78.9,260,253,0,0,107,0.2,0.2,20.8,18.1,16.3
2026-04-14T16:29:03Z,0,0,6.2,0,16.2,0,19.9,848.1,20.1,20.3,78.3,261,253,0,0.7,113,1.8,1.8,20.4,17.6,15.9
2026-04-14T16:44:08Z,0,0,6.2,0,16.2,0,19.6,848.3,19.8,20,77.4,260,254,0,0,113,0.2,0.2,20,17.2,15.6
2026-04-14T16:59:15Z,0,0,6.2,0,16.2,0,19.3,848.5,19.5,19.7,77.9,260,253,0,0,113,0,0,19.7,17,15.3
2026-04-14T17:14:21Z,0,0,6.2,0,16.2,0,19.1,848.6,19.2,19.4,78.4,261,254,0,0,113,0,0,19.4,16.8,15
2026-04-14T17:29:27Z,0,0,6.2,0,16.2,0,18.8,848.8,18.9,19.2,80.5,260,253,0,0,113,0,0,19.2,16.8,14.8
2026-04-14T17:44:33Z,0,0,6.2,0,16.2,0,18.6,848.9,18.7,19,80.9,259,253,0,0,113,0,0,19,16.6,14.6
2026-04-14T17:59:58Z,0,0,6.2,0,16.2,0,18.3,849,18.5,18.7,82.6,260,253,0,0,113,0,0,18.7,16.6,14.4
2026-04-14T18:15:04Z,0,0,6.2,0,16.2,0,18.1,849.2,18.3,18.5,81.8,260,254,0,0.2,113,0.9,0.9,18.5,16.3,14.2
2026-04-14T18:30:10Z,0,0,6.2,0,16.2,0,17.9,849.2,18.1,18.2,84.4,260,254,0,0,113,0,0,18.3,16.4,14
2026-04-14T18:45:17Z,0,0,6.2,0,16.2,0,17.5,849.3,17.6,17.8,86.5,261,253,0,0,113,0,0,17.8,16.2,13.5
2026-04-14T19:00:23Z,0,0,6.2,0,16.2,0,17.2,849.5,17.2,17.5,88.3,261,253,0,0,113,0,0,17.5,16.1,13.3
2026-04-14T19:15:29Z,0,0,6.2,0,16.2,0,17,849.7,17.1,17.3,88.4,260,252,0,0.2,113,0.7,0.7,17.4,16,13.1
2026-04-14T19:30:36Z,0,0,6.2,0,16.2,0,17.2,849.8,17.4,17.6,88,259,253,0,0,113,0,0,17.7,16.2,13.4
2026-04-14T19:46:02Z,0,0,6.2,0,16.2,0,17.3,849.5,17.5,17.7,88.1,260,253,0,0,113,0,0,17.7,16.3,13.5
2026-04-14T20:01:08Z,0,0,6.2,0,16.2,0,17.3,849.5,17.4,17.7,88.5,261,255,0,0,113,0.2,0.2,17.7,16.3,13.5
2026-04-14T20:16:14Z,0,0,6.2,0,16.2,0,17.2,849.4,17.3,17.5,89.3,260,254,0,0.3,113,1.1,1.1,17.6,16.3,13.4
2026-04-14T20:32:09Z,0,0,6.2,0,16.2,0,17.1,849.3,17.2,17.4,89.4,261,253,0,0,113,0,0,17.5,16.2,13.3
2026-04-14T20:47:15Z,0,0,6.2,0,16.2,0,16.9,849.3,17,17.2,90.3,260,253,0,0,113,0,0,17.3,16.1,13.1
2026-04-14T21:02:22Z,0,0,6.2,0,16.2,0,17.1,849.5,17.2,17.4,91.3,260,254,0,0,113,0.2,0.2,17.5,16.4,13.3
2026-04-14T21:17:28Z,0,0,6.2,0,16.2,0,17.4,849.2,17.5,17.7,91.3,259,253,0,0,113,0.2,0.2,17.8,16.6,13.5
2026-04-14T21:32:34Z,0,0,6.2,0,16.2,0,17.6,849.1,17.8,17.9,91.5,259,254,0,0.3,113,1.7,1.7,18,16.9,13.8
2026-04-14T21:48:00Z,0,0,6.2,0,16.2,0,17.6,849,17.8,18,91.7,261,253,0,0.1,113,1.1,1.1,18.1,17,13.8
2026-04-14T22:03:06Z,0,0,6.2,0,16.2,0,17.6,848.8,17.8,18,91.9,260,253,0,0,113,0,0,18.1,17,13.8
2026-04-14T22:18:13Z,0,0,6.2,0,16.2,0,17.7,848.9,17.8,18,92,260,253,0,0,113,0.2,0.2,18.1,17,13.8
2026-04-14T22:33:19Z,0,0,6.2,0,16.2,0,17.7,848.6,17.8,18,91.9,261,254,0,0.1,113,0.4,0.4,18.1,17,13.9
2026-04-14T22:48:26Z,0,0,6.2,0,16.2,0,17.7,848.4,17.8,18,91.6,260,253,0,0.1,113,0.4,0.4,18.1,17,13.9
2026-04-14T23:03:32Z,0,0,6.2,0,16.2,0,17.4,848.2,17.6,17.8,91.9,260,253,0,0.4,113,1.7,1.7,17.9,16.8,13.7
2026-04-14T23:18:39Z,0,0,6.2,0,16.2,0,17.3,848,17.5,17.7,92.4,260,253,0,0.4,113,2.2,2.2,17.8,16.8,13.5
2026-04-14T23:34:04Z,0,0,6.2,0,16.2,0,17.5,847.9,17.6,17.8,92.6,261,253,0,0.5,113,0.9,0.9,17.9,16.9,13.6
2026-04-14T23:49:10Z,0,0,6.2,0,16.2,0,17.5,847.8,17.6,17.8,93,261,254,0,0.1,113,0.4,0.4,18,17,13.7
