ts,rg1,rg2,rg1tt,rg2tt,rg1tp,rg2tp,temp_bmx,press_bmx,temp_mcp,temp_sht,humidity_sht,si1145_vis,si1145_ir,si1145_uv,wind_spd,wind_dir,wind_gust,wind_gust_dir,heat_idx,wet_bulb_temp,wet_bulb_globe_temp
2026-01-14T00:01:00Z,0,0,0,0,0,0,14.1,848.6,14.2,14.4,83.3,260,254,0,0,99,0,0,14.3,12.5,10.1
2026-01-14T00:16:05Z,0,0,0,0,0,0,13.8,848.7,14.1,14.2,84.2,260,253,0,0,99,0,0,14.1,12.4,9.8
2026-01-14T00:31:11Z,0,0,0,0,0,0,13.6,848.7,13.9,14.1,84.7,259,253,0,0,99,0.2,0.2,13.9,12.4,9.7
2026-01-14T00:46:37Z,0,0,0,0,0,0,13.4,848.7,13.6,13.8,85.3,260,253,0,0,99,0,0,13.6,12.1,9.4
2026-01-14T01:01:43Z,0,0,0,0,0,0,13.1,848.9,13.4,13.6,85.5,261,255,0,0,99,0,0,13.4,11.9,9.1
2026-01-14T01:16:48Z,0,0,0,0,0,0,12.9,848.9,13.1,13.3,86,260,254,0,0,99,0,0,13.1,11.8,8.9
2026-01-14T01:31:54Z,0,0,0,0,0,0,12.5,849,12.8,13,86.3,261,254,0,0,99,0,0,12.8,11.5,8.5
2026-01-14T01:46:59Z,0,0,0,0,0,0,12.2,849.1,12.5,12.7,87.2,261,254,0,0,99,0,0,12.5,11.2,8.2
2026-01-14T02:02:57Z,0,0,0,0,0,0,12.2,849.3,12.5,12.7,87.8,261,254,0,0,99,0,0,12.5,11.3,8.2
2026-01-14T02:18:53Z,0,0,0,0,0,0,12.1,849.5,12.4,12.6,87.5,261,254,0,0,99,0.2,0.2,12.4,11.2,8.1
2026-01-14T02:33:59Z,0,0,0,0,0,0,11.8,849.6,12.1,12.4,87.4,260,254,0,0,99,0,0,12.1,11,7.8
2026-01-14T02:49:04Z,0,0,0,0,0,0,11.7,849.7,12.1,12.1,87.7,261,253,0,0,99,0,0,11.9,10.8,7.6
2026-01-14T03:04:09Z,0,0,0,0,0,0,11.6,849.9,11.9,12.1,88.2,259,254,0,0,99,0,0,11.9,10.8,7.6
2026-01-14T03:19:43Z,0,0,0,0,0,0,11.7,849.9,12,12.2,87.7,261,255,0,0,99,0,0,12,10.9,7.7
2026-01-14T03:34:49Z,0,0,0,0,0,0,11.3,850,11.6,11.9,87.2,263,282,0,0.3,99,0.4,0.4,11.7,10.5,7.3
2026-01-14T03:50:13Z,0,0,0,0.1,0,0,11.6,850.3,12,12.1,87.9,273,371,0,0,99,0,0,11.9,10.8,7.6
2026-01-14T04:05:19Z,0,0,0,0.2,0,0,11.7,850.4,12.1,12.2,87.5,284,458,0,0.1,99,0.4,0.4,12,10.8,7.7
2026-01-14T04:20:44Z,0,0,0,0.2,0,0,12.2,850.7,12.6,12.7,85.8,304,673,0,0.1,99,0.2,0.2,12.5,11.2,8.2
2026-01-14T04:35:49Z,0,0,0,0.2,0,0,13.3,850.9,13.4,13.5,83.2,301,598,0,0.2,99,0.4,0.4,13.3,11.6,9
2026-01-14T04:50:54Z,0,0,0,0.4,0,0,14.2,851.2,14.4,14.5,81.1,325,900,0,0.1,99,0.4,0.4,14.3,12.3,10.1
2026-01-14T05:06:00Z,0,0,0,0.3,0,0,16.2,851.2,16.1,15.9,76.2,321,788,0,0.4,99,0.7,0.7,15.7,13.1,11.5
2026-01-14T05:21:05Z,0,0,0,1.1,0,0,19,851.3,18.1,17.9,70.7,469,2633,0,0.2,99,0.7,0.7,17.7,14.4,13.4
2026-01-14T05:37:01Z,0,0,0,1.4,0,0,19.9,851.1,19,19.4,61.9,520,3189,0,0.6,99,0.9,0.9,19.2,14.7,14.8
2026-01-14T05:52:26Z,0,0,0,1.7,0,0,22.1,851.1,21,20.8,57,575,3751,0,0.6,32,1.1,1.1,20.6,15.3,16.1
2026-01-14T06:07:31Z,0,0,0,2,0,0,22.5,851.3,21.8,22.3,50.9,620,4230,0,0.4,46,0.7,0.7,22.1,15.8,17.4
2026-01-14T06:22:51Z,0,0,0,2.2,0,0,21.4,851.2,21,21.8,51.3,660,4700,0,1.1,93,3.1,3.1,21.6,15.4,17
2026-01-14T06:38:37Z,0,0,0,2.4,0,0,22.2,851.1,21.9,22.4,48.9,713,5261,0,1.3,78,3.5,3.5,22.2,15.6,17.5
2026-01-14T06:54:34Z,0,0,0,2.7,0,0,21.5,851.1,21.2,22,49.9,758,5731,0,1.6,83,4.3,4.3,21.8,15.4,17.1
2026-01-14T07:09:36Z,0,0,0,2.9,0,0,22.3,851.1,22,22.8,49.9,804,6226,0,0.5,95,0.9,0.9,22.6,16.1,17.8
2026-01-14T07:24:41Z,0,0,0,3.2,0,0,23.8,851,23.9,24.1,45.9,855,6737,0,0.3,108,0.9,0.9,24,16.6,18.9
2026-01-14T07:39:46Z,0,0,0,3.4,0,0,23.4,850.9,23.3,24,47.8,886,7096,0,0.3,100,1.3,1.3,23.8,16.8,18.8
2026-01-14T07:55:37Z,0,0,0,3.4,0,0,23.7,850.5,23.5,24.3,43.8,894,7195,0,0.9,75,1.5,1.5,24.1,16.4,19
2026-01-14T08:10:42Z,0,0,0,3.7,0,0,23.7,850.5,23.4,23.9,44.2,946,7704,0,0.5,26,2.2,2.2,23.7,16.2,18.8
2026-01-14T08:25:48Z,0,0,0,3.7,0,0,24.1,850.3,23.7,24.6,42,954,7809,0,1.1,95,2.8,2.8,24.5,16.4,19.3
2026-01-14T08:40:53Z,0,0,0,3.9,0,0,25.1,849.9,24.9,25.7,38.1,993,8236,0,1.3,97,4.8,4.8,25.5,16.6,20.2
2026-01-14T08:55:59Z,0,0,0,4,0,0,25.2,849.8,24.8,25.6,40,997,8262,0,1.6,64,2.8,2.8,25.4,16.8,20.1
2026-01-14T09:11:04Z,0,0,0,4,0,0,26,849.5,25.4,26.2,38.7,995,8225,0,1.3,72,4.1,4.1,26,17.1,20.6
2026-01-14T09:26:50Z,0,0,0,4.1,0,0,24.6,849.3,24.3,25.5,39.7,1014,8432,0,1.5,67,4.1,4.1,25.4,16.8,20
2026-01-14T09:41:55Z,0,0,0,4.1,0,0,24.8,849.2,24.8,25.7,39.9,1018,8475,0,2,73,4.1,4.1,25.5,16.9,20.2
2026-01-14T09:57:00Z,0,0,0,4.1,0,0,25.8,848.7,25.5,26.5,40,1022,8517,0,0.4,97,1.7,1.7,26.3,17.6,20.8
2026-01-14T10:12:05Z,0,0,0,4.1,0,0,25.7,848.5,25.6,26.7,37.8,1017,8436,0,2.1,76,3.9,3.9,26.5,17.4,20.9
2026-01-14T10:27:10Z,0,0,0,4,0,0,25.8,848.2,26.1,26.8,38.8,996,8219,0,0.7,203,2,2,26.7,17.6,21
2026-01-14T10:42:16Z,0,0,0,3.8,0,0,26.4,848,26.4,27.6,36.7,975,7977,0,0.8,96,1.7,1.7,27.2,17.9,21.4
2026-01-14T10:57:38Z,0,0,0,3.7,0,0,26.8,847.7,26.4,27.7,34.7,941,7627,0,1.1,37,3.1,3.1,27.1,17.6,21.4
2026-01-14T11:12:44Z,0,0,0,3.6,0,0,26.9,847.5,26.8,27.9,35.3,933,7534,0,1,50,2.8,2.8,27.3,17.8,21.5
2026-01-14T11:27:45Z,0,0,0,3.4,0,0,27.6,847.2,27.6,28.7,33.9,898,7151,0,1.1,40,2.4,2.4,27.9,18.2,21.9
2026-01-14T11:42:50Z,0,0,0,3.3,0,0,26.8,847,26.7,28.2,36,868,6828,0,0.6,94,2.4,2.4,27.5,18.2,21.7
2026-01-14T11:57:55Z,0,0,0,3.1,0,0,27.3,846.9,27.1,28.4,33.4,830,6430,0,1.7,67,3.3,3.3,27.6,17.9,21.7
2026-01-14T12:13:55Z,0,0,0,2.9,0,0,27.8,846.7,27.6,29.1,32.4,797,6058,0,1.1,61,2,2,28.1,18.2,22.1
2026-01-14T12:29:45Z,0,0,0,2.7,0,0,27.5,846.5,27.7,28.8,33.6,755,5609,0,0.9,91,2.8,2.8,27.9,18.2,22
2026-01-14T12:44:50Z,0,0,0,2.5,0,0,28,846.4,28.2,29.4,31.5,717,5224,0,0.7,75,2.2,2.2,28.3,18.2,22.2
2026-01-14T12:59:55Z,0,0,0,2.2,0,0,27.9,846.4,27.9,29.5,31.2,661,4599,0,1.9,93,3.3,3.3,28.4,18.2,22.3
2026-01-14T13:15:00Z,0,0,0,2,0,0,27.7,846.3,27.8,29.4,29,628,4290,0,1.3,92,3.3,3.3,28.1,17.6,22.1
2026-01-14T13:30:06Z,0,0,0,1.7,0,0,28,846.5,28.2,29.6,30.4,574,3685,0,1.2,90,2.4,2.4,28.4,18.1,22.3
2026-01-14T13:45:47Z,0,0,0,1.5,0,0,28,846.4,28.2,29.5,29.7,527,3201,0,0.7,100,1.3,1.3,28.3,17.9,22.2
2026-01-14T14:00:47Z,0,0,0,1.2,0,0,27.8,846.5,28.1,29.4,27.8,479,2684,0,0.2,99,1.2,1.2,28.1,17.5,22.1
2026-01-14T14:15:52Z,0,0,0,1,0,0,26.9,846.7,27.2,28.4,29.5,437,2216,0,0.5,81,2.8,2.8,27.4,17,21.5
2026-01-14T14:30:57Z,0,0,0,0.7,0,0,26.3,846.7,26.4,27.5,31.1,389,1692,0,0.1,94,0.4,0.4,26.8,16.7,21.2
2026-01-14T14:46:52Z,0,0,0,0.2,0,0,25.6,846.8,25.7,26,35,296,541,0,0.9,90,2.2,2.2,25.8,16.3,20.4
2026-01-14T15:01:57Z,0,0,0,0.2,0,0,24.9,847.1,25,25.2,36.9,291,485,0,0.2,132,0.7,0.7,25,16,19.8
2026-01-14T15:17:02Z,0,0,0,0.1,0,0,24.2,847.1,24.4,24.6,37,283,420,0,0.3,94,0.9,0.9,24.3,15.5,19.2
2026-01-14T15:33:49Z,0,0,0,0.1,0,0,23.7,847.4,23.9,24,37.8,270,345,0,0.3,95,1.1,1.1,23.8,15.3,18.8
2026-01-14T15:48:54Z,0,0,0,0,0,0,23.2,847.6,23.3,23.5,38.2,261,278,0,0.8,96,2.6,2.6,23.2,14.9,18.3
2026-01-14T16:04:00Z,0,0,0,0,0,0,22.7,847.7,22.8,23,37.8,260,254,0,0.6,96,1.7,1.7,22.7,14.4,17.9
2026-01-14T16:19:05Z,0,0,0,0,0,0,22.2,847.9,22.3,22.5,38.2,260,253,0,0.6,96,1.3,1.3,22.1,14.1,17.4
2026-01-14T16:34:10Z,0,0,0,0,0,0,21.8,847.9,22.1,22.1,39.1,259,253,0,0.2,96,0.7,0.7,21.8,13.9,17.1
2026-01-14T16:49:40Z,0,0,0,0,0,0,21.1,848.1,21.3,21.5,39.8,259,254,0,0.3,96,0.9,0.9,21.1,13.5,16.5
2026-01-14T17:05:04Z,0,0,0,0,0,0,20.8,848.4,21.1,21.1,40.5,260,255,0,0.4,96,0.9,0.9,20.8,13.3,16.2
2026-01-14T17:20:09Z,0,0,0,0,0,0,20.7,848.6,20.9,21,41.6,261,253,0,0.6,93,1.3,1.3,20.6,13.4,16.1
2026-01-14T17:35:15Z,0,0,0,0,0,0,20.5,848.8,20.6,20.8,44,260,252,0,0.1,87,0.2,0.2,20.4,13.5,15.9
2026-01-14T17:50:20Z,0,0,0,0,0,0,20.2,849,20.4,20.5,46,262,254,0,0.5,94,1.3,1.3,20.1,13.6,15.7
2026-01-14T18:05:25Z,0,0,0,0,0,0,19.9,849.2,20,20.2,47.6,262,254,0,0.4,82,1.3,1.3,19.9,13.6,15.4
2026-01-14T18:20:54Z,0,0,0,0,0,0,19.5,849.3,19.7,19.8,49.8,261,253,0,0.3,70,1.1,1.1,19.5,13.5,15.1
2026-01-14T18:36:00Z,0,0,0,0,0,0,19.1,849.4,19.2,19.5,51,258,253,0,0.1,96,0.4,0.4,19.1,13.4,14.8
2026-01-14T18:51:06Z,0,0,0,0,0,0,18.7,849.3,18.9,19.1,52.4,260,253,0,0,96,0.2,0.2,18.8,13.2,14.4
2026-01-14T19:06:11Z,0,0,0,0,0,0,18.3,849.4,18.4,18.6,53.7,260,253,0,0,96,0.2,0.2,18.3,13,14
2026-01-14T19:21:17Z,0,0,0,0,0,0,17.7,849.5,17.8,18,55.8,259,253,0,0,96,0,0,17.6,12.7,13.4
2026-01-14T19:36:22Z,0,0,0,0,0,0,17.2,849.6,17.4,17.6,57.8,261,254,0,0.3,96,0.4,0.4,17.3,12.6,13
2026-01-14T19:51:28Z,0,0,0,0,0,0,16.8,849.8,17,17.2,59.2,260,253,0,0,96,0.2,0.2,16.9,12.4,12.6
2026-01-14T20:06:33Z,0,0,0,0,0,0,16.4,849.9,16.6,16.8,61.3,261,254,0,0,96,0,0,16.5,12.3,12.2
2026-01-14T20:21:56Z,0,0,0,0,0,0,15.9,849.9,16.2,16.2,63.3,259,253,0,0,96,0,0,15.9,12,11.7
2026-01-14T20:37:02Z,0,0,0,0,0,0,15.6,849.9,15.9,16,64.6,261,253,0,0,96,0,0,15.7,12,11.5
2026-01-14T20:52:07Z,0,0,0,0,0,0,15.3,849.8,15.6,15.8,65.7,259,254,0,0,96,0,0,15.4,11.8,11.2
2026-01-14T21:07:13Z,0,0,0,0,0,0,15.1,849.7,15.6,15.6,66.5,260,255,0,0,96,0,0,15.3,11.8,11.1
2026-01-14T21:22:18Z,0,0,0,0,0,0,15,849.6,15.4,15.5,67.8,260,254,0,0,96,0,0,15.2,11.8,11
2026-01-14T21:37:24Z,0,0,0,0,0,0,14.9,849.4,15.2,15.3,68.4,261,253,0,0,96,0,0,15,11.8,10.8
2026-01-14T21:53:03Z,0,0,0,0,0,0,14.7,849.4,15.1,15.1,69.5,260,253,0,0,96,0,0,14.8,11.7,10.6
2026-01-14T22:08:09Z,0,0,0,0,0,0,14.5,849.2,14.9,15,70.3,260,254,0,0,96,0,0,14.7,11.6,10.5
2026-01-14T22:23:14Z,0,0,0,0,0,0,14.3,849,14.7,14.8,70.8,260,253,0,0,96,0,0,14.5,11.5,10.3
2026-01-14T22:38:19Z,0,0,0,0,0,0,14.3,848.8,14.6,14.7,70.8,260,253,0,0,96,0,0,14.4,11.4,10.2
2026-01-14T22:53:24Z,0,0,0,0,0,0,14,848.7,14.4,14.5,71.9,259,253,0,0,96,0.2,0.2,14.2,11.4,10
2026-01-14T23:08:30Z,0,0,0,0,0,0,13.9,848.5,14.3,14.4,72.6,260,253,0,0,96,0,0,14.1,11.4,9.9
2026-01-14T23:23:35Z,0,0,0,0,0,0,13.7,848.3,13.9,14.1,73.9,261,254,0,0.1,96,0.2,0.2,13.8,11.2,9.6
2026-01-14T23:38:41Z,0,0,0,0,0,0,13.6,848.4,14.1,14.2,74.6,260,252,0,0.1,96,0.2,0.2,13.9,11.3,9.7
2026-01-14T23:54:03Z,0,0,0,0,0,0,13.9,848.3,14.3,14.5,73.4,260,255,0,0.1,96,0.4,0.4,14.2,11.5,10
2026-01-15T00:00:05Z,0,0,0,0,0,0,13.9,848.3,14.4,14.5,73.4,259,253,0,0,96,0,0,14.2,11.5,10
2026-01-15T00:15:10Z,0,0,0,0,0,0,13.8,848.2,14.1,14.3,74.2,261,253,0,0.2,96,0.4,0.4,14,11.4,9.8
2026-01-15T00:30:15Z,0,0,0,0,0,0,13.3,848.2,13.5,13.8,75.3,259,253,0,0,96,0,0,13.5,11,9.2
2026-01-15T00:45:20Z,0,0,0,0,0,0,12.8,848.3,13.1,13.2,78,261,253,0,0,96,0,0,12.9,10.8,8.7
2026-01-15T01:00:26Z,0,0,0,0,0,0,12.5,848.4,12.9,13,79.4,259,253,0,0,96,0,0,12.7,10.8,8.5
2026-01-15T01:15:29Z,0,0,0,0,0,0,12.5,848.3,12.8,13,79.8,261,254,0,0,96,0,0,12.7,10.7,8.4
2026-01-15T01:30:34Z,0,0,0,0,0,0,12.2,848.3,12.6,12.7,80.8,260,253,0,0,96,0,0,12.4,10.6,8.1
2026-01-15T01:45:40Z,0,0,0,0,0,0,12,848.2,12.4,12.6,81.3,260,253,0,0,96,0,0,12.3,10.5,8
2026-01-15T02:00:45Z,0,0,0,0,0,0,11.8,848.3,12.1,12.3,82.2,260,254,0,0,96,0.2,0.2,12,10.4,7.7
2026-01-15T02:16:10Z,0,0,0,0,0,0,11.6,848.5,11.9,12.1,83.2,260,253,0,0,96,0,0,11.8,10.3,7.5
2026-01-15T02:32:08Z,0,0,0,0,0,0,11.9,848.5,12.4,12.7,81.8,260,254,0,0.5,96,0.9,0.9,12.4,10.7,8.1
2026-01-15T02:47:13Z,0,0,0,0,0,0,12.2,848.6,12.6,12.8,81.2,260,254,0,0.3,96,0.9,0.9,12.5,10.7,8.2
2026-01-15T03:02:19Z,0,0,0,0,0,0,12,848.8,12.3,12.5,81.5,259,254,0,0,96,0,0,12.2,10.5,7.9
2026-01-15T03:17:40Z,0,0,0,0,0,0,11.6,848.9,11.9,12.1,83,260,256,0,0,96,0,0,11.8,10.2,7.4
2026-01-15T03:32:45Z,0,0,0,0,0,0,11.3,849.1,11.6,11.8,84,264,277,0,0,96,0,0,11.5,10.1,7.2
2026-01-15T03:48:09Z,0,0,0,0.1,0,0,11.2,849.3,11.6,11.6,84.7,271,351,0,0,96,0,0,11.4,10,7
2026-01-15T04:03:14Z,0,0,0,0.1,0,0,11.5,849.5,11.9,11.9,84.8,282,431,0,0.1,96,0.4,0.4,11.7,10.3,7.3
2026-01-15T04:18:19Z,0,0,0,0.2,0,0,12.1,849.6,12.5,12.5,82.8,299,630,0,0,96,0.2,0.2,12.2,10.6,7.9
2026-01-15T04:33:25Z,0,0,0,0.2,0,0,13.2,849.7,13.5,13.4,79.3,298,569,0,0,96,0.2,0.2,13.2,11.2,8.9
2026-01-15T04:48:51Z,0,0,0,0.4,0,0,14.2,849.9,14.5,14.5,74.8,341,1124,0,0.3,96,1.1,1.1,14.3,11.7,10
2026-01-15T05:04:15Z,0,0,0,0.3,0,0,15.5,849.9,15.7,15.6,71.6,324,828,0,0.1,96,0.4,0.4,15.3,12.3,11.1
2026-01-15T05:19:20Z,0,0,0,1.1,0,0,18,849.9,17.3,17.2,66.3,468,2598,0,0.2,96,0.4,0.4,16.9,13.2,12.7
2026-01-15T05:34:26Z,0,0,0,1.4,0,0,20.7,849.9,19.6,19.3,60.5,517,3113,0,0.1,96,0.7,0.7,19.1,14.4,14.7
2026-01-15T05:49:31Z,0,0,0,1.7,0,0,22.5,849.9,21.5,21,55.4,567,3640,0,0.1,96,0.4,0.4,20.8,15.3,16.3
2026-01-15T06:04:37Z,0,0,0,1.9,0,0,23,849.8,22,22.2,50.3,620,4203,0,0.9,96,1.5,1.5,22,15.7,17.3
2026-01-15T06:19:42Z,0,0,0,2.2,0,0,24,849.9,23.3,23.9,46.3,663,4665,0,1.6,96,2.4,2.4,23.7,16.4,18.7
2026-01-15T06:34:47Z,0,0,0,2.4,0,0,24,849.8,23.6,24.4,43.5,707,5141,0,0.8,87,2.4,2.4,24.2,16.4,19.1
2026-01-15T06:49:52Z,0,0,0,2.6,0,0,24.1,849.8,23.9,24.5,44.2,749,5590,0,0.7,95,2,2,24.4,16.7,19.2
2026-01-15T07:04:57Z,0,0,0,2.8,0,0,24.5,849.8,24.2,24.9,43,788,6014,0,1.1,100,2.4,2.4,24.8,16.8,19.6
2026-01-15T07:20:21Z,0,0,0,3,0,0,25.1,849.6,24.7,25.3,41.7,824,6407,0,1,78,2.4,2.4,25.2,16.9,19.9
2026-01-15T07:35:26Z,0,0,0,3.2,0,0,24.7,849.5,24.3,25.2,39.5,863,6812,0,2.1,95,4.6,4.6,25,16.5,19.8
2026-01-15T07:50:29Z,0,0,0,3.4,0,0,25.6,849.5,25.6,26.1,40,897,7159,0,0.5,50,1.7,1.7,25.9,17.3,20.5
2026-01-15T08:05:34Z,0,0,0,3.6,0,0,24.5,849.3,24.2,25,40.1,926,7475,0,1.1,39,2,2,24.8,16.4,19.6
2026-01-15T08:20:40Z,0,0,0,3.7,0,0,25.3,849.1,24.9,25.7,39.7,950,7712,0,1.4,80,2.6,2.6,25.5,16.9,20.2
2026-01-15T08:36:30Z,0,0,0,3.8,0,0,25.5,848.8,25.2,25.9,39.6,970,7938,0,0.6,63,1.7,1.7,25.7,17,20.3
2026-01-15T08:52:27Z,0,0,0,4,0,0,26.1,848.6,26,26.8,37.4,997,8214,0,0.6,98,1.7,1.7,26.6,17.4,21
2026-01-15T09:07:30Z,0,0,0,4,0,0,25.6,848.6,25.5,26.5,36.8,1008,8324,0,1.4,51,2.2,2.2,26.3,17,20.7
2026-01-15T09:22:36Z,0,0,0,4.1,0,0,26,848.4,26.1,26.8,37.8,1025,8505,0,0,150,0.4,0.4,26.6,17.5,21
2026-01-15T09:38:34Z,0,0,0,4.1,0,0,26.8,848.2,26.6,27.7,34.7,1021,8455,0,0.5,94,2.6,2.6,27.1,17.6,21.4
2026-01-15T09:53:39Z,0,0,0,4.1,0,0,26.7,848,26.5,27.7,36,1012,8344,0,0.8,65,2,2,27.1,17.8,21.4
2026-01-15T10:08:45Z,0,0,0,4,0,0,27.1,847.7,26.9,27.8,35.6,1011,8331,0,0.8,87,1.7,1.7,27.2,17.8,21.4
2026-01-15T10:23:51Z,0,0,0,4,0,0,26.9,847.5,26.9,27.9,33.5,1010,8316,0,0.9,145,2.6,2.6,27.2,17.5,21.4
2026-01-15T10:38:56Z,0,0,0,4,0,0,28.2,847.2,28.1,29.2,31.1,998,8174,0,1.5,71,2.4,2.4,28.1,18,22.1
2026-01-15T10:54:02Z,0,0,0,3.8,0,0,28.6,847.1,28.4,29.1,33.1,968,7849,0,0.6,62,1.5,1.5,28.2,18.4,22.1
2026-01-15T11:09:08Z,0,0,0,3.7,0,0,27.9,846.9,28.1,29,31.5,952,7661,0,0.4,97,1.1,1.1,27.9,17.9,22
2026-01-15T11:25:02Z,0,0,0,3.5,0,0,29,846.6,29.1,30.2,32.4,911,7275,0,0.5,94,1.5,1.5,29.1,19.1,22.8
2026-01-15T11:40:07Z,0,0,0,3.3,0,0,28.5,846.4,28.8,29.8,30.5,883,6930,0,0.7,113,2.4,2.4,28.6,18.3,22.5
2026-01-15T11:55:32Z,0,0,0,3.2,0,0,29.3,846,29.6,30.6,30.2,850,6579,0,0.2,94,1.1,1.1,29.4,18.9,23
2026-01-15T12:10:35Z,0,0,0,3,0,0,28.5,845.9,28.4,30,31.7,815,6215,0,0.8,104,2.2,2.2,28.9,18.8,22.6
2026-01-15T12:25:37Z,0,0,0,2.8,0,0,28.9,845.7,29.1,30.4,27.2,781,5855,0,0.8,97,2.2,2.2,28.9,18,22.6
2026-01-15T12:40:43Z,0,0,0,2.6,0,0,29.5,845.6,29.4,31.1,27.7,740,5415,0,0.8,154,1.5,1.5,29.6,18.6,23.2
2026-01-15T12:55:48Z,0,0,0,2.3,0,0,28.1,845.7,28.8,29.3,28,688,4880,0,1.9,166,4.1,4.1,28,17.4,22
2026-01-15T13:10:53Z,0,0,0,2.1,0,0,29,845.8,29.2,30.6,27.6,643,4390,0,0.9,144,2.2,2.2,29.1,18.3,22.8
2026-01-15T13:25:58Z,0,0,0,1.8,0,0,29.4,845.8,29.5,31.2,27.3,588,3799,0,0.4,108,0.8,0.8,29.7,18.7,23.2
2026-01-15T13:41:03Z,0,0,0,1.5,0,0,28.8,846,29.3,30.4,28.8,546,3356,0,0.3,191,0.9,0.9,29,18.4,22.7
2026-01-15T13:56:40Z,0,0,0,1.3,0,0,28.5,846.1,29.1,30.1,29.9,499,2851,0,0.7,124,1.7,1.7,28.9,18.5,22.6
2026-01-15T14:11:45Z,0,0,0,1,0,0,27.2,846.1,27.8,28.6,32.3,449,2336,0,0.6,188,2.6,2.6,27.7,17.8,21.8
2026-01-15T14:26:51Z,0,0,0,0.8,0,0,27,846.3,27.1,28.4,33.6,402,1814,0,0.3,103,1.3,1.3,27.6,17.9,21.7
2026-01-15T14:41:56Z,0,0,0,0.2,0,0,26.1,846.4,26.2,26.6,36.9,301,581,0,1.1,80,2.4,2.4,26.5,17.2,20.9
2026-01-15T14:57:41Z,0,0,0,0.2,0,0,25.3,846.5,25.4,25.7,37.9,292,501,0,0.4,108,1.3,1.3,25.5,16.6,20.1
2026-01-15T15:12:46Z,0,0,0,0.2,0,0,24.8,846.6,24.9,25.2,40.3,284,446,0,0.9,84,2.6,2.6,25,16.6,19.7
2026-01-15T15:27:51Z,0,0,0,0.1,0,0,24.3,846.7,24.4,24.7,41.4,275,370,0,0.2,165,0.7,0.7,24.5,16.3,19.3
2026-01-15T15:43:02Z,0,0,0,0,0,0,23.8,846.9,23.9,24.1,42.9,265,296,0,0.8,109,2.8,2.8,23.9,16.1,18.9
2026-01-15T15:58:08Z,0,0,0,0,0,0,23.3,847.1,23.5,23.7,44.4,260,258,0,0.6,96,1.5,1.5,23.5,16,18.5
2026-01-15T16:14:40Z,0,0,0,0,0,0,22.8,847.4,22.9,23.1,46.3,259,253,0,1.3,92,2.6,2.6,22.9,15.8,18.1
2026-01-15T16:29:46Z,0,0,0,0,0,0,22.4,847.5,22.6,22.7,47.6,261,253,0,0.3,106,0.7,0.7,22.5,15.7,17.7
2026-01-15T16:44:51Z,0,0,0,0,0,0,22,847.8,22.2,22.3,48.3,259,253,0,0.6,77,1.3,1.3,22.1,15.4,17.4
2026-01-15T16:59:59Z,0,0,0,0,0,0,21.7,848.2,21.9,22,48.8,261,253,0,0.4,92,0.7,0.7,21.8,15.2,17.1
2026-01-15T17:15:04Z,0,0,0,0,0,0,21.4,848.4,21.6,21.7,49.8,260,254,0,0.3,68,0.7,0.7,21.5,15.2,16.9
2026-01-15T17:30:46Z,0,0,0,0,0,0,21.1,848.6,21.2,21.4,50.6,261,254,0,0.5,105,1.1,1.1,21.2,15,16.6
2026-01-15T17:46:46Z,0,0,0,0,0,0,20.7,848.8,21,21.1,52,259,253,0,0.9,52,3.1,3.1,20.8,14.9,16.3
2026-01-15T18:02:33Z,0,0,0,0,0,0,20.4,849.1,20.5,20.7,53.8,260,252,0,0.1,93,0.7,0.7,20.5,14.8,16
2026-01-15T18:17:47Z,0,0,0,0,0,0,19.8,849.3,19.9,20.1,55.5,260,254,0,0,94,0.2,0.2,19.9,14.5,15.4
2026-01-15T18:32:47Z,0,0,0,0,0,0,19.3,849.5,19.3,19.5,57.5,260,253,0,0,94,0.2,0.2,19.3,14.3,14.9
2026-01-15T18:47:53Z,0,0,0,0,0,0,18.6,849.6,18.7,18.8,59.8,258,253,0,0,94,0,0,18.6,13.9,14.3
2026-01-15T19:03:19Z,0,0,0,0,0,0,17.9,849.7,17.9,18.1,62.9,261,254,0,0,94,0,0,17.8,13.6,13.6
2026-01-15T19:18:47Z,0,0,0,0,0,0,17.4,849.7,17.6,17.7,64.4,260,254,0,0,94,0,0,17.5,13.5,13.2
2026-01-15T19:34:09Z,0,0,0,0,0,0,17,849.8,17.1,17.3,65.8,260,253,0,0,94,0,0,17.1,13.3,12.8
2026-01-15T19:49:14Z,0,0,0,0,0,0,16.6,849.7,16.7,16.9,67.5,261,254,0,0,94,0,0,16.7,13.1,12.4
2026-01-15T20:04:19Z,0,0,0,0,0,0,16.2,849.7,16.2,16.5,68.9,260,254,0,0,93,0,0,16.3,12.9,12.1
2026-01-15T20:19:24Z,0,0,0,0,0,0,15.9,849.6,16.2,16.3,69.5,259,252,0,0,93,0,0,16.1,12.8,11.9
2026-01-15T20:34:29Z,0,0,0,0,0,0,15.7,849.6,16.1,16.1,69.9,261,253,0,0,93,0,0,15.9,12.7,11.7
2026-01-15T20:49:35Z,0,0,0,0,0,0,15.4,849.5,15.6,15.8,71.3,260,253,0,0,93,0,0,15.5,12.5,11.3
2026-01-15T21:04:40Z,0,0,0,0,0,0,15,849.5,15.4,15.4,72.8,259,253,0,0,93,0.2,0.2,15.2,12.4,11
2026-01-15T21:19:45Z,0,0,0,0,0,0,14.9,849.3,15.3,15.4,72.7,259,255,0,0,93,0,0,15.1,12.2,10.9
2026-01-15T21:34:50Z,0,0,0,0,0,0,14.5,849.2,14.9,15,73.9,261,253,0,0,93,0,0,14.7,12,10.5
2026-01-15T21:50:14Z,0,0,0,0,0,0,14.2,849.1,14.5,14.6,75.3,260,253,0,0,93,0,0,14.4,11.9,10.2
2026-01-15T22:05:19Z,0,0,0,0,0,0,13.9,849,14.2,14.3,76.5,261,254,0,0,93,0,0,14.1,11.7,9.9
2026-01-15T22:20:24Z,0,0,0,0,0,0,13.8,848.9,14.1,14.2,77.2,262,255,0,0,93,0,0,14,11.7,9.8
2026-01-15T22:35:29Z,0,0,0,0,0,0,13.7,848.7,14,14.1,77.9,259,255,0,0,93,0,0,13.9,11.6,9.6
2026-01-15T22:50:34Z,0,0,0,0,0,0,13.5,848.7,13.9,14,78.1,260,254,0,0,93,0,0,13.8,11.6,9.5
2026-01-15T23:05:40Z,0,0,0,0,0,0,13.4,848.6,13.8,13.9,78.5,260,253,0,0,93,0,0,13.6,11.5,9.4
2026-01-15T23:20:46Z,0,0,0,0,0,0,13.4,848.5,13.7,13.8,78.7,260,253,0,0,93,0,0,13.6,11.5,9.3
2026-01-15T23:35:51Z,0,0,0,0,0,0,13.3,848.4,13.6,13.7,79,261,253,0,0,93,0,0,13.4,11.4,9.2
2026-01-15T23:51:16Z,0,0,0,0,0,0,13,848.3,13.3,13.4,79.7,260,253,0,0,93,0,0,13.2,11.2,8.9
2026-01-16T00:00:20Z,0,0,0,0,0,0,13,848.3,13.3,13.4,80.2,260,253,0,0,93,0,0,13.1,11.2,8.9
2026-01-16T00:15:29Z,0,0,0,0,0,0,13,848.4,13.5,13.6,79.8,261,253,0,0.2,327,0.4,0.4,13.4,11.4,9.1
2026-01-16T00:30:34Z,0,0,0,0,0,0,13.3,848.5,13.7,13.8,78.1,260,253,0,0.1,341,0.2,0.2,13.6,11.4,9.3
2026-01-16T00:45:40Z,0,0,0,0,0,0,13.2,848.6,13.6,13.7,78.8,261,254,0,0,340,0,0,13.4,11.3,9.2
2026-01-16T01:01:17Z,0,0,0,0,0,0,13,848.6,13.3,13.4,79.9,259,253,0,0,341,0.2,0.2,13.2,11.2,9
2026-01-16T01:16:22Z,0,0,0,0,0,0,13,848.7,13.4,13.6,79.9,261,252,0,0.2,341,0.9,0.9,13.3,11.3,9.1
2026-01-16T01:31:28Z,0,0,0,0,0,0,13.2,848.7,13.6,13.7,78.9,262,253,0,0.1,341,0.2,0.2,13.5,11.4,9.2
2026-01-16T01:47:20Z,0,0,0,0,0,0,13,848.8,13.3,13.5,80,260,254,0,0,357,0.2,0.2,13.2,11.3,9
2026-01-16T02:02:20Z,0,0,0,0,0,0,12.8,848.8,13.2,13.3,80.7,261,253,0,0,356,0,0,13.1,11.2,8.8
2026-01-16T02:17:24Z,0,0,0,0,0,0,12.6,848.9,13,13.1,81.4,260,253,0,0.1,357,0.2,0.2,12.9,11.1,8.6
2026-01-16T02:32:31Z,0,0,0,0,0,0,12.6,849.1,13,13.1,81.2,261,252,0,0,356,0,0,12.9,11.1,8.6
2026-01-16T02:47:37Z,0,0,0,0,0,0,12.6,849.2,13,13.1,81.2,260,254,0,0,357,0.2,0.2,12.8,11,8.6
2026-01-16T03:02:42Z,0,0,0,0,0,0,12.5,849.2,12.8,13,81.4,259,254,0,0,356,0,0,12.7,10.9,8.5
2026-01-16T03:17:47Z,0,0,0,0,0,0,12.3,849.3,12.6,12.8,82.2,259,255,0,0,356,0,0,12.5,10.8,8.2
2026-01-16T03:32:52Z,0,0,0,0,0,0,12.1,849.3,12.5,12.6,82.8,264,281,0,0,356,0,0,12.4,10.7,8.1
2026-01-16T03:47:58Z,0,0,0,0.1,0,0,12,849.5,12.4,12.5,83.2,271,355,0,0,356,0,0,12.2,10.7,7.9
2026-01-16T04:03:54Z,0,0,0,0.1,0,0,12.2,849.6,12.6,12.7,82.8,282,424,0,0,356,0,0,12.5,10.8,8.2
2026-01-16T04:19:24Z,0,0,0,0.3,0,0,13,849.8,13.6,13.7,79.2,309,786,0,0.3,312,0.7,0.7,13.5,11.4,9.3
2026-01-16T04:34:29Z,0,0,0,0.2,0,0,14.2,849.9,14.4,14.5,76.5,293,521,0,0.2,311,0.4,0.4,14.2,11.8,10
2026-01-16T04:49:34Z,0,0,0,0.4,0,0,14.9,850.1,15.3,15.4,74.2,335,1033,0,0.1,311,0.4,0.4,15.1,12.4,10.9
2026-01-16T05:04:40Z,0,0,0,0.3,0,0,16.6,850.2,16.6,16.7,70.4,316,746,0,0.3,339,0.9,0.9,16.5,13.2,12.2
2026-01-16T05:19:45Z,0,0,0,1.1,0,0,18.8,850.3,18.2,18.1,66.1,469,2600,0,0.4,285,0.9,0.9,17.9,14.1,13.7
2026-01-16T05:34:50Z,0,0,0,1.4,0,0,22.1,850.3,21.1,20.6,59.8,523,3160,0,0,283,0,0,20.5,15.6,16
2026-01-16T05:49:55Z,0,0,0,1.7,0,0,24.5,850.2,23.3,22.8,51.3,572,3698,0,0.2,339,0.9,0.9,22.6,16.3,17.8
2026-01-16T06:05:20Z,0,0,0,2,0,0,24.3,850.1,23.1,23.1,51.2,622,4239,0,0,91,0,0,23,16.5,18.1
2026-01-16T06:20:26Z,0,0,0,2.2,0,0,26.4,850,25.1,25,45.3,666,4721,0,0.5,358,1.3,1.3,24.9,17.3,19.7
2026-01-16T06:35:32Z,0,0,0,2.4,0,0,26.2,849.9,25.6,26.3,43.3,710,5204,0,0.8,109,1.3,1.3,26.2,18,20.7
2026-01-16T06:50:37Z,0,0,0,2.7,0,0,27.2,849.7,26.8,27,39,760,5698,0,0.4,79,0.9,0.9,26.8,17.8,21.1
2026-01-16T07:06:29Z,0,0,0,2.9,0,0,27,849.7,26.6,27.5,35.3,799,6138,0,0.7,69,1.7,1.7,27,17.5,21.3
2026-01-16T07:21:44Z,0,0,0,3.1,0,0,27.3,849.5,26.9,27.8,31.6,831,6485,0,2,69,3.9,3.9,27,17.1,21.3
2026-01-16T07:37:08Z,0,0,0,3.3,0,0,27.8,849.2,27.5,28.2,29.1,865,6843,0,1.1,165,3.5,3.5,27.2,16.9,21.5
2026-01-16T07:52:22Z,0,0,0,3.5,0,0,28.2,849.1,28.1,28.9,28.3,910,7283,0,1.6,77,3.5,3.5,27.7,17.2,21.8
2026-01-16T08:07:28Z,0,0,0,3.6,0,0,28.2,848.8,27.9,28.8,28.2,929,7525,0,1.3,88,4.1,4.1,27.6,17,21.7
2026-01-16T08:22:33Z,0,0,0,3.8,0,0,28.7,848.7,28.4,29.5,28.2,965,7887,0,0.9,41,2,2,28.1,17.6,22.1
2026-01-16T08:37:39Z,0,0,0,3.9,0,0,28,848.4,27.7,29,26.6,983,8089,0,1.5,99,3.7,3.7,27.7,16.8,21.8
2026-01-16T08:52:43Z,0,0,0,4,0,0,28.5,848.3,28,29.1,25.1,1000,8272,0,2.1,65,4.4,4.4,27.7,16.6,21.8
2026-01-16T09:07:49Z,0,0,0,4.1,0,0,28.4,848,28.5,29.1,25.5,1015,8394,0,0.5,112,2.2,2.2,27.7,16.7,21.8
2026-01-16T09:23:29Z,0,0,0,4.1,0,0,27.7,847.7,28,28.5,26.1,1017,8455,0,0,161,0.2,0.2,27.3,16.3,21.5
2026-01-16T09:38:47Z,0,0,0,4.1,0,0,29.4,847.6,29.2,30.1,24.1,1025,8489,0,0.8,124,2.4,2.4,28.5,17,22.3
2026-01-16T09:54:39Z,0,0,0,4.1,0,0,30.1,847.4,29.3,29.7,22.2,1012,8380,0,1,348,1.5,1.5,28.1,16.3,22.1
2026-01-16T10:09:44Z,0,0,0,4.1,0,0,30.2,847.2,29.6,30.2,22.9,1013,8400,0,0.5,17,1.5,1.5,28.5,16.8,22.4
2026-01-16T10:25:36Z,0,0,0,4,0,0,29.7,846.9,29.6,30.2,22.6,1005,8270,0,0.9,152,1.5,1.5,28.5,16.8,22.4
2026-01-16T10:41:32Z,0,0,0,3.9,0,0,29.3,846.6,29.1,30.2,22.6,980,8065,0,0.9,65,2,2,28.5,16.8,22.4
2026-01-16T10:56:37Z,0,0,0,3.8,0,0,29.2,846.3,29.2,30.4,24.1,962,7857,0,0.6,94,1.7,1.7,28.8,17.3,22.6
2026-01-16T11:12:36Z,0,0,0,3.6,0,0,30.2,846.2,29.7,30.5,24.1,932,7525,0,0.3,146,1.3,1.3,28.9,17.4,22.6
2026-01-16T11:27:41Z,0,0,0,3.5,0,0,29.9,846,29.7,30.6,24.8,909,7253,0,1.1,24,2,2,28.9,17.6,22.7
2026-01-16T11:42:46Z,0,0,0,3.3,0,0,29.4,845.9,29.5,30.6,23.7,874,6883,0,1.1,165,2.2,2.2,28.9,17.3,22.7
2026-01-16T11:57:51Z,0,0,0,3.1,0,0,29.6,845.7,29.8,30.8,24.1,836,6477,0,0.4,98,1.1,1.1,29.1,17.5,22.8
2026-01-16T12:12:57Z,0,0,0,2.9,0,0,29.8,845.4,29,29.4,24.5,804,6140,0,0.5,307,1.2,1.2,27.9,16.6,21.9
2026-01-16T12:28:02Z,0,0,0,2.7,0,0,29.3,845.6,29.8,30.4,28.6,758,5640,0,1,150,3.3,3.3,29,18.4,22.8
2026-01-16T12:43:39Z,0,0,0,2.4,0,0,28.9,845.4,29.1,30.1,28,707,5115,0,1.8,87,4.8,4.8,28.7,18,22.5
2026-01-16T12:58:44Z,0,0,0,2.2,0,0,29.9,845.4,30.4,31.1,27.1,665,4655,0,0.6,181,2.2,2.2,29.6,18.5,23.1
2026-01-16T13:13:50Z,0,0,0,1.9,0,0,30,845.5,30.4,31.4,26.7,617,4122,0,0.2,150,0.4,0.4,29.8,18.6,23.3
2026-01-16T13:28:55Z,0,0,0,1.7,0,0,29.2,845.5,29.4,30.7,26.8,573,3651,0,1.5,84,3.1,3.1,29.2,18.1,22.8
2026-01-16T13:44:53Z,0,0,0,1.4,0,0,29.6,845.5,29.9,31.2,26.9,521,3104,0,0.3,94,1.5,1.5,29.6,18.5,23.2
2026-01-16T13:59:59Z,0,0,0,1.1,0,0,28.8,845.5,29.2,30.2,27.6,471,2581,0,0.5,150,1.7,1.7,28.8,18,22.6
2026-01-16T14:15:52Z,0,0,0,0.9,0,0,28.9,845.6,29.1,30.4,26.8,427,2101,0,0.7,67,2.2,2.2,28.9,17.9,22.6
2026-01-16T14:30:58Z,0,0,0,0.7,0,0,27.8,845.7,27.9,28.8,28.7,382,1597,0,0.5,104,1.7,1.7,27.6,17.2,21.8
2026-01-16T14:46:03Z,0,0,0,0.2,0,0,27,845.9,27.1,27.4,30.7,303,614,0,1,96,3.1,3.1,26.7,16.5,21.1
2026-01-16T15:01:08Z,0,0,0,0.2,0,0,26.3,846.1,26.4,26.7,31.6,294,542,0,0.4,132,1.3,1.3,26.4,16.2,20.9
2026-01-16T15:16:14Z,0,0,0,0.2,0,0,25.8,846.2,25.9,26.2,32.1,284,465,0,1.2,109,2.6,2.6,25.9,15.9,20.5
2026-01-16T15:31:36Z,0,0,0,0.1,0,0,25.2,846.4,25.3,25.6,36.8,273,375,0,1.8,82,3.5,3.5,25.4,16.3,20
2026-01-16T15:46:42Z,0,0,0,0,0,0,24.6,846.5,24.7,24.9,39.1,263,282,0,0.3,144,1.1,1.1,24.7,16.1,19.5
2026-01-16T16:01:48Z,0,0,0,0,0,0,24.1,846.7,24.3,24.4,40.1,261,254,0,0.7,84,1.7,1.7,24.2,15.9,19.1
2026-01-16T16:17:46Z,0,0,0,0,0,0,23.7,846.9,23.9,24,41.7,259,253,0,0.9,66,2,2,23.8,15.8,18.8
2026-01-16T16:32:57Z,0,0,0,0,0,0,23.3,847.2,23.4,23.6,42.6,260,252,0,0.2,61,0.4,0.4,23.3,15.6,18.4
2026-01-16T16:48:46Z,0,0,0,0,0,0,23.1,847.4,23.2,23.3,41.5,261,253,0,0.9,71,2.2,2.2,23,15.3,18.2
2026-01-16T17:03:51Z,0,0,0,0,0,0,22.5,847.5,22.6,22.8,43.6,260,253,0,0.4,71,0.7,0.7,22.6,15.2,17.8
2026-01-16T17:18:56Z,0,0,0,0,0,0,22,848,22.2,22.3,46,261,254,0,0.2,101,0.9,0.9,22,15.1,17.3
2026-01-16T17:34:02Z,0,0,0,0,0,0,21.5,848.3,21.6,21.7,48.2,260,254,0,0.1,53,0.2,0.2,21.5,14.9,16.8
2026-01-16T17:49:48Z,0,0,0,0,0,0,20.8,848.4,20.9,21.1,50.9,260,253,0,0.1,54,0.2,0.2,20.8,14.8,16.3
2026-01-16T18:04:48Z,0,0,0,0,0,0,20.4,848.5,20.5,20.7,53.6,260,254,0,0,54,0.2,0.2,20.5,14.8,16
2026-01-16T18:19:54Z,0,0,0,0,0,0,19.7,848.8,19.9,20,56,259,253,0,0,54,0,0,19.7,14.5,15.3
2026-01-16T18:35:53Z,0,0,0,0,0,0,19.1,848.9,19.2,19.3,59.2,262,253,0,0,54,0,0,19,14.3,14.7
2026-01-16T18:51:19Z,0,0,0,0,0,0,18.7,849.2,18.8,19.1,61.2,260,254,0,0,54,0,0,18.8,14.3,14.5
2026-01-16T19:07:16Z,0,0,0,0,0,0,18.6,849.3,18.8,18.9,62.1,260,253,0,0,54,0,0,18.7,14.3,14.4
2026-01-16T19:23:00Z,0,0,0,0,0,0,18.2,849.4,18.2,18.5,63.8,259,255,0,0,54,0,0,18.2,14.1,14
2026-01-16T19:38:53Z,0,0,0,0,0,0,17.8,849.4,17.9,18.1,65.2,261,253,0,0,54,0,0,17.9,14,13.6
2026-01-16T19:53:56Z,0,0,0,0,0,0,17.5,849.3,17.7,17.9,66.4,259,254,0,0,54,0,0,17.7,13.9,13.4
2026-01-16T20:09:02Z,0,0,0,0,0,0,17.4,849.4,17.6,17.8,66.6,261,254,0,0,54,0,0,17.6,13.8,13.3
2026-01-16T20:24:07Z,0,0,0,0,0,0,17,849.5,17,17.3,68.3,261,253,0,0,54,0,0,17.1,13.6,12.9
2026-01-16T20:40:01Z,0,0,0,0,0,0,16.6,849.4,16.7,17,69.2,260,253,0,0,54,0,0,16.8,13.4,12.6
2026-01-16T20:55:10Z,0,0,0,0,0,0,16.5,849.4,16.7,16.9,70.6,259,253,0,0,54,0.2,0.2,16.7,13.4,12.4
2026-01-16T21:10:16Z,0,0,0,0,0,0,16.5,849.4,16.7,17,70.5,260,254,0,0,54,0.2,0.2,16.8,13.5,12.5
2026-01-16T21:25:22Z,0,0,0,0,0,0,16.2,849.3,16.3,16.5,71.8,261,254,0,0,54,0,0,16.3,13.3,12.1
2026-01-16T21:40:27Z,0,0,0,0,0,0,15.9,849.1,16.2,16.2,73,260,252,0,0,54,0,0,16,13.1,11.8
2026-01-16T21:55:52Z,0,0,0,0,0,0,15.7,849,16.1,16,73.8,262,253,0,0,54,0,0,15.8,13,11.6
2026-01-16T22:11:21Z,0,0,0,0,0,0,15.6,848.9,15.9,16.1,74.7,260,253,0,0,53,0.2,0.2,15.9,13.2,11.7
2026-01-16T22:26:27Z,0,0,0,0,0,0,15.9,848.6,16.2,16.4,74.1,259,253,0,0.3,53,0.7,0.7,16.2,13.4,12
2026-01-16T22:41:54Z,0,0,0,0,0,0,15.8,848.5,16.1,16.2,74.8,260,253,0,0,54,0.2,0.2,16,13.3,11.8
2026-01-16T22:57:01Z,0,0,0,0,0,0,15.9,848.5,16.2,16.4,74.9,259,253,0,0.1,54,0.2,0.2,16.3,13.5,12.1
2026-01-16T23:12:06Z,0,0,0,0,0,0,16.3,848.2,16.6,16.8,73.8,260,253,0,0,54,0,0,16.6,13.7,12.4
2026-01-16T23:27:56Z,0,0,0,0,0,0,16.2,848.2,16.4,16.6,74.6,260,253,0,0,54,0.2,0.2,16.4,13.6,12.2
2026-01-16T23:43:01Z,0,0,0,0,0,0,15.7,848.1,16,16.1,76,260,252,0,0,54,0,0,15.9,13.3,11.7
2026-01-16T23:58:07Z,0,0,0,0,0,0,15.5,848.2,15.9,15.9,77.4,261,253,0,0.2,53,0.4,0.4,15.8,13.3,11.6
2026-01-17T00:01:08Z,0,0,0,0,0,0,15.5,848.2,15.9,16,77,259,253,0,0.1,54,0.2,0.2,15.8,13.3,11.6
2026-01-17T00:16:13Z,0,0,0,0,0,0,15.3,848.2,15.6,15.8,77.6,259,253,0,0,54,0,0,15.6,13.2,11.4
2026-01-17T00:31:55Z,0,0,0,0,0,0,15.1,848.1,15.5,15.5,78.7,261,254,0,0.1,54,0.4,0.4,15.4,13.1,11.2
2026-01-17T00:47:11Z,0,0,0,0,0,0,15.1,848.3,15.4,15.5,78.5,260,254,0,0,54,0,0,15.3,13,11.1
2026-01-17T01:02:17Z,0,0,0,0,0,0,14.8,848.3,15.1,15.3,78.9,261,254,0,0,54,0,0,15.1,12.9,10.9
2026-01-17T01:17:57Z,0,0,0,0,0,0,14.6,848.4,14.9,15,80.6,260,254,0,0.1,54,0.4,0.4,14.9,12.8,10.7
2026-01-17T01:33:03Z,0,0,0,0,0,0,14.5,848.4,14.9,15,80.6,261,253,0,0.1,54,0.4,0.4,14.8,12.8,10.6
2026-01-17T01:48:10Z,0,0,0,0,0,0,14.4,848.4,14.8,14.9,81,260,254,0,0,54,0,0,14.7,12.7,10.5
2026-01-17T02:03:15Z,0,0,0,0,0,0,14.3,848.5,14.6,14.7,81.3,258,254,0,0,54,0,0,14.6,12.6,10.4
2026-01-17T02:18:18Z,0,0,0,0,0,0,14.3,848.7,14.7,14.8,80.9,260,252,0,0,54,0,0,14.7,12.7,10.5
2026-01-17T02:33:24Z,0,0,0,0,0,0,14.1,848.9,14.4,14.5,81.9,259,252,0,0.2,53,0.4,0.4,14.3,12.5,10.1
2026-01-17T02:48:29Z,0,0,0,0,0,0,13.8,849,14.1,14.2,82.7,260,253,0,0,54,0,0,14.1,12.3,9.9
2026-01-17T03:03:35Z,0,0,0,0,0,0,13.6,849.1,13.8,14,84,261,253,0,0,54,0,0,13.8,12.2,9.6
2026-01-17T03:18:59Z,0,0,0,0,0,0,13.8,849.3,14.1,14.2,84.1,261,255,0,0,54,0,0,14.1,12.4,9.9
2026-01-17T03:34:46Z,0,0,0,0,0,0,13.7,849.6,14.1,14.2,83.7,264,285,0,0,54,0,0,14,12.4,9.8
2026-01-17T03:50:11Z,0,0,0,0.1,0,0,13.6,849.9,13.9,14,84.9,273,390,0,0,54,0.2,0.2,13.9,12.3,9.6
2026-01-17T04:05:16Z,0,0,0,0.2,0,0,13.8,849.9,14.2,14.2,84.7,285,494,0,0,54,0,0,14.1,12.5,9.9
2026-01-17T04:20:22Z,0,0,0,0.2,0,0,14.3,850.1,14.6,14.7,84,302,689,0,0.1,54,0.4,0.4,14.5,12.8,10.3
2026-01-17T04:35:27Z,0,0,0,0.2,0,0,15.3,850.4,15.6,15.5,80.4,304,647,0,0.1,54,0.4,0.4,15.3,13.2,11.1
2026-01-17T04:50:33Z,0,0,0,0.5,0,0,16,850.6,16.2,16.3,77.6,358,1323,0,0.1,52,0.7,0.7,16.1,13.7,11.9
2026-01-17T05:05:38Z,0,0,0,0.6,0,0,17.8,850.8,17.6,17.7,72.6,376,1488,0,0.5,37,1.1,1.1,17.5,14.4,13.3
2026-01-17T05:20:43Z,0,0,0,0.9,0,0,19.5,850.9,19.1,19.2,68.1,435,2141,0,0.5,81,1.1,1.1,19.1,15.3,14.7
2026-01-17T05:35:48Z,0,0,0,1,0,0,19.6,851,19.3,19.8,65.5,442,2195,0,1,66,2,2,19.6,15.5,15.2
2026-01-17T05:51:14Z,0,0,0,1.6,0,0,22.1,851.1,21.3,21.6,60.1,552,3438,0,0.3,41,0.9,0.9,21.5,16.5,16.9
2026-01-17T06:06:19Z,0,0,0,1.8,0,0,23.5,851,22.8,23.1,56,596,3911,0,0.9,59,1.7,1.7,23,17.2,18.1
2026-01-17T06:21:22Z,0,0,0,2.1,0,0,22.7,851.1,22.1,23,57.7,648,4461,0,0.1,97,0.4,0.4,22.9,17.4,18.1
2026-01-17T06:36:28Z,0,0,0,2.4,0,0,24.7,851,23.8,23.9,52.9,697,4951,0,0.9,12,1.7,1.7,23.8,17.5,18.8
2026-01-17T06:51:34Z,0,0,0,1.3,0,0,24,851,23.4,24,54.5,497,2596,0,0.5,48,1.1,1.1,24,17.8,18.9
2026-01-17T07:06:39Z,0,0,0,2.9,0,0,26,850.8,25.6,26.2,49.6,799,6038,0,0.8,69,2,2,26.2,19,20.7
2026-01-17T07:21:44Z,0,0,0,3.4,0,0,25.2,850.8,25.2,25.9,51,898,7158,0,0.8,110,2,2,25.9,18.9,20.5
2026-01-17T07:36:49Z,0,0,0,1.7,0,0,25.8,850.5,25.9,26.2,51.3,578,3490,0,0.3,133,0.7,0.7,26.2,19.2,20.7
2026-01-17T07:51:54Z,0,0,0,1.8,0,0,26,850.3,25.8,26.3,49,588,3636,0,1.3,54,2.4,2.4,26.3,19,20.8
2026-01-17T08:07:20Z,0,0,0,1.9,0,0,24.6,850.2,24.2,25.1,50.7,603,3771,0,1.7,86,4.6,4.6,25,18.2,19.8
2026-01-17T08:22:25Z,0,0,0,1.4,0,0,24.9,849.9,24.8,25.6,49.5,514,2877,0,0.9,103,1.5,1.5,25.6,18.5,20.2
2026-01-17T08:37:31Z,0,0,0,4.5,0,0,25.4,849.6,25.4,26,49,1089,9183,0,0.9,176,2.6,2.6,26,18.7,20.6
2026-01-17T08:52:39Z,0,0,0,4.3,0,0,25.9,849.3,25.8,26.5,48.6,1066,8897,0,1.6,59,2.8,2.8,26.5,19.1,20.9
2026-01-17T09:08:22Z,0,0,0,4.6,0,0,25.7,849.1,25.8,26.4,48.7,1120,9512,0,0.4,79,1.3,1.3,26.4,19,20.9
2026-01-17T09:23:28Z,0,0,0,4.3,0,0,25.7,849.1,25.8,26.5,48.1,1068,8881,0,1.2,71,3.1,3.1,26.5,19,20.9
2026-01-17T09:38:28Z,0,0,0,4.2,0,0,26.1,848.6,25.9,27,46.5,1047,8624,0,2,87,5.5,5.5,27.2,19.1,21.4
2026-01-17T09:54:28Z,0,0,0,4.1,0,0,26.3,848.4,26.1,27.1,44.7,1028,8430,0,1.2,36,3.1,3.1,27.2,18.9,21.4
2026-01-17T10:09:34Z,0,0,0,4.1,0,0,26.8,848.1,26.8,27.5,43.7,1030,8427,0,1.4,81,3.1,3.1,27.5,19.1,21.7
2026-01-17T10:24:39Z,0,0,0,4.3,0,0,27,847.8,26.9,27.8,41.5,1052,8686,0,0.6,75,1.5,1.5,27.6,18.9,21.7
2026-01-17T10:39:45Z,0,0,0,3.9,0,0,26.8,847.4,26.6,27.9,42.1,978,7883,0,1,85,1.7,1.7,27.7,19.1,21.8
2026-01-17T10:54:50Z,0,0,0,4,0,0,27.1,847.2,27.1,28.3,40.5,1010,8239,0,0.7,160,1.5,1.5,27.9,19.1,22
2026-01-17T11:09:55Z,0,0,0,3.8,0,0,27,846.9,26.8,28,40.8,967,7803,0,3.2,81,4.8,4.8,27.8,19,21.8
2026-01-17T11:25:22Z,0,0,0,3.6,0,0,28,846.6,28.2,29.2,38.3,924,7302,0,0.7,100,2.2,2.2,28.6,19.5,22.5
2026-01-17T11:40:27Z,0,0,0,3.6,0,0,29,846.4,28.8,30,39.3,923,7307,0,0.6,46,1.1,1.1,29.6,20.3,23.1
2026-01-17T11:55:33Z,0,0,0,3.4,0,0,30.5,846.2,30,31.2,35.4,898,7029,0,0.1,80,0.3,0.3,30.5,20.5,23.8
2026-01-17T12:12:01Z,0,0,0,0.7,0,0,27.4,846,27.6,28.4,39.2,389,1498,0,0.7,106,2.6,2.6,27.9,19,22
2026-01-17T12:27:25Z,0,0,0,2.9,0,0,28.1,845.7,28.2,29,38.8,805,6117,0,0.7,135,1.3,1.3,28.5,19.4,22.4
2026-01-17T12:42:31Z,0,0,0,2.6,0,0,28.2,845.6,28.2,29.5,36.8,744,5476,0,0.6,116,1.1,1.1,28.9,19.4,22.6
2026-01-17T12:57:36Z,0,0,0,1,0,0,27.8,845.6,28.3,28.8,39.1,447,2087,0,0.6,132,1.5,1.5,28.3,19.3,22.3
2026-01-17T13:12:46Z,0,0,0,2.1,0,0,29.1,845.5,29,30.1,36.7,644,4368,0,0.5,37,0.9,0.9,29.4,19.9,23
2026-01-17T13:28:33Z,0,0,0,2,0,0,29.1,845.5,29.2,30.3,37.5,621,4205,0,0.6,125,1.1,1.1,29.7,20.2,23.2
2026-01-17T13:43:42Z,0,0,0,0.6,0,0,27.2,845.5,27.2,28.3,40.2,359,1151,0,1,86,2.4,2.4,27.9,19.1,22
2026-01-17T13:59:29Z,0,0,0,1.4,0,0,28.2,845.5,28.3,29.4,39.1,508,2973,0,0.6,47,2.6,2.6,29,19.8,22.7
2026-01-17T14:14:34Z,0,0,0,0.3,0,0,26.1,845.7,26.2,27,44,321,763,0,1.5,87,4.6,4.6,27.1,18.7,21.3
2026-01-17T14:29:39Z,0,0,0,0.7,0,0,26.4,845.9,26.6,27.1,44.2,395,1715,0,0.9,84,2.8,2.8,27.2,18.8,21.4
2026-01-17T14:45:36Z,0,0,0,0.3,0,0,26,845.9,26.1,26.4,45.2,309,684,0,1.2,115,3.9,3.9,26.4,18.4,20.8
2026-01-17T15:00:49Z,0,0,0,0.3,0,0,25.4,846,25.6,25.8,46.6,306,692,0,1.3,61,2.8,2.8,25.7,18.2,20.3
2026-01-17T15:15:55Z,0,0,0,0.2,0,0,24.9,846.2,25,25.3,48,291,543,0,0.9,66,3.7,3.7,25.2,17.9,19.9
2026-01-17T15:31:00Z,0,0,0,0.1,0,0,24.4,846.5,24.5,24.7,49.8,276,406,0,0.4,69,1.5,1.5,24.6,17.7,19.5
2026-01-17T15:46:36Z,0,0,0,0,0,0,23.9,846.6,24,24.2,52.1,263,279,0,0.4,64,0.9,0.9,24.1,17.6,19.1
2026-01-17T16:01:42Z,0,0,0,0,0,0,23.3,846.8,23.4,23.6,54.8,262,255,0,1.9,75,4.1,4.1,23.5,17.5,18.6
2026-01-17T16:16:47Z,0,0,0,0,0,0,22.9,847.1,23.1,23.2,55.9,259,254,0,0.5,153,2.7,2.7,23.1,17.3,18.3
2026-01-17T16:32:38Z,0,0,0,0,0,0,22.5,847.5,22.7,22.8,59.2,260,254,0,1,89,3.1,3.1,22.8,17.4,17.9
2026-01-17T16:47:43Z,0,0,0,0,0,0,22.2,847.8,22.3,22.5,60.8,261,254,0,0.2,117,0.4,0.4,22.5,17.4,17.7
2026-01-17T17:02:48Z,0,0,0,0,0,0,22,848.1,22.2,22.4,60,261,254,0,0.4,85,0.7,0.7,22.3,17.1,17.5
2026-01-17T17:17:54Z,0,0,0,0,0,0,21.9,848.2,22.1,22.2,60,259,253,0,0.7,66,2.6,2.6,22.1,17,17.4
2026-01-17T17:33:43Z,0,0,0,0,0,0,21.7,848.4,21.8,22,60.9,261,253,0,0.2,64,0.7,0.7,21.9,16.9,17.2
2026-01-17T17:48:48Z,0,0,0,0,0,0,21.4,848.7,21.6,21.7,61.8,259,253,0,0.7,60,1.7,1.7,21.6,16.8,17
2026-01-17T18:04:42Z,0,0,0,0,0,0,21.1,848.8,21.2,21.5,63,260,254,0,1.1,67,1.5,1.5,21.4,16.7,16.8
2026-01-17T18:19:44Z,0,0,0,0,0,0,20.9,848.9,21.1,21.2,64.3,261,253,0,0.7,86,1.6,1.6,21.2,16.7,16.6
2026-01-17T18:35:42Z,0,0,0,0,0,0,21,849.1,21.1,21.3,64.5,260,253,0,0.8,75,1.7,1.7,21.2,16.8,16.7
2026-01-17T18:50:47Z,0,0,0,0,0,0,21,849.2,21.1,21.3,64.8,258,253,0,0.4,43,0.9,0.9,21.2,16.8,16.7
2026-01-17T19:06:47Z,0,0,0,0,0,0,20.9,849.2,21.1,21.2,65.2,260,254,0,0.2,61,0.7,0.7,21.2,16.8,16.6
2026-01-17T19:21:52Z,0,0,0,0,0,0,20.9,849.2,21,21.2,65.6,262,253,0,0.3,56,1,1,21.1,16.8,16.6
2026-01-17T19:37:50Z,0,0,0,0,0,0,20.7,849.3,20.9,21.1,66.5,261,254,0,0.4,58,1.1,1.1,21,16.8,16.5
2026-01-17T19:52:56Z,0,0,0,0,0,0,20.5,849.3,20.6,20.9,67.4,259,253,0,0.4,70,0.9,0.9,20.8,16.8,16.3
2026-01-17T20:08:01Z,0,0,0,0,0,0,20.3,849.1,20.5,20.7,68.7,259,254,0,0.4,78,0.7,0.7,20.6,16.7,16.1
2026-01-17T20:23:56Z,0,0,0,0,0,0,20.1,849.1,20.3,20.5,69.3,259,254,0,0.7,115,1.7,1.7,20.5,16.7,16
2026-01-17T20:39:00Z,0,0,0,0,0,0,20.1,849,20.2,20.4,69.6,261,254,0,0.3,68,0.9,0.9,20.4,16.6,15.9
2026-01-17T20:54:05Z,0,0,0,0,0,0,19.8,849.1,20,20.2,70.5,259,252,0,0,126,0,0,20.2,16.5,15.7
2026-01-17T21:09:11Z,0,0,0,0,0,0,19.6,849,19.8,19.9,71.8,260,254,0,0,70,0.2,0.2,19.9,16.4,15.4
2026-01-17T21:24:17Z,0,0,0,0,0,0,19.6,848.8,19.8,20,72.3,259,254,0,0.3,120,0.9,0.9,19.9,16.5,15.5
2026-01-17T21:39:22Z,0,0,0,0,0,0,19.7,848.6,19.9,20.1,72.4,260,253,0,0.1,94,0.4,0.4,20,16.6,15.6
2026-01-17T21:54:47Z,0,0,0,0,0,0,19.4,848.4,19.6,19.8,73.3,260,254,0,0,98,0.2,0.2,19.8,16.5,15.3
2026-01-17T22:09:53Z,0,0,0,0,0,0,19.1,848.4,19.2,19.4,74.6,260,253,0,0,96,0,0,19.4,16.3,15
2026-01-17T22:24:58Z,0,0,0,0,0,0,18.7,848.2,18.8,18.9,76.8,261,253,0,0,96,0,0,18.9,16.1,14.6
2026-01-17T22:40:03Z,0,0,0,0,0,0,18.1,848.1,18.2,18.3,79,260,252,0,0,96,0,0,18.3,15.8,14
2026-01-17T22:56:02Z,0,0,0,0,0,0,17.6,848.1,17.8,17.8,80.8,260,253,0,0,96,0.1,0.1,17.8,15.5,13.5
2026-01-17T23:12:08Z,0,0,0,0,0,0,17.2,848,17.4,17.6,81.3,259,254,0,0,96,0,0,17.5,15.4,13.3
2026-01-17T23:27:13Z,0,0,0,0,0,0,17,847.8,17.1,17.3,82.3,260,254,0,0,96,0,0,17.3,15.2,13.1
2026-01-17T23:43:05Z,0,0,0,0,0,0,16.8,847.7,16.9,17.1,83.3,259,254,0,0,96,0,0,17,15.1,12.8
2026-01-17T23:58:10Z,0,0,0,0,0,0,16.5,847.7,16.7,16.9,84.2,260,253,0,0,96,0,0,16.9,15,12.6
2026-01-18T00:00:10Z,0,0,0,0,0,0,16.5,847.7,16.7,16.9,84.3,260,253,0,0,96,0,0,16.9,15.1,12.7
2026-01-18T00:15:26Z,0,0,0,0,0,0,16.7,847.6,16.9,17.1,84.1,262,254,0,0,96,0,0,17.1,15.3,12.9
2026-01-18T00:30:57Z,0,0,0,0,0,0,16.7,847.6,16.9,17.1,84,260,254,0,0,96,0,0,17.1,15.2,12.9
2026-01-18T00:46:03Z,0,0,0,0,0,0,17,847.9,17.2,17.5,83.6,261,253,0,0,96,0,0,17.5,15.6,13.3
2026-01-18T01:01:08Z,0,0,0,0,0,0,17.3,848,17.6,17.8,82.7,261,253,0,0,96,0,0,17.8,15.8,13.6
2026-01-18T01:16:13Z,0,0,0,0,0,0,17.5,847.9,17.8,18,81.5,260,253,0,0,96,0,0,18,15.8,13.7
2026-01-18T01:31:18Z,0,0,0,0,0,0,17.5,848,17.7,17.8,81.7,261,255,0,0,96,0,0,17.8,15.6,13.5
2026-01-18T01:46:24Z,0,0,0,0,0,0,17.1,848.1,17.1,17.4,82.4,260,252,0,0,96,0,0,17.4,15.3,13.2
2026-01-18T02:01:29Z,0,0,0,0,0,0,16.8,848.3,16.9,17.1,84.1,260,254,0,0,96,0,0,17.1,15.2,12.9
2026-01-18T02:16:51Z,0,0,0,0,0,0,16.6,848.4,16.8,17,84.2,260,255,0,0,96,0,0,17,15.1,12.8
2026-01-18T02:31:56Z,0,0,0,0,0,0,16.6,848.5,16.8,17,84.9,261,252,0,0,96,0,0,17,15.3,12.8
2026-01-18T02:47:24Z,0,0,0,0,0,0,16.8,848.6,17.1,17.3,85.2,260,254,0,0,96,0,0,17.3,15.5,13
2026-01-18T03:02:48Z,0,0,0,0,0,0,17.2,848.8,17.6,17.8,83.4,261,253,0,0,96,0,0,17.8,15.8,13.5
2026-01-18T03:17:53Z,0,0,0,0,0,0,17.4,848.7,17.6,17.8,83.4,259,253,0,0,96,0.2,0.2,17.8,15.8,13.5
2026-01-18T03:32:58Z,0,0,0,0,0,0,17.5,848.7,17.8,17.9,83.1,261,266,0,0.1,81,0.4,0.4,17.9,15.9,13.6
2026-01-18T03:48:03Z,0,0,0,0.1,0,0,17.6,848.8,17.8,17.9,83.2,270,375,0,0,81,0,0,17.9,15.9,13.6
2026-01-18T04:03:08Z,0,0,0,0.1,0,0,17.6,849.1,17.8,17.9,83,277,385,0,0,82,0,0,17.9,15.9,13.7
2026-01-18T04:18:13Z,0,0,0,0.2,0,0,17.8,849.2,17.9,18.1,82.7,287,495,0,0,82,0,0,18.1,16,13.8
2026-01-18T04:33:19Z,0,0,0,0.2,0,0,18.2,849.3,18.4,18.5,81.8,303,668,0,0.1,81,0.4,0.4,18.5,16.3,14.2
2026-01-18T04:48:24Z,0,0,0,0.4,0,0,18.6,849.4,18.7,18.9,79.7,340,1061,0,0.6,101,1.3,1.3,18.9,16.4,14.6
2026-01-18T05:03:55Z,0,0,0,0.4,0,0,19.8,849.4,19.7,19.7,77.1,340,985,0,0.5,97,0.9,0.9,19.7,16.9,15.3
2026-01-18T05:19:01Z,0,0,0,0.9,0,0,20.6,849.6,20.3,20.6,73.7,428,2005,0,0.3,69,1.3,1.3,20.6,17.3,16.1
2026-01-18T05:34:06Z,0,0,0,1.3,0,0,21,849.7,20.8,21,72.4,500,2878,0,0,31,0.2,0.2,21,17.5,16.5
2026-01-18T05:49:11Z,0,0,0,2.1,0,0,23.1,849.6,22.6,23,64,656,4717,0,1.6,94,2.2,2.2,23,18.3,18.2
2026-01-18T06:04:17Z,0,0,0,2.2,0,0,23.5,849.7,23,23.4,62.5,662,4765,0,0.7,27,2.2,2.2,23.4,18.4,18.5
2026-01-18T06:19:23Z,0,0,0,0.7,0,0,22.2,849.8,21.9,22.2,64.8,385,1421,0,0.5,89,1.5,1.5,22.2,17.6,17.5
2026-01-18T06:34:28Z,0,0,0,2.4,0,0,23.9,849.6,23.5,23.8,60.5,703,5014,0,0.2,44,0.4,0.4,23.8,18.5,18.8
2026-01-18T06:50:10Z,0,0,0,2.8,0,0,24,849.6,23.7,24.4,56.6,774,5773,0,1.2,82,2.6,2.6,24.4,18.5,19.3
2026-01-18T07:05:15Z,0,0,0,0.9,0,0,24,849.6,23.8,24.7,55.9,416,1741,0,0.8,90,1.5,1.5,24.7,18.7,19.5
2026-01-18T07:20:21Z,0,0,0,2.6,0,0,25.6,849.6,25.3,26,53,741,5454,0,0.3,93,0.9,0.9,26.1,19.4,20.6
2026-01-18T07:35:26Z,0,0,0,3.6,0,0,25.4,849.4,25.1,26,51.4,927,7421,0,1.7,60,3.5,3.5,26,19.1,20.5
2026-01-18T07:50:31Z,0,0,0,1.6,0,0,23.6,849.2,23.5,24.3,57.3,554,3198,0,1.1,68,2.2,2.2,24.3,18.5,19.2
2026-01-18T08:05:58Z,0,0,0,1.5,0,0,24.5,849,24.4,25.2,54.6,539,3041,0,1.1,114,3.5,3.5,25.2,18.9,19.9
2026-01-18T08:21:03Z,0,0,0,1.2,0,0,25.2,849,25.2,25.9,52,478,2465,0,2.1,88,3.9,3.9,25.9,19.1,20.5
2026-01-18T08:36:08Z,0,0,0,2.2,0,0,25.1,849,25.2,25.7,52.4,671,4476,0,0.7,111,2.4,2.4,25.7,19,20.3
2026-01-18T08:51:13Z,0,0,0,1.5,0,0,25.3,848.9,25.4,26,50.7,537,3145,0,1.2,147,2,2,26,19,20.5
2026-01-18T09:06:18Z,0,0,0,4.7,0,0,24.7,848.7,24.8,25.4,53.3,1136,9702,0,1.1,100,3.3,3.3,25.4,18.8,20
2026-01-18T09:21:23Z,0,0,0,1.7,0,0,24.9,848.6,24.9,25.8,51.1,570,3315,0,1.4,73,3.1,3.1,25.8,18.8,20.4
2026-01-18T09:37:08Z,0,0,0,4.8,0,0,25.4,848.4,25.4,26,48.9,1146,9727,0,1.6,55,3.1,3.1,26,18.7,20.5
2026-01-18T09:52:13Z,0,0,0,4.4,0,0,25,848.1,25.1,25.8,49.6,1071,8881,0,1.1,91,2.4,2.4,25.7,18.6,20.3
2026-01-18T10:07:18Z,0,0,0,4.6,0,0,26,848,26.1,26.9,48.1,1116,9437,0,0.8,41,1.5,1.5,27.2,19.3,21.4
2026-01-18T10:22:24Z,0,0,0,4.5,0,0,27.1,847.7,27.1,28,45.8,1104,9290,0,0.8,96,2.4,2.4,28.1,19.9,22.1
2026-01-18T10:37:29Z,0,0,0,4.8,0,0,26.6,847.5,26.4,27.6,44.3,1151,9857,0,1,60,2.2,2.2,27.6,19.3,21.7
2026-01-18T10:52:36Z,0,0,0,4.7,0,0,25.7,847.3,25.8,26.5,47.9,1132,9804,0,1.9,78,4.1,4.1,26.5,18.9,20.9
2026-01-18T11:07:42Z,0,0,0,1.2,0,0,26.6,847.2,26.6,27.6,45.8,474,2361,0,1.9,92,3.7,3.7,27.7,19.5,21.8
2026-01-18T11:23:04Z,0,0,0,3.9,0,0,26.3,847.1,26.2,27.2,46,987,8186,0,2,74,3.3,3.3,27.4,19.2,21.5
2026-01-18T11:38:11Z,0,0,0,3.9,0,0,27.4,846.7,27.4,28.6,44,982,7979,0,1.3,117,3.7,3.7,28.5,20,22.4
2026-01-18T11:53:16Z,0,0,0,3.7,0,0,26.8,846.5,26.9,27.8,44.7,952,7663,0,1.3,164,2.8,2.8,27.8,19.5,21.9
2026-01-18T12:08:21Z,0,0,0,3.3,0,0,27.9,846.3,27.8,28.8,42.9,879,6821,0,1,45,2.6,2.6,28.7,20,22.5
2026-01-18T12:23:25Z,0,0,0,2.9,0,0,27.5,846.1,27.8,28.7,42.8,804,6027,0,0.5,109,2.8,2.8,28.6,19.9,22.4
2026-01-18T12:38:31Z,0,0,0,2.9,0,0,28,845.9,27.9,29.4,42.3,790,5907,0,1,78,2.4,2.4,29.2,20.4,22.9
2026-01-18T12:53:36Z,0,0,0,2.5,0,0,28.6,845.9,28.5,29.7,41.2,732,5275,0,0.7,42,1.5,1.5,29.5,20.4,23.1
2026-01-18T13:09:13Z,0,0,0,2.1,0,0,27.3,845.8,27.4,28.6,42.6,652,4435,0,0.9,68,1.7,1.7,28.4,19.8,22.3
2026-01-18T13:24:23Z,0,0,0,0.5,0,0,28.4,845.8,28.6,29.7,40.9,349,1051,0,0.3,100,1.1,1.1,29.4,20.4,23
2026-01-18T13:40:18Z,0,0,0,1.7,0,0,27.2,846,27.3,28.5,41,572,3593,0,1.1,77,2.4,2.4,28.2,19.4,22.2
2026-01-18T13:56:15Z,0,0,0,1.4,0,0,27.4,845.8,27.5,28.9,40.2,514,2995,0,0.7,87,1.7,1.7,28.5,19.6,22.4
2026-01-18T14:11:20Z,0,0,0,1.1,0,0,26.4,846,26.6,27.6,43.5,463,2455,0,1.4,90,4.1,4.1,27.5,19.1,21.7
2026-01-18T14:26:26Z,0,0,0,0.4,0,0,26.5,846.1,26.7,27.7,43.3,334,923,0,0.3,59,1.5,1.5,27.7,19.2,21.8
2026-01-18T14:41:34Z,0,0,0,0.3,0,0,25.7,846.2,25.7,26.2,45.7,316,769,0,1.3,66,2.4,2.4,26.1,18.3,20.6
2026-01-18T14:57:32Z,0,0,0,0.2,0,0,25.2,846.4,25.2,25.5,47.4,295,535,0,0.1,83,0.4,0.4,25.4,18,20.1
2026-01-18T15:12:38Z,0,0,0,0.2,0,0,24.7,846.5,24.8,25.1,48.2,285,430,0,0.9,77,2.6,2.6,25,17.8,19.8
2026-01-18T15:28:05Z,0,0,0,0.1,0,0,24.2,846.7,24.4,24.6,50.1,274,373,0,0.4,89,2.2,2.2,24.5,17.7,19.4
2026-01-18T15:43:36Z,0,0,0,0,0,0,23.9,846.8,24,24.2,50.9,265,281,0,1,58,1.7,1.7,24.1,17.4,19
2026-01-18T15:59:25Z,0,0,0,0,0,0,23.5,847,23.6,23.8,52.3,260,255,0,0.3,76,0.9,0.9,23.6,17.3,18.7
2026-01-18T16:16:15Z,0,0,0,0,0,0,23.1,847,23.2,23.4,54,259,253,0,1.3,66,2.4,2.4,23.3,17.2,18.4
2026-01-18T16:31:52Z,0,0,0,0,0,0,23,847.4,23.1,23.2,55.2,260,253,0,0.4,187,1.3,1.3,23.1,17.2,18.3
2026-01-18T16:47:12Z,0,0,0,0,0,0,22.8,847.4,22.9,23.1,55.3,261,253,0,0,125,0.2,0.2,23,17.1,18.2
2026-01-18T17:02:24Z,0,0,0,0,0,0,22.4,847.5,22.6,22.7,56.1,261,253,0,0.1,212,0.4,0.4,22.6,16.9,17.8
2026-01-18T17:18:07Z,0,0,0,0,0,0,22.1,847.7,22.2,22.4,56.9,261,254,0,0.2,49,0.7,0.7,22.3,16.7,17.5
2026-01-18T17:33:40Z,0,0,0,0,0,0,21.8,847.9,22,22.1,58.2,261,253,0,1.4,61,2.8,2.8,22,16.6,17.3
2026-01-18T17:49:38Z,0,0,0,0,0,0,21.7,847.9,21.8,22,59.1,260,253,0,0.1,56,0.7,0.7,21.8,16.6,17.2
2026-01-18T18:04:54Z,0,0,0,0,0,0,21.7,848,21.8,22,59.8,260,254,0,0.2,118,0.7,0.7,21.9,16.8,17.2
2026-01-18T18:20:33Z,0,0,0,0,0,0,21.7,848.2,21.9,22,60,260,253,0,1.1,77,2.4,2.4,21.9,16.8,17.2
2026-01-18T18:35:49Z,0,0,0,0,0,0,21.5,848.4,21.8,21.9,60.8,262,254,0,0.2,90,1.1,1.1,21.8,16.8,17.1
2026-01-18T18:51:30Z,0,0,0,0,0,0,21.4,848.6,21.6,21.7,61.5,259,253,0,0.2,61,0.9,0.9,21.7,16.8,17
2026-01-18T19:07:24Z,0,0,0,0,0,0,21.3,848.6,21.5,21.6,62.1,260,255,0,0,111,0,0,21.5,16.7,16.9
2026-01-18T19:22:51Z,0,0,0,0,0,0,21.2,848.8,21.4,21.5,62.5,261,254,0,0.4,72,1.5,1.5,21.5,16.7,16.8
2026-01-18T19:38:33Z,0,0,0,0,0,0,21.3,848.9,21.5,21.6,64.5,259,253,0,0.3,67,0.9,0.9,21.6,17.1,16.9
2026-01-18T19:54:27Z,0,0,0,0,0,0,20.7,848.9,20.7,20.9,67.5,260,253,0,0.3,53,0.7,0.7,20.9,16.8,16.4
2026-01-18T20:09:32Z,0,0,0,0,0,0,20.3,848.8,20.4,20.5,70.6,260,253,0,0.1,54,0.4,0.4,20.5,16.9,16
2026-01-18T20:24:37Z,0,0,0,0,0,0,20.3,848.9,20.5,20.6,70.7,260,253,0,0.2,44,0.4,0.4,20.6,17,16.1
2026-01-18T20:39:43Z,0,0,0,0,0,0,20.1,849,20.2,20.5,72.1,262,254,0,0.6,62,0.9,0.9,20.5,17,16
2026-01-18T20:54:49Z,0,0,0,0,0,0,19.7,848.9,19.8,20,73.2,259,253,0,0.4,74,0.7,0.7,20,16.7,15.6
2026-01-18T21:09:54Z,0,0,0,0,0,0,19.1,848.8,19.2,19.6,76,261,253,0,0.4,47,0.7,0.7,19.6,16.6,15.2
2026-01-18T21:24:59Z,0,0,0,0,0,0,19,848.5,19.1,19.4,77.5,260,254,0,0.3,45,0.7,0.7,19.4,16.6,15
2026-01-18T21:40:24Z,0,0,0,0,0,0,18.7,848.6,18.8,19.1,79.3,259,253,0,0,45,0,0,19.1,16.6,14.7
2026-01-18T21:55:44Z,0,0,0,0,0,0,18.4,848.5,18.4,18.6,81.8,260,254,0,0,45,0,0,18.6,16.4,14.3
2026-01-18T22:11:41Z,0,0,0,0,0,0,18,848.4,18,18.2,83.2,261,253,0,0,45,0,0,18.2,16.2,13.9
2026-01-18T22:26:46Z,0,0,0,0,0,0,17.7,848.1,17.8,18,84.2,260,253,0,0.2,44,0.4,0.4,18,16.1,13.7
2026-01-18T22:41:52Z,0,0,0,0,0,0,17.4,847.8,17.5,17.7,85,260,253,0,0,45,0.2,0.2,17.8,15.9,13.5
2026-01-18T22:56:57Z,0,0,0,0,0,0,17.3,847.8,17.4,17.6,85.7,261,253,0,0,45,0.2,0.2,17.7,15.9,13.4
2026-01-18T23:12:49Z,0,0,0,0,0,0,17.2,847.7,17.2,17.5,86.1,261,254,0,0,45,0.2,0.2,17.5,15.8,13.3
2026-01-18T23:27:55Z,0,0,0,0,0,0,17,847.6,17.2,17.4,86.1,259,253,0,0,45,0,0,17.4,15.7,13.2
2026-01-18T23:43:34Z,0,0,0,0,0,0,16.8,847.4,16.9,17.2,86.8,261,253,0,0,45,0,0,17.2,15.6,12.9
2026-01-18T23:58:45Z,0,0,0,0,0,0,16.6,847.4,16.7,16.9,87.5,261,253,0,0,45,0,0,16.9,15.4,12.6
2026-01-19T00:00:47Z,0,0,0,0,0,0,16.5,847.3,16.7,16.8,87.7,261,254,0,0,45,0,0,16.8,15.4,12.6
2026-01-19T00:15:52Z,0,0,0,0,0,0,16.4,847.4,16.4,16.7,87.8,259,254,0,0,45,0,0,16.7,15.3,12.5
2026-01-19T00:30:57Z,0,0,0,0,0,0,16.2,847.6,16.4,16.6,88.6,261,253,0,0,45,0,0,16.6,15.3,12.4
2026-01-19T00:46:02Z,0,0,0,0,0,0,16.3,847.7,16.4,16.7,88.4,262,254,0,0,45,0,0,16.7,15.3,12.5
2026-01-19T01:01:28Z,0,0,0,0,0,0,16.1,847.7,16.2,16.5,88.1,259,253,0,0,45,0,0,16.5,15.1,12.3
2026-01-19T01:16:33Z,0,0,0,0,0,0,15.8,847.8,16.1,16.2,88.4,260,253,0,0,45,0,0,16.2,14.8,12
2026-01-19T01:31:38Z,0,0,0,0,0,0,15.6,847.9,15.9,16,88.9,260,253,0,0,45,0,0,16,14.7,11.8
2026-01-19T01:46:43Z,0,0,0,0,0,0,15.4,848,15.8,15.8,89.6,261,254,0,0,45,0,0,15.8,14.6,11.6
2026-01-19T02:02:37Z,0,0,0,0,0,0,15.4,848.2,15.8,15.8,90.2,260,253,0,0,45,0,0,15.8,14.7,11.6
2026-01-19T02:18:07Z,0,0,0,0,0,0,15.4,848.5,15.8,15.8,90.2,259,255,0,0,45,0,0,15.8,14.7,11.6
2026-01-19T02:33:31Z,0,0,0,0,0,0,15.4,848.6,15.8,15.9,90.2,262,253,0,0,45,0,0,15.8,14.7,11.6
2026-01-19T02:48:39Z,0,0,0,0,0,0,15.5,848.6,15.8,15.9,90.2,260,253,0,0,45,0.2,0.2,15.9,14.8,11.7
2026-01-19T03:03:45Z,0,0,0,0,0,0,15.6,848.8,16,16,90.1,261,253,0,0,45,0,0,16,14.8,11.8
2026-01-19T03:18:50Z,0,0,0,0,0,0,15.5,848.9,15.9,15.9,90,260,254,0,0,45,0,0,15.9,14.8,11.7
2026-01-19T03:33:55Z,0,0,0,0,0,0,15.6,849.1,15.9,15.9,89.8,261,274,0,0,45,0.2,0.2,15.9,14.8,11.7
2026-01-19T03:49:00Z,0,0,0,0.1,0,0,15.4,849.2,15.7,15.8,89.7,267,322,0,0,45,0,0,15.8,14.6,11.6
2026-01-19T04:04:05Z,0,0,0,0.2,0,0,16.2,849.3,16.3,16.5,91.1,285,539,0,0,118,0.2,0.2,16.6,15.5,12.4
2026-01-19T04:19:10Z,0,0,0,0.3,0,0,16.6,849.3,16.8,17,91,305,706,0,0.1,90,0.2,0.2,17,15.9,12.8
2026-01-19T04:34:35Z,0,0,0,0.4,0,0,17.2,849.5,17.2,17.4,89.9,334,1097,0,0.1,102,0.4,0.4,17.5,16.2,13.2
2026-01-19T04:49:41Z,0,0,0,0.4,0,0,17.6,849.7,17.8,18,86.1,327,973,0,0.3,114,1.1,1.1,18,16.3,13.7
2026-01-19T05:04:53Z,0,0,0,0.4,0,0,17.8,849.9,18,18.2,84.7,328,976,0,0,121,0,0,18.2,16.4,13.9
2026-01-19T05:20:28Z,0,0,0,0.2,0,0,18.2,849.9,18.3,18.5,83.3,303,720,0,0,121,0,0,18.5,16.5,14.2
2026-01-19T05:35:37Z,0,0,0,0.2,0,0,17.9,850,17.9,18.3,84.6,292,577,0,0.3,62,1.2,1.2,18.3,16.4,14
2026-01-19T05:50:42Z,0,0,0,0.4,0,0,17.5,850.2,17.4,17.7,87.4,332,995,0,0.1,49,0.4,0.4,17.8,16.2,13.5
2026-01-19T06:05:47Z,0,0,0,0.5,0,0,18,850.3,18.1,18.4,86.6,347,1164,0,0.1,50,0.4,0.4,18.4,16.7,14.1
2026-01-19T06:20:52Z,0,0,0,0.6,0,0,18.5,850.2,18.7,18.9,84.2,364,1396,0,0.9,67,1.5,1.5,19,17,14.6
2026-01-19T06:35:57Z,0,0,0,0.8,0,0,19.2,850.1,19.2,19.5,81.4,398,1708,0,0.2,51,0.9,0.9,19.6,17.3,15.2
2026-01-19T06:51:02Z,0,0,0,1.5,0,0,20.8,850.1,20.6,21,75.4,539,3173,0,0.8,63,2.2,2.2,21,17.9,16.5
2026-01-19T07:06:40Z,0,0,0,3.6,0,0,20.8,850.1,20.8,21.4,73,929,7607,0,0.4,75,1.1,1.1,21.4,17.9,16.8
2026-01-19T07:21:45Z,0,0,0,1.6,0,0,23.6,849.8,23.4,23.9,64.1,560,3227,0,0.8,49,1.7,1.7,23.9,19,18.9
2026-01-19T07:36:51Z,0,0,0,1.1,0,0,23.9,849.7,23.6,24.4,59.5,455,2118,0,1.3,37,2,2,24.4,18.9,19.3
2026-01-19T07:52:47Z,0,0,0,4.1,0,0,23.6,849.5,23.5,24.1,59.2,1019,8482,0,0.4,96,1.3,1.3,24.1,18.6,19.1
2026-01-19T08:08:44Z,0,0,0,4.1,0,0,24.7,849.4,24.5,25,57.4,1023,8444,0,0.8,72,3.5,3.5,25,19.1,19.8
2026-01-19T08:23:49Z,0,0,0,4.2,0,0,23.9,849.3,23.7,24.5,55.7,1036,8558,0,1,75,2,2,24.4,18.4,19.3
2026-01-19T08:38:54Z,0,0,0,4,0,0,24,849.1,23.7,24.8,53.6,1011,8247,0,1.3,88,3.5,3.5,24.8,18.4,19.6
2026-01-19T08:54:00Z,0,0,0,1.7,0,0,25,848.9,24.7,25.6,52.8,567,3290,0,1.8,93,2.8,2.8,25.6,19,20.2
2026-01-19T09:09:05Z,0,0,0,4.5,0,0,25.7,848.6,25.4,26.1,50.5,1094,9161,0,1.2,60,3.5,3.5,26.1,19,20.6
2026-01-19T09:24:10Z,0,0,0,1,0,0,25.7,848.3,25.4,26.5,49.4,439,2020,0,1.1,84,2.2,2.2,26.6,19.2,21
2026-01-19T09:39:15Z,0,0,0,0.9,0,0,26.3,848.1,26,27,47.4,426,1973,0,1.9,74,3.7,3.7,27.3,19.3,21.5
2026-01-19T09:54:52Z,0,0,0,0.8,0,0,26.1,847.9,26.1,26.9,45.8,413,1672,0,2,93,4.6,4.6,27.1,19,21.4
2026-01-19T10:10:48Z,0,0,0,4.3,0,0,25.7,847.6,25.8,26.4,47.1,1064,8831,0,0.3,32,1,1,26.4,18.7,20.8
2026-01-19T10:26:10Z,0,0,0,4.2,0,0,26.2,847.3,26.2,27,46.2,1043,8577,0,0.8,143,2,2,27.2,19.1,21.4
2026-01-19T10:41:56Z,0,0,0,1.1,0,0,27.9,847.2,28.1,29,41.7,467,2294,0,0.4,126,2,2,28.7,19.9,22.5
2026-01-19T10:57:01Z,0,0,0,4.4,0,0,28.7,847,28.3,29.5,38.9,1074,8937,0,1.2,94,3.3,3.3,29,19.8,22.7
2026-01-19T11:12:06Z,0,0,0,4.1,0,0,28.3,846.7,28.2,29.3,39.2,1025,8398,0,1,79,3.1,3.1,28.8,19.7,22.6
2026-01-19T11:27:12Z,0,0,0,0.6,0,0,29.4,846.5,29.6,30.6,37.9,378,1333,0,0.5,133,1.7,1.7,30.1,20.5,23.5
2026-01-19T11:42:17Z,0,0,0,0.8,0,0,28.3,846.3,28.2,29.5,38.3,401,1520,0,0.4,97,1.6,1.6,29,19.7,22.7
2026-01-19T11:57:22Z,0,0,0,3.5,0,0,28.9,845.9,28.9,30,37.7,918,7295,0,0.7,127,2.2,2.2,29.4,20,23
2026-01-19T12:12:27Z,0,0,0,0.9,0,0,27.8,845.8,27.7,28.9,38.2,419,1866,0,1.4,76,2.4,2.4,28.3,19.2,22.3
2026-01-19T12:28:03Z,0,0,0,0.6,0,0,28.8,845.7,28.8,30,35.8,367,1273,0,1.9,71,3.5,3.5,29.3,19.6,22.9
2026-01-19T12:43:08Z,0,0,0,2.8,0,0,28.5,845.6,28.6,29.6,37.3,771,5749,0,0.4,69,1.3,1.3,29,19.6,22.7
2026-01-19T12:58:13Z,0,0,0,2.8,0,0,28.3,845.5,28.4,29.5,38.8,784,5921,0,0.2,104,0.8,0.8,29,19.8,22.7
2026-01-19T13:13:19Z,0,0,0,2,0,0,27.5,845.5,27.5,28.6,38.7,638,4356,0,0.8,96,2,2,28.1,19,22.1
2026-01-19T13:28:24Z,0,0,0,1.1,0,0,28,845.5,28.2,29.2,39.7,469,2416,0,1.2,64,2.6,2.6,28.8,19.7,22.6
2026-01-19T13:43:30Z,0,0,0,1.6,0,0,28.6,845.7,28.7,29.9,37.5,558,3433,0,0.2,45,0.9,0.9,29.3,19.9,22.9
2026-01-19T13:58:35Z,0,0,0,1.4,0,0,27.7,845.8,27.9,29,38.5,516,3035,0,0.6,138,1.5,1.5,28.5,19.4,22.4
2026-01-19T14:14:01Z,0,0,0,1,0,0,27.1,845.9,27.5,28.2,38.5,444,2240,0,1,105,3.3,3.3,27.8,18.7,21.9
2026-01-19T14:29:06Z,0,0,0,0.8,0,0,26.9,845.8,27,28,40.4,412,1908,0,0.4,46,2,2,27.7,18.9,21.8
2026-01-19T14:44:12Z,0,0,0,0.2,0,0,25.9,846,25.9,26.2,43.5,296,520,0,1.3,94,3.5,3.5,26.2,18,20.7
2026-01-19T15:00:06Z,0,0,0,0.2,0,0,25.4,846,25.4,25.7,43.2,290,472,0,1.4,75,2.8,2.8,25.6,17.5,20.2
2026-01-19T15:15:11Z,0,0,0,0.2,0,0,24.9,846.3,25,25.2,46.1,287,459,0,0.8,84,2.4,2.4,25.1,17.6,19.9
2026-01-19T15:30:16Z,0,0,0,0.1,0,0,24.6,846.5,24.8,24.9,47.1,274,370,0,0.5,110,1.5,1.5,24.8,17.4,19.6
2026-01-19T15:45:21Z,0,0,0,0,0,0,24.2,846.8,24.3,24.5,48.9,265,302,0,0.6,95,2.4,2.4,24.4,17.4,19.3
2026-01-19T16:00:26Z,0,0,0,0,0,0,23.8,847,24,24.1,50.3,260,256,0,1.5,62,3.7,3.7,24,17.3,19
2026-01-19T16:16:10Z,0,0,0,0,0,0,23.6,847.1,23.8,23.9,51,260,253,0,1.4,86,2.6,2.6,23.7,17.2,18.8
2026-01-19T16:31:30Z,0,0,0,0,0,0,23.2,847.2,23.4,23.5,52.6,260,253,0,2,86,4.2,4.2,23.4,17.1,18.5
2026-01-19T16:46:36Z,0,0,0,0,0,0,22.9,847.3,23,23.2,53.5,261,253,0,1.4,77,3.3,3.3,23.1,16.9,18.2
2026-01-19T17:02:01Z,0,0,0,0,0,0,22.4,847.4,22.6,22.7,54.4,261,253,0,1.2,79,3.4,3.4,22.6,16.7,17.8
2026-01-19T17:17:06Z,0,0,0,0,0,0,22.2,847.6,22.4,22.5,55.6,261,253,0,0.8,69,2.2,2.2,22.4,16.7,17.6
2026-01-19T17:32:12Z,0,0,0,0,0,0,21.9,847.8,22.1,22.2,56.6,261,254,0,0.5,79,1.5,1.5,22.1,16.5,17.4
2026-01-19T17:47:17Z,0,0,0,0,0,0,21.6,848.2,21.8,21.9,57.8,260,253,0,1,94,3,3,21.8,16.4,17.2
2026-01-19T18:02:22Z,0,0,0,0,0,0,21.5,848.3,21.7,21.8,58.7,259,254,0,0.8,68,1.7,1.7,21.7,16.4,17
2026-01-19T18:17:28Z,0,0,0,0,0,0,21.2,848.5,21.4,21.5,59.9,259,253,0,0.9,74,2.4,2.4,21.4,16.4,16.8
2026-01-19T18:32:33Z,0,0,0,0,0,0,21,848.6,21.2,21.3,60.5,260,253,0,0.5,76,2,2,21.2,16.3,16.6
2026-01-19T18:47:39Z,0,0,0,0,0,0,20.8,848.6,21,21.1,61.3,260,252,0,0.1,107,0.4,0.4,21,16.2,16.5
2026-01-19T19:03:34Z,0,0,0,0,0,0,20.6,848.8,20.8,20.9,61.7,260,253,0,0.9,75,2.6,2.6,20.8,16,16.2
2026-01-19T19:18:40Z,0,0,0,0,0,0,20.7,848.9,20.9,21,61.3,261,253,0,0.5,66,1.5,1.5,20.9,16.1,16.4
2026-01-19T19:34:06Z,0,0,0,0,0,0,20.4,849.1,20.6,20.8,61.3,261,254,0,0.8,122,2,2,20.6,15.9,16.1
2026-01-19T19:49:11Z,0,0,0,0,0,0,20.2,849.2,20.3,20.5,62.2,259,253,0,0,23,0,0,20.4,15.7,15.9
2026-01-19T20:04:17Z,0,0,0,0,0,0,19.7,849.2,19.9,20.1,63.6,260,253,0,0,52,0,0,19.9,15.5,15.5
2026-01-19T20:19:23Z,0,0,0,0,0,0,19.4,849.3,19.6,19.7,65.4,259,253,0,0,76,0,0,19.6,15.4,15.2
2026-01-19T20:34:28Z,0,0,0,0,0,0,19.2,849.3,19.2,19.5,66.7,259,254,0,0,76,0,0,19.4,15.4,15
2026-01-19T20:50:20Z,0,0,0,0,0,0,18.8,849.1,18.9,19.2,68.7,260,254,0,0,76,0,0,19.1,15.4,14.7
2026-01-19T21:05:25Z,0,0,0,0,0,0,18.6,849,18.8,18.9,69.2,260,253,0,0.2,99,0.4,0.4,18.8,15.2,14.5
2026-01-19T21:21:12Z,0,0,0,0,0,0,18.3,848.8,18.5,18.7,70,260,253,0,0,99,0,0,18.5,15,14.2
2026-01-19T21:36:17Z,0,0,0,0,0,0,18,848.7,18.1,18.3,71.2,260,253,0,0,99,0,0,18.2,14.8,13.9
2026-01-19T21:51:23Z,0,0,0,0,0,0,17.6,848.6,17.7,17.8,73.1,260,252,0,0,99,0,0,17.7,14.6,13.5
2026-01-19T22:07:03Z,0,0,0,0,0,0,17.1,848.3,17.2,17.4,74.2,259,254,0,0,99,0,0,17.3,14.4,13
2026-01-19T22:22:11Z,0,0,0,0,0,0,16.6,848.5,16.6,16.9,76.8,260,253,0,0,99,0,0,16.8,14.2,12.5
2026-01-19T22:37:36Z,0,0,0,0,0,0,16.4,848.4,16.6,16.8,77.8,260,253,0,0,99,0,0,16.7,14.2,12.5
2026-01-19T22:52:41Z,0,0,0,0,0,0,16.6,848.2,16.8,17,77.6,260,253,0,0,99,0,0,16.9,14.4,12.7
2026-01-19T23:07:47Z,0,0,0,0,0,0,16.8,848.1,16.9,17.2,77.2,261,253,0,0,99,0,0,17.1,14.5,12.9
2026-01-19T23:22:52Z,0,0,0,0,0,0,16.7,847.8,16.9,17.1,78.7,261,252,0,0,99,0,0,17,14.6,12.7
2026-01-19T23:38:44Z,0,0,0,0,0,0,16.3,847.9,16.4,16.6,78.6,259,253,0,0,99,0,0,16.5,14.1,12.3
2026-01-19T23:53:50Z,0,0,0,0,0,0,15.9,847.9,16.2,16.2,79.9,261,253,0,0,99,0,0,16.1,13.9,11.9
2026-01-20T00:00:52Z,0,0,0,0,0,0,15.7,848,16,16.1,80.4,260,253,0,0,99,0,0,15.9,13.8,11.7
2026-01-20T00:16:25Z,0,0,0,0,0,0,15.5,847.9,15.9,15.9,81.4,260,252,0,0,99,0,0,15.8,13.8,11.6
2026-01-20T00:31:30Z,0,0,0,0,0,0,15.3,847.9,15.6,15.7,82,261,253,0,0,99,0,0,15.6,13.6,11.4
2026-01-20T00:46:35Z,0,0,0,0,0,0,15.2,848,15.6,15.7,82.4,261,253,0,0,99,0,0,15.6,13.7,11.4
2026-01-20T01:01:40Z,0,0,0,0,0,0,15.3,848.1,15.7,15.7,81.9,260,252,0,0.2,33,0.7,0.7,15.6,13.7,11.4
2026-01-20T01:16:46Z,0,0,0,0,0,0,15.2,848.2,15.5,15.6,81.8,261,253,0,0.1,33,0.2,0.2,15.5,13.5,11.3
2026-01-20T01:32:20Z,0,0,0,0,0,0,15.1,848.2,15.4,15.5,82.4,261,253,0,0,30,0,0,15.4,13.5,11.2
2026-01-20T01:47:44Z,0,0,0,0,0,0,14.8,848.3,15.1,15.2,83.6,259,253,0,0,30,0,0,15.1,13.4,10.9
2026-01-20T02:02:49Z,0,0,0,0,0,0,14.7,848.4,15.1,15.2,84,260,254,0,0,30,0,0,15.1,13.4,10.9
2026-01-20T02:17:53Z,0,0,0,0,0,0,14.6,848.5,14.9,15,84.6,260,255,0,0,30,0,0,14.9,13.2,10.7
2026-01-20T02:32:58Z,0,0,0,0,0,0,14.7,848.4,15.1,15.2,85.1,260,254,0,0,30,0,0,15.1,13.4,10.9
2026-01-20T02:48:04Z,0,0,0,0,0,0,14.7,848.5,15.1,15.1,84.8,259,254,0,0,30,0,0,15,13.4,10.8
2026-01-20T03:03:08Z,0,0,0,0,0,0,14.8,848.7,15.1,15.2,85.5,260,253,0,0,105,0,0,15.1,13.5,10.9
2026-01-20T03:18:13Z,0,0,0,0,0,0,15.1,848.7,15.4,15.4,84.1,261,254,0,0,112,0.2,0.2,15.3,13.6,11.1
2026-01-20T03:33:18Z,0,0,0,0,0,0,14.9,848.7,15.2,15.3,84.2,262,272,0,0,89,0,0,15.2,13.5,11
2026-01-20T03:48:23Z,0,0,0,0.1,0,0,14.7,849,15.1,15.1,85,270,339,0,0,89,0,0,15,13.4,10.8
2026-01-20T04:03:28Z,0,0,0,0.1,0,0,14.7,849,14.9,15.1,85.6,280,432,0,0,89,0,0,15,13.4,10.8
2026-01-20T04:18:48Z,0,0,0,0.2,0,0,15.2,849.2,15.6,15.5,85.3,292,527,0,0,126,0.2,0.2,15.4,13.8,11.2
2026-01-20T04:33:53Z,0,0,0,0.2,0,0,16.4,849.5,16.5,16.4,82.6,301,613,0,0.2,113,0.7,0.7,16.3,14.3,12.1
2026-01-20T04:48:58Z,0,0,0,0.4,0,0,17.2,849.7,17.2,17.3,80,334,1001,0,0,122,0.4,0.4,17.2,14.9,13
2026-01-20T05:04:04Z,0,0,0,0.6,0,0,18.6,849.9,18.3,18.2,77.2,370,1415,0,0,142,0.2,0.2,18.2,15.5,13.9
2026-01-20T05:19:08Z,0,0,0,1.1,0,0,19,850.1,18.7,18.9,75.1,458,2437,0,0.8,66,1.5,1.5,18.9,15.9,14.5
2026-01-20T05:34:14Z,0,0,0,1.3,0,0,20.7,850.3,20.1,20.3,72,496,2872,0,0.5,116,1.1,1.1,20.3,16.8,15.8
2026-01-20T05:50:00Z,0,0,0,1.6,0,0,21.6,850.1,20.9,21.2,68.1,558,3515,0,0.5,61,1.1,1.1,21.2,17.2,16.6
2026-01-20T06:05:05Z,0,0,0,1.9,0,0,21.5,850.2,21.1,21.8,64.1,608,4030,0,1,87,2.6,2.6,21.8,17.2,17.1
2026-01-20T06:20:41Z,0,0,0,2.2,0,0,23.2,850.1,22.7,23.1,60.2,659,4547,0,1,76,2.8,2.8,23.1,17.8,18.2
2026-01-20T06:35:55Z,0,0,0,2.4,0,0,24,850,23.2,23.7,57.1,701,5019,0,0.8,57,2,2,23.7,17.9,18.7
2026-01-20T06:51:01Z,0,0,0,2.6,0,0,23.9,849.9,23.2,24.2,56.4,736,5386,0,0.6,58,1.5,1.5,24.2,18.3,19.1
2026-01-20T07:06:34Z,0,0,0,2.8,0,0,23.1,849.7,22.8,23.9,56.4,785,5915,0,1.4,80,3.1,3.1,23.9,18,18.9
2026-01-20T07:21:56Z,0,0,0,3.3,0,0,24.7,849.6,24.4,25.3,53.9,866,6771,0,0.5,61,1.5,1.5,25.3,18.9,20
2026-01-20T07:37:01Z,0,0,0,3.7,0,0,24.2,849.5,24,25.2,52,940,7636,0,1.7,84,3.9,3.9,25.1,18.4,19.9
2026-01-20T07:52:06Z,0,0,0,3.8,0,0,25.2,849.4,25.1,25.8,51.2,957,7736,0,1.7,76,3.3,3.3,25.8,18.9,20.4
2026-01-20T08:07:11Z,0,0,0,4.2,0,0,25.7,849.4,25.5,26.4,49.1,1040,8688,0,0.9,70,2.4,2.4,26.4,19,20.8
2026-01-20T08:23:05Z,0,0,0,4.2,0,0,26.5,849.3,26.3,26.8,48.1,1040,8700,0,0.6,48,2,2,27.1,19.2,21.4
2026-01-20T08:38:10Z,0,0,0,4.4,0,0,26.4,849.2,26.2,27.1,46.4,1071,9110,0,0.7,70,1.3,1.3,27.3,19.2,21.5
2026-01-20T08:53:15Z,0,0,0,3.7,0,0,25.2,849.1,24.9,25.9,48.9,941,7784,0,1.3,119,3.1,3.1,25.9,18.6,20.5
2026-01-20T09:08:20Z,0,0,0,3.9,0,0,25.7,849,25.6,26.5,47.2,979,8038,0,0.7,81,2.4,2.4,26.4,18.8,20.9
2026-01-20T09:23:25Z,0,0,0,4.1,0,0,26.4,848.8,26.3,27.3,44.4,1027,8400,0,1.7,115,3.7,3.7,27.4,19.1,21.6
2026-01-20T09:38:30Z,0,0,0,3.6,0,0,26.3,848.5,26.2,27.1,45.8,929,7814,0,0.5,119,1.3,1.3,27.3,19.1,21.5
2026-01-20T09:53:35Z,0,0,0,4.1,0,0,27.1,848.1,27,28,43.2,1023,8417,0,0.9,76,2.4,2.4,27.9,19.4,21.9
2026-01-20T10:08:42Z,0,0,0,4.1,0,0,27.8,848,27.8,28.7,41.3,1019,8332,0,1,62,2.6,2.6,28.4,19.6,22.3
2026-01-20T10:24:05Z,0,0,0,4.1,0,0,27.7,847.7,27.8,28.6,40,1014,8283,0,0.8,144,2.6,2.6,28.3,19.4,22.2
2026-01-20T10:39:09Z,0,0,0,4,0,0,28,847.5,28.1,28.9,40.5,994,8089,0,0.5,78,2,2,28.6,19.7,22.4
2026-01-20T10:54:14Z,0,0,0,3.9,0,0,27.9,847.4,27.9,28.9,38.3,981,7934,0,1.4,63,2.4,2.4,28.3,19.2,22.3
2026-01-20T11:09:15Z,0,0,0,3.8,0,0,28.5,846.9,28.3,29.6,37.8,957,7693,0,1,72,2.6,2.6,29,19.7,22.7
2026-01-20T11:25:11Z,0,0,0,3.7,0,0,28.7,846.7,28.6,29.8,36.3,943,7524,0,1.6,86,3.3,3.3,29,19.5,22.8
2026-01-20T11:40:12Z,0,0,0,3.5,0,0,28.9,846.6,28.8,30.1,35.5,920,7330,0,0.8,69,2.2,2.2,29.3,19.6,23
2026-01-20T11:55:18Z,0,0,0,3.3,0,0,29.5,846.3,29.5,30.7,35,876,6794,0,1.3,88,3.9,3.9,30,20,23.4
2026-01-20T12:10:23Z,0,0,0,3.1,0,0,28.8,846,28.7,29.9,33.2,829,6312,0,1.3,103,3.9,3.9,28.9,19,22.7
2026-01-20T12:25:28Z,0,0,0,2.5,0,0,29.9,845.8,29.8,31.2,34.7,727,5189,0,0.2,139,0.7,0.7,30.4,20.3,23.7
2026-01-20T12:40:33Z,0,0,0,2.7,0,0,29.8,845.6,29.5,30.8,35.3,759,5623,0,0.5,293,1.8,1.8,30.1,20.2,23.5
2026-01-20T12:55:38Z,0,0,0,2.3,0,0,29.3,845.7,29.4,30.6,35,693,4878,0,0.3,132,1.1,1.1,29.8,19.9,23.3
2026-01-20T13:10:43Z,0,0,0,2.1,0,0,29.9,845.6,30.2,31.3,34.2,655,4473,0,0.6,60,2.6,2.6,30.5,20.3,23.8
2026-01-20T13:26:14Z,0,0,0,1.9,0,0,30.1,845.4,30.1,31.6,31.6,614,4070,0,0.9,136,2.8,2.8,30.6,20,23.8
2026-01-20T13:41:19Z,0,0,0,1.5,0,0,29.8,845.4,29.9,31.5,33.9,546,3342,0,1.5,70,3.3,3.3,30.7,20.4,23.9
2026-01-20T13:56:24Z,0,0,0,1.3,0,0,28.7,845.5,28.9,29.9,35.7,502,2890,0,1.2,86,3.5,3.5,29.2,19.5,22.8
2026-01-20T14:11:29Z,0,0,0,1.1,0,0,28.2,845.6,28.4,29.5,35.7,454,2366,0,1.3,133,4.4,4.4,28.7,19.2,22.5
2026-01-20T14:26:34Z,0,0,0,0.8,0,0,27.6,845.7,27.8,28.8,37,409,1861,0,1.7,84,3.3,3.3,28.1,18.9,22.1
2026-01-20T14:41:39Z,0,0,0,0.2,0,0,26.8,845.9,26.9,27.3,39.3,299,555,0,1.3,101,3.5,3.5,27,18.1,21.3
2026-01-20T14:56:45Z,0,0,0,0.2,0,0,26.4,845.9,26.5,26.7,39.9,293,503,0,1.3,108,2.4,2.4,26.6,17.7,21
2026-01-20T15:11:50Z,0,0,0,0.2,0,0,25.8,846.1,25.9,26.1,40.6,285,444,0,0.1,101,0.4,0.4,26,17.4,20.5
2026-01-20T15:27:28Z,0,0,0,0.1,0,0,25.3,846.3,25.5,25.6,41.9,276,377,0,1.3,87,2.2,2.2,25.5,17.2,20.1
2026-01-20T15:42:33Z,0,0,0,0.1,0,0,24.8,846.4,25,25.1,43,266,304,0,0.2,109,0.7,0.7,25,17,19.8
2026-01-20T15:57:38Z,0,0,0,0,0,0,24.3,846.7,24.5,24.6,44.1,260,258,0,0.3,143,1.1,1.1,24.5,16.8,19.3
2026-01-20T16:12:43Z,0,0,0,0,0,0,23.9,846.8,24.1,24.2,45,259,253,0,1.1,87,2.2,2.2,24,16.5,19
2026-01-20T16:27:49Z,0,0,0,0,0,0,23.6,846.9,23.8,23.9,46.1,260,253,0,0,126,0.2,0.2,23.7,16.4,18.7
2026-01-20T16:43:26Z,0,0,0,0,0,0,23.2,846.8,23.4,23.5,47.3,260,253,0,0.5,56,1.3,1.3,23.4,16.3,18.4
2026-01-20T16:58:32Z,0,0,0,0,0,0,22.8,847.1,23,23.1,49.1,260,253,0,0.3,72,0.9,0.9,22.9,16.2,18.1
2026-01-20T17:13:37Z,0,0,0,0,0,0,22.5,847.3,22.7,22.8,50.7,260,254,0,0.6,103,2,2,22.6,16.2,17.8
2026-01-20T17:28:43Z,0,0,0,0,0,0,22.3,847.3,22.5,22.6,51.8,260,253,0,0.4,98,0.8,0.8,22.4,16.2,17.6
2026-01-20T17:43:48Z,0,0,0,0,0,0,22.1,847.5,22.2,22.4,53.5,259,253,0,0.7,70,1.5,1.5,22.2,16.2,17.5
2026-01-20T17:58:53Z,0,0,0,0,0,0,21.7,847.7,21.9,22.1,55.2,261,253,0,1,79,2.4,2.4,21.9,16.2,17.2
2026-01-20T18:14:16Z,0,0,0,0,0,0,21.4,847.9,21.6,21.7,56.7,260,253,0,0.7,89,1.4,1.4,21.6,16.1,16.9
2026-01-20T18:30:24Z,0,0,0,0,0,0,21.2,848.1,21.4,21.5,57.6,260,255,0,1.9,76,14.3,14.3,21.4,16.1,16.8
2026-01-20T18:45:29Z,0,0,0,0,0,0,21.1,848.3,21.3,21.4,58.2,259,253,0,0.2,90,0.9,0.9,21.3,16.1,16.7
2026-01-20T19:00:35Z,0,0,0,0,0,0,20.8,848.5,21,21.1,59.2,260,253,0,0.3,89,0.9,0.9,21,15.9,16.4
2026-01-20T19:15:55Z,0,0,0,0,0,0,20.6,848.7,20.8,20.9,60.1,259,252,0,0.1,84,0.4,0.4,20.8,15.9,16.3
2026-01-20T19:31:19Z,0,0,0,0,0,0,20.3,848.9,20.4,20.6,61.3,261,254,0,0.1,87,0.4,0.4,20.5,15.7,16
2026-01-20T19:46:24Z,0,0,0,0,0,0,19.8,849.1,19.9,20.1,63.2,259,254,0,0.1,87,0.2,0.2,20,15.6,15.6
2026-01-20T20:01:34Z,0,0,0,0,0,0,19.5,849.2,19.7,19.8,64.8,259,253,0,0,87,0,0,19.7,15.4,15.2
2026-01-20T20:16:39Z,0,0,0,0,0,0,19.4,849.3,19.5,19.7,65.2,260,253,0,0,87,0,0,19.6,15.4,15.2
2026-01-20T20:31:45Z,0,0,0,0,0,0,18.9,849.4,19,19.2,66.4,259,254,0,0,87,0,0,19.1,15.1,14.7
2026-01-20T20:46:51Z,0,0,0,0,0,0,18.3,849.4,18.3,18.6,69.2,262,254,0,0,87,0,0,18.4,14.8,14.1
2026-01-20T21:01:56Z,0,0,0,0,0,0,17.8,849.2,17.9,18.1,71.2,260,254,0,0,87,0,0,18,14.6,13.7
2026-01-20T21:17:26Z,0,0,0,0,0,0,17.5,849.2,17.6,17.8,72.2,260,254,0,0,87,0,0,17.7,14.5,13.4
2026-01-20T21:32:47Z,0,0,0,0,0,0,17.3,849.1,17.4,17.6,73.7,260,254,0,0,87,0,0,17.5,14.5,13.2
2026-01-20T21:48:38Z,0,0,0,0,0,0,17.1,849.1,17.2,17.5,74.1,259,253,0,0,87,0,0,17.3,14.4,13.1
2026-01-20T22:03:56Z,0,0,0,0,0,0,16.9,849,17,17.2,75.1,261,255,0,0,87,0.2,0.2,17.1,14.3,12.9
2026-01-20T22:19:02Z,0,0,0,0,0,0,16.5,848.9,16.6,16.9,76.3,260,253,0,0,87,0,0,16.7,14.1,12.5
2026-01-20T22:34:25Z,0,0,0,0,0,0,16.2,848.7,16.3,16.5,78,261,254,0,0,87,0.2,0.2,16.4,14,12.2
2026-01-20T22:49:43Z,0,0,0,0,0,0,16,848.7,16.2,16.4,78.2,260,255,0,0,87,0,0,16.3,13.9,12.1
2026-01-20T23:04:49Z,0,0,0,0,0,0,15.7,848.7,16,16.1,79.3,261,254,0,0,87,0,0,16,13.7,11.8
2026-01-20T23:19:54Z,0,0,0,0,0,0,15.5,848.6,15.8,15.9,79.9,260,254,0,0,87,0,0,15.8,13.6,11.6
2026-01-20T23:34:59Z,0,0,0,0,0,0,15.2,848.4,15.6,15.6,80.9,260,253,0,0,87,0,0,15.5,13.4,11.3
2026-01-20T23:50:04Z,0,0,0,0,0,0,15,848.4,15.4,15.4,81.5,260,255,0,0,87,0,0,15.3,13.3,11.1
2026-01-21T00:00:26Z,0,0,0,0,0,0,14.9,848.4,15.2,15.3,82.2,260,253,0,0,87,0,0,15.2,13.3,11
2026-01-21T00:15:32Z,0,0,0,0,0,0,14.6,848.5,14.9,15,82.5,261,253,0,0,87,0,0,14.9,13,10.7
2026-01-21T00:30:37Z,0,0,0,0,0,0,14.4,848.5,14.7,14.8,83.4,260,254,0,0,87,0,0,14.7,12.9,10.5
2026-01-21T00:46:34Z,0,0,0,0,0,0,14.2,848.6,14.6,14.7,83.7,262,254,0,0,87,0,0,14.5,12.8,10.3
2026-01-21T01:01:57Z,0,0,0,0,0,0,14.1,848.5,14.3,14.5,84.5,259,255,0,0,87,0.2,0.2,14.4,12.7,10.2
2026-01-21T01:17:02Z,0,0,0,0,0,0,14,848.6,14.4,14.5,84.5,261,254,0,0,87,0,0,14.3,12.7,10.1
2026-01-21T01:32:07Z,0,0,0,0,0,0,14.2,848.5,14.7,14.8,83.8,260,254,0,0.3,320,0.8,0.8,14.7,13,10.5
2026-01-21T01:47:13Z,0,0,0,0,0,0,14.1,848.6,14.5,14.6,84.3,260,253,0,0,320,0.2,0.2,14.4,12.8,10.2
2026-01-21T02:02:19Z,0,0,0,0,0,0,13.9,848.7,14.2,14.4,84.7,260,254,0,0,319,0,0,14.2,12.6,10
2026-01-21T02:17:24Z,0,0,0,0,0,0,13.5,848.6,13.9,14,85.7,261,254,0,0,319,0,0,13.8,12.4,9.6
2026-01-21T02:32:29Z,0,0,0,0,0,0,13.3,848.8,13.6,13.7,86.7,260,254,0,0,319,0,0,13.6,12.2,9.4
2026-01-21T02:47:34Z,0,0,0,0,0,0,13.2,848.8,13.4,13.6,87.5,260,254,0,0,319,0,0,13.5,12.2,9.2
2026-01-21T03:02:39Z,0,0,0,0,0,0,13,848.8,13.2,13.4,87.7,261,253,0,0,319,0,0,13.2,12,9
2026-01-21T03:18:01Z,0,0,0,0,0,0,12.9,849,13.2,13.4,88.4,260,254,0,0,319,0,0,13.2,12.1,9
2026-01-21T03:33:06Z,0,0,0,0,0,0,12.7,849,13,13.2,88.5,262,274,0,0,319,0,0,13,11.9,8.8
2026-01-21T03:48:11Z,0,0,0,0.1,0,0,12.7,849.3,12.9,13.1,89.2,268,334,0,0,319,0,0,13,11.9,8.7
2026-01-21T04:03:16Z,0,0,0,0.1,0,0,12.8,849.5,13.1,13.2,89.3,279,421,0,0,319,0,0,13,12,8.8
2026-01-21T04:19:05Z,0,0,0,0.2,0,0,13,849.6,13.3,13.4,89,293,551,0,0.2,320,0.4,0.4,13.3,12.2,9.1
2026-01-21T04:34:11Z,0,0,0,0.2,0,0,14,849.6,14.4,14.4,86.8,303,662,0,0.1,320,0.4,0.4,14.2,12.9,10
2026-01-21T04:49:17Z,0,0,0,0.4,0,0,15.6,849.7,15.8,15.6,82.9,337,1061,0,0,320,0.2,0.2,15.5,13.6,11.3
2026-01-21T05:04:22Z,0,0,0,0.6,0,0,17.7,849.8,17.4,17.2,79.6,362,1333,0,0,319,0,0,17.1,14.8,12.9
2026-01-21T05:19:27Z,0,0,0,1.1,0,0,19.6,850.1,19.3,19.1,72.7,454,2448,0,0.1,105,0.2,0.2,19,15.8,14.7
2026-01-21T05:34:42Z,0,0,0,1.3,0,0,22,850.4,21.1,20.9,64.6,504,2955,0,0.8,340,1.3,1.3,20.8,16.4,16.3
2026-01-21T05:50:10Z,0,0,0,1.5,0,0,23.4,850.4,22.6,22.7,59.3,547,3424,0,0.4,89,1.3,1.3,22.6,17.3,17.8
2026-01-21T06:05:14Z,0,0,0,1.9,0,0.2,24.5,850.6,23.4,23.5,57,605,4022,0,0.4,25,1.3,1.3,23.5,17.8,18.6
2026-01-21T06:20:25Z,0,0,0,2.1,0,0.2,25.9,850.6,25.2,25.4,49.1,656,4548,0,0.5,52,1.1,1.1,25.3,18.2,20
2026-01-21T06:35:30Z,0,0,0,2.4,0,0.2,25.9,850.7,25.1,25.5,48.6,698,5001,0,0.7,32,1.1,1.1,25.5,18.2,20.1
2026-01-21T06:50:35Z,0,0,0,2.6,0,0.2,26.1,850.7,25.6,26.4,45.2,743,5485,0,1.4,87,2.8,2.8,26.3,18.4,20.8
2026-01-21T07:05:41Z,0,0,0,2.9,0,0.2,26.1,850.5,25.7,26.5,45.2,790,5997,0,1.4,91,2.8,2.8,26.4,18.5,20.9
2026-01-21T07:20:46Z,0,0,0,3,0,0.2,26.5,850.5,26,26.9,43.7,819,6325,0,1.2,57,2,2,26.9,18.5,21.2
2026-01-21T07:36:33Z,0,0,0,3.2,0,0.2,26.2,850.3,25.8,26.9,43.6,860,6744,0,1.8,87,3.9,3.9,27,18.6,21.3
2026-01-21T07:52:14Z,0,0,0,3.5,0,0.2,26.6,850.2,26.4,27,42,901,7195,0,0.8,89,2.6,2.6,27,18.4,21.3
2026-01-21T08:07:20Z,0,0,0,3.5,0,0.2,26.8,850.2,26.6,27.5,42.1,911,7279,0,0.8,51,1.7,1.7,27.3,18.8,21.5
2026-01-21T08:22:25Z,0,0,0,3.7,0,0.2,26.6,850.1,26.4,27.2,39.3,948,7675,0,0.3,74,1.1,1.1,27,18.1,21.3
2026-01-21T08:37:30Z,0,0,0,3.8,0,0.2,27.9,850,27.4,28,39.4,966,7844,0,1.1,47,2.4,2.4,27.6,18.7,21.7
2026-01-21T08:52:36Z,0,0,0,3.9,0,0.2,27.9,849.9,27.6,28.5,37.7,991,8126,0,1.3,67,2.2,2.2,27.9,18.7,21.9
2026-01-21T09:07:41Z,0,0,0,4,0,0.2,28,849.6,28,29,35,1007,8273,0,1.5,106,3.1,3.1,28.2,18.6,22.1
2026-01-21T09:24:39Z,0,0,0,4,0,0.2,28.5,849.2,28.2,29,37.3,1004,8259,0,0.8,84,1.5,1.5,28.4,19.1,22.3
2026-01-21T09:39:45Z,0,0,0,4.1,0,0.2,27.9,848.9,27.9,28.8,36.7,1013,8356,0,0.6,125,1.5,1.5,28.1,18.8,22.1
2026-01-21T09:54:50Z,0,0,0,4,0,0.2,28.5,848.6,28.3,29.3,34.7,1000,8187,0,0.6,38,1.6,1.6,28.4,18.8,22.3
2026-01-21T10:10:14Z,0,0,0,4.1,0,0.2,28.7,848.3,28.5,29.7,33.1,1021,8451,0,1.8,69,3.9,3.9,28.7,18.8,22.5
2026-01-21T10:25:19Z,0,0,0,4,0,0.2,29.3,848,29.1,30.1,30,1002,8228,0,1.5,68,2.8,2.8,28.9,18.5,22.6
2026-01-21T10:40:24Z,0,0,0,3.9,0,0.2,29,847.6,29.1,30,26.3,989,8105,0,0.4,166,1.4,1.4,28.5,17.5,22.4
2026-01-21T10:55:30Z,0,0,0,3.7,0,0.2,29,847.4,28.9,30.1,31.5,945,7602,0,0.5,56,1.5,1.5,29,18.8,22.7
2026-01-21T11:11:17Z,0,0,0,3.6,0,0.2,29.8,847.1,29.7,30.9,26.5,928,7432,0,1.6,95,3.3,3.3,29.4,18.2,23
2026-01-21T11:26:23Z,0,0,0,3.5,0,0.2,28.8,846.9,29.1,29.9,29.3,907,7194,0,0.1,165,0.7,0.7,28.6,18.1,22.4
2026-01-21T11:41:28Z,0,0,0,3.2,0,0.2,29.3,846.8,29.4,30.4,30.3,861,6685,0,0.9,78,2.4,2.4,29.2,18.8,22.9
2026-01-21T11:56:33Z,0,0,0,3.1,0,0.2,29.4,846.5,29.2,30.5,33.8,840,6469,0,0.2,51,0.6,0.6,29.5,19.5,23.1
2026-01-21T12:11:37Z,0,0,0,2.9,0,0.2,30.6,846.4,30.6,31.9,28.3,804,6066,0,0.5,94,1.5,1.5,30.6,19.4,23.8
2026-01-21T12:26:43Z,0,0,0,2.7,0,0.2,30.3,846.2,30.4,31.6,32.2,767,5675,0,1.1,69,2,2,30.6,20.1,23.8
2026-01-21T12:42:22Z,0,0,0,2.5,0,0.2,29.5,845.9,29.8,30.8,31.4,716,5142,0,2.2,89,4.8,4.8,29.6,19.3,23.2
2026-01-21T12:57:27Z,0,0,0,2.3,0,0.2,29.8,845.8,30.1,30.9,30.8,680,4774,0,1,77,2.8,2.8,29.7,19.3,23.2
2026-01-21T13:13:24Z,0,0,0,2,0,0.2,29,845.6,29.1,30.1,28.7,624,4185,0,2,79,3.7,3.7,28.8,18.2,22.6
2026-01-21T13:28:29Z,0,0,0,1.8,0,0.2,29.4,845.7,29.8,30.7,29.8,589,3808,0,1,67,2,2,29.4,18.9,23
2026-01-21T13:43:35Z,0,0,0,1.5,0,0.2,28.8,845.9,29.2,30.1,29.4,538,3255,0,0.5,75,1.7,1.7,28.8,18.3,22.6
2026-01-21T13:59:33Z,0,0,0,1.2,0,0.2,28.4,846.1,28.6,29.7,29.6,485,2710,0,0.8,88,2,2,28.4,18,22.3
2026-01-21T14:14:39Z,0,0,0,1,0,0.2,27.7,846.2,27.9,29,30.9,446,2278,0,0.7,69,2.6,2.6,27.9,17.8,22
2026-01-21T14:29:54Z,0,0,0,0.7,0,0.2,27.3,846.3,27.4,28.4,31.7,394,1710,0,0.5,73,1.8,1.8,27.4,17.5,21.6
2026-01-21T14:45:25Z,0,0,0,0.2,0,0.2,26.6,846.4,26.7,27,35.7,303,629,0,0.4,71,1.7,1.7,26.6,17.2,21
2026-01-21T15:00:41Z,0,0,0,0.2,0,0.2,26,846.4,26.1,26.3,37.2,297,553,0,1,63,2.6,2.6,26.2,17,20.7
2026-01-21T15:15:46Z,0,0,0,0.2,0,0.2,25.6,846.4,25.8,25.9,38.4,287,495,0,1.4,54,2.8,2.8,25.8,16.9,20.3
2026-01-21T15:30:52Z,0,0,0,0.1,0,0.2,25.2,846.6,25.4,25.5,40.9,277,421,0,0.3,82,1.2,1.2,25.4,17,20
2026-01-21T15:45:57Z,0,0,0,0,0,0.2,24.7,846.9,24.9,25,41.8,263,285,0,1,82,2.6,2.6,24.8,16.7,19.6
2026-01-21T16:01:03Z,0,0,0,0,0,0.2,24.4,847,24.6,24.7,42.2,261,256,0,0.1,75,0.7,0.7,24.5,16.5,19.3
2026-01-21T16:16:25Z,0,0,0,0,0,0.2,23.9,847.2,24.1,24.2,43.7,261,253,0,1.4,73,3.9,3.9,24,16.4,19
2026-01-21T16:31:31Z,0,0,0,0,0,0.2,23.7,847.5,23.8,24,45.8,262,253,0,0.8,101,2.4,2.4,23.8,16.5,18.8
2026-01-21T16:46:37Z,0,0,0,0,0,0.2,23.4,847.8,23.6,23.7,49.4,262,253,0,0.3,78,1.3,1.3,23.6,16.8,18.6
2026-01-21T17:01:52Z,0,0,0,0,0,0.2,23.1,848.2,23.4,23.5,51.1,260,253,0,1,74,3.5,3.5,23.3,16.8,18.4
2026-01-21T17:17:35Z,0,0,0,0,0,0.2,22.9,848.3,23.1,23.2,52.5,261,253,0,1,70,3.3,3.3,23.1,16.8,18.2
2026-01-21T17:32:37Z,0,0,0,0,0,0.2,22.7,848.7,22.9,23,54,260,253,0,0.5,73,1.5,1.5,22.9,16.9,18.1
2026-01-21T17:47:42Z,0,0,0,0,0,0.2,22.3,848.9,22.4,22.6,55.4,260,253,0,0.3,78,1.1,1.1,22.5,16.7,17.7
2026-01-21T18:02:50Z,0,0,0,0,0,0.2,22,849.1,22.2,22.4,56.5,260,254,0,0.9,81,2.4,2.4,22.3,16.7,17.5
2026-01-21T18:17:55Z,0,0,0,0,0,0.2,21.6,849.5,21.8,22,58,261,253,0,0.2,81,0.7,0.7,21.9,16.5,17.2
2026-01-21T18:33:17Z,0,0,0,0,0,0.2,21.2,849.6,21.4,21.6,60,260,253,0,1.1,81,1.9,1.9,21.5,16.4,16.8
2026-01-21T18:48:30Z,0,0,0,0,0,0.2,20.9,849.7,21.1,21.3,61.6,260,254,0,0.2,81,0.7,0.7,21.2,16.4,16.6
2026-01-21T19:03:46Z,0,0,0,0,0,0.2,20.8,849.6,20.9,21.1,62.8,262,255,0,0.6,81,1.7,1.7,21,16.4,16.5
2026-01-21T19:18:57Z,0,0,0,0,0,0.2,20.4,849.7,20.6,20.8,64.4,260,253,0,0.7,81,1.3,1.3,20.7,16.3,16.2
2026-01-21T19:34:03Z,0,0,0,0,0,0.2,20.2,849.7,20.4,20.5,65.7,260,252,0,0.1,81,0.7,0.7,20.4,16.2,16
2026-01-21T19:49:23Z,0,0,0,0,0,0.2,19.9,849.6,20.1,20.3,67,259,253,0,0.1,81,0.4,0.4,20.2,16.2,15.8
2026-01-21T20:04:33Z,0,0,0,0,0,0.2,19.8,849.8,20,20.1,67.8,259,253,0,0,81,0,0,20.1,16.1,15.6
2026-01-21T20:19:38Z,0,0,0,0,0,0.2,19.6,849.9,19.8,19.9,69.2,259,253,0,0.1,81,0.4,0.4,19.8,16.1,15.4
2026-01-21T20:34:39Z,0,0,0,0,0,0.2,19.4,849.9,19.6,19.7,69.8,259,254,0,0,81,0,0,19.6,16,15.2
2026-01-21T20:49:44Z,0,0,0,0,0,0.2,19,849.8,19.1,19.3,71.1,260,254,0,0,81,0,0,19.2,15.8,14.9
2026-01-21T21:04:49Z,0,0,0,0,0,0.2,18.9,849.9,19.1,19.3,71.7,260,253,0,0,81,0.2,0.2,19.2,15.8,14.8
2026-01-21T21:19:54Z,0,0,0,0,0,0.2,18.7,849.9,18.9,19.1,71.6,260,254,0,0,81,0,0,19,15.6,14.6
2026-01-21T21:34:59Z,0,0,0,0,0,0.2,18.3,849.7,18.4,18.7,72.1,259,254,0,0,81,0,0,18.6,15.3,14.3
2026-01-21T21:50:04Z,0,0,0,0,0,0.2,18,849.7,18.2,18.4,73.2,259,254,0,0,81,0,0,18.3,15.2,14
2026-01-21T22:05:39Z,0,0,0,0,0,0.2,17.5,849.4,17.6,17.9,74.3,260,253,0,0,81,0,0,17.8,14.8,13.5
2026-01-21T22:20:45Z,0,0,0,0,0,0.2,17,849.4,17,17.3,76,261,254,0,0,81,0,0,17.2,14.5,12.9
2026-01-21T22:36:43Z,0,0,0,0,0,0.2,16.7,849.1,16.8,17.1,77.2,259,254,0,0,81,0,0,16.9,14.4,12.7
2026-01-21T22:51:49Z,0,0,0,0,0,0.2,16.7,849.1,16.9,17.1,77.5,260,253,0,0,81,0,0,17,14.5,12.8
2026-01-21T23:06:54Z,0,0,0,0,0,0.2,16.7,848.9,16.9,17.2,77.6,260,253,0,0,81,0,0,17.1,14.5,12.8
2026-01-21T23:22:00Z,0,0,0,0,0,0.2,16.7,848.8,16.8,17.1,77.5,260,253,0,0,81,0,0,17,14.5,12.8
2026-01-21T23:37:05Z,0,0,0,0,0,0.2,16.2,848.6,16.3,16.6,78.6,262,254,0,0,81,0,0,16.5,14.1,12.3
2026-01-21T23:52:49Z,0,0,0,0,0,0.2,15.8,848.6,16.1,16.1,79.7,260,254,0,0,81,0,0,16,13.8,11.8
2026-01-22T00:00:43Z,0,0,0,0,0,0.2,15.6,848.5,15.9,16,79.8,261,253,0,0,81,0,0,15.8,13.6,11.7
2026-01-22T00:16:07Z,0,0,0,0,0,0.2,15.3,848.3,15.6,15.7,80.3,261,254,0,0,81,0,0,15.5,13.4,11.3
2026-01-22T00:31:12Z,0,0,0,0,0,0.2,14.9,848.3,15.2,15.4,81.3,260,252,0,0,81,0,0,15.2,13.2,11
2026-01-22T00:46:17Z,0,0,0,0,0,0.2,14.7,848.2,15,15.1,82.3,260,253,0,0,81,0,0,15,13.1,10.8
2026-01-22T01:01:22Z,0,0,0,0,0,0.2,14.6,848.1,14.9,15,82.6,260,253,0,0,81,0,0,14.8,13,10.6
2026-01-22T01:16:27Z,0,0,0,0,0,0.2,14.7,848.1,15.1,15,82.4,260,253,0,0,81,0,0,14.9,13,10.7
2026-01-22T01:31:33Z,0,0,0,0,0,0.2,14.7,848.3,15.2,15.2,81.7,261,254,0,0,81,0.2,0.2,15.1,13.1,10.9
2026-01-22T01:46:38Z,0,0,0,0,0,0.2,14.8,848.5,15.2,15.3,81.2,260,253,0,0,81,0,0,15.1,13.1,10.9
2026-01-22T02:01:43Z,0,0,0,0,0,0.2,14.8,848.6,15.2,15.2,81.1,261,252,0,0,81,0.2,0.2,15.1,13,10.9
2026-01-22T02:16:48Z,0,0,0,0,0,0.2,14.7,848.8,15.1,15.2,81.3,259,253,0,0,81,0,0,15,13.1,10.8
2026-01-22T02:32:11Z,0,0,0,0,0,0.2,14.6,848.9,14.9,15,82,260,253,0,0,81,0,0,14.9,13,10.7
2026-01-22T02:47:16Z,0,0,0,0,0,0.2,14.4,849.2,14.8,14.8,82.5,262,252,0,0,81,0,0,14.7,12.9,10.5
2026-01-22T03:02:21Z,0,0,0,0,0,0.2,14.2,849.4,14.4,14.6,82.7,261,253,0,0,81,0,0,14.5,12.7,10.3
2026-01-22T03:17:26Z,0,0,0,0,0,0.2,13.9,849.5,14.2,14.4,83.4,261,254,0,0,81,0,0,14.2,12.5,10
2026-01-22T03:32:31Z,0,0,0,0,0,0.2,13.8,849.6,14.1,14.2,84.9,262,275,0,0.1,81,0.4,0.4,14,12.5,9.8
2026-01-22T03:47:36Z,0,0,0,0.1,0,0.2,13.8,849.8,14.1,14.3,85.8,270,354,0,0,81,0.2,0.2,14.1,12.7,9.9
2026-01-22T04:02:41Z,0,0,0,0.1,0,0.2,14.2,850.2,14.5,14.7,89.3,278,434,0,0.6,81,1.3,1.3,14.6,13.5,10.4
2026-01-22T04:17:47Z,0,0,0,0.2,0,0.2,14.6,850.3,14.9,15.1,90.6,291,586,0,0.1,81,0.4,0.4,15,14,10.8
2026-01-22T04:33:12Z,0,0,0,0.3,0,0.2,14.8,850.4,15,15.2,91,308,774,0,0.1,81,0.2,0.2,15.2,14.2,11
2026-01-22T04:48:17Z,0,0,0,0.3,0,0.2,15.2,850.5,15.4,15.6,91.2,323,922,0,0,24,0,0,15.6,14.6,11.4
2026-01-22T05:03:23Z,0,0,0,0.6,0,0.2,15.8,850.8,16,16.2,91.1,378,1571,0,0.1,48,0.4,0.4,16.2,15.2,12
2026-01-22T05:18:28Z,0,0,0,1,0,0.2,17.1,850.9,17,17.2,86.2,436,2252,0,0.4,61,0.9,0.9,17.2,15.6,13
2026-01-22T05:33:33Z,0,0,0,0.5,0,0.2,18.4,851,18.1,18.4,79.1,349,1081,0,0.4,113,0.9,0.9,18.4,15.9,14.1
2026-01-22T05:48:38Z,0,0,0,1.4,0,0.2,19.1,851.1,18.8,19.1,75.7,524,3170,0,0.8,105,1.7,1.7,19.1,16.2,14.8
2026-01-22T06:04:17Z,0,0,0,1.8,0,0,20.7,851.1,20.4,20.7,67.5,587,3807,0,0.5,68,1.1,1.1,20.7,16.6,16.2
2026-01-22T06:19:25Z,0,0,0,1.4,0,0,20.7,851.1,20.4,21.4,65.4,522,3069,0,2.2,97,5.5,5.5,21.3,17,16.7
2026-01-22T06:34:31Z,0,0,0,2.4,0,0,22.1,851,21.9,22.5,64.3,711,5169,0,0.8,89,1.5,1.5,22.5,17.8,17.7
2026-01-22T06:49:36Z,0,0,0,2.9,0,0,23.7,851,23.6,24.1,58.2,805,6290,0,0.5,59,2.4,2.4,24.1,18.4,19
2026-01-22T07:04:42Z,0,0,0,2,0,0,22.6,851,22.6,23.2,59.3,633,4253,0,0.5,83,1.5,1.5,23.1,17.8,18.3
2026-01-22T07:19:47Z,0,0,0,1.1,0,0,23.2,850.9,22.9,23.8,55.4,460,2397,0,1,87,2,2,23.7,17.8,18.7
2026-01-22T07:34:53Z,0,0,0,3.4,0,0,23.1,850.8,22.8,23.4,55.2,886,7018,0,1.3,77,2.6,2.6,23.4,17.4,18.4
2026-01-22T07:50:18Z,0,0,0,1,0,0,23.8,850.7,23.7,24.3,52.8,437,2081,0,0.7,109,3.9,3.9,24.3,17.9,19.2
2026-01-22T08:05:23Z,0,0,0,3.8,0,0,24.8,850.5,24.6,25.3,49.5,972,7922,0,1.5,75,3.9,3.9,25.2,18.2,20
2026-01-22T08:20:28Z,0,0,0,3.9,0,0,24.5,850.3,24.4,25.1,48.5,983,8064,0,2.1,79,5,5,25.1,17.9,19.8
2026-01-22T08:35:33Z,0,0,0,3.8,0,0,24.7,850.2,24.5,25.3,46.9,976,7914,0,1.3,114,2.6,2.6,25.2,17.8,19.9
2026-01-22T08:50:38Z,0,0,0,2,0,0,25.3,850,25,25.9,46.6,621,3926,0,2.4,60,4.8,4.8,25.8,18.2,20.4
2026-01-22T09:05:44Z,0,0,0,4.5,0,0,24.9,849.7,24.6,25.7,47.1,1096,9300,0,2.3,78,3.9,3.9,25.6,18.1,20.2
2026-01-22T09:20:50Z,0,0,0,4.1,0,0,25.4,849.5,25.1,26.3,45.9,1024,8428,0,2.6,95,4.1,4.1,26.3,18.5,20.7
2026-01-22T09:35:55Z,0,0,0,1,0,0,25.4,849.4,25.1,26,45.2,439,2027,0,1.2,71,2.2,2.2,25.9,18.1,20.5
2026-01-22T09:51:22Z,0,0,0,4.5,0,0,27.1,848.9,27,27.6,41.9,1094,9179,0,1.2,29,2.2,2.2,27.4,18.8,21.6
2026-01-22T10:06:27Z,0,0,0,1.6,0,0,25.7,848.7,25.6,26.6,43.6,559,3312,0,2.1,87,4.4,4.4,26.6,18.3,21
2026-01-22T10:21:32Z,0,0,0,1.1,0,0,25.9,848.4,25.8,26.5,43.2,460,2363,0,2,58,3.5,3.5,26.4,18.2,20.9
2026-01-22T10:36:45Z,0,0,0,4.7,0,0,27.2,848.2,27.1,27.9,41.6,1133,9700,0,1.2,72,3.7,3.7,27.7,19,21.8
2026-01-22T10:51:50Z,0,0,0,4.1,0,0,26.5,848,26.5,27.2,42.9,1027,8512,0,0.6,128,2.2,2.2,27.2,18.7,21.4
2026-01-22T11:07:19Z,0,0,0,4.3,0,0,26.4,847.8,26.2,27.4,43.6,1069,9017,0,0.4,85,2.8,2.8,27.4,19,21.6
2026-01-22T11:22:25Z,0,0,0,1,0,0,27.3,847.5,27.4,28.1,40.8,438,2143,0,1.5,51,3.1,3.1,27.8,19,21.9
2026-01-22T11:37:32Z,0,0,0,3.6,0,0,25.9,847.5,26,26.7,42.9,936,7618,0,0.9,76,2.6,2.6,26.6,18.3,21
2026-01-22T11:52:46Z,0,0,0,0.5,0,0,26.3,847.1,26.3,27.2,40.7,351,1089,0,1.5,69,3.1,3.1,27,18.3,21.3
2026-01-22T12:08:45Z,0,0,0,3.2,0,0,26.8,847,26.8,27.6,38.9,847,6550,0,1.5,91,3.7,3.7,27.3,18.3,21.5
2026-01-22T12:24:29Z,0,0,0,0.7,0,0,28.4,846.9,28.4,29.6,35.3,386,1473,0,2.3,90,5,5,28.8,19.2,22.6
2026-01-22T12:39:34Z,0,0,0,2.8,0,0,27.5,846.8,27.5,28.5,37.6,776,5903,0,1.4,105,3.1,3.1,27.9,18.8,22
2026-01-22T12:54:40Z,0,0,0,0.6,0,0,27,846.8,27.1,28,38,374,1363,0,1.9,100,4.1,4.1,27.5,18.4,21.7
2026-01-22T13:09:45Z,0,0,0,2.1,0,0,27.5,846.8,27.5,28.7,37.6,656,4512,0,1.5,86,3.1,3.1,28.1,18.9,22.1
2026-01-22T13:24:50Z,0,0,0,1.7,0,0,27.1,846.9,27,28.3,37.3,582,3774,0,1,103,2,2,27.7,18.5,21.8
2026-01-22T13:39:55Z,0,0,0,1.2,0,0,25.7,847.1,25.7,26.3,41.5,475,2545,0,2.2,74,4.4,4.4,26.2,17.7,20.7
2026-01-22T13:55:01Z,0,0,0,1.3,0,0,26.7,847.1,26.9,27.8,39.1,504,2926,0,1.9,76,5.5,5.5,27.4,18.5,21.6
2026-01-22T14:10:38Z,0,0,0,1.1,0,0,26.3,847.2,26.4,27.3,41.5,467,2516,0,0.6,93,1.5,1.5,27.2,18.5,21.4
2026-01-22T14:25:44Z,0,0,0,0.7,0,0,26,847.3,26.1,27,41.9,395,1708,0,1.5,56,2.9,2.9,26.9,18.3,21.2
2026-01-22T14:40:49Z,0,0,0,0.3,0,0,25.4,847.4,25.5,25.9,44.2,310,735,0,1.4,98,5,5,25.8,17.8,20.4
2026-01-22T14:55:54Z,0,0,0,0.2,0,0,24.7,847.6,24.8,25.2,45.7,298,626,0,1.2,68,4.8,4.8,25.1,17.5,19.8
2026-01-22T15:10:59Z,0,0,0,0.2,0,0,24.1,847.8,24.2,24.4,47.7,285,478,0,0.6,105,2.6,2.6,24.3,17.2,19.2
2026-01-22T15:26:05Z,0,0,0,0.1,0,0,23.7,848.1,23.9,24,48.5,281,485,0,0.1,94,1,1,23.9,16.9,18.9
2026-01-22T15:41:31Z,0,0,0,0.1,0,0,23.7,848.2,23.8,24,47.9,266,310,0,0.2,110,1.1,1.1,23.9,16.8,18.8
2026-01-22T15:56:37Z,0,0,0,0,0,0,23,848.5,23.2,23.4,49.5,261,259,0,0.8,82,2,2,23.2,16.5,18.3
2026-01-22T16:12:39Z,0,0,0,0,0,0,22.5,848.6,22.7,22.9,50.3,260,253,0,0,95,0.2,0.2,22.7,16.2,17.9
2026-01-22T16:27:45Z,0,0,0,0,0,0,22.2,848.9,22.4,22.5,51.1,260,254,0,0.9,94,2.4,2.4,22.3,16,17.6
2026-01-22T16:43:40Z,0,0,0,0,0,0,21.9,849.3,22.1,22.2,51.5,260,254,0,0.1,60,0.2,0.2,22,15.8,17.3
2026-01-22T16:59:02Z,0,0,0,0,0,0,21.6,849.4,21.8,21.9,52,261,254,0,0.5,56,1.1,1.1,21.7,15.6,17.1
2026-01-22T17:14:41Z,0,0,0,0,0,0,21.3,849.7,21.5,21.6,52.8,260,252,0,0.1,96,0.4,0.4,21.5,15.5,16.8
2026-01-22T17:30:41Z,0,0,0,0,0,0,20.8,849.9,21,21.1,54.3,260,252,0,0,87,0.2,0.2,20.9,15.3,16.4
2026-01-22T17:46:20Z,0,0,0,0,0,0,20.3,850.2,20.4,20.6,55.6,261,255,0,0.2,69,0.4,0.4,20.4,15,15.9
2026-01-22T18:02:01Z,0,0,0,0,0,0,19.8,850.4,19.8,20.1,57.2,260,253,0,0,71,0.2,0.2,19.8,14.7,15.4
2026-01-22T18:17:52Z,0,0,0,0,0,0,19.4,850.6,19.6,19.8,57.6,259,255,0,0.1,70,0.4,0.4,19.5,14.5,15.1
2026-01-22T18:33:02Z,0,0,0,0,0,0,18.8,850.8,19,19.2,59.7,260,253,0,0,70,0.2,0.2,19,14.3,14.6
2026-01-22T18:48:22Z,0,0,0,0,0,0,18.4,850.7,18.5,18.8,60.8,260,254,0,0,70,0.4,0.4,18.5,14,14.2
2026-01-22T19:03:55Z,0,0,0,0,0,0,18.3,850.9,18.6,18.8,61.7,260,254,0,0,70,0,0,18.5,14.1,14.2
2026-01-22T19:19:47Z,0,0,0,0,0,0,17.7,850.9,17.8,18,63.6,261,254,0,0,70,0,0,17.8,13.7,13.5
2026-01-22T19:34:53Z,0,0,0,0,0,0,17.3,850.9,17.4,17.6,65.8,261,254,0,0,70,0.2,0.2,17.4,13.6,13.2
2026-01-22T19:50:03Z,0,0,0,0,0,0,17.1,850.7,17.3,17.5,66.6,260,254,0,0.2,70,0.7,0.7,17.3,13.6,13.1
2026-01-22T20:05:07Z,0,0,0,0,0,0,17.2,850.9,17.5,17.6,66.8,259,253,0,0,70,0,0,17.4,13.7,13.1
2026-01-22T20:20:50Z,0,0,0,0,0,0,16.9,850.8,17,17.2,68.1,259,254,0,0,70,0,0,17,13.5,12.8
2026-01-22T20:35:55Z,0,0,0,0,0,0,16.6,851,16.8,17,69.1,261,253,0,0,70,0.2,0.2,16.8,13.4,12.6
2026-01-22T20:51:00Z,0,0,0,0,0,0,16.6,851.1,16.9,17.1,69.1,259,254,0,0.1,70,0.2,0.2,16.9,13.4,12.6
2026-01-22T21:06:05Z,0,0,0,0,0,0,16.4,851,16.6,16.8,69.9,260,253,0,0,70,0,0,16.5,13.3,12.3
2026-01-22T21:21:11Z,0,0,0,0,0,0,16,850.9,16.3,16.4,71.4,259,254,0,0,70,0.2,0.2,16.2,13.1,12
2026-01-22T21:36:16Z,0,0,0,0,0,0,15.8,850.8,16.1,16.2,71.9,261,253,0,0,70,0,0,16,12.9,11.8
2026-01-22T21:51:21Z,0,0,0,0,0,0,15.3,850.5,15.6,15.7,73.3,259,253,0,0,70,0,0,15.5,12.6,11.3
2026-01-22T22:06:46Z,0,0,0,0,0,0,14.8,850.5,15.1,15.2,75.4,260,253,0,0,70,0,0,15,12.4,10.8
2026-01-22T22:21:51Z,0,0,0,0,0,0,14.7,850.5,15.1,15.1,75.8,260,253,0,0,70,0,0,14.9,12.3,10.7
2026-01-22T22:36:56Z,0,0,0,0,0,0,14.6,850.3,15,15,75.9,260,253,0,0,70,0.2,0.2,14.8,12.3,10.6
2026-01-22T22:52:01Z,0,0,0,0,0,0,14.5,850.3,14.9,15,76.1,259,254,0,0,70,0,0,14.7,12.3,10.5
2026-01-22T23:07:06Z,0,0,0,0,0,0,14.6,850.2,15,15.2,76.2,260,254,0,0,70,0,0,15,12.5,10.8
2026-01-22T23:22:35Z,0,0,0,0,0,0,14.7,850.1,15.1,15.2,76.2,260,253,0,0,70,0,0,15,12.5,10.8
2026-01-22T23:37:58Z,0,0,0,0,0,0,14.8,850.2,15.2,15.3,75.8,260,253,0,0.1,35,0.2,0.2,15.1,12.5,10.9
2026-01-22T23:53:03Z,0,0,0,0,0,0,14.5,850.1,14.8,14.9,76.8,260,253,0,0,35,0,0,14.6,12.2,10.4
2026-01-23T00:00:06Z,0,0,0,0,0,0,14.2,850.1,14.5,14.7,77.7,259,253,0,0,35,0,0,14.4,12.2,10.2
2026-01-23T00:15:11Z,0,0,0,0,0,0,13.9,850.2,14.2,14.4,79.3,260,254,0,0,35,0,0,14.2,12.1,9.9
2026-01-23T00:30:16Z,0,0,0,0,0,0,13.8,850.2,14.1,14.3,80.4,260,254,0,0,35,0.2,0.2,14.1,12.1,9.9
2026-01-23T00:45:21Z,0,0,0,0,0,0,13.7,850.1,14.1,14.1,80.9,259,253,0,0,35,0,0,13.9,12,9.7
2026-01-23T01:00:26Z,0,0,0,0,0,0,13.5,850,13.9,14,81.8,261,253,0,0,35,0,0,13.8,11.9,9.5
2026-01-23T01:15:32Z,0,0,0,0,0,0,13.4,850,13.8,13.9,83,260,253,0,0,35,0,0,13.7,12,9.5
2026-01-23T01:31:03Z,0,0,0,0,0,0,13.4,850,13.8,13.9,83.1,260,255,0,0.1,35,0.4,0.4,13.8,12.1,9.5
2026-01-23T01:46:09Z,0,0,0,0,0,0,13.7,850.1,14.1,14.1,82.2,261,253,0,0,35,0,0,13.9,12.1,9.7
2026-01-23T02:01:14Z,0,0,0,0,0,0,13.5,850,13.9,14,82.7,260,254,0,0,35,0,0,13.8,12,9.6
2026-01-23T02:16:19Z,0,0,0,0,0,0,13.4,850.3,13.8,13.9,83,260,253,0,0,35,0,0,13.7,11.9,9.4
2026-01-23T02:31:25Z,0,0,0,0,0,0,13.4,850.5,13.8,13.9,82.6,260,253,0,0,35,0,0,13.7,11.9,9.4
2026-01-23T02:46:30Z,0,0,0,0,0,0,13.1,850.5,13.4,13.6,83.3,260,253,0,0,35,0,0,13.4,11.7,9.1
2026-01-23T03:01:35Z,0,0,0,0,0,0,12.9,850.8,13.2,13.4,84.3,261,253,0,0,35,0,0,13.2,11.6,8.9
2026-01-23T03:17:01Z,0,0,0,0,0,0,12.8,850.8,13.1,13.2,84.6,259,254,0,0,35,0,0,13,11.5,8.8
2026-01-23T03:32:06Z,0,0,0,0,0,0,12.6,851,12.9,13.1,85.6,263,281,0,0.1,35,0.2,0.2,12.9,11.5,8.6
2026-01-23T03:47:11Z,0,0,0,0.1,0,0,12.7,851.2,13,13.1,85.8,267,344,0,0,35,0.2,0.2,12.9,11.5,8.7
2026-01-23T04:02:16Z,0,0,0,0.1,0,0,13.2,851.2,13.5,13.5,84.8,282,458,0,0,35,0,0,13.3,11.8,9.1
2026-01-23T04:17:21Z,0,0,0,0.2,0,0,14,851.4,14.2,14.2,81.2,291,552,0,0.1,89,0.4,0.4,14,12.1,9.8
2026-01-23T04:32:26Z,0,0,0,0.3,0,0,14.2,851.6,14.5,14.5,79.9,313,778,0,0.1,89,0.2,0.2,14.3,12.2,10.1
2026-01-23T04:47:31Z,0,0,0,0.3,0,0,15,851.7,15.2,15.1,78.1,312,745,0,0.5,89,1.1,1.1,14.9,12.7,10.7
2026-01-23T05:03:09Z,0,0,0,0.3,0,0,16.2,851.9,16.2,16.2,74.7,319,792,0,0.4,89,0.7,0.7,16,13.2,11.8
2026-01-23T05:18:15Z,0,0,0,1,0,0,17.8,851.9,17.4,17.4,70.9,441,2291,0,0.5,72,1.5,1.5,17.2,14,13
2026-01-23T05:33:20Z,0,0,0,1.3,0,0,19.8,851.9,19.1,19.2,65.4,492,2829,0,1,85,1.7,1.7,19,14.9,14.7
2026-01-23T05:48:25Z,0,0,0,1.5,0,0,21.5,851.9,20.7,20.9,59.6,540,3363,0,1.3,77,2.6,2.6,20.8,15.8,16.2
2026-01-23T06:04:11Z,0,0,0,1.9,0,0,22.3,852,21.7,22.3,56.2,606,4046,0,0.5,88,1.3,1.3,22.2,16.5,17.4
2026-01-23T06:19:16Z,0,0,0,2.1,0,0,23.6,852,23.2,23.7,52.2,657,4577,0,0.8,97,2.4,2.4,23.6,17.2,18.7
2026-01-23T06:35:12Z,0,0,0,2.4,0,0,23.5,851.9,23.1,23.8,50.3,699,5034,0,0.9,82,2,2,23.7,17,18.7
2026-01-23T06:50:17Z,0,0,0,2.6,0,0,24.5,852.1,24.3,24.7,48.9,741,5475,0,0.9,65,1.6,1.6,24.6,17.6,19.5
2026-01-23T07:06:11Z,0,0,0,2.8,0,0,23.7,852.1,23.4,24.3,50.2,782,5925,0,0.7,71,1.7,1.7,24.2,17.4,19.1
2026-01-23T07:21:16Z,0,0,0,3.1,0,0,24.5,851.9,24.1,25.1,46.8,830,6419,0,2,87,3.3,3.3,25,17.6,19.8
2026-01-23T07:36:21Z,0,0,0,3.4,0,0,24.4,851.9,24.2,25.1,46.5,886,7013,0,1.5,84,2.6,2.6,25,17.5,19.7
2026-01-23T07:51:27Z,0,0,0,3.6,0,0,25,851.8,24.8,25.7,46.1,934,7580,0,0.5,117,1.5,1.5,25.7,18,20.3
2026-01-23T08:06:30Z,0,0,0,3.6,0,0,25.4,851.6,25,25.9,44.2,931,7504,0,2.3,84,4.2,4.2,25.8,17.8,20.4
2026-01-23T08:21:35Z,0,0,0,3.9,0,0,25.2,851.5,25,25.8,43.9,990,8192,0,1.3,95,2.8,2.8,25.7,17.7,20.3
2026-01-23T08:36:40Z,0,0,0,4,0,0,27,851.2,26.8,27.4,42.6,1001,8246,0,0.8,78,2.4,2.4,27.3,18.8,21.5
2026-01-23T08:51:46Z,0,0,0,3.9,0,0,26.3,850.9,26.2,27.1,42.2,988,8069,0,1.3,93,2.6,2.6,27,18.5,21.3
2026-01-23T09:07:11Z,0,0,0,4,0,0,26.5,850.7,26.4,27.1,41.7,1006,8252,0,0.8,99,1.3,1.3,27,18.4,21.3
2026-01-23T09:22:17Z,0,0,0,4,0,0,25.9,850.5,25.7,26.9,41.8,1007,8280,0,0.4,90,0.9,0.9,26.8,18.2,21.2
2026-01-23T09:37:29Z,0,0,0,4.1,0,0,26.6,850.3,26.4,27.4,39.9,1019,8402,0,1.6,83,2.9,2.9,27.2,18.3,21.4
2026-01-23T09:52:35Z,0,0,0,4.2,0,0,26.6,850,26.4,27.3,42.6,1036,8580,0,0.9,85,2.6,2.6,27.2,18.7,21.5
2026-01-23T10:07:40Z,0,0,0,4.1,0,0,27.2,849.6,27,28.2,39.1,1013,8327,0,0.8,85,2.4,2.4,27.8,18.9,21.9
2026-01-23T10:22:46Z,0,0,0,4,0,0,27.7,849.2,27.8,28.9,37.8,1003,8229,0,0.9,96,1.7,1.7,28.3,19.1,22.2
2026-01-23T10:37:51Z,0,0,0,3.9,0,0,28.6,849,28.5,29.5,36.6,983,7975,0,1.1,93,2.2,2.2,28.8,19.4,22.6
2026-01-23T10:53:15Z,0,0,0,3.8,0,0,28.9,848.6,28.8,29.7,34,962,7777,0,1.4,63,2.4,2.4,28.7,19,22.5
2026-01-23T11:08:20Z,0,0,0,3.6,0,0,27.6,848.3,27.6,28.7,37.2,936,7522,0,0.8,92,1.7,1.7,28.1,18.9,22.1
2026-01-23T11:23:26Z,0,0,0,3.5,0,0,28.6,848.1,28.4,29.7,35.7,904,7161,0,0.7,79,2.6,2.6,28.9,19.3,22.7
2026-01-23T11:39:21Z,0,0,0,0.7,0,0,28.4,847.8,28.2,29.6,33.2,386,1437,0,2.2,89,4.1,4.1,28.6,18.7,22.5
2026-01-23T11:54:26Z,0,0,0,3.2,0,0,29.9,847.8,29.8,30.8,32.1,857,6659,0,1.2,95,2.2,2.2,29.7,19.5,23.2
2026-01-23T12:09:31Z,0,0,0,2.9,0,0,30,847.5,29.9,31.3,30,791,5939,0,1,74,2,2,30,19.3,23.4
2026-01-23T12:24:37Z,0,0,0,2.5,0,0,29.1,847.4,29.1,30.3,29.2,732,5343,0,1.3,97,2.6,2.6,29,18.4,22.7
2026-01-23T12:39:42Z,0,0,0,2.5,0,0,28.6,847.4,28.6,29.7,31.8,717,5184,0,0.5,130,1.7,1.7,28.6,18.6,22.5
2026-01-23T12:54:47Z,0,0,0,2.3,0,0,29.7,847.4,29.8,31,29.1,683,4818,0,0,98,0.4,0.4,29.7,18.9,23.2
2026-01-23T13:10:25Z,0,0,0,0.6,0,0,28.8,847.3,28.6,29.9,30.3,368,1229,0,1.8,77,3.7,3.7,28.7,18.4,22.5
2026-01-23T13:25:30Z,0,0,0,1.7,0,0,28.5,847.2,28.8,29.8,32.1,572,3614,0,2.2,81,4.1,4.1,28.8,18.7,22.6
2026-01-23T13:40:35Z,0,0,0,1.5,0,0,28.8,847.3,28.9,30.1,32,530,3177,0,1.2,70,2.6,2.6,29,18.9,22.7
2026-01-23T13:56:17Z,0,0,0,1.2,0,0,28.1,847.3,28.2,29.6,32.5,483,2680,0,2,80,3.5,3.5,28.5,18.6,22.4
2026-01-23T14:11:22Z,0,0,0,1,0,0,27.9,847.4,28.3,29.2,32.6,438,2178,0,0.5,92,1.7,1.7,28.2,18.4,22.2
2026-01-23T14:27:18Z,0,0,0,0.7,0,0,26.9,847.5,27.1,28,32.2,392,1671,0,1.8,89,3.5,3.5,27.2,17.3,21.4
2026-01-23T14:42:23Z,0,0,0,0.3,0,0,26.5,847.7,26.6,27,33,308,680,0,0.6,82,1.7,1.7,26.5,16.7,20.9
2026-01-23T14:57:28Z,0,0,0,0.2,0,0,25.9,847.7,26.1,26.3,31.4,297,588,0,0.7,86,1.5,1.5,26,15.8,20.6
2026-01-23T15:12:34Z,0,0,0,0.2,0,0,25.4,847.8,25.5,25.8,31.9,287,506,0,0.9,159,2.6,2.6,25.5,15.5,20.1
2026-01-23T15:28:24Z,0,0,0,0.1,0,0,24.9,848.1,25,25.2,33.9,278,413,0,0.2,86,0.9,0.9,25,15.5,19.7
2026-01-23T15:44:20Z,0,0,0,0.1,0,0,24.4,848.4,24.6,24.7,34.4,266,296,0,1.5,87,2.8,2.8,24.4,15.2,19.3
2026-01-23T15:59:26Z,0,0,0,0,0,0,24,848.6,24.1,24.2,34.5,261,265,0,0.5,96,2,2,23.9,14.8,18.9
2026-01-23T16:14:28Z,0,0,0,0,0,0,23.5,848.8,23.6,23.8,35.5,261,253,0,0.1,85,0.7,0.7,23.5,14.6,18.5
2026-01-23T16:29:45Z,0,0,0,0,0,0,22.9,849,23.1,23.2,36.9,261,254,0,0.2,82,0.4,0.4,22.9,14.4,18.1
2026-01-23T16:48:15Z,0,0,0,0,0,0,22.5,849.3,22.7,22.7,39.2,260,254,0,0.2,60,0.7,0.7,22.4,14.4,17.6
2026-01-23T17:03:38Z,0,0,0,0,0,0,22.2,849.6,22.4,22.5,40.3,259,253,0,0.8,86,1.5,1.5,22.2,14.4,17.4
2026-01-23T17:19:27Z,0,0,0,0,0,0,22.2,849.9,22.4,22.5,41.4,260,252,0,0.9,89,2.2,2.2,22.2,14.5,17.4
2026-01-23T17:34:45Z,0,0,0,0,0,0,21.9,850.1,22.1,22.2,42.6,260,253,0,0.5,88,1.5,1.5,21.9,14.5,17.2
2026-01-23T17:49:55Z,0,0,0,0,0,0,21.5,850.2,21.7,21.8,43.7,260,253,0,0.3,88,0.9,0.9,21.5,14.4,16.9
2026-01-23T18:05:00Z,0,0,0,0,0,0,21.2,850.5,21.4,21.5,44.8,261,253,0,0.1,88,0.4,0.4,21.2,14.3,16.6
2026-01-23T18:20:45Z,0,0,0,0,0,0,20.9,850.6,21.1,21.2,46.5,260,254,0,0.2,88,0.4,0.4,20.9,14.3,16.4
2026-01-23T18:36:38Z,0,0,0,0,0,0,20.6,850.7,20.8,20.9,47.4,260,254,0,0.1,88,0.2,0.2,20.6,14.1,16.1
2026-01-23T18:52:37Z,0,0,0,0,0,0,20.2,850.8,20.3,20.5,48.7,260,254,0,0,88,0,0,20.1,13.9,15.7
2026-01-23T19:07:43Z,0,0,0,0,0,0,19.6,851,19.7,19.9,50.5,260,253,0,0.2,88,0.4,0.4,19.5,13.6,15.1
2026-01-23T19:22:49Z,0,0,0,0,0,0,19,851.1,19.1,19.3,52,260,253,0,0,88,0,0,19,13.4,14.6
2026-01-23T19:38:37Z,0,0,0,0,0,0,18.4,851,18.6,18.8,54.5,261,254,0,0,88,0.2,0.2,18.4,13.2,14.1
2026-01-23T19:53:43Z,0,0,0,0,0,0,17.9,851.1,18.1,18.3,55.7,259,254,0,0,88,0,0,18,13,13.7
2026-01-23T20:08:54Z,0,0,0,0,0,0,17.7,851.1,17.8,18,56.8,260,255,0,0,88,0,0,17.7,12.9,13.5
2026-01-23T20:23:54Z,0,0,0,0,0,0,17.7,851.2,18.1,18.2,57.8,258,253,0,0,88,0.2,0.2,17.9,13.1,13.6
2026-01-23T20:39:00Z,0,0,0,0,0,0,17.5,851.3,17.8,17.9,58.6,260,253,0,0.3,88,0.7,0.7,17.6,12.9,13.3
2026-01-23T20:54:06Z,0,0,0,0,0,0,17.2,851.3,17.2,17.5,60.4,261,254,0,0,88,0,0,17.2,12.8,12.9
2026-01-23T21:09:11Z,0,0,0,0,0,0,16.8,851.4,16.9,17.2,61.7,259,253,0,0,88,0,0,16.9,12.7,12.7
2026-01-23T21:24:42Z,0,0,0,0,0,0,16.3,851.2,16.3,16.6,64.1,260,254,0,0,88,0,0,16.3,12.5,12.1
2026-01-23T21:39:48Z,0,0,0,0,0,0,16,851.1,16.2,16.3,65.9,260,253,0,0,88,0,0,16,12.4,11.8
2026-01-23T21:54:53Z,0,0,0,0,0,0,15.9,851,16.2,16.2,66.7,262,253,0,0,88,0,0,15.9,12.4,11.7
2026-01-23T22:09:59Z,0,0,0,0,0,0,15.6,850.8,15.9,15.9,67.6,260,253,0,0,88,0,0,15.7,12.2,11.5
2026-01-23T22:25:48Z,0,0,0,0,0,0,15.4,850.6,15.8,15.8,68.5,261,254,0,0,88,0,0,15.5,12.2,11.3
2026-01-23T22:41:14Z,0,0,0,0,0,0,15.3,850.6,15.7,15.7,69.1,260,254,0,0,88,0,0,15.5,12.2,11.3
2026-01-23T22:56:20Z,0,0,0,0,0,0,15.2,850.4,15.6,15.7,68.8,260,253,0,0,88,0,0,15.4,12.2,11.2
2026-01-23T23:11:26Z,0,0,0,0,0,0,15.4,850.3,15.9,15.9,68.9,261,253,0,0,88,0.2,0.2,15.6,12.4,11.4
2026-01-23T23:26:32Z,0,0,0,0,0,0,15.3,850.2,15.7,15.8,69.5,260,254,0,0,88,0,0,15.5,12.3,11.3
2026-01-23T23:41:38Z,0,0,0,0,0,0,15,850.1,15.3,15.4,71.4,261,253,0,0.2,88,0.4,0.4,15.1,12.1,10.9
2026-01-23T23:56:44Z,0,0,0,0,0,0,15.1,850.1,15.6,15.7,71.1,261,253,0,0.2,88,0.5,0.5,15.4,12.4,11.2
2026-01-24T00:00:45Z,0,0,0,0,0,0,15.1,850.2,15.6,15.6,71.2,259,253,0,0.1,88,0.4,0.4,15.3,12.3,11.2
2026-01-24T00:15:51Z,0,0,0,0,0,0,15,850.1,15.4,15.5,71.9,259,254,0,0.1,88,0.4,0.4,15.3,12.3,11.1
2026-01-24T00:30:57Z,0,0,0,0,0,0,14.6,850,14.9,15.1,72.9,261,253,0,0,88,0,0,14.8,12,10.6
2026-01-24T00:46:20Z,0,0,0,0,0,0,14.3,850,14.6,14.8,74.9,261,253,0,0,88,0,0,14.5,11.9,10.3
2026-01-24T01:01:26Z,0,0,0,0,0,0,14.2,850.1,14.6,14.6,75.5,259,253,0,0,88,0,0,14.4,11.9,10.2
2026-01-24T01:16:32Z,0,0,0,0,0,0,14.1,850,14.5,14.6,75.8,260,253,0,0,88,0,0,14.3,11.9,10.1
2026-01-24T01:31:37Z,0,0,0,0,0,0,14.1,850.2,14.6,14.7,76.1,261,253,0,0.4,88,0.7,0.7,14.4,12,10.2
2026-01-24T01:46:42Z,0,0,0,0,0,0,13.9,850.3,14.2,14.4,76.5,260,253,0,0,88,0,0,14.1,11.8,9.9
2026-01-24T02:01:48Z,0,0,0,0,0,0,13.6,850.4,13.9,14.1,78,261,253,0,0,88,0,0,13.8,11.6,9.6
2026-01-24T02:16:53Z,0,0,0,0,0,0,13.3,850.6,13.6,13.8,79,261,253,0,0,88,0,0,13.5,11.5,9.3
2026-01-24T02:31:59Z,0,0,0,0,0,0,13.1,850.7,13.5,13.6,79.9,260,254,0,0,88,0,0,13.4,11.4,9.1
2026-01-24T02:47:24Z,0,0,0,0,0,0,13,850.8,13.4,13.5,80.3,262,254,0,0,88,0,0,13.2,11.3,9
2026-01-24T03:02:30Z,0,0,0,0,0,0,12.8,851,13.1,13.2,81.3,260,253,0,0,88,0.2,0.2,13,11.2,8.7
2026-01-24T03:17:35Z,0,0,0,0,0,0,12.6,851.1,12.9,13.1,81.9,261,255,0,0,88,0,0,12.9,11.1,8.6
2026-01-24T03:32:40Z,0,0,0,0,0,0,12.5,851.2,12.9,13.1,82.2,260,275,0,0.2,88,0.7,0.7,12.8,11.1,8.6
2026-01-24T03:47:46Z,0,0,0,0.1,0,0,12.5,851.4,12.8,13,81.8,267,336,0,0,88,0,0,12.7,11,8.5
2026-01-24T04:02:51Z,0,0,0,0.1,0,0,12.6,851.6,12.9,13,82.5,280,444,0,0,88,0,0,12.7,11,8.5
2026-01-24T04:17:57Z,0,0,0,0.2,0,0,12.9,851.7,13.2,13.3,81.5,289,513,0,0.1,88,0.4,0.4,13.1,11.3,8.8
2026-01-24T04:33:02Z,0,0,0,0.3,0,0,13.6,851.9,14,14.1,77.9,323,933,0,0.3,88,0.7,0.7,13.8,11.6,9.6
2026-01-24T04:48:28Z,0,0,0,0.3,0,0,14.8,852.1,15,15,74.6,314,754,0,0.2,88,0.7,0.7,14.8,12.1,10.6
2026-01-24T05:03:34Z,0,0,0,0.3,0,0,16,852.2,16.1,16.2,71.1,311,681,0,0.3,88,0.4,0.4,15.9,12.9,11.7
2026-01-24T05:18:39Z,0,0,0,1.1,0,0,17.8,852.5,17.6,17.5,68,457,2462,0,0.1,88,0.4,0.4,17.3,13.7,13
2026-01-24T05:33:45Z,0,0,0,1.4,0,0,20.8,852.4,20,19.5,62.2,508,3010,0,0.3,88,0.4,0.4,19.3,14.8,14.9
2026-01-24T05:48:50Z,0,0,0,1.6,0,0,23,852.3,21.7,21.5,54.8,550,3430,0,0.2,88,0.9,0.9,21.3,15.6,16.7
2026-01-24T06:03:56Z,0,0,0,1.9,0,0,24.2,852.1,23.2,22.7,51.3,607,4052,0,0.1,88,0.4,0.4,22.5,16.2,17.7
2026-01-24T06:19:01Z,0,0,0,2.1,0,0,24.7,852.1,23.7,24.4,46.5,657,4594,0,0.5,87,2,2,24.2,16.9,19.1
2026-01-24T06:34:06Z,0,0,0,2.3,0,0,24.3,852.1,23.8,24.6,45.9,691,4994,0,0.3,54,1.1,1.1,24.5,17.1,19.4
2026-01-24T06:49:11Z,0,0,0,2.5,0,0,26.4,851.8,25.9,26.4,41.9,725,5344,0,0.6,35,2.4,2.4,26.3,17.9,20.8
2026-01-24T07:04:34Z,0,0,0,2.7,0,0,27.3,851.7,26.9,27.4,39.5,755,5639,0,0.9,87,1.7,1.7,27.1,18.2,21.4
2026-01-24T07:19:39Z,0,0,0,2.9,0,0,26.2,851.7,26.2,26.7,40.9,792,6021,0,0.8,87,1.5,1.5,26.6,17.9,21
2026-01-24T07:34:44Z,0,0,0,3.3,0,0,27.3,851.5,27,27.9,35.5,865,6782,0,0.8,89,1.5,1.5,27.3,17.9,21.5
2026-01-24T07:49:50Z,0,0,0,3.5,0,0,27.7,851.3,27.2,28.3,34.7,910,7263,0,0.5,83,1.3,1.3,27.6,18,21.7
2026-01-24T08:04:55Z,0,0,0,3.6,0,0,27.3,851,26.8,27.8,35.6,928,7448,0,0.7,69,1.3,1.3,27.2,17.8,21.4
2026-01-24T08:20:45Z,0,0,0,3.6,0,0,27.6,850.9,27.4,28.2,35.3,921,7356,0,0.3,38,1.3,1.3,27.5,18.1,21.7
2026-01-24T08:35:50Z,0,0,0,3.8,0,0,27.9,850.8,27.7,28.4,34.8,965,7826,0,0.3,71,0.7,0.7,27.6,18.1,21.7
2026-01-24T08:50:56Z,0,0,0,3.9,0,0,29,850.5,28.6,29.6,32.2,981,7979,0,2,79,3.5,3.5,28.5,18.5,22.4
2026-01-24T09:06:01Z,0,0,0,4,0,0,28.2,850.2,28.1,28.8,33.3,999,8203,0,0.8,158,1.5,1.5,27.9,18.1,21.9
2026-01-24T09:21:07Z,0,0,0,3.8,0,0,28.9,849.9,28.6,29.7,30.7,968,7847,0,1.1,112,2,2,28.5,18.3,22.4
2026-01-24T09:36:46Z,0,0,0,3.7,0,0,28.3,849.7,28.2,29.4,31.2,952,7698,0,1.8,88,4.1,4.1,28.3,18.2,22.2
2026-01-24T09:51:52Z,0,0,0,4.1,0,0,29.5,849.5,29.2,30.1,29.8,1020,8424,0,1,36,2,2,28.8,18.4,22.6
2026-01-24T10:06:57Z,0,0,0,3.8,0,0,28.9,849.2,28.7,29.9,29.2,958,7786,0,1.3,62,2.8,2.8,28.6,18.1,22.5
2026-01-24T10:22:02Z,0,0,0,3.9,0,0,29.7,848.9,29.5,30.6,30.2,988,8098,0,0.8,85,3.7,3.7,29.4,18.9,23
2026-01-24T10:37:08Z,0,0,0,3.9,0,0,29.6,848.5,29.5,30.6,30.5,983,8028,0,1.6,79,3.3,3.3,29.4,19,23
2026-01-24T10:52:57Z,0,0,0,3.8,0,0,29.5,848.2,29.6,30.5,29.9,964,7828,0,0.3,154,1.5,1.5,29.2,18.7,22.9
2026-01-24T11:08:47Z,0,0,0,3.7,0,0,29.6,848,30.1,30.7,29.5,949,7663,0,1.2,128,3.5,3.5,29.4,18.8,23
2026-01-24T11:23:52Z,0,0,0,3.6,0,0,30.5,847.8,30.2,31.1,28.4,930,7449,0,1.6,56,3.7,3.7,29.7,18.8,23.2
2026-01-24T11:38:57Z,0,0,0,3.3,0,0,31,847.6,30.8,31.9,29,881,6940,0,0.4,74,0.9,0.9,30.6,19.6,23.8
2026-01-24T11:54:03Z,0,0,0,2.5,0,0,31.3,847.5,31.4,32.3,27.1,723,5206,0,1.6,55,2.6,2.6,30.8,19.4,24
2026-01-24T12:09:04Z,0,0,0,2.9,0,0,30.1,847.2,30.2,31.2,29.1,797,6031,0,1,123,3.1,3.1,29.9,19.1,23.3
2026-01-24T12:24:10Z,0,0,0,2.8,0,0,30.5,847.3,30.6,31.9,28.1,773,5786,0,0.8,136,3.3,3.3,30.5,19.3,23.7
2026-01-24T12:40:08Z,0,0,0,2.3,0,0,29.2,847.1,29.4,30.5,32.2,693,4919,0,1.2,135,2.6,2.6,29.4,19.2,23
2026-01-24T12:55:13Z,0,0,0,2,0,0,30.1,847.1,30.4,31.3,31.1,630,4228,0,0.9,97,3.4,3.4,30.1,19.6,23.5
2026-01-24T13:10:18Z,0,0,0,2,0,0,29.9,847.2,30.2,31.1,29.7,633,4272,0,1.3,134,2.6,2.6,29.8,19.1,23.3
2026-01-24T13:25:23Z,0,0,0,1.7,0,0,29.5,847.2,29.6,30.7,29.5,580,3700,0,1.1,131,2.4,2.4,29.4,18.8,23
2026-01-24T13:40:49Z,0,0,0,1.4,0,0,29.1,847.3,29.6,30.1,29.9,517,3024,0,0.6,202,2.2,2.2,28.8,18.4,22.6
2026-01-24T13:55:54Z,0,0,0,1.3,0,0,29.5,847.3,29.7,31,28,501,2877,0,1.3,89,2.4,2.4,29.5,18.6,23.1
2026-01-24T14:10:57Z,0,0,0,0.9,0,0,29.8,847.4,30.2,31.4,28.3,428,2081,0,0.3,97,0.9,0.9,29.9,19,23.4
2026-01-24T14:26:25Z,0,0,0.2,0.6,0,0,28,847.5,28.2,29,29.8,367,1392,0,0.9,59,1.5,1.5,27.9,17.6,21.9
2026-01-24T14:41:48Z,0,0,0.2,0.3,0,0,27.5,847.6,27.6,28,31.5,320,824,0,0.8,89,2.5,2.5,27.2,17.2,21.4
2026-01-24T14:56:54Z,0,0,0.2,0.3,0,0,27,847.7,27.2,27.4,33.7,307,708,0,0.5,90,1.8,1.8,26.8,17.1,21.2
2026-01-24T15:11:59Z,0,0,0.2,0.2,0,0,26.4,847.8,26.5,26.7,34.8,295,577,0,1.9,70,5,5,26.5,16.8,21
2026-01-24T15:27:04Z,0,0,0.2,0.1,0,0,25.9,847.9,26,26.2,35.9,280,447,0,0.4,84,0.8,0.8,26,16.7,20.6
2026-01-24T15:42:58Z,0,0,0.2,0,0,0,25.3,848.1,25.4,25.6,35.9,264,309,0,0.8,84,1.7,1.7,25.4,16.1,20.1
2026-01-24T15:58:56Z,0,0,0.2,0,0,0,24.6,848.3,24.8,25,35.7,262,261,0,0.8,84,1.5,1.5,24.7,15.6,19.5
2026-01-24T16:14:54Z,0,0,0.2,0,0,0,24.3,848.3,24.5,24.6,37.1,260,254,0,0.9,71,1.6,1.6,24.3,15.5,19.2
2026-01-24T16:29:59Z,0,0,0.2,0,0,0,23.9,848.5,24,24.2,38.7,261,253,0,0.2,85,0.7,0.7,23.9,15.5,18.9
2026-01-24T16:45:05Z,0,0,0.2,0,0,0,23.5,848.7,23.7,23.8,39.9,260,254,0,0.3,85,0.7,0.7,23.5,15.4,18.6
2026-01-24T17:00:10Z,0,0,0.2,0,0,0,23.2,848.8,23.4,23.5,41.1,260,253,0,0.6,86,1.1,1.1,23.3,15.4,18.4
2026-01-24T17:15:16Z,0,0,0.2,0,0,0,23,849.1,23.2,23.3,42.7,261,253,0,0.7,76,1.5,1.5,23,15.4,18.2
2026-01-24T17:31:03Z,0,0,0.2,0,0,0,22.5,849.3,22.8,22.9,43.9,260,253,0,0.5,76,0.9,0.9,22.6,15.3,17.8
2026-01-24T17:46:08Z,0,0,0.2,0,0,0,22,849.3,22.1,22.3,45.5,260,253,0,0,78,0.2,0.2,22,15,17.3
2026-01-24T18:01:14Z,0,0,0.2,0,0,0,21.3,849.6,21.4,21.6,47.8,260,253,0,0.1,78,0.4,0.4,21.3,14.8,16.7
2026-01-24T18:17:04Z,0,0,0.2,0,0,0,20.8,849.7,20.9,21.1,49.8,262,254,0,0,78,0.2,0.2,20.9,14.6,16.3
2026-01-24T18:32:10Z,0,0,0.2,0,0,0,20.4,850.1,20.6,20.8,51.7,262,255,0,0,71,0,0,20.5,14.6,16
2026-01-24T18:47:15Z,0,0,0.2,0,0,0,20.2,850.2,20.4,20.5,53.4,261,254,0,0.1,71,0.4,0.4,20.3,14.6,15.8
2026-01-24T19:02:20Z,0,0,0.2,0,0,0,19.8,850.4,19.9,20.1,54.7,261,253,0,0.1,71,0.2,0.2,19.9,14.5,15.5
2026-01-24T19:18:20Z,0,0,0.2,0,0,0,19.2,850.4,19.2,19.5,57.6,259,253,0,0,71,0,0,19.3,14.3,14.9
2026-01-24T19:33:26Z,0,0,0.2,0,0,0,18.6,850.4,18.7,18.9,60.2,260,252,0,0,71,0,0,18.7,14.1,14.4
2026-01-24T19:48:31Z,0,0,0.2,0,0,0,18,850.5,18.1,18.3,61.8,259,254,0,0,71,0,0,18,13.7,13.7
2026-01-24T20:04:06Z,0,0,0.2,0,0,0,17.5,850.5,17.7,17.9,65,262,254,0,0,71,0,0,17.7,13.7,13.4
2026-01-24T20:19:18Z,0,0,0.2,0,0,0,17.5,850.6,17.8,18,65.4,260,254,0,0,71,0,0,17.8,13.8,13.5
2026-01-24T20:34:23Z,0,0,0.2,0,0,0,17.2,850.6,17.3,17.6,66.8,261,254,0,0,71,0,0,17.3,13.6,13.1
2026-01-24T20:49:28Z,0,0,0.2,0,0,0,16.9,850.6,17,17.3,68.2,261,255,0,0,71,0,0,17,13.5,12.8
2026-01-24T21:05:13Z,0,0,0.2,0,0,0,16.6,850.4,16.7,16.9,69.2,260,254,0,0,71,0,0,16.7,13.3,12.5
2026-01-24T21:20:15Z,0,0,0.2,0,0,0,16.2,850.4,16.4,16.7,70.1,259,254,0,0,71,0,0,16.4,13.2,12.2
2026-01-24T21:36:02Z,0,0,0.2,0,0,0,16,850.4,16.2,16.4,70.8,260,254,0,0,71,0.2,0.2,16.2,13,12
2026-01-24T21:51:26Z,0,0,0.2,0,0,0,16,850.4,16.2,16.5,70.9,261,253,0,0,71,0.2,0.2,16.3,13.1,12.1
2026-01-24T22:06:31Z,0,0,0.2,0,0,0,15.8,850.2,16.2,16.2,71.5,261,254,0,0,71,0,0,16,12.9,11.8
2026-01-24T22:21:37Z,0,0,0.2,0,0,0,15.4,850,15.7,15.8,72.9,259,253,0,0,71,0,0,15.6,12.7,11.4
2026-01-24T22:36:42Z,0,0,0.2,0,0,0,15.1,849.9,15.4,15.6,73.9,260,253,0,0,71,0,0,15.3,12.6,11.1
2026-01-24T22:51:47Z,0,0,0.2,0,0,0,15,849.8,15.3,15.4,75,260,253,0,0,71,0,0,15.2,12.6,11
2026-01-24T23:06:52Z,0,0,0.2,0,0,0,14.8,849.9,15.1,15.3,75.3,261,252,0,0,71,0,0,15,12.5,10.8
2026-01-24T23:21:57Z,0,0,0.2,0,0,0,14.6,849.8,14.9,15.1,76.1,261,252,0,0,71,0,0,14.8,12.4,10.6
2026-01-24T23:37:03Z,0,0,0.2,0,0,0,14.6,849.7,14.9,15,76.6,260,253,0,0,71,0,0,14.8,12.4,10.6
2026-01-24T23:52:08Z,0,0,0.2,0,0,0,14.4,849.7,14.8,14.9,77.1,262,254,0,0,71,0,0,14.7,12.3,10.5
2026-01-25T00:00:11Z,0,0,0.2,0,0,0,14.3,849.6,14.7,14.8,77.5,261,253,0,0,71,0,0,14.6,12.3,10.4
2026-01-25T00:15:32Z,0,0,0.2,0,0,0,14.1,849.6,14.4,14.5,78.3,260,254,0,0,71,0,0,14.3,12.1,10.1
2026-01-25T00:30:38Z,0,0,0.2,0,0,0,14,849.6,14.3,14.4,79.3,259,254,0,0,71,0,0,14.2,12.1,10
2026-01-25T00:45:43Z,0,0,0.2,0,0,0,14,849.6,14.4,14.5,79.4,260,254,0,0,71,0,0,14.2,12.1,10
2026-01-25T01:00:48Z,0,0,0.2,0,0,0,14.2,849.6,14.8,14.8,78.3,261,254,0,0,71,0,0,14.5,12.3,10.3
2026-01-25T01:15:54Z,0,0,0.2,0,0,0,14.3,849.6,14.8,14.9,77.7,261,255,0,0.3,33,0.9,0.9,14.7,12.4,10.5
2026-01-25T01:30:59Z,0,0,0.2,0,0,0,14.3,849.6,14.7,14.8,77.4,260,253,0,0,33,0.2,0.2,14.6,12.3,10.4
2026-01-25T01:46:04Z,0,0,0.2,0,0,0,14.1,849.7,14.5,14.7,77.9,261,254,0,0.2,33,0.4,0.4,14.4,12.2,10.2
2026-01-25T02:01:10Z,0,0,0.2,0,0,0,13.9,849.9,14.2,14.4,78.6,261,253,0,0,54,0,0,14.1,11.9,9.9
2026-01-25T02:16:15Z,0,0,0.2,0,0,0,13.6,850,13.9,14,80,262,254,0,0.1,54,0.4,0.4,13.8,11.8,9.6
2026-01-25T02:31:38Z,0,0,0.2,0,0,0,13.5,850.2,13.9,13.9,80.1,259,253,0,0,34,0,0,13.7,11.7,9.5
2026-01-25T02:46:47Z,0,0,0.2,0,0,0,13.3,850.3,13.8,13.8,80.6,260,253,0,0.2,33,0.4,0.4,13.6,11.7,9.4
2026-01-25T03:01:53Z,0,0,0.2,0,0,0,13.3,850.4,13.7,13.8,80.2,260,253,0,0,34,0,0,13.6,11.6,9.4
2026-01-25T03:16:58Z,0,0,0.2,0,0,0,13.2,850.3,13.5,13.6,80.8,261,254,0,0.1,34,0.2,0.2,13.4,11.5,9.2
2026-01-25T03:32:03Z,0,0,0.2,0,0,0,13,850.5,13.3,13.5,81.3,262,267,0,0,34,0,0,13.2,11.4,9
2026-01-25T03:47:09Z,0,0,0.2,0.1,0,0,12.9,850.6,13.2,13.4,81.9,267,320,0,0,34,0,0,13.1,11.4,8.9
2026-01-25T04:02:14Z,0,0,0.2,0.1,0,0,13.1,850.7,13.5,13.6,81.4,278,415,0,0,347,0.2,0.2,13.4,11.5,9.1
2026-01-25T04:17:19Z,0,0,0.2,0.2,0,0,13.5,850.8,13.9,14,80.7,292,512,0,0,346,0,0,13.8,11.8,9.5
2026-01-25T04:32:42Z,0,0,0.2,0.4,0,0,14.3,851,14.8,14.9,77.8,329,1016,0,0.2,27,0.7,0.7,14.7,12.4,10.5
2026-01-25T04:47:47Z,0,0,0.2,0.3,0,0,15.9,851.1,16.2,16.2,73.6,310,678,0,0.3,341,0.7,0.7,16,13.1,11.8
2026-01-25T05:02:53Z,0,0,0.2,0.3,0,0,17.3,851.2,17.3,17.5,69.4,316,730,0,0.3,326,0.9,0.9,17.3,13.8,13
2026-01-25T05:17:58Z,0,0,0.2,1,0,0,19.3,851.2,18.9,18.9,66,452,2412,0,0.1,14,0.2,0.2,18.8,14.8,14.4
2026-01-25T05:33:03Z,0,0,0.2,1.3,0,0,22,851.2,21.1,20.6,60.5,502,2933,0,0.4,348,1.1,1.1,20.5,15.6,16
2026-01-25T05:48:08Z,0,0,0.2,1.6,0,0,24.4,851.2,23.3,22.9,54.4,553,3468,0,0.2,346,0.7,0.7,22.8,16.8,18
2026-01-25T06:03:13Z,0,0,0,1.8,0.2,0,24.3,851.1,23.4,24.4,49.4,599,3968,0,0.6,80,1.7,1.7,24.3,17.4,19.2
2026-01-25T06:18:18Z,0,0,0,2.1,0.2,0,24.7,851,24.1,25,47.7,646,4479,0,0.7,81,1.7,1.7,24.9,17.7,19.7
2026-01-25T06:33:42Z,0,0,0,2.4,0.2,0,26,851,25.4,26,44.5,697,5006,0,0.4,84,1.3,1.3,25.9,18,20.5
2026-01-25T06:48:47Z,0,0,0,2.6,0.2,0,26.3,851,25.4,25.6,45.3,736,5429,0,0.6,84,1.1,1.1,25.5,17.8,20.2
2026-01-25T07:03:52Z,0,0,0,2.8,0.2,0,27.8,850.8,27.3,27.8,41.1,781,5890,0,0.7,64,1.7,1.7,27.5,18.8,21.7
2026-01-25T07:18:57Z,0,0,0,3,0.2,0,27.5,850.7,26.9,27.7,39.8,821,6319,0,0.5,85,1.5,1.5,27.4,18.5,21.6
2026-01-25T07:34:03Z,0,0,0,3.2,0.2,0,28.2,850.5,27.7,28.4,37.6,855,6675,0,0.6,85,1.5,1.5,27.9,18.7,21.9
2026-01-25T07:49:51Z,0,0,0,3.4,0.2,0,28.2,850.3,27.6,28.6,34.1,894,7086,0,0.8,85,1.7,1.7,27.8,18.1,21.9
2026-01-25T08:04:56Z,0,0,0,3.6,0.2,0,28.4,850.1,27.8,28.1,35.6,929,7461,0,0.9,344,1.5,1.5,27.5,18.1,21.7
2026-01-25T08:20:01Z,0,0,0,3.7,0.2,0,29.4,849.9,29,29.4,34.3,954,7711,0,0.4,81,1.5,1.5,28.5,18.9,22.4
2026-01-25T08:35:07Z,0,0,0,3.8,0.2,0,29,849.8,28.9,29.9,31.4,965,7831,0,0.6,65,1.3,1.3,28.8,18.6,22.6
2026-01-25T08:50:12Z,0,0,0,4,0.2,0,29.7,849.6,29.6,30.4,27.7,1006,8258,0,1.5,74,2.6,2.6,28.9,18.1,22.7
2026-01-25T09:05:17Z,0,0,0,4,0.2,0,28.8,849.3,28.9,29.5,29.6,1005,8237,0,1.2,168,2.8,2.8,28.3,17.9,22.2
2026-01-25T09:20:22Z,0,0,0,4.1,0.2,0,29.5,849,29.8,30.2,26.9,1023,8424,0,0.7,79,2,2,28.7,17.8,22.5
2026-01-25T09:35:47Z,0,0,0,4.1,0.2,0,30.1,848.7,30,31,27.2,1020,8383,0,0.8,90,2.4,2.4,29.5,18.5,23.1
2026-01-25T09:50:52Z,0,0,0,4.1,0.2,0,30.5,848.4,30.1,30.6,27.2,1029,8510,0,0.6,76,1.5,1.5,29.1,18.2,22.8
2026-01-25T10:05:58Z,0,0,0,4.1,0.2,0,31,848.1,30.6,31.3,28,1016,8330,0,0.3,305,1.3,1.3,29.8,18.9,23.3
2026-01-25T10:21:03Z,0,0,0,4,0.2,0,30.4,847.9,30.4,31.4,26,1004,8210,0,1,91,2.4,2.4,29.8,18.4,23.3
2026-01-25T10:36:08Z,0,0,0,4,0.2,0,30.3,847.5,30.3,31.3,25.5,997,8132,0,1.8,87,2.6,2.6,29.7,18.3,23.2
2026-01-25T10:51:10Z,0,0,0,3.8,0.2,0,30.8,847.4,31.1,31.8,24.5,967,7837,0,1.1,87,1.5,1.5,30.1,18.3,23.5
2026-01-25T11:06:15Z,0,0,0,3.7,0.2,0,31.5,847.2,31.7,32.6,23.7,954,7697,0,0.6,185,1.7,1.7,30.9,18.8,24
2026-01-25T11:21:20Z,0,0,0,3.6,0.2,0,32.1,846.9,31.6,32.6,22.7,932,7459,0,1.3,1,2.2,2.2,30.7,18.4,23.9
2026-01-25T11:36:25Z,0,0,0,3.4,0.2,0,32.6,846.6,32.4,33.7,23.1,893,7042,0,0.9,90,2.8,2.8,32,19.3,24.7
2026-01-25T11:51:50Z,0,0,0,3.2,0.2,0,32.8,846.6,32,32.8,22.2,863,6711,0,1.1,334,1.7,1.7,30.9,18.4,24
2026-01-25T12:06:55Z,0,0,0,3,0.2,0,31.7,846.5,31.8,32.8,23.3,825,6316,0,1,146,2.2,2.2,31,18.8,24.1
2026-01-25T12:22:00Z,0,0,0,2.8,0.2,0,32.7,846.3,32.9,34.2,21.7,776,5796,0,1.8,96,2.6,2.6,32.4,19.3,25
2026-01-25T12:37:06Z,0,0,0,2.6,0.2,0,30.6,846.1,31.1,31.5,25.2,743,5470,0,1.7,90,2.8,2.8,29.9,18.3,23.3
2026-01-25T12:52:12Z,0,0,0,2.3,0.2,0,32.9,846.1,33,33.9,24.5,690,4882,0,0.2,54,0.7,0.7,32.3,19.9,24.9
2026-01-25T13:07:17Z,0,0,0,2,0.2,0,31.5,846.2,31.5,32.8,24.4,636,4324,0,0.8,87,2.4,2.4,31.1,19.1,24.2
2026-01-25T13:22:23Z,0,0,0,1.9,0.2,0,31.7,846.2,32.1,33,24.2,602,3966,0,0.1,82,0.4,0.4,31.3,19.1,24.3
2026-01-25T13:37:28Z,0,0,0,1.5,0.2,0,31.7,846.3,32.1,33.2,24,547,3362,0,0.5,99,1.4,1.4,31.5,19.2,24.4
2026-01-25T13:53:14Z,0,0,0,1.3,0.2,0,31.3,846.5,31.3,32.9,23.7,492,2787,0,2.1,92,4.8,4.8,31.2,18.9,24.2
2026-01-25T14:08:19Z,0,0,0,1,0.2,0,30.2,846.5,30.5,31.5,25.2,452,2337,0,1.1,118,3.1,3.1,29.8,18.3,23.3
2026-01-25T14:23:25Z,0,0,0,0.8,0.2,0,29.6,846.7,29.6,30.5,26.5,402,1822,0,1.7,86,3.3,3.3,29,17.9,22.7
2026-01-25T14:39:05Z,0,0,0,0.3,0.2,0,28.5,847.1,28.6,29.1,28.8,317,744,0,2.2,92,5.2,5.2,27.9,17.4,21.9
2026-01-25T14:54:10Z,0,0,0,0.3,0.2,0,28,847.2,28.1,28.4,30.1,308,691,0,0.4,71,1.1,1.1,27.4,17.2,21.6
2026-01-25T15:09:26Z,0,0,0,0.2,0.2,0,27.6,847.4,27.8,28,30.8,298,598,0,1,91,2.8,2.8,27.1,17,21.4
2026-01-25T15:25:13Z,0,0,0,0.1,0.2,0,27.2,847.5,27.4,27.5,32.2,281,454,0,0.6,81,2.4,2.4,26.8,16.9,21.2
2026-01-25T15:40:18Z,0,0,0,0.1,0.2,0,26.7,847.6,26.9,27,33,267,325,0,0.4,90,1.3,1.3,26.5,16.7,20.9
2026-01-25T15:55:24Z,0,0,0,0,0.2,0,26.2,847.8,26.4,26.4,33.6,262,265,0,0.5,93,1.7,1.7,26.2,16.4,20.7
2026-01-25T16:11:11Z,0,0,0,0,0.2,0,26,847.8,26.1,26.2,33.9,260,253,0,0.3,92,0.7,0.7,26,16.3,20.6
2026-01-25T16:26:13Z,0,0,0,0,0.2,0,25.7,847.8,25.9,26,34.3,259,254,0,0.2,92,0.7,0.7,25.7,16.2,20.3
2026-01-25T16:42:12Z,0,0,0,0,0.2,0,25.4,848,25.7,25.7,34.2,261,254,0,1,91,2.4,2.4,25.4,15.9,20.1
2026-01-25T16:57:20Z,0,0,0,0,0.2,0,24.8,848,24.9,25.1,39.3,260,254,0,0.6,52,1.3,1.3,24.9,16.4,19.7
2026-01-25T17:13:20Z,0,0,0,0,0.2,0,24.2,848.3,24.3,24.5,44.3,261,254,0,0.6,94,1.7,1.7,24.3,16.6,19.2
2026-01-25T17:28:25Z,0,0,0,0,0.2,0,23.7,848.5,23.9,24,46,260,254,0,0.6,60,1.7,1.7,23.8,16.5,18.8
2026-01-25T17:43:25Z,0,0,0,0,0.2,0,23.3,848.8,23.5,23.6,47,261,254,0,0.2,68,0.4,0.4,23.4,16.3,18.5
2026-01-25T17:58:27Z,0,0,0,0,0.2,0,22.9,849.2,23.1,23.1,48.6,260,253,0,0.3,65,0.7,0.7,23,16.2,18.1
2026-01-25T18:14:19Z,0,0,0,0,0.2,0,22.5,849.3,22.8,22.8,50.1,260,253,0,0.2,82,0.4,0.4,22.7,16.1,17.9
2026-01-25T18:29:25Z,0,0,0,0,0.2,0,22.2,849.4,22.3,22.4,51.2,259,253,0,0,58,0,0,22.3,16,17.5
2026-01-25T18:44:31Z,0,0,0,0,0.2,0,21.7,849.4,21.8,22,52.6,260,254,0,0.3,81,0.7,0.7,21.8,15.8,17.1
2026-01-25T18:59:37Z,0,0,0,0,0.2,0,21.2,849.5,21.2,21.4,55.1,261,254,0,0,81,0,0,21.2,15.6,16.7
2026-01-25T19:14:43Z,0,0,0,0,0.2,0,20.5,849.8,20.7,20.7,57,260,254,0,0,81,0,0,20.5,15.2,16
2026-01-25T19:30:09Z,0,0,0,0,0.2,0,20.1,849.7,20.3,20.5,58.4,259,254,0,0,81,0.2,0.2,20.3,15.2,15.8
2026-01-25T19:45:15Z,0,0,0,0,0.2,0,19.9,849.9,20.1,20.3,58.9,260,253,0,0,82,0,0,20.1,15.1,15.6
2026-01-25T20:00:20Z,0,0,0,0,0.2,0,19.4,849.9,19.5,19.7,62,259,254,0,0,82,0,0,19.5,15,15.1
2026-01-25T20:15:26Z,0,0,0,0,0.2,0,18.9,850,19,19.3,63.3,260,254,0,0,82,0,0,19.1,14.8,14.7
2026-01-25T20:30:31Z,0,0,0,0,0.2,0,18.6,850,18.8,19,64.1,260,253,0,0,82,0,0,18.8,14.6,14.5
2026-01-25T20:45:52Z,0,0,0,0,0.2,0,18.3,849.8,18.4,18.7,65.3,260,254,0,0,82,0,0,18.5,14.5,14.2
2026-01-25T21:01:16Z,0,0,0,0,0.2,0,18,849.8,18.1,18.4,66.4,261,255,0,0,82,0,0,18.2,14.4,13.9
2026-01-25T21:16:21Z,0,0,0,0,0.2,0,17.7,849.7,17.9,18,67.9,260,254,0,0,82,0,0,17.9,14.2,13.6
2026-01-25T21:31:26Z,0,0,0,0,0.2,0,17.5,849.6,17.7,17.9,68.4,259,253,0,0,82,0,0,17.8,14.2,13.5
2026-01-25T21:46:31Z,0,0,0,0,0.2,0,17.2,849.3,17.4,17.5,69.5,260,253,0,0,82,0,0,17.4,13.9,13.1
2026-01-25T22:01:36Z,0,0,0,0,0.2,0,16.9,849.2,17,17.3,70.3,261,254,0,0,82,0,0,17.1,13.8,12.8
2026-01-25T22:16:41Z,0,0,0,0,0.2,0,16.6,849,16.8,17,71,260,254,0,0,82,0,0,16.8,13.6,12.6
2026-01-25T22:31:46Z,0,0,0,0,0.2,0,16.4,848.9,16.6,16.8,71.7,259,254,0,0,82,0,0,16.6,13.5,12.4
2026-01-25T22:46:52Z,0,0,0,0,0.2,0,16.2,848.8,16.4,16.7,72.7,260,253,0,0,82,0,0,16.5,13.5,12.3
2026-01-25T23:01:57Z,0,0,0,0,0.2,0,15.9,848.7,16.2,16.3,73.5,259,254,0,0,82,0,0,16.1,13.3,11.9
2026-01-25T23:17:20Z,0,0,0,0,0.2,0,15.6,848.7,16,16.1,74.7,260,253,0,0,82,0,0,15.9,13.1,11.7
2026-01-25T23:32:25Z,0,0,0,0,0.2,0,15.6,848.7,15.9,15.9,75.2,260,253,0,0,82,0,0,15.7,13.1,11.5
2026-01-25T23:47:30Z,0,0,0,0,0.2,0,15.3,848.6,15.7,15.7,76,261,254,0,0,82,0,0,15.5,13,11.4
2026-01-26T00:00:35Z,0,0,0,0,0.2,0,15.1,848.4,15.5,15.5,76.6,261,254,0,0,82,0,0,15.3,12.9,11.1
2026-01-26T00:15:40Z,0,0,0,0,0.2,0,15,848.3,15.5,15.5,77,259,252,0,0,82,0,0,15.3,12.9,11.1
2026-01-26T00:30:45Z,0,0,0,0,0.2,0,15,848.4,15.4,15.5,77.2,261,255,0,0,82,0,0,15.3,12.9,11.1
2026-01-26T00:45:51Z,0,0,0,0,0.2,0,15,848.5,15.4,15.5,77.5,260,254,0,0,82,0,0,15.3,12.9,11.1
2026-01-26T01:00:56Z,0,0,0,0,0.2,0,15,848.4,15.4,15.5,77.8,259,254,0,0.3,31,0.7,0.7,15.3,13,11.2
2026-01-26T01:16:01Z,0,0,0,0,0.2,0,14.9,848.5,15.2,15.4,77.6,260,254,0,0,31,0,0,15.2,12.8,11
2026-01-26T01:31:24Z,0,0,0,0,0.2,0,14.6,848.6,14.9,15.1,79,260,254,0,0,31,0.2,0.2,14.9,12.7,10.7
2026-01-26T01:46:30Z,0,0,0,0,0.2,0,14.6,848.5,15.1,15.2,78.7,260,254,0,0.1,31,0.4,0.4,15,12.8,10.8
2026-01-26T02:01:36Z,0,0,0,0,0.2,0,14.7,848.7,15.1,15.2,77.8,259,253,0,0,31,0,0,15,12.7,10.8
2026-01-26T02:16:41Z,0,0,0,0,0.2,0,14.6,848.8,14.9,15,78.5,259,254,0,0,31,0.2,0.2,14.8,12.6,10.6
2026-01-26T02:31:46Z,0,0,0,0,0.2,0,14.6,848.9,15,15.1,77.9,261,253,0,0.2,39,0.4,0.4,14.9,12.6,10.7
2026-01-26T02:46:52Z,0,0,0,0,0.2,0,14.8,849.2,15.2,15.3,77,260,254,0,0.1,333,0.4,0.4,15.1,12.7,10.9
2026-01-26T03:01:58Z,0,0,0,0,0.2,0,14.7,849.2,15.1,15.2,77.1,260,253,0,0.1,17,0.4,0.4,15,12.6,10.8
2026-01-26T03:17:03Z,0,0,0,0,0.2,0,14.8,849.3,15.2,15.3,76.5,260,255,0,0.1,300,0.2,0.2,15.1,12.6,10.9
2026-01-26T03:32:29Z,0,0,0,0,0.2,0,14.7,849.5,15.1,15.2,76.6,261,266,0,0.1,300,0.4,0.4,15,12.5,10.8
2026-01-26T03:47:35Z,0,0,0,0.1,0.2,0,14.5,849.5,14.9,15,77.1,268,325,0,0.1,300,0.4,0.4,14.8,12.4,10.6
2026-01-26T04:02:40Z,0,0,0,0.1,0.2,0,14.6,849.7,15.1,15.1,76.6,279,450,0,0.1,300,0.4,0.4,14.9,12.5,10.7
2026-01-26T04:17:46Z,0,0,0,0.2,0.2,0,15.1,849.8,15.5,15.5,75,293,566,0,0.2,2,0.7,0.7,15.3,12.7,11.1
2026-01-26T04:32:52Z,0,0,0,0.4,0.2,0,15.7,849.9,16.1,16.1,73.3,330,1041,0,0.2,338,0.4,0.4,15.9,13,11.7
2026-01-26T04:47:57Z,0,0,0,0.4,0.2,0,16.9,850.1,16.9,16.9,70.8,325,866,0,0.2,16,0.9,0.9,16.7,13.5,12.5
2026-01-26T05:03:03Z,0,0,0,0.3,0.2,0,18.2,850.2,18.1,18,68.8,322,789,0,0.3,27,0.9,0.9,17.8,14.3,13.6
2026-01-26T05:18:08Z,0,0,0,1,0.2,0,19.9,850.4,19.6,19.5,65,448,2336,0,0.4,64,0.7,0.7,19.4,15.2,15
2026-01-26T05:33:33Z,0,0,0,1.3,0.2,0,22.7,850.4,21.8,21.5,60.5,499,2883,0,0.2,88,0.7,0.7,21.4,16.4,16.8
2026-01-26T05:48:39Z,0,0,0,1.5,0.2,0,23.2,850.3,22.6,23.2,54.8,544,3374,0,0.8,76,1.5,1.5,23.1,17.1,18.2
2026-01-26T06:03:44Z,0,0,0,1.8,0,0,24,850.2,23.4,24.1,51.8,590,3870,0,1.3,78,2.6,2.6,24,17.5,19
2026-01-26T06:18:50Z,0,0,0,1.9,0,0,24.3,850.4,24.3,24.4,51.3,616,4185,0,0.6,96,1.9,1.9,24.3,17.7,19.2
2026-01-26T06:34:42Z,0,0,0,2.2,0,0,25.2,850.2,24.8,25.1,50.1,673,4789,0,1.1,71,2,2,25.1,18.1,19.8
2026-01-26T06:49:48Z,0,0,0,2.5,0,0,25.6,850.2,25.3,26,47.7,722,5295,0,1.7,75,3.3,3.3,26,18.5,20.5
2026-01-26T07:05:44Z,0,0,0,2.7,0,0,25.6,850.1,25.2,26.1,46.8,766,5755,0,1.4,65,2.6,2.6,26,18.4,20.5
2026-01-26T07:21:39Z,0,0,0,3,0,0,26.8,849.8,26.5,27.1,45.5,810,6194,0,0.7,95,1.6,1.6,27.2,19,21.5
2026-01-26T07:36:44Z,0,0,0,3.2,0,0,27,849.7,26.7,27.7,43.7,855,6667,0,1.3,68,2,2,27.6,19.2,21.7
2026-01-26T07:51:50Z,0,0,0,3.4,0,0,28.1,849.4,27.9,28.4,42.2,887,7006,0,1.1,65,2.2,2.2,28.2,19.6,22.2
2026-01-26T08:06:56Z,0,0,0,3.5,0,0,28.3,849.2,27.9,29,40.6,915,7319,0,1.7,71,2.8,2.8,28.6,19.7,22.5
2026-01-26T08:22:01Z,0,0,0,3.7,0,0,26.5,849,26.1,27.5,42.9,943,7626,0,1.1,87,2.4,2.4,27.4,18.9,21.6
2026-01-26T08:37:07Z,0,0,0,3.8,0,0,29.4,848.6,29.1,29.6,39.9,965,7817,0,0.7,94,2.2,2.2,29.3,20.1,22.9
2026-01-26T08:52:12Z,0,0,0,3.9,0,0,27.4,848.4,27.2,28.2,41,993,8137,0,0.8,92,3.5,3.5,28,19.2,22
2026-01-26T09:07:36Z,0,0,0,4,0,0,28.9,848.1,28.7,29.6,38.2,1011,8298,0,1.7,75,3.1,3.1,29,19.7,22.7
2026-01-26T09:22:41Z,0,0,0,4,0,0,27.6,848,27.4,28.5,40.4,1007,8273,0,1.5,79,3.3,3.3,28.1,19.3,22.1
2026-01-26T09:37:46Z,0,0,0,4.1,0,0,28.6,847.7,28.8,29.4,36.8,1027,8482,0,0.4,153,1.7,1.7,28.7,19.3,22.5
2026-01-26T09:52:51Z,0,0,0,4,0,0,29.5,847.6,29.4,30,36.9,998,8145,0,0.2,98,0.7,0.7,29.3,19.8,22.9
2026-01-26T10:07:56Z,0,0,0,4,0,0,28.9,847.3,29.2,29.4,36.5,1009,8255,0,1.1,153,2.8,2.8,28.7,19.3,22.5
2026-01-26T10:23:47Z,0,0,0,3.9,0,0,29.6,846.9,29.9,30.6,32.8,990,8037,0,0.8,134,2.2,2.2,29.6,19.5,23.1
2026-01-26T10:38:52Z,0,0,0,3.9,0,0,29.9,846.7,29.9,30.9,32.6,979,7920,0,0.6,58,1.3,1.3,29.9,19.6,23.3
2026-01-26T10:54:03Z,0,0,0,3.7,0,0,30.3,846.4,30.6,31.2,31.6,952,7633,0,1.2,167,2.2,2.2,30.1,19.7,23.5
2026-01-26T11:09:40Z,0,0,0,3.5,0,0,31.6,846.2,31.5,32.8,28.9,912,7213,0,1.3,74,2.4,2.4,31.5,20.2,24.4
2026-01-26T11:24:46Z,0,0,0,3.5,0,0,30.6,846,31,31.5,33.7,909,7198,0,0.2,175,0.7,0.7,30.7,20.4,23.9
2026-01-26T11:39:51Z,0,0,0,3,0,0,30.3,846,30.1,31.4,32.5,810,6130,0,0.9,69,2,2,30.5,20,23.7
2026-01-26T11:54:56Z,0,0,0,3.2,0,0,30.5,845.7,31.1,31.6,30.9,847,6529,0,0.7,85,1.5,1.5,30.5,19.8,23.7
2026-01-26T12:10:01Z,0,0,0,3,0,0,31.4,845.5,31.8,32.5,29.3,809,6083,0,0.3,84,1.3,1.3,31.3,20.1,24.3
2026-01-26T12:25:51Z,0,0,0,2.8,0,0,31.9,845.5,32.3,33.1,28.6,776,5774,0,0.1,85,0.4,0.4,31.9,20.4,24.7
2026-01-26T12:41:49Z,0,0,0,2.5,0,0,31.5,845.4,31.8,32.8,28.4,726,5233,0,1.3,89,2.4,2.4,31.6,20.1,24.5
2026-01-26T12:56:55Z,0,0,0,2.4,0,0,30.9,845.4,31.3,32.2,29.4,708,5112,0,0.8,84,1.7,1.7,30.9,19.9,24
2026-01-26T13:12:01Z,0,0,0,2.1,0,0,31.5,845.5,31.6,32.6,30.2,648,4495,0,0.8,98,1.7,1.7,31.5,20.4,24.4
2026-01-26T13:27:06Z,0,0,0,1.7,0,0,31.3,845.5,31.4,32.5,30.7,578,3691,0,0.2,84,0.4,0.4,31.5,20.5,24.4
2026-01-26T13:42:12Z,0,0,0,1.5,0,0,30.2,845.6,30.2,31.4,33.2,531,3188,0,0.9,66,1.7,1.7,30.5,20.1,23.7
2026-01-26T13:57:17Z,0,0,0,1.2,0,0,30.1,845.7,30.4,31.5,33.3,478,2630,0,1,73,3.7,3.7,30.6,20.3,23.8
2026-01-26T14:12:52Z,0,0,0,1,0,0,29.2,845.9,29.4,30.3,35.1,439,2180,0,1.4,95,2.4,2.4,29.5,19.7,23.1
2026-01-26T14:27:58Z,0,0,0,0.7,0,0,28.6,845.9,28.7,29.5,36.4,388,1639,0,0.9,91,1.7,1.7,28.8,19.4,22.6
2026-01-26T14:43:03Z,0,0,0,0.3,0,0,27.9,846,27.9,28.4,38.3,319,783,0,1.6,99,3.9,3.9,27.9,18.8,21.9
2026-01-26T14:58:09Z,0,0,0,0.3,0,0,27.2,846.2,27.3,27.6,39.5,307,670,0,1.4,134,3.9,3.9,27.3,18.4,21.5
2026-01-26T15:13:14Z,0,0,0,0.2,0,0,26.8,846.4,26.9,27.1,41.1,292,554,0,0.2,76,1.1,1.1,27,18.3,21.3
2026-01-26T15:28:55Z,0,0,0,0.1,0,0,26.2,846.7,26.3,26.5,41.4,277,403,0,1.7,87,3.5,3.5,26.4,17.9,20.9
2026-01-26T15:44:01Z,0,0,0,0.1,0,0,25.6,846.9,25.8,26,43.8,266,298,0,0.6,83,1.5,1.5,25.9,17.8,20.4
2026-01-26T15:59:06Z,0,0,0,0,0,0,25.2,847.1,25.4,25.5,45.2,262,256,0,0.9,94,1.7,1.7,25.4,17.7,20.1
2026-01-26T16:14:17Z,0,0,0,0,0,0,24.8,847.2,25,25.2,50.3,261,253,0,0.7,95,1.3,1.3,25.1,18.2,19.8
2026-01-26T16:29:22Z,0,0,0,0,0,0,24.4,847.4,24.6,24.7,53.2,260,252,0,0.9,73,2.6,2.6,24.7,18.2,19.5
2026-01-26T16:44:27Z,0,0,0,0,0,0,24.1,847.8,24.2,24.4,54.9,259,254,0,0.9,88,2,2,24.4,18.2,19.2
2026-01-26T16:59:53Z,0,0,0,0,0,0,23.8,848,23.9,24.1,56.2,260,254,0,0.6,94,1.5,1.5,24,18.1,19
2026-01-26T17:14:59Z,0,0,0,0,0,0,23.6,848.4,23.8,23.9,57.6,261,253,0,1,93,2.2,2.2,23.9,18.2,18.9
2026-01-26T17:30:14Z,0,0,0,0,0,0,23.4,848.7,23.6,23.7,58.5,260,253,0,1.1,91,2.2,2.2,23.7,18.1,18.7
2026-01-26T17:45:57Z,0,0,0,0,0,0,23.1,848.9,23.2,23.4,59.6,261,253,0,0.5,92,0.9,0.9,23.4,18,18.5
2026-01-26T18:01:02Z,0,0,0,0,0,0,22.8,849.1,22.9,23.1,60.7,260,253,0,1.3,76,2,2,23,17.9,18.2
2026-01-26T18:16:21Z,0,0,0,0,0,0,22.5,849.3,22.6,22.8,61.5,261,253,0,0.7,83,1.3,1.3,22.8,17.8,18
2026-01-26T18:31:27Z,0,0,0,0,0,0,22.3,849.3,22.4,22.6,62,260,253,0,1.3,84,2,2,22.6,17.6,17.8
2026-01-26T18:47:06Z,0,0,0,0,0,0,22,849.5,22.2,22.4,62.6,261,253,0,0.3,84,0.9,0.9,22.3,17.5,17.6
2026-01-26T19:02:11Z,0,0,0,0,0,0,21.7,849.7,21.9,22.1,63.5,261,253,0,0.3,84,0.7,0.7,22,17.3,17.3
2026-01-26T19:17:16Z,0,0,0,0,0,0,21.8,849.7,21.9,22.1,63.5,259,254,0,1.2,81,3.5,3.5,22.1,17.4,17.3
2026-01-26T19:32:21Z,0,0,0,0,0,0,21.6,849.7,21.8,22,64.3,260,254,0,0.7,84,3.1,3.1,21.9,17.3,17.2
2026-01-26T19:47:41Z,0,0,0,0,0,0,21.6,849.7,21.8,22,64.6,261,252,0,0.5,82,0.9,0.9,22,17.4,17.3
2026-01-26T20:03:11Z,0,0,0,0,0,0,21.5,849.8,21.6,21.9,65,261,253,0,1,84,2.4,2.4,21.8,17.3,17.2
2026-01-26T20:18:11Z,0,0,0,0,0,0,21.3,850,21.4,21.6,65.8,261,254,0,0.8,87,1.3,1.3,21.6,17.3,17
2026-01-26T20:34:10Z,0,0,0,0,0,0,21.2,850.1,21.4,21.6,66,259,253,0,1.2,70,2.8,2.8,21.5,17.2,16.9
2026-01-26T20:49:16Z,0,0,0,0,0,0,21.2,850.1,21.4,21.5,66.4,260,254,0,0.5,79,1.5,1.5,21.5,17.2,16.9
2026-01-26T21:05:15Z,0,0,0,0,0,0,21.1,850,21.2,21.4,66.7,259,253,0,0.7,83,2.4,2.4,21.4,17.2,16.8
2026-01-26T21:20:21Z,0,0,0,0,0,0,20.8,849.9,20.9,21.2,67.6,260,254,0,0.3,89,0.7,0.7,21.1,17.1,16.6
2026-01-26T21:35:26Z,0,0,0,0,0,0,20.4,849.7,20.6,20.8,68.6,261,252,0,0,89,0.2,0.2,20.8,16.9,16.3
2026-01-26T21:50:32Z,0,0,0,0,0,0,20,849.6,20.2,20.4,69.7,261,253,0,0,89,0.2,0.2,20.4,16.6,15.9
2026-01-26T22:05:37Z,0,0,0,0,0,0,19.7,849.5,19.9,20.1,70.3,260,253,0,0,89,0,0,20,16.4,15.6
2026-01-26T22:20:42Z,0,0,0,0,0,0,19.5,849.4,19.6,19.8,71,262,254,0,0,89,0.2,0.2,19.8,16.2,15.3
2026-01-26T22:35:47Z,0,0,0,0,0,0,19.2,849.1,19.4,19.6,71.7,261,253,0,0,89,0,0,19.5,16.1,15.1
2026-01-26T22:51:10Z,0,0,0,0,0,0,18.9,849.3,19.1,19.3,72.9,259,253,0,0,89,0,0,19.2,16,14.8
2026-01-26T23:06:16Z,0,0,0,0,0,0,19,849.3,19.3,19.5,72.7,260,253,0,0,89,0,0,19.5,16.2,15.1
2026-01-26T23:21:21Z,0,0,0,0,0,0,19.4,849.2,19.6,19.8,71.8,260,253,0,0,89,0,0,19.8,16.3,15.3
2026-01-26T23:36:26Z,0,0,0,0,0,0,19.5,849.3,19.7,19.9,71.3,260,253,0,0,89,0,0,19.8,16.3,15.4
2026-01-26T23:52:19Z,0,0,0,0,0,0,19.5,849.1,19.7,19.9,71.3,260,254,0,0.1,89,0.7,0.7,19.9,16.4,15.5
2026-01-27T00:00:23Z,0,0,0,0,0,0,19.5,849.1,19.7,19.9,71.4,260,254,0,0,89,0.2,0.2,19.8,16.3,15.4
2026-01-27T00:15:28Z,0,0,0,0,0,0,19.3,849.2,19.4,19.6,72.2,259,253,0,0,89,0.2,0.2,19.5,16.2,15.1
2026-01-27T00:30:34Z,0,0,0,0,0,0,18.8,849.4,18.9,19.1,74,261,253,0,0,89,0,0,19,15.9,14.7
2026-01-27T00:45:39Z,0,0,0,0,0,0,18.3,849.6,18.5,18.6,76,260,253,0,0,89,0,0,18.5,15.7,14.2
2026-01-27T01:01:21Z,0,0,0,0,0,0,18.1,849.3,18.2,18.5,76.6,260,254,0,0,89,0,0,18.4,15.7,14.1
2026-01-27T01:16:27Z,0,0,0,0,0,0,17.7,849.5,17.9,17.9,78.7,261,253,0,0,89,0,0,17.9,15.4,13.6
2026-01-27T01:31:33Z,0,0,0,0,0,0,17.4,849.6,17.6,17.8,79.3,260,254,0,0,89,0,0,17.7,15.3,13.5
2026-01-27T01:46:38Z,0,0,0,0,0,0,17.1,849.6,17.2,17.4,80.4,259,254,0,0,89,0,0,17.3,15.1,13.1
2026-01-27T02:01:44Z,0,0,0,0,0,0,16.9,849.9,17.1,17.3,81.4,260,253,0,0,89,0,0,17.2,15.1,13
2026-01-27T02:16:49Z,0,0,0,0,0,0,16.9,850.1,17.2,17.4,81.3,261,254,0,0,89,0,0,17.3,15.2,13.1
2026-01-27T02:31:55Z,0,0,0,0,0,0,17.1,850.1,17.4,17.6,80.2,260,254,0,0,89,0,0,17.6,15.3,13.3
2026-01-27T02:47:18Z,0,0,0,0,0,0,16.8,850.2,16.9,17.2,81.2,260,253,0,0,89,0,0,17.1,14.9,12.9
2026-01-27T03:02:23Z,0,0,0,0,0,0,16.4,850.4,16.6,16.8,82.4,261,254,0,0,89,0,0,16.8,14.7,12.5
2026-01-27T03:17:29Z,0,0,0,0,0,0,16.1,850.5,16.3,16.5,84.1,259,254,0,0,89,0,0,16.5,14.7,12.3
2026-01-27T03:32:34Z,0,0,0,0,0,0,16.1,850.8,16.3,16.5,83.8,261,279,0,0,89,0,0,16.5,14.6,12.2
2026-01-27T03:47:40Z,0,0,0,0.1,0,0,15.9,850.8,16.2,16.3,84.3,267,336,0,0,89,0,0,16.3,14.5,12.1
2026-01-27T04:02:45Z,0,0,0,0.1,0,0,16,851,16.3,16.4,84.4,279,450,0,0,89,0,0,16.3,14.6,12.1
2026-01-27T04:17:51Z,0,0,0,0.2,0,0,16.2,851.1,16.4,16.5,84.5,298,618,0,0,89,0,0,16.5,14.7,12.3
2026-01-27T04:32:56Z,0,0,0,0.4,0,0,16.9,851.2,17.1,17.1,83.1,324,942,0,0,89,0,0,17.1,15.1,12.8
2026-01-27T04:48:22Z,0,0,0,0.5,0,0,18.7,851.3,18.6,18.5,79.2,348,1204,0,0,89,0,0,18.5,16,14.2
2026-01-27T05:03:27Z,0,0,0,0.4,0,0,20.2,851.4,19.9,19.8,74.9,328,844,0,0.2,89,0.9,0.9,19.8,16.7,15.3
2026-01-27T05:18:32Z,0,0,0,1.1,0,0,21.2,851.3,20.8,20.8,70.7,455,2412,0,0.5,89,1.1,1.1,20.8,17.1,16.3
2026-01-27T05:33:39Z,0,0,0,1.3,0,0,23.2,851.5,22.3,22.1,64.9,501,2895,0,0.3,89,0.9,0.9,22,17.5,17.3
2026-01-27T05:48:44Z,0,0,0,1.5,0,0,23.6,851.4,22.7,22.4,62.6,543,3356,0,0.6,88,1.3,1.3,22.3,17.5,17.6
2026-01-27T06:03:49Z,0,0,0,1.8,0,0,24.5,851.4,24.2,23.6,58.9,592,3879,0,0.6,89,1.8,1.8,23.5,18.1,18.6
2026-01-27T06:18:55Z,0,0,0,2,0,0,25.1,851.3,24.6,25.4,52.1,638,4368,0,1.1,88,1.7,1.7,25.4,18.7,20
2026-01-27T06:34:00Z,0,0,0,2.3,0,0,25.9,851.3,25.4,26,49.4,679,4817,0,0.8,88,1.3,1.3,26,18.8,20.6
2026-01-27T06:49:25Z,0,0,0,2.5,0,0,27.6,851.1,27.1,27.5,46.4,723,5289,0,0.4,83,0.9,0.9,27.7,19.6,21.8
2026-01-27T07:04:30Z,0,0,0,2.7,0,0,27.2,851,26.6,27.2,46.1,769,5766,0,0.7,88,1.7,1.7,27.4,19.3,21.6
2026-01-27T07:19:35Z,0,0,0,3,0,0,27.9,850.8,27.2,27.8,45,816,6251,0,0.3,84,1.1,1.1,27.9,19.6,21.9
2026-01-27T07:34:41Z,0,0,0,3.2,0,0,27.5,850.6,27.4,27.9,44.5,860,6711,0,0.6,84,1.3,1.3,27.9,19.5,21.9
2026-01-27T07:49:46Z,0,0,0,3.5,0,0,27.3,850.4,27.1,27.9,43.8,904,7175,0,0.8,89,1.7,1.7,27.8,19.4,21.9
2026-01-27T08:05:35Z,0,0,0,3.6,0,0,27.6,850.2,27.4,28.1,43.5,937,7547,0,0.2,84,1.1,1.1,28,19.6,22
2026-01-27T08:20:40Z,0,0,0,3.9,0,0,26.7,849.9,26.6,27.5,44.8,988,8173,0,2,116,4.1,4.1,27.6,19.3,21.7
2026-01-27T08:35:46Z,0,0,0,4.1,0,0,27.7,849.7,27.7,28.3,43.2,1012,8357,0,0.9,66,2,2,28.2,19.7,22.2
2026-01-27T08:50:51Z,0,0,0,3.8,0,0,27.7,849.7,27.6,28.5,43.7,965,7815,0,1.1,90,2.2,2.2,28.5,19.9,22.4
2026-01-27T09:05:56Z,0,0,0,4.8,0,0,28.2,849.4,27.8,29.2,41.8,1153,9932,0,2.4,72,4.8,4.8,29,20.1,22.7
2026-01-27T09:21:02Z,0,0,0,4.3,0,0,28.6,849.2,28.4,29.4,41,1069,8964,0,2.1,77,3.7,3.7,29.2,20.2,22.8
2026-01-27T09:36:07Z,0,0,0,4.3,0,0,27.3,849.2,27.2,28.1,42.8,1053,8879,0,1,80,2.6,2.6,27.9,19.4,22
2026-01-27T09:51:31Z,0,0,0,4.1,0,0,28.2,848.8,28.4,29.1,41,1014,8305,0,1.4,84,2.4,2.4,28.8,19.9,22.6
2026-01-27T10:06:37Z,0,0,0,4.2,0,0,29.1,848.6,29.1,30,40,1033,8519,0,0.2,85,0.4,0.4,29.7,20.5,23.2
2026-01-27T10:21:42Z,0,0,0,2.9,0,0,28.8,848.4,28.9,29.7,40,792,5800,0,0.9,90,2.6,2.6,29.4,20.2,23
2026-01-27T10:36:47Z,0,0,0,4.3,0,0,27.9,848,27.8,28.7,40.2,1052,8777,0,1.4,87,3.1,3.1,28.3,19.4,22.2
2026-01-27T10:51:53Z,0,0,0,4.2,0,0,28.4,847.7,28.7,29.2,39.9,1041,8615,0,0.9,89,1.7,1.7,28.8,19.8,22.6
2026-01-27T11:06:58Z,0,0,0,4,0,0,29.2,847.5,28.9,30.5,37.6,1010,8355,0,1.7,71,2.6,2.6,29.9,20.3,23.4
2026-01-27T11:22:04Z,0,0,0,0.9,0,0,28.3,847.3,28.2,29.5,40.6,419,1829,0,1.8,81,4.4,4.4,29.2,20.1,22.8
2026-01-27T11:37:09Z,0,0,0,3.6,0,0,27.9,847.1,27.9,28.6,40.7,934,7533,0,0.6,137,2.6,2.6,28.3,19.4,22.2
2026-01-27T11:52:34Z,0,0,0,1.2,0,0,28.8,847,29,29.7,40,486,2595,0,1.2,70,2.4,2.4,29.4,20.2,23
2026-01-27T12:07:40Z,0,0,0,3,0,0,28.7,846.9,28.8,29.4,40.8,818,6279,0,0.8,116,2.8,2.8,29.1,20.1,22.8
2026-01-27T12:22:45Z,0,0,0,1.1,0,0,28.5,846.8,28.5,29.7,38.7,465,2273,0,1.5,101,3.3,3.3,29.2,19.9,22.8
2026-01-27T12:38:40Z,0,0,0,0.9,0,0,28.3,846.8,28.4,29.4,39.4,430,1912,0,1.4,114,3.5,3.5,29,19.9,22.7
2026-01-27T12:53:45Z,0,0,0,2.3,0,0,28.5,846.4,28.8,29.6,39.2,690,4892,0,0.8,166,3.8,3.8,29.1,19.9,22.8
2026-01-27T13:09:35Z,0,0,0,2,0,0,28.3,846.3,28.6,29.5,40.4,626,4209,0,0.6,81,2,2,29.2,20.1,22.9
2026-01-27T13:24:40Z,0,0,0,1.8,0,0,28.2,846.3,28.4,29.3,41,591,3857,0,0.7,142,1.5,1.5,29,20.1,22.7
2026-01-27T13:40:37Z,0,0,0,1.3,0,0,28.9,846.5,29,30.2,39.9,499,2825,0,0.7,165,2.2,2.2,29.9,20.6,23.3
2026-01-27T13:55:43Z,0,0,0,1.2,0,0,27.6,846.7,27.8,28.7,42.5,490,2771,0,1.7,73,2.4,2.4,28.6,19.9,22.4
2026-01-27T14:10:43Z,0,0,0,1,0,0,26.8,846.9,27,27.8,43.8,439,2229,0,0.8,111,1.7,1.7,27.7,19.3,21.8
2026-01-27T14:26:42Z,0,0,0,0.6,0,0,26.5,846.9,26.6,27.5,44.8,376,1452,0,1.8,67,3.5,3.5,27.5,19.3,21.7
2026-01-27T14:41:48Z,0,0,0,0.3,0,0,25.6,847,25.6,26.1,46.8,319,791,0,0.9,74,4.1,4.1,26.1,18.5,20.6
2026-01-27T14:56:53Z,0,0,0,0.3,0,0,25.2,847.2,25.2,25.6,48.1,307,683,0,1.7,69,3.3,3.3,25.5,18.2,20.2
2026-01-27T15:11:59Z,0,0,0,0.2,0,0,24.7,847.5,24.8,25.1,49.6,289,522,0,0.6,86,1.7,1.7,25.1,18.1,19.8
2026-01-27T15:27:04Z,0,0,0,0.1,0,0,24.1,847.9,24.3,24.5,50.8,276,403,0,1.1,107,2.8,2.8,24.4,17.7,19.3
2026-01-27T15:42:09Z,0,0,0,0,0,0,23.8,848.1,23.9,24.1,51.9,265,299,0,0.4,87,1.1,1.1,24,17.5,19
2026-01-27T15:57:14Z,0,0,0,0,0,0,23.3,848.3,23.4,23.6,53.3,260,257,0,0.3,72,0.7,0.7,23.5,17.3,18.6
2026-01-27T16:12:39Z,0,0,0,0,0,0,22.9,848.4,23,23.2,54.3,260,254,0,0.9,66,2.2,2.2,23.1,17.1,18.3
2026-01-27T16:27:45Z,0,0,0,0,0,0,22.6,849,22.9,23,55.7,260,254,0,0.8,78,2.7,2.7,22.9,17.1,18
2026-01-27T16:42:57Z,0,0,0,0,0,0,22.4,849.3,22.6,22.8,56.6,260,253,0,0.9,81,2,2,22.7,17,17.9
2026-01-27T16:58:52Z,0,0,0,0,0,0,22.3,849.2,22.4,22.6,57.7,261,253,0,1.1,74,2.4,2.4,22.5,17,17.7
2026-01-27T17:14:49Z,0,0,0,0,0,0,22.1,849.3,22.2,22.4,59.1,259,254,0,1.2,85,2.6,2.6,22.4,17.1,17.6
2026-01-27T17:29:54Z,0,0,0,0,0,0,22.1,849.5,22.2,22.5,59.3,261,255,0,1.6,85,3.7,3.7,22.4,17.1,17.6
2026-01-27T17:45:02Z,0,0,0,0,0,0,22,849.7,22.2,22.4,60,260,254,0,0.5,69,1.5,1.5,22.3,17.1,17.5
2026-01-27T18:00:50Z,0,0,0,0,0,0,21.9,849.9,22.1,22.2,60.8,260,252,0,1.1,114,2.8,2.8,22.2,17.1,17.4
2026-01-27T18:15:55Z,0,0,0,0,0,0,21.7,850,21.9,22,61.2,259,254,0,1,102,2.4,2.4,22,17,17.3
2026-01-27T18:30:56Z,0,0,0,0,0,0,21.5,850.1,21.7,21.9,61.8,260,254,0,0.1,115,0.2,0.2,21.8,16.9,17.1
2026-01-27T18:46:08Z,0,0,0,0,0,0,21.3,850.2,21.4,21.6,62.7,261,254,0,0.3,91,0.9,0.9,21.5,16.8,16.9
2026-01-27T19:01:40Z,0,0,0,0,0,0,21,850.4,21.2,21.3,63.7,260,254,0,0.6,88,1.3,1.3,21.3,16.7,16.7
2026-01-27T19:16:46Z,0,0,0,0,0,0,21,850.7,21.2,21.3,64,260,253,0,0.2,86,1.2,1.2,21.3,16.7,16.7
2026-01-27T19:31:47Z,0,0,0,0,0,0,21.3,850.7,21.4,21.5,63.5,260,254,0,0.6,78,2.2,2.2,21.5,16.9,16.9
2026-01-27T19:46:53Z,0,0,0,0,0,0,21.4,850.8,21.5,21.7,63.2,262,254,0,0.7,62,2.2,2.2,21.6,16.9,17
2026-01-27T20:02:40Z,0,0,0,0,0,0,21.3,850.8,21.5,21.6,63.2,260,252,0,0.8,88,1.7,1.7,21.6,16.9,16.9
2026-01-27T20:17:46Z,0,0,0,0,0,0,21.2,850.9,21.4,21.5,63.3,261,253,0,0.8,63,2.2,2.2,21.5,16.8,16.9
2026-01-27T20:32:52Z,0,0,0,0,0,0,21.1,850.9,21.2,21.5,63.8,260,252,0,0.6,70,2.2,2.2,21.4,16.8,16.8
2026-01-27T20:47:57Z,0,0,0,0,0,0,21,850.8,21.1,21.3,64.4,261,253,0,0.6,94,1.3,1.3,21.2,16.8,16.7
2026-01-27T21:03:02Z,0,0,0,0,0,0,20.8,850.9,21,21.2,65.4,261,254,0,0.5,123,1.5,1.5,21.2,16.8,16.6
2026-01-27T21:18:07Z,0,0,0,0,0,0,20.7,850.7,20.8,21.1,66.1,262,254,0,0.3,104,1.3,1.3,21,16.8,16.4
2026-01-27T21:33:14Z,0,0,0,0,0,0,20.3,850.6,20.4,20.7,67.5,262,253,0,0.9,109,1.7,1.7,20.6,16.6,16.1
2026-01-27T21:48:39Z,0,0,0,0,0,0,19.9,850.4,20.1,20.2,70,261,253,0,0.4,104,0.9,0.9,20.2,16.5,15.7
2026-01-27T22:03:45Z,0,0,0,0,0,0,19.6,850.3,19.8,20,70.9,260,254,0,0.3,98,1.1,1.1,19.9,16.4,15.5
2026-01-27T22:18:50Z,0,0,0,0,0,0,19.3,850.2,19.5,19.7,72.3,261,254,0,0.4,76,1.1,1.1,19.7,16.3,15.3
2026-01-27T22:34:48Z,0,0,0,0,0,0,19.2,850,19.3,19.5,73.6,259,254,0,0.9,69,1.7,1.7,19.5,16.3,15.1
2026-01-27T22:49:54Z,0,0,0,0,0,0,19.1,849.9,19.2,19.5,73.9,260,253,0,0.2,95,0.7,0.7,19.4,16.3,15.1
2026-01-27T23:05:49Z,0,0,0,0,0,0,19.2,849.8,19.4,19.6,73.5,260,254,0,0.4,65,0.9,0.9,19.6,16.3,15.2
2026-01-27T23:20:55Z,0,0,0,0,0,0,19.2,849.8,19.4,19.6,73.3,259,253,0,0.1,47,0.6,0.6,19.6,16.3,15.2
2026-01-27T23:36:00Z,0,0,0,0,0,0,19.1,849.6,19.3,19.5,73.5,260,254,0,0,88,0.2,0.2,19.5,16.3,15.1
2026-01-27T23:51:05Z,0,0,0,0,0,0,18.8,849.4,18.9,19.2,74.5,259,253,0,0.6,83,1.3,1.3,19.1,16.1,14.8
2026-01-28T00:00:08Z,0,0,0,0,0,0,18.6,849.4,18.8,19,75.2,261,252,0,0.2,82,0.9,0.9,19,16,14.6
2026-01-28T00:15:13Z,0,0,0,0,0,0,18.3,849.4,18.5,18.7,76.4,260,252,0,0.3,90,0.9,0.9,18.7,15.9,14.4
2026-01-28T00:30:19Z,0,0,0,0,0,0,18.4,849.3,18.6,18.8,76.4,260,254,0,0.2,71,0.7,0.7,18.8,15.9,14.4
2026-01-28T00:45:43Z,0,0,0,0,0,0,18.4,849.5,18.6,18.8,76.6,261,253,0,0.2,76,0.7,0.7,18.8,16,14.4
2026-01-28T01:00:49Z,0,0,0,0,0,0,18.4,849.7,18.6,18.8,76.8,261,253,0,0,92,0,0,18.7,16,14.4
2026-01-28T01:15:54Z,0,0,0,0,0,0,18.5,849.9,18.7,18.9,76.7,260,253,0,0,92,0,0,18.8,16,14.5
2026-01-28T01:30:59Z,0,0,0,0,0,0,18.5,850,18.6,18.9,76.6,260,254,0,0,92,0,0,18.8,16,14.5
2026-01-28T01:46:04Z,0,0,0,0,0,0,18,849.9,18.1,18.4,78.2,261,254,0,0,92,0,0,18.3,15.7,14
2026-01-28T02:01:09Z,0,0,0,0,0,0,17.5,850.1,17.6,17.8,80.1,260,254,0,0,92,0,0,17.7,15.4,13.5
2026-01-28T02:16:14Z,0,0,0,0,0,0,17.1,850.3,17.2,17.4,81.7,260,253,0,0,92,0,0,17.3,15.2,13.1
2026-01-28T02:31:19Z,0,0,0,0,0,0,16.8,850.4,16.9,17.1,82.7,260,254,0,0,92,0,0,17.1,15.1,12.8
2026-01-28T02:46:24Z,0,0,0,0,0,0,16.6,850.5,16.7,17,83,262,253,0,0,92,0,0,17,15,12.7
2026-01-28T03:01:48Z,0,0,0,0,0,0,16.3,850.6,16.4,16.7,84.3,261,255,0,0,92,0,0,16.6,14.8,12.4
2026-01-28T03:16:53Z,0,0,0,0,0,0,16,850.7,16.2,16.3,85.1,259,254,0,0,92,0,0,16.3,14.6,12.1
2026-01-28T03:31:59Z,0,0,0,0,0,0,15.7,850.8,16.1,16.1,86,261,271,0,0,92,0,0,16,14.4,11.8
2026-01-28T03:47:04Z,0,0,0,0.1,0,0,15.5,851.1,15.9,15.9,86.8,267,330,0,0,92,0,0,15.9,14.4,11.7
2026-01-28T04:02:10Z,0,0,0,0.1,0,0,15.5,851.3,15.9,15.9,87.7,279,451,0,0,131,0,0,15.9,14.5,11.7
2026-01-28T04:17:15Z,0,0,0,0.2,0,0,15.8,851.4,16.2,16.2,87.9,296,608,0,0,131,0,0,16.2,14.8,12
2026-01-28T04:32:20Z,0,0,0,0.3,0,0,16.5,851.6,16.7,16.9,85.6,323,913,0,0,131,0,0,16.8,15.2,12.6
2026-01-28T04:47:26Z,0,0,0,0.5,0,0,18.2,851.6,18,18,81.6,346,1171,0,0.3,130,0.4,0.4,17.9,15.8,13.7
2026-01-28T05:02:52Z,0,0,0,0.4,0,0,19.2,851.8,18.9,19,78.6,341,1028,0,0.6,130,1.3,1.3,19,16.4,14.7
2026-01-28T05:17:58Z,0,0,0,0.9,0,0,20,851.7,19.8,19.9,75.6,420,2005,0,0.4,73,1.3,1.3,19.9,16.9,15.5
2026-01-28T05:33:03Z,0,0,0,1.2,0,0,21.7,851.6,21,21.1,70.3,491,2813,0,0.6,45,1.3,1.3,21.1,17.3,16.5
2026-01-28T05:48:08Z,0,0,0,1.5,0,0,22.6,851.8,21.9,22,66.3,541,3338,0,0.5,37,1.3,1.3,21.9,17.6,17.3
2026-01-28T06:03:13Z,0,0,0,0.7,0,0.2,22.6,851.8,22.2,22.9,58.9,395,1519,0,1.5,74,2.8,2.8,22.8,17.5,18
2026-01-28T06:18:19Z,0,0,0,1.5,0,0.2,23,851.7,22.9,23.3,57.5,530,3137,0,0.8,56,1.5,1.5,23.2,17.6,18.3
2026-01-28T06:33:24Z,0,0,0,2.7,0,0.2,24.1,851.8,23.9,24.4,53.6,753,5773,0,1,91,2,2,24.3,18,19.2
2026-01-28T06:48:29Z,0,0,0,2.7,0,0.2,23.3,851.9,23.2,23.8,54.9,751,5628,0,1.4,71,2.8,2.8,23.8,17.7,18.8
2026-01-28T07:03:55Z,0,0,0,3,0,0.2,24.4,851.8,24.1,24.6,53.1,820,6487,0,0.8,56,2,2,24.6,18.1,19.4
2026-01-28T07:19:00Z,0,0,0,3.5,0,0.2,25.3,851.5,25.2,25.9,48.3,910,7433,0,1.4,75,4.4,4.4,25.8,18.5,20.4
2026-01-28T07:34:05Z,0,0,0,3.5,0,0.2,25.1,851.6,25.3,25.8,49.9,916,7470,0,0.4,128,1.7,1.7,25.7,18.6,20.3
2026-01-28T07:49:10Z,0,0,0,3.6,0,0.2,24.8,851.3,24.6,25.5,48.6,921,7459,0,2.4,75,4.4,4.4,25.4,18.2,20.1
2026-01-28T08:04:16Z,0,0,0,1.1,0,0.2,24.4,851.3,24.3,25,51.2,472,2370,0,0.5,241,1.3,1.3,24.9,18.1,19.7
2026-01-28T08:19:22Z,0,0,0,4,0,0.2,24,851.2,23.8,24.8,50.2,999,8313,0,3,100,6.6,6.6,24.8,17.9,19.6
2026-01-28T08:35:17Z,0,0,0,3.9,0,0.2,24.1,850.9,24.1,24.8,50.4,979,8024,0,1.4,85,3.3,3.3,24.7,17.9,19.5
2026-01-28T08:50:23Z,0,0,0,4,0,0.2,24.8,850.8,24.8,25.6,49.4,1006,8321,0,1.9,89,4.8,4.8,25.5,18.4,20.2
2026-01-28T09:05:29Z,0,0,0,4,0,0.2,25.9,850.6,25.8,26.6,46.7,1007,8295,0,1,116,2.8,2.8,26.6,18.8,21
2026-01-28T09:20:34Z,0,0,0,4,0,0.2,26.1,850.4,26.5,26.8,47.3,1000,8218,0,1.2,96,3.7,3.7,27.1,19.1,21.3
2026-01-28T09:36:00Z,0,0,0,4.1,0,0.2,25.3,850.1,25.4,26.3,47.4,1012,8335,0,1.4,102,3.5,3.5,26.2,18.7,20.7
2026-01-28T09:51:05Z,0,0,0,4.2,0,0.2,26.9,849.8,26.6,27.2,44.3,1035,8573,0,1.3,334,2.4,2.4,27.3,19,21.5
2026-01-28T10:06:10Z,0,0,0,4,0,0.2,26,849.5,26,27,43.6,1007,8304,0,0.8,151,3,3,27,18.6,21.3
2026-01-28T10:21:15Z,0,0,0,4,0,0.2,27.7,849.1,27.8,28.6,40.7,999,8154,0,0.7,93,2.6,2.6,28.3,19.5,22.2
2026-01-28T10:36:20Z,0,0,0,3.9,0,0.2,27.8,848.7,28,28.7,40.7,980,7938,0,0.6,123,1.3,1.3,28.4,19.5,22.3
2026-01-28T10:51:26Z,0,0,0,3.8,0,0.2,28.7,848.4,28.6,29.4,39,959,7734,0,1.1,67,2.7,2.7,29,19.8,22.7
2026-01-28T11:06:32Z,0,0,0,3.6,0,0.2,28.6,848.1,28.6,29.7,38.1,934,7476,0,1.2,103,2.8,2.8,29.2,19.9,22.9
2026-01-28T11:21:37Z,0,0,0,3.5,0,0.2,27.9,848,28.4,29.1,38.2,909,7197,0,0.9,147,1.7,1.7,28.5,19.3,22.4
2026-01-28T11:37:06Z,0,0,0,3.3,0,0.2,29.4,847.6,29.5,30.5,36.1,881,6899,0,0.3,105,1.1,1.1,29.9,20.1,23.3
2026-01-28T11:52:12Z,0,0,0,3.2,0,0.2,29.6,847.5,30,30.7,34.1,848,6568,0,0.8,49,1.5,1.5,29.8,19.8,23.3
2026-01-28T12:07:17Z,0,0,0,3,0,0.2,29.3,847.3,29.2,30.7,33.1,815,6195,0,1.7,77,3.5,3.5,29.7,19.6,23.2
2026-01-28T12:22:23Z,0,0,0,2.7,0,0.2,29.5,847.2,29.5,30.9,34.5,762,5644,0,0.3,109,1,1,30.1,20,23.5
2026-01-28T12:37:28Z,0,0,0,2.5,0,0.2,29.9,846.9,30.3,31.4,32.9,716,5141,0,1.9,81,3.7,3.7,30.4,20,23.7
2026-01-28T12:53:10Z,0,0,0,2.3,0,0.2,29.6,847,29.7,30.9,36.1,681,4793,0,0.8,61,2.2,2.2,30.3,20.4,23.6
2026-01-28T13:08:16Z,0,0,0,1.5,0,0.2,28.3,847,28.4,29.4,39,527,3062,0,1.5,99,2.4,2.4,28.9,19.8,22.7
2026-01-28T13:23:27Z,0,0,0,0.9,0,0.2,27.8,847.1,27.9,28.9,39.6,422,1897,0,0.7,108,2.2,2.2,28.4,19.4,22.3
2026-01-28T13:38:33Z,0,0,0,0.9,0,0.2,27,847.3,27.1,27.6,41.1,424,1963,0,1.1,103,2.4,2.4,27.4,18.7,21.6
2026-01-28T13:53:38Z,0,0,0,0.3,0,0.2,26.6,847.1,26.7,27.1,41.6,320,790,0,0.5,61,1.5,1.5,27,18.4,21.3
2026-01-28T14:08:44Z,0,0,0,0.2,0,0.2,26,847.3,26.2,26.4,42,293,503,0,0.6,99,2.2,2.2,26.3,17.9,20.8
2026-01-28T14:24:06Z,0,0,0,0.2,0,0.2,25.6,847.5,25.8,26,42.2,287,461,0,0.7,96,1.3,1.3,25.9,17.6,20.4
2026-01-28T14:39:12Z,0,0,0,0.2,0,0.2,25.5,847.7,25.8,25.9,42.4,298,603,0,0.1,35,0.4,0.4,25.8,17.5,20.4
2026-01-28T14:54:17Z,0,0,0,0.2,0,0.2,25.5,847.7,25.6,25.8,41.4,295,548,0,1.1,45,2.8,2.8,25.7,17.3,20.3
2026-01-28T15:09:23Z,0,0,0,0.1,0,0.2,25.2,847.7,25.4,25.6,42.6,282,440,0,0.5,32,1.1,1.1,25.4,17.3,20.1
2026-01-28T15:24:28Z,0,0,0,0.1,0,0.2,24.9,847.8,25,25.2,44,277,400,0,1.2,81,3.3,3.3,25.1,17.3,19.8
2026-01-28T15:39:33Z,0,0,0,0.1,0,0.2,24.7,848,24.8,25,45.6,268,318,0,0.3,88,1.1,1.1,24.8,17.3,19.6
2026-01-28T15:54:39Z,0,0,0,0,0,0.2,24.4,848.3,24.6,24.7,47.6,261,260,0,0.1,87,0.4,0.4,24.6,17.4,19.4
2026-01-28T16:09:44Z,0,0,0,0,0,0.2,24.2,848.6,24.3,24.5,49.7,261,254,0,0.5,67,1.3,1.3,24.3,17.5,19.2
2026-01-28T16:24:50Z,0,0,0,0,0,0.2,24,848.8,24.1,24.2,51.4,259,254,0,0.2,47,1.1,1.1,24.2,17.6,19.1
2026-01-28T16:40:38Z,0,0,0,0,0,0.2,23.8,849,23.9,24,52.3,260,253,0,1.3,119,2.4,2.4,23.9,17.5,18.9
2026-01-28T16:55:43Z,0,0,0,0,0,0.2,23.5,849.2,23.6,23.8,52.7,261,252,0,1.2,64,2.8,2.8,23.7,17.3,18.7
2026-01-28T17:11:19Z,0,0,0,0,0,0.2,23.2,849.4,23.4,23.5,53.1,260,253,0,1.4,49,3.5,3.5,23.4,17.2,18.5
2026-01-28T17:26:25Z,0,0,0,0,0,0.2,23.1,849.6,23.3,23.5,52.7,261,254,0,0.9,69,3.1,3.1,23.3,17.1,18.4
2026-01-28T17:42:46Z,0,0,0,0,0,0.2,22.5,850,22.6,22.8,53.2,261,254,0,1.4,51,3.9,3.9,22.7,16.6,17.9
2026-01-28T17:59:29Z,0,0,0,0,0,0.2,21.9,850.1,22,22.2,55.4,259,254,0,0.4,51,1.3,1.3,22.1,16.3,17.3
2026-01-28T18:14:34Z,0,0,0,0,0,0.2,21.6,850.2,21.8,21.9,56.7,259,254,0,0.3,50,1.1,1.1,21.8,16.3,17.1
2026-01-28T18:29:38Z,0,0,0,0,0,0.2,21.1,850.2,21.2,21.4,58,260,253,0,0.4,51,1.7,1.7,21.3,16,16.7
2026-01-28T18:45:32Z,0,0,0,0,0,0.2,20.6,850.4,20.8,21,58.8,260,253,0,0.2,51,0.4,0.4,20.8,15.7,16.3
2026-01-28T19:00:51Z,0,0,0,0,0,0.2,20.2,850.5,20.3,20.5,59.8,261,252,0,0.2,51,0.7,0.7,20.4,15.5,15.9
2026-01-28T19:16:39Z,0,0,0,0,0,0.2,19.7,850.5,19.9,20.1,61.2,260,254,0,0.1,51,0.2,0.2,19.9,15.2,15.5
2026-01-28T19:32:37Z,0,0,0,0,0,0.2,19.3,850.6,19.4,19.6,63.1,261,253,0,0,51,0,0,19.4,15,15.1
2026-01-28T19:48:31Z,0,0,0,0,0,0.2,18.8,850.7,18.9,19.1,63.8,261,254,0,0,51,0,0,19,14.7,14.6
2026-01-28T20:03:37Z,0,0,0,0,0,0.2,18.3,850.8,18.5,18.7,65,260,254,0,0,51,0.2,0.2,18.5,14.5,14.2
2026-01-28T20:18:43Z,0,0,0,0,0,0.2,18.2,850.8,18.4,18.5,65.5,258,253,0,0,51,0,0,18.3,14.4,14
2026-01-28T20:33:48Z,0,0,0,0,0,0.2,17.9,850.9,18.1,18.2,67.2,260,253,0,0,51,0,0,18.1,14.3,13.8
2026-01-28T20:48:53Z,0,0,0,0,0,0.2,18,850.8,18.2,18.5,66.6,260,253,0,0,51,0,0,18.3,14.4,14
2026-01-28T21:03:58Z,0,0,0,0,0,0.2,17.9,850.8,18.1,18.2,67.5,260,253,0,0,51,0,0,18,14.3,13.8
2026-01-28T21:19:03Z,0,0,0,0,0,0.2,17.6,850.7,17.7,17.9,68.6,261,254,0,0,51,0,0,17.7,14.1,13.4
2026-01-28T21:34:09Z,0,0,0,0,0,0.2,17.2,850.7,17.3,17.5,69.9,259,253,0,0,51,0,0,17.3,13.9,13.1
2026-01-28T21:49:36Z,0,0,0,0,0,0.2,16.8,850.6,16.9,17.1,71.3,259,252,0,0,51,0,0,16.9,13.7,12.7
2026-01-28T22:04:41Z,0,0,0,0,0,0.2,16.6,850.6,16.7,17,71.7,261,253,0,0,51,0,0,16.8,13.6,12.6
2026-01-28T22:19:46Z,0,0,0,0,0,0.2,16.4,850.5,16.5,16.8,72.1,260,253,0,0,51,0,0,16.6,13.5,12.4
2026-01-28T22:34:52Z,0,0,0,0,0,0.2,16.1,850.3,16.2,16.5,73.2,259,254,0,0.1,51,0.2,0.2,16.3,13.4,12.1
2026-01-28T22:49:57Z,0,0,0,0,0,0.2,15.7,850.4,16.1,16.1,74.9,260,254,0,0.2,51,0.4,0.4,15.9,13.2,11.7
2026-01-28T23:05:40Z,0,0,0,0,0,0.2,15.9,850.2,16.3,16.4,74.1,261,252,0,0,51,0,0,16.2,13.4,12
2026-01-28T23:20:46Z,0,0,0,0,0,0.2,15.9,850.2,16.3,16.4,74,261,254,0,0,51,0,0,16.2,13.4,12
2026-01-28T23:35:51Z,0,0,0,0,0,0.2,15.8,850.2,16.1,16.2,74,259,253,0,0,51,0.2,0.2,16,13.2,11.8
2026-01-28T23:50:56Z,0,0,0,0,0,0.2,15.5,850.2,15.8,15.9,75.2,260,254,0,0,51,0.2,0.2,15.7,13,11.5
2026-01-29T00:00:59Z,0,0,0,0,0,0.2,15.1,850.2,15.4,15.6,75.8,259,253,0,0,51,0,0,15.4,12.8,11.2
2026-01-29T00:16:05Z,0,0,0,0,0,0.2,14.8,850.1,15.1,15.2,77.3,260,254,0,0,51,0,0,15,12.6,10.8
2026-01-29T00:31:10Z,0,0,0,0,0,0.2,14.5,850.2,14.8,14.9,78.7,259,253,0,0,51,0,0,14.7,12.5,10.5
2026-01-29T00:46:35Z,0,0,0,0,0,0.2,14.4,850.1,14.8,14.8,78.9,260,254,0,0,51,0.2,0.2,14.6,12.5,10.4
2026-01-29T01:01:41Z,0,0,0,0,0,0.2,14,850.1,14.4,14.5,79.9,262,251,0,0.3,51,0.4,0.4,14.3,12.2,10.1
2026-01-29T01:16:46Z,0,0,0,0,0,0.2,13.8,850.1,14.1,14.3,80.8,259,253,0,0,51,0,0,14.1,12.1,9.9
2026-01-29T01:31:51Z,0,0,0,0,0,0.2,13.7,850.1,14,14.1,81.5,261,254,0,0,51,0,0,13.9,12,9.7
2026-01-29T01:46:56Z,0,0,0,0,0,0.2,13.4,850.1,13.8,13.9,82.1,261,254,0,0,51,0,0,13.7,11.9,9.5
2026-01-29T02:02:01Z,0,0,0,0,0,0.2,13.5,850.2,13.9,14,81.3,260,253,0,0.2,51,0.7,0.7,13.8,11.9,9.6
2026-01-29T02:17:06Z,0,0,0,0,0,0.2,13.5,850.3,14,14.1,79.9,260,254,0,0.2,51,0.7,0.7,13.9,11.9,9.7
2026-01-29T02:32:11Z,0,0,0,0,0,0.2,13.6,850.3,14,14.1,79.3,258,253,0,0.1,51,0.2,0.2,13.9,11.8,9.7
2026-01-29T02:47:16Z,0,0,0,0,0,0.2,13.4,850.4,13.8,13.9,79.7,260,252,0,0,51,0.2,0.2,13.6,11.6,9.4
2026-01-29T03:02:39Z,0,0,0,0,0,0.2,13.2,850.5,13.4,13.6,80.3,261,254,0,0,51,0,0,13.4,11.5,9.2
2026-01-29T03:17:44Z,0,0,0,0,0,0.2,13,850.5,13.3,13.4,80.9,260,253,0,0,51,0.2,0.2,13.2,11.3,9
2026-01-29T03:32:48Z,0,0,0,0,0,0.2,12.9,850.8,13.2,13.5,81.6,260,261,0,0,50,0.2,0.2,13.3,11.5,9.1
2026-01-29T03:47:54Z,0,0,0,0.1,0,0.2,12.9,851,13.2,13.4,80.7,267,319,0,0.1,51,0.4,0.4,13.2,11.3,8.9
2026-01-29T04:02:59Z,0,0,0,0.1,0,0.2,12.8,850.9,13.1,13.2,81.5,280,436,0,0,51,0,0,13,11.2,8.7
2026-01-29T04:18:04Z,0,0,0,0.2,0,0.2,13.1,851,13.6,13.7,80.1,292,534,0,0.2,51,0.7,0.7,13.4,11.5,9.2
2026-01-29T04:33:09Z,0,0,0,0.3,0,0.2,14.1,851.1,14.5,14.6,77.2,317,844,0,0.4,50,0.7,0.7,14.3,12,10.1
2026-01-29T04:48:15Z,0,0,0,0.4,0,0.2,16,851.3,16,15.9,73.3,327,924,0,0.2,51,0.4,0.4,15.6,12.8,11.5
2026-01-29T05:03:20Z,0,0,0,0.3,0,0.2,17.6,851.5,17.2,17.3,69.1,316,722,0,0.3,50,0.7,0.7,17.1,13.7,12.9
2026-01-29T05:18:43Z,0,0,0,0.9,0,0.2,18.9,851.6,18.7,18.7,65.4,419,1997,0,0.2,51,0.4,0.4,18.5,14.5,14.2
2026-01-29T05:33:49Z,0,0,0,1.3,0,0.2,22.2,851.6,21.4,20.9,58.1,501,2922,0,0.2,51,0.7,0.7,20.8,15.6,16.2
2026-01-29T05:48:54Z,0,0,0,1.6,0,0.2,22.9,851.6,22.3,22.4,54.2,549,3457,0,0.4,51,1.3,1.3,22.3,16.4,17.5
2026-01-29T06:03:59Z,0,0,0,1.8,0,0.6,23,851.6,22.5,23.2,51.4,591,3911,0,0.6,50,1.2,1.2,23,16.6,18.2
2026-01-29T06:19:04Z,0,0,0,2.1,0,0.6,24.9,851.6,24.4,24.7,48.3,641,4452,0,0.8,52,1.3,1.3,24.6,17.5,19.5
2026-01-29T06:34:55Z,0,0,0,2.3,0,0.6,23.6,851.6,23.2,24,49.9,689,4976,0,1.1,52,2.2,2.2,23.9,17.1,18.9
2026-01-29T06:50:00Z,0,0,0,2.5,0,0.6,25.4,851.5,24.8,25.2,47.6,732,5409,0,1.1,52,1.7,1.7,25.1,17.8,19.9
2026-01-29T07:05:55Z,0,0,0,2.8,0,0.6,25.4,851.4,24.9,25.5,47.3,777,5916,0,0.4,49,0.9,0.9,25.4,18,20.1
2026-01-29T07:21:52Z,0,0,0,3,0,0.6,25.6,851.3,25.2,25.8,45.4,822,6376,0,0.7,54,1.3,1.3,25.7,17.9,20.3
2026-01-29T07:36:58Z,0,0,0,3.2,0,0.6,25.6,851,25.2,26.3,42.7,854,6738,0,1.9,77,3.1,3.1,26.2,17.9,20.7
2026-01-29T07:52:55Z,0,0,0,3.4,0,0.6,26.5,850.7,25.9,26.9,44.2,889,7116,0,0.8,61,1.7,1.7,27,18.6,21.3
2026-01-29T08:08:00Z,0,0,0,3.6,0,0.6,26.7,850.5,26,26.3,43.1,928,7486,0,0.6,60,2,2,26.2,18,20.7
2026-01-29T08:23:06Z,0,0,0,3.8,0,0.6,27.2,850.5,26.7,27.5,38.9,960,7830,0,0.2,64,1.3,1.3,27.2,18.2,21.4
2026-01-29T08:38:10Z,0,0,0,3.8,0,0.6,27.6,850.4,27.2,28.1,37.5,962,7878,0,0.5,59,1.7,1.7,27.6,18.4,21.7
2026-01-29T08:53:16Z,0,0,0,3.8,0,0.6,27.5,850.2,27.2,28.1,38.2,972,7980,0,0.1,66,0.4,0.4,27.7,18.6,21.8
2026-01-29T09:08:21Z,0,0,0,3.9,0,0.6,28.6,849.9,28.4,28.9,37.4,982,8054,0,0.3,144,1.3,1.3,28.3,19.1,22.2
2026-01-29T09:23:26Z,0,0,0,4.1,0,0.6,29.8,849.7,29.3,30.2,33.2,1012,8409,0,0.8,40,1.5,1.5,29.2,19.2,22.9
2026-01-29T09:38:51Z,0,0,0,4,0,0.6,29.6,849.3,29.6,30.5,33.6,1009,8351,0,0.3,88,1.1,1.1,29.5,19.5,23.1
2026-01-29T09:53:56Z,0,0,0,4.1,0,0.6,28.3,849,28.4,29.2,34,1012,8409,0,2,81,2.8,2.8,28.3,18.6,22.3
2026-01-29T10:09:02Z,0,0,0,4,0,0.6,29.7,848.7,29.4,30.4,31.3,1008,8352,0,0.9,104,1.3,1.3,29.2,18.9,22.9
2026-01-29T10:24:07Z,0,0,0,4,0,0.6,29.9,848.5,29.6,30.8,31.1,997,8214,0,2.9,82,4.4,4.4,29.6,19.2,23.1
2026-01-29T10:39:12Z,0,0,0,3.9,0,0.6,29.4,848.3,29.8,30.3,32.4,980,8003,0,0.3,135,1.1,1.1,29.2,19.1,22.9
2026-01-29T10:55:08Z,0,0,0,3.8,0,0.6,29.6,847.9,29.3,30.6,30.8,975,7991,0,0.8,103,1.5,1.5,29.4,19,23
2026-01-29T11:10:14Z,0,0,0,3.4,0,0.6,31,847.8,31,32.1,29.1,889,7063,0,0.8,86,2.4,2.4,30.8,19.8,24
2026-01-29T11:25:19Z,0,0,0,3.1,0,0.6,30.4,847.6,30.4,31.6,28.8,836,6463,0,1,116,3.1,3.1,30.3,19.3,23.6
2026-01-29T11:40:25Z,0,0,0,3.2,0,0.6,30.2,847.5,30.4,31.2,30.5,852,6625,0,0.3,138,1.3,1.3,30,19.4,23.4
2026-01-29T11:55:30Z,0,0,0,3.1,0,0.6,30.3,847.2,30.4,31.2,28.3,836,6469,0,1.4,70,2.4,2.4,29.8,18.9,23.3
2026-01-29T12:11:03Z,0,0,0,2.9,0,0.6,30.9,847.1,31.1,32.1,28.4,802,6068,0,1,116,2,2,30.7,19.6,23.9
2026-01-29T12:26:08Z,0,0,0,2.7,0,0.6,31,846.9,30.8,32.2,28.6,758,5615,0,1.3,62,3.5,3.5,30.9,19.7,24
2026-01-29T12:41:13Z,0,0,0,2.5,0,0.6,30.5,846.8,30.7,31.9,31.8,725,5258,0,1.4,100,2.8,2.8,30.9,20.2,24
2026-01-29T12:56:18Z,0,0,0,2.3,0,0.6,29.4,846.8,29.8,30.5,33.5,679,4760,0,0.5,112,1.5,1.5,29.5,19.5,23.1
2026-01-29T13:11:23Z,0,0,0,2,0,0.6,30.2,846.8,30.2,31.6,31.3,620,4118,0,1.6,75,3.1,3.1,30.5,19.9,23.8
2026-01-29T13:26:28Z,0,0,0,1.7,0,0.6,29.1,846.8,29.2,30.2,32.3,572,3609,0,1.9,66,3.6,3.6,29.2,19.1,22.8
2026-01-29T13:42:08Z,0,0,0,1.5,0,0.6,29.8,847,30,31,30.6,532,3197,0,0.5,105,2.2,2.2,29.8,19.3,23.3
2026-01-29T13:57:14Z,0,0,0,1.3,0,0.6,30,847.1,30.3,31.4,28.9,493,2818,0,0.8,99,2.6,2.6,30.1,19.2,23.5
2026-01-29T14:12:19Z,0,0,0,0.9,0,0.6,29.2,847.1,29.4,30.4,30.6,428,2079,0,0.8,60,2.4,2.4,29.2,18.8,22.9
2026-01-29T14:27:24Z,0,0,0,0.4,0,0.6,28.2,847.2,28.4,29.1,33.7,336,987,0,0.2,149,0.7,0.7,28.2,18.5,22.2
2026-01-29T14:42:29Z,0,0,0,0.3,0,0.6,27.5,847.6,27.6,28,35.2,319,790,0,0.3,104,1.7,1.7,27.3,17.9,21.5
2026-01-29T14:57:34Z,0,0,0,0.2,0,0.6,26.8,847.8,26.9,27.2,35.2,304,668,0,2.4,85,5,5,26.8,17.3,21.1
2026-01-29T15:12:39Z,0,0,0,0.2,0,0.6,26.4,848,26.5,26.8,36.4,291,546,0,0.3,79,1.1,1.1,26.7,17.2,21
2026-01-29T15:28:05Z,0,0,0,0.1,0,0.6,25.9,848.1,26,26.2,37.9,277,412,0,1.5,78,3.9,3.9,26.1,17,20.6
2026-01-29T15:43:10Z,0,0,0,0,0,0.6,25.5,848.3,25.7,25.8,39.3,264,296,0,0.5,81,1.1,1.1,25.7,16.9,20.3
2026-01-29T15:58:15Z,0,0,0,0,0,0.6,25,848.4,25.2,25.4,40.7,261,258,0,0.7,99,2.2,2.2,25.2,16.8,19.9
2026-01-29T16:13:20Z,0,0,0,0,0,0.6,24.9,848.6,25.1,25.2,41.5,261,254,0,0.2,109,1.1,1.1,25,16.8,19.8
2026-01-29T16:28:25Z,0,0,0,0,0,0.6,24.7,848.7,24.9,24.9,41.6,260,254,0,0.9,94,1.7,1.7,24.7,16.5,19.5
2026-01-29T16:43:30Z,0,0,0,0,0,0.6,24.4,848.7,24.6,24.7,42.2,261,253,0,0.7,125,2.2,2.2,24.5,16.5,19.3
2026-01-29T16:58:53Z,0,0,0,0,0,0.6,24.1,848.9,24.2,24.4,42.6,261,253,0,0.7,74,2,2,24.2,16.3,19.1
2026-01-29T17:14:34Z,0,0,0,0,0,0.6,23.7,849.2,23.9,24,43.4,260,253,0,0.7,93,2,2,23.8,16.1,18.8
2026-01-29T17:30:21Z,0,0,0,0,0,0.6,23.5,849.5,23.7,23.7,44.7,260,254,0,0.9,86,2.2,2.2,23.5,16.1,18.6
2026-01-29T17:45:42Z,0,0,0,0,0,0.6,23.2,849.7,23.3,23.5,46.1,260,253,0,0.8,64,2,2,23.3,16.1,18.4
2026-01-29T18:01:24Z,0,0,0,0,0,0.6,23.2,849.9,23.4,23.5,46.7,260,253,0,1.2,95,2.2,2.2,23.3,16.2,18.4
2026-01-29T18:16:29Z,0,0,0,0,0,0.6,22.9,850,23.1,23.2,47.9,260,253,0,0.2,39,0.9,0.9,23.1,16.2,18.2
2026-01-29T18:31:48Z,0,0,0,0,0,0.6,22.4,850.2,22.6,22.7,49.2,259,254,0,0.3,78,1.3,1.3,22.5,15.9,17.8
2026-01-29T18:47:47Z,0,0,0,0,0,0.6,22,850.3,22.1,22.3,51.1,260,252,0,0.1,106,0.7,0.7,22.1,15.8,17.4
2026-01-29T19:03:44Z,0,0,0,0,0,0.6,21.8,850.4,21.9,22.1,52.2,260,254,0,0.4,78,1.7,1.7,21.9,15.8,17.3
2026-01-29T19:18:50Z,0,0,0,0,0,0.6,21.5,850.5,21.7,21.9,53.3,260,254,0,0.3,94,1.1,1.1,21.7,15.7,17
2026-01-29T19:35:34Z,0,0,0,0,0,0.6,21.2,850.6,21.4,21.5,54.4,261,254,0,0.2,97,0.7,0.7,21.3,15.6,16.7
2026-01-29T19:51:30Z,0,0,0,0,0,0.6,20.6,850.8,20.7,20.8,56.9,262,254,0,0,100,0.2,0.2,20.7,15.4,16.1
2026-01-29T20:07:27Z,0,0,0,0,0,0.6,20.1,850.9,20.2,20.4,58.3,259,253,0,0.1,100,0.4,0.4,20.2,15.1,15.7
2026-01-29T20:22:32Z,0,0,0,0,0,0.6,19.6,850.9,19.8,20,60.1,261,252,0,0,100,0,0,19.8,15,15.4
2026-01-29T20:37:38Z,0,0,0,0,0,0.6,19.2,850.9,19.2,19.4,62.3,260,253,0,0,100,0,0,19.2,14.8,14.8
2026-01-29T20:52:43Z,0,0,0,0,0,0.6,18.6,850.8,18.7,19,63.7,263,253,0,0,100,0,0,18.8,14.5,14.4
2026-01-29T21:08:25Z,0,0,0,0,0,0.6,18.2,850.7,18.4,18.6,65.6,260,253,0,0,100,0,0,18.4,14.4,14.1
2026-01-29T21:23:30Z,0,0,0,0,0,0.6,17.8,850.5,17.9,18.1,66.8,261,254,0,0,100,0.2,0.2,17.9,14.2,13.7
2026-01-29T21:38:35Z,0,0,0,0,0,0.6,17.7,850.5,18,18.1,67,260,253,0,0,100,0.2,0.2,18,14.2,13.7
2026-01-29T21:53:41Z,0,0,0,0,0,0.6,17.6,850.4,17.8,18,67.5,260,252,0,0,100,0,0,17.8,14.1,13.5
2026-01-29T22:08:46Z,0,0,0,0,0,0.6,17.2,850.2,17.3,17.5,68.6,261,253,0,0,100,0,0,17.3,13.8,13.1
2026-01-29T22:23:52Z,0,0,0,0,0,0.6,16.7,850.1,16.9,17.1,69.9,261,253,0,0,100,0,0,16.9,13.6,12.7
2026-01-29T22:38:57Z,0,0,0,0,0,0.6,16.4,850.1,16.6,16.8,70.9,261,255,0,0,100,0,0,16.6,13.4,12.3
2026-01-29T22:54:02Z,0,0,0,0,0,0.6,16.2,850.1,16.4,16.6,71.6,261,253,0,0,100,0,0,16.4,13.3,12.2
2026-01-29T23:09:27Z,0,0,0,0,0,0.6,16,849.9,16.2,16.5,72,260,252,0,0,100,0,0,16.3,13.2,12.1
2026-01-29T23:24:33Z,0,0,0,0,0,0.6,15.9,849.8,16.2,16.4,72.1,261,253,0,0,100,0,0,16.2,13.2,12
2026-01-29T23:39:39Z,0,0,0,0,0,0.6,15.7,849.7,16.1,16.2,73.2,261,254,0,0,100,0,0,16,13.1,11.8
2026-01-29T23:54:44Z,0,0,0,0,0,0.6,15.5,849.6,15.9,15.9,73.7,260,254,0,0,100,0,0,15.7,12.9,11.5
2026-01-30T00:00:46Z,0,0,0,0,0,0.6,15.4,849.5,15.8,15.8,74.3,260,254,0,0,100,0,0,15.6,12.8,11.4
2026-01-30T00:15:51Z,0,0,0,0,0,0.6,15.2,849.3,15.5,15.6,74.6,261,254,0,0,100,0,0,15.4,12.7,11.2
2026-01-30T00:30:56Z,0,0,0,0,0,0.6,15,849.3,15.4,15.4,76,260,254,0,0,100,0,0,15.2,12.7,11
2026-01-30T00:46:02Z,0,0,0,0,0,0.6,14.8,849.2,15.2,15.3,77.4,259,254,0,0,100,0,0,15.1,12.7,10.9
2026-01-30T01:01:07Z,0,0,0,0,0,0.6,14.7,849.3,15.1,15.1,78.1,261,253,0,0,100,0,0,14.9,12.6,10.7
2026-01-30T01:16:12Z,0,0,0,0,0,0.6,14.6,849.3,14.9,15,78.3,259,254,0,0,100,0,0,14.8,12.5,10.6
2026-01-30T01:31:35Z,0,0,0,0,0,0.6,14.7,849.4,15.2,15.3,77.2,260,253,0,0.2,39,0.7,0.7,15.1,12.7,10.9
2026-01-30T01:46:40Z,0,0,0,0,0,0.6,14.9,849.4,15.4,15.5,76.2,260,253,0,0.1,35,0.4,0.4,15.3,12.8,11.1
2026-01-30T02:01:45Z,0,0,0,0,0,0.6,14.5,849.4,14.9,15,77.8,261,253,0,0,36,0.2,0.2,14.8,12.5,10.6
2026-01-30T02:16:49Z,0,0,0,0,0,0.6,14.4,849.5,14.8,14.9,78.4,261,253,0,0,36,0,0,14.7,12.5,10.5
2026-01-30T02:31:55Z,0,0,0,0,0,0.6,14.2,849.6,14.6,14.6,79.2,260,253,0,0.1,36,0.2,0.2,14.4,12.3,10.2
2026-01-30T02:47:00Z,0,0,0,0,0,0.6,14.2,849.7,14.7,14.7,79,261,253,0,0.1,36,0.4,0.4,14.5,12.4,10.3
2026-01-30T03:02:05Z,0,0,0,0,0,0.6,14,849.7,14.3,14.5,79.2,262,253,0,0,36,0,0,14.3,12.2,10.1
2026-01-30T03:17:09Z,0,0,0,0,0,0.6,13.7,850,14.1,14.1,81.3,260,254,0,0,36,0.2,0.2,13.9,12,9.7
2026-01-30T03:32:14Z,0,0,0,0,0,0.6,13.6,850.1,13.9,14,82,261,263,0,0,36,0,0,13.8,12,9.6
2026-01-30T03:47:40Z,0,0,0,0.1,0,0.6,13.7,850.2,14.1,14.2,81.6,267,319,0,0,36,0,0,14,12.2,9.8
2026-01-30T04:02:45Z,0,0,0,0.1,0,0.6,13.8,850.2,14.1,14.2,81.5,278,416,0,0,36,0,0,14.1,12.2,9.8
2026-01-30T04:17:50Z,0,0,0,0.2,0,0.6,14,850.2,14.3,14.4,81.3,291,521,0,0,36,0.2,0.2,14.2,12.3,10
2026-01-30T04:32:56Z,0,0,0,0.2,0,0.6,14.7,850.3,15.2,15.2,79.1,300,629,0,0.2,36,0.4,0.4,15,12.8,10.8
2026-01-30T04:48:01Z,0,0,0,0.3,0,0.6,16.8,850.6,16.6,16.6,74.5,309,684,0,0.2,31,0.7,0.7,16.4,13.6,12.2
2026-01-30T05:03:06Z,0,0,0,0.3,0,0.6,18.6,850.7,18.2,18,69.6,313,690,0,0.3,31,0.7,0.7,17.9,14.4,13.6
2026-01-30T05:18:11Z,0,0,0,0.5,0,0.6,19,850.9,18.8,19,64.9,349,1124,0,0.5,69,1.1,1.1,18.8,14.7,14.5
2026-01-30T05:33:16Z,0,0,0,1.2,0,0.6,20.6,851.1,19.9,20.2,60.4,478,2680,0,0.9,111,1.7,1.7,20,15.2,15.6
2026-01-30T05:48:21Z,0,0,0,1.5,0,0.6,21.6,851.2,21.1,21.4,58.5,546,3433,0,0.1,94,1.1,1.1,21.2,16,16.6
2026-01-30T06:03:45Z,0,0,0,1.8,0,0,22,851.1,21.6,22.3,55,597,3978,0,0.8,104,1.8,1.8,22.1,16.3,17.4
2026-01-30T06:18:50Z,0,0,0,2,0,0,23.3,851.1,22.6,22.9,53.9,635,4425,0,0.7,20,1.4,1.4,22.7,16.7,17.9
2026-01-30T06:33:55Z,0,0,0,2.3,0,0,23.5,850.8,22.8,23.9,51,686,4965,0,1.6,89,2.4,2.4,23.8,17.2,18.8
2026-01-30T06:49:00Z,0,0,0,2.5,0,0,24.1,850.6,23.7,24.5,50.9,727,5401,0,0.5,72,0.9,0.9,24.4,17.7,19.3
2026-01-30T07:04:05Z,0,0,0,2.8,0,0,24.2,850.3,23.8,24.5,50.5,774,5880,0,0.3,94,1.4,1.4,24.4,17.7,19.3
2026-01-30T07:19:54Z,0,0,0,3,0,0,25.3,850.2,24.9,25.8,47.1,818,6323,0,1.2,74,3.7,3.7,25.7,18.2,20.3
2026-01-30T07:35:51Z,0,0,0,3.2,0,0,25.3,850,24.9,26,47.2,855,6714,0,0.9,76,3.1,3.1,26,18.5,20.5
2026-01-30T07:50:57Z,0,0,0,3.3,0,0,25.9,849.8,25.8,26.5,45.6,882,7032,0,1.6,85,3.3,3.3,26.5,18.6,20.9
2026-01-30T08:06:49Z,0,0,0,3.6,0,0,25.9,849.6,25.8,26.5,44.9,929,7522,0,0.7,137,2.2,2.2,26.5,18.5,20.9
2026-01-30T08:22:47Z,0,0,0,3.8,0,0,26.9,849.4,26.7,27.8,42.2,958,7809,0,1.1,62,1.7,1.7,27.6,19,21.7
2026-01-30T08:37:52Z,0,0,0,3.9,0,0,26.6,849.3,26.5,27.5,42.8,981,8047,0,0.6,91,1.5,1.5,27.4,18.9,21.6
2026-01-30T08:52:58Z,0,0,0,4,0,0,27,849.1,27,27.7,41.9,997,8221,0,1.4,68,3.7,3.7,27.6,19,21.7
2026-01-30T09:08:03Z,0,0,0,4.1,0,0,27.8,848.9,27.8,28.4,39.8,1016,8385,0,0.3,105,1.1,1.1,28,19.1,22.1
2026-01-30T09:23:08Z,0,0,0,4.1,0,0,27.2,848.7,27.2,28,40.8,1023,8470,0,0.8,79,3.1,3.1,27.7,19,21.8
2026-01-30T09:38:14Z,0,0,0,4.2,0,0,27.9,848.5,27.8,28.8,39.2,1036,8624,0,1,54,3.7,3.7,28.3,19.3,22.3
2026-01-30T09:53:19Z,0,0,0,4.2,0,0,27.7,848.2,27.6,28.6,37.8,1033,8589,0,1.6,77,3.9,3.9,28,18.9,22
2026-01-30T10:08:25Z,0,0,0,4.1,0,0,27.8,847.8,27.8,28.7,38,1022,8479,0,0.9,173,2.4,2.4,28.1,19,22.1
2026-01-30T10:23:49Z,0,0,0,4.1,0,0,28.7,847.6,28.8,29.6,36.6,1023,8477,0,1.7,84,3.5,3.5,28.9,19.4,22.6
2026-01-30T10:38:52Z,0,0,0,4,0,0,28.9,847.3,28.8,29.8,37.5,1006,8297,0,0.6,86,1.5,1.5,29.2,19.8,22.9
2026-01-30T10:53:57Z,0,0,0,3.9,0,0,28.5,847.1,28.5,29.5,37.2,986,8083,0,0.9,67,1.7,1.7,28.8,19.5,22.6
2026-01-30T11:09:54Z,0,0,0,3.8,0,0,29.1,846.9,29.2,29.9,36.2,960,7766,0,0.8,138,2.6,2.6,29.2,19.6,22.9
2026-01-30T11:25:00Z,0,0,0,3.6,0,0,29.1,846.7,29.1,30.1,35.4,928,7430,0,1.5,48,3.1,3.1,29.3,19.6,22.9
2026-01-30T11:40:05Z,0,0,0,3.4,0,0,28.9,846.4,28.8,29.8,34,895,7090,0,1.5,85,3.7,3.7,28.9,19.1,22.7
2026-01-30T11:55:10Z,0,0,0,3.2,0,0,29,846,29,30,33.7,864,6769,0,1.4,98,4.4,4.4,29.1,19.2,22.8
2026-01-30T12:10:15Z,0,0,0,3,0,0,29.7,845.8,29.6,30.6,32.6,816,6238,0,1.5,102,4.1,4.1,29.6,19.4,23.2
2026-01-30T12:25:21Z,0,0,0,2.8,0,0,29.7,845.9,30,30.8,31.8,777,5811,0,1.2,106,3.7,3.7,29.7,19.4,23.2
2026-01-30T12:40:26Z,0,0,0,2.5,0,0,29.5,845.6,29.6,30.6,33.3,729,5309,0,0.3,48,1.1,1.1,29.6,19.5,23.1
2026-01-30T12:55:59Z,0,0,0,2.4,0,0,30.2,845.6,30.3,31.4,30.1,697,4971,0,1.1,74,3.3,3.3,30.1,19.4,23.5
2026-01-30T13:11:05Z,0,0,0,2.1,0,0,29.9,845.5,30.1,31.2,28.6,645,4408,0,2.2,70,5,5,29.8,18.9,23.3
2026-01-30T13:26:10Z,0,0,0,1.8,0,0,29.5,845.6,29.6,30.6,28.8,589,3832,0,0.2,62,1,1,29.2,18.5,22.9
2026-01-30T13:41:15Z,0,0,0,1.5,0,0,29,845.7,29.1,30.1,29.5,543,3343,0,0.9,92,1.5,1.5,28.8,18.3,22.6
2026-01-30T13:56:20Z,0,0,0,1.3,0,0,29,845.8,29.2,30.2,28.4,497,2840,0,2.2,70,7,7,28.8,18.2,22.6
2026-01-30T14:11:26Z,0,0,0,1,0,0,28.4,845.9,28.6,29.6,29,447,2316,0,1.7,85,3.5,3.5,28.3,17.8,22.2
2026-01-30T14:26:31Z,0,0,0,0.3,0,0,27.5,845.9,27.5,28.1,27.9,317,750,0,2.7,62,4.8,4.8,27.1,16.5,21.4
2026-01-30T14:41:36Z,0,0,0,0.3,0,0,27,846.1,27.1,27.4,30,305,631,0,1.8,76,5.2,5.2,26.6,16.4,21
2026-01-30T14:57:01Z,0,0,0,0.2,0,0,26.5,846.2,26.6,26.8,29.5,294,526,0,2,82,3.3,3.3,26.6,15.9,21
2026-01-30T15:12:11Z,0,0,0,0.2,0,0,26.1,846.4,26.2,26.4,31.5,286,450,0,1,87,3.1,3.1,26.1,15.9,20.6
2026-01-30T15:27:23Z,0,0,0,0.1,0,0,25.7,846.5,25.9,26,30.3,277,398,0,1.2,65,2.4,2.4,25.7,15.4,20.3
2026-01-30T15:43:07Z,0,0,0,0.1,0,0,25.3,846.6,25.4,25.6,30.7,266,304,0,1.6,79,2.6,2.6,25.3,15.2,20
2026-01-30T15:58:58Z,0,0,0,0,0,0,24.8,846.8,25,25.1,33.9,261,259,0,1.3,99,3.3,3.3,24.8,15.4,19.6
2026-01-30T16:14:32Z,0,0,0,0,0,0,24.5,847.1,24.6,24.7,36.1,260,253,0,1.4,77,3.1,3.1,24.5,15.5,19.3
2026-01-30T16:30:28Z,0,0,0,0,0,0,24.1,847.2,24.3,24.4,38.2,261,254,0,0.5,25,0.9,0.9,24.1,15.6,19.1
2026-01-30T16:45:33Z,0,0,0,0,0,0,23.9,847.4,24.1,24.1,39.2,260,253,0,1.3,78,3.1,3.1,23.9,15.6,18.9
2026-01-30T17:01:31Z,0,0,0,0,0,0,23.6,847.7,23.8,23.9,39.7,260,253,0,0.8,88,2,2,23.6,15.4,18.7
2026-01-30T17:16:48Z,0,0,0,0,0,0,23.2,848,23.3,23.5,40.8,260,254,0,0.3,18,0.7,0.7,23.2,15.3,18.3
2026-01-30T17:31:53Z,0,0,0,0,0,0,22.8,848.3,23,23.1,41.6,258,253,0,0.5,93,1.1,1.1,22.8,15.1,18
2026-01-30T17:46:54Z,0,0,0,0,0,0,22.7,848.5,22.9,23,43.1,260,254,0,0.8,63,2,2,22.7,15.2,17.9
2026-01-30T18:02:53Z,0,0,0,0,0,0,22.5,848.6,22.7,22.8,44.4,262,254,0,1.3,77,2.6,2.6,22.5,15.3,17.8
2026-01-30T18:18:15Z,0,0,0,0,0,0,22.2,849,22.4,22.5,45.5,260,254,0,1.3,75,2.2,2.2,22.2,15.2,17.5
2026-01-30T18:34:01Z,0,0,0,0,0,0,21.8,849.1,22,22.1,47,259,253,0,0,89,0.2,0.2,21.8,15.1,17.2
2026-01-30T18:49:37Z,0,0,0,0,0,0,21.4,849.1,21.6,21.7,48.6,260,254,0,0.2,100,0.9,0.9,21.5,15,16.9
2026-01-30T19:05:08Z,0,0,0,0,0,0,21.1,849.2,21.2,21.4,50.1,261,253,0,0,84,0.2,0.2,21.1,14.9,16.5
2026-01-30T19:20:52Z,0,0,0,0,0,0,20.6,849.5,20.8,21,52.2,260,253,0,0,90,0,0,20.7,14.8,16.2
2026-01-30T19:36:42Z,0,0,0,0,0,0,20.1,849.6,20.2,20.3,54.9,260,254,0,0,90,0,0,20,14.6,15.6
2026-01-30T19:51:53Z,0,0,0,0,0,0,19.5,849.6,19.5,19.6,57.1,260,253,0,0,90,0.2,0.2,19.4,14.3,15
2026-01-30T20:07:05Z,0,0,0,0,0,0,19,849.6,19.1,19.2,58.3,261,254,0,0,90,0,0,19,14.1,14.6
2026-01-30T20:22:57Z,0,0,0,0,0,0,18.6,849.9,18.8,18.9,59.2,261,254,0,0,90,0,0,18.7,14,14.4
2026-01-30T20:38:52Z,0,0,0,0,0,0,18.1,850.1,18.1,18.4,61.2,260,253,0,0,90,0,0,18.1,13.7,13.8
2026-01-30T20:54:02Z,0,0,0,0,0,0,17.9,850.1,18.1,18.3,61.8,260,253,0,0,90,0,0,18.1,13.7,13.8
2026-01-30T21:09:40Z,0,0,0,0,0,0,17.5,849.9,17.5,17.8,63.5,261,252,0,0,90,0,0,17.5,13.4,13.3
2026-01-30T21:24:52Z,0,0,0,0,0,0,17.2,849.8,17.2,17.5,64.9,260,253,0,0,90,0,0,17.3,13.4,13
2026-01-30T21:40:03Z,0,0,0,0,0,0,16.8,849.7,16.9,17.1,66.3,260,254,0,0,90,0,0,16.9,13.2,12.7
2026-01-30T21:55:52Z,0,0,0,0,0,0,16.6,849.5,16.7,17,67.1,260,254,0,0.1,90,0.4,0.4,16.7,13.1,12.5
2026-01-30T22:10:57Z,0,0,0,0,0,0,16.3,849.2,16.5,16.8,67.6,261,253,0,0,90,0,0,16.5,13,12.3
2026-01-30T22:26:44Z,0,0,0,0,0,0,16.2,849.3,16.3,16.6,68.9,261,253,0,0,90,0,0,16.4,13,12.2
2026-01-30T22:41:49Z,0,0,0,0,0,0,15.9,849.3,16.2,16.3,69.7,259,254,0,0,90,0,0,16,12.8,11.8
2026-01-30T22:56:55Z,0,0,0,0,0,0,15.8,849.2,16.2,16.3,70.4,259,253,0,0,90,0.2,0.2,16.1,12.9,11.9
2026-01-30T23:12:00Z,0,0,0,0,0,0,15.7,849.2,16.1,16.1,70.3,260,253,0,0,90,0,0,15.9,12.7,11.7
2026-01-30T23:27:05Z,0,0,0,0,0,0,15.5,849,15.9,16,71.7,261,253,0,0,90,0,0,15.8,12.7,11.6
2026-01-30T23:42:11Z,0,0,0,0,0,0,15.5,848.9,15.9,15.9,71.6,260,254,0,0,90,0,0,15.7,12.7,11.5
2026-01-30T23:57:16Z,0,0,0,0,0,0,15.2,848.7,15.6,15.6,72.6,260,253,0,0,90,0,0,15.4,12.5,11.2
2026-01-31T00:00:38Z,0,0,0,0,0,0,15.2,848.7,15.6,15.6,72.7,260,254,0,0,90,0,0,15.4,12.5,11.2
2026-01-31T00:15:43Z,0,0,0,0,0,0,15.1,848.6,15.6,15.6,73,261,253,0,0,90,0,0,15.3,12.5,11.1
2026-01-31T00:30:48Z,0,0,0,0,0,0,15.2,848.6,15.7,15.7,72.6,260,253,0,0,90,0,0,15.5,12.6,11.3
2026-01-31T00:45:53Z,0,0,0,0,0,0,15,848.6,15.4,15.4,73.4,261,254,0,0,90,0,0,15.2,12.4,11
2026-01-31T01:00:58Z,0,0,0,0,0,0,14.8,848.7,15.2,15.3,74.6,260,254,0,0,90,0.2,0.2,15.1,12.4,10.9
2026-01-31T01:16:04Z,0,0,0,0,0,0,15.1,848.8,15.5,15.5,73.3,261,253,0,0.2,89,0.4,0.4,15.3,12.5,11.1
2026-01-31T01:31:09Z,0,0,0,0,0,0,14.8,848.8,15.1,15.2,74.2,260,253,0,0,54,0.2,0.2,15,12.3,10.8
2026-01-31T01:46:14Z,0,0,0,0,0,0,14.3,848.8,14.6,14.8,76,260,253,0,0,54,0,0,14.5,12.1,10.3
2026-01-31T02:01:20Z,0,0,0,0,0,0,14,849.1,14.3,14.4,77.9,261,254,0,0,54,0.2,0.2,14.2,12,10
2026-01-31T02:16:48Z,0,0,0,0,0,0,14,849.1,14.4,14.6,77.8,260,254,0,0,54,0,0,14.3,12.1,10.1
2026-01-31T02:31:53Z,0,0,0,0,0,0,13.8,849.1,14.2,14.3,79.1,261,254,0,0,54,0,0,14.1,12,9.9
2026-01-31T02:46:59Z,0,0,0,0,0,0,13.7,849.3,14.1,14.1,80.2,260,254,0,0,54,0,0,13.9,11.9,9.7
2026-01-31T03:02:04Z,0,0,0,0,0,0,13.6,849.4,13.9,14.1,80.8,261,254,0,0,54,0,0,13.8,11.9,9.6
2026-01-31T03:17:10Z,0,0,0,0,0,0,13.6,849.5,14,14,81.6,260,254,0,0,54,0,0,13.8,12,9.6
2026-01-31T03:32:15Z,0,0,0,0,0,0,13.6,849.4,13.9,14,81.7,261,262,0,0,54,0,0,13.8,12,9.6
2026-01-31T03:47:20Z,0,0,0,0.1,0,0,13.6,849.6,13.9,14,82,267,317,0,0,54,0,0,13.8,12,9.6
2026-01-31T04:02:44Z,0,0,0,0.1,0,0,13.7,849.6,14.1,14.1,81.8,278,415,0,0,54,0,0,14,12.1,9.7
2026-01-31T04:17:50Z,0,0,0,0.2,0,0,14.2,849.6,14.6,14.5,80.9,292,556,0,0,54,0.2,0.2,14.3,12.4,10.1
2026-01-31T04:32:55Z,0,0,0,0.3,0,0,14.9,849.7,15.2,15.2,79.1,310,755,0,0,55,0,0,15,12.8,10.8
2026-01-31T04:48:52Z,0,0,0,0.3,0,0,16.7,849.9,16.5,16.4,75.1,310,688,0,0.2,54,0.4,0.4,16.2,13.5,12
2026-01-31T05:03:57Z,0,0,0,0.3,0,0,18.1,850.3,17.8,17.7,70.8,322,809,0,0,54,0,0,17.6,14.2,13.3
2026-01-31T05:19:03Z,0,0,0,0.6,0,0,18.8,850.5,18.6,18.8,67.4,367,1367,0,0.6,84,1.1,1.1,18.6,14.8,14.3
2026-01-31T05:34:08Z,0,0,0,1.2,0,0,20.2,850.4,19.8,19.9,63.5,487,2812,0,1.1,88,2,2,19.8,15.4,15.4
2026-01-31T05:49:14Z,0,0,0,1.5,0,0,21.7,850.3,21.3,21.5,58.3,546,3410,0,0.7,81,2.2,2.2,21.3,16.1,16.7
2026-01-31T06:04:19Z,0,0,0,1.8,0,0,23.3,850.5,22.8,23,53.2,594,3923,0,1,29,2.2,2.2,22.9,16.7,18
2026-01-31T06:19:24Z,0,0,0,2.1,0,0,23.7,850.4,23.4,24.1,48.8,644,4443,0,1.8,97,3.5,3.5,24,17.1,19
2026-01-31T06:34:50Z,0,0,0,2.3,0,0,23.8,850.4,23.4,24.2,48.7,689,4954,0,1.3,88,2.4,2.4,24.1,17.1,19
2026-01-31T06:49:56Z,0,0,0,2.6,0,0,26,850.3,25.5,26.1,44.8,736,5423,0,0.8,34,1.3,1.3,26,18.1,20.5
2026-01-31T07:05:18Z,0,0,0,2.8,0,0,25.4,850.1,25.2,25.9,45.1,775,5854,0,1.3,86,3.9,3.9,25.8,18,20.4
2026-01-31T07:20:23Z,0,0,0,3,0,0,25.2,849.8,24.9,26,44.6,816,6290,0,2.3,93,4.4,4.4,25.9,18,20.5
2026-01-31T07:36:04Z,0,0,0,3.2,0,0,25.6,849.6,25.5,26.2,45,860,6723,0,1.6,67,3.5,3.5,26.1,18.2,20.6
2026-01-31T07:51:09Z,0,0,0,3.4,0,0,25.6,849.5,25.4,26.2,44.2,885,6995,0,1.5,67,2.8,2.8,26.2,18.1,20.7
2026-01-31T08:06:15Z,0,0,0,3.6,0,0,26.2,849.2,26.1,26.8,43.1,935,7536,0,2.9,59,5.2,5.2,26.8,18.4,21.2
2026-01-31T08:21:20Z,0,0,0,3.8,0,0,26,849,25.9,26.6,43.6,958,7763,0,1.9,66,4.4,4.4,26.5,18.3,20.9
2026-01-31T08:36:26Z,0,0,0,3.8,0,0,25.6,849,25.8,26.2,44.2,974,7933,0,1,122,2,2,26.2,18.1,20.7
2026-01-31T08:51:31Z,0,0,0,3.9,0,0,26.7,848.8,26.6,27.3,43,983,8014,0,1,59,2.2,2.2,27.2,18.8,21.5
2026-01-31T09:06:54Z,0,0,0,4.2,0,0,27,848.7,26.8,27.6,42.5,1038,8621,0,0.9,52,2.4,2.4,27.5,19,21.7
2026-01-31T09:22:00Z,0,0,0,4.2,0,0,26.5,848.4,26.6,27.3,43,1031,8535,0,1.7,84,4.8,4.8,27.3,18.8,21.5
2026-01-31T09:37:00Z,0,0,0,4.1,0,0,27.4,848.1,27.4,28.2,41.5,1031,8511,0,1.4,85,3.1,3.1,28,19.3,22
2026-01-31T09:52:00Z,0,0,0,4.1,0,0,26.7,848,26.6,27.5,42.4,1022,8419,0,2.2,69,4.8,4.8,27.4,18.9,21.6
2026-01-31T10:07:06Z,0,0,0,4.2,0,0,27.6,847.8,27.6,28.5,40.8,1045,8659,0,2.3,66,5,5,28.1,19.3,22.1
2026-01-31T10:23:03Z,0,0,0,4.1,0,0,28.3,847.5,28.1,29,40.4,1020,8382,0,0.4,49,1.3,1.3,28.6,19.7,22.5
2026-01-31T10:38:07Z,0,0,0,4,0,0,28.2,847.2,27.8,29.2,38.5,1011,8331,0,2.3,88,4.8,4.8,28.7,19.5,22.5
2026-01-31T10:54:03Z,0,0,0,3.6,0,0,28.2,846.9,28.2,29.1,37.9,923,7395,0,2.3,65,3.7,3.7,28.5,19.3,22.4
2026-01-31T11:10:02Z,0,0,0,3,0,0,28.7,846.6,28.9,29.7,36.9,821,6289,0,0.4,67,1.3,1.3,29.1,19.6,22.8
2026-01-31T11:25:08Z,0,0,0,2.4,0,0,28.3,846.4,28.2,29.3,35.6,707,5093,0,1.8,87,2.6,2.6,28.5,19,22.4
2026-01-31T11:40:14Z,0,0,0,2.7,0,0,28.6,846.3,28.8,29.5,37.1,757,5594,0,0.7,83,1.7,1.7,28.8,19.5,22.6
2026-01-31T11:55:18Z,0,0,0,2.3,0,0,28.9,846.1,29.1,29.9,35.7,694,4924,0,1.2,125,2.2,2.2,29.2,19.5,22.8
2026-01-31T12:11:13Z,0,0,0,2.6,0,0,28.4,845.9,28.7,29.2,38.5,747,5498,0,0.3,105,1.3,1.3,28.7,19.5,22.5
2026-01-31T12:26:18Z,0,0,0,2.1,0,0,28.7,845.8,28.8,29.7,35.5,642,4311,0,2.1,69,3.7,3.7,28.9,19.3,22.7
2026-01-31T12:41:31Z,0,0,0.2,2.6,0,0,28.5,845.7,28.8,29.5,37.4,750,5542,0,1.2,110,2.6,2.6,28.9,19.6,22.7
2026-01-31T12:56:36Z,0,0,0.2,1.3,0,0,28.8,845.7,29.1,29.7,36.7,493,2616,0,1.3,154,3.1,3.1,29,19.5,22.7
2026-01-31T13:11:41Z,0,0,0.2,2.2,0,0,28.8,845.5,29.1,29.8,35.9,674,4727,0,1.3,64,4.4,4.4,29.1,19.5,22.8
2026-01-31T13:27:10Z,0,0,0.2,2.1,0,0,30.1,845.5,30.3,31.2,34.1,646,4433,0,1.4,74,4.4,4.4,30.4,20.2,23.7
2026-01-31T13:42:15Z,0,0,0.2,1.3,0,0,29.7,845.6,29.8,30.8,34.3,495,2758,0,0.6,135,1.3,1.3,30,20,23.4
2026-01-31T13:58:14Z,0,0,0.2,1.2,0,0,28.4,845.7,28.6,29.4,36.3,481,2664,0,1.1,99,3.5,3.5,28.6,19.2,22.5
2026-01-31T14:13:19Z,0,0,0.2,0.6,0,0,27.3,845.9,27.6,28,38.4,379,1521,0,0.9,159,3.3,3.3,27.6,18.6,21.7
2026-01-31T14:30:08Z,0,0,0.2,0.5,0,0,26.7,846.2,26.9,27.1,39.2,347,1183,0,1.3,128,14.8,14.8,26.9,18,21.2
2026-01-31T14:45:10Z,0,0,0.2,0.4,0,0,26.4,846.2,26.4,26.8,40.2,334,1026,0,0.4,118,1.1,1.1,26.7,17.9,21.1
2026-01-31T15:00:15Z,0,0,0.2,0.3,0,0,25.9,846.4,26.1,26.3,41.2,320,904,0,0.1,161,0.4,0.4,26.2,17.7,20.7
2026-01-31T15:15:16Z,0,0,0.2,0.2,0,0,25.6,846.4,25.8,26,40.8,297,644,0,1.1,83,1.7,1.7,25.8,17.3,20.4
2026-01-31T15:30:25Z,0,0,0.2,0.1,0,0,25.2,846.7,25.4,25.6,40.9,273,389,0,1.2,80,2.6,2.6,25.4,17,20.1
2026-01-31T15:45:26Z,0,0,0.2,0,0,0,24.9,846.9,25.1,25.2,41.6,264,274,0,0.9,78,2.6,2.6,25.1,16.8,19.8
2026-01-31T16:01:17Z,0,0,0.2,0,0,0,24.6,847,24.8,24.9,42.6,260,255,0,0.9,80,1.8,1.8,24.7,16.7,19.5
2026-01-31T16:16:54Z,0,0,0.2,0,0,0,24.3,847.3,24.5,24.6,43.4,260,254,0,0.6,76,1.1,1.1,24.4,16.6,19.3
2026-01-31T16:32:18Z,0,0,0.2,0,0,0,24.2,847.7,24.3,24.4,46.7,262,252,0,0.7,351,1.1,1.1,24.2,17,19.2
2026-01-31T16:47:54Z,0,0,0.2,0,0,0,23.1,848,23.1,23.3,51,260,253,0,0.5,12,1.1,1.1,23.1,16.7,18.3
2026-01-31T17:03:16Z,0,0,0.2,0,0,0,22,848,22,22.1,54.6,258,253,0,0.5,340,1.3,1.3,22,16.2,17.3
2026-01-31T17:18:17Z,0,0,0.2,0,0,0,21.6,848.1,21.8,21.9,56.1,259,253,0,0.3,66,0.4,0.4,21.8,16.2,17.1
2026-01-31T17:33:50Z,0,0,0.2,0,0,0,21.5,848.6,21.6,21.8,57.7,259,253,0,1,357,2,2,21.7,16.3,17
2026-01-31T17:49:16Z,0,0,0.2,0,0,0,21.3,848.8,21.6,21.7,59.4,260,255,0,0.5,77,0.8,0.8,21.6,16.5,17
2026-01-31T18:06:03Z,0,0,0.2,0,0,0,21.3,848.9,21.5,21.6,60.1,260,253,0,0.4,335,1.3,1.3,21.5,16.5,16.9
2026-01-31T18:21:56Z,0,0,0.2,0,0,0,21.2,849.1,21.4,21.5,60.9,260,253,0,0,43,0.2,0.2,21.4,16.5,16.8
2026-01-31T18:37:16Z,0,0,0.2,0,0,0,21.1,849.3,21.2,21.5,61.1,259,255,0,0.1,44,0.4,0.4,21.4,16.5,16.8
2026-01-31T18:53:11Z,0,0,0.2,0,0,0,21,849.5,21.1,21.4,61.3,260,254,0,0.1,45,0.7,0.7,21.3,16.4,16.7
2026-01-31T19:08:17Z,0,0,0.2,0,0,0,20.8,849.7,21.1,21.2,61.9,259,253,0,0.2,72,0.9,0.9,21.1,16.4,16.6
2026-01-31T19:24:14Z,0,0,0.2,0,0,0,20.7,849.7,20.9,21.1,62.4,260,253,0,0,72,0.2,0.2,21,16.3,16.4
2026-01-31T19:40:10Z,0,0,0.2,0,0,0,20.5,849.6,20.6,20.8,64.1,261,253,0,0.1,62,0.4,0.4,20.7,16.3,16.2
2026-01-31T19:55:23Z,0,0,0.2,0,0,0,20,849.6,20.2,20.4,65.9,261,254,0,0,60,0.2,0.2,20.3,16.1,15.8
2026-01-31T20:11:09Z,0,0,0.2,0,0,0,19.6,849.6,19.8,20,66.9,260,253,0,0,54,0.2,0.2,19.9,15.9,15.4
2026-01-31T20:26:12Z,0,0,0.2,0,0,0,19.3,849.6,19.4,19.6,68,259,253,0,0,54,0.2,0.2,19.5,15.7,15.1
2026-01-31T20:42:10Z,0,0,0.2,0,0,0,18.8,849.7,18.9,19,70.2,261,254,0,0,54,0.2,0.2,18.9,15.4,14.6
2026-01-31T20:57:21Z,0,0,0.2,0,0,0,18.2,849.6,18.4,18.5,70.2,260,254,0,0,54,0,0,18.4,15,14.1
2026-01-31T21:12:26Z,0,0,0.2,0,0,0,18,849.8,18.2,18.4,69.5,260,254,0,0,54,0,0,18.3,14.8,14
2026-01-31T21:28:09Z,0,0,0.2,0,0,0,17.9,849.7,18.1,18.3,70.3,260,255,0,0.1,54,0.2,0.2,18.2,14.7,13.9
2026-01-31T21:43:15Z,0,0,0.2,0,0,0,18,849.7,18.2,18.5,72,260,253,0,0.3,49,0.9,0.9,18.3,15.1,14
2026-01-31T21:58:20Z,0,0,0.2,0,0,0,17.9,849.6,18.1,18.3,72.1,260,253,0,0.1,47,0.2,0.2,18.2,14.9,13.9
2026-01-31T22:13:26Z,0,0,0.2,0,0,0,17.8,849.6,18,18.2,71.9,261,253,0,0.3,46,0.9,0.9,18.1,14.8,13.8
2026-01-31T22:28:31Z,0,0,0.2,0,0,0,17.7,849.4,18,18.2,71.7,260,254,0,0,46,0,0,18,14.8,13.8
2026-01-31T22:43:36Z,0,0,0.2,0,0,0,17.7,849.1,17.9,18.1,71,261,253,0,0,46,0,0,18,14.7,13.7
2026-01-31T22:59:02Z,0,0,0.2,0,0,0,17.4,849,17.6,17.8,71.8,260,253,0,0,46,0,0,17.6,14.4,13.4
2026-01-31T23:14:09Z,0,0,0.2,0,0,0,17,848.9,17.1,17.4,73,259,254,0,0,46,0,0,17.2,14.2,13
2026-01-31T23:29:10Z,0,0,0.2,0,0,0,16.5,848.8,16.7,16.9,74.5,259,253,0,0,46,0,0,16.8,13.9,12.5
2026-01-31T23:44:16Z,0,0,0.2,0,0,0,16.2,848.8,16.3,16.6,76,260,253,0,0,46,0,0,16.4,13.8,12.2
2026-02-01T00:00:22Z,0,0,0.2,0,0,0,16,848.7,16.2,16.4,76.7,260,253,0,0,46,0,0,16.3,13.7,12.1
2026-02-01T00:15:27Z,0,0,0.2,0,0,0,15.9,848.7,16.2,16.4,77,261,254,0,0,46,0,0,16.2,13.7,12
2026-02-01T00:30:33Z,0,0,0.2,0,0,0,15.8,848.7,16.1,16.2,77.9,259,253,0,0,46,0,0,16,13.6,11.8
2026-02-01T00:45:39Z,0,0,0.2,0,0,0,15.6,848.7,16,16,78.6,261,253,0,0,46,0,0,15.9,13.6,11.7
2026-02-01T01:00:44Z,0,0,0.2,0,0,0,15.5,848.7,15.9,15.9,79.1,261,253,0,0,46,0,0,15.8,13.5,11.6
2026-02-01T01:16:09Z,0,0,0.2,0,0,0,15.5,848.8,16,16,78.3,260,254,0,0,46,0,0,15.9,13.5,11.7
2026-02-01T01:31:14Z,0,0,0.2,0,0,0,15.6,848.9,16,16,78.4,259,253,0,0,46,0,0,15.9,13.5,11.7
2026-02-01T01:46:20Z,0,0,0.2,0,0,0,15.4,849.1,15.8,15.8,79.7,261,253,0,0.1,46,0.4,0.4,15.7,13.5,11.5
2026-02-01T02:01:25Z,0,0,0.2,0,0,0,15.5,849.2,15.9,15.8,80.5,259,253,0,0,46,0,0,15.7,13.6,11.5
2026-02-01T02:16:30Z,0,0,0.2,0,0,0,16.3,849.5,16.5,16.7,76.5,260,254,0,0,191,0,0,16.6,13.9,12.3
2026-02-01T02:31:36Z,0,0,0.2,0,0,0,16,849.6,16.2,16.3,77.7,260,253,0,0,191,0,0,16.2,13.8,12
2026-02-01T02:46:41Z,0,0,0.2,0,0,0,15.7,849.9,16,16,78.9,261,253,0,0,191,0,0,15.9,13.6,11.7
2026-02-01T03:01:46Z,0,0,0.2,0,0,0,15.3,849.8,15.7,15.8,79.8,260,252,0,0,191,0,0,15.6,13.4,11.4
2026-02-01T03:17:12Z,0,0,0.2,0,0,0,15.4,849.9,15.8,15.8,80.3,260,253,0,0,191,0,0,15.7,13.5,11.5
2026-02-01T03:32:17Z,0,0,0.2,0,0,0,15.1,849.9,15.4,15.5,81.3,261,291,0,0,191,0,0,15.4,13.4,11.2
2026-02-01T03:47:23Z,0,0,0.2,0.1,0,0,14.8,850,15.1,15.2,82.2,267,312,0,0,191,0,0,15,13.1,10.8
2026-02-01T04:02:28Z,0,0,0.2,0.1,0,0,14.7,850.2,15,15.1,83.1,283,505,0,0.1,192,0.4,0.4,15,13.2,10.8
2026-02-01T04:17:33Z,0,0,0.2,0.2,0,0,15.2,850.3,15.7,15.7,81.4,301,744,0,0,192,0.2,0.2,15.6,13.6,11.4
2026-02-01T04:32:38Z,0,0,0.2,0.4,0,0,16,850.6,16.3,16.4,79.3,328,991,0,0.2,192,0.7,0.7,16.3,14,12.1
2026-02-01T04:47:43Z,0,0,0.2,0.5,0,0,17.2,850.8,17.1,17.3,76.4,356,1313,0,0,192,0.2,0.2,17.1,14.5,12.9
2026-02-01T05:02:49Z,0,0,0.2,0.6,0,0,18.8,851,18.6,18.6,71.6,371,1457,0,0.3,192,0.7,0.7,18.5,15.2,14.2
2026-02-01T05:18:14Z,0,0,0.2,0.7,0,0,19.8,851.2,19.6,19.9,68.5,385,1603,0,0.5,177,1.1,1.1,19.9,16,15.4
2026-02-01T05:33:19Z,0,0,0.2,1,0,0,20.2,851.4,20.1,20.4,65.7,446,2305,0,0.2,71,0.7,0.7,20.3,16.1,15.8
2026-02-01T05:48:24Z,0,0,0.2,1.2,0,0,22.3,851.5,21.8,22,58.9,477,2594,0,0.6,38,1.5,1.5,21.9,16.7,17.3
2026-02-01T06:04:01Z,0,0,0,1.9,0.2,0,22.8,851.5,22.4,22.9,56.7,607,4090,0,0.9,86,2,2,22.8,17.1,18
2026-02-01T06:19:15Z,0,0,0,2.2,0.2,0,24,851.5,23.4,23.7,55,673,4799,0,0.6,69,2,2,23.7,17.6,18.7
2026-02-01T06:34:20Z,0,0,0,1.5,0.2,0,24.6,851.5,24.1,24.5,52.2,546,3343,0,1,49,2,2,24.4,17.9,19.3
2026-02-01T06:49:40Z,0,0,0,2.3,0.2,0,24.3,851.5,24,24.7,51.4,693,4975,0,1.2,65,3.1,3.1,24.7,18,19.5
2026-02-01T07:04:45Z,0,0,0,2.8,0.2,0,24.4,851.4,24.4,25.1,50.9,782,6012,0,0.4,82,1.1,1.1,25,18.2,19.8
2026-02-01T07:19:45Z,0,0,0,3.3,0.2,0,24.4,851.4,24.1,25,50.4,883,7042,0,2,74,3.5,3.5,24.9,18.1,19.7
2026-02-01T07:34:51Z,0,0,0,3,0.2,0,25.1,851.2,24.8,25.6,49.1,824,6415,0,1.8,77,3.5,3.5,25.5,18.3,20.2
2026-02-01T07:50:30Z,0,0,0,3.7,0.2,0,23.9,851.3,23.8,24.7,50.2,946,7812,0,1.5,60,3.5,3.5,24.6,17.7,19.4
2026-02-01T08:06:34Z,0,0,0,1.1,0.2,0,26.2,851.2,25.9,26.6,46.1,469,2422,0,0.9,46,2,2,26.6,18.8,21
2026-02-01T08:21:39Z,0,0,0,4.4,0.2,0,26.6,851,26.2,27,45.5,1071,9126,0,0.8,54,1.3,1.3,27.2,19,21.4
2026-02-01T08:36:44Z,0,0,0,4.6,0.2,0,27.1,850.8,27.3,27.8,43.1,1114,9514,0,0.6,95,2.4,2.4,27.7,19.2,21.8
2026-02-01T08:51:49Z,0,0,0,4.2,0.2,0,27.4,850.5,27.5,28.3,42.8,1049,8747,0,0.6,119,1.3,1.3,28.2,19.6,22.2
2026-02-01T09:06:54Z,0,0,0,4.3,0.2,0,26.5,850.4,26.3,27.2,43.4,1069,8978,0,1.7,76,3,3,27.2,18.8,21.4
2026-02-01T09:22:19Z,0,0,0,4.1,0.2,0,27.5,850.1,27.2,28.1,41.3,1030,8526,0,1.5,81,3.3,3.3,27.8,19.1,21.9
2026-02-01T09:37:25Z,0,0,0,4,0.2,0,27,849.8,26.9,27.7,42.4,1006,8284,0,1.4,131,3.5,3.5,27.5,19,21.7
2026-02-01T09:52:29Z,0,0,0,4.1,0.2,0,27.5,849.5,27.4,28.4,41.3,1020,8444,0,0.8,145,2.2,2.2,28.1,19.4,22.1
2026-02-01T10:08:25Z,0,0,0,4.2,0.2,0,27.5,849.3,27.1,28.4,40,1043,8661,0,2.1,74,4.1,4.1,28,19.1,22
2026-02-01T10:23:30Z,0,0,0,4,0.2,0,27.7,848.9,27.8,28.6,38.3,1004,8252,0,1.8,176,3.9,3.9,28.1,19,22.1
2026-02-01T10:38:35Z,0,0,0,4.1,0.2,0,28.2,848.7,28.1,29,37.9,1028,8542,0,0.5,119,1.3,1.3,28.4,19.3,22.3
2026-02-01T10:53:40Z,0,0,0,4,0.2,0,28.6,848.4,28.7,29.4,37.2,1001,8225,0,0.5,121,2,2,28.8,19.4,22.6
2026-02-01T11:08:45Z,0,0,0,3.8,0.2,0,28.6,848.2,28.4,29.2,36.9,960,7772,0,1.4,59,3.3,3.3,28.6,19.2,22.4
2026-02-01T11:23:50Z,0,0,0,3.7,0.2,0,29.4,847.9,29.1,30.3,33.5,948,7643,0,1.6,53,5.9,5.9,29.3,19.3,22.9
2026-02-01T11:38:56Z,0,0,0,3.5,0.2,0,28.9,847.8,28.8,30.1,32,907,7200,0,2.7,73,6.9,6.9,29,18.9,22.7
2026-02-01T11:54:37Z,0,0,0,3.2,0.2,0,29.6,847.6,29.6,30.7,32.9,860,6684,0,0.7,66,1.7,1.7,29.7,19.5,23.2
2026-02-01T12:09:42Z,0,0,0,3.1,0.2,0,29.6,847.5,29.7,30.5,32.1,828,6347,0,1.1,56,3.3,3.3,29.5,19.2,23
2026-02-01T12:25:35Z,0,0,0,2.8,0.2,0,29.3,847.4,29.2,30.4,31.5,772,5790,0,2.7,76,4.8,4.8,29.2,19,22.9
2026-02-01T12:40:40Z,0,0,0,2.5,0.2,0,30.5,847.2,30.4,31.8,28.6,733,5341,0,1.2,61,4.1,4.1,30.5,19.4,23.7
2026-02-01T12:56:35Z,0,0,0,2.4,0.2,0,30.6,847.2,30.4,31.8,29,701,5015,0,0.8,57,2.4,2.4,30.5,19.5,23.7
2026-02-01T13:11:44Z,0,0,0,2.1,0.2,0,30,847.2,29.9,31.2,32.2,653,4505,0,1.9,70,4.6,4.6,30.2,19.8,23.5
2026-02-01T13:26:49Z,0,0,0,1.8,0.2,0,29.4,847.1,29.3,30.5,31.9,601,3948,0,1.4,151,2.8,2.8,29.4,19.2,23
2026-02-01T13:42:40Z,0,0,0,1.5,0.2,0,29.5,846.9,29.8,30.8,31.5,529,3171,0,1.4,76,2.8,2.8,29.7,19.3,23.2
2026-02-01T13:57:45Z,0,0,0,1.2,0.2,0,28.5,847,28.6,29.6,31.6,489,2749,0,1.6,79,3.6,3.6,28.5,18.4,22.4
2026-02-01T14:12:50Z,0,0,0,1,0.2,0,28.2,846.9,28.5,29.2,32.3,442,2241,0,1.5,142,4.4,4.4,28.2,18.3,22.2
2026-02-01T14:28:39Z,0,0,0,0.3,0.2,0,27.6,847,27.7,28.1,33.8,323,827,0,0.5,112,1.7,1.7,27.4,17.8,21.6
2026-02-01T14:43:42Z,0,0,0,0.3,0.2,0,27,847.1,27.1,27.4,35.4,308,675,0,1.7,56,4.1,4.1,26.9,17.5,21.2
2026-02-01T14:58:56Z,0,0,0,0.2,0.2,0,26.6,847.3,26.7,26.9,37.3,300,586,0,1.3,68,2.6,2.6,26.7,17.5,21
2026-02-01T15:14:40Z,0,0,0,0.2,0.2,0,26.2,847.6,26.3,26.5,38.4,286,485,0,0.7,73,2.6,2.6,26.3,17.3,20.8
2026-02-01T15:30:05Z,0,0,0,0.1,0.2,0,25.8,847.9,25.9,26.1,35.2,275,388,0,1.5,82,3.1,3.1,25.9,16.4,20.5
2026-02-01T15:45:14Z,0,0,0,0.1,0.2,0,25.4,848.2,25.6,25.7,35.8,266,299,0,0.8,60,1.7,1.7,25.5,16.2,20.2
2026-02-01T16:00:25Z,0,0,0,0,0.2,0,25.1,848.5,25.3,25.4,37.1,260,257,0,0.2,69,0.4,0.4,25.2,16.2,19.9
2026-02-01T16:16:18Z,0,0,0,0,0.2,0,24.6,848.8,24.8,24.9,39.5,261,253,0,0.5,73,1.3,1.3,24.7,16.2,19.5
2026-02-01T16:31:23Z,0,0,0,0,0.2,0,24.2,848.9,24.4,24.5,41.6,261,254,0,1,70,2,2,24.3,16.2,19.2
2026-02-01T16:46:28Z,0,0,0,0,0.2,0,23.9,849,24.1,24.2,43.1,260,253,0,0.8,64,2,2,24,16.2,19
2026-02-01T17:02:17Z,0,0,0,0,0.2,0,23.6,849.3,23.8,23.9,44.1,260,253,0,1.5,77,3.3,3.3,23.7,16.1,18.7
2026-02-01T17:18:04Z,0,0,0,0,0.2,0,23.4,849.4,23.6,23.7,45.2,262,254,0,1,84,2.8,2.8,23.5,16.1,18.5
2026-02-01T17:33:16Z,0,0,0,0,0.2,0,23.1,849.6,23.2,23.4,46.2,260,253,0,0.9,71,2.4,2.4,23.2,16.1,18.3
2026-02-01T17:48:27Z,0,0,0,0,0.2,0,22.7,849.9,22.9,23.1,47.5,261,254,0,0.1,82,0.4,0.4,22.9,16,18.1
2026-02-01T18:03:28Z,0,0,0,0,0.2,0,22.3,850.2,22.6,22.7,48.8,260,254,0,0.8,75,1.5,1.5,22.5,15.8,17.7
2026-02-01T18:19:23Z,0,0,0,0,0.2,0,22,850.4,22.2,22.3,50.1,260,253,0,0.3,66,0.9,0.9,22.1,15.7,17.4
2026-02-01T18:34:27Z,0,0,0,0,0.2,0,21.8,850.5,21.9,22.1,51.4,259,253,0,0,66,0,0,21.9,15.7,17.2
2026-02-01T18:50:24Z,0,0,0,0,0.2,0,21.4,850.6,21.6,21.7,53.2,261,254,0,0.2,66,0.2,0.2,21.5,15.6,16.9
2026-02-01T19:05:25Z,0,0,0,0,0.2,0,21.1,850.6,21.2,21.4,54.6,262,253,0,0,66,0,0,21.2,15.5,16.6
2026-02-01T19:20:42Z,0,0,0,0,0.2,0,20.7,850.6,20.8,20.9,56.3,261,253,0,0,66,0,0,20.7,15.4,16.2
2026-02-01T19:35:43Z,0,0,0,0,0.2,0,20.2,850.7,20.2,20.4,58.4,259,253,0,0,66,0,0,20.2,15.2,15.7
2026-02-01T19:51:40Z,0,0,0,0,0.2,0,19.8,850.8,19.9,20.1,59.7,260,254,0,0.1,66,0.4,0.4,19.9,15,15.5
2026-02-01T20:07:23Z,0,0,0,0,0.2,0,19.6,851,19.8,20,60.4,260,254,0,0.1,66,0.7,0.7,19.8,15.1,15.4
2026-02-01T20:22:29Z,0,0,0,0,0.2,0,19.5,851,19.7,19.9,60.8,260,253,0,0.2,66,0.7,0.7,19.7,15,15.3
2026-02-01T20:39:21Z,0,0,0,0,0.2,0,19.1,851.3,19.1,19.4,62,259,254,0,0,66,0,0,19.2,14.7,14.8
2026-02-01T20:55:21Z,0,0,0,0,0.2,0,18.5,851.3,18.6,18.9,64.3,261,253,0,0,66,0,0,18.7,14.5,14.4
2026-02-01T21:10:27Z,0,0,0,0,0.2,0,18.1,851.2,18.2,18.4,65.5,261,253,0,0,66,0,0,18.2,14.2,13.9
2026-02-01T21:25:32Z,0,0,0,0,0.2,0,17.8,851.2,18,18.2,66.4,259,253,0,0,66,0,0,18,14.2,13.7
2026-02-01T21:40:38Z,0,0,0,0,0.2,0,17.7,851.1,17.9,18.1,66.6,260,254,0,0,66,0,0,17.9,14.1,13.6
2026-02-01T21:55:43Z,0,0,0,0,0.2,0,17.8,850.9,18,18.2,67,261,253,0,0,66,0,0,18,14.2,13.7
2026-02-01T22:11:24Z,0,0,0,0,0.2,0,17.7,850.6,17.9,18.1,67.3,260,252,0,0,66,0,0,17.9,14.2,13.7
2026-02-01T22:26:30Z,0,0,0,0,0.2,0,17.4,850.5,17.6,17.8,68.2,261,254,0,0,66,0,0,17.7,14.1,13.4
2026-02-01T22:41:35Z,0,0,0,0,0.2,0,17.1,850.3,17.2,17.5,69.3,260,253,0,0,66,0,0,17.3,13.9,13.1
2026-02-01T22:56:40Z,0,0,0,0,0.2,0,17.2,850.3,17.4,17.7,69.7,259,254,0,0,66,0,0,17.5,14.1,13.3
2026-02-01T23:11:45Z,0,0,0,0,0.2,0,17.3,850.1,17.6,17.8,69.6,260,254,0,0,66,0,0,17.7,14.2,13.4
2026-02-01T23:27:27Z,0,0,0,0,0.2,0,17.1,850.1,17.2,17.5,70.8,261,253,0,0,66,0,0,17.3,14,13.1
2026-02-01T23:42:32Z,0,0,0,0,0.2,0,17,850.1,17.1,17.4,71.5,260,253,0,0,66,0,0,17.2,14,13
2026-02-01T23:57:38Z,0,0,0,0,0.2,0,17,850,17.2,17.5,71.6,259,253,0,0,66,0,0,17.3,14.1,13.1
2026-02-02T00:00:39Z,0,0,0,0,0.2,0,17.1,850,17.3,17.5,71.5,259,253,0,0,66,0,0,17.4,14.2,13.1
2026-02-02T00:15:44Z,0,0,0,0,0.2,0,17.2,849.9,17.4,17.7,71.3,260,253,0,0,66,0,0,17.6,14.3,13.3
2026-02-02T00:31:31Z,0,0,0,0,0.2,0,17.2,850,17.4,17.6,71.5,260,254,0,0,66,0,0,17.5,14.3,13.2
2026-02-02T00:46:37Z,0,0,0,0,0.2,0,17.2,849.8,17.4,17.6,71.6,260,254,0,0,66,0,0,17.5,14.3,13.2
2026-02-02T01:01:42Z,0,0,0,0,0.2,0,16.8,849.8,16.8,17.1,72.9,260,254,0,0,66,0,0,16.9,13.9,12.7
2026-02-02T01:16:47Z,0,0,0,0,0.2,0,16.3,849.8,16.4,16.6,74.4,259,254,0,0,66,0,0,16.5,13.7,12.3
2026-02-02T01:31:52Z,0,0,0,0,0.2,0,16,849.9,16.2,16.3,75.8,258,253,0,0,66,0,0,16.1,13.5,11.9
2026-02-02T01:47:32Z,0,0,0,0,0.2,0,15.8,850,16.2,16.3,76.2,260,253,0,0,66,0,0,16.1,13.5,11.9
2026-02-02T02:02:38Z,0,0,0,0,0.2,0,15.8,850,16.2,16.3,76,260,253,0,0,66,0,0,16.1,13.5,11.9
2026-02-02T02:17:43Z,0,0,0,0,0.2,0,15.5,850.2,15.8,15.9,77.9,261,253,0,0,66,0,0,15.7,13.4,11.6
2026-02-02T02:32:48Z,0,0,0,0,0.2,0,15.3,850.3,15.6,15.8,78.4,262,254,0,0,66,0,0,15.6,13.3,11.4
2026-02-02T02:47:53Z,0,0,0,0,0.2,0,15,850.5,15.2,15.4,79.4,260,253,0,0,66,0,0,15.2,13,11
2026-02-02T03:03:35Z,0,0,0,0,0.2,0,14.7,850.6,15.1,15.1,81.7,261,255,0,0,66,0,0,15,13,10.8
2026-02-02T03:18:40Z,0,0,0,0,0.2,0,14.7,850.8,15.1,15.2,81.4,260,253,0,0,66,0,0,15.1,13.1,10.9
2026-02-02T03:33:46Z,0,0,0,0,0.2,0,14.7,851,15.1,15.2,81.8,263,270,0,0,66,0,0,15.1,13.1,10.9
2026-02-02T03:48:51Z,0,0,0,0.1,0.2,0,14.6,851.1,14.9,15,83.4,268,333,0,0,66,0,0,14.9,13.1,10.7
2026-02-02T04:03:56Z,0,0,0,0.1,0.2,0,14.7,851.4,15.1,15.2,82.5,280,439,0,0,66,0,0,15,13.2,10.8
2026-02-02T04:19:01Z,0,0,0,0.2,0.2,0,15,851.4,15.4,15.4,82,289,528,0,0,66,0,0,15.3,13.4,11.1
2026-02-02T04:34:06Z,0,0,0,0.3,0.2,0,15.7,851.6,15.9,15.9,80.6,309,735,0,0.1,66,0.2,0.2,15.8,13.7,11.6
2026-02-02T04:49:31Z,0,0,0,0.4,0.2,0,16.6,851.7,16.6,16.7,78.5,329,962,0,0.2,65,1.1,1.1,16.5,14.1,12.3
2026-02-02T05:04:37Z,0,0,0,0.3,0.2,0,18.3,851.8,17.9,17.8,75.1,318,775,0,0,66,0,0,17.7,14.8,13.4
2026-02-02T05:19:42Z,0,0,0,0.5,0.2,0,18.6,851.8,18.5,18.7,72,346,1108,0,0.3,65,0.7,0.7,18.6,15.3,14.3
2026-02-02T05:34:48Z,0,0,0,1.2,0.2,0,20.3,852,19.7,19.6,69.9,480,2738,0,0.3,65,0.9,0.9,19.5,15.9,15.1
2026-02-02T05:49:53Z,0,0,0,1.5,0.2,0,22.4,851.8,21.6,21.7,63.7,546,3444,0,0.7,65,1.3,1.3,21.6,17,17
2026-02-02T06:05:40Z,0,0,0,1.7,0,0,22.3,851.9,21.9,22.1,60.6,580,3829,0,0.7,65,1.1,1.1,22,17,17.3
2026-02-02T06:20:45Z,0,0,0,2,0,0,23.8,851.9,23.4,23.9,55.6,632,4372,0,0.9,65,1.5,1.5,23.8,17.9,18.8
2026-02-02T06:35:50Z,0,0,0,2.3,0,0,23,852.1,22.6,23.5,56.7,694,5013,0,0.4,65,1.3,1.3,23.5,17.7,18.5
2026-02-02T06:50:56Z,0,0,0,2.6,0,0,23.4,852.1,23.1,24.1,53.1,745,5536,0,2.5,87,3.9,3.9,24,17.7,19
2026-02-02T07:06:46Z,0,0,0,3.1,0,0,23.3,851.9,22.9,24,56.2,828,6485,0,0.7,77,1.6,1.6,24,18.1,18.9
2026-02-02T07:21:52Z,0,0,0,3.2,0,0,23.3,851.8,23.1,24,54.9,852,6695,0,0.9,85,2.4,2.4,24,17.9,18.9
2026-02-02T07:36:57Z,0,0,0,3.8,0,0,24.5,851.8,24.8,25.2,50.6,967,8036,0,0.5,111,2,2,25.2,18.3,19.9
2026-02-02T07:52:42Z,0,0,0,0.9,0,0,24.8,851.7,24.6,25.4,48.9,423,1886,0,0.8,62,1.5,1.5,25.4,18.2,20.1
2026-02-02T08:07:49Z,0,0,0,4.1,0,0,24.7,851.6,24.6,25.2,46.9,1021,8541,0,1.4,71,3.1,3.1,25.1,17.7,19.9
2026-02-02T08:22:55Z,0,0,0,4.2,0,0,24.9,851.5,24.8,25.6,47.4,1036,8725,0,1.4,75,2.2,2.2,25.5,18.1,20.1
2026-02-02T08:40:04Z,0,0,0,4.4,0,0,25.8,851.3,25.8,26.5,45.3,1081,9149,0,1.5,66,3.1,3.1,26.4,18.5,20.8
2026-02-02T08:55:44Z,0,0,0,4.1,0,0,25.3,851.1,25.1,26,45.5,1024,8520,0,1,78,2.6,2.6,26,18.2,20.5
2026-02-02T09:10:50Z,0,0,0,4.2,0,0,26.1,850.9,25.8,26.6,44,1036,8609,0,1,50,2,2,26.6,18.4,21
2026-02-02T09:26:43Z,0,0,0,4.1,0,0,26.1,850.5,26,26.9,41.7,1014,8413,0,2.4,68,5.9,5.9,26.9,18.2,21.2
2026-02-02T09:41:49Z,0,0,0,4.1,0,0,26.2,850.3,26.3,27,42.8,1028,8522,0,1,108,2.2,2.2,27,18.5,21.3
2026-02-02T09:56:54Z,0,0,0,4.1,0,0,26.5,850.1,26.5,27.3,41.2,1023,8471,0,1.2,59,2.4,2.4,27.1,18.4,21.4
2026-02-02T10:12:46Z,0,0,0,4.1,0,0,27.3,849.8,27.2,28.2,38.7,1022,8450,0,1.4,78,3.3,3.3,27.8,18.8,21.9
2026-02-02T10:27:52Z,0,0,0,4.1,0,0,27.4,849.5,27.2,28,40.8,1014,8362,0,1.4,60,2.6,2.6,27.7,18.9,21.8
2026-02-02T10:43:51Z,0,0,0,3.9,0,0,26.8,849.3,26.9,27.7,41,993,8143,0,1.2,87,3.9,3.9,27.5,18.8,21.7
2026-02-02T10:58:52Z,0,0,0,3.9,0,0,27.7,849.1,27.6,28.5,38.9,977,7973,0,1.4,46,3.3,3.3,28,19,22
2026-02-02T11:14:48Z,0,0,0,3.7,0,0,27.9,848.9,27.9,28.9,37.9,952,7707,0,0.8,81,1.7,1.7,28.3,19.1,22.2
2026-02-02T11:29:53Z,0,0,0,3.5,0,0,28.7,848.7,28.9,29.8,35.7,912,7251,0,1.8,78,3.7,3.7,29.1,19.5,22.8
2026-02-02T11:44:58Z,0,0,0,3.5,0,0,28.6,848.6,28.4,29.8,36.1,913,7271,0,0.8,75,2,2,29,19.5,22.7
2026-02-02T12:00:50Z,0,0,0,3.2,0,0,28.5,848.4,28.6,29.7,36,855,6662,0,1.9,89,3.7,3.7,28.9,19.4,22.7
2026-02-02T12:15:55Z,0,0,0,3,0,0,28.8,848.2,28.6,30,34.3,820,6275,0,1.5,65,3.1,3.1,29.1,19.3,22.8
2026-02-02T12:31:11Z,0,0,0,2.8,0,0,29.1,848.2,29.2,30.3,33.3,770,5748,0,2,85,4.6,4.6,29.3,19.3,22.9
2026-02-02T12:46:52Z,0,0,0,2.5,0,0,28.6,847.9,28.7,29.7,33.2,718,5197,0,1.5,74,3.7,3.7,28.7,18.8,22.5
2026-02-02T13:01:57Z,0,0,0,2.2,0,0,29.5,847.9,29.8,30.6,33.2,673,4691,0,0.4,155,1.3,1.3,29.7,19.6,23.2
2026-02-02T13:17:54Z,0,0,0,2,0,0,29.1,847.8,29.3,30.3,30.7,633,4296,0,1.5,105,4.4,4.4,29.1,18.7,22.8
2026-02-02T13:32:59Z,0,0,0,1.7,0,0,28,847.8,28.3,29,34.3,577,3688,0,0.8,122,2.3,2.3,28.2,18.5,22.1
2026-02-02T13:48:04Z,0,0,0,1.5,0,0,27.8,847.8,27.9,28.9,34,536,3281,0,0.9,78,2,2,28,18.4,22
2026-02-02T14:04:02Z,0,0,0,1.2,0,0,28,847.8,28.2,29.4,34,481,2673,0,1.6,87,3.3,3.3,28.4,18.7,22.3
2026-02-02T14:19:07Z,0,0,0,1,0,0,27.2,847.8,27.3,28.2,32.8,436,2201,0,0.4,138,1.4,1.4,27.4,17.6,21.6
2026-02-02T14:34:59Z,0,0,0,0.3,0,0,26.6,848,26.6,27.1,35.3,307,622,0,1.4,76,2.4,2.4,26.7,17.2,21.1
2026-02-02T14:50:50Z,0,0,0,0.2,0,0,26.2,848.2,26.3,26.5,35.5,296,543,0,0.4,116,1.1,1.1,26.4,16.8,20.8
2026-02-02T15:06:19Z,0,0,0,0.2,0,0,25.7,848.4,25.8,26,35.7,291,493,0,0.9,113,2.8,2.8,25.8,16.4,20.4
2026-02-02T15:21:24Z,0,0,0,0.1,0,0,25.3,848.7,25.4,25.6,37.7,281,425,0,0.8,79,2.6,2.6,25.4,16.5,20.1
2026-02-02T15:36:29Z,0,0,0,0.1,0,0,24.8,848.9,25,25.1,41,271,349,0,0.6,96,2,2,24.9,16.7,19.7
2026-02-02T15:52:24Z,0,0,0,0,0,0,24.4,849,24.5,24.7,42.3,264,266,0,0.5,140,1.5,1.5,24.5,16.5,19.3
2026-02-02T16:08:21Z,0,0,0,0,0,0,24,849.2,24.2,24.3,38.8,260,254,0,1.5,78,4.1,4.1,24,15.6,19
2026-02-02T16:23:27Z,0,0,0,0,0,0,23.7,849.2,23.9,24,38.7,262,254,0,0.8,64,3.1,3.1,23.7,15.3,18.7
2026-02-02T16:39:24Z,0,0,0,0,0,0,23.3,849.3,23.4,23.5,39.5,260,253,0,1.1,65,2.2,2.2,23.3,15.1,18.4
2026-02-02T16:54:28Z,0,0,0,0,0,0,23,849.4,23.1,23.3,40.7,261,254,0,1.7,90,4.4,4.4,23,15.1,18.2
2026-02-02T17:09:33Z,0,0,0,0,0,0,22.7,849.6,22.8,23,42.4,261,254,0,0.6,67,1.3,1.3,22.7,15.1,17.9
2026-02-02T17:24:33Z,0,0,0,0,0,0,22.2,849.9,22.4,22.6,44.2,260,253,0,0.7,53,2.6,2.6,22.3,15.1,17.6
2026-02-02T17:39:38Z,0,0,0,0,0,0,22.1,850.1,22.3,22.5,45.9,261,252,0,0.5,78,1.1,1.1,22.2,15.2,17.5
2026-02-02T17:54:43Z,0,0,0,0,0,0,22.2,850.4,22.4,22.5,46.6,261,254,0,1.3,63,3.5,3.5,22.3,15.4,17.6
2026-02-02T18:09:49Z,0,0,0,0,0,0,21.9,850.5,22.1,22.2,47.7,259,252,0,0.6,105,1.3,1.3,22,15.3,17.3
2026-02-02T18:24:54Z,0,0,0,0,0,0,21.4,850.6,21.6,21.8,48.9,261,253,0,0.3,76,0.7,0.7,21.5,15.1,16.9
2026-02-02T18:39:59Z,0,0,0,0,0,0,21.1,850.7,21.2,21.4,50.1,260,252,0,0.3,71,0.9,0.9,21.1,14.9,16.6
2026-02-02T18:55:22Z,0,0,0,0,0,0,20.7,851.1,20.9,21.1,51.7,261,253,0,0,73,0.2,0.2,20.8,14.8,16.3
2026-02-02T19:10:27Z,0,0,0,0,0,0,20.3,851.2,20.4,20.6,53.5,260,254,0,0.1,109,0.2,0.2,20.4,14.7,15.9
2026-02-02T19:25:32Z,0,0,0,0,0,0,20,851.5,20.1,20.3,55.2,261,254,0,0.1,59,0.4,0.4,20.1,14.7,15.6
2026-02-02T19:40:38Z,0,0,0,0,0,0,19.6,851.5,19.7,19.9,55.8,261,254,0,0,72,0,0,19.6,14.4,15.2
2026-02-02T19:55:43Z,0,0,0,0,0,0,19.1,851.4,19.2,19.4,58.3,261,253,0,0,72,0,0,19.1,14.2,14.8
2026-02-02T20:10:48Z,0,0,0,0,0,0,18.6,851.5,18.8,18.9,59.4,260,254,0,0,72,0.2,0.2,18.7,14,14.3
2026-02-02T20:25:53Z,0,0,0,0,0,0,18.1,851.6,18.3,18.5,60.8,260,253,0,0.1,72,0.2,0.2,18.2,13.8,14
2026-02-02T20:40:58Z,0,0,0,0,0,0,17.9,851.5,18.1,18.3,62,260,253,0,0,72,0.2,0.2,18.1,13.8,13.8
2026-02-02T20:56:04Z,0,0,0,0,0,0,17.5,851.4,17.7,17.8,63.9,261,254,0,0,72,0,0,17.6,13.5,13.3
2026-02-02T21:11:26Z,0,0,0,0,0,0,17.2,851.4,17.4,17.6,65.5,260,253,0,0,72,0,0,17.3,13.5,13.1
2026-02-02T21:26:31Z,0,0,0,0,0,0,16.9,851.4,17.1,17.3,66.6,261,252,0,0,72,0,0,17.1,13.4,12.8
2026-02-02T21:41:37Z,0,0,0,0,0,0,16.6,851.4,16.8,17,67.9,260,253,0,0,72,0,0,16.8,13.3,12.6
2026-02-02T21:57:35Z,0,0,0,0,0,0,16.3,851.2,16.6,16.7,69.2,260,254,0,0,72,0,0,16.5,13.1,12.3
2026-02-02T22:12:41Z,0,0,0,0,0,0,16.1,851,16.3,16.5,69.9,261,254,0,0,72,0,0,16.3,13.1,12.1
2026-02-02T22:27:46Z,0,0,0,0,0,0,16,851,16.2,16.4,70.7,262,253,0,0,72,0,0,16.2,13,12
2026-02-02T22:42:51Z,0,0,0,0,0,0,15.9,850.8,16.2,16.3,71.3,261,253,0,0,72,0.2,0.2,16.1,13,11.9
2026-02-02T22:57:57Z,0,0,0,0,0,0,15.7,850.7,16,16.1,72.1,260,252,0,0,72,0,0,15.9,12.9,11.7
2026-02-02T23:13:03Z,0,0,0,0,0,0,15.3,850.6,15.6,15.7,72.9,260,253,0,0,72,0,0,15.5,12.6,11.3
2026-02-02T23:28:08Z,0,0,0,0,0,0,14.9,850.6,15.2,15.4,75.1,260,254,0,0,72,0,0,15.1,12.5,11
2026-02-02T23:43:30Z,0,0,0,0,0,0,14.7,850.5,15.1,15.2,75.9,261,252,0,0,72,0,0,15,12.5,10.8
2026-02-02T23:58:35Z,0,0,0,0,0,0,14.6,850.5,15,15.1,76.8,260,254,0,0,72,0,0,14.9,12.5,10.7
2026-02-03T00:00:37Z,0,0,0,0,0,0,14.7,850.6,15,15.2,76.9,261,254,0,0,72,0,0,15,12.6,10.8
2026-02-03T00:15:42Z,0,0,0,0,0,0,15,850.4,15.5,15.6,75.7,261,253,0,0,66,0.2,0.2,15.4,12.8,11.2
2026-02-03T00:31:30Z,0,0,0,0,0,0,14.9,850.4,15.2,15.3,76.9,260,252,0,0.1,65,0.4,0.4,15.1,12.7,10.9
2026-02-03T00:46:35Z,0,0,0,0,0,0,14.7,850.4,15.1,15.2,77.7,260,254,0,0,66,0.2,0.2,15,12.6,10.8
2026-02-03T01:02:31Z,0,0,0,0,0,0,14.5,850.4,14.9,15,78.2,260,254,0,0,66,0.2,0.2,14.8,12.5,10.6
2026-02-03T01:17:36Z,0,0,0,0,0,0,14.4,850.3,14.9,14.9,78.4,261,253,0,0,66,0,0,14.7,12.5,10.5
2026-02-03T01:33:01Z,0,0,0,0,0,0,14.3,850.4,14.6,14.8,79,260,254,0,0,66,0,0,14.5,12.4,10.3
2026-02-03T01:48:06Z,0,0,0,0,0,0,14.1,850.4,14.4,14.5,79.9,261,253,0,0,66,0,0,14.3,12.3,10.1
2026-02-03T02:03:32Z,0,0,0,0,0,0,13.9,850.4,14.2,14.4,80.3,260,253,0,0,66,0,0,14.2,12.2,10
2026-02-03T02:18:40Z,0,0,0,0,0,0,13.8,850.6,14.2,14.3,81.2,260,254,0,0,66,0.2,0.2,14.1,12.2,9.9
2026-02-03T02:33:45Z,0,0,0,0,0,0,13.9,850.6,14.3,14.4,81.1,261,253,0,0,66,0.2,0.2,14.2,12.2,10
2026-02-03T02:48:50Z,0,0,0,0,0,0,13.8,850.6,14.1,14.2,81.6,261,254,0,0,66,0,0,14,12.2,9.8
2026-02-03T03:04:42Z,0,0,0,0,0,0,13.6,850.7,13.9,14.1,82.2,259,253,0,0,66,0,0,13.9,12.1,9.7
2026-02-03T03:19:48Z,0,0,0,0,0,0,13.5,850.7,13.8,13.9,82.6,261,255,0,0,66,0,0,13.8,12,9.5
2026-02-03T03:34:53Z,0,0,0,0,0,0,13.3,850.8,13.6,13.8,83.4,262,268,0,0,66,0.2,0.2,13.6,11.9,9.4
2026-02-03T03:49:58Z,0,0,0,0.1,0,0,13.2,851,13.6,13.7,83.9,268,329,0,0,66,0,0,13.5,11.9,9.3
2026-02-03T04:05:03Z,0,0,0,0.1,0,0,13.7,851.1,13.9,14,84,281,419,0,0,66,0.2,0.2,13.8,12.2,9.6
2026-02-03T04:20:08Z,0,0,0,0.2,0,0,14.2,851.1,14.5,14.5,82.6,290,502,0,0,66,0,0,14.4,12.6,10.2
2026-02-03T04:35:13Z,0,0,0,0.3,0,0,15.1,851.3,15.4,15.3,79.2,313,797,0,0.1,66,0.4,0.4,15.1,12.9,10.9
2026-02-03T04:50:37Z,0,0,0,0.4,0,0,16,851.4,16.2,16.1,76,335,1049,0,0.2,322,0.8,0.8,16,13.4,11.8
2026-02-03T05:05:42Z,0,0,0,0.3,0,0,17.6,851.4,17.1,17.1,73,315,731,0,0.1,322,0.4,0.4,17,14,12.7
2026-02-03T05:20:47Z,0,0,0,0.4,0,0,18.4,851.6,18.2,18.2,69.9,341,1026,0,0.1,322,0.4,0.4,18,14.6,13.8
2026-02-03T05:35:52Z,0,0,0,1.2,0,0,20.4,851.8,19.8,19.5,65.8,491,2826,0,0.2,43,0.4,0.4,19.4,15.3,15
2026-02-03T05:50:57Z,0,0,0,1.6,0,0,22.5,851.7,21.8,21.8,59.1,551,3461,0,0.3,76,0.9,0.9,21.6,16.5,17
2026-02-03T06:06:03Z,0,0,0,1.8,0,0,24.6,851.7,23.8,23.4,54.8,598,3956,0,0,357,0.4,0.4,23.3,17.4,18.4
2026-02-03T06:21:09Z,0,0,0,2.1,0,0,25.5,851.6,25.1,25.1,50.6,647,4487,0,0.1,132,0.4,0.4,25.1,18.2,19.8
2026-02-03T06:36:48Z,0,0,0,2.3,0,0,26.1,851.3,25.4,25.7,46.8,690,4953,0,0.4,21,1.3,1.3,25.6,18.1,20.2
2026-02-03T06:51:52Z,0,0,0,2.6,0,0,25.4,851.3,25.1,25.9,46.4,741,5479,0,1.1,93,2.2,2.2,25.9,18.2,20.4
2026-02-03T07:06:54Z,0,0,0,2.8,0,0,25.6,851,25.4,26.1,44,782,5937,0,1.7,92,3.1,3.1,26,18,20.5
2026-02-03T07:22:00Z,0,0,0,3.1,0,0,26.8,851,26.4,27.3,40.4,831,6432,0,2,57,3.3,3.3,27.1,18.3,21.4
2026-02-03T07:37:57Z,0,0,0,3.2,0,0,26.6,850.9,26.2,26.9,40.9,858,6711,0,1.3,106,4.6,4.6,26.8,18.1,21.2
2026-02-03T07:53:51Z,0,0,0,3.5,0,0,26.9,850.7,26.6,27.5,40.5,901,7152,0,2.1,57,3.7,3.7,27.3,18.5,21.5
2026-02-03T08:08:56Z,0,0,0,3.6,0,0,26.4,850.5,26.2,27.1,39,932,7516,0,2.2,87,5,5,26.9,17.9,21.2
2026-02-03T08:24:52Z,0,0,0,3.8,0,0,27.5,850.3,27.3,28.2,37.9,965,7851,0,1.7,60,3.9,3.9,27.7,18.6,21.8
2026-02-03T08:39:54Z,0,0,0,3.9,0,0,27,850.2,26.8,27.9,36.8,986,8092,0,3.2,78,6.1,6.1,27.3,18.1,21.5
2026-02-03T08:54:59Z,0,0,0,4,0,0,27.1,850,27.1,27.8,39,999,8234,0,1.1,58,2.4,2.4,27.4,18.5,21.6
2026-02-03T09:10:05Z,0,0,0,4,0,0,27.8,849.8,27.6,28.5,38.8,1010,8324,0,1.4,92,3.7,3.7,28,19,22
2026-02-03T09:25:10Z,0,0,0,4.1,0,0,27.6,849.6,27.4,28.4,36.9,1030,8538,0,0.5,124,1.5,1.5,27.8,18.5,21.8
2026-02-03T09:40:15Z,0,0,0,4.1,0,0,28.1,849.3,28.3,28.8,38,1026,8480,0,0.7,149,2,2,28.2,19.1,22.2
2026-02-03T09:55:58Z,0,0,0,4.1,0,0,27.6,849.2,27.4,28.5,36.9,1026,8510,0,1.8,73,3.3,3.3,27.9,18.7,22
2026-02-03T10:11:03Z,0,0,0,4.1,0,0,28.2,849,28,29.1,36.5,1027,8506,0,1.9,67,3.7,3.7,28.4,19.1,22.3
2026-02-03T10:26:58Z,0,0,0,4,0,0,28.8,848.6,28.6,29.6,33.9,1006,8266,0,1.6,51,2.8,2.8,28.7,18.9,22.5
2026-02-03T10:42:04Z,0,0,0,4,0,0,28.8,848.4,28.6,29.8,33.5,1002,8249,0,1.5,68,3.5,3.5,28.8,19,22.6
2026-02-03T10:57:09Z,0,0,0,3.8,0,0,28.5,848,28.7,29.4,34.8,974,7928,0,0.5,137,1.1,1.1,28.5,18.9,22.4
2026-02-03T11:12:14Z,0,0,0,3.7,0,0,29.4,848,29.4,30.5,34,954,7720,0,1.5,97,4.1,4.1,29.6,19.6,23.1
2026-02-03T11:27:19Z,0,0,0,3.5,0,0,29.7,847.8,29.6,30.9,30.4,917,7336,0,1.1,100,2,2,29.7,19.1,23.2
2026-02-03T11:42:58Z,0,0,0,3.4,0,0,30.1,847.6,30.1,31.3,29.7,896,7085,0,0.6,50,1.7,1.7,30,19.3,23.4
2026-02-03T11:58:03Z,0,0,0,3.2,0,0,30.1,847.5,30.2,31.4,32.4,845,6513,0,1.4,97,3.9,3.9,30.4,20,23.7
2026-02-03T12:13:08Z,0,0,0,3.1,0,0,28.7,847.4,28.9,29.7,34.4,828,6349,0,1.4,104,2.4,2.4,28.8,19.1,22.6
2026-02-03T12:29:01Z,0,0,0,2.9,0,0,30.2,847.2,30.8,31.2,32,791,5943,0,1.7,167,2.4,2.4,30.1,19.7,23.5
2026-02-03T12:44:07Z,0,0,0,2.5,0,0,31.6,847,31.9,32.7,31.4,729,5269,0,0.4,55,1.1,1.1,31.9,20.8,24.6
2026-02-03T12:59:12Z,0,0,0,2.3,0,0,29.9,846.9,30.2,31.3,33.1,687,4854,0,1.4,126,2.4,2.4,30.4,20.1,23.7
2026-02-03T13:14:17Z,0,0,0,2,0,0,28.7,847,29.2,29.8,35.2,633,4293,0,1.9,162,4.6,4.6,29,19.3,22.7
2026-02-03T13:30:09Z,0,0,0,1.8,0,0,29.5,847,29.7,30.7,34.1,597,3871,0,0.4,112,1.1,1.1,29.9,19.8,23.3
2026-02-03T13:45:15Z,0,0,0,1.5,0,0,29.1,847.1,29.4,30.6,33.8,544,3321,0,1.1,82,3.1,3.1,29.7,19.6,23.2
2026-02-03T14:01:11Z,0,0,0,1.2,0,0,28.7,847.1,29,29.9,35.3,489,2726,0,0.3,148,0.9,0.9,29.1,19.4,22.8
2026-02-03T14:16:36Z,0,0,0,0.9,0,0,28.2,847.2,28.4,29.2,35.9,435,2158,0,0.8,120,3.3,3.3,28.5,19,22.4
2026-02-03T14:31:41Z,0,0,0,0.3,0,0,27.6,847.4,27.8,28.1,37.9,319,762,0,0.5,78,1.3,1.3,27.6,18.5,21.7
2026-02-03T14:46:46Z,0,0,0,0.3,0,0,26.8,847.5,26.9,27.2,39.3,312,712,0,1.1,68,2.6,2.6,27,18.1,21.3
2026-02-03T15:01:52Z,0,0,0,0.2,0,0,26.4,847.7,26.4,26.7,40.5,293,578,0,0.8,65,1.7,1.7,26.6,17.9,21
2026-02-03T15:16:57Z,0,0,0,0.2,0,0,26.1,847.9,26.2,26.4,39.8,285,471,0,1.3,70,2.6,2.6,26.3,17.5,20.7
2026-02-03T15:32:02Z,0,0,0,0.1,0,0,25.6,848,25.8,26,40.8,276,394,0,0.6,86,1.5,1.5,25.8,17.3,20.4
2026-02-03T15:47:07Z,0,0,0,0.1,0,0,25.2,848,25.3,25.5,42.9,266,284,0,1.4,85,3.9,3.9,25.4,17.3,20
2026-02-03T16:02:12Z,0,0,0,0,0,0,24.7,848.2,24.9,25,45.4,262,256,0,2.5,81,3.9,3.9,24.9,17.3,19.7
2026-02-03T16:17:18Z,0,0,0,0,0,0,24.4,848.5,24.6,24.7,47.1,259,253,0,1.8,87,3.1,3.1,24.6,17.3,19.4
2026-02-03T16:32:40Z,0,0,0,0,0,0,24,848.7,24.2,24.3,49.5,262,252,0,0.5,108,1.3,1.3,24.2,17.3,19.1
2026-02-03T16:47:59Z,0,0,0,0,0,0,23.6,848.9,23.8,23.9,51.4,260,254,0,0.6,77,1.3,1.3,23.8,17.3,18.8
2026-02-03T17:03:04Z,0,0,0,0,0,0,23.4,849.1,23.6,23.7,52.4,260,254,0,0.8,74,2.4,2.4,23.6,17.2,18.6
2026-02-03T17:18:50Z,0,0,0,0,0,0,23.1,849.3,23.3,23.4,53.6,260,253,0,0.6,98,1.7,1.7,23.3,17.2,18.4
2026-02-03T17:34:47Z,0,0,0,0,0,0,22.9,849.6,23,23.2,55,259,254,0,0.4,61,0.9,0.9,23.1,17.1,18.2
2026-02-03T17:49:52Z,0,0,0,0,0,0,22.5,849.7,22.6,22.8,56.6,259,253,0,0.3,53,0.7,0.7,22.7,17,17.9
2026-02-03T18:04:52Z,0,0,0,0,0,0,22.2,849.8,22.3,22.5,57.9,261,255,0,0.2,68,0.7,0.7,22.4,17,17.6
2026-02-03T18:19:58Z,0,0,0,0,0,0,22.1,850.1,22.2,22.4,58.5,261,253,0,0.5,91,1.1,1.1,22.3,16.9,17.6
2026-02-03T18:34:59Z,0,0,0,0,0,0,22.2,850.2,22.4,22.5,58.1,260,254,0,0.5,99,2.4,2.4,22.4,17,17.7
2026-02-03T18:50:58Z,0,0,0,0,0,0,22.2,850.3,22.4,22.5,58.5,259,253,0,0.2,73,0.9,0.9,22.4,17,17.6
2026-02-03T19:06:58Z,0,0,0,0,0,0,22.1,850.5,22.3,22.4,58.8,261,255,0,0.6,76,1.1,1.1,22.4,17,17.6
2026-02-03T19:22:21Z,0,0,0,0,0,0,21.9,850.5,22.1,22.3,60,261,254,0,0.2,104,0.7,0.7,22.2,17.1,17.5
2026-02-03T19:37:27Z,0,0,0,0,0,0,21.6,850.4,21.8,21.9,61.5,260,253,0,0.7,112,2,2,21.8,16.9,17.2
2026-02-03T19:52:56Z,0,0,0,0,0,0,21.1,850.5,21.3,21.5,62.8,261,254,0,0.3,93,0.7,0.7,21.4,16.7,16.8
2026-02-03T20:08:02Z,0,0,0,0,0,0,20.8,850.6,21,21.2,64,260,252,0,0,110,0,0,21.1,16.6,16.5
2026-02-03T20:23:07Z,0,0,0,0,0,0,20.7,850.6,20.9,21.1,64.9,261,253,0,0.2,138,0.4,0.4,21,16.6,16.4
2026-02-03T20:39:04Z,0,0,0,0,0,0,20.5,850.8,20.6,20.8,65.8,260,252,0,0,142,0.2,0.2,20.8,16.5,16.2
2026-02-03T20:54:10Z,0,0,0,0,0,0,20.2,850.7,20.3,20.6,66.7,260,253,0,0.1,143,0.4,0.4,20.5,16.4,16
2026-02-03T21:09:15Z,0,0,0,0,0,0,20.2,850.6,20.3,20.5,67.2,262,253,0,0,143,0,0,20.4,16.4,15.9
2026-02-03T21:24:20Z,0,0,0,0,0,0,19.9,850.5,20,20.2,67.9,260,253,0,0.1,143,0.4,0.4,20.2,16.2,15.7
2026-02-03T21:39:25Z,0,0,0,0,0,0,19.7,850.6,19.8,20,68.5,259,253,0,0,129,0,0,20,16.1,15.5
2026-02-03T21:54:31Z,0,0,0,0,0,0,19.5,850.6,19.7,19.8,69.2,260,254,0,0,132,0,0,19.7,16,15.3
2026-02-03T22:09:54Z,0,0,0,0,0,0,19.3,850.6,19.4,19.6,70.2,259,254,0,0,132,0,0,19.5,15.9,15.1
2026-02-03T22:25:00Z,0,0,0,0,0,0,19.2,850.2,19.4,19.6,70,261,254,0,0,132,0,0,19.5,15.9,15.1
2026-02-03T22:40:05Z,0,0,0,0,0,0,18.7,849.9,18.9,19.1,71.1,260,253,0,0,132,0,0,19.1,15.6,14.7
2026-02-03T22:55:10Z,0,0,0,0,0,0,18.5,849.8,18.7,18.9,71.9,260,254,0,0,132,0,0,18.8,15.5,14.5
2026-02-03T23:10:16Z,0,0,0,0,0,0,18.3,849.8,18.5,18.6,72.6,260,253,0,0,132,0,0,18.5,15.3,14.2
2026-02-03T23:25:21Z,0,0,0,0,0,0,17.9,849.6,17.9,18.1,74.3,260,254,0,0,132,0,0,18.1,15.1,13.8
2026-02-03T23:40:26Z,0,0,0,0,0,0,17.5,849.5,17.6,17.8,74.8,258,254,0,0,132,0,0,17.7,14.8,13.4
2026-02-03T23:55:31Z,0,0,0,0,0,0,17.1,849.3,17.1,17.4,76.9,260,253,0,0,132,0,0,17.3,14.7,13.1
2026-02-04T00:00:33Z,0,0,0,0,0,0,17,849.4,17.1,17.3,77.1,259,254,0,0,132,0,0,17.2,14.6,13
2026-02-04T00:15:56Z,0,0,0,0,0,0,16.7,849.5,16.9,17.2,77.8,261,253,0,0,132,0,0,17.1,14.5,12.8
2026-02-04T00:31:01Z,0,0,0,0,0,0,16.7,849.6,16.8,17.1,78.1,260,253,0,0,132,0,0,17,14.5,12.8
2026-02-04T00:46:06Z,0,0,0,0,0,0,16.6,849.5,16.8,17.1,78.6,261,253,0,0.1,132,0.4,0.4,17,14.6,12.8
2026-02-04T01:01:11Z,0,0,0,0,0,0,16.4,849.6,16.6,16.8,78.4,261,253,0,0,132,0,0,16.7,14.3,12.5
2026-02-04T01:16:16Z,0,0,0,0,0,0,16,849.6,16.2,16.5,79.9,259,254,0,0,132,0,0,16.3,14.1,12.1
2026-02-04T01:31:21Z,0,0,0,0,0,0,15.9,849.5,16.2,16.3,80.7,260,254,0,0,132,0.2,0.2,16.2,14.1,12
2026-02-04T01:46:26Z,0,0,0,0,0,0,15.7,849.6,16.1,16.2,81.5,261,253,0,0.2,131,0.4,0.4,16.1,14,11.9
2026-02-04T02:01:32Z,0,0,0,0,0,0,15.7,849.6,16,16,81.8,260,254,0,0,132,0,0,15.9,13.9,11.7
2026-02-04T02:16:37Z,0,0,0,0,0,0,15.5,849.8,15.8,15.9,82.5,260,253,0,0,132,0,0,15.8,13.9,11.6
2026-02-04T02:32:00Z,0,0,0,0,0,0,15.4,849.9,15.8,15.8,83.3,260,253,0,0.2,132,0.4,0.4,15.7,13.9,11.6
2026-02-04T02:47:05Z,0,0,0,0,0,0,15.8,849.8,16.2,16.1,81.9,261,253,0,0,132,0.2,0.2,16.1,14,11.9
2026-02-04T03:02:10Z,0,0,0,0,0,0,15.8,849.9,16.1,16.2,82.1,260,254,0,0.4,132,0.9,0.9,16.1,14.1,11.9
2026-02-04T03:17:15Z,0,0,0,0,0,0,16.1,849.7,16.4,16.5,81.3,260,252,0,0.9,84,1.7,1.7,16.4,14.3,12.2
2026-02-04T03:32:21Z,0,0,0,0,0,0,16.1,850,16.3,16.4,82.3,262,270,0,0.5,88,1.1,1.1,16.4,14.4,12.1
2026-02-04T03:47:26Z,0,0,0,0.1,0,0,15.8,850.3,16.1,16,83.2,268,342,0,0,32,0,0,16,14.1,11.8
2026-02-04T04:02:31Z,0,0,0,0.2,0,0,15.6,850.4,15.9,16,83.7,284,498,0,0,32,0,0,15.9,14.1,11.7
2026-02-04T04:17:36Z,0,0,0,0.3,0,0,16.1,850.4,16.3,16.5,83.2,309,826,0,0.1,33,0.4,0.4,16.4,14.5,12.2
2026-02-04T04:32:42Z,0,0,0,0.3,0,0,16.8,850.6,16.9,17.1,81.4,311,816,0,0.1,50,0.2,0.2,17.1,14.9,12.8
2026-02-04T04:48:03Z,0,0,0,0.2,0,0,16.9,850.8,16.9,17.3,82.1,297,653,0,0.1,50,0.4,0.4,17.2,15.2,13
2026-02-04T05:03:09Z,0,0,0,0.2,0,0,16.8,851,16.9,17.3,82.1,299,684,0,0.6,87,1.1,1.1,17.2,15.1,13
2026-02-04T05:18:14Z,0,0,0,0.3,0,0,16.9,851.2,17,17.4,82.7,321,918,0,1,101,1.5,1.5,17.3,15.3,13.1
2026-02-04T05:33:19Z,0,0,0,0.5,0,0,17.3,851.2,17.4,17.8,82.8,352,1256,0,0.1,89,0.9,0.9,17.7,15.7,13.5
2026-02-04T05:48:24Z,0,0,0,0.6,0,0,18.1,851.4,18.2,18.5,81.2,365,1400,0,0.1,121,0.4,0.4,18.6,16.3,14.3
2026-02-04T06:03:30Z,0,0,0,0.9,0,0,18.3,851.5,18.4,18.9,79.9,425,2046,0,0.6,74,1.3,1.3,18.9,16.4,14.5
2026-02-04T06:18:35Z,0,0,0,1.2,0,0,19.4,851.6,19.5,19.8,77.2,489,2757,0,0,90,0.2,0.2,19.8,17,15.4
2026-02-04T06:33:41Z,0,0,0,1.1,0,0,20.4,851.6,20.5,21,71.1,464,2454,0,0.8,96,1.7,1.7,21,17.3,16.4
2026-02-04T06:49:09Z,0,0,0,1.7,0,0,21.8,851.5,21.8,22.3,66.8,566,3584,0,0.5,46,1.1,1.1,22.3,18,17.5
2026-02-04T07:04:14Z,0,0,0,3.1,0,0,21.3,851.3,21.2,22,66.4,841,6680,0,1.4,89,2.8,2.8,22,17.7,17.3
2026-02-04T07:19:19Z,0,0,0,0.9,0,0,22.4,851.1,22.2,22.9,61.5,418,1856,0,0.4,63,1.1,1.1,22.9,17.8,18
2026-02-04T07:34:24Z,0,0,0,1,0,0,23.6,850.9,23.5,23.9,57,452,2197,0,0.9,56,2.4,2.4,23.9,18.1,18.9
2026-02-04T07:50:16Z,0,0,0,3.7,0,0,23.7,850.7,23.4,24.3,53.5,951,7832,0,1,67,2.8,2.8,24.2,17.9,19.1
2026-02-04T08:05:17Z,0,0,0,3.8,0,0,25.4,850.3,25.1,25.9,50.7,969,7935,0,0.5,63,0.9,0.9,25.9,18.9,20.4
2026-02-04T08:21:15Z,0,0,0,3.8,0,0,26.5,850,25.9,26.8,48.6,956,7779,0,0.3,63,1.1,1.1,27.1,19.3,21.4
2026-02-04T08:37:13Z,0,0,0,3.9,0,0,25.9,849.7,25.8,26.7,46.8,980,8044,0,1.4,122,2.6,2.6,26.7,18.9,21
2026-02-04T08:52:18Z,0,0,0,4,0,0,25.9,849.6,25.7,26.7,46.9,996,8203,0,0.7,126,1.7,1.7,27,19,21.3
2026-02-04T09:07:25Z,0,0,0,4,0,0,27,849.2,26.7,27.7,44.3,1007,8330,0,1.5,68,2.4,2.4,27.7,19.3,21.8
2026-02-04T09:23:22Z,0,0,0,4.1,0,0,26.9,848.8,26.6,27.7,45.4,1016,8398,0,0.7,63,1.3,1.3,27.7,19.5,21.8
2026-02-04T09:38:28Z,0,0,0,4.2,0,0,27.2,848.5,26.9,28.1,42.2,1032,8599,0,2.5,76,5,5,28,19.3,22
2026-02-04T09:54:18Z,0,0,0,4.2,0,0,27.2,848.2,27.1,28.1,43,1034,8626,0,1.5,91,2.6,2.6,28,19.5,22
2026-02-04T10:09:23Z,0,0,0,4.1,0,0,29.1,847.9,28.9,29.7,39.3,1029,8554,0,1.4,95,3.3,3.3,29.3,20.1,22.9
2026-02-04T10:24:28Z,0,0,0,4.1,0,0,28.6,847.5,28.9,29.5,37.7,1023,8490,0,0.7,119,3,3,28.9,19.6,22.6
2026-02-04T10:39:33Z,0,0,0,4,0,0,29.1,847.3,29,30.1,36.3,1007,8306,0,1.3,63,2,2,29.4,19.8,23
2026-02-04T10:54:39Z,0,0,0,3.9,0,0,29.3,846.9,29.3,30.3,34.8,987,8088,0,1.8,81,3.1,3.1,29.5,19.6,23.1
2026-02-04T11:09:44Z,0,0,0,3.8,0,0,29.7,846.5,29.5,30.6,32.7,968,7897,0,2.5,81,5,5,29.6,19.4,23.1
2026-02-04T11:24:49Z,0,0,0,3.6,0,0,30.5,846.3,30.4,31.5,31.1,927,7460,0,1.8,81,5.2,5.2,30.3,19.7,23.6
2026-02-04T11:39:54Z,0,0,0,3.5,0,0,30.9,846.3,30.9,32,32,912,7292,0,0.9,49,2,2,31.1,20.3,24.1
2026-02-04T11:55:24Z,0,0,0,3.2,0,0,30,846.2,29.9,31.1,32.5,857,6677,0,1.3,72,2,2,30.1,19.8,23.5
2026-02-04T12:10:30Z,0,0,0,3.1,0,0,30.6,845.9,30.6,31.9,31.3,834,6444,0,2.1,71,5.2,5.2,30.8,20.1,24
2026-02-04T12:25:34Z,0,0,0,2.8,0,0,29.7,845.7,29.8,30.9,32.8,787,5937,0,0.7,47,1.5,1.5,29.9,19.6,23.3
2026-02-04T12:40:40Z,0,0,0,2.6,0,0,29.9,845.6,30.4,31,32.3,741,5428,0,1.6,107,3.9,3.9,29.9,19.6,23.4
2026-02-04T12:56:27Z,0,0,0,2.4,0,0,30.6,845.4,30.6,31.9,32.5,699,4981,0,0.9,128,2.8,2.8,30.9,20.3,24
2026-02-04T13:12:03Z,0,0,0,2.1,0,0,30.1,845.3,30.2,31.3,31.5,648,4446,0,0.8,147,2,2,30.2,19.7,23.5
2026-02-04T13:27:28Z,0,0,0,1.8,0,0,30.2,845.3,30.2,31.5,30.5,596,3885,0,1.5,64,3.7,3.7,30.3,19.6,23.6
2026-02-04T13:42:37Z,0,0,0,1.5,0,0,30.2,845.3,30.3,31.5,31,545,3353,0,1.4,92,5.2,5.2,30.4,19.8,23.7
2026-02-04T13:57:42Z,0,0,0,1.3,0,0,29.7,845.2,29.9,31,33.6,504,2915,0,1.4,66,3.9,3.9,30,19.9,23.4
2026-02-04T14:13:41Z,0,0,0,1,0,0,29.1,845.2,29.3,30.2,34.9,452,2338,0,1.4,72,3.1,3.1,29.3,19.6,23
2026-02-04T14:28:44Z,0,0,0,0.3,0,0,28.3,845.2,28.3,28.8,36.5,311,664,0,1.1,82,2.6,2.6,28.1,18.8,22.1
2026-02-04T14:44:41Z,0,0,0,0.2,0,0,27.9,845.4,27.9,28.2,36,301,571,0,1.1,110,2.4,2.4,27.6,18.2,21.7
2026-02-04T14:59:54Z,0,0,0,0.2,0,0,27.3,845.5,27.4,27.6,35,294,517,0,1.3,133,3.7,3.7,27.1,17.6,21.3
2026-02-04T15:15:42Z,0,0,0,0.2,0,0,27,845.6,27.1,27.2,34.4,285,447,0,1.7,115,3,3,26.8,17.2,21.1
2026-02-04T15:31:08Z,0,0,0,0.1,0,0,26.5,845.8,26.6,26.8,34.1,274,369,0,1.3,94,3.3,3.3,26.6,16.8,21
2026-02-04T15:46:13Z,0,0,0,0,0,0,25.9,845.8,26.1,26.2,34.5,263,285,0,0.7,72,2,2,26,16.4,20.6
2026-02-04T16:01:35Z,0,0,0,0,0,0,25.5,845.8,25.6,25.7,36.1,262,256,0,0.4,76,1.1,1.1,25.5,16.3,20.2
2026-02-04T16:16:52Z,0,0,0,0,0,0,24.9,846,25.1,25.2,38.5,260,253,0,0.5,71,0.9,0.9,25,16.3,19.8
2026-02-04T16:31:57Z,0,0,0,0,0,0,24.6,846.3,24.8,24.9,39.3,259,253,0,0.8,70,1.6,1.6,24.7,16.2,19.5
2026-02-04T16:47:02Z,0,0,0,0,0,0,24.2,846.5,24.4,24.5,41.3,258,253,0,0.5,77,1.1,1.1,24.3,16.2,19.2
2026-02-04T17:02:51Z,0,0,0,0,0,0,24.1,846.7,24.2,24.3,42.6,261,253,0,0.4,69,0.7,0.7,24.1,16.3,19.1
2026-02-04T17:17:57Z,0,0,0,0,0,0,23.9,846.7,24,24.1,44.1,259,254,0,0.6,69,1.3,1.3,24,16.4,18.9
2026-02-04T17:33:03Z,0,0,0,0,0,0,23.5,846.9,23.7,23.8,45.8,259,254,0,0.9,72,1.7,1.7,23.6,16.3,18.7
2026-02-04T17:48:08Z,0,0,0,0,0,0,23.2,847.2,23.4,23.5,47.9,260,255,0,0.9,67,2.6,2.6,23.3,16.4,18.4
2026-02-04T18:04:02Z,0,0,0,0,0,0,22.9,847.4,23.1,23.2,49.3,260,253,0,0.5,73,1.3,1.3,23.1,16.4,18.2
2026-02-04T18:19:08Z,0,0,0,0,0,0,22.7,847.8,22.9,23,50.6,259,252,0,0.4,71,0.9,0.9,22.8,16.3,18
2026-02-04T18:34:13Z,0,0,0,0,0,0,22.3,847.9,22.4,22.6,52,260,253,0,0.8,70,2,2,22.4,16.2,17.7
2026-02-04T18:49:19Z,0,0,0,0,0,0,21.9,848.1,22.1,22.2,53.7,261,254,0,0.2,61,0.4,0.4,22,16.1,17.3
2026-02-04T19:04:41Z,0,0,0,0,0,0,21.4,848.3,21.6,21.8,55.2,260,253,0,0,61,0.2,0.2,21.6,15.9,17
2026-02-04T19:19:46Z,0,0,0,0,0,0,20.9,848.5,21,21.2,56.5,260,253,0,0.1,61,0.7,0.7,21.1,15.6,16.5
2026-02-04T19:34:52Z,0,0,0,0,0,0,20.4,848.5,20.5,20.7,58.7,260,253,0,0.3,61,0.7,0.7,20.5,15.4,16
2026-02-04T19:49:57Z,0,0,0,0,0,0,20.5,848.5,20.8,20.8,59.1,260,253,0,0.4,67,1.4,1.4,20.6,15.6,16.1
2026-02-04T20:05:02Z,0,0,0,0,0,0,20.2,848.6,20.4,20.6,60.1,261,253,0,0.4,67,0.9,0.9,20.4,15.5,15.9
2026-02-04T20:20:07Z,0,0,0,0,0,0,20.1,848.8,20.2,20.4,61,261,254,0,0,67,0,0,20.3,15.5,15.8
2026-02-04T20:35:13Z,0,0,0,0,0,0,20,848.8,20.1,20.3,61.6,261,253,0,0,67,0,0,20.1,15.5,15.7
2026-02-04T20:50:39Z,0,0,0,0,0,0,19.9,848.9,20,20.2,61.9,261,253,0,0,67,0,0,20,15.4,15.6
2026-02-04T21:05:45Z,0,0,0,0,0,0,19.6,848.7,19.8,19.9,63.4,260,254,0,0,67,0,0,19.8,15.4,15.4
2026-02-04T21:20:50Z,0,0,0,0,0,0,19.6,848.6,19.8,20,64,261,252,0,0,67,0,0,19.8,15.5,15.4
2026-02-04T21:35:55Z,0,0,0,0,0,0,19.5,848.6,19.8,19.9,64.6,260,253,0,0,67,0,0,19.8,15.5,15.4
2026-02-04T21:51:01Z,0,0,0,0,0,0,19.6,848.5,19.9,20,64.7,260,252,0,0,67,0.2,0.2,19.9,15.7,15.5
2026-02-04T22:06:07Z,0,0,0,0,0,0,20,848.4,20.3,20.4,64.1,260,253,0,0.5,67,1.6,1.6,20.3,15.9,15.8
2026-02-04T22:22:05Z,0,0,0,0,0,0,20.2,848.2,20.5,20.6,64,260,254,0,0.5,67,1.1,1.1,20.5,16.1,16
2026-02-04T22:37:11Z,0,0,0,0,0,0,20.4,848.1,20.5,20.7,64.2,259,255,0,0.1,67,0.2,0.2,20.6,16.2,16.1
2026-02-04T22:52:17Z,0,0,0,0,0,0,20.3,847.9,20.5,20.7,64.2,260,253,0,0.3,67,0.9,0.9,20.6,16.2,16.1
2026-02-04T23:07:22Z,0,0,0,0,0,0,20.2,848,20.3,20.4,64.6,261,254,0,0,67,0,0,20.3,16,15.8
2026-02-04T23:22:45Z,0,0,0,0,0,0,19.7,848,19.8,20,66,261,253,0,0.1,67,0.4,0.4,19.8,15.7,15.4
2026-02-04T23:37:51Z,0,0,0,0,0,0,19.3,847.8,19.4,19.6,67.1,260,253,0,0,67,0,0,19.5,15.6,15.1
2026-02-04T23:52:56Z,0,0,0,0,0,0,18.8,847.7,19,19,69.1,261,253,0,0,67,0,0,18.9,15.3,14.6
2026-02-05T00:00:59Z,0,0,0,0,0,0,18.5,847.7,18.6,18.7,69.6,260,252,0,0,67,0,0,18.6,15.1,14.3
2026-02-05T00:16:04Z,0,0,0,0,0,0,17.9,847.8,18.1,18.2,71,259,255,0,0,67,0,0,18,14.7,13.8
2026-02-05T00:31:10Z,0,0,0,0,0,0,17.4,847.9,17.5,17.8,72.6,260,252,0,0,67,0,0,17.6,14.5,13.4
2026-02-05T00:46:15Z,0,0,0,0,0,0,17.3,847.9,17.4,17.6,73.2,260,252,0,0,67,0,0,17.5,14.5,13.3
2026-02-05T01:01:20Z,0,0,0,0,0,0,17.2,848.1,17.4,17.6,73.3,261,254,0,0,67,0,0,17.5,14.4,13.2
2026-02-05T01:16:26Z,0,0,0,0,0,0,17.8,848.4,18,18.1,72.3,261,253,0,0.1,67,0.4,0.4,18,14.8,13.7
2026-02-05T01:31:51Z,0,0,0,0,0,0,18.7,848.4,18.9,18.9,69.7,261,254,0,0.1,67,0.4,0.4,18.8,15.2,14.4
2026-02-05T01:46:56Z,0,0,0,0,0,0,18.8,848.7,18.9,19.2,71,258,254,0,0,202,0,0,19.1,15.6,14.7
2026-02-05T02:02:01Z,0,0,0,0,0,0,18.4,848.7,18.6,18.9,73,261,253,0,0.3,171,0.9,0.9,18.8,15.6,14.5
2026-02-05T02:17:02Z,0,0,0,0,0,0,18.1,848.9,18.2,18.5,75.2,260,253,0,0.2,171,0.7,0.7,18.5,15.5,14.2
2026-02-05T02:32:53Z,0,0,0,0,0,0,18.1,848.9,18.2,18.5,76.2,260,254,0,0.3,171,1.1,1.1,18.4,15.6,14.1
2026-02-05T02:47:58Z,0,0,0,0,0,0,18.1,849,18.3,18.5,76.3,260,254,0,0,171,0,0,18.4,15.6,14.1
2026-02-05T03:03:03Z,0,0,0,0,0,0,18.1,849.1,18.2,18.5,78.2,260,253,0,0.4,171,0.9,0.9,18.5,15.9,14.2
2026-02-05T03:18:08Z,0,0,0,0,0,0,18.1,849.1,18.2,18.5,79.8,261,253,0,0.3,171,0.4,0.4,18.5,16.1,14.2
2026-02-05T03:33:14Z,0,0,0,0,0,0,18.1,849.2,18.2,18.5,80.9,261,264,0,1.2,77,2,2,18.5,16.2,14.2
2026-02-05T03:48:19Z,0,0,0,0,0,0,18.2,849.4,18.2,18.6,81.9,265,305,0,0,74,0.2,0.2,18.6,16.4,14.3
2026-02-05T04:03:24Z,0,0,0,0.1,0,0,18.1,849.5,18.2,18.5,82.5,281,529,0,0.2,74,0.9,0.9,18.6,16.4,14.2
2026-02-05T04:18:29Z,0,0,0,0.2,0,0,18.3,849.6,18.4,18.6,82.3,298,748,0,0.9,73,2,2,18.7,16.5,14.4
2026-02-05T04:33:35Z,0,0,0,0.3,0,0,18.6,849.5,18.8,19,81.3,318,929,0,0.8,70,1.3,1.3,19.1,16.7,14.7
2026-02-05T04:48:57Z,0,0,0,0.4,0,0,19,849.7,19.1,19.4,79.9,338,1192,0,0.6,72,1.1,1.1,19.4,16.9,15
2026-02-05T05:04:03Z,0,0,0,0.5,0,0,19.5,849.9,19.6,19.9,76.9,348,1245,0,1.1,67,2.2,2.2,20,17.1,15.5
2026-02-05T05:19:08Z,0,0,0,0.9,0,0,19.4,850,19.6,19.8,77.3,415,1976,0,0.1,128,0.4,0.4,19.9,17,15.4
2026-02-05T05:34:13Z,0,0,0,0.4,0,0,19.8,850.2,19.8,20.3,74.7,334,1092,0,1,67,1.7,1.7,20.3,17.2,15.8
2026-02-05T05:49:18Z,0,0,0,0.5,0,0,19.7,850.2,19.6,19.9,74.8,344,1202,0,0.3,43,0.9,0.9,19.9,16.8,15.5
2026-02-05T06:04:23Z,0,0,0,0.6,0,0,20,850.3,19.9,20.1,73.9,367,1428,0,0.4,350,1.3,1.3,20.1,16.9,15.6
2026-02-05T06:19:28Z,0,0,0,0.9,0,0,21.1,850.1,21,21.3,70.6,432,2105,0,0.2,44,1.2,1.2,21.3,17.5,16.7
2026-02-05T06:34:33Z,0,0,0,0.8,0,0,21.3,850.2,21.3,21.6,68.2,396,1729,0,0.8,58,1.5,1.5,21.6,17.5,17
2026-02-05T06:49:39Z,0,0,0,2.9,0,0,24.3,850,24.2,24.3,58.6,805,6220,0,0,69,0.2,0.2,24.3,18.7,19.2
2026-02-05T07:05:00Z,0,0,0,0.9,0,0,25.8,850,25.3,26,49.7,420,1806,0,1.4,66,3.3,3.3,26,18.8,20.5
2026-02-05T07:20:21Z,0,0,0,3.2,0,0,25.5,849.8,25.1,26,49,854,6675,0,1.7,58,3.5,3.5,26,18.7,20.5
2026-02-05T07:36:07Z,0,0,0,3.9,0,0,26.6,849.7,26.4,27.3,46.5,993,8302,0,0,71,0.4,0.4,27.5,19.4,21.7
2026-02-05T07:51:12Z,0,0,0,3.9,0,0,25.5,849.6,25.6,26.4,46.5,989,8230,0,1.1,56,3.1,3.1,26.3,18.6,20.8
2026-02-05T08:06:17Z,0,0,0,3.9,0,0,26,849.5,25.8,26.5,45.1,978,8002,0,1.6,68,3,3,26.5,18.5,20.9
2026-02-05T08:21:22Z,0,0,0,4.3,0,0,27,849.5,26.6,27.6,44,1052,8784,0,0.9,75,1.4,1.4,27.5,19.2,21.7
2026-02-05T08:36:27Z,0,0,0,4.1,0,0,26.4,849.2,26.2,27.3,43.8,1014,8413,0,1,113,2,2,27.3,18.9,21.5
2026-02-05T08:51:32Z,0,0,0,2.9,0,0,26.8,849.1,26.6,27.5,42.8,797,5862,0,0.9,73,2.3,2.3,27.4,18.9,21.6
2026-02-05T09:06:38Z,0,0,0,4.4,0,0,27.8,848.9,27.1,27.8,41.8,1079,9100,0,2.3,51,3.7,3.7,27.6,19,21.8
2026-02-05T09:22:07Z,0,0,0,4.3,0,0,27.3,848.7,27.3,28.1,40.6,1054,8764,0,1.2,102,4.1,4.1,27.8,19.1,21.9
2026-02-05T09:37:12Z,0,0,0,4.3,0,0,27.7,848.4,27.5,28.6,37.7,1057,8815,0,2.3,96,4.2,4.2,28,18.9,22
2026-02-05T09:52:17Z,0,0,0,4.2,0,0,27.7,847.8,27.7,28.5,38,1038,8620,0,0.3,53,1.3,1.3,28,18.9,22
2026-02-05T10:07:23Z,0,0,0,4.2,0,0,29.8,847.5,29.5,30.2,34.4,1039,8585,0,1.4,37,2.8,2.8,29.3,19.4,22.9
2026-02-05T10:22:28Z,0,0,0,4,0,0,28.5,847.2,28.2,29.3,35.1,1009,8300,0,1.7,60,3.5,3.5,28.5,18.9,22.4
2026-02-05T10:38:08Z,0,0,0,4,0,0,29.1,847,28.9,29.9,35.6,1011,8292,0,0.4,105,1.5,1.5,29.1,19.5,22.8
2026-02-05T10:53:13Z,0,0,0,4,0,0,29.2,846.7,28.8,30,35,1000,8186,0,1.7,80,2.8,2.8,29.1,19.4,22.8
2026-02-05T11:08:19Z,0,0,0,3.8,0,0,29.7,846.6,29.7,30.7,34,966,7797,0,1.4,68,4.1,4.1,29.9,19.8,23.3
2026-02-05T11:23:24Z,0,0,0,3.7,0,0,29.3,846.5,29.2,30.5,33.7,945,7611,0,1.2,112,3.5,3.5,29.6,19.6,23.1
2026-02-05T11:38:29Z,0,0,0,3.5,0,0,31.6,846.3,31.6,32.7,30.3,914,7260,0,0.9,49,1.7,1.7,31.6,20.5,24.5
2026-02-05T11:53:34Z,0,0,0,3.3,0,0,29.7,846.2,30,30.6,32.2,868,6796,0,0.9,70,2.4,2.4,29.6,19.3,23.1
2026-02-05T12:10:03Z,0,0,0,3.1,0,0,30.1,845.9,30.4,31.2,33.2,828,6348,0,1.5,179,4.6,4.6,30.3,20,23.6
2026-02-05T12:25:28Z,0,0,0,2.9,0,0,30.2,845.8,30.6,31.3,30.9,804,6132,0,0.4,134,0.9,0.9,30.2,19.6,23.5
2026-02-05T12:40:33Z,0,0,0,2.8,0,0,29.6,845.7,30,30.7,33.4,776,5831,0,0.9,140,2.4,2.4,29.7,19.6,23.2
2026-02-05T12:55:38Z,0,0,0,2.4,0,0,30.2,845.7,30.6,31.4,32.5,707,5048,0,0.7,136,2.2,2.2,30.5,20,23.7
2026-02-05T13:10:43Z,0,0,0,2.2,0,0,29.9,845.7,30.4,31,32.6,675,4772,0,0.5,173,1.2,1.2,30,19.7,23.4
2026-02-05T13:25:48Z,0,0,0,1.7,0,0,29.4,845.6,29.8,30.5,32.6,573,3725,0,0.6,110,1.4,1.4,29.4,19.3,23
2026-02-05T13:40:53Z,0,0,0,1.3,0,0,29.2,845.6,29.4,30.5,32.2,503,2920,0,0.4,136,1.7,1.7,29.4,19.2,23
2026-02-05T13:55:59Z,0,0,0,1,0,0,28.5,845.7,28.7,29.4,32.9,449,2303,0,1.2,109,2.9,2.9,28.4,18.6,22.3
2026-02-05T14:11:39Z,0,0,0,0.9,0,0,28.1,845.7,28.4,29.1,32.2,419,1973,0,1,149,3.3,3.3,28.1,18.1,22.1
2026-02-05T14:26:45Z,0,0,0,0.5,0,0,27.8,845.7,27.9,28.2,33.1,344,1089,0,0.6,137,1.3,1.3,27.4,17.7,21.6
2026-02-05T14:41:51Z,0,0,0,0.4,0,0,27.4,845.8,27.6,27.8,32.7,324,876,0,0.2,112,0.9,0.9,27.1,17.3,21.4
2026-02-05T14:56:56Z,0,0,0,0.3,0,0,26.9,845.9,27.1,27.3,35,311,746,0,0.9,78,3.3,3.3,26.8,17.3,21.2
2026-02-05T15:12:01Z,0,0,0,0.2,0,0,26.2,846.1,26.4,26.7,38.8,297,607,0,1.5,109,4.4,4.4,26.5,17.5,21
2026-02-05T15:27:06Z,0,0,0,0.2,0,0,25.6,846.5,25.8,26,41.8,285,547,0,1.8,95,4.8,4.8,25.8,17.5,20.4
2026-02-05T15:42:12Z,0,0,0,0.1,0,0,25.2,846.6,25.3,25.5,43.7,267,320,0,0.4,80,1.5,1.5,25.4,17.4,20.1
2026-02-05T15:57:35Z,0,0,0,0,0,0,24.6,846.7,24.8,25,47.3,261,258,0,0.5,182,0.9,0.9,24.8,17.5,19.6
2026-02-05T16:12:41Z,0,0,0,0,0,0,24.2,846.8,24.4,24.5,49.1,261,254,0,1,84,3,3,24.4,17.5,19.3
2026-02-05T16:27:47Z,0,0,0,0,0,0,23.9,846.9,24.1,24.2,50.2,259,253,0,1.1,93,2.8,2.8,24.1,17.4,19.1
2026-02-05T16:43:45Z,0,0,0,0,0,0,23.6,847,23.8,23.9,50.8,261,254,0,1.3,81,3.3,3.3,23.8,17.2,18.8
2026-02-05T16:58:51Z,0,0,0,0,0,0,23.3,847.4,23.4,23.6,48.3,261,253,0,1.8,76,3.3,3.3,23.4,16.5,18.5
2026-02-05T17:14:17Z,0,0,0,0,0,0,23.1,847.7,23.2,23.4,48.7,260,253,0,0.9,97,2.6,2.6,23.2,16.4,18.3
2026-02-05T17:29:44Z,0,0,0,0,0,0,22.8,848,23,23.1,50.4,260,253,0,0.8,93,2,2,23,16.5,18.1
2026-02-05T17:45:07Z,0,0,0,0,0,0,22.5,848.3,22.7,22.8,51.5,259,254,0,0.1,131,0.7,0.7,22.7,16.4,17.9
2026-02-05T18:00:07Z,0,0,0,0,0,0,22.1,848.7,22.2,22.5,53.5,259,254,0,0.2,79,0.9,0.9,22.3,16.3,17.6
2026-02-05T18:15:49Z,0,0,0,0,0,0,21.9,848.9,22.1,22.2,55.4,261,253,0,0.5,114,1.3,1.3,22.1,16.4,17.4
2026-02-05T18:31:18Z,0,0,0,0,0,0,21.7,849,21.9,22,56.9,261,254,0,1.6,75,3.3,3.3,21.8,16.4,17.2
2026-02-05T18:47:11Z,0,0,0,0,0,0,21.6,849,21.8,21.9,58.3,259,253,0,0,92,0.2,0.2,21.8,16.5,17.1
2026-02-05T19:02:14Z,0,0,0,0,0,0,21.4,849,21.6,21.8,60.1,260,253,0,2.1,94,4.4,4.4,21.7,16.6,17.1
2026-02-05T19:17:51Z,0,0,0,0,0,0,21.1,849,21.2,21.5,62.3,261,254,0,0.9,79,2.3,2.3,21.4,16.6,16.8
2026-02-05T19:32:53Z,0,0,0,0,0,0,20.8,849.1,20.9,21.2,63.5,261,253,0,1.1,83,2,2,21.1,16.5,16.5
2026-02-05T19:48:12Z,0,0,0,0,0,0,20.5,849.2,20.6,20.9,64.9,260,253,0,0.5,86,1.3,1.3,20.8,16.4,16.3
2026-02-05T20:03:18Z,0,0,0,0,0,0,20.2,849.3,20.4,20.6,66.3,260,253,0,0.1,75,0.4,0.4,20.6,16.4,16.1
2026-02-05T20:18:18Z,0,0,0,0,0,0,20,849.5,20.2,20.4,67.5,260,252,0,0,106,0.4,0.4,20.4,16.4,15.9
2026-02-05T20:33:23Z,0,0,0,0,0,0,19.8,849.7,20,20.2,68.2,260,253,0,0.8,93,1.3,1.3,20.1,16.3,15.7
2026-02-05T20:48:49Z,0,0,0,0,0,0,19.8,849.8,20,20.2,68.5,260,253,0,0.1,105,0.2,0.2,20.1,16.3,15.7
2026-02-05T21:03:54Z,0,0,0,0,0,0,19.8,849.7,20,20.2,68.5,259,254,0,0.8,79,1.5,1.5,20.1,16.3,15.7
2026-02-05T21:18:59Z,0,0,0,0,0,0,19.8,849.6,20,20.2,68.7,260,253,0,0.3,86,0.7,0.7,20.2,16.3,15.7
2026-02-05T21:34:05Z,0,0,0,0,0,0,19.9,849.6,20.1,20.2,68.8,261,253,0,0.3,84,0.9,0.9,20.2,16.4,15.7
2026-02-05T21:49:43Z,0,0,0,0,0,0,19.9,849.4,20,20.2,68.9,259,254,0,0.3,102,0.9,0.9,20.2,16.3,15.7
2026-02-05T22:04:51Z,0,0,0,0,0,0,19.6,849.2,19.8,20,69.5,261,252,0,0.4,108,0.7,0.7,20,16.3,15.5
2026-02-05T22:19:56Z,0,0,0,0,0,0,19.5,849.1,19.6,19.9,70,260,253,0,0.1,95,0.7,0.7,19.8,16.2,15.4
2026-02-05T22:35:01Z,0,0,0,0,0,0,19.4,849,19.6,19.8,70.4,260,254,0,0.2,103,0.7,0.7,19.7,16.1,15.3
2026-02-05T22:50:07Z,0,0,0,0,0,0,19.4,848.9,19.6,19.8,70.4,260,253,0,0,85,0,0,19.7,16.1,15.3
2026-02-05T23:05:12Z,0,0,0,0,0,0,19.4,849,19.6,19.8,70.3,259,254,0,0,108,0.2,0.2,19.7,16.1,15.3
2026-02-05T23:20:17Z,0,0,0,0,0,0,19.4,849,19.6,19.8,70.4,260,252,0,0,108,0,0,19.7,16.1,15.3
2026-02-05T23:35:22Z,0,0,0,0,0,0,19.3,848.9,19.5,19.7,70.7,260,252,0,0,108,0.2,0.2,19.7,16.1,15.2
2026-02-05T23:50:27Z,0,0,0,0,0,0,19.2,848.8,19.3,19.6,70.9,261,252,0,0,108,0,0,19.5,16,15.1
2026-02-06T00:00:31Z,0,0,0,0,0,0,19,849,19.2,19.4,71.7,260,253,0,0.1,108,0.4,0.4,19.4,16,15
2026-02-06T00:15:53Z,0,0,0,0,0,0,18.8,848.9,18.9,19.2,72.8,261,253,0,0,108,0.2,0.2,19.1,15.8,14.7
2026-02-06T00:30:59Z,0,0,0,0,0,0,18.5,849,18.6,18.9,74,260,254,0,0,108,0.2,0.2,18.8,15.7,14.5
2026-02-06T00:46:04Z,0,0,0,0,0,0,18.3,849.1,18.4,18.6,75.2,258,253,0,0.2,108,0.7,0.7,18.6,15.6,14.2
2026-02-06T01:01:09Z,0,0,0,0,0,0,18.1,849.2,18.3,18.5,75.8,261,253,0,0,108,0,0,18.5,15.6,14.2
2026-02-06T01:16:14Z,0,0,0,0,0,0,17.9,849.1,18.1,18.4,76,259,253,0,0,108,0,0,18.3,15.5,14
2026-02-06T01:31:19Z,0,0,0,0,0,0,17.6,849.2,17.8,18,77.6,260,254,0,0,108,0,0,17.9,15.3,13.7
2026-02-06T01:46:24Z,0,0,0,0,0,0,17.4,849.3,17.6,17.9,78.3,261,253,0,0,108,0,0,17.8,15.3,13.5
2026-02-06T02:01:29Z,0,0,0,0,0,0,17.3,849.4,17.5,17.8,78.8,260,254,0,0,108,0,0,17.7,15.2,13.4
2026-02-06T02:16:34Z,0,0,0,0,0,0,17.2,849.4,17.4,17.6,79.7,259,254,0,0,108,0,0,17.5,15.2,13.3
2026-02-06T02:31:57Z,0,0,0,0,0,0,17,849.5,17.2,17.4,79.8,259,253,0,0,108,0,0,17.4,15,13.1
2026-02-06T02:47:02Z,0,0,0,0,0,0,16.9,849.6,17.1,17.4,80.4,261,254,0,0,108,0,0,17.3,15,13.1
2026-02-06T03:02:07Z,0,0,0,0,0,0,16.8,849.6,17,17.2,81.1,260,254,0,0,108,0,0,17.1,15,12.9
2026-02-06T03:17:13Z,0,0,0,0,0,0,16.6,849.6,16.7,16.9,81.8,260,254,0,0,108,0,0,16.8,14.8,12.6
2026-02-06T03:32:18Z,0,0,0,0,0,0,16.3,849.7,16.4,16.7,82.3,261,261,0,0,108,0,0,16.7,14.7,12.4
2026-02-06T03:47:23Z,0,0,0,0.1,0,0,16.2,849.8,16.4,16.6,83.5,266,299,0,0.1,107,0.2,0.2,16.5,14.7,12.3
2026-02-06T04:02:29Z,0,0,0,0.1,0,0,16.6,850.2,16.8,17,81.6,277,436,0,0,100,0.2,0.2,16.9,14.8,12.7
2026-02-06T04:17:34Z,0,0,0,0.2,0,0,16.9,850.3,17,17.3,80.8,291,547,0,0,104,0,0,17.2,15,13
2026-02-06T04:33:04Z,0,0,0,0.3,0,0,17.5,850.4,17.6,17.7,80,314,792,0,0.3,115,0.9,0.9,17.7,15.3,13.4
2026-02-06T04:48:10Z,0,0,0,0.5,0,0,18.3,850.5,18.2,18.4,78.3,349,1235,0,0.3,115,0.9,0.9,18.3,15.8,14
2026-02-06T05:03:15Z,0,0,0,0.6,0,0,18.6,850.8,18.6,18.8,76.7,359,1318,0,0.7,87,1.3,1.3,18.8,16,14.5
2026-02-06T05:18:20Z,0,0,0,0.5,0,0,18.8,850.9,18.9,19.1,76.2,351,1172,0,0.2,109,0.7,0.7,19.1,16.2,14.8
2026-02-06T05:33:25Z,0,0,0,0.8,0,0,19.5,851.1,19.6,19.8,74.2,397,1780,0,0.7,109,1.3,1.3,19.8,16.6,15.3
2026-02-06T05:48:30Z,0,0,0,0.9,0,0,20.9,851.1,20.7,20.9,70.3,424,1969,0,0.8,64,1.3,1.3,20.8,17.1,16.3
2026-02-06T06:03:35Z,0,0,0,0.7,0,0,21,851.2,21,21.3,68.3,380,1513,0,0.2,104,1.1,1.1,21.3,17.3,16.7
2026-02-06T06:19:09Z,0,0,0,0.8,0,0,21.5,851.4,21.3,21.8,64.9,403,1731,0,0.6,65,1.5,1.5,21.8,17.3,17.1
2026-02-06T06:34:14Z,0,0,0,2.5,0,0,21.7,851.3,21.7,22.1,63,727,5418,0,1.7,69,2.8,2.8,22.1,17.3,17.4
2026-02-06T06:49:19Z,0,0,0,3,0,0,23.2,851.4,23,23.7,59.7,807,6323,0,0.8,41,1.3,1.3,23.7,18.3,18.7
2026-02-06T07:04:23Z,0,0,0,3.2,0,0,22.4,851.3,22.3,23.1,58.4,856,6914,0,1.3,85,2.4,2.4,23,17.6,18.2
2026-02-06T07:19:28Z,0,0,0,3.3,0,0,23.8,851.1,23.6,24.5,53,868,6907,0,0.7,84,2.6,2.6,24.5,18,19.3
2026-02-06T07:34:33Z,0,0,0,3.2,0,0,25.1,851,24.9,25.5,49.5,862,6795,0,0.9,67,2.6,2.6,25.4,18.3,20.1
2026-02-06T07:49:38Z,0,0,0,3.4,0,0,25.5,850.6,25.2,26.1,48.5,889,7047,0,1,87,2.2,2.2,26.1,18.7,20.6
2026-02-06T08:04:43Z,0,0,0,3.5,0,0,24.9,850.5,24.5,25.4,47.4,914,7348,0,1.5,55,2.8,2.8,25.3,17.9,20
2026-02-06T08:19:48Z,0,0,0,3.6,0,0,26,850.4,25.9,26.6,43.8,926,7413,0,1.1,155,2,2,26.5,18.3,20.9
2026-02-06T08:35:11Z,0,0,0,3.7,0,0,27.1,850.1,26.8,27.3,41.6,942,7565,0,1,19,2.2,2.2,27.2,18.6,21.4
2026-02-06T08:50:16Z,0,0,0,3.6,0,0,26.4,849.9,26.8,27.2,41.1,931,7449,0,1.2,195,3.3,3.3,27,18.4,21.3
2026-02-06T09:05:20Z,0,0,0,3.9,0,0,27.8,849.7,27.8,28.4,37.2,977,7937,0,1.1,72,2.6,2.6,27.8,18.6,21.9
2026-02-06T09:20:25Z,0,0,0,3.9,0,0,26.9,849.5,26.6,27.7,36.5,993,8137,0,1.8,89,3.5,3.5,27.2,18,21.5
2026-02-06T09:35:44Z,0,0,0,3.9,0,0,28.7,849.3,28.6,29.4,35.9,985,8016,0,1.3,76,3.7,3.7,28.6,19.2,22.5
2026-02-06T09:51:23Z,0,0,0,3.9,0,0,27.6,849,27.9,28.4,37.7,982,7992,0,1.4,70,2.2,2.2,27.8,18.7,21.9
2026-02-06T10:06:28Z,0,0,0,3.8,0,0,27.2,849,27.2,28,38.8,967,7822,0,0.9,91,2.2,2.2,27.6,18.6,21.7
2026-02-06T10:21:33Z,0,0,0,3.9,0,0,28,848.7,27.8,29,36.8,984,8010,0,1.7,64,3.5,3.5,28.4,19,22.3
2026-02-06T10:36:38Z,0,0,0,3.9,0,0,28.3,848.6,28.2,29.3,37.5,992,8054,0,1,76,2.2,2.2,28.7,19.4,22.5
2026-02-06T10:51:44Z,0,0,0,3.8,0,0,28.2,848.3,28.1,29.3,37.8,969,7810,0,1.6,85,3.7,3.7,28.7,19.4,22.5
2026-02-06T11:06:49Z,0,0,0,3.7,0,0,28.5,848,28.6,29.5,36.2,946,7580,0,3.2,82,5.5,5.5,28.7,19.3,22.5
2026-02-06T11:22:25Z,0,0,0,3.7,0,0,29.4,847.9,29.4,30.3,35,942,7545,0,1.6,57,2.6,2.6,29.5,19.7,23
2026-02-06T11:37:50Z,0,0,0,3.5,0,0,29.6,847.7,29.4,30.6,34.5,914,7230,0,0.9,334,1.7,1.7,29.8,19.8,23.3
2026-02-06T11:52:55Z,0,0,0,3.3,0,0,29.4,847.3,29.3,30.7,34.2,872,6824,0,2.2,92,4.6,4.6,29.8,19.8,23.3
2026-02-06T12:08:00Z,0,0,0,2.9,0,0,28.6,847.3,28.6,29.5,36.4,803,6083,0,0.2,89,0.7,0.7,28.8,19.4,22.6
2026-02-06T12:23:05Z,0,0,0,2.7,0,0,30.1,847.1,30.1,30.9,33.6,769,5681,0,1.1,176,2.8,2.8,30,19.8,23.4
2026-02-06T12:38:10Z,0,0,0,2.5,0,0,29.8,846.8,30.2,30.9,33,717,5163,0,0.6,88,2.6,2.6,29.9,19.7,23.3
2026-02-06T12:53:16Z,0,0,0,2.1,0,0,30.4,846.8,30.6,31.8,30.6,650,4441,0,1,83,3.1,3.1,30.6,19.8,23.8
2026-02-06T13:08:21Z,0,0,0,1.9,0,0,30.1,846.7,30.2,31.1,31.4,602,3912,0,0.8,100,3.3,3.3,30,19.6,23.4
2026-02-06T13:24:10Z,0,0,0,1.8,0,0,29.5,846.7,29.7,30.8,31.6,601,3958,0,1.1,143,2.8,2.8,29.7,19.3,23.2
2026-02-06T13:39:16Z,0,0,0,1.6,0,0,28.6,846.7,28.9,29.7,31.8,559,3497,0,2.1,90,4.4,4.4,28.6,18.5,22.4
2026-02-06T13:54:21Z,0,0,0,1.1,0,0,28,846.7,28.4,28.9,32.2,457,2371,0,1,138,2.6,2.6,27.9,18,22
2026-02-06T14:09:27Z,0,0,0,1,0,0,27.7,846.7,27.9,28.6,31.9,441,2241,0,0.4,83,1.7,1.7,27.7,17.7,21.8
2026-02-06T14:24:31Z,0,0,0,0.6,0,0,27,846.8,27.2,27.6,31.9,366,1357,0,0.1,55,0.7,0.7,26.9,16.9,21.2
2026-02-06T14:39:57Z,0,0,0,0.3,0,0,26.7,846.8,26.8,27,31.1,320,840,0,0.8,120,2,2,26.5,16.3,20.9
2026-02-06T14:55:02Z,0,0,0,0.3,0,0,26.4,846.8,26.5,26.8,32.8,308,731,0,1.6,94,3.3,3.3,26.6,16.5,21
2026-02-06T15:10:07Z,0,0,0,0.2,0,0,26,847.2,26.1,26.4,34,298,629,0,0.1,95,0.4,0.4,26.2,16.4,20.7
2026-02-06T15:26:02Z,0,0,0,0.1,0,0,25.5,847.4,25.6,25.9,36.3,283,482,0,2.4,74,4.6,4.6,25.7,16.4,20.3
2026-02-06T15:41:02Z,0,0,0,0.1,0,0,25,847.6,25.2,25.3,39.4,266,326,0,1.4,79,2.4,2.4,25.1,16.6,19.9
2026-02-06T15:56:07Z,0,0,0,0,0,0,24.5,847.9,24.6,24.8,42,261,260,0,1.8,85,3.1,3.1,24.6,16.6,19.5
2026-02-06T16:11:11Z,0,0,0,0,0,0,24.1,848.1,24.2,24.4,45.2,262,254,0,0.3,77,1.1,1.1,24.2,16.7,19.2
2026-02-06T16:26:16Z,0,0,0,0,0,0,23.8,848.5,23.9,24.1,47.2,262,253,0,0.7,73,1.3,1.3,23.9,16.8,18.9
2026-02-06T16:41:21Z,0,0,0,0,0,0,23.5,848.7,23.6,23.8,50.1,261,254,0,1.4,78,2.2,2.2,23.7,17,18.7
2026-02-06T16:57:06Z,0,0,0,0,0,0,23.2,848.9,23.3,23.5,52.3,262,253,0,0.3,102,0.9,0.9,23.4,17,18.4
2026-02-06T17:12:23Z,0,0,0,0,0,0,22.8,849.4,22.9,23.1,53.9,262,253,0,2,75,4.2,4.2,23,16.9,18.1
2026-02-06T17:28:07Z,0,0,0,0,0,0,22.5,849.7,22.7,22.9,54.9,261,254,0,0.6,69,2,2,22.7,16.9,17.9
2026-02-06T17:43:13Z,0,0,0,0,0,0,22.2,849.8,22.4,22.5,56.1,260,254,0,0.3,77,1.1,1.1,22.4,16.8,17.7
2026-02-06T17:58:18Z,0,0,0,0,0,0,22,850.1,22.1,22.3,57,259,254,0,0.4,69,0.9,0.9,22.2,16.7,17.5
2026-02-06T18:13:23Z,0,0,0,0,0,0,21.8,850.3,22,22.1,58,259,253,0,0.6,60,2,2,22,16.7,17.3
2026-02-06T18:28:25Z,0,0,0,0,0,0,21.6,850.6,21.8,21.9,58.8,260,252,0,1.1,74,2,2,21.8,16.6,17.1
2026-02-06T18:44:24Z,0,0,0,0,0,0,21.4,850.7,21.6,21.7,59.6,261,255,0,0.5,78,1.3,1.3,21.6,16.5,17
2026-02-06T18:59:32Z,0,0,0,0,0,0,21.2,851,21.3,21.5,60.6,260,253,0,0.5,70,0.9,0.9,21.4,16.4,16.8
2026-02-06T19:14:32Z,0,0,0,0,0,0,20.9,851.2,21.1,21.2,61.7,261,253,0,0.8,52,1.5,1.5,21.1,16.3,16.6
2026-02-06T19:30:22Z,0,0,0,0,0,0,20.7,851.4,20.9,21.1,62.2,262,255,0,0,91,0.2,0.2,21,16.3,16.4
2026-02-06T19:45:48Z,0,0,0,0,0,0,20.3,851.5,20.5,20.7,62.8,259,252,0,0.6,86,1.3,1.3,20.6,16,16.1
2026-02-06T20:01:17Z,0,0,0,0,0,0,20.1,851.6,20.4,20.5,63.6,259,254,0,0,91,0,0,20.4,15.9,15.9
2026-02-06T20:16:23Z,0,0,0,0,0,0,20,851.8,20.2,20.3,64.1,260,254,0,0,79,0,0,20.2,15.8,15.7
2026-02-06T20:32:16Z,0,0,0,0,0,0,20.1,851.8,20.3,20.5,64.5,260,253,0,0,78,0,0,20.4,16,15.9
2026-02-06T20:47:20Z,0,0,0,0,0,0,20.1,851.8,20.3,20.5,64.5,261,253,0,0,78,0.2,0.2,20.4,16,15.9
2026-02-06T21:03:18Z,0,0,0,0,0,0,20.2,851.7,20.3,20.5,64.1,259,254,0,0.1,78,0.4,0.4,20.4,16,15.9
2026-02-06T21:18:22Z,0,0,0,0,0,0,20.2,851.7,20.4,20.6,64.1,259,253,0,0,88,0,0,20.5,16.1,16
2026-02-06T21:34:21Z,0,0,0,0,0,0,19.9,851.6,20,20.3,65,259,254,0,0.3,126,0.7,0.7,20.1,15.9,15.7
2026-02-06T21:50:19Z,0,0,0,0,0,0,19.5,851.4,19.7,19.9,66.3,260,254,0,0.2,86,0.7,0.7,19.7,15.7,15.3
2026-02-06T22:05:33Z,0,0,0,0,0,0,19.2,851.3,19.4,19.5,67.5,259,253,0,0.2,113,0.9,0.9,19.4,15.5,15
2026-02-06T22:20:39Z,0,0,0,0,0,0,18.9,851.3,19.1,19.2,68.4,259,254,0,0,113,0,0,19.1,15.3,14.7
2026-02-06T22:35:44Z,0,0,0,0,0,0,18.8,851.2,19,19.2,68.9,260,253,0,0,113,0,0,19.1,15.4,14.7
2026-02-06T22:50:49Z,0,0,0,0,0,0,18.8,851.1,18.9,19.1,69.4,261,253,0,0,113,0,0,19,15.4,14.6
2026-02-06T23:05:55Z,0,0,0,0,0,0,18.5,851,18.6,18.8,69.8,261,253,0,0,113,0,0,18.7,15.1,14.4
2026-02-06T23:21:18Z,0,0,0,0,0,0,18.3,850.9,18.5,18.6,70.7,260,254,0,0,113,0.2,0.2,18.5,15.1,14.2
2026-02-06T23:36:23Z,0,0,0,0,0,0,18.5,850.9,18.8,19,70,261,252,0,0,113,0.2,0.2,18.9,15.3,14.5
2026-02-06T23:51:29Z,0,0,0,0,0,0,18.7,850.8,18.9,19.1,69.4,260,254,0,0.5,78,0.9,0.9,19,15.4,14.7
2026-02-07T00:00:32Z,0,0,0,0,0,0,18.7,850.7,18.9,19.1,69.5,261,254,0,0,66,0,0,19,15.4,14.7
2026-02-07T00:15:37Z,0,0,0,0,0,0,18.6,850.4,18.8,19,69.7,261,253,0,0,66,0,0,18.9,15.3,14.6
2026-02-07T00:30:42Z,0,0,0,0,0,0,18.3,850.3,18.4,18.5,71.3,260,254,0,0,66,0,0,18.4,15,14.1
2026-02-07T00:45:47Z,0,0,0,0,0,0,17.9,850.3,17.9,18.2,72.3,261,254,0,0,66,0,0,18,14.8,13.8
2026-02-07T01:00:52Z,0,0,0,0,0,0,17.6,850.3,17.8,18,72.9,261,254,0,0,66,0.2,0.2,17.8,14.7,13.6
2026-02-07T01:15:57Z,0,0,0,0,0,0,17.3,850.4,17.5,17.7,73.8,261,254,0,0,66,0,0,17.6,14.6,13.3
2026-02-07T01:31:20Z,0,0,0,0,0,0,17.4,850.5,17.7,17.9,73.8,260,254,0,0,66,0,0,17.8,14.8,13.5
2026-02-07T01:46:27Z,0,0,0,0,0,0,17.7,850.5,17.9,18.1,73.4,260,254,0,0,66,0,0,18,14.9,13.7
2026-02-07T02:01:32Z,0,0,0,0,0,0,18,850.4,18.2,18.4,72.8,261,253,0,0,66,0,0,18.3,15.1,14
2026-02-07T02:16:38Z,0,0,0,0,0,0,18.2,850.4,18.4,18.6,71.9,261,254,0,0,66,0,0,18.5,15.2,14.2
2026-02-07T02:31:43Z,0,0,0,0,0,0,18,850.6,18.1,18.4,72.9,262,253,0,0,66,0,0,18.3,15.1,14
2026-02-07T02:46:48Z,0,0,0,0,0,0,17.7,850.9,17.8,18,74,259,254,0,0,66,0,0,17.9,14.9,13.6
2026-02-07T03:01:53Z,0,0,0,0,0,0,17.8,850.9,17.9,18.2,73.4,260,255,0,0.1,66,0.7,0.7,18.1,15,13.8
2026-02-07T03:16:58Z,0,0,0,0,0,0,17.8,850.9,17.9,18.1,74.1,260,254,0,0,15,0,0,18,15,13.8
2026-02-07T03:32:03Z,0,0,0,0,0,0,17.7,851,17.9,18.1,74.3,261,259,0,0.1,15,0.4,0.4,18,15,13.7
2026-02-07T03:47:26Z,0,0,0,0,0,0,17.5,851.2,17.7,17.9,75.1,264,290,0,0,15,0,0,17.8,14.9,13.5
2026-02-07T04:02:31Z,0,0,0,0.1,0,0,17.3,851.2,17.4,17.6,76,276,427,0,0,15,0,0,17.5,14.8,13.3
2026-02-07T04:17:36Z,0,0,0,0.2,0,0,17.3,851.4,17.4,17.6,76.1,298,659,0,0,15,0,0,17.5,14.8,13.3
2026-02-07T04:32:42Z,0,0,0,0.3,0,0,17.7,851.5,17.9,18,75.2,323,920,0,0,15,0,0,18,15.1,13.7
2026-02-07T04:47:47Z,0,0,0,0.4,0,0,18.5,851.7,18.6,18.7,73.4,331,1000,0,0,15,0,0,18.7,15.5,14.3
2026-02-07T05:02:52Z,0,0,0,0.5,0,0,19.8,851.8,19.6,19.6,70.2,350,1203,0,0.1,15,0.4,0.4,19.5,15.9,15.1
2026-02-07T05:17:57Z,0,0,0,0.6,0,0,20.7,852,20.6,20.5,67.1,371,1403,0,0.2,16,0.7,0.7,20.5,16.4,16
2026-02-07T05:33:03Z,0,0,0,0.7,0,0,21.7,852.1,21.4,21.5,62.9,383,1507,0,0.1,16,0.4,0.4,21.4,16.7,16.8
2026-02-07T05:48:29Z,0,0,0,1.2,0,0,22.1,852.1,21.6,21.5,61.9,489,2760,0,0.3,15,0.7,0.7,21.5,16.7,16.8
2026-02-07T06:03:37Z,0,0,0,1.6,0,0,24.4,852.1,23.7,23.5,57,566,3587,0,0,4,0,0,23.4,17.7,18.5
2026-02-07T06:18:43Z,0,0,0,2,0,0,25.1,852,25.1,24.8,52.8,636,4374,0,0.2,130,0.4,0.4,24.7,18.2,19.5
2026-02-07T06:33:48Z,0,0,0,2.4,0,0,25.5,851.8,25.4,25.5,50.7,711,5186,0,0,115,0.2,0.2,25.5,18.5,20.1
2026-02-07T06:48:54Z,0,0,0,1.1,0,0,24.9,851.9,24.8,25.4,50.1,462,2268,0,1.5,71,2.6,2.6,25.4,18.4,20
2026-02-07T07:03:59Z,0,0,0,2.8,0,0,26.4,851.7,26.1,26.1,47.3,778,5897,0,0.4,141,1.1,1.1,26.1,18.5,20.6
2026-02-07T07:19:04Z,0,0,0,2.8,0,0,25.2,851.8,25.1,25.5,49.1,784,5925,0,0.3,126,0.7,0.7,25.4,18.3,20.1
2026-02-07T07:34:10Z,0,0,0,3.2,0,0,27,851.7,27.1,27.2,46,857,6743,0,1,74,2,2,27.4,19.3,21.6
2026-02-07T07:49:45Z,0,0,0,3.1,0,0,26.5,851.3,26.1,27.1,45.7,842,6525,0,0.6,45,2.2,2.2,27.2,19,21.4
2026-02-07T08:04:50Z,0,0,0,3.5,0,0,28.5,851.2,28.3,28.5,43.3,911,7269,0,0.3,80,0.9,0.9,28.4,19.8,22.3
2026-02-07T08:19:55Z,0,0,0,3.2,0,0,27.2,851,26.9,28.1,43.1,846,6558,0,0.6,75,2,2,28,19.5,22
2026-02-07T08:35:01Z,0,0,0,3.6,0,0,26.4,850.7,26.8,25.9,47.7,925,7436,0,0.5,189,1.5,1.5,25.8,18.4,20.4
2026-02-07T08:50:06Z,0,0,0,4,0,0,27.4,850.4,27.9,27.6,43.5,995,8132,0,0,145,0.2,0.2,27.5,19.1,21.7
2026-02-07T09:05:11Z,0,0,0,3.9,0,0,28.3,850.1,28.1,28.4,40.1,983,8066,0,0.6,146,1.1,1.1,28,19.2,22
2026-02-07T09:20:47Z,0,0,0,4,0,0,27.6,849.8,27.9,28.3,40.4,1006,8281,0,0.2,173,0.7,0.7,28,19.1,22
2026-02-07T09:36:40Z,0,0,0,3.9,0,0,29,849.4,29.6,29.5,37.4,985,8007,0,0.7,221,1.7,1.7,28.9,19.6,22.7
2026-02-07T09:51:46Z,0,0,0,4,0,0,29.7,849,29.9,30.4,36.9,1002,8238,0,0.2,139,0.9,0.9,29.7,20.1,23.2
2026-02-07T10:07:34Z,0,0,0,4,0,0,28.7,848.8,29,29.5,35.9,1002,8265,0,1,107,3.6,3.6,28.8,19.2,22.6
2026-02-07T10:22:39Z,0,0,0,4,0,0,29.3,848.5,29.4,30.4,32.8,1001,8184,0,1.5,81,2.8,2.8,29.4,19.3,23
2026-02-07T10:37:45Z,0,0,0,4,0,0,31,848.2,30.8,31.9,28.1,997,8156,0,1.9,79,3.4,3.4,30.5,19.3,23.7
2026-02-07T10:52:51Z,0,0,0,3.7,0,0,30.7,847.8,31,31.6,30.2,947,7580,0,1.2,87,2.2,2.2,30.3,19.6,23.6
2026-02-07T11:08:15Z,0,0,0,3.4,0,0,30.9,847.7,30.8,31.9,27.3,891,6933,0,0.2,96,1.4,1.4,30.4,19.1,23.7
2026-02-07T11:23:41Z,0,0,0,3.5,0,0,31.4,847.5,31.6,32.6,27.9,905,7182,0,0.4,137,0.9,0.9,31.3,19.8,24.3
2026-02-07T11:38:47Z,0,0,0,3.2,0,0,31.4,847.4,31.4,32.6,27.3,863,6744,0,0.9,39,1.3,1.3,31.1,19.6,24.2
2026-02-07T11:53:52Z,0,0,0,3.1,0,0,31.5,847.2,31.5,32.4,25.6,842,6503,0,0.8,134,1.5,1.5,30.8,19.1,24
2026-02-07T12:09:18Z,0,0,0,3,0,0,31.2,847,31.1,32,26.8,814,6203,0,1.5,30,2.6,2.6,30.4,19.1,23.7
2026-02-07T12:24:23Z,0,0,0,2.9,0,0,31.7,846.7,32,32.7,25.5,792,5971,0,1,151,1.7,1.7,31.1,19.2,24.1
2026-02-07T12:39:42Z,0,0,0,1,0,0,32.6,846.6,32.4,33.6,24.2,443,2072,0,1.2,64,2.4,2.4,31.9,19.6,24.7
2026-02-07T12:54:51Z,0,0,0,2.4,0,0,31.8,846.5,31.5,32.1,27.6,698,5086,0,0.6,151,1.3,1.3,30.7,19.4,23.9
2026-02-07T13:10:45Z,0,0,0,2.2,0,0,32,846.3,31.6,32.3,29.8,658,4600,0,0.4,268,1.7,1.7,31.1,20,24.1
2026-02-07T13:25:50Z,0,0,0,2,0,0,31.9,846.2,31.5,32.1,30.9,637,4384,0,0.8,3,2,2,31,20.1,24.1
2026-02-07T13:41:30Z,0,0,0,1.7,0,0,32,846.2,31.4,32.2,30.9,578,3721,0,1.1,16,3.3,3.3,31.2,20.2,24.2
2026-02-07T13:56:35Z,0,0,0,1.2,0,0,31.3,846.1,31,31.6,32.1,489,2755,0,0.5,19,1.3,1.3,30.6,20.1,23.8
2026-02-07T14:11:40Z,0,0,0,1,0,0,30.8,846.1,30.6,31.1,33.1,436,2160,0,0.4,267,0.9,0.9,30.2,19.9,23.5
2026-02-07T14:27:36Z,0,0,0,0.6,0,0,29.7,846.2,29.4,29.6,35.5,370,1395,0,0.6,53,2,2,28.8,19.2,22.6
2026-02-07T14:42:41Z,0,0,0,0.6,0,0,29.3,846.4,29.2,29.6,31.3,362,1338,0,1.1,77,2,2,28.4,18.3,22.3
2026-02-07T14:58:32Z,0,0,0,0.3,0,0,28.6,846.4,28.6,29,32.5,312,748,0,0.9,72,2,2,28,18.1,22
2026-02-07T15:13:37Z,0,0,0,0.2,0,0,27.9,846.6,28.1,28.3,34.9,294,561,0,0.3,80,1.1,1.1,27.6,18.1,21.7
2026-02-07T15:28:42Z,0,0,0,0.1,0,0,27.2,846.7,27.3,27.5,37.2,278,426,0,0.5,99,2.4,2.4,27.1,17.9,21.4
2026-02-07T15:43:45Z,0,0,0,0.1,0,0,26.6,846.8,26.7,26.9,38.3,266,303,0,1.3,79,2,2,26.7,17.6,21.1
2026-02-07T15:59:26Z,0,0,0,0,0,0,26.1,847.1,26.3,26.4,39.6,260,258,0,0.5,92,1.7,1.7,26.3,17.5,20.7
2026-02-07T16:14:26Z,0,0,0,0,0,0,25.6,847.4,25.8,25.9,40.8,260,253,0,1.2,95,2.6,2.6,25.8,17.3,20.4
2026-02-07T16:29:32Z,0,0,0,0,0,0,25.3,847.6,25.4,25.5,42.2,261,254,0,0.4,43,1.3,1.3,25.4,17.2,20.1
2026-02-07T16:44:42Z,0,0,0,0,0,0,24.9,847.8,25,25.2,44,258,253,0,1,94,2.4,2.4,25,17.2,19.8
2026-02-07T16:59:47Z,0,0,0,0,0,0,24.5,847.9,24.6,24.8,46.1,260,255,0,0.7,66,1.7,1.7,24.6,17.2,19.5
2026-02-07T17:15:30Z,0,0,0,0,0,0,24.1,848.2,24.2,24.4,48.7,260,253,0,0.6,88,1.1,1.1,24.3,17.3,19.2
2026-02-07T17:30:45Z,0,0,0,0,0,0,23.8,848.6,23.9,24.1,51.3,260,254,0,1.3,75,2.8,2.8,24,17.4,19
2026-02-07T17:45:50Z,0,0,0,0,0,0,23.5,848.8,23.7,23.8,54,260,252,0,0.3,160,1.1,1.1,23.7,17.6,18.8
2026-02-07T18:01:48Z,0,0,0,0,0,0,23.1,849.1,23.2,23.4,57.5,261,253,0,0.6,139,1.1,1.1,23.4,17.7,18.5
2026-02-07T18:16:53Z,0,0,0,0,0,0,22.8,849.3,23,23.1,59.1,261,254,0,1,62,2.2,2.2,23.1,17.7,18.2
2026-02-07T18:32:33Z,0,0,0,0,0,0,22.6,849.7,22.8,22.9,60.2,261,253,0,0.5,87,1,1,22.8,17.6,18
2026-02-07T18:47:49Z,0,0,0,0,0,0,22.3,850,22.4,22.6,61.3,261,252,0,0.4,140,0.9,0.9,22.6,17.5,17.8
2026-02-07T19:03:35Z,0,0,0,0,0,0,22,850.2,22.1,22.3,62.5,260,255,0,0,108,0.2,0.2,22.2,17.4,17.5
2026-02-07T19:18:35Z,0,0,0,0,0,0,21.7,850.5,21.9,22,63.3,262,253,0,0,99,0,0,22,17.3,17.3
2026-02-07T19:33:40Z,0,0,0,0,0,0,21.5,850.8,21.7,21.8,64.4,261,253,0,0.1,115,0.4,0.4,21.8,17.2,17.1
2026-02-07T19:49:35Z,0,0,0,0,0,0,21.2,851,21.4,21.5,65.1,261,252,0,0,115,0,0,21.5,17.1,16.9
2026-02-07T20:04:39Z,0,0,0,0,0,0,21.4,851.2,21.6,21.7,64.7,260,254,0,0,116,0.2,0.2,21.6,17.1,17
2026-02-07T20:19:45Z,0,0,0,0,0,0,21.6,851.4,21.8,21.9,63.7,260,253,0,0.3,97,0.6,0.6,21.9,17.2,17.2
2026-02-07T20:35:44Z,0,0,0,0,0,0,21.6,851.4,21.8,21.9,63.5,259,253,0,0.3,101,0.9,0.9,21.9,17.2,17.2
2026-02-07T20:51:39Z,0,0,0,0,0,0,21.5,851.6,21.7,21.9,64.5,260,253,0,0.3,89,0.7,0.7,21.8,17.3,17.2
2026-02-07T21:07:02Z,0,0,0,0,0,0,21.3,851.6,21.5,21.7,66.2,259,253,0,1,80,1.7,1.7,21.7,17.4,17.1
2026-02-07T21:23:00Z,0,0,0,0,0,0,21.1,851.6,21.2,21.5,66.9,261,253,0,0.4,87,0.9,0.9,21.5,17.3,16.9
2026-02-07T21:38:05Z,0,0,0,0,0,0,20.9,851.4,21.1,21.3,67.7,260,253,0,0.1,28,0.4,0.4,21.3,17.2,16.7
2026-02-07T21:53:41Z,0,0,0,0,0,0,20.7,851.1,20.8,21.1,68.3,260,254,0,1.8,79,2.8,2.8,21,17,16.5
2026-02-07T22:08:46Z,0,0,0,0,0,0,20.5,850.9,20.7,20.9,68.8,259,254,0,0.6,93,2,2,20.9,17,16.3
2026-02-07T22:24:40Z,0,0,0,0,0,0,20.4,850.9,20.4,20.8,69.4,261,253,0,0.1,134,0.4,0.4,20.7,16.9,16.2
2026-02-07T22:40:03Z,0,0,0,0,0,0,20.3,850.8,20.4,20.6,69.8,259,253,0,0.6,87,1.1,1.1,20.6,16.8,16.1
2026-02-07T22:55:04Z,0,0,0,0,0,0,20.3,850.6,20.4,20.6,70.1,259,254,0,0,113,0,0,20.6,16.9,16.1
2026-02-07T23:10:09Z,0,0,0,0,0,0,20.2,850.5,20.4,20.6,70,259,253,0,0.6,105,1.3,1.3,20.6,16.8,16.1
2026-02-07T23:25:36Z,0,0,0,0,0,0,20.1,850.4,20.3,20.5,70.3,260,253,0,0.6,46,1.3,1.3,20.5,16.8,16
2026-02-07T23:40:40Z,0,0,0,0,0,0,20,850.4,20.2,20.4,70.6,262,252,0,0.4,34,0.8,0.8,20.4,16.7,15.9
2026-02-07T23:55:45Z,0,0,0,0,0,0,20,850.4,20.1,20.3,70.8,260,253,0,0.7,96,1.3,1.3,20.3,16.7,15.8
2026-02-08T00:00:47Z,0,0,0,0,0,0,20,850.3,20.1,20.3,70.8,261,254,0,0.4,143,1.5,1.5,20.3,16.7,15.8
2026-02-08T00:15:52Z,0,0,0,0,0,0,19.9,850.2,20.1,20.3,71,260,254,0,0.3,62,0.9,0.9,20.3,16.7,15.8
2026-02-08T00:30:58Z,0,0,0,0,0,0,19.9,850.2,19.9,20.2,71.3,261,253,0,0.6,85,1.3,1.3,20.2,16.7,15.7
2026-02-08T00:46:03Z,0,0,0,0,0,0,19.9,850,20,20.3,71.4,259,253,0,0,97,0,0,20.2,16.7,15.8
2026-02-08T01:01:08Z,0,0,0,0,0,0,19.9,850.2,20,20.2,71.4,260,254,0,0,89,0.2,0.2,20.2,16.7,15.7
2026-02-08T01:16:13Z,0,0,0,0,0,0,19.8,850.2,19.9,20.2,71.8,260,253,0,0.2,95,0.7,0.7,20.2,16.7,15.7
2026-02-08T01:31:18Z,0,0,0,0,0,0,19.8,850.2,19.9,20.1,72.3,260,253,0,0.2,67,0.7,0.7,20.1,16.7,15.7
2026-02-08T01:46:42Z,0,0,2.8,0,0,0,18.5,850.4,17.9,18.3,83.9,261,254,0,0.7,40,1.1,1.1,18.3,16.3,14
2026-02-08T02:01:47Z,0,0,3,0,0,0,17.6,850.6,17.5,17.8,88.1,259,254,0,0,41,0,0,17.8,16.4,13.6
2026-02-08T02:16:52Z,0,0,3,0,0,0,17.4,850.6,17.4,17.6,89.4,259,254,0,0,41,0,0,17.7,16.4,13.4
2026-02-08T02:31:57Z,0,0,3,0,0,0,17.2,850.7,17.1,17.5,89.5,261,253,0,0,41,0,0,17.5,16.2,13.3
2026-02-08T02:47:02Z,0,0,3,0,0,0,17.1,850.7,17.1,17.4,89.9,260,254,0,0,41,0,0,17.5,16.2,13.2
2026-02-08T03:02:07Z,0,0,3,0,0,0,17,850.7,17,17.3,90.3,261,254,0,0,41,0,0,17.4,16.1,13.1
2026-02-08T03:17:12Z,0,0,3,0,0,0,16.9,850.8,17,17.2,90.9,260,253,0,0,41,0,0,17.3,16.2,13.1
2026-02-08T03:32:17Z,0,0,3,0,0,0,16.8,851,16.9,17.1,91.2,261,259,0,0,41,0,0,17.2,16.1,12.9
2026-02-08T03:47:22Z,0,0,3,0,0,0,16.9,851,16.9,17.3,91.5,263,282,0,0,41,0,0,17.4,16.3,13.1
2026-02-08T04:02:45Z,0,0,3.2,0.1,0,0,17.3,851.1,17.2,17.6,91.7,270,354,0,0.2,136,1.1,1.1,17.7,16.6,13.4
2026-02-08T04:17:50Z,0,0,3.2,0.1,0,0,17.3,851.2,17.3,17.6,91.5,282,476,0,0,139,0,0,17.8,16.6,13.5
2026-02-08T04:32:56Z,0,0,3.2,0.3,0,0,17.6,851.3,17.7,17.9,90.9,307,762,0,0,139,0.2,0.2,18,16.8,13.8
2026-02-08T04:48:01Z,0,0,3.2,0.3,0,0,17.6,851.5,17.6,18,87.3,309,776,0,0.6,103,1.3,1.3,18,16.5,13.8
2026-02-08T05:03:06Z,0,0,3.2,0.5,0,0,18.1,851.4,18.2,18.5,84.8,357,1280,0,0,98,0,0,18.5,16.6,14.2
2026-02-08T05:18:11Z,0,0,3.2,0.8,0,0,19,851.6,19,19.2,81.7,403,1782,0,0.3,133,0.7,0.7,19.3,17,14.9
2026-02-08T05:33:17Z,0,0,3.2,0.9,0,0,19.8,851.6,19.9,20,76.8,431,2077,0,0.3,132,0.9,0.9,20,17.1,15.6
2026-02-08T05:48:22Z,0,0,3.2,1.2,0,0,20.5,851.7,20.8,20.4,74.1,480,2600,0,0.1,132,0.4,0.4,20.4,17.2,16
2026-02-08T06:03:27Z,0,0,0,1.8,3.2,0,22.6,851.6,22.4,21.9,71.3,600,3921,0,0.1,132,0.4,0.4,22,18.2,17.3
2026-02-08T06:18:49Z,0,0,0,2.2,3.2,0,23.7,851.5,23.7,22.8,67.8,659,4483,0,0.4,211,1.3,1.3,22.8,18.6,18
2026-02-08T06:33:54Z,0,0,0,1.5,3.2,0,23.7,851.5,23.6,22.7,61.3,542,3186,0,0.5,288,0.9,0.9,22.7,17.6,17.9
2026-02-08T06:49:00Z,0,0,0,0.9,3.2,0,24.5,851.3,24.1,24.3,59.7,435,2072,0,0.2,41,0.9,0.9,24.3,18.8,19.2
2026-02-08T07:04:05Z,0,0,0,1,3.2,0,23,851.2,23.2,22.8,63.2,440,2093,0,0,143,0.2,0.2,22.8,17.9,17.9
2026-02-08T07:19:10Z,0,0,0,3.2,3.2,0,25.6,850.9,25.2,25.1,55.8,845,6681,0,0.2,143,1.1,1.1,25.1,18.9,19.8
2026-02-08T07:34:53Z,0,0,0,0.8,3.2,0,24.1,850.8,23.6,23.4,59.1,397,1591,0,1.1,143,1.5,1.5,23.4,17.9,18.4
2026-02-08T07:49:58Z,0,0,0,3.7,3.2,0,25.7,850.5,25,24.9,53.5,947,7563,0,0.9,143,1.3,1.3,24.8,18.4,19.6
2026-02-08T08:05:03Z,0,0,0,0.9,3.2,0,25.8,850.3,25.7,26,51.5,423,1832,0,0.8,93,2,2,26,19.1,20.5
2026-02-08T08:20:14Z,0,0,0,0.9,3.2,0,25.5,850.1,25.1,26,50,424,1801,0,0.4,96,1.7,1.7,25.9,18.8,20.5
2026-02-08T08:35:20Z,0,0,0,1.3,3.2,0,26.6,849.8,26.4,26.4,47.3,493,2524,0,0.7,316,1.3,1.3,26.4,18.8,20.8
2026-02-08T08:50:25Z,0,0,0,1.5,3.2,0,25.5,849.6,25.8,25.3,49.6,538,2875,0,1.1,258,1.7,1.7,25.2,18.2,19.9
2026-02-08T09:05:30Z,0,0,0,4.5,3.2,0,27.8,849.2,28.2,28.3,43.4,1089,9265,0,0.7,153,1.3,1.3,28.2,19.7,22.1
2026-02-08T09:20:56Z,0,0,0,1,3.2,0,27.7,848.9,27.9,28.2,44.2,446,2166,0,0.5,14,2,2,28.1,19.7,22.1
2026-02-08T09:36:02Z,0,0,0,4.2,3.2,0,27.2,848.8,27,27.7,44.2,1047,8595,0,0.5,43,0.9,0.9,27.7,19.3,21.8
2026-02-08T09:51:07Z,0,0,0,1.2,3.2,0,27.7,848.5,27.9,28.4,43.5,479,2469,0,0.1,196,0.4,0.4,28.3,19.8,22.2
2026-02-08T10:06:32Z,0,0,0,4.9,3.2,0,27.9,848.1,28,28.4,42.8,1169,9911,0,0.7,124,1.5,1.5,28.3,19.7,22.2
2026-02-08T10:22:05Z,0,0,0,4.7,3.2,0,30,847.8,29.9,30.5,40,1141,9621,0,0.3,29,1.5,1.5,30.3,20.9,23.6
2026-02-08T10:37:11Z,0,0,0,2.7,3.2,0,28.8,847.4,28.8,29.6,42,762,5296,0,0.6,63,1.5,1.5,29.4,20.5,23
2026-02-08T10:52:17Z,0,0,0,1.4,3.2,0,28.9,847.2,29.1,29.6,41.5,509,2689,0,0.5,126,1.3,1.3,29.4,20.4,23
2026-02-08T11:07:22Z,0,0,0,4.3,3.2,0,29.6,846.9,29.6,30.4,38.5,1068,8811,0,0.3,118,2,2,30,20.5,23.4
2026-02-08T11:22:27Z,0,0,0,4,3.2,0,28.4,846.7,28.3,29.2,40.7,996,8048,0,1.2,75,3.3,3.3,28.9,19.9,22.6
2026-02-08T11:37:30Z,0,0,0,3.8,3.2,0,30.3,846.3,30,30.8,38,959,7636,0,0.8,58,1.7,1.7,30.4,20.7,23.7
2026-02-08T11:52:36Z,0,0,0,0.7,3.2,0,28.2,846.3,28.6,29,40.4,384,1372,0,0.1,165,0.8,0.8,28.6,19.7,22.5
2026-02-08T12:08:14Z,0,0,0,3.5,3.2,0,29.3,845.9,29.7,30.1,37.9,905,7089,0,0.4,146,1.5,1.5,29.6,20.1,23.1
2026-02-08T12:23:19Z,0,0,0,3.3,3.2,0,29.7,845.9,29.6,30.8,36.7,876,6810,0,1.5,81,2.6,2.6,30.2,20.4,23.6
2026-02-08T12:38:25Z,0,0,0,1,3.2,0,29.1,845.7,29.4,30,38,439,2084,0,2.6,68,4.1,4.1,29.5,20.1,23.1
2026-02-08T12:54:09Z,0,0,0,1,3.2,0,27.9,845.6,28.1,28.4,41.4,445,2100,0,1.2,93,1.7,1.7,28.1,19.4,22.1
2026-02-08T13:09:14Z,0,0,0,0.7,3.2,0,27.3,845.4,27.5,27.9,43,392,1489,0,0,47,0.2,0.2,27.8,19.3,21.9
2026-02-08T13:24:19Z,0,0,0,1.8,3.2,0,27.2,845.5,27.2,27.8,42.3,593,3794,0,2.7,69,5,5,27.6,19.1,21.8
2026-02-08T13:39:25Z,0,0,0,2,3.2,0,28.4,845.4,28.4,29.3,40.6,620,4145,0,1.9,83,3.7,3.7,29,20,22.7
2026-02-08T13:54:30Z,0,0,0,0.5,3.2,0,27.3,845.5,27.4,28.1,42.6,343,951,0,1.6,78,3.3,3.3,27.9,19.4,22
2026-02-08T14:09:32Z,0,0,0,1.2,3.2,0,27.7,845.6,27.9,28.7,42.1,473,2536,0,0.3,121,1.1,1.1,28.5,19.8,22.3
2026-02-08T14:25:32Z,0,0,0,0.5,3.2,0,27.2,845.7,27.3,27.9,42.9,347,1057,0,0.7,59,1.5,1.5,27.8,19.3,21.9
2026-02-08T14:41:12Z,0,0,0,0.3,3.2,0,26.1,846,26.2,26.6,46,306,594,0,2.2,82,5,5,26.6,18.7,21
2026-02-08T14:56:18Z,0,0,0,0.3,3.2,0,25.5,846.2,25.6,25.9,47.5,306,640,0,2,90,5.2,5.2,25.8,18.4,20.4
2026-02-08T15:12:15Z,0,0,0,0.2,3.2,0,25.4,846.4,25.5,25.7,48.1,295,594,0,2.2,59,4.6,4.6,25.7,18.3,20.3
2026-02-08T15:28:13Z,0,0,0,0.1,3.2,0,24.8,846.7,24.9,25.1,51.2,271,312,0,1,66,2,2,25.1,18.3,19.8
2026-02-08T15:43:14Z,0,0,0,0,3.2,0,24.3,847,24.4,24.6,53.1,264,278,0,1.4,58,3.3,3.3,24.5,18.1,19.4
2026-02-08T15:58:19Z,0,0,0,0,3.2,0,24,847.2,24.1,24.3,54.5,261,259,0,1,73,3.5,3.5,24.2,18,19.1
2026-02-08T16:13:27Z,0,0,0,0,3.2,0,23.6,847.2,23.8,23.9,55.9,260,254,0,1.2,80,3.3,3.3,23.8,17.9,18.8
2026-02-08T16:29:21Z,0,0,0,0,3.2,0,23.4,847.4,23.5,23.6,57.4,258,254,0,0.3,47,1.5,1.5,23.6,17.9,18.6
2026-02-08T16:45:15Z,0,0,0,0,3.2,0,23.1,847.6,23.2,23.4,58.4,259,254,0,1.2,94,2.4,2.4,23.4,17.8,18.4
2026-02-08T17:00:18Z,0,0,0,0,3.2,0,22.9,847.8,23.1,23.2,59.7,260,254,0,1.1,90,2.2,2.2,23.2,17.8,18.3
2026-02-08T17:15:39Z,0,0,0,0,3.2,0,22.6,848.1,22.8,22.9,61,261,253,0,1.6,61,3.1,3.1,22.9,17.8,18.1
2026-02-08T17:30:44Z,0,0,0,0,3.2,0,22.4,848.5,22.6,22.8,61.8,260,252,0,0.5,93,1.3,1.3,22.7,17.7,17.9
2026-02-08T17:46:43Z,0,0,0,0,3.2,0,22.1,848.7,22.2,22.4,63.8,259,253,0,0.5,147,0.9,0.9,22.4,17.7,17.6
2026-02-08T18:02:38Z,0,0,0,0,3.2,0,21.9,848.8,22,22.1,64.6,259,254,0,1.2,75,4.1,4.1,22.1,17.6,17.4
2026-02-08T18:18:22Z,0,0,0,0,3.2,0,21.8,849,21.9,22.1,64.7,261,254,0,0.9,64,2,2,22.1,17.5,17.4
2026-02-08T18:33:27Z,0,0,0,0,3.2,0,21.7,849.1,21.8,22,64.4,261,254,0,0.8,78,2,2,22,17.4,17.3
2026-02-08T18:48:49Z,0,0,0,0,3.2,0,21.6,849.2,21.8,22,64.6,260,253,0,1,68,2.4,2.4,21.9,17.4,17.2
2026-02-08T19:04:23Z,0,0,0,0,3.2,0,21.4,849.4,21.6,21.7,65.3,260,253,0,0.8,69,2,2,21.7,17.3,17
2026-02-08T19:20:19Z,0,0,0,0,3.2,0,21.3,849.3,21.4,21.6,65.9,259,254,0,1.5,80,4.1,4.1,21.6,17.2,16.9
2026-02-08T19:35:23Z,0,0,0,0,3.2,0,21.3,849.5,21.4,21.6,66.3,260,254,0,1,67,2,2,21.6,17.3,16.9
2026-02-08T19:50:35Z,0,0,0,0,3.2,0,21.2,849.4,21.4,21.6,67.2,260,252,0,0.5,84,2.4,2.4,21.6,17.4,16.9
2026-02-08T20:05:41Z,0,0,0,0,3.2,0,21.1,849.4,21.2,21.5,68,260,253,0,0.4,119,1.3,1.3,21.5,17.4,16.9
2026-02-08T20:20:46Z,0,0,0,0,3.2,0,21,849.4,21.2,21.4,68.8,261,253,0,0.1,102,0.4,0.4,21.4,17.4,16.8
2026-02-08T20:36:27Z,0,0,0,0,3.2,0,20.9,849.5,21.1,21.3,69.3,259,253,0,0.1,86,0.2,0.2,21.3,17.4,16.7
2026-02-08T20:51:32Z,0,0,0,0,3.2,0,20.9,849.5,21,21.2,69.8,259,253,0,0.8,68,1.5,1.5,21.2,17.4,16.7
2026-02-08T21:06:37Z,0,0,0,0,3.2,0,20.8,849.7,20.9,21.1,70.3,259,253,0,1.4,71,2.5,2.5,21.1,17.4,16.6
2026-02-08T21:21:43Z,0,0,0,0,3.2,0,20.6,849.5,20.8,21,70.9,259,253,0,0.9,97,3.3,3.3,21,17.3,16.5
2026-02-08T21:36:48Z,0,0,0,0,3.2,0,20.5,849.6,20.7,20.9,70.8,260,251,0,1.1,80,2.2,2.2,20.9,17.2,16.4
2026-02-08T21:51:54Z,0,0,0,0,3.2,0,20.4,849.4,20.5,20.7,71.2,260,253,0,1.8,85,3.5,3.5,20.7,17.1,16.2
2026-02-08T22:07:35Z,0,0,0,0,3.2,0,20.2,849.2,20.3,20.5,71.8,260,254,0,0.1,113,0.7,0.7,20.5,17,16
2026-02-08T22:22:38Z,0,0,0,0,3.2,0,19.8,849,20,20.2,72.6,260,252,0,0.8,50,13.7,13.7,20.1,16.8,15.7
2026-02-08T22:37:43Z,0,0,0,0,3.2,0,19.5,848.8,19.6,19.9,73.2,260,254,0,0.2,79,0.7,0.7,19.8,16.5,15.4
2026-02-08T22:52:49Z,0,0,0,0,3.2,0,19.6,848.8,19.7,19.9,72.9,260,253,0,0.6,70,2.6,2.6,19.9,16.6,15.5
2026-02-08T23:07:54Z,0,0,0,0,3.2,0,19.6,848.6,19.8,20,72.7,262,253,0,0.5,155,1.3,1.3,19.9,16.6,15.5
2026-02-08T23:22:59Z,0,0,0,0,3.2,0,19.4,848.4,19.6,19.8,73.2,260,253,0,0.6,85,1.8,1.8,19.8,16.5,15.3
2026-02-08T23:38:22Z,0,0,0,0,3.2,0,19.2,848.3,19.3,19.5,73.9,260,254,0,0.4,106,0.7,0.7,19.5,16.3,15.1
2026-02-08T23:53:27Z,0,0,0,0,3.2,0,18.8,848.2,18.9,19.2,75.1,259,253,0,0.1,138,0.4,0.4,19.1,16.1,14.8
2026-02-09T00:00:29Z,0,0,0,0,3.2,0,18.7,848.2,18.9,19.1,75.3,260,254,0,0.8,39,2.2,2.2,19.1,16.1,14.7
2026-02-09T00:15:35Z,0,0,0,0,3.2,0,18.4,848.3,18.6,18.8,76.5,261,253,0,0,39,0,0,18.8,16,14.4
2026-02-09T00:30:40Z,0,0,0,0,3.2,0,18.2,848.3,18.4,18.5,77.7,260,254,0,0,41,0.4,0.4,18.5,15.9,14.2
2026-02-09T00:45:45Z,0,0,0,0,3.2,0,17.9,848.4,18.1,18.3,78.9,260,253,0,0,41,0,0,18.2,15.7,13.9
2026-02-09T01:00:50Z,0,0,0,0,3.2,0,17.8,848.4,17.9,18.1,79.5,259,254,0,0,41,0,0,18.1,15.7,13.8
2026-02-09T01:15:55Z,0,0,0,0,3.2,0,18.1,848.5,18.3,18.4,79.7,260,253,0,0,96,0,0,18.4,15.9,14.1
2026-02-09T01:31:00Z,0,0,0,0,3.2,0,18.4,848.8,18.6,18.7,78.7,260,254,0,0.7,82,1.3,1.3,18.7,16.1,14.4
2026-02-09T01:46:05Z,0,0,0,0,3.2,0,18.6,848.8,18.8,18.9,78.4,262,253,0,0,127,0.2,0.2,18.9,16.3,14.6
2026-02-09T02:01:28Z,0,0,0,0,3.2,0,18.6,848.9,18.8,19,78.3,260,254,0,0.1,107,0.4,0.4,19,16.3,14.6
2026-02-09T02:16:33Z,0,0,0,0,3.2,0,18.6,848.9,18.8,19,78.1,261,253,0,0.5,103,1.7,1.7,19,16.3,14.6
2026-02-09T02:31:38Z,0,0,0,0,3.2,0,18.7,849.2,18.9,19.1,78,260,253,0,0.6,74,1.7,1.7,19.1,16.4,14.7
2026-02-09T02:46:43Z,0,0,0,0,3.2,0,18.5,849.3,18.7,18.9,78.3,260,253,0,0.6,84,1.1,1.1,18.9,16.3,14.6
2026-02-09T03:01:48Z,0,0,0,0,3.2,0,18.2,849.3,18.4,18.6,79.1,259,254,0,0.4,74,0.9,0.9,18.6,16.1,14.3
2026-02-09T03:16:54Z,0,0,0,0,3.2,0,17.8,849.2,18,18.2,80.4,260,254,0,0.2,93,0.7,0.7,18.2,15.9,13.9
2026-02-09T03:31:59Z,0,0,0,0,3.2,0,17.5,849.4,17.6,17.9,82.1,261,262,0,0.1,93,0.7,0.7,17.9,15.7,13.6
2026-02-09T03:47:04Z,0,0,0,0,3.2,0,17.4,849.7,17.6,17.7,82.7,263,301,0,0.1,93,0.4,0.4,17.7,15.7,13.5
2026-02-09T04:02:10Z,0,0,0,0.1,3.2,0,17.6,849.7,17.8,18,82.6,277,429,0,0,93,0,0,18,15.9,13.7
2026-02-09T04:17:32Z,0,0,0,0.2,3.2,0,18.1,849.8,18.2,18.4,81,290,526,0,0.2,92,0.7,0.7,18.4,16.1,14.1
2026-02-09T04:32:38Z,0,0,0,0.3,3.2,0,18.4,850,18.6,18.8,79.5,318,916,0,0.3,142,1.1,1.1,18.8,16.3,14.5
2026-02-09T04:47:43Z,0,0,0,0.4,3.2,0,18.8,850.2,18.9,19.1,78,334,1094,0,0.8,70,1.7,1.7,19.1,16.5,14.8
2026-02-09T05:02:48Z,0,0,0,0.5,3.2,0,19.4,850.2,19.5,19.7,76.6,357,1334,0,0.4,70,1.7,1.7,19.7,16.8,15.3
2026-02-09T05:17:54Z,0,0,0,0.8,3.2,0,20.3,850.5,20.4,20.5,73.8,409,1877,0,0,168,0.2,0.2,20.5,17.3,16
2026-02-09T05:32:59Z,0,0,0,1.1,3.2,0,21.2,850.5,21.1,21.4,67.8,455,2405,0,1.1,79,2,2,21.4,17.3,16.8
2026-02-09T05:48:05Z,0,0,0,1.7,3.2,0,21.5,850.6,21.5,21.6,67.6,574,3735,0,0.7,75,1.5,1.5,21.6,17.5,17
2026-02-09T06:03:10Z,0,0,0,1.2,0,0,22.4,850.7,22.3,22.3,64.6,481,2492,0,0.3,75,1.3,1.3,22.3,17.7,17.6
2026-02-09T06:18:36Z,0,0,0,2.2,0,0,23.5,850.7,23.2,23.4,60.4,664,4628,0,0.8,70,1.7,1.7,23.4,18.2,18.5
2026-02-09T06:34:05Z,0,0,0,2.9,0,0,24.3,850.8,23.9,24.2,57.3,790,6103,0,0.7,77,1.3,1.3,24.2,18.4,19.1
2026-02-09T06:49:11Z,0,0,0,0.8,0,0,22.7,850.8,22.4,23.1,58.6,410,1727,0,0.9,41,1.5,1.5,23,17.6,18.2
2026-02-09T07:04:37Z,0,0,0,0.7,0,0,22.4,850.8,22.2,22.5,60.8,390,1592,0,0.9,57,2,2,22.5,17.4,17.7
2026-02-09T07:19:53Z,0,0,0,0.8,0,0,22.3,850.7,22.2,22.7,58.8,403,1690,0,1.2,77,2.4,2.4,22.6,17.2,17.8
2026-02-09T07:34:58Z,0,0,0,0.7,0,0,22.8,850.5,22.6,23,54.8,394,1565,0,1.8,56,3.5,3.5,22.9,17,18
2026-02-09T07:50:04Z,0,0,0,1.4,0,0,23.4,850.2,23.4,23.8,54.2,511,2690,0,0.9,57,1.5,1.5,23.7,17.6,18.8
2026-02-09T08:05:09Z,0,0,0,1.2,0,0,24.4,850.2,24.4,24.8,51.1,475,2371,0,0.8,72,2.6,2.6,24.8,18,19.6
2026-02-09T08:20:11Z,0,0,0,3.2,0,0,24,850.2,23.9,24.5,50.6,863,6665,0,0.9,100,2.6,2.6,24.4,17.6,19.3
2026-02-09T08:35:16Z,0,0,0,1.5,0,0,25,849.9,24.9,25.6,46.7,543,3132,0,2.3,81,3.9,3.9,25.5,18,20.2
2026-02-09T08:50:45Z,0,0,0,1.4,0,0,25,849.9,25,25.6,47.1,508,2729,0,1,71,2.4,2.4,25.6,18.1,20.2
2026-02-09T09:05:50Z,0,0,0,4.5,0,0,25.9,849.5,25.9,26.6,44.1,1100,9245,0,1.2,57,2.6,2.6,26.5,18.4,20.9
2026-02-09T09:20:55Z,0,0,0,4.6,0,0,26,849.1,26,26.8,43,1107,9318,0,0.9,77,3.1,3.1,26.9,18.4,21.2
2026-02-09T09:36:50Z,0,0,0,4.4,0,0,26.5,849,26.5,27,43.8,1087,9110,0,2.1,64,4.6,4.6,27.1,18.7,21.4
2026-02-09T09:52:21Z,0,0,0,5,0,0,26.9,848.8,26.7,27.5,41.8,1191,10309,0,2.7,71,5.7,5.7,27.3,18.7,21.5
2026-02-09T10:07:27Z,0,0,0,4.7,0,0,26.9,848.6,26.9,27.7,41.4,1138,9709,0,2.3,94,4.1,4.1,27.5,18.8,21.6
2026-02-09T10:22:32Z,0,0,0,4.3,0,0,27.6,848.4,27.4,28.3,39.2,1054,8693,0,2.1,72,4.1,4.1,27.9,18.9,21.9
2026-02-09T10:37:38Z,0,0,0,4.3,0,0,28.2,847.8,28.1,28.8,39.5,1069,8883,0,0.8,55,2,2,28.4,19.4,22.3
2026-02-09T10:52:43Z,0,0,0,4.1,0,0,28,847.6,27.9,28.9,37.7,1019,8389,0,2,73,3.9,3.9,28.4,19.1,22.3
2026-02-09T11:07:57Z,0,0,0,4.1,0,0,28.7,847.3,28.7,29.5,37.6,1016,8281,0,0.5,138,1.1,1.1,28.9,19.6,22.7
2026-02-09T11:23:16Z,0,0,0,3.9,0,0,29,847,28.8,29.9,36.4,987,7979,0,2.5,57,4.8,4.8,29.2,19.7,22.9
2026-02-09T11:38:21Z,0,0,0,3.6,0,0,28.5,846.7,28.5,29.5,34.9,930,7390,0,2.6,80,4.2,4.2,28.7,19,22.5
2026-02-09T11:53:26Z,0,0,0,3.3,0,0,28.1,846.6,28.1,29.1,35.8,883,6884,0,2.1,101,6.3,6.3,28.3,18.9,22.3
2026-02-09T12:08:32Z,0,0,0,3.1,0,0,28.8,846.3,29.1,29.7,34.6,838,6406,0,0.8,248,1.7,1.7,28.8,19.1,22.6
2026-02-09T12:23:37Z,0,0,0,2.9,0,0,28.3,846.1,28.4,29.4,32.3,802,6048,0,1.3,89,4.4,4.4,28.3,18.4,22.2
2026-02-09T12:38:42Z,0,0,0,2.7,0,0,28.5,845.9,28.6,29.4,32.1,753,5531,0,2.5,72,4.4,4.4,28.4,18.4,22.3
2026-02-09T12:53:47Z,0,0,0,2.4,0,0,29.2,845.9,29.2,30.1,30.2,713,5118,0,1.8,50,3.7,3.7,28.9,18.5,22.6
2026-02-09T13:08:53Z,0,0,0,2.2,0,0,28.5,845.9,28.6,29.5,31.2,673,4674,0,1.2,108,3.9,3.9,28.4,18.3,22.3
2026-02-09T13:23:58Z,0,0,0,1.9,0,0,28.4,846,28.4,29.4,29.6,618,4128,0,2.8,68,4.8,4.8,28.2,17.8,22.1
2026-02-09T13:39:23Z,0,0,0,1.7,0,0,28.5,846.1,28.6,29.6,27.3,574,3641,0,1.7,63,4.1,4.1,28.3,17.5,22.2
2026-02-09T13:54:29Z,0,0,0,1.4,0,0,28.3,846.2,28.5,29.5,27.1,517,3064,0,1.4,79,2.6,2.6,28.1,17.3,22.1
2026-02-09T14:09:34Z,0,0,0,1.1,0,0,27.8,846.2,27.9,28.8,27.1,471,2540,0,1.1,63,2.2,2.2,27.5,16.8,21.7
2026-02-09T14:24:39Z,0,0,0,0.9,0,0,27.6,846.3,27.8,28.3,27.5,419,1977,0,1.7,57,4.6,4.6,27.2,16.5,21.4
2026-02-09T14:39:45Z,0,0,0,0.3,0,0,26.7,846.2,26.8,27.1,29.6,307,632,0,0.4,177,1.3,1.3,26.4,16.1,20.9
2026-02-09T14:54:51Z,0,0,0,0.2,0,0,26.3,846.4,26.4,26.6,26.9,298,548,0,1.5,67,3.3,3.3,26.3,15.2,20.8
2026-02-09T15:10:35Z,0,0,0,0.2,0,0,25.9,846.5,26,26.2,30,291,494,0,1.2,73,2,2,26,15.5,20.5
2026-02-09T15:25:41Z,0,0,0,0.1,0,0,25.4,846.9,25.6,25.8,31.3,281,412,0,1.3,65,2.8,2.8,25.5,15.4,20.2
2026-02-09T15:40:46Z,0,0,0,0.1,0,0,24.9,847.1,25.1,25.2,32.5,269,308,0,0.8,85,1.4,1.4,24.9,15.2,19.7
2026-02-09T15:56:30Z,0,0,0,0,0,0,24.5,847.3,24.6,24.7,34.9,262,261,0,1.6,74,3.3,3.3,24.4,15.3,19.3
2026-02-09T16:11:31Z,0,0,0,0,0,0,24.2,847.5,24.4,24.5,36.6,260,254,0,2,75,3.7,3.7,24.2,15.4,19.1
2026-02-09T16:26:37Z,0,0,0,0,0,0,23.8,847.7,24,24.1,37.9,261,253,0,1,71,2.8,2.8,23.8,15.3,18.8
2026-02-09T16:41:43Z,0,0,0,0,0,0,23.5,847.8,23.6,23.7,40.2,262,254,0,1,58,2.1,2.1,23.5,15.4,18.5
2026-02-09T16:56:48Z,0,0,0,0,0,0,23.1,848.1,23.2,23.4,41.9,260,254,0,0.9,78,1.4,1.4,23.1,15.3,18.2
2026-02-09T17:12:37Z,0,0,0,0,0,0,22.7,848.4,22.9,23,43.5,260,254,0,0.7,76,2.4,2.4,22.7,15.3,17.9
2026-02-09T17:27:59Z,0,0,0,0,0,0,22.3,848.6,22.5,22.6,45.6,261,253,0,0.9,70,1.5,1.5,22.4,15.3,17.6
2026-02-09T17:43:05Z,0,0,0,0,0,0,22.2,848.9,22.4,22.5,47,261,253,0,1,64,2,2,22.2,15.4,17.5
2026-02-09T17:58:54Z,0,0,0,0,0,0,22,849.2,22.2,22.3,48.2,260,253,0,0.8,75,1.7,1.7,22.1,15.4,17.4
2026-02-09T18:14:00Z,0,0,0,0,0,0,21.8,849.4,21.9,22.1,49.1,260,253,0,0.4,42,0.8,0.8,21.9,15.4,17.2
2026-02-09T18:29:42Z,0,0,0,0,0,0,21.4,849.7,21.6,21.7,50.4,259,253,0,0.2,90,1.3,1.3,21.5,15.2,16.9
2026-02-09T18:45:27Z,0,0,0,0,0,0,21.2,849.9,21.4,21.5,51.6,259,252,0,0.7,68,2.4,2.4,21.3,15.2,16.7
2026-02-09T19:02:51Z,0,0,0,0,0,0,21.1,850,21.2,21.4,52.8,260,252,0,0.2,113,0.9,0.9,21.2,15.3,16.6
2026-02-09T19:18:37Z,0,0,0,0,0,0,20.7,850.2,20.9,21,54.2,261,254,0,0.1,54,0.4,0.4,20.8,15.2,16.3
2026-02-09T19:33:43Z,0,0,0,0,0,0,20.4,850.3,20.6,20.7,55.4,260,253,0,0,74,0,0,20.5,15,16
2026-02-09T19:48:49Z,0,0,0,0,0,0,19.9,850.3,20,20.2,57.3,260,253,0,0,74,0.2,0.2,20,14.9,15.6
2026-02-09T20:03:55Z,0,0,0,0,0,0,19.7,850.3,19.9,20,59,261,254,0,0,47,0.2,0.2,19.8,14.9,15.4
2026-02-09T20:19:37Z,0,0,0,0,0,0,19.6,850.4,19.9,20,59.1,261,253,0,0,47,0,0,19.8,14.9,15.4
2026-02-09T20:34:44Z,0,0,0,0,0,0,19.4,850.4,19.6,19.8,59.9,261,254,0,0,47,0,0,19.6,14.8,15.2
2026-02-09T20:49:49Z,0,0,0,0,0,0,19,850.4,19.1,19.3,62.2,260,254,0,0,47,0,0,19.1,14.7,14.8
2026-02-09T21:04:55Z,0,0,0,0,0,0,18.7,850.4,18.9,19.1,63.1,261,253,0,0,47,0,0,18.9,14.6,14.5
2026-02-09T21:20:51Z,0,0,0,0,0,0,18.5,850.3,18.6,18.8,63.8,260,254,0,0,47,0,0,18.6,14.4,14.3
2026-02-09T21:35:57Z,0,0,0,0,0,0,18.3,850.1,18.5,18.7,64.3,261,254,0,0,47,0,0,18.5,14.4,14.2
2026-02-09T21:51:02Z,0,0,0,0,0,0,18.1,849.9,18.3,18.6,64.6,260,253,0,0,47,0,0,18.4,14.3,14.1
2026-02-09T22:06:08Z,0,0,0,0,0,0,18,849.7,18.2,18.4,65.8,260,253,0,0,47,0,0,18.2,14.3,13.9
2026-02-09T22:21:13Z,0,0,0,0,0,0,17.9,849.6,18.1,18.2,65.9,260,253,0,0,47,0,0,18.1,14.2,13.8
2026-02-09T22:36:37Z,0,0,0,0,0,0,17.6,849.3,17.7,17.9,67.5,260,253,0,0,47,0,0,17.7,14,13.4
2026-02-09T22:51:42Z,0,0,0,0,0,0,17.3,849,17.4,17.6,68.4,260,253,0,0,47,0,0,17.4,13.9,13.2
2026-02-09T23:06:43Z,0,0,0,0,0,0,17,849,17.1,17.4,68.7,262,253,0,0,47,0,0,17.2,13.7,12.9
2026-02-09T23:22:39Z,0,0,0,0,0,0,16.9,848.8,17,17.3,69.3,260,254,0,0,47,0,0,17.1,13.7,12.8
2026-02-09T23:37:40Z,0,0,0,0,0,0,16.7,848.8,16.9,17.1,69.2,260,254,0,0,47,0,0,16.9,13.5,12.7
2026-02-09T23:52:40Z,0,0,0,0,0,0,16.5,848.9,16.6,16.9,70,260,252,0,0,47,0,0,16.7,13.4,12.5
2026-02-10T00:01:38Z,0,0,0,0,0,0,16.3,848.8,16.4,16.6,70.8,260,253,0,0,47,0,0,16.4,13.2,12.2
2026-02-10T00:16:39Z,0,0,0,0,0,0,16,848.8,16.3,16.4,71.5,262,253,0,0,47,0,0,16.2,13.1,12
2026-02-10T00:31:39Z,0,0,0,0,0,0,15.8,848.7,16.1,16.2,72.3,261,254,0,0,47,0,0,15.9,13,11.7
2026-02-10T00:46:44Z,0,0,0,0,0,0,15.7,848.9,16,16.1,72.5,260,253,0,0,47,0,0,15.9,12.9,11.7
2026-02-10T01:01:50Z,0,0,0,0,0,0,15.7,848.8,16.1,16.1,72.8,260,253,0,0,47,0,0,15.9,13,11.7
2026-02-10T01:17:42Z,0,0,0,0,0,0,15.5,848.9,15.9,15.9,73.5,261,254,0,0,47,0,0,15.7,12.9,11.5
2026-02-10T01:32:47Z,0,0,0,0,0,0,15.4,849,15.7,15.8,74.3,261,252,0,0,47,0,0,15.5,12.8,11.3
2026-02-10T01:47:53Z,0,0,0,0,0,0,15,849.2,15.3,15.5,74.8,259,254,0,0,47,0,0,15.3,12.6,11.1
2026-02-10T02:03:43Z,0,0,0,0,0,0,15,849.4,15.3,15.5,75.3,261,253,0,0,47,0,0,15.3,12.6,11.1
2026-02-10T02:18:43Z,0,0,0,0,0,0,14.9,849.6,15.3,15.4,75.6,259,254,0,0,47,0,0,15.2,12.6,11
2026-02-10T02:33:43Z,0,0,0,0,0,0,15,849.7,15.3,15.4,76.3,261,253,0,0,47,0,0,15.2,12.7,11
2026-02-10T02:48:48Z,0,0,0,0,0,0,15.3,849.9,15.8,15.8,75.1,260,253,0,0,47,0,0,15.6,12.9,11.4
2026-02-10T03:03:54Z,0,0,0,0,0,0,15.2,849.9,15.6,15.6,75.3,260,254,0,0,47,0,0,15.4,12.8,11.2
2026-02-10T03:18:59Z,0,0,0,0,0,0,14.8,850,15.1,15.2,77.1,259,253,0,0,47,0,0,15,12.6,10.8
2026-02-10T03:34:05Z,0,0,0,0,0,0,14.3,850.2,14.5,14.7,78.4,262,266,0,0,47,0,0,14.5,12.2,10.3
2026-02-10T03:49:10Z,0,0,0,0.1,0,0,13.9,850.3,14.2,14.3,80.2,268,310,0,0,47,0,0,14.1,12.1,9.9
2026-02-10T04:04:16Z,0,0,0,0.1,0,0,13.8,850.4,14.1,14.2,80.4,276,386,0,0,47,0,0,14,12,9.8
2026-02-10T04:19:21Z,0,0,0,0.2,0,0,13.9,850.6,14.3,14.4,80.8,288,472,0,0,47,0,0,14.2,12.2,10
2026-02-10T04:34:46Z,0,0,0,0.2,0,0,14.6,850.7,15,15,78.9,304,616,0,0,47,0,0,14.8,12.6,10.6
2026-02-10T04:49:51Z,0,0,0,0.4,0,0,16,850.8,16.2,16,75.9,337,1026,0,0,47,0.2,0.2,15.8,13.2,11.6
2026-02-10T05:04:56Z,0,0,0,0.5,0,0,17.4,851,17.2,17.1,71.9,344,1061,0,0,47,0,0,17,13.8,12.7
2026-02-10T05:20:02Z,0,0,0,0.4,0,0,18.3,851.2,18.1,18.4,66.4,340,964,0,0.6,47,1.1,1.1,18.2,14.4,13.9
2026-02-10T05:35:08Z,0,0,0,1.1,0,0,19.1,851.4,19.1,19.3,62.3,455,2363,0,0.5,84,1.2,1.2,19.1,14.7,14.8
2026-02-10T05:50:13Z,0,0,0,1.6,0,0,21.3,851.3,20.8,20.8,57.3,559,3514,0,1,77,1.7,1.7,20.7,15.4,16.1
2026-02-10T06:05:35Z,0,0,0,1.9,0,2.4,22.6,851.3,22.1,22.4,52.8,602,3987,0,0.3,108,0.9,0.9,22.3,16.2,17.5
2026-02-10T06:20:49Z,0,0,0,2.1,0,2.4,22.7,851.4,22.4,23,52,648,4504,0,0.5,96,1.5,1.5,22.8,16.5,18
2026-02-10T06:36:33Z,0,0,0,2.4,0,2.4,23.8,851.3,23.7,24,49.2,698,4999,0,0.1,94,0.2,0.2,23.9,17.1,18.9
2026-02-10T06:51:59Z,0,0,0,2.6,0,2.4,24.1,851.1,23.6,24.6,47,742,5468,0,1.8,77,2.8,2.8,24.5,17.2,19.3
2026-02-10T07:07:05Z,0,0,0,2.8,0,2.4,24.8,850.9,24.3,25.1,46.3,784,5914,0,0.9,70,1.5,1.5,24.9,17.5,19.7
2026-02-10T07:22:10Z,0,0,0,3.1,0,2.4,25.8,850.7,25.8,26.1,44,833,6396,0,0.8,106,1.5,1.5,26,18,20.5
2026-02-10T07:37:15Z,0,0,0,3.3,0,2.4,26.4,850.7,26.1,26.9,42.7,874,6842,0,0.8,55,1.7,1.7,26.9,18.4,21.2
2026-02-10T07:52:58Z,0,0,0,3.6,0,2.4,26.1,850.4,25.8,26.5,42.8,925,7374,0,0.3,92,1.2,1.2,26.4,18.1,20.8
2026-02-10T08:08:03Z,0,0,0,3.9,0,2.4,25.5,850.3,25.2,26.3,41.5,981,7982,0,2.6,80,5.2,5.2,26.2,17.7,20.7
2026-02-10T08:23:59Z,0,0,0,3.9,0,2.4,25.9,850.1,25.8,26.6,40,988,8029,0,2.3,76,4.6,4.6,26.5,17.7,20.9
2026-02-10T08:39:04Z,0,0,0,3.9,0,2.4,26.2,849.8,26.1,26.9,39.5,989,8048,0,1.8,78,3.3,3.3,26.8,17.8,21.1
2026-02-10T08:54:43Z,0,0,0,4.2,0,2.4,26.7,849.6,26.7,27.3,38.8,1037,8566,0,1,103,3.3,3.3,27,18,21.3
2026-02-10T09:10:08Z,0,0,0,4.2,0,2.4,26.9,849.2,26.8,27.6,38,1038,8547,0,1.1,71,5.2,5.2,27.2,18.1,21.4
2026-02-10T09:25:13Z,0,0,0,4.3,0,2.4,27.3,849.1,27.3,28.1,36.9,1058,8742,0,1.6,76,4.5,4.5,27.5,18.3,21.7
2026-02-10T09:40:18Z,0,0,0,4.3,0,2.4,27.2,849.1,27.2,28,36.3,1058,8754,0,0.8,84,2.8,2.8,27.4,18.1,21.6
2026-02-10T09:55:24Z,0,0,0,4.2,0,2.4,27.4,848.8,27.3,28.1,36.4,1046,8636,0,1.3,102,3.3,3.3,27.5,18.3,21.7
2026-02-10T10:10:29Z,0,0,0,4.2,0,2.4,27.6,848.6,27.4,28.4,35.6,1046,8628,0,1.3,92,2.6,2.6,27.7,18.3,21.8
2026-02-10T10:25:35Z,0,0,0,4.1,0,2.4,28.2,848.2,28.2,29,34.9,1023,8387,0,2.5,100,5.2,5.2,28.2,18.6,22.1
2026-02-10T10:41:30Z,0,0,0,4.1,0,2.4,28.4,848.1,28.5,29.1,34,1015,8287,0,0.7,169,1.3,1.3,28.3,18.6,22.2
2026-02-10T10:57:15Z,0,0,0,3.9,0,2.4,27.8,847.9,27.7,28.6,33.7,994,8094,0,1.5,103,3.8,3.8,27.8,18.1,21.9
2026-02-10T11:12:20Z,0,0,0,3.9,0,2.4,28.9,847.6,29.2,29.9,32,985,7968,0,1.8,145,3.1,3.1,28.8,18.7,22.6
2026-02-10T11:27:26Z,0,0,0,3.6,0,2.4,28.6,847.4,28.8,29.6,33.3,925,7337,0,1.4,101,3.5,3.5,28.6,18.8,22.5
2026-02-10T11:42:31Z,0,0,0,3.5,0,2.4,28.4,847.2,28.5,29.3,32.6,907,7140,0,2.4,65,3.7,3.7,28.3,18.4,22.2
2026-02-10T11:57:37Z,0,0,0,3.3,0,2.4,29.1,847.1,29.3,30.1,31.5,878,6828,0,0.5,74,0.9,0.9,28.9,18.8,22.7
2026-02-10T12:12:42Z,0,0,0,3.2,0,2.4,29.6,846.9,29.4,30.8,29.5,844,6484,0,1.5,76,2,2,29.5,18.9,23.1
2026-02-10T12:27:48Z,0,0,0,2.8,0,2.4,29.6,846.8,29.8,30.6,29.2,789,5883,0,1.9,86,3.7,3.7,29.2,18.6,22.9
2026-02-10T12:42:53Z,0,0,0,2.6,0,2.4,29.6,846.7,29.7,30.6,29.2,748,5478,0,2.1,57,5.5,5.5,29.3,18.7,22.9
2026-02-10T12:58:16Z,0,0,0,2.4,0,2.4,29.9,846.7,30,31,27.6,701,4965,0,1.7,80,3.5,3.5,29.6,18.6,23.1
2026-02-10T13:13:21Z,0,0,0,2.1,0,2.4,30,846.8,29.9,31.3,26.8,647,4438,0,3.3,81,5.2,5.2,29.7,18.6,23.2
2026-02-10T13:28:26Z,0,0,0,1.8,0,2.4,29.3,846.7,29.6,30.5,28.2,596,3885,0,1.3,67,2,2,29.1,18.3,22.8
2026-02-10T13:44:23Z,0,0,0,1.6,0,2.4,29.1,846.8,29.4,30.1,27.8,551,3377,0,1.2,87,2.2,2.2,28.7,17.9,22.5
2026-02-10T13:59:28Z,0,0,0,1.3,0,2.4,28.6,846.9,28.8,29.7,28.1,500,2861,0,1.6,88,3.9,3.9,28.3,17.7,22.3
2026-02-10T14:15:19Z,0,0,0,1,0,2.4,28.5,847,28.6,29.6,27.8,449,2325,0,2,76,3.9,3.9,28.3,17.6,22.2
2026-02-10T14:30:25Z,0,0,0,0.3,0,2.4,27.7,847.2,27.8,28.1,29.9,317,716,0,0.3,273,0.7,0.7,27.2,16.9,21.4
2026-02-10T14:45:30Z,0,0,0,0.3,0,2.4,27.1,847.3,27.2,27.5,29.4,306,623,0,0.8,95,4.3,4.3,26.7,16.3,21.1
2026-02-10T15:00:36Z,0,0,0,0.2,0,2.4,26.9,847.5,27.1,27.2,29.7,295,525,0,0.7,120,1.7,1.7,26.5,16.2,20.9
2026-02-10T15:15:42Z,0,0,0,0.2,0,2.4,26.5,847.6,26.6,26.8,30.8,291,508,0,0.6,109,2,2,26.5,16.1,21
2026-02-10T15:30:47Z,0,0,0,0.1,0,2.4,26,847.7,26.1,26.3,30.9,279,425,0,1.1,71,2.4,2.4,26.1,15.8,20.6
2026-02-10T15:45:52Z,0,0,0,0,0,2.4,25.5,847.8,25.7,25.8,30.6,264,281,0,2,90,5.7,5.7,25.5,15.3,20.2
2026-02-10T16:00:58Z,0,0,0,0,0,2.4,25.2,847.9,25.4,25.5,31.5,261,258,0,0.7,81,1.1,1.1,25.2,15.2,19.9
2026-02-10T16:16:22Z,0,0,0,0,0,2.4,24.8,848.2,24.9,25.1,32.8,260,254,0,0.6,67,1.7,1.7,24.8,15.2,19.6
2026-02-10T16:31:28Z,0,0,0,0,0,2.4,24.5,848.4,24.6,24.7,34.2,261,253,0,1.1,66,2.4,2.4,24.4,15.1,19.3
2026-02-10T16:46:34Z,0,0,0,0,0,2.4,24.3,848.5,24.4,24.5,35,259,252,0,0.6,69,1.3,1.3,24.2,15.1,19.2
2026-02-10T17:01:39Z,0,0,0,0,0,2.4,24.1,848.6,24.3,24.4,35.9,259,254,0,1,67,1.5,1.5,24.1,15.2,19
2026-02-10T17:17:39Z,0,0,0,0,0,2.4,24,849,24.1,24.2,36.7,259,254,0,0.9,78,2,2,23.9,15.2,18.9
2026-02-10T17:32:45Z,0,0,0,0,0,2.4,23.6,849.1,23.8,23.9,37.9,261,253,0,0.1,78,0.4,0.4,23.6,15.1,18.7
2026-02-10T17:47:51Z,0,0,0,0,0,2.4,23.3,849.2,23.4,23.6,39,260,253,0,0.4,88,0.9,0.9,23.3,15.1,18.4
2026-02-10T18:03:39Z,0,0,0,0,0,2.4,22.9,849.6,23.1,23.2,40.1,261,252,0,0.9,78,1.7,1.7,22.9,15,18.1
2026-02-10T18:19:31Z,0,0,0,0,0,2.4,22.4,849.8,22.6,22.7,41.5,261,255,0,0.2,100,0.7,0.7,22.4,14.8,17.7
2026-02-10T18:34:44Z,0,0,0,0,0,2.4,22.1,850.1,22.3,22.4,42.3,260,253,0,0.8,90,1.7,1.7,22.1,14.7,17.4
2026-02-10T18:49:45Z,0,0,0,0,0,2.4,21.7,850.2,21.9,22,43.6,262,254,0,0.3,92,0.9,0.9,21.7,14.5,17.1
2026-02-10T19:05:27Z,0,0,0,0,0,2.4,21.3,850.4,21.5,21.6,44.9,260,253,0,0.1,82,0.4,0.4,21.3,14.3,16.7
2026-02-10T19:21:00Z,0,0,0,0,0,2.4,21.5,850.4,21.7,21.8,45.3,261,253,0,0.4,90,1.1,1.1,21.5,14.6,16.9
2026-02-10T19:37:00Z,0,0,0,0,0,2.4,21,850.6,21.1,21.3,47.5,260,254,0,0.3,41,0.7,0.7,21,14.4,16.4
2026-02-10T19:52:41Z,0,0,0,0,0,2.4,20.2,850.9,20.3,20.3,50.2,261,253,0,0,33,0,0,20,14,15.6
2026-02-10T20:09:32Z,0,0,0,0,0,2.4,19.2,850.9,19.3,19.4,52.5,260,253,0,0,33,0,0,19.1,13.5,14.7
2026-02-10T20:24:39Z,0,0,0,0,0,2.4,18.8,850.9,18.9,19.1,54.2,260,253,0,0,33,0,0,18.8,13.5,14.5
2026-02-10T20:39:45Z,0,0,0,0,0,2.4,18.2,850.9,18.2,18.5,56.5,261,253,0,0,33,0,0,18.2,13.2,13.9
2026-02-10T20:54:50Z,0,0,0,0,0,2.4,17.7,850.9,17.8,18,58.5,259,254,0,0,33,0,0,17.7,13,13.4
2026-02-10T21:10:05Z,0,0,0,0,0,2.4,17.3,850.9,17.3,17.7,59.6,260,253,0,0,33,0,0,17.4,12.9,13.1
2026-02-10T21:25:28Z,0,0,0,0,0,2.4,17,850.8,17.1,17.4,61.2,260,254,0,0,33,0,0,17.1,12.8,12.8
2026-02-10T21:40:51Z,0,0,0,0,0,2.4,16.7,850.8,16.9,17.1,61.5,260,253,0,0,33,0,0,16.8,12.6,12.6
2026-02-10T21:56:02Z,0,0,0,0,0,2.4,16.4,850.8,16.6,16.9,62.9,260,253,0,0,33,0,0,16.6,12.5,12.4
2026-02-10T22:11:16Z,0,0,0,0,0,2.4,16.3,850.5,16.5,16.7,63.5,261,254,0,0,33,0,0,16.4,12.5,12.2
2026-02-10T22:26:32Z,0,0,0,0,0,2.4,15.9,850.4,16.2,16.3,65.2,261,254,0,0,33,0,0,16,12.3,11.8
2026-02-10T22:41:55Z,0,0,0,0,0,2.4,15.6,850.3,15.9,16.1,66.4,261,253,0,0.1,33,0.4,0.4,15.8,12.2,11.6
2026-02-10T22:57:34Z,0,0,0,0,0,2.4,15.5,850.3,15.9,16,66.7,260,253,0,0.1,32,0.4,0.4,15.7,12.2,11.5
2026-02-10T23:13:34Z,0,0,0,0,0,2.4,15.2,850.2,15.6,15.8,67.7,259,253,0,0,33,0.2,0.2,15.4,12.1,11.3
2026-02-10T23:28:34Z,0,0,0,0,0,2.4,15,850.1,15.4,15.5,68.5,260,253,0,0,33,0,0,15.2,11.9,11
2026-02-10T23:43:40Z,0,0,0,0,0,2.4,15,849.9,15.4,15.4,68.7,260,254,0,0,0,0.2,0.2,15.1,11.9,11
2026-02-10T23:58:45Z,0,0,0,0,0,2.4,15,849.9,15.4,15.5,68.9,260,253,0,0,0,0.2,0.2,15.2,11.9,11
2026-02-11T00:00:46Z,0,0,0,0,0,2.4,14.9,849.9,15.4,15.4,68.8,261,252,0,0,359,0,0,15.1,11.9,10.9
2026-02-11T00:15:51Z,0,0,0,0,0,2.4,14.8,849.9,15.2,15.3,69.5,261,255,0,0,359,0,0,15,11.9,10.8
2026-02-11T00:30:57Z,0,0,0,0,0,2.4,14.8,850,15.2,15.3,69.5,260,253,0,0,359,0,0,15,11.8,10.8
2026-02-11T00:46:03Z,0,0,0,0,0,2.4,14.6,849.9,14.9,15.1,70.7,260,253,0,0,359,0,0,14.8,11.8,10.6
2026-02-11T01:01:08Z,0,0,0,0,0,2.4,14.5,849.8,14.8,14.9,71.3,259,254,0,0,359,0,0,14.6,11.7,10.4
2026-02-11T01:16:14Z,0,0,0,0,0,2.4,14.5,849.9,14.8,14.9,71.6,261,253,0,0,359,0,0,14.6,11.7,10.4
2026-02-11T01:31:40Z,0,0,0,0,0,2.4,14.4,850.2,14.8,14.9,71.6,260,254,0,0,359,0,0,14.6,11.7,10.4
2026-02-11T01:46:45Z,0,0,0,0,0,2.4,14.3,850.3,14.6,14.8,71.8,261,253,0,0.6,218,1.1,1.1,14.5,11.6,10.3
2026-02-11T02:01:51Z,0,0,0,0,0,2.4,14.4,850.4,14.7,14.8,71.6,260,254,0,0,216,0.2,0.2,14.5,11.6,10.3
2026-02-11T02:16:56Z,0,0,0,0,0,2.4,14.3,850.5,14.8,14.8,71.7,259,253,0,0,215,0,0,14.5,11.7,10.3
2026-02-11T02:32:02Z,0,0,0,0,0,2.4,14,850.3,14.2,14.4,73.6,259,254,0,0,216,0.2,0.2,14.1,11.4,9.9
2026-02-11T02:47:08Z,0,0,0,0,0,2.4,13.7,850.4,14,14.1,75.1,261,253,0,0.1,216,0.2,0.2,13.8,11.3,9.6
2026-02-11T03:02:14Z,0,0,0,0,0,2.4,13.5,850.5,13.8,14,75.1,260,252,0,0,215,0,0,13.7,11.2,9.5
2026-02-11T03:17:19Z,0,0,0,0,0,2.4,13.2,850.6,13.5,13.6,76.4,262,253,0,0,215,0,0,13.3,11,9.1
2026-02-11T03:33:13Z,0,0,0,0,0,2.4,13.1,850.8,13.5,13.7,76.3,261,264,0,0,215,0,0,13.4,11.1,9.2
2026-02-11T03:49:03Z,0,0,0,0.1,0,2.4,13.1,850.8,13.4,13.6,76.6,267,323,0,0.1,0,0.4,0.4,13.3,11,9
2026-02-11T04:04:53Z,0,0,0,0.1,0,2.4,13.2,850.8,13.5,13.6,75.4,280,433,0,0,339,0.2,0.2,13.3,10.9,9.1
2026-02-11T04:20:08Z,0,0,0,0.2,0,2.4,13.3,851.1,13.6,13.7,75.9,292,529,0,0,341,0.2,0.2,13.4,11,9.1
2026-02-11T04:35:58Z,0,0,0,0.2,0,2.4,14.7,851.4,14.9,15.1,69.7,305,620,0,0.3,278,0.7,0.7,14.8,11.7,10.6
2026-02-11T04:51:04Z,0,0,0,0.5,0,2.4,16,851.7,16,15.9,66.3,357,1322,0,0,272,0.2,0.2,15.6,12,11.4
2026-02-11T05:06:10Z,0,0,0,0.7,0,2.4,18.4,851.6,17.8,17.5,62,393,1724,0,0.1,302,0.4,0.4,17.3,13,13
2026-02-11T05:21:42Z,0,0,0,0.4,0,2.4,19,851.6,18.9,19.1,56.7,340,978,0,0.9,79,1.7,1.7,18.9,13.8,14.5
2026-02-11T05:37:25Z,0,0,0,1.4,0,2.4,19.4,851.9,19.4,19.7,57.4,510,3047,0,0,79,0,0,19.5,14.4,15.1
2026-02-11T05:52:51Z,0,0,0,1.6,0,2.4,21.8,852,21.8,21.3,52.7,555,3510,0,0.1,144,0.4,0.4,21.1,15.2,16.5
2026-02-11T06:07:56Z,0,0,0,1.9,0,0,23.2,851.8,22.8,22.9,48.1,611,4098,0,0.6,81,2,2,22.7,15.9,17.9
2026-02-11T06:23:01Z,0,0,0,2.1,0,0,24.1,851.7,23.7,23.9,46.7,647,4504,0,0.2,60,1.2,1.2,23.7,16.5,18.7
2026-02-11T06:38:21Z,0,0,0,2.4,0,0,24.6,851.7,24.6,24.9,44.6,710,5140,0,0.7,116,1.7,1.7,24.7,17,19.5
2026-02-11T06:53:27Z,0,0,0,2.7,0,0,25.4,851.7,25.3,25.6,42.9,752,5594,0,0.9,62,2.2,2.2,25.5,17.4,20.1
2026-02-11T07:08:50Z,0,0,0,2.9,0,0,25.6,851.6,25.4,26.2,40.7,801,6096,0,1.1,98,2.2,2.2,26.1,17.5,20.6
2026-02-11T07:25:33Z,0,0,0,3.2,0,0,26.5,851.4,25.8,27.1,40,851,6611,0,0.6,117,1.3,1.3,26.9,18.1,21.2
2026-02-11T07:40:58Z,0,0,0,3.4,0,0,26.7,851.4,26.6,27.1,40,884,6948,0,0.1,110,0.2,0.2,27,18.1,21.3
2026-02-11T07:56:04Z,0,0,0,3.6,0,0,26.8,851.1,26.7,27.3,37.8,936,7483,0,1.7,89,3.3,3.3,27,17.9,21.3
2026-02-11T08:11:09Z,0,0,0,3.8,0,0,26.9,851,26.8,27.4,37.8,959,7728,0,1.6,57,3.5,3.5,27,17.9,21.3
2026-02-11T08:26:57Z,0,0,0,4,0,0,27.9,850.7,27.8,28.4,35,1007,8216,0,1.2,81,3.2,3.2,27.7,18.2,21.8
2026-02-11T08:42:21Z,0,0,0,4,0,0,26.8,850.5,26.8,27.6,35.2,1008,8252,0,1,105,2.4,2.4,27.1,17.6,21.3
2026-02-11T08:57:26Z,0,0,0,4.1,0,0,26.8,850.4,26.5,27.5,34.8,1016,8357,0,2.7,79,5.2,5.2,27,17.5,21.3
2026-02-11T09:12:32Z,0,0,0,4.2,0,0,26.9,850.2,26.8,27.7,36.2,1043,8619,0,1,93,3,3,27.2,17.9,21.4
2026-02-11T09:27:38Z,0,0,0,4.2,0,0,27.6,850,27.3,28.3,34.1,1048,8651,0,1.6,80,2.8,2.8,27.6,18,21.7
2026-02-11T09:42:43Z,0,0,0,4.2,0,0,28.3,849.7,27.9,28.6,34.4,1042,8589,0,1.4,71,3.9,3.9,27.8,18.3,21.9
2026-02-11T09:57:49Z,0,0,0,4.2,0,0,27.4,849.6,27.4,28.2,34.8,1047,8634,0,0.8,158,2.4,2.4,27.5,18,21.7
2026-02-11T10:12:54Z,0,0,0,4.3,0,0,27.6,849.3,27.7,28.5,33.3,1055,8703,0,0.9,197,2.4,2.4,27.6,17.9,21.7
2026-02-11T10:28:00Z,0,0,0,4.2,0,0,29,849,28.9,29.6,34.9,1045,8651,0,0.9,77,2.2,2.2,28.8,19.1,22.6
2026-02-11T10:43:25Z,0,0,0,4.1,0,0,29.1,848.8,29.1,30,34.1,1012,8239,0,0.6,126,1.7,1.7,29.1,19.3,22.8
2026-02-11T10:58:30Z,0,0,0,4.1,0,0,28.9,848.6,29.2,29.8,33.3,1024,8376,0,1.1,118,4.4,4.4,28.8,18.9,22.6
2026-02-11T11:13:36Z,0,0,0,4,0,0,28.9,848.4,28.6,30,33.6,1000,8164,0,0.4,113,1.1,1.1,29.1,19.2,22.8
2026-02-11T11:28:41Z,0,0,0,3.8,0,0,28.3,848.2,28.6,29.3,34.2,972,7863,0,1.1,109,2.6,2.6,28.4,18.8,22.3
2026-02-11T11:43:46Z,0,0,0,3.5,0,0,28.7,848.1,28.6,29.8,33.4,918,7256,0,1,40,2.4,2.4,28.8,19,22.6
2026-02-11T11:59:34Z,0,0,0,3.4,0,0,29.2,848,29.1,30.2,32.6,889,6946,0,1.4,54,2,2,29.1,19.1,22.8
2026-02-11T12:14:40Z,0,0,0,3.2,0,0,29.7,847.8,29.8,31,30.6,847,6565,0,3.1,82,5.5,5.5,29.8,19.2,23.3
2026-02-11T12:29:45Z,0,0,0,2.9,0,0,29.3,847.7,29.6,30.4,32.6,793,5967,0,1.1,94,1.7,1.7,29.4,19.3,23
2026-02-11T12:44:51Z,0,0,0,2.6,0,0,30,847.7,29.9,31.2,30.3,734,5312,0,1.4,73,2.4,2.4,30,19.3,23.4
2026-02-11T13:00:16Z,0,0,0,2.4,0,0,29.5,847.7,29.8,30.6,31,699,4950,0,0.6,89,2.8,2.8,29.4,19,23
2026-02-11T13:15:29Z,0,0,0,2.1,0,0,29.4,847.6,29.8,30.8,31.1,648,4412,0,0.7,101,2,2,29.6,19.2,23.2
2026-02-11T13:30:37Z,0,0,0,1.8,0,0,28.9,847.8,29.1,30.2,30.7,599,3888,0,2.1,75,3.3,3.3,29,18.7,22.7
2026-02-11T13:45:42Z,0,0,0,1.6,0,0,28.7,847.8,29.2,29.7,31.9,550,3384,0,2,174,3.9,3.9,28.6,18.6,22.5
2026-02-11T14:00:47Z,0,0,0,1.3,0,0,28.5,847.8,28.4,29.7,30.8,493,2789,0,0.9,71,2.2,2.2,28.6,18.3,22.4
2026-02-11T14:16:35Z,0,0,0,1,0,0,28.5,848,28.9,29.5,31.9,441,2242,0,0.4,174,0.9,0.9,28.4,18.4,22.3
2026-02-11T14:31:41Z,0,0,0,0.3,0,0,27.7,848.1,27.9,28.2,32.8,316,715,0,0.5,145,2.8,2.8,27.4,17.6,21.6
2026-02-11T14:46:47Z,0,0,0,0.3,0,0,27.4,848.3,27.5,27.8,33.4,309,648,0,0.4,88,0.7,0.7,27.1,17.4,21.4
2026-02-11T15:01:52Z,0,0,0,0.2,0,0,26.9,848.3,27,27.3,33.5,298,562,0,0.6,103,1.3,1.3,26.7,17,21.1
2026-02-11T15:16:58Z,0,0,0,0.2,0,0,26.5,848.5,26.7,26.9,33.8,288,482,0,0.4,70,0.7,0.7,26.5,16.8,20.9
2026-02-11T15:32:10Z,0,0,0,0.1,0,0,26.1,848.6,26.2,26.4,34.3,276,381,0,0.6,90,1.5,1.5,26.2,16.5,20.7
2026-02-11T15:47:35Z,0,0,0,0,0,0,25.6,848.6,25.8,25.9,34.6,264,284,0,1.2,89,2.8,2.8,25.7,16.2,20.3
2026-02-11T16:03:18Z,0,0,0,0,0,0,25.2,848.8,25.4,25.4,35.1,260,255,0,0.6,87,0.9,0.9,25.2,15.9,19.9
2026-02-11T16:18:36Z,0,0,0,0,0,0,25,848.9,25.1,25.3,35.6,259,253,0,0.3,123,0.7,0.7,25,15.8,19.8
2026-02-11T16:33:42Z,0,0,0,0,0,0,24.6,849,24.8,24.8,36.3,261,253,0,0.7,74,1.1,1.1,24.6,15.6,19.4
2026-02-11T16:48:46Z,0,0,0,0,0,0,24.1,849.1,24.3,24.4,37,260,254,0,1.1,73,1.7,1.7,24.1,15.4,19.1
2026-02-11T17:03:59Z,0,0,0,0,0,0,24,849.3,24.1,24.2,37.4,261,253,0,1.1,63,2.2,2.2,23.9,15.3,18.9
2026-02-11T17:19:43Z,0,0,0,0,0,0,23.5,849.5,23.6,23.8,38.5,259,253,0,0.9,79,1.5,1.5,23.5,15.1,18.6
2026-02-11T17:35:03Z,0,0,0,0,0,0,23.2,849.8,23.4,23.5,39.1,261,254,0,1.2,87,2.2,2.2,23.2,15,18.3
2026-02-11T17:50:47Z,0,0,0,0,0,0,23,850,23.2,23.3,39.8,261,253,0,0.8,79,1.7,1.7,23,15,18.1
2026-02-11T18:06:46Z,0,0,0,0,0,0,22.8,850.3,23,23.1,40.5,260,252,0,0.6,67,1.5,1.5,22.8,14.9,18
2026-02-11T18:21:49Z,0,0,0,0,0,0,22.7,850.4,22.9,23,41,262,254,0,0.5,70,1.1,1.1,22.7,14.9,17.9
2026-02-11T18:37:09Z,0,0,0,0,0,0,22.4,850.7,22.6,22.7,41.7,260,254,0,0.5,74,1.3,1.3,22.4,14.8,17.7
2026-02-11T18:52:56Z,0,0,0,0,0,0,22,850.9,22.2,22.3,42.6,259,252,0,0.3,76,0.7,0.7,22,14.6,17.3
2026-02-11T19:08:07Z,0,0,0,0,0,0,21.5,851.1,21.8,21.9,43.6,260,252,0,0.5,109,0.9,0.9,21.6,14.4,16.9
2026-02-11T19:23:30Z,0,0,0,0,0,0,21.1,851.2,21.2,21.3,45.3,260,252,0,0.1,83,0.4,0.4,21,14.2,16.5
2026-02-11T19:39:11Z,0,0,0,0,0,0,20.3,851.4,20.3,20.6,47.5,259,253,0,0,83,0.2,0.2,20.3,13.9,15.8
2026-02-11T19:56:31Z,0,0,0,0,0,0,19.7,851.5,19.9,20.1,49.1,261,254,0,0,83,0,0,19.7,13.6,15.3
2026-02-11T20:11:42Z,0,0,0,0,0,0,19.1,851.6,19.2,19.3,51.8,262,253,0,0,83,0,0,19,13.4,14.6
2026-02-11T20:26:48Z,0,0,0,0,0,0,18.5,851.5,18.6,18.7,53.4,260,254,0,0,83,0,0,18.4,13.1,14.1
2026-02-11T20:41:54Z,0,0,0,0,0,0,18,851.6,18.2,18.3,55.5,260,253,0,0,83,0,0,17.9,12.9,13.7
2026-02-11T20:57:00Z,0,0,0,0,0,0,17.6,851.6,17.8,17.9,56,261,252,0,0,83,0,0,17.6,12.7,13.3
2026-02-11T21:12:05Z,0,0,0,0,0,0,17,851.5,17.1,17.4,58.5,260,253,0,0,83,0,0,17,12.4,12.8
2026-02-11T21:27:11Z,0,0,0,0,0,0,16.6,851.4,16.8,17,59.6,260,253,0,0,83,0,0,16.6,12.2,12.4
2026-02-11T21:42:52Z,0,0,0,0,0,0,16.3,851.3,16.4,16.7,60.6,260,254,0,0,83,0,0,16.4,12.1,12.1
2026-02-11T21:57:58Z,0,0,0,0,0,0,15.9,851.3,16.2,16.3,61.9,260,253,0,0,83,0,0,16,11.9,11.8
2026-02-11T22:13:04Z,0,0,0,0,0,0,15.9,851.3,16.2,16.4,62.2,261,254,0,0,83,0,0,16.1,12,11.9
2026-02-11T22:28:10Z,0,0,0,0,0,0,15.9,851.3,16.2,16.4,62.1,260,253,0,0,83,0,0,16.1,12,11.9
2026-02-11T22:43:15Z,0,0,0,0,0,0,15.6,851.1,16,16.1,63.4,262,253,0,0,83,0,0,15.8,11.9,11.6
2026-02-11T22:58:20Z,0,0,0,0,0,0,15.3,851,15.6,15.8,65.2,260,254,0,0,83,0,0,15.4,11.8,11.2
2026-02-11T23:13:25Z,0,0,0,0,0,0,15.1,850.8,15.5,15.6,65.5,261,253,0,0,83,0,0,15.3,11.7,11.1
2026-02-11T23:28:50Z,0,0,0,0,0,0,14.8,850.8,15.1,15.2,66.9,260,254,0,0,83,0,0,14.9,11.5,10.7
2026-02-11T23:43:56Z,0,0,0,0,0,0,14.7,850.8,15.2,15.2,67.6,259,253,0,0,83,0,0,14.9,11.6,10.7
2026-02-11T23:58:59Z,0,0,0,0,0,0,14.7,850.8,15.1,15.2,67.8,260,253,0,0,83,0,0,14.8,11.5,10.6
2026-02-12T00:00:00Z,0,0,0,0,0,0,14.6,850.8,15,15.1,68,261,253,0,0,83,0,0,14.8,11.5,10.6
2026-02-12T00:15:57Z,0,0,0,0,0,0,14.8,850.8,15.2,15.3,67.4,260,252,0,0.1,36,0.4,0.4,15,11.7,10.8
2026-02-12T00:31:03Z,0,0,0,0,0,0,14.8,850.9,15.2,15.3,67.9,261,253,0,0.1,25,0.2,0.2,14.9,11.6,10.8
2026-02-12T00:46:08Z,0,0,0,0,0,0,14.5,850.9,14.8,14.9,68.6,260,252,0,0,25,0,0,14.6,11.4,10.4
2026-02-12T01:01:14Z,0,0,0,0,0,0,14.4,851,14.8,15,68.6,260,254,0,0,25,0,0,14.6,11.4,10.4
2026-02-12T01:16:20Z,0,0,0,0,0,0,14.3,850.9,14.6,14.8,69.6,260,252,0,0,25,0,0,14.5,11.4,10.3
2026-02-12T01:32:15Z,0,0,0,0,0,0,14,851,14.4,14.5,70,261,253,0,0,25,0,0,14.2,11.1,9.9
2026-02-12T01:47:21Z,0,0,0,0,0,0,14,851.1,14.4,14.5,69.9,260,254,0,0,25,0,0,14.2,11.2,10
2026-02-12T02:02:27Z,0,0,0,0,0,0,13.9,851.2,14.2,14.4,70.8,260,252,0,0,25,0,0,14.1,11.1,9.9
2026-02-12T02:18:06Z,0,0,0,0,0,0,13.7,851.3,14,14.1,71.5,260,254,0,0,25,0,0,13.8,11,9.6
2026-02-12T02:33:12Z,0,0,0,0,0,0,13.4,851.3,13.6,13.8,72.2,261,252,0,0,25,0,0,13.4,10.7,9.2
2026-02-12T02:49:05Z,0,0,0,0,0,0,13,851.6,13.2,13.4,73,260,253,0,0,25,0,0,13.1,10.5,8.8
2026-02-12T03:04:11Z,0,0,0,0,0,0,12.9,851.6,13.4,13.5,73.1,261,254,0,0,25,0,0,13.1,10.5,8.9
2026-02-12T03:19:17Z,0,0,0,0,0,0,12.9,851.8,13.2,13.4,73.7,262,255,0,0,25,0,0,13,10.5,8.8
2026-02-12T03:34:22Z,0,0,0,0,0,0,12.8,851.9,13.1,13.3,73.4,261,266,0,0,25,0.2,0.2,13,10.4,8.7
2026-02-12T03:49:22Z,0,0,0,0.1,0,0,12.6,851.9,13,13.1,73.9,269,344,0,0,25,0.2,0.2,12.8,10.3,8.5
2026-02-12T04:04:23Z,0,0,0,0.1,0,0,12.7,852.1,13.1,13.2,74,283,462,0,0.1,25,0.2,0.2,12.8,10.3,8.6
2026-02-12T04:19:58Z,0,0,0,0.2,0,0,13.2,852.3,13.6,13.7,72.3,295,567,0,0.1,24,0.4,0.4,13.3,10.6,9.1
2026-02-12T04:35:04Z,0,0,0,0.3,0,0,14,852.2,14.2,14.3,71.2,308,663,0,0,24,0,0,13.9,11.1,9.7
2026-02-12T04:50:10Z,0,0,0,0.4,0,0,15,852.2,15.2,15.2,69.5,337,1043,0,0.1,24,0.4,0.4,14.9,11.8,10.7
2026-02-12T05:06:00Z,0,0,0,0.7,0,0,17.7,852.3,17.2,17,65.6,380,1528,0,0.1,24,0.4,0.4,16.8,13,12.5
2026-02-12T05:21:38Z,0,0,0,0.5,0,0,18.7,852.5,18.6,18.6,62.5,344,1017,0,0,7,0.2,0.2,18.3,14,14
2026-02-12T05:36:44Z,0,0,0,1.3,0,0,19.6,852.5,19.8,19.5,59.8,496,2895,0,0.2,250,0.7,0.7,19.3,14.5,14.9
2026-02-12T05:51:56Z,0,0,0,1.6,0,0,20.3,852.5,20.4,19.8,59.5,552,3457,0,0.9,253,1.7,1.7,19.6,14.8,15.2
2026-02-12T06:07:02Z,0,0,0,1.9,0,0.2,22.3,852.4,21.9,22,53.9,603,4008,0,0.3,253,0.7,0.7,21.8,15.9,17.1
2026-02-12T06:22:07Z,0,0,0,2.1,0,0.2,23.3,852.2,22.9,23.4,50.1,657,4562,0,0,238,0,0,23.2,16.6,18.3
2026-02-12T06:37:13Z,0,0,0,2.1,0,0.2,23.5,852.1,23.3,23.9,47.9,643,4389,0,0.1,159,0.4,0.4,23.8,16.7,18.8
2026-02-12T06:53:01Z,0,0,0,2.5,0,0.2,24.7,852,24.1,24.5,45.8,728,5328,0,0.8,159,1.3,1.3,24.4,16.9,19.3
2026-02-12T07:08:07Z,0,0,0,2.7,0,0.2,25.4,851.9,25,25.2,44.1,765,5747,0,0.5,159,1.1,1.1,25.1,17.3,19.8
2026-02-12T07:23:13Z,0,0,0,3,0,0.2,26.2,851.6,26.6,26.9,39.7,813,6244,0,1,159,1.7,1.7,26.7,17.8,21.1
2026-02-12T07:38:18Z,0,0,0,3.2,0,0.2,26.4,851.4,27,27,39.5,844,6569,0,0.2,159,0.8,0.8,26.8,17.9,21.2
2026-02-12T07:54:08Z,0,0,0,3.5,0,0.2,26.6,851.3,26.1,26.7,37.9,909,7232,0,0.1,57,0.9,0.9,26.6,17.4,21
2026-02-12T08:09:49Z,0,0,0,3.8,0,0.2,27.2,851,27.4,27.8,37.3,958,7738,0,1.2,72,2,2,27.3,18.1,21.5
2026-02-12T08:25:14Z,0,0,0,3.7,0,0.2,27.1,850.7,26.9,27.9,34.7,952,7672,0,2.4,76,4.4,4.4,27.2,17.7,21.5
2026-02-12T08:41:10Z,0,0,0,3.9,0,0.2,28.5,850.4,28.2,28.9,32.4,988,8038,0,0.1,355,0.9,0.9,27.9,18,22
2026-02-12T08:56:17Z,0,0,0,4.1,0,0.2,28.6,850.1,28.6,29.3,34.2,1021,8371,0,0.2,68,1.3,1.3,28.4,18.7,22.3
2026-02-12T09:11:23Z,0,0,0,4.2,0,0.2,28.8,849.9,28.8,29.6,32,1037,8515,0,0.4,61,1.3,1.3,28.5,18.5,22.4
2026-02-12T09:26:28Z,0,0,0,4.2,0,0.2,29,849.6,28.6,29.6,30,1038,8532,0,1.9,93,3.7,3.7,28.4,18.1,22.3
2026-02-12T09:41:34Z,0,0,0,4.2,0,0.2,28.6,849.3,28.7,29.3,31.6,1035,8545,0,1.8,64,3.7,3.7,28.2,18.2,22.2
2026-02-12T09:57:21Z,0,0,0,4.3,0,0.2,28.8,849.1,29.1,29.7,29.6,1056,8726,0,0.4,133,0.9,0.9,28.5,18.1,22.3
2026-02-12T10:13:25Z,0,0,0,4.2,0,0.2,29.8,848.8,29.6,30.4,28.8,1034,8492,0,0.4,25,2.2,2.2,29,18.4,22.7
2026-02-12T10:28:30Z,0,0,0,4.2,0,0.2,29.2,848.6,29.4,30.1,29.4,1037,8504,0,0.2,159,1.1,1.1,28.8,18.3,22.6
2026-02-12T10:44:16Z,0,0,0,4,0,0.2,29.4,848.3,29.8,30.1,28.2,1004,8212,0,0.6,243,1.3,1.3,28.7,18,22.5
2026-02-12T11:00:15Z,0,0,0,3.9,0,0.2,29.4,848,29.6,30.3,28.5,986,8017,0,0.6,111,1.3,1.3,28.9,18.3,22.7
2026-02-12T11:15:21Z,0,0,0,0.6,0,0.2,28.9,847.7,29.1,29.9,27.8,375,1231,0,1.2,69,2.4,2.4,28.5,17.8,22.4
2026-02-12T11:30:27Z,0,0,0,3.7,0,0.2,29.8,847.5,30.4,30.6,28.5,949,7605,0,1.5,199,2.4,2.4,29.2,18.5,22.9
2026-02-12T11:45:32Z,0,0,0,3.5,0,0.2,30.7,847.2,30.7,32,26.6,906,7149,0,1.3,64,2.4,2.4,30.4,19,23.7
2026-02-12T12:00:48Z,0,0,0,3.3,0,0.2,30,847,30.4,31.2,26.3,870,6768,0,1.4,119,2.4,2.4,29.6,18.4,23.2
2026-02-12T12:15:53Z,0,0,0,1.3,0,0.2,30.9,847,30.8,32.1,25,503,2594,0,2.1,80,3.5,3.5,30.4,18.7,23.7
2026-02-12T12:31:19Z,0,0,0,2.8,0,0.2,30.4,846.7,30.7,31.4,25.2,777,5802,0,0.5,123,1.1,1.1,29.7,18.2,23.2
2026-02-12T12:46:25Z,0,0,0,2.5,0,0.2,31.9,846.6,31.9,33,23,733,5333,0,1,67,3.3,3.3,31.2,18.8,24.2
2026-02-12T13:01:30Z,0,0,0,2.3,0,0.2,31.4,846.6,31.6,32.9,22.4,689,4870,0,1.3,139,3.1,3.1,31,18.6,24.1
2026-02-12T13:16:36Z,0,0,0,2,0,0.2,30.1,846.4,30.8,31.2,23.8,630,4271,0,0.4,188,1.3,1.3,29.5,17.8,23
2026-02-12T13:31:42Z,0,0,0,1.8,0,0.2,31,846.5,31.1,32.3,21.8,586,3795,0,1.2,124,3.7,3.7,30.4,18,23.7
2026-02-12T13:46:47Z,0,0,0,1.5,0,0.2,30.2,846.6,30.5,31.6,22.3,539,3302,0,0.9,148,2.2,2.2,29.7,17.6,23.2
2026-02-12T14:01:53Z,0,0,0,1.3,0,0.2,30.6,846.6,30.9,32.1,21.8,496,2840,0,1.3,84,2.6,2.6,30.1,17.8,23.5
2026-02-12T14:16:59Z,0,0,0,1.1,0,0.2,30.1,846.6,30.1,31.4,22.8,466,2537,0,1.7,78,3.7,3.7,29.6,17.6,23.1
2026-02-12T14:32:24Z,0,0,0,0.3,0,0.2,29.3,846.6,29.4,29.9,26.3,323,770,0,0,103,0,0,28.4,17.4,22.3
2026-02-12T14:47:30Z,0,0,0,0.3,0,0.2,28.6,846.8,28.7,29,27,308,665,0,0.6,59,1.5,1.5,27.8,17,21.8
2026-02-12T15:02:36Z,0,0,0,0.2,0,0.2,28,846.8,28.1,28.3,27.2,294,524,0,0.9,111,2.7,2.7,27.2,16.5,21.4
2026-02-12T15:18:30Z,0,0,0,0.1,0,0.2,27.5,846.9,27.6,27.8,27.8,282,425,0,0.9,94,2.4,2.4,26.9,16.2,21.2
2026-02-12T15:33:35Z,0,0,0,0.1,0,0.2,27,847.1,27.1,27.3,28,275,377,0,0.3,65,0.7,0.7,26.5,15.9,20.9
2026-02-12T15:48:40Z,0,0,0,0,0,0.2,26.6,847.1,26.7,26.8,28.5,264,278,0,1.1,131,2.6,2.6,26.6,15.7,21
2026-02-12T16:03:47Z,0,0,0,0,0,0.2,26.1,847.2,26.2,26.4,29.6,261,255,0,0.2,61,0.9,0.9,26.1,15.5,20.6
2026-02-12T16:19:36Z,0,0,0,0,0,0.2,25.5,847.4,25.8,25.8,30.1,259,253,0,0.2,67,0.9,0.9,25.5,15.2,20.2
2026-02-12T16:35:33Z,0,0,0,0,0,0.2,24.9,847.6,25.1,25.1,31.6,261,254,0,0.8,63,2,2,24.8,15,19.6
2026-02-12T16:50:38Z,0,0,0,0,0,0.2,24.7,847.7,24.9,24.9,32.8,260,254,0,0.5,54,1.1,1.1,24.6,15.1,19.5
2026-02-12T17:05:44Z,0,0,0,0,0,0.2,24.3,847.7,24.6,24.6,33.8,260,255,0,0.4,53,1.3,1.3,24.3,15,19.2
2026-02-12T17:21:37Z,0,0,0,0,0,0.2,24.4,847.8,24.6,24.6,34.5,260,254,0,0.5,73,2,2,24.3,15.1,19.2
2026-02-12T17:36:48Z,0,0,0,0,0,0.2,24.2,848.1,24.4,24.5,35.2,259,254,0,1.1,75,2.4,2.4,24.2,15.1,19.1
2026-02-12T17:52:47Z,0,0,0,0,0,0.2,23.9,848.4,24.1,24.2,35.6,260,254,0,0.2,95,0.4,0.4,23.9,15,18.9
2026-02-12T18:08:43Z,0,0,0,0,0,0.2,23.4,848.6,23.6,23.8,36.3,261,254,0,0.3,66,0.7,0.7,23.4,14.8,18.5
2026-02-12T18:23:44Z,0,0,0,0,0,0.2,23.1,848.9,23.3,23.5,36.8,260,253,0,0.4,58,1.1,1.1,23.1,14.6,18.3
2026-02-12T18:39:03Z,0,0,0,0,0,0.2,22.6,849.1,22.8,23,38.8,259,253,0,1,58,2,2,22.6,14.5,17.8
2026-02-12T18:54:50Z,0,0,0,0,0,0.2,22.3,849.3,22.5,22.6,41.2,260,254,0,0,58,0.2,0.2,22.3,14.6,17.6
2026-02-12T19:09:53Z,0,0,0,0,0,0.2,22,849.5,22.1,22.3,43.6,260,253,0,0.1,58,0.2,0.2,22,14.7,17.3
2026-02-12T19:25:49Z,0,0,0,0,0,0.2,21.5,849.6,21.6,21.8,45.7,262,253,0,0,58,0,0,21.5,14.6,16.9
2026-02-12T19:41:21Z,0,0,0,0,0,0.2,20.9,849.7,21.1,21.2,48,260,254,0,0.1,58,0.2,0.2,20.9,14.5,16.4
2026-02-12T19:56:52Z,0,0,0,0,0,0.2,20.8,849.9,21,21.1,48.5,261,253,0,0,58,0,0,20.8,14.4,16.3
2026-02-12T20:14:41Z,0,0,0,0,0,0.2,20.3,850,20.5,20.6,51.1,262,254,0,0,58,0,0,20.4,14.4,15.9
2026-02-12T20:30:22Z,0,0,0,0,0,0.2,19.6,850.2,19.6,19.8,52.8,259,253,0,0,58,0,0,19.5,13.9,15.1
2026-02-12T20:45:35Z,0,0,0,0,0,0.2,18.8,850.1,18.8,19.1,54.5,261,254,0,0,58,0,0,18.8,13.5,14.4
2026-02-12T21:00:58Z,0,0,0,0,0,0.2,18.1,850.1,18.3,18.5,55.4,259,254,0,0,58,0,0,18.1,13.1,13.8
2026-02-12T21:16:04Z,0,0,0,0,0,0.2,17.7,850,17.9,18.1,57.1,260,253,0,0,58,0,0,17.8,12.9,13.5
2026-02-12T21:31:10Z,0,0,0,0,0,0.2,17.4,850,17.6,17.8,57.9,260,253,0,0,58,0,0,17.5,12.8,13.2
2026-02-12T21:46:16Z,0,0,0,0,0,0.2,17,849.9,17.2,17.4,58.8,260,254,0,0,58,0,0,17.1,12.5,12.8
2026-02-12T22:01:38Z,0,0,0,0,0,0.2,16.7,849.8,16.8,17.1,60.4,261,254,0,0,58,0,0,16.8,12.4,12.5
2026-02-12T22:16:43Z,0,0,0,0,0,0.2,16.3,849.6,16.6,16.8,61.5,261,253,0,0,58,0,0,16.4,12.3,12.2
2026-02-12T22:31:49Z,0,0,0,0,0,0.2,16.2,849.4,16.5,16.6,62.5,260,253,0,0,58,0,0,16.3,12.3,12.1
2026-02-12T22:46:56Z,0,0,0,0,0,0.2,16,849.2,16.2,16.5,63.6,261,253,0,0,58,0,0,16.1,12.2,11.9
2026-02-12T23:02:02Z,0,0,0,0,0,0.2,15.9,849,16.2,16.5,64.1,260,255,0,0,58,0,0,16.1,12.3,11.9
2026-02-12T23:17:07Z,0,0,0,0,0,0.2,15.6,848.8,16,16,65.2,259,253,0,0,58,0,0,15.7,12,11.5
2026-02-12T23:32:48Z,0,0,0,0,0,0.2,15.2,848.8,15.6,15.7,66.4,260,253,0,0,58,0,0,15.3,11.8,11.1
2026-02-12T23:47:54Z,0,0,0,0,0,0.2,15,848.8,15.3,15.4,67.9,261,253,0,0,58,0,0,15.1,11.8,10.9
2026-02-13T00:00:59Z,0,0,0,0,0,0.2,15,848.7,15.4,15.4,67.9,261,255,0,0,58,0,0,15.1,11.8,10.9
2026-02-13T00:16:05Z,0,0,0,0,0,0.2,14.9,848.8,15.3,15.4,68.7,260,253,0,0,58,0,0,15.1,11.8,10.9
2026-02-13T00:31:11Z,0,0,0,0,0,0.2,14.8,848.7,15.2,15.3,69.2,261,254,0,0,58,0,0,15,11.8,10.8
2026-02-13T00:46:17Z,0,0,0,0,0,0.2,14.6,848.7,15.1,15.1,69.7,260,254,0,0,58,0,0,14.8,11.7,10.6
2026-02-13T01:01:41Z,0,0,0,0,0,0.2,14.5,848.8,14.9,15,70.3,259,254,0,0,58,0,0,14.7,11.7,10.5
2026-02-13T01:16:47Z,0,0,0,0,0,0.2,14.6,848.9,15.1,15.1,69.8,261,255,0,0,58,0,0,14.8,11.7,10.6
2026-02-13T01:31:53Z,0,0,0,0,0,0.2,14.6,849,15.1,15.1,70.5,259,253,0,0,58,0,0,14.8,11.8,10.6
2026-02-13T01:46:58Z,0,0,0,0,0,0.2,14.8,849.2,15.1,15.3,70,261,254,0,0.1,58,0.2,0.2,15,11.9,10.8
2026-02-13T02:02:04Z,0,0,0,0,0,0.2,14.6,849.3,14.9,15.1,69.8,260,254,0,0,58,0,0,14.8,11.7,10.6
2026-02-13T02:17:09Z,0,0,0,0,0,0.2,14.5,849.5,14.8,14.9,71.1,261,253,0,0,58,0,0,14.6,11.6,10.4
2026-02-13T02:32:16Z,0,0,0,0,0,0.2,14.1,849.6,14.3,14.5,72.4,260,253,0,0,58,0,0,14.2,11.4,10
2026-02-13T02:47:21Z,0,0,0,0,0,0.2,13.7,849.6,14.1,14.1,73.1,261,253,0,0,58,0,0,13.8,11.2,9.6
2026-02-13T03:02:46Z,0,0,0,0,0,0.2,13.4,849.6,13.7,13.8,74.4,261,253,0,0,58,0,0,13.5,11,9.3
2026-02-13T03:18:06Z,0,0,0,0,0,0.2,13.4,849.7,13.8,13.8,74.3,261,253,0,0,58,0,0,13.5,11,9.3
2026-02-13T03:33:17Z,0,0,0,0,0,0.2,13.2,849.9,13.6,13.7,74.6,261,263,0,0,58,0,0,13.4,10.9,9.1
2026-02-13T03:48:23Z,0,0,0,0.1,0,0.2,13.1,850.2,13.4,13.6,75.4,267,318,0,0,58,0.2,0.2,13.2,10.8,9
2026-02-13T04:03:42Z,0,0,0,0.1,0,0.2,13.2,850.4,13.6,13.6,75.1,280,435,0,0,58,0,0,13.3,10.9,9.1
2026-02-13T04:19:07Z,0,0,0,0.2,0,0.2,13.5,850.4,13.8,13.8,75.4,292,540,0,0,58,0,0,13.5,11.1,9.3
2026-02-13T04:34:13Z,0,0,0,0.3,0,0.2,14.3,850.7,14.6,14.5,74,311,728,0,0,58,0,0,14.2,11.6,10
2026-02-13T04:49:18Z,0,0,0,0.4,0,0.2,15.3,850.8,15.6,15.6,70,329,936,0,0.3,58,1.1,1.1,15.3,12.2,11.1
2026-02-13T05:04:25Z,0,0,0,0.6,0,0.2,17.7,850.8,17.2,17.1,67.3,369,1385,0,0.2,58,0.7,0.7,16.9,13.3,12.6
2026-02-13T05:19:30Z,0,0,0,0.4,0,0.2,19.1,850.8,18.9,18.9,65.1,338,931,0,0.5,57,0.9,0.9,18.7,14.7,14.4
2026-02-13T05:35:22Z,0,0,0,0.8,0,0.2,19.8,850.8,19.6,19.9,63.1,404,1725,0,0.5,58,1.5,1.5,19.8,15.4,15.4
2026-02-13T05:50:33Z,0,0,0,1.6,0,0.2,21.8,850.9,21.3,21.2,58.3,560,3541,0,0.6,58,1.3,1.3,21.1,15.9,16.5
2026-02-13T06:05:52Z,0,0,0,1.9,0,0.6,23.8,850.8,22.9,22.9,52.5,609,4047,0,0.7,58,1.1,1.1,22.7,16.5,17.9
2026-02-13T06:20:58Z,0,0,0,2.2,0,0.6,23.8,850.8,23,23,52.6,658,4570,0,0.4,59,0.9,0.9,22.9,16.7,18.1
2026-02-13T06:36:04Z,0,0,0,2.4,0,0.6,25.9,850.7,25,25.2,47.3,707,5068,0,0.6,59,1.3,1.3,25.1,17.8,19.9
2026-02-13T06:51:27Z,0,0,0,2.6,0,0.6,25.6,850.6,24.5,24.9,47,747,5505,0,0.1,318,1,1,24.8,17.4,19.6
2026-02-13T07:06:32Z,0,0,0,2.9,0,0.6,25.6,850.6,25.6,26.1,44.5,797,6027,0,0.9,59,2.8,2.8,26.1,18.1,20.6
2026-02-13T07:21:57Z,0,0,0,3.1,0,0.6,26.2,850.5,26.2,26.8,42.8,828,6370,0,0.8,118,1.5,1.5,26.9,18.4,21.2
2026-02-13T07:37:01Z,0,0,0,3.3,0,0.6,25.4,850.4,25.3,26.1,44,873,6832,0,0.9,84,2,2,26,18,20.5
2026-02-13T07:52:32Z,0,0,0,3.4,0,0.6,26.5,850.2,26.4,27.4,42.2,893,7058,0,1.1,70,2.8,2.8,27.3,18.7,21.5
2026-02-13T08:07:38Z,0,0,0,3.7,0,0.6,27.1,850,26.7,27.7,39.7,951,7634,0,0.3,68,0.7,0.7,27.4,18.5,21.6
2026-02-13T08:23:34Z,0,0,0,3.8,0,0.6,27.6,849.7,27.7,28.3,39,971,7828,0,1.7,63,3.5,3.5,27.8,18.8,21.9
2026-02-13T08:38:39Z,0,0,0,3.9,0,0.6,28.6,849.3,28.6,29,37.4,983,7968,0,0.8,70,1.5,1.5,28.4,19.2,22.3
2026-02-13T08:53:45Z,0,0,0,4.1,0,0.6,28.2,849.1,27.9,29,33.7,1019,8358,0,2.5,79,3.7,3.7,28.2,18.4,22.1
2026-02-13T09:08:51Z,0,0,0,4.1,0,0.6,28.4,848.8,28.8,29.2,35.9,1026,8438,0,0.1,145,0.4,0.4,28.4,19,22.3
2026-02-13T09:23:57Z,0,0,0,4.2,0,0.6,28.7,848.6,28.6,29.3,33.1,1046,8628,0,1.5,61,3.1,3.1,28.3,18.5,22.3
2026-02-13T09:39:03Z,0,0,0,4.2,0,0.6,29.1,848.3,29,29.7,33.4,1049,8683,0,0.8,125,2.4,2.4,28.7,18.9,22.5
2026-02-13T09:54:08Z,0,0,0,4.3,0,0.6,29.2,848,29,30.1,30.1,1056,8763,0,1.6,54,3.3,3.3,28.8,18.4,22.6
2026-02-13T10:09:31Z,0,0,0,4.2,0,0.6,29.1,847.6,29,29.9,30.1,1049,8680,0,0.2,156,0.9,0.9,28.7,18.3,22.5
2026-02-13T10:24:37Z,0,0,0,4.2,0,0.6,29.8,847.4,29.8,30.7,28.9,1038,8554,0,0.4,122,1.1,1.1,29.4,18.7,23
2026-02-13T10:39:42Z,0,0,0,4.1,0,0.6,30.3,847,30.6,31.1,28.4,1017,8316,0,0.6,79,2.4,2.4,29.7,18.8,23.2
2026-02-13T10:54:48Z,0,0,0,4,0,0.6,29.9,846.8,30.1,30.8,27.6,1006,8218,0,0.5,167,1.3,1.3,29.3,18.4,22.9
2026-02-13T11:09:54Z,0,0,0,3.8,0,0.6,31.4,846.6,31.4,32.3,25.9,968,7812,0,1,65,2,2,30.7,19.1,23.9
2026-02-13T11:24:59Z,0,0,0,3.7,0,0.6,31.9,846.2,31.9,33,24.9,952,7629,0,1,105,1.7,1.7,31.4,19.4,24.4
2026-02-13T11:40:05Z,0,0,0,3.6,0,0.6,30.8,846.2,31.1,32,26.2,927,7362,0,0.8,172,2.4,2.4,30.5,19,23.7
2026-02-13T11:55:10Z,0,0,0,3.5,0,0.6,31,846,31.1,32,26,911,7195,0,0.7,57,1.3,1.3,30.4,18.9,23.7
2026-02-13T12:10:36Z,0,0,0,3.4,0,0.6,32.1,845.7,32.2,33,25.9,894,7097,0,0.3,208,0.7,0.7,31.4,19.6,24.4
2026-02-13T12:25:41Z,0,0,0,1,0,0.6,31.8,845.6,31.6,32.8,26.2,442,1987,0,1.4,77,2.6,2.6,31.3,19.5,24.3
2026-02-13T12:40:46Z,0,0,0,2.7,0,0.6,31.4,845.4,31.6,32.8,26.7,767,5782,0,0.5,73,1.3,1.3,31.4,19.7,24.3
2026-02-13T12:55:51Z,0,0,0,2.6,0,0.6,31.6,845.3,31.4,32.7,26,745,5490,0,1.9,62,3.5,3.5,31.1,19.4,24.2
2026-02-13T13:11:07Z,0,0,0,2.4,0,0.6,30.7,845.2,30.6,31.9,26.5,706,5133,0,0.6,128,1.7,1.7,30.4,19,23.7
2026-02-13T13:26:13Z,0,0,0,1.3,0,0.6,30.7,845.1,31.2,31.8,27.5,507,2827,0,0.8,168,3.5,3.5,30.4,19.1,23.7
2026-02-13T13:41:59Z,0,0,0,0.6,0,0.6,29.5,845.1,29.8,30.4,28.2,366,1253,0,1.2,111,2.4,2.4,29,18.2,22.7
2026-02-13T13:57:04Z,0,0,0,0.5,0,0.6,29.4,845.1,29.8,30.3,29,344,985,0,1.4,137,2.8,2.8,28.9,18.4,22.7
2026-02-13T14:12:56Z,0,0,0,1.1,0,0.6,28.9,845,29.1,29.7,30.8,470,2584,0,0.7,95,3.3,3.3,28.6,18.3,22.4
2026-02-13T14:28:01Z,0,0,0,0.4,0,0.6,28.9,845.1,29.1,29.5,31.5,336,946,0,0.8,111,1.5,1.5,28.4,18.3,22.3
2026-02-13T14:43:06Z,0,0,0,0.3,0,0.6,28,845.1,28.2,28.5,32.8,315,708,0,0.8,84,4.1,4.1,27.6,17.8,21.7
2026-02-13T14:58:12Z,0,0,0,0.3,0,0.6,27.8,845.2,27.9,28.1,33.9,309,690,0,1,79,2.2,2.2,27.4,17.7,21.6
2026-02-13T15:13:18Z,0,0,0,0.2,0,0.6,27.5,845.4,27.6,27.8,34.5,292,532,0,1.5,81,3.7,3.7,27.2,17.6,21.4
2026-02-13T15:28:42Z,0,0,0,0.1,0,0.6,27,845.6,27.1,27.3,34,275,370,0,2.1,94,4.4,4.4,26.8,17.1,21.1
2026-02-13T15:44:06Z,0,0,0,0,0,0.6,26.5,845.7,26.6,26.8,35.2,264,286,0,1,84,1.7,1.7,26.6,17,21
2026-02-13T15:59:16Z,0,0,0,0,0,0.6,26.3,845.8,26.4,26.5,35.2,262,257,0,1.5,71,3.3,3.3,26.3,16.7,20.8
2026-02-13T16:14:16Z,0,0,0,0,0,0.6,25.9,845.9,26.1,26.2,35.8,262,255,0,0.7,83,1.1,1.1,26,16.6,20.5
2026-02-13T16:30:10Z,0,0,0,0,0,0.6,25.5,846.2,25.6,25.8,38.7,261,253,0,0.8,63,2,2,25.6,16.8,20.2
2026-02-13T16:45:21Z,0,0,0,0,0,0.6,24.9,846.6,25.1,25.3,40.8,261,253,0,0.9,79,2.4,2.4,25.1,16.7,19.8
2026-02-13T17:01:04Z,0,0,0,0,0,0.6,24.6,846.7,24.8,24.8,41.7,260,253,0,1.7,78,3.5,3.5,24.6,16.5,19.5
2026-02-13T17:17:04Z,0,0,0,0,0,0.6,24.3,846.9,24.4,24.5,43.1,261,253,0,0.8,55,1.5,1.5,24.4,16.5,19.3
2026-02-13T17:32:10Z,0,0,0,0,0,0.6,23.9,847.1,24.1,24.2,44.6,261,252,0,0.7,72,1.3,1.3,24,16.5,19
2026-02-13T17:47:16Z,0,0,0,0,0,0.6,23.5,847.5,23.7,23.8,46.4,260,253,0,0.4,62,0.9,0.9,23.6,16.4,18.7
2026-02-13T18:04:17Z,0,0,0,0,0,0.6,23.2,847.7,23.4,23.4,47.7,261,253,0,0.7,50,1.5,1.5,23.3,16.3,18.4
2026-02-13T18:19:32Z,0,0,0,0,0,0.6,22.8,847.8,23,23.1,49.1,261,253,0,1,67,3.5,3.5,22.9,16.2,18.1
2026-02-13T18:34:45Z,0,0,0,0,0,0.6,22.6,848,22.8,22.9,50.1,260,253,0,0.5,60,1.3,1.3,22.7,16.2,17.9
2026-02-13T18:49:52Z,0,0,0,0,0,0.6,22.3,848,22.4,22.5,51.1,260,252,0,0.5,59,0.9,0.9,22.4,16.1,17.6
2026-02-13T19:05:12Z,0,0,0,0,0,0.6,22,848.2,22.2,22.3,52.1,260,253,0,0.7,90,2,2,22.1,16,17.4
2026-02-13T19:21:08Z,0,0,0,0,0,0.6,21.6,848.6,21.8,21.9,53.2,259,254,0,0.3,84,0.7,0.7,21.8,15.8,17.1
2026-02-13T19:36:24Z,0,0,0,0,0,0.6,21.2,848.7,21.3,21.5,54.8,260,253,0,0,91,0,0,21.3,15.6,16.7
2026-02-13T19:52:20Z,0,0,0,0,0,0.6,20.4,848.8,20.5,20.6,57.4,261,254,0,0,91,0,0,20.4,15.2,15.9
2026-02-13T20:08:07Z,0,0,0,0,0,0.6,19.8,848.9,19.9,20.1,58.8,260,253,0,0,91,0,0,20,15,15.5
2026-02-13T20:24:04Z,0,0,0,0,0,0.6,19.5,848.9,19.7,19.8,60,260,254,0,0,91,0,0,19.6,14.9,15.2
2026-02-13T20:40:00Z,0,0,0,0,0,0.6,19.3,849,19.5,19.7,61,261,253,0,0,91,0,0,19.5,14.8,15.1
2026-02-13T20:55:50Z,0,0,0,0,0,0.6,19,848.9,19.2,19.3,62.2,261,253,0,0,91,0,0,19.1,14.7,14.8
2026-02-13T21:11:46Z,0,0,0,0,0,0.6,18.6,848.8,18.7,19,63.4,260,254,0,0,91,0,0,18.8,14.5,14.5
2026-02-13T21:27:08Z,0,0,0,0,0,0.6,18.2,848.8,18.4,18.6,64.8,260,253,0,0,91,0,0,18.4,14.3,14.1
2026-02-13T21:42:14Z,0,0,0,0,0,0.6,17.9,848.5,18.1,18.4,65.7,260,254,0,0,91,0,0,18.2,14.2,13.9
2026-02-13T21:57:20Z,0,0,0,0,0,0.6,17.9,848.5,18.2,18.5,65.9,260,254,0,0,91,0,0,18.3,14.3,14
2026-02-13T22:12:26Z,0,0,0,0,0,0.6,17.9,848.4,18.1,18.3,66.7,261,254,0,0,91,0,0,18.1,14.3,13.8
2026-02-13T22:27:32Z,0,0,0,0,0,0.6,17.7,848.2,17.9,18.1,67.4,260,253,0,0,91,0,0,17.9,14.2,13.6
2026-02-13T22:42:56Z,0,0,0,0,0,0.6,17.6,848.1,17.8,17.9,68.2,260,254,0,0,91,0,0,17.7,14.1,13.5
2026-02-13T22:58:02Z,0,0,0,0,0,0.6,17.3,847.7,17.4,17.6,69.1,260,254,0,0,91,0,0,17.4,13.9,13.2
2026-02-13T23:13:59Z,0,0,0,0,0,0.6,17,847.9,17.1,17.4,69.8,260,253,0,0,91,0,0,17.2,13.8,12.9
2026-02-13T23:29:59Z,0,0,0,0,0,0.6,16.7,847.9,16.8,17,70.5,260,252,0,0,91,0,0,16.8,13.6,12.6
2026-02-13T23:45:05Z,0,0,0,0,0,0.6,16.4,848,16.6,16.8,71.4,259,253,0,0,91,0,0,16.6,13.5,12.4
2026-02-14T00:00:11Z,0,0,0,0,0,0.6,16.3,848,16.4,16.7,71.8,260,254,0,0,91,0,0,16.5,13.4,12.3
2026-02-14T00:15:16Z,0,0,0,0,0,0.6,16.2,847.9,16.4,16.6,72,261,252,0,0,91,0,0,16.4,13.3,12.2
2026-02-14T00:30:22Z,0,0,0,0,0,0.6,16,847.8,16.2,16.5,72.5,259,253,0,0,91,0,0,16.3,13.3,12.1
2026-02-14T00:46:02Z,0,0,0,0,0,0.6,15.9,847.9,16.2,16.3,72.9,260,254,0,0,91,0,0,16.1,13.1,11.9
2026-02-14T01:01:08Z,0,0,0,0,0,0.6,15.7,847.9,16.1,16.1,73.3,259,253,0,0,91,0,0,15.9,13,11.7
2026-02-14T01:16:14Z,0,0,0,0,0,0.6,15.4,847.9,15.7,15.8,74.4,261,253,0,0,91,0,0,15.6,12.9,11.4
2026-02-14T01:31:19Z,0,0,0,0,0,0.6,15.5,848.2,16.1,16.1,74.6,259,253,0,0,90,0.2,0.2,15.9,13.2,11.7
2026-02-14T01:47:05Z,0,0,0,0,0,0.6,16.2,848.3,16.4,16.6,73.1,261,253,0,0,90,0,0,16.4,13.4,12.2
2026-02-14T02:02:11Z,0,0,0,0,0,0.6,16,848.5,16.3,16.4,73.5,262,254,0,0,90,0,0,16.2,13.3,12
2026-02-14T02:17:17Z,0,0,0,0,0,0.6,15.6,848.4,16,16.1,74.8,261,252,0,0,90,0.2,0.2,15.9,13.2,11.7
2026-02-14T02:32:22Z,0,0,0,0,0,0.6,15.4,848.5,15.8,15.9,75.4,259,254,0,0,90,0,0,15.7,13.1,11.5
2026-02-14T02:47:28Z,0,0,0,0,0,0.6,15.1,848.7,15.4,15.5,76.8,260,254,0,0,90,0,0,15.3,12.9,11.1
2026-02-14T03:02:34Z,0,0,0,0,0,0.6,14.9,848.8,15.1,15.3,78.1,260,253,0,0,90,0.2,0.2,15.1,12.8,10.9
2026-02-14T03:17:40Z,0,0,0,0,0,0.6,14.6,848.9,15,15.1,78.8,260,254,0,0,90,0,0,14.9,12.6,10.7
2026-02-14T03:33:02Z,0,0,0,0,0,0.6,14.5,849,14.9,15,79.9,261,263,0,0,90,0,0,14.8,12.7,10.6
2026-02-14T03:48:09Z,0,0,0,0.1,0,0.6,14.5,849.3,14.9,15,80.1,268,321,0,0,90,0,0,14.8,12.7,10.6
2026-02-14T04:03:15Z,0,0,0,0.1,0,0.6,14.7,849.4,14.9,15.1,80.5,280,441,0,0,90,0.2,0.2,14.9,12.9,10.7
2026-02-14T04:18:21Z,0,0,0,0.2,0,0.6,15.1,849.7,15.4,15.4,79.3,295,569,0,0,90,0,0,15.3,13.1,11.1
2026-02-14T04:33:27Z,0,0,0,0.3,0,0.6,16,849.7,16.2,16.2,77.2,314,761,0,0.1,90,0.2,0.2,16.1,13.6,11.9
2026-02-14T04:49:46Z,0,0,0,0.4,0,0.6,17.4,849.8,17.4,17.4,74.3,324,837,0,0.1,95,0.4,0.4,17.2,14.3,13
2026-02-14T05:05:03Z,0,0,0,0.6,0,0.6,19.3,850.1,18.9,18.8,70.8,360,1246,0,0.3,101,0.9,0.9,18.7,15.3,14.4
2026-02-14T05:20:07Z,0,0,0,0.5,0,0.6,19.6,850.2,19.4,19.6,67.8,353,1109,0,0.3,66,0.7,0.7,19.5,15.7,15.1
2026-02-14T05:35:13Z,0,0,0,0.9,0,0.6,19.9,850.4,19.9,20.2,65,415,1880,0,0.6,134,1.5,1.5,20.1,15.8,15.7
2026-02-14T05:50:19Z,0,0,0,1.5,0,0.6,20.7,850.5,20.3,20.6,63.2,541,3366,0,0.7,121,1.7,1.7,20.5,16,16
2026-02-14T06:05:53Z,0,0,0,1.8,0,0,21.4,850.4,21.7,21.3,61,590,3884,0,0.9,127,2.6,2.6,21.2,16.3,16.6
2026-02-14T06:21:06Z,0,0,0,2,0,0,22.6,850.5,23.1,22.7,56.3,638,4372,0,0.8,184,1.5,1.5,22.6,16.9,17.8
2026-02-14T06:37:00Z,0,0,0,2.2,0,0,24.5,850.3,24.1,24.3,52.9,673,4769,0,0.1,138,0.4,0.4,24.2,17.8,19.2
2026-02-14T06:52:06Z,0,0,0,2.5,0,0,25,850.1,24.7,25.2,50.6,718,5249,0,1,85,1.7,1.7,25.1,18.3,19.9
2026-02-14T07:08:03Z,0,0,0,2,0,0,26.1,850.2,26.1,26.7,47.7,637,4142,0,0.4,56,1.7,1.7,26.7,19.1,21
2026-02-14T07:23:28Z,0,0,0,2.3,0,0,25.8,850.2,25.8,26.6,47.7,684,4663,0,1,73,2,2,26.6,19,21
2026-02-14T07:38:33Z,0,0,0,3.6,0,0,25.5,850,25.6,26.3,48.3,922,7384,0,1.2,97,2.2,2.2,26.2,18.8,20.7
2026-02-14T07:53:47Z,0,0,0,3.6,0,0,25.8,849.8,25.9,26.5,48,929,7458,0,0.9,88,3.5,3.5,26.4,18.9,20.9
2026-02-14T08:08:53Z,0,0,0,3.8,0,0,25.5,849.7,25.3,26.4,48.2,976,8011,0,0.7,79,2,2,26.4,18.9,20.8
2026-02-14T08:23:59Z,0,0,0,3.9,0,0,27,849.4,26.9,27.7,44.8,993,8063,0,1.7,67,2.6,2.6,27.7,19.4,21.8
2026-02-14T08:39:04Z,0,0,0,4.3,0,0,26.2,849.1,26.5,26.9,46.5,1063,8877,0,0.5,133,2,2,27.1,19,21.3
2026-02-14T08:54:40Z,0,0,0,4.2,0,0,27.3,848.9,27.2,27.9,43.8,1038,8587,0,0.9,128,2.8,2.8,27.9,19.5,21.9
2026-02-14T09:10:37Z,0,0,0,2.4,0,0,27.6,848.7,27.6,28.5,42.5,702,4701,0,1.5,110,4.1,4.1,28.3,19.7,22.3
2026-02-14T09:25:43Z,0,0,0,4.4,0,0,27.1,848.5,27.3,28,42.1,1071,9035,0,0.9,72,2.4,2.4,27.8,19.2,21.9
2026-02-14T09:40:49Z,0,0,0,4.2,0,0,28.6,848.2,28.4,29.6,39.6,1040,8826,0,1.4,88,2.8,2.8,29.2,20,22.8
2026-02-14T09:55:55Z,0,0,0,4.5,0,0,27.9,848,28.1,28.6,41,1094,9164,0,0.1,156,0.9,0.9,28.3,19.5,22.2
2026-02-14T10:11:01Z,0,0,0,4.4,0,0,27.8,847.7,28.3,28.6,40.3,1079,8950,0,2,183,4.1,4.1,28.2,19.4,22.2
2026-02-14T10:26:07Z,0,0,0,1.1,0,0,28.5,847.4,28.8,29.3,40.6,462,2210,0,1.1,147,2.6,2.6,28.9,20,22.7
2026-02-14T10:41:13Z,0,0,0,0.9,0,0,28.7,847.1,28.8,29.7,39.9,416,1803,0,0.9,99,3.5,3.5,29.3,20.2,22.9
2026-02-14T10:56:37Z,0,0,0,4.4,0,0,29.1,846.9,29,30,39.6,1087,9068,0,0.7,109,2,2,29.6,20.3,23.1
2026-02-14T11:11:42Z,0,0,0,0.8,0,0,28.3,846.7,28.4,29,41.1,413,1701,0,0.3,127,1.1,1.1,28.7,19.8,22.5
2026-02-14T11:26:48Z,0,0,0,1.1,0,0,28.5,846.7,28.4,29.3,39.6,457,2106,0,1.7,111,3.5,3.5,28.8,19.8,22.6
2026-02-14T11:41:54Z,0,0,0,2.8,0,0,28.4,846.5,28.3,29.2,39.7,785,5770,0,0.3,356,1.3,1.3,28.8,19.7,22.6
2026-02-14T11:57:53Z,0,0,0,1.8,0,0,28,846.3,28.1,28.8,38.7,593,3716,0,0.6,110,3.7,3.7,28.3,19.2,22.2
2026-02-14T12:12:55Z,0,0,0,3.4,0,0,27.8,846.1,27.9,28.4,39.1,888,7096,0,1.9,57,4.6,4.6,28,19,22
2026-02-14T12:28:43Z,0,0,0,3.3,0,0,30.6,845.8,30.7,31.5,34.7,871,6876,0,1.2,62,2.2,2.2,30.8,20.6,24
2026-02-14T12:43:47Z,0,0,0,2.9,0,0,30,845.7,30.1,31.1,35.5,795,6001,0,1,64,3.5,3.5,30.5,20.5,23.7
2026-02-14T12:59:45Z,0,0,0,2.4,0,0,27.4,845.8,27.5,28.2,40.2,704,5078,0,1,86,2.4,2.4,27.9,19.1,21.9
2026-02-14T13:14:50Z,0,0,0,2.2,0,0,28.9,845.6,28.8,30,37.1,662,4584,0,1.5,82,2.4,2.4,29.4,19.9,23
2026-02-14T13:29:56Z,0,0,0,0.5,0,0,27.8,845.7,27.8,28.3,39.6,351,1052,0,1.4,71,3.7,3.7,27.9,19,22
2026-02-14T13:45:02Z,0,0,0,1.7,0,0,28.9,845.7,29.1,30,37.4,582,3758,0,1.7,61,2.8,2.8,29.4,19.9,23
2026-02-14T14:00:49Z,0,0,0,1.2,0,0,28.4,845.7,28.7,29.4,37.7,484,2731,0,0.4,99,1.1,1.1,28.8,19.5,22.6
2026-02-14T14:15:55Z,0,0,0,0.3,0,0,27.2,845.8,27.2,27.8,40.4,312,704,0,0.6,93,1.7,1.7,27.5,18.7,21.7
2026-02-14T14:31:54Z,0,0,0,0.4,0,0,26.9,845.6,27.1,27.3,40.5,341,1022,0,1.6,60,3.5,3.5,27.1,18.3,21.4
2026-02-14T14:47:53Z,0,0,0,0.3,0,0,27.2,845.7,27.2,27.6,40.9,320,840,0,0.9,63,1.5,1.5,27.4,18.7,21.6
2026-02-14T15:03:00Z,0,0,0,0.2,0,0,26.4,845.9,26.6,26.9,43.7,292,520,0,1.2,86,3,3,27,18.6,21.3
2026-02-14T15:18:55Z,0,0,0,0.2,0,0,25.9,846,26,26.2,44.3,285,448,0,2.4,88,4.2,4.2,26.2,18.1,20.7
2026-02-14T15:34:01Z,0,0,0,0.1,0,0,25.6,846.3,25.8,25.9,45.2,273,361,0,1.6,96,3.9,3.9,25.8,18,20.4
2026-02-14T15:49:51Z,0,0,0,0,0,0,25.3,846.7,25.4,25.5,46.2,262,267,0,0.4,89,1.1,1.1,25.4,17.9,20.1
2026-02-14T16:05:01Z,0,0,0,0,0,0,25.1,846.8,25.2,25.3,47,261,254,0,1.7,70,4.8,4.8,25.2,17.8,20
2026-02-14T16:20:57Z,0,0,0,0,0,0,24.8,847.2,25,25.1,48.2,261,253,0,0.4,95,1.5,1.5,25,17.8,19.8
2026-02-14T16:36:19Z,0,0,0,0,0,0,24.4,847.4,24.6,24.7,49.8,260,253,0,1.1,55,2.2,2.2,24.6,17.7,19.4
2026-02-14T16:51:24Z,0,0,0,0,0,0,24.2,847.6,24.3,24.4,50.9,259,255,0,0.4,67,1.1,1.1,24.3,17.6,19.2
2026-02-14T17:06:53Z,0,0,0,0,0,0,23.9,848,24.1,24.2,52,261,253,0,0.1,102,0.5,0.5,24.1,17.6,19.1
2026-02-14T17:22:56Z,0,0,0,0,0,0,23.9,848.3,24.1,24.2,52.4,261,253,0,0.7,96,1.7,1.7,24.1,17.7,19.1
2026-02-14T17:37:58Z,0,0,0,0,0,0,23.8,848.6,23.9,24,54.4,261,253,0,0.2,17,0.4,0.4,24,17.8,19
2026-02-14T17:53:04Z,0,0,0,0,0,0,23.1,848.8,23.2,23.4,56.9,260,254,0,0.6,31,1.3,1.3,23.3,17.6,18.4
2026-02-14T18:08:59Z,0,0,0,0,0,0,22.6,848.9,22.8,22.9,58.2,259,253,0,0.2,103,0.4,0.4,22.9,17.4,18
2026-02-14T18:24:22Z,0,0,0,0,0,0,22.2,849.1,22.2,22.5,59.9,259,254,0,0.3,103,0.7,0.7,22.4,17.2,17.6
2026-02-14T18:40:16Z,0,0,0,0,0,0,21.9,849.4,22,22.2,60.9,261,252,0,0,87,0.4,0.4,22.1,17.1,17.4
2026-02-14T18:55:47Z,0,0,0,0,0,0,22.1,849.4,22.2,22.4,60.9,261,253,0,0.3,67,0.7,0.7,22.3,17.3,17.6
2026-02-14T19:11:02Z,0,0,0,0,0,0,22.4,849.6,22.6,22.7,59.8,262,254,0,0.3,96,0.7,0.7,22.6,17.4,17.8
2026-02-14T19:26:56Z,0,0,0,0,0,0,22.6,849.7,22.7,22.9,58.1,261,254,0,0.4,60,2.4,2.4,22.8,17.3,18
2026-02-14T19:42:19Z,0,0,0,0,0,0,22.5,849.7,22.6,22.8,58.1,260,252,0,0.4,98,1.1,1.1,22.7,17.2,17.9
2026-02-14T19:57:59Z,0,0,0,0,0,0,22.2,849.9,22.4,22.6,58.9,261,254,0,0.9,75,1.7,1.7,22.5,17.2,17.7
2026-02-14T20:13:24Z,0,0,0,0,0,0,22,850.1,22.2,22.4,60.1,260,252,0,0.9,89,2.2,2.2,22.3,17.2,17.6
2026-02-14T20:29:23Z,0,0,0,0,0,0,21.9,850.2,22.1,22.2,60.9,259,253,0,0.8,101,1.3,1.3,22.2,17.2,17.5
2026-02-14T20:45:07Z,0,0,0,0,0,0,21.6,850.4,21.6,21.9,64.8,261,253,0,0.2,101,0.7,0.7,21.8,17.3,17.2
2026-02-14T21:00:33Z,0,0,0,0,0,0,21.2,850.3,21.2,21.4,66.3,260,254,0,0,102,0,0,21.4,17.1,16.8
2026-02-14T21:16:08Z,0,0,0,0,0,0,20.8,850.2,21,21.2,67.6,259,254,0,0,102,0.4,0.4,21.2,17.1,16.6
2026-02-14T21:31:15Z,0,0,0,0,0,0,20.7,850,20.8,21,68,262,254,0,0.4,101,0.9,0.9,21,16.9,16.4
2026-02-14T21:46:21Z,0,0,0,0,0,0,20.3,849.9,20.4,20.7,68.9,261,253,0,0,102,0,0,20.6,16.8,16.1
2026-02-14T22:01:27Z,0,0,0,0,0,0,20,849.5,20.2,20.4,69.9,261,253,0,0,102,0.4,0.4,20.3,16.6,15.9
2026-02-14T22:16:34Z,0,0,0,0,0,0,19.9,849.6,20.1,20.2,70.2,260,252,0,0,102,0,0,20.2,16.5,15.7
2026-02-14T22:31:40Z,0,0,0,0,0,0,19.7,849.4,19.9,20.1,70.6,259,253,0,0,102,0,0,20,16.4,15.6
2026-02-14T22:47:03Z,0,0,0,0,0,0,19.6,849.2,19.8,20,71.2,261,252,0,0.2,102,0.8,0.8,19.9,16.4,15.5
2026-02-14T23:02:06Z,0,0,0,0,0,0,19.4,849.2,19.5,19.7,71.8,260,253,0,0,102,0,0,19.7,16.3,15.3
2026-02-14T23:17:12Z,0,0,0,0,0,0,19.1,849,19.2,19.4,72.4,261,254,0,0,102,0,0,19.3,16,15
2026-02-14T23:32:18Z,0,0,0,0,0,0,18.5,848.7,18.6,18.9,74.1,260,254,0,0.3,102,0.7,0.7,18.8,15.7,14.5
2026-02-14T23:48:07Z,0,0,0,0,0,0,18.1,848.6,18.3,18.5,75.4,259,254,0,0.2,102,0.7,0.7,18.5,15.6,14.2
