ts,rg1,rg2,rg1tt,rg2tt,rg1tp,rg2tp,temp_bmx,press_bmx,temp_mcp,temp_sht,humidity_sht,si1145_vis,si1145_ir,si1145_uv,wind_spd,wind_dir,wind_gust,wind_gust_dir,heat_idx,wet_bulb_temp,wet_bulb_globe_temp
2026-05-14T00:00:18Z,0,0,0,0,29.6,0,17.4,850,17.4,17.7,80.6,260,253,0,0,108,0,0,17.7,15.4,13.4
2026-05-14T00:15:25Z,0,0,0,0,29.6,0,17.3,850,17.4,17.6,81.7,260,253,0,0,108,0,0,17.6,15.4,13.3
2026-05-14T00:30:32Z,0,0,0,0,29.6,0,17,849.9,17.1,17.4,79.7,261,253,0,0,108,0,0,17.3,15,13.1
2026-05-14T00:45:39Z,0,0,0,0,29.6,0,16.9,850,17.1,17.3,80.7,261,253,0,0,108,0,0,17.2,15,13
2026-05-14T01:01:07Z,0,0,0,0,29.6,0,16.8,849.9,16.9,17.1,82.2,261,253,0,0,108,0,0,17.1,15,12.9
2026-05-14T01:16:14Z,0,0,0,0,29.6,0,16.7,850,16.8,17,83.3,260,253,0,0,108,0,0,17,15.1,12.8
2026-05-14T01:31:21Z,0,0,0,0,29.6,0,16.3,850,16.4,16.7,83.3,260,254,0,0,108,0,0,16.6,14.7,12.4
2026-05-14T01:46:27Z,0,0,0,0,29.6,0,16,850,16.2,16.3,85.9,258,254,0,0,108,0,0,16.3,14.7,12.1
2026-05-14T02:01:34Z,0,0,0,0,29.6,0,15.9,850.2,16.2,16.3,86.2,261,254,0,0,108,0,0,16.2,14.7,12
2026-05-14T02:16:41Z,0,0,0,0,29.6,0,16,850.3,16.2,16.4,88.1,261,253,0,0,108,0,0,16.4,15,12.2
2026-05-14T02:31:48Z,0,0,0,0,29.6,0,15.9,850.5,16.2,16.3,88.9,261,252,0,0,108,0,0,16.3,15,12.1
2026-05-14T02:47:11Z,0,0,0,0,29.6,0,15.8,850.6,16.1,16.2,89.8,260,253,0,0,108,0.2,0.2,16.2,15,12
2026-05-14T03:02:18Z,0,0,0,0,29.6,0,15.6,850.7,15.9,16,90.4,260,253,0,0,108,0,0,16,14.8,11.8
2026-05-14T03:17:25Z,0,0,0,0,29.6,0,15.5,850.8,15.8,15.9,91.1,261,264,0,0,108,0,0,15.9,14.8,11.7
2026-05-14T03:32:32Z,0,0,0,0.1,29.6,0,15.4,851,15.8,15.8,91.6,270,370,0,0,108,0,0,15.9,14.9,11.7
2026-05-14T03:47:38Z,0,0,0,0.2,29.6,0,15.6,851.1,16,16,91.8,284,515,0,0,108,0,0,16,15,11.8
2026-05-14T04:02:46Z,0,0,0,0.2,29.6,0,16.1,851.2,16.3,16.5,91.3,304,743,0,0,108,0,0,16.5,15.4,12.3
2026-05-14T04:17:52Z,0,0,0,0.3,29.6,0,17,851.4,17.2,17.2,87.7,323,915,0,0.3,108,0.7,0.7,17.3,15.8,13
2026-05-14T04:33:16Z,0,0,0,0.3,29.6,0,18,851.5,18.3,18,83.7,309,685,0,0,108,0.2,0.2,18,16,13.7
2026-05-14T04:48:22Z,0,0,0,0.8,29.6,0,19.2,851.6,19.4,18.9,78.8,410,1895,0,0.3,108,1.3,1.3,18.9,16.4,14.6
2026-05-14T05:03:29Z,0,0,0,1.1,29.6,0,21.1,851.7,21.1,20.3,74.1,469,2536,0,0.1,108,0.4,0.4,20.3,17.1,15.8
2026-05-14T05:18:35Z,0,0,0,1.4,29.6,0,22.6,851.9,22.3,21.3,69.5,524,3120,0,0.1,108,0.7,0.7,21.3,17.5,16.7
2026-05-14T05:33:42Z,0,0,0,1.5,29.6,0,22.7,851.9,22.1,21.4,69.7,532,3171,0,0,108,0,0,21.4,17.5,16.8
2026-05-14T05:48:48Z,0,0,0,1.7,29.6,0,21.8,852,22,21.7,67.8,573,3636,0,0,108,0,0,21.7,17.6,17.1
2026-05-14T06:03:55Z,0,0,0,1.5,0,0,22.9,852.2,22.8,22.5,65,537,3239,0,0,108,0,0,22.5,18,17.8
2026-05-14T06:19:00Z,0,0,0,1.3,0,0,23,852.2,22.8,22.6,62.8,494,2769,0,0,108,0,0,22.6,17.8,17.8
2026-05-14T06:34:43Z,0,0,0,1.5,0,0,22.2,852.2,22.3,21.9,66.4,538,3238,0,0,108,0,0,21.9,17.6,17.2
2026-05-14T06:49:50Z,0,0,0,1.6,0,0,21.1,852.2,21.5,20.9,68.7,565,3498,0,1,193,2,2,20.9,17,16.3
2026-05-14T07:04:56Z,0,0,0,1.6,0,0,21.7,852.2,22.3,21.5,68.5,549,3318,0,0.2,193,0.9,0.9,21.5,17.5,16.9
2026-05-14T07:20:03Z,0,0,0,3.3,0,0,22.1,852.1,22.6,22.1,69,880,6830,0,0,194,0.4,0.4,22.1,18.1,17.4
2026-05-14T07:35:30Z,0,0,0,3.3,0,0,23.4,852,24.1,23.3,65.2,879,6879,0,0.1,213,0.7,0.7,23.3,18.7,18.4
2026-05-14T07:50:37Z,0,0,0,3.5,0,0,22.3,852.1,22.8,22.1,66.6,914,7245,0,0.6,270,1.1,1.1,22.1,17.8,17.4
2026-05-14T08:05:43Z,0,0,0,3.7,0,0,23.6,852,24.4,23.7,61.8,940,7460,0,0.1,213,0.4,0.4,23.7,18.6,18.7
2026-05-14T08:20:49Z,0,0,0,3.6,0,0,24,851.8,24.4,23.8,58.7,927,7294,0,0.5,324,1.3,1.3,23.8,18.3,18.8
2026-05-14T08:35:56Z,0,0,0,3.6,0,0,24.2,851.6,24.9,24.4,58.7,930,7339,0,0.5,186,1.1,1.1,24.4,18.7,19.3
2026-05-14T08:51:02Z,0,0,0,3.8,0,0,25,851.4,25.9,25.1,57.2,966,7672,0,0.5,186,1.1,1.1,25.2,19.2,19.9
2026-05-14T09:06:29Z,0,0,0,4,0,0,25.1,851.2,26,25.5,53.5,1000,8024,0,0.8,203,1.5,1.5,25.5,19,20.2
2026-05-14T09:21:35Z,0,0,0,4,0,0,25.1,851,25.8,25.8,53.4,995,7975,0,0.5,115,1.1,1.1,25.8,19.2,20.4
2026-05-14T09:36:41Z,0,0,0,3.5,0,0,25.3,850.8,26,26.1,54,901,7099,0,0.1,138,0.4,0.4,26.1,19.6,20.6
2026-05-14T09:51:47Z,0,0,0,3.9,0,0,26,850.4,26.6,26.7,53.9,991,7899,0,0,117,0.4,0.4,27.3,20.1,21.5
2026-05-14T10:06:54Z,0,0,0,3.9,0,0,25.4,850.1,25.6,26.4,50.8,984,7859,0,1.4,70,2,2,26.4,19.3,20.8
2026-05-14T10:22:01Z,0,0,0,0.9,0,0,25.1,849.8,25.4,25.6,54.5,418,1701,0,0.9,70,1.5,1.5,25.7,19.2,20.3
2026-05-14T10:37:07Z,0,0,0,3.6,0,0,26,849.6,26.4,26.7,53.4,935,7342,0,0.2,68,1.1,1.1,27.3,20,21.5
2026-05-14T10:52:53Z,0,0,0,1.2,0,0,25.7,849.3,26.4,26.5,52.9,480,2356,0,0,105,0.2,0.2,26.6,19.8,21
2026-05-14T11:08:42Z,0,0,0,3.5,0,0,26.6,849,27.2,27.3,50.5,906,7029,0,0.1,189,0.4,0.4,27.7,20.1,21.8
2026-05-14T11:23:49Z,0,0,0,1.1,0,0,27.2,848.7,27.4,27.7,51.8,467,2247,0,0.5,132,1.3,1.3,28.3,20.6,22.2
2026-05-14T11:38:56Z,0,0,0,2.9,0,0,25.6,848.5,26.1,25.9,55.8,798,5976,0,0.9,157,1.5,1.5,25.9,19.6,20.5
2026-05-14T11:54:03Z,0,0,0,2.8,0,0,26.1,848.3,26.5,26.7,52.4,784,5761,0,0.3,121,0.8,0.8,27.3,19.8,21.5
2026-05-14T12:09:10Z,0,0,0,2.7,0,0,27.2,848.2,27.7,28.2,49.6,755,5445,0,0.6,170,1.6,1.6,28.6,20.7,22.5
2026-05-14T12:24:32Z,0,0,0,2.4,0,0,28.1,848.1,28.2,29.1,47.3,706,4937,0,0.2,140,0.7,0.7,29.4,21,23
2026-05-14T12:39:39Z,0,0,0,2.2,0,0,27.2,848,27.4,28.4,46.2,668,4553,0,0.3,64,1.3,1.3,28.6,20.3,22.4
2026-05-14T12:54:46Z,0,0,0,2,0,0,27.6,847.9,28.1,29,47.3,620,4077,0,1.4,158,3.7,3.7,29.3,20.9,22.9
2026-05-14T13:09:53Z,0,0,0,1.8,0,0,27.2,847.9,27.6,28.6,47.4,590,3805,0,0.8,70,1.7,1.7,28.9,20.7,22.7
2026-05-14T13:25:00Z,0,0,0,1.5,0,0,27.3,847.9,27.8,29,49.7,535,3198,0,1.1,68,2.4,2.4,29.6,21.3,23.1
2026-05-14T13:40:07Z,0,0,0,1.2,0,0,26.4,847.9,27.1,28,52.2,477,2590,0,1.1,70,2,2,28.6,20.9,22.5
2026-05-14T13:55:14Z,0,0,0,0.3,0,0,25.7,848,26,27,53.2,316,680,0,0.9,89,1.7,1.7,27.6,20.2,21.7
2026-05-14T14:10:36Z,0,0,0,0.2,0,0,24.7,848,25.1,25.7,56.9,300,532,0,0.8,101,1.9,1.9,25.8,19.7,20.4
2026-05-14T14:25:43Z,0,0,0,0.3,0,0,23.6,848.2,23.9,24.1,61.4,318,809,0,0.5,153,1.4,1.4,24.1,18.9,19.1
2026-05-14T14:40:49Z,0,0,0,0.2,0,0,23.4,848.3,23.6,23.8,63.2,289,456,0,0.4,171,1.1,1.1,23.8,18.9,18.8
2026-05-14T14:55:56Z,0,0,0,0.1,0,0,23,848.5,23.2,23.4,63.8,282,413,0,0.4,120,0.9,0.9,23.4,18.6,18.5
2026-05-14T15:11:02Z,0,0,0,0.1,0,0,22.6,848.5,22.8,23,65.2,272,358,0,0.5,105,1.7,1.7,23,18.4,18.2
2026-05-14T15:26:08Z,0,0,0,0,0,0,22.2,848.7,22.4,22.5,66.7,265,278,0,0,95,0.2,0.2,22.5,18.2,17.8
2026-05-14T15:41:15Z,0,0,0,0,0,0,21.8,849,21.9,22.1,69.7,260,256,0,0,159,0,0,22.2,18.2,17.5
2026-05-14T15:56:40Z,0,0,0,0,0,0,21.6,849.1,21.7,21.9,71.1,260,254,0,0,159,0.2,0.2,22,18.2,17.3
2026-05-14T16:11:46Z,0,0,0,0,0,0,21.3,849.3,21.4,21.6,72.6,259,254,0,0,159,0.2,0.2,21.7,18.1,17
2026-05-14T16:26:53Z,0,0,0,0,0,0,21.3,849.3,21.5,21.6,72.6,260,253,0,0,184,0,0,21.7,18.1,17
2026-05-14T16:41:59Z,0,0,0,0,0,0,21.2,849.4,21.4,21.5,73.1,260,252,0,0.3,136,1.5,1.5,21.6,18.1,17
2026-05-14T16:57:06Z,0,0,0,0,0,0,21,849.6,21.1,21.3,74.5,259,254,0,0,144,0,0,21.4,18.1,16.8
2026-05-14T17:12:12Z,0,0,0,0,0,0,20.9,849.8,21.1,21.2,74.9,261,254,0,0.1,144,0.7,0.7,21.3,18.1,16.7
2026-05-14T17:27:19Z,0,0,0,0,0,0,20.7,849.9,20.9,21.1,73.6,259,254,0,0.1,172,0.4,0.4,21.1,17.7,16.5
2026-05-14T17:42:44Z,0,0,0,0,0,0,20.3,850.1,20.4,20.7,74.3,261,253,0,0,172,0,0,20.7,17.4,16.2
2026-05-14T17:57:51Z,0,0,0,0,0,0,19.9,850.2,20,20.2,76.7,262,254,0,0,172,0,0,20.2,17.3,15.8
2026-05-14T18:12:58Z,0,0,0,0,0,0,19.7,850.4,19.8,20,77.4,260,254,0,0.1,172,0.7,0.7,20.1,17.2,15.6
2026-05-14T18:28:04Z,0,0,0,0,0,0,19.8,850.5,20.1,20.1,76.3,260,254,0,0,89,0,0,20.2,17.2,15.7
2026-05-14T18:43:11Z,0,0,0,0,0,0,19.7,850.6,19.9,20,76.6,260,254,0,0,99,0.4,0.4,20.1,17.1,15.6
2026-05-14T18:58:19Z,0,0,0,0,0,0,19.7,850.7,19.9,20,77,260,254,0,0,108,0,0,20.1,17.2,15.6
2026-05-14T19:13:26Z,0,0,0,0,0,0,19.6,850.8,19.8,19.9,77.5,260,253,0,0,108,0,0,20,17.1,15.5
2026-05-14T19:28:47Z,0,0,0,0,0,0,19.3,850.9,19.4,19.6,76.9,261,253,0,0,108,0,0,19.6,16.8,15.2
2026-05-14T19:43:55Z,0,0,0,0,0,0,19,851,19.2,19.3,79,260,254,0,0,73,0,0,19.4,16.8,15
2026-05-14T19:59:02Z,0,0,0,0,0,0,18.8,850.9,19,19.2,77.9,260,254,0,0.4,74,1.1,1.1,19.2,16.5,14.8
2026-05-14T20:14:09Z,0,0,0,0,0,0,19.2,851,19.3,19.5,76.5,262,255,0,0,157,0.2,0.2,19.5,16.6,15.1
2026-05-14T20:29:16Z,0,0,0,0,0,0,19.4,851,19.6,19.8,74.7,261,254,0,0,178,0.2,0.2,19.8,16.6,15.3
2026-05-14T20:44:22Z,0,0,0,0,0,0,19.4,851,19.5,19.7,72.6,260,254,0,0,172,0.2,0.2,19.7,16.3,15.3
2026-05-14T20:59:30Z,0,0,0,0,0,0,19.1,851,19.3,19.5,72.1,259,253,0,0.7,195,2.8,2.8,19.5,16.1,15.1
2026-05-14T21:14:51Z,0,0,0,0,0,0,18.9,850.8,19.1,19.3,73,261,252,0,0.1,184,1.1,1.1,19.2,16,14.9
2026-05-14T21:29:59Z,0,0,0,0,0,0,18.5,850.8,18.7,19,74.5,259,254,0,0.7,190,2.2,2.2,18.9,15.9,14.6
2026-05-14T21:45:06Z,0,0,0,0,0,0,18,850.7,18.2,18.5,76.7,261,254,0,0.3,104,0.9,0.9,18.4,15.7,14.1
2026-05-14T22:00:11Z,0,0,0,0,0,0,17.6,850.7,17.8,18,78.6,261,253,0,0,146,0.4,0.4,18,15.5,13.7
2026-05-14T22:15:17Z,0,0,0,0,0,0,17.6,850.6,17.8,18,79.5,261,253,0,0,110,0,0,18,15.6,13.7
2026-05-14T22:30:41Z,0,0,0,0,0,0,17.6,850.4,17.8,18,79.7,261,253,0,0.7,66,1.3,1.3,17.9,15.5,13.6
2026-05-14T22:45:54Z,0,0,0,0,0,0,17.4,850.1,17.6,17.8,81.4,259,254,0,0.5,144,1.1,1.1,17.8,15.6,13.6
2026-05-14T23:01:01Z,0,0,0,0,0,0,17.2,849.9,17.3,17.6,83.3,260,253,0,0.3,166,0.9,0.9,17.6,15.6,13.3
2026-05-14T23:16:08Z,0,0,0,0,0,0,16.9,849.7,17.1,17.3,84.5,260,254,0,0.5,188,1.5,1.5,17.3,15.5,13.1
2026-05-14T23:32:03Z,0,0,0,0,0,0,16.6,849.8,16.7,17,85.8,261,255,0,0.1,98,0.2,0.2,17,15.3,12.8
2026-05-14T23:47:10Z,0,0,0,0,0,0,16.3,849.9,16.4,16.7,87.4,261,253,0,0,67,0,0,16.7,15.2,12.5
2026-05-15T00:00:15Z,0,0,0,0,0,0,16,849.8,16.2,16.3,88.6,261,252,0,0,67,0,0,16.3,15,12.1
2026-05-15T00:15:23Z,0,0,0,0,0,0,15.8,850,16,16.1,90.4,261,253,0,0,67,0,0,16.1,15,11.9
2026-05-15T00:30:30Z,0,0,0,0,0,0,15.8,849.9,16.1,16.2,91.4,261,253,0,0,67,0,0,16.2,15.1,12
2026-05-15T00:45:37Z,0,0,0,0,0,0,15.9,849.9,16.2,16.3,90.6,260,253,0,0,67,0,0,16.4,15.2,12.1
2026-05-15T01:00:51Z,0,0,0,0,0,0,16,850.1,16.2,16.4,90.8,260,253,0,0,67,0,0,16.4,15.3,12.2
2026-05-15T01:16:00Z,0,0,0,0,0,0,16.1,850.1,16.4,16.6,90.5,259,254,0,0,67,0,0,16.6,15.5,12.4
2026-05-15T01:31:06Z,0,0,0,0,0,0,16.3,850.2,16.4,16.7,89.9,259,255,0,0.2,85,0.7,0.7,16.7,15.5,12.5
2026-05-15T01:46:13Z,0,0,0,0,0,0,16.4,850.1,16.6,16.7,89.9,260,253,0,0,85,0,0,16.8,15.5,12.6
2026-05-15T02:01:20Z,0,0,0,0,0,0,16.3,850.2,16.4,16.7,89.3,260,254,0,0,85,0,0,16.7,15.4,12.5
2026-05-15T02:16:27Z,0,0,0,0,0,0,16.3,850.2,16.3,16.6,90.1,260,254,0,0,85,0,0,16.6,15.4,12.4
2026-05-15T02:31:34Z,0,0,0,0,0,0,16,850.2,16.2,16.4,90.7,259,253,0,0,85,0,0,16.4,15.3,12.2
2026-05-15T02:46:40Z,0,0,0,0,0,0,15.7,850.3,15.9,16,91.6,260,253,0,0,85,0,0,16,15,11.8
2026-05-15T03:02:04Z,0,0,0,0,0,0,15.6,850.4,15.8,15.9,92.8,260,254,0,0,85,0,0,16,15.1,11.8
2026-05-15T03:17:11Z,0,0,0,0,0,0,15.5,850.5,15.8,15.9,93.2,261,263,0,0,85,0,0,15.9,15.1,11.7
2026-05-15T03:32:11Z,0,0,0,0.1,0,0,15.4,850.7,15.7,15.7,93.8,267,311,0,0,85,0,0,15.8,15,11.6
2026-05-15T03:47:17Z,0,0,0,0.1,0,0,15.3,850.8,15.6,15.7,94.2,277,404,0,0,85,0,0,15.7,15,11.5
2026-05-15T04:02:24Z,0,0,0,0.2,0,0,15.6,850.9,15.9,15.9,94.7,290,510,0,0,85,0,0,15.9,15.3,11.7
2026-05-15T04:17:31Z,0,0,0,0.2,0,0,16,851,16.2,16.2,94.8,299,581,0,0,85,0,0,16.3,15.6,12.1
2026-05-15T04:33:14Z,0,0,0,0.3,0,0,16.4,851.3,16.7,16.6,91.9,323,842,0,0,77,0,0,16.7,15.7,12.5
2026-05-15T04:48:21Z,0,0,0,0.3,0,0,17.2,851.5,17.4,17.2,89.7,323,820,0,0.1,40,0.4,0.4,17.3,16,13.1
2026-05-15T05:03:28Z,0,0,0,0.5,0,0,17.3,851.6,17.4,17.6,87.8,346,1154,0,0,59,0,0,17.6,16.1,13.4
2026-05-15T05:19:09Z,0,0,0,0.5,0,0,17.6,851.8,18.1,18,85.3,346,1142,0,0.1,109,0.7,0.7,18,16.2,13.7
2026-05-15T05:34:32Z,0,0,0,0.5,0,0,18.1,851.8,18.4,18.5,84.6,342,1054,0,0,113,0,0,18.6,16.6,14.2
2026-05-15T05:49:39Z,0,0,0,0.5,0,0,18.6,851.8,18.8,18.9,83,355,1308,0,0,101,0,0,18.9,16.8,14.6
2026-05-15T06:04:46Z,0,0,0,0.7,0,0,19,851.8,19.1,19.3,80.4,383,1556,0,0,101,0,0,19.3,16.9,14.9
2026-05-15T06:19:52Z,0,0,0,0.8,0,0,19.5,851.8,19.6,19.6,78.8,413,1828,0,0,101,0,0,19.6,17,15.2
2026-05-15T06:34:58Z,0,0,0,1.8,0,0,19.5,851.7,19.6,19.3,78.9,595,3797,0,0,114,0.2,0.2,19.4,16.8,15
2026-05-15T06:50:05Z,0,0,0,2.7,0,0,20.9,851.6,21.6,20.9,73.5,757,5566,0,0,114,0,0,20.9,17.5,16.3
2026-05-15T07:05:11Z,0,0,0,2.9,0,0,22,851.7,22.7,21.9,69.6,806,6098,0,0.2,320,0.7,0.7,21.9,18,17.2
2026-05-15T07:20:37Z,0,0,0,3.5,0,0,22.4,851.6,22.6,23,64.7,916,7451,0,0.3,149,0.8,0.8,23.1,18.4,18.2
2026-05-15T07:35:44Z,0,0,0,1.8,0,0,21.8,851.5,22.6,22.3,68,584,3652,0,0.1,149,0.4,0.4,22.3,18.1,17.6
2026-05-15T07:50:51Z,0,0,0,3.8,0,0,22.5,851.4,23.4,23.1,66.6,971,7887,0,0,173,0.4,0.4,23.1,18.7,18.2
2026-05-15T08:05:57Z,0,0,0,4,0,0,23,851.3,24,23.5,63,1011,8364,0,0.3,168,1.1,1.1,23.5,18.6,18.6
2026-05-15T08:21:04Z,0,0,0,1,0,0,23.1,851.2,24.2,23.8,62.4,437,1935,0,0.2,131,0.9,0.9,23.8,18.8,18.8
2026-05-15T08:36:10Z,0,0,0,4.3,0,0,23.5,851,24.6,24,61.1,1059,8824,0,0.4,169,1.1,1.1,24,18.8,19
2026-05-15T08:51:17Z,0,0,0,1.2,0,0,22.9,850.8,23.8,23.3,61.7,478,2406,0,0.9,191,1.7,1.7,23.3,18.2,18.4
2026-05-15T09:06:42Z,0,0,0,1.2,0,0,23.8,850.6,24.4,24.5,60.3,475,2420,0,0,191,0.2,0.2,24.5,19.1,19.4
2026-05-15T09:21:48Z,0,0,0,1.7,0,0,24.5,850.4,25,24.7,57.5,566,3361,0,0.4,147,1.1,1.1,24.7,18.9,19.6
2026-05-15T09:36:55Z,0,0,0,1.2,0,0,24.6,850.2,25.2,24.8,57.5,480,2431,0,0.9,226,2.4,2.4,24.8,19,19.6
2026-05-15T09:52:47Z,0,0,0,4,0,0,23.9,850,24.4,24.3,59.8,1005,8286,0,0.7,155,1.7,1.7,24.3,18.8,19.2
2026-05-15T10:07:54Z,0,0,0,3.9,0,0,24.4,849.8,25.4,25.2,56.9,991,8138,0,0.2,187,0.9,0.9,25.3,19.2,20
2026-05-15T10:23:01Z,0,0,0,3.7,0,0,25.3,849.5,26.4,26.2,51.8,946,7738,0,0.5,165,2.1,2.1,26.2,19.3,20.7
2026-05-15T10:38:07Z,0,0,0,0.9,0,0,25.3,849.2,26.1,25.9,51.8,416,1736,0,0.6,149,2.2,2.2,25.9,19,20.4
2026-05-15T10:53:13Z,0,0,0,3.7,0,0,25.7,849,26.6,26.3,52,939,7591,0,1.1,183,3.1,3.1,26.3,19.4,20.8
2026-05-15T11:08:40Z,0,0,0,3.3,0,0,25.4,848.7,26.2,26.2,53,877,6959,0,0.3,184,0.9,0.9,26.2,19.5,20.7
2026-05-15T11:23:47Z,0,0,0,3.3,0,0,25.4,848.6,26.2,26.1,51.4,864,6802,0,0.5,175,1.1,1.1,26.2,19.2,20.7
2026-05-15T11:38:53Z,0,0,0,2.9,0,0,25.6,848.5,26.4,26.3,54,800,6051,0,0.8,176,1.5,1.5,26.3,19.7,20.8
2026-05-15T11:54:03Z,0,0,0,3,0,0,26.7,848.2,27.2,26.8,50.5,807,6113,0,0.2,233,0.4,0.4,27.3,19.6,21.5
2026-05-15T12:09:09Z,0,0,0,2.6,0,0,27.4,847.9,27.9,27.6,46.1,749,5488,0,0,202,0.4,0.4,27.7,19.6,21.8
2026-05-15T12:24:16Z,0,0,0,0.9,0,0,27.7,847.7,28.2,27.9,49.7,428,1886,0,0,200,0.2,0.2,28.3,20.5,22.3
2026-05-15T12:39:23Z,0,0,0,0.9,0,0,25.7,847.6,26.3,26,51.2,420,1830,0,0.6,202,1.5,1.5,26,19.1,20.6
2026-05-15T12:54:44Z,0,0,0,1.9,0,0,25.1,847.4,25.7,25.7,52.7,604,3984,0,0,176,0,0,25.7,19,20.3
2026-05-15T13:09:51Z,0,0,0,2,0,0,26.3,847.4,27.1,26.6,49.9,623,4236,0,0.1,176,0.4,0.4,26.6,19.3,21
2026-05-15T13:24:57Z,0,0,0,1.5,0,0,26.7,847.2,27.6,27.3,51.7,543,3488,0,0.2,183,0.4,0.4,27.8,20.2,21.9
2026-05-15T13:40:04Z,0,0,0,0.3,0,0,25.3,847.4,26.2,25.9,54.3,320,832,0,0.5,176,0.9,0.9,25.9,19.4,20.5
2026-05-15T13:55:10Z,0,0,0,0.3,0,0,24.4,847.4,24.9,24.8,58.4,323,811,0,0.1,176,0.4,0.4,24.8,19.1,19.6
2026-05-15T14:10:16Z,0,0,0,0.8,0,0,25.1,847.4,25.9,25.7,55.4,414,1919,0,0.1,176,0.4,0.4,25.8,19.5,20.4
2026-05-15T14:25:23Z,0,0,0,0.6,0,0,25.2,847.4,25.9,26,55.4,363,1567,0,0.2,153,1.1,1.1,26.1,19.7,20.6
2026-05-15T14:40:49Z,0,0,0,0.1,0,0,24.2,847.5,24.5,24.8,62.2,276,428,0,0.1,146,0.4,0.4,24.8,19.6,19.6
2026-05-15T14:55:56Z,0,0,0,0.2,0,0,23.4,847.5,23.7,23.9,65.9,287,533,0,0.3,130,0.9,0.9,24,19.3,18.9
2026-05-15T15:11:02Z,0,0,0,0.1,0,0,23,847.8,23.2,23.4,67.7,269,336,0,0.1,140,1.1,1.1,23.5,19.1,18.5
2026-05-15T15:26:09Z,0,0,0,0,0,0,22.5,847.9,22.7,22.9,69.2,264,273,0,0,102,0.4,0.4,23,18.9,18.1
2026-05-15T15:41:16Z,0,0,0,0,0,0,22.1,848.1,22.2,22.5,70.6,261,256,0,0.5,88,1.3,1.3,22.5,18.6,17.7
2026-05-15T15:56:23Z,0,0,0,0,0,0,21.7,848.4,21.9,22.1,71.9,260,253,0,0.1,122,0.4,0.4,22.2,18.5,17.4
2026-05-15T16:11:30Z,0,0,0,0,0,0,21.7,848.5,21.9,22,71.7,260,254,0,0,131,0,0,22.1,18.4,17.4
2026-05-15T16:26:53Z,0,0,0,0,0,0,21.6,848.7,21.7,21.9,71.7,260,253,0,0,79,0,0,21.9,18.2,17.3
2026-05-15T16:42:00Z,0,0,0,0,0,0,21.4,848.9,21.6,21.8,71.4,260,253,0,0.7,98,1.5,1.5,21.8,18.1,17.2
2026-05-15T16:57:06Z,0,0,0,0,0,0,21.3,849,21.5,21.6,71.5,260,253,0,0.3,119,0.7,0.7,21.7,18,17
2026-05-15T17:12:13Z,0,0,0,0,0,0,21.2,849.3,21.3,21.5,72.8,259,254,0,0,86,0,0,21.6,18.1,16.9
2026-05-15T17:27:19Z,0,0,0,0,0,0,21.1,849.4,21.2,21.4,73.6,259,254,0,0,82,0,0,21.5,18.1,16.9
2026-05-15T17:43:03Z,0,0,0,0,0,0,21.1,849.4,21.3,21.4,71.2,261,253,0,1.1,72,1.7,1.7,21.4,17.7,16.8
2026-05-15T17:58:09Z,0,0,0,0,0,0,21.1,849.6,21.2,21.4,73,260,253,0,0,78,0.4,0.4,21.5,18,16.8
2026-05-15T18:13:16Z,0,0,0,0,0,0,20.9,849.7,21,21.2,74.6,260,253,0,0,32,0,0,21.3,18,16.7
2026-05-15T18:28:23Z,0,0,0,0,0,0,20.7,849.8,20.8,20.9,75.5,260,253,0,0,68,0,0,21,17.8,16.4
2026-05-15T18:43:30Z,0,0,0,0,0,0,20.4,850.1,20.6,20.8,76.1,261,254,0,0,81,0,0,20.8,17.8,16.3
2026-05-15T18:58:37Z,0,0,0,0,0,0,20.3,850.1,20.4,20.6,75.8,261,253,0,0.1,112,0.7,0.7,20.7,17.6,16.2
2026-05-15T19:13:58Z,0,0,0,0,0,0,20,850.1,20.1,20.4,76.7,260,253,0,0,83,0.2,0.2,20.5,17.5,16
2026-05-15T19:29:05Z,0,0,0,0,0,0,19.8,850.3,19.9,20.1,78.4,261,254,0,0,82,0.2,0.2,20.1,17.4,15.7
2026-05-15T19:44:12Z,0,0,0,0,0,0,19.7,850.3,19.8,20,79.1,260,252,0,0,83,0.2,0.2,20.1,17.4,15.6
2026-05-15T19:59:18Z,0,0,0,0,0,0,19.6,850.3,19.8,20,79.4,259,254,0,0,97,0,0,20,17.4,15.6
2026-05-15T20:14:25Z,0,0,0,0,0,0,19.8,850.3,19.9,20.1,78,260,253,0,0.1,143,0.4,0.4,20.1,17.4,15.7
2026-05-15T20:29:32Z,0,0,0,0,0,0,19.9,850.3,20,20.2,74.8,260,252,0,0.8,201,2.6,2.6,20.2,17.1,15.8
2026-05-15T20:44:39Z,0,0,0,0,0,0,19.5,850.4,19.7,19.9,76.4,260,253,0,0,156,0.4,0.4,19.9,17,15.5
2026-05-15T21:00:02Z,0,0,0,0,0,0,19.1,850.2,19.3,19.5,78,262,253,0,0.6,156,2.6,2.6,19.6,16.8,15.2
2026-05-15T21:15:09Z,0,0,0,0,0,0,18.7,850.3,18.9,19.1,80,260,254,0,0.4,153,1.5,1.5,19.2,16.7,14.8
2026-05-15T21:30:16Z,0,0,0,0,0,0,18.4,850.3,18.5,18.8,81.5,259,254,0,0,145,0,0,18.9,16.6,14.5
2026-05-15T21:45:23Z,0,0,0,0,0,0,18.4,850.2,18.5,18.7,82.2,259,253,0,0,145,0.2,0.2,18.8,16.6,14.4
2026-05-15T22:00:30Z,0,0,0,0,0,0,18.3,850,18.5,18.7,82.6,259,253,0,0,164,0,0,18.8,16.6,14.4
2026-05-15T22:15:37Z,0,0,0,0,0,0,18,849.9,18.2,18.5,83.7,259,252,0,0.6,155,1.7,1.7,18.5,16.5,14.2
2026-05-15T22:30:44Z,0,0,0,0,0,0,17.9,849.8,18,18.2,84.7,260,253,0,0.2,158,1.1,1.1,18.3,16.4,14
2026-05-15T22:46:06Z,0,0,0,0,0,0,17.6,849.7,17.8,18,85.2,261,254,0,0.4,147,1.7,1.7,18,16.2,13.8
2026-05-15T23:01:13Z,0,0,0,0,0,0,17.5,849.6,17.6,17.8,86.3,259,254,0,0.2,147,0.8,0.8,17.9,16.2,13.6
2026-05-15T23:16:21Z,0,0,0,0,0,0,17.3,849.6,17.5,17.7,87.1,260,253,0,0,131,0.2,0.2,17.7,16.2,13.5
2026-05-15T23:31:28Z,0,0,0,0,0,0,17.2,849.6,17.3,17.5,87.7,260,253,0,0.3,130,0.9,0.9,17.6,16.1,13.3
2026-05-15T23:46:35Z,0,0,0,0,0,0,17.1,849.3,17.2,17.5,88.4,260,253,0,0.4,130,1.3,1.3,17.5,16.1,13.3
2026-05-16T00:00:42Z,0,0,0,0,0,0,17,849.4,17.1,17.4,88.6,260,253,0,0,131,0.2,0.2,17.4,16,13.2
2026-05-16T00:16:08Z,0,0,0,0,0,0,16.8,849.3,16.9,17.1,89.3,260,253,0,0,131,0,0,17.2,15.9,13
2026-05-16T00:31:15Z,0,0,0,0,0,0,16.7,849.4,16.8,17.1,90.7,260,253,0,0,131,0,0,17.1,16,12.9
2026-05-16T00:46:23Z,0,0,0,0,0,0,17,849.4,17.1,17.3,90.1,259,254,0,0,131,0.2,0.2,17.4,16.1,13.1
2026-05-16T01:01:30Z,0,0,0,0,0,0,17.1,849.4,17.2,17.4,89.1,259,254,0,0,131,0,0,17.5,16.1,13.3
2026-05-16T01:16:37Z,0,0,0,0,0,0,17.2,849.4,17.4,17.5,89.1,261,253,0,0,131,0,0,17.6,16.2,13.3
2026-05-16T01:31:44Z,0,0,0,0,0,0,17.1,849.5,17.2,17.5,88.9,261,253,0,0.1,131,0.4,0.4,17.5,16.2,13.3
2026-05-16T01:46:51Z,0,0,0,0,0,0,17.1,849.8,17.2,17.5,89.1,260,254,0,0,131,0,0,17.5,16.2,13.3
2026-05-16T02:02:13Z,0,0,0,0,0,0,17.2,849.7,17.2,17.5,89.4,260,253,0,0,131,0.2,0.2,17.6,16.3,13.3
2026-05-16T02:17:19Z,0,0,0,0,0,0,17.2,849.8,17.2,17.5,89.6,259,254,0,0.1,131,0.2,0.2,17.6,16.3,13.4
2026-05-16T02:32:26Z,0,0,0,0,0,0,17.2,849.8,17.2,17.5,90.1,262,252,0,0,131,0,0,17.6,16.4,13.4
2026-05-16T02:47:33Z,0,0,0,0,0,0,17,849.9,17.1,17.4,89.5,259,254,0,0,131,0,0,17.5,16.2,13.2
2026-05-16T03:02:40Z,0,0,0,0,0,0,16.9,849.9,17,17.2,90.9,260,254,0,0,131,0,0,17.3,16.1,13
2026-05-16T03:17:46Z,0,0,0,0,0,0,16.8,849.8,16.9,17.1,91.6,262,291,0,0,131,0,0,17.2,16.1,13
2026-05-16T03:32:53Z,0,0,0,0.1,0,0,16.8,849.8,16.8,17.1,92,267,319,0,0,131,0.2,0.2,17.2,16.1,12.9
2026-05-16T03:48:17Z,0,0,0,0.1,0,0,16.9,849.9,17.1,17.2,92.2,282,525,0,0,131,0,0,17.3,16.3,13.1
2026-05-16T04:03:48Z,0,0,0,0.1,0,0,17.3,850.1,17.4,17.6,90.8,275,449,0,0,131,0,0,17.7,16.5,13.4
2026-05-16T04:19:18Z,0,0,0,0.1,0,0,17.4,850.4,17.6,17.7,90.2,275,402,0,0,131,0,0,17.8,16.6,13.6
2026-05-16T04:34:25Z,0,0,0,0.2,0,0,17.5,850.6,17.7,17.8,90,298,657,0,0,131,0.4,0.4,17.9,16.6,13.6
2026-05-16T04:49:31Z,0,0,0,0.3,0,0,17.7,850.7,17.8,18,89,314,824,0,0.1,131,0.4,0.4,18.1,16.7,13.8
2026-05-16T05:05:30Z,0,0,0,0.4,0,0,17.9,850.8,18.1,18.1,87.1,340,1146,0,0.8,246,1.6,1.6,18.2,16.6,13.9
2026-05-16T05:20:37Z,0,0,0,0.4,0,0,18.1,850.9,18.2,18.4,86.8,331,1027,0,0.2,206,0.4,0.4,18.5,16.8,14.2
2026-05-16T05:35:43Z,0,0,0,0.8,0,0,18.4,850.9,18.6,18.7,84.7,407,1813,0,1.1,260,1.7,1.7,18.8,16.8,14.4
2026-05-16T05:50:49Z,0,0,0,1.1,0,0,19.5,851.1,19.8,19.6,80.7,471,2472,0,0.8,231,2,2,19.7,17.3,15.3
2026-05-16T06:06:16Z,0,0,0,1,0,0,19.7,851.2,20,19.9,80.1,445,2265,0,0.2,241,0.9,0.9,19.9,17.4,15.5
2026-05-16T06:21:22Z,0,0,0,2.4,0,0,20,851.2,20.4,20.4,79.3,707,5201,0,0,199,0.2,0.2,20.4,17.8,16
2026-05-16T06:36:29Z,0,0,0,0.9,0,0,20,851.2,20.2,20,78.6,435,2179,0,0.6,215,1.7,1.7,20,17.3,15.6
2026-05-16T06:51:35Z,0,0,0,1.9,0,0,20.2,851.1,20.6,20.4,78.7,609,3967,0,0.2,231,0.9,0.9,20.5,17.8,16
2026-05-16T07:06:43Z,0,0,0,1.9,0,0,20.5,851.1,20.7,20.4,74.9,610,4008,0,1.7,257,2.8,2.8,20.5,17.3,16
2026-05-16T07:21:49Z,0,0,0,1.4,0,0,20.8,851,21.1,21,75.4,526,3131,0,0,193,0.2,0.2,21,17.9,16.5
2026-05-16T07:36:56Z,0,0,0,1.6,0,0,21.8,851,21.9,21.8,69.6,563,3498,0,0.5,308,1.1,1.1,21.8,17.9,17.2
2026-05-16T07:52:20Z,0,0,0,1.8,0,0,22.2,851,22.6,22.4,68.2,596,3841,0,0,200,0.2,0.2,22.4,18.3,17.7
2026-05-16T08:07:27Z,0,0,0,1.7,0,0,22.7,850.9,23.2,22.8,67.2,573,3528,0,0.1,210,1.1,1.1,22.9,18.5,18
2026-05-16T08:22:33Z,0,0,0,1.7,0,0,22.3,850.7,22.7,22.2,68.7,568,3526,0,0.1,191,0.7,0.7,22.2,18.2,17.5
2026-05-16T08:37:39Z,0,0,0,2.9,0,0,22.4,850.5,22.6,22.2,67.4,797,5906,0,0.8,261,1.7,1.7,22.2,18,17.5
2026-05-16T08:52:46Z,0,0,0,1.8,0,0,23.3,850.3,24,23.5,63.9,586,3670,0,0.9,157,1.3,1.3,23.6,18.7,18.6
2026-05-16T09:07:52Z,0,0,0,4,0,0,22.5,850,22.8,22.5,66.9,994,8285,0,0.8,240,1.5,1.5,22.5,18.2,17.7
2026-05-16T09:23:00Z,0,0,0,1.4,0,0,24.1,849.7,23.9,23.7,63.1,523,2918,0,0.7,320,1.5,1.5,23.7,18.8,18.7
2026-05-16T09:38:25Z,0,0,0,1.9,0,0,24.1,849.4,24.2,23.8,61,610,3809,0,0.9,254,2.2,2.2,23.8,18.6,18.8
2026-05-16T09:53:31Z,0,0,0,1.2,0,0,24.3,849.2,24.7,24.2,60.5,476,2393,0,0.6,152,1.1,1.1,24.2,18.9,19.2
2026-05-16T10:08:38Z,0,0,0,1.2,0,0,24.2,848.8,24.8,24.8,56.3,484,2399,0,1.4,169,3.3,3.3,24.8,18.8,19.6
2026-05-16T10:23:45Z,0,0,0,3.8,0,0,24.8,848.7,25.4,25.4,57.2,966,7856,0,0.6,160,1.7,1.7,25.5,19.5,20.1
2026-05-16T10:38:51Z,0,0,0,4,0,0,25.9,848.4,26.6,26.4,56.1,999,8157,0,0.6,172,2.2,2.2,26.4,20.1,20.9
2026-05-16T10:53:57Z,0,0,0,3.7,0,0,26.1,848.2,26.9,26.6,59.3,951,7673,0,0.5,157,1.5,1.5,27.6,20.8,21.7
2026-05-16T11:09:03Z,0,0,0,3.4,0,0,26,848.1,26.7,26.6,53.7,889,6913,0,0.2,192,0.7,0.7,26.6,19.9,21
2026-05-16T11:24:28Z,0,0,0,3.5,0,0,26.4,847.8,27.2,26.6,54.5,905,7118,0,0.4,199,1.1,1.1,27.3,20.1,21.5
2026-05-16T11:39:47Z,0,0,0,0.8,0,0,25.6,847.6,26.2,26.2,53.8,409,1726,0,0.3,184,1.3,1.3,26.3,19.6,20.7
2026-05-16T11:54:54Z,0,0,0,3,0,0,26.2,847.5,26.6,26.8,51.1,811,6146,0,1,161,1.5,1.5,27.3,19.7,21.5
2026-05-16T12:10:00Z,0,0,0,1,0,0,26.1,847.4,26.8,26.4,52,446,2143,0,0.7,198,1.3,1.3,26.4,19.5,20.8
2026-05-16T12:25:25Z,0,0,0,2.6,0,0,25.6,847.2,26.1,26.2,54.1,738,5439,0,0.1,179,0.8,0.8,26.2,19.7,20.7
2026-05-16T12:40:32Z,0,0,0,2.4,0,0,26.9,847.1,27.7,27.8,51.4,709,5135,0,0.9,172,2.4,2.4,28.3,20.6,22.3
2026-05-16T12:55:39Z,0,0,0,2.2,0,0,26.5,847.1,27.2,27.5,52.2,661,4624,0,0.2,158,0.7,0.7,28.1,20.5,22.1
2026-05-16T13:10:45Z,0,0,0,1.2,0,0,26.4,847.2,27.1,27.6,52.6,477,2531,0,0.4,160,1.3,1.3,28.2,20.6,22.1
2026-05-16T13:26:34Z,0,0,0,1.5,0,0,24.9,847.1,25.4,25.7,58.9,532,3241,0,0,164,0.2,0.2,25.8,19.9,20.3
2026-05-16T13:41:40Z,0,0,0,0.5,0,0,25.2,847.1,25.7,26.2,58.5,348,1100,0,0.7,124,3.7,3.7,26.4,20.4,20.8
2026-05-16T13:56:47Z,0,0,0,0.3,0,0,23.9,847.3,24.1,24.5,64.6,312,679,0,0.3,161,1.1,1.1,24.6,19.7,19.4
2026-05-16T14:11:54Z,0,0,0,0.3,0,0,23.3,847.3,23.5,23.8,66.1,306,607,0,0.5,114,1.5,1.5,23.9,19.3,18.9
2026-05-16T14:27:00Z,0,0,0,0.4,0,0,23.4,847.5,23.7,23.8,66.7,331,1004,0,0,73,0.4,0.4,23.9,19.4,18.9
2026-05-16T14:42:08Z,0,0,0,0.2,0,0,23.4,847.6,23.5,23.7,67.4,289,550,0,0.4,73,1.1,1.1,23.8,19.4,18.8
2026-05-16T14:57:32Z,0,0,0,0.1,0,0,23,847.8,23.2,23.4,68.6,271,350,0,0.3,73,0.9,0.9,23.5,19.2,18.5
2026-05-16T15:12:39Z,0,0,0,0.1,0,0,22.5,848,22.7,22.9,69.7,271,342,0,1.5,87,3.1,3.1,23,18.9,18.1
2026-05-16T15:27:39Z,0,0,0,0,0,0,22.1,848.1,22.2,22.4,71.4,264,272,0,1.3,126,2.8,2.8,22.5,18.7,17.7
2026-05-16T15:42:46Z,0,0,0,0,0,0,21.8,848.2,21.9,22.1,72.8,261,253,0,0.3,77,1.5,1.5,22.2,18.6,17.5
2026-05-16T15:57:52Z,0,0,0,0,0,0,21.6,848.3,21.8,21.9,72.9,259,253,0,0.2,151,0.7,0.7,22,18.4,17.3
2026-05-16T16:12:59Z,0,0,0,0,0,0,21.2,848.4,21.3,21.6,73.1,259,253,0,0.9,118,2.2,2.2,21.6,18.2,17
2026-05-16T16:28:06Z,0,0,0,0,0,0,20.8,848.6,20.9,21.2,74.2,261,253,0,0,60,0.4,0.4,21.2,17.9,16.7
2026-05-16T16:43:13Z,0,0,0,0,0,0,20.5,849,20.6,20.8,75.4,261,252,0,0.1,60,0.7,0.7,20.9,17.7,16.3
2026-05-16T16:58:37Z,0,0,0,0,0,0,20.6,849.3,20.8,20.9,75.4,259,253,0,0,60,0.2,0.2,20.9,17.8,16.4
2026-05-16T17:13:45Z,0,0,0,0,0,0,20.6,849.3,20.8,21,74.3,260,253,0,0,67,0,0,21,17.7,16.4
2026-05-16T17:28:51Z,0,0,0,0,0,0,20.6,849.5,20.7,20.9,74.7,259,254,0,0,67,0,0,20.9,17.7,16.4
2026-05-16T17:43:58Z,0,0,0,0,0,0,20.4,849.6,20.5,20.7,75.6,260,252,0,0,67,0,0,20.7,17.6,16.2
2026-05-16T17:59:04Z,0,0,0,0,0,0,20.1,849.6,20.2,20.5,77.1,259,252,0,0,67,0,0,20.5,17.6,16
2026-05-16T18:14:11Z,0,0,0,0,0,0,19.8,849.6,19.9,20.1,78.7,261,254,0,0,67,0,0,20.2,17.5,15.7
2026-05-16T18:29:18Z,0,0,0,0,0,0,19.5,849.8,19.6,19.8,80.7,260,253,0,0,67,0,0,19.8,17.4,15.4
2026-05-16T18:44:40Z,0,0,0,0,0,0,19.3,849.9,19.4,19.6,82.1,260,254,0,0,67,0,0,19.7,17.4,15.3
2026-05-16T18:59:59Z,0,0,0,0,0,0,19.3,850,19.4,19.7,82.8,261,253,0,0,67,0,0,19.8,17.6,15.3
2026-05-16T19:15:06Z,0,0,0,0,0,0,19.4,850.1,19.6,19.8,81.1,260,253,0,0.4,67,1.1,1.1,19.8,17.4,15.4
2026-05-16T19:30:12Z,0,0,0,0,0,0,20,850.1,20.1,20.2,78.7,261,253,0,0.5,67,1.5,1.5,20.3,17.6,15.8
2026-05-16T19:45:19Z,0,0,0,0,0,0,19.7,850,19.8,20,79.4,261,253,0,0.2,129,1.1,1.1,20.1,17.5,15.7
2026-05-16T20:00:43Z,0,0,0,0,0,0,19.2,850.2,19.4,19.6,82.1,259,254,0,0.2,200,0.7,0.7,19.7,17.4,15.3
2026-05-16T20:15:50Z,0,0,0,0,0,0,19,850.2,19.1,19.4,83.3,259,252,0,0.6,145,1.5,1.5,19.5,17.3,15.1
2026-05-16T20:30:57Z,0,0,0,0,0,0,18.8,850.4,19,19.2,83.9,260,252,0,0.1,127,0.7,0.7,19.3,17.2,14.9
2026-05-16T20:46:04Z,0,0,0,0,0,0,18.6,850.3,18.8,19,84.5,259,253,0,0.6,183,2.4,2.4,19,17.1,14.7
2026-05-16T21:01:11Z,0,0,0,0,0,0,18.4,850.3,18.6,18.8,84.9,261,253,0,0.6,176,2,2,18.9,17,14.5
2026-05-16T21:16:18Z,0,0,0,0,0,0,18.1,850.3,18.3,18.6,86,261,253,0,0.1,177,0.4,0.4,18.6,16.9,14.3
2026-05-16T21:31:25Z,0,0,0,0,0,0,18,850.3,18.2,18.5,85.9,260,253,0,0,154,0.2,0.2,18.5,16.7,14.2
2026-05-16T21:46:47Z,0,0,0,0,0,0,17.9,850.2,18,18.3,86.7,260,252,0,0,137,0.2,0.2,18.4,16.7,14.1
2026-05-16T22:01:54Z,0,0,0,0,0,0,17.6,850.3,17.8,17.9,88.8,260,253,0,0.1,167,0.7,0.7,18,16.6,13.7
2026-05-16T22:17:00Z,0,0,0,0,0,0,17.3,850.2,17.5,17.8,90.7,260,253,0,0.2,154,1.7,1.7,17.8,16.6,13.6
2026-05-16T22:32:07Z,0,0,0,0,0,0,17.1,850.1,17.2,17.5,91.8,260,253,0,0,159,0,0,17.5,16.5,13.3
2026-05-16T22:47:13Z,0,0,0,0,0,0,17,849.9,17.1,17.4,92.2,260,254,0,0,159,0.2,0.2,17.5,16.4,13.2
2026-05-16T23:02:20Z,0,0,0,0,0,0,17,849.9,17.1,17.3,92.7,260,253,0,0,159,0,0,17.4,16.5,13.2
2026-05-16T23:17:27Z,0,0,0,0,0,0,17,849.8,17.1,17.4,92.9,260,254,0,0,159,0,0,17.5,16.5,13.2
2026-05-16T23:32:50Z,0,0,0,0,0,0,16.9,849.6,16.9,17.3,92.5,259,254,0,0,159,0,0,17.4,16.4,13.1
2026-05-16T23:47:57Z,0,0,0,0,0,0,16.8,849.3,16.9,17.2,92.8,260,255,0,0,159,0,0,17.3,16.3,13
2026-05-17T00:00:03Z,0,0,0,0,0,0,16.8,849.5,16.9,17.1,92.6,261,255,0,0,159,0,0,17.2,16.2,13
2026-05-17T00:15:59Z,0,0,0,0,0,0,16.7,849.6,16.8,17.1,92.8,259,253,0,0,159,0,0,17.2,16.2,12.9
2026-05-17T00:31:06Z,0,0,0,0,0,0,16.9,849.7,17,17.2,93,259,253,0,0,159,0,0,17.3,16.3,13
2026-05-17T00:46:13Z,0,0,0,0,0,0,16.9,849.6,16.9,17.2,92.6,261,253,0,0.1,159,0.4,0.4,17.3,16.4,13.1
2026-05-17T01:01:19Z,0,0,0,0,0,0,17,849.7,17,17.3,92,260,254,0,0,159,0.4,0.4,17.4,16.4,13.2
2026-05-17T01:16:26Z,0,0,0,0,0,0,17,849.7,17.1,17.4,91.6,260,253,0,0.2,159,1.3,1.3,17.4,16.3,13.2
2026-05-17T01:31:32Z,0,0,0,0,0,0,17,849.7,17.1,17.3,91.3,259,253,0,0.1,159,0.8,0.8,17.4,16.3,13.2
2026-05-17T01:46:54Z,0,0,0,0,0,0,17,849.7,17.1,17.3,91.5,260,254,0,0,159,0,0,17.4,16.3,13.2
2026-05-17T02:02:01Z,0,0,0,0,0,0,17,849.7,17.1,17.3,91.6,261,253,0,0,159,0,0,17.4,16.3,13.2
2026-05-17T02:17:08Z,0,0,0,0,0,0,17,849.6,17.1,17.4,91.7,261,254,0,0,159,0,0,17.4,16.4,13.2
2026-05-17T02:32:15Z,0,0,0,0,0,0,17,849.7,17.1,17.3,91.4,260,254,0,0,159,0,0,17.4,16.3,13.2
2026-05-17T02:47:41Z,0,0,0,0,0,0,17,850,17.1,17.3,91.8,260,253,0,0,159,0,0,17.4,16.3,13.2
2026-05-17T03:03:05Z,0,0,0,0,0,0,17,849.8,17.1,17.3,92,261,254,0,0,159,0,0,17.4,16.4,13.2
2026-05-17T03:18:12Z,0,0,0,0,0,0,17,850,17.1,17.4,91.8,260,258,0,0,159,0,0,17.5,16.4,13.2
2026-05-17T03:33:19Z,0,0,0,0,0,0,17.1,850.1,17.2,17.4,91.5,263,281,0,0,159,0,0,17.5,16.4,13.3
2026-05-17T03:48:26Z,0,0,0,0.1,0,0,17.1,850.2,17.2,17.5,90.9,267,350,0,0,159,0,0,17.6,16.4,13.3
2026-05-17T04:04:05Z,0,0,0,0.1,0,0,17.2,850.3,17.3,17.6,90.7,271,365,0,0,159,0,0,17.7,16.5,13.4
2026-05-17T04:19:13Z,0,0,0,0.1,0,0,17.4,850.5,17.5,17.7,91.1,266,338,0,0,159,0,0,17.8,16.6,13.5
2026-05-17T04:34:20Z,0,0,0,0.1,0,0,17.4,850.7,17.6,17.8,90.9,280,462,0,0,159,0,0,17.9,16.7,13.6
2026-05-17T04:49:27Z,0,0,0,0.3,0,0,17.6,850.9,17.8,18,90.3,316,853,0,0,159,0,0,18.1,16.8,13.8
2026-05-17T05:04:33Z,0,0,0,0.5,0,0,18.1,851,18.2,18.5,88.3,352,1258,0,0.6,159,1.3,1.3,18.6,17,14.2
2026-05-17T05:19:40Z,0,0,0,0.8,0,0,18.4,851.2,18.6,18.7,86.1,399,1723,0,0.3,183,1.1,1.1,18.8,17,14.4
2026-05-17T05:34:48Z,0,0,0,1.1,0,0,18.7,851.4,18.8,18.8,84.2,455,2282,0,1.2,265,2.2,2.2,18.9,16.9,14.5
2026-05-17T05:50:12Z,0,0,0,1.3,0,0,19.9,851.5,20.6,20,79.8,499,2728,0,0.4,177,1.3,1.3,20.1,17.5,15.7
2026-05-17T06:05:18Z,0,0,0,1.1,0,0,19.6,851.6,20,19.7,81.8,458,2333,0,0,181,0,0,19.8,17.5,15.4
2026-05-17T06:20:25Z,0,0,0,0.8,0,0,19.3,851.6,19.5,19.3,81.4,399,1632,0,0.3,183,0.9,0.9,19.4,17.1,15
2026-05-17T06:35:31Z,0,0,0.2,2.6,0,0,20.6,851.6,21.1,20.8,75.7,742,5689,0,0.8,183,1.5,1.5,20.9,17.8,16.3
2026-05-17T06:50:37Z,0,0,0.2,2.1,0,0,20.1,851.9,20.4,20,78.5,645,4453,0,1.6,183,2.6,2.6,20.1,17.4,15.6
2026-05-17T07:05:43Z,0,0,0.2,2.9,0,0,20.1,851.8,20.3,20.1,77,802,6086,0,0.4,183,0.9,0.9,20.1,17.3,15.7
2026-05-17T07:20:49Z,0,0,0.2,2.2,0,0,23,851.7,23.6,23.1,66.9,663,4428,0,0.3,183,1.3,1.3,23.1,18.7,18.2
2026-05-17T07:35:55Z,0,0,0.2,0.9,0,0,21.9,851.8,22.6,21.8,70.2,432,2121,0,1,183,2.4,2.4,21.8,18,17.2
2026-05-17T07:51:17Z,0,0,0.2,1.1,0,0,21.1,851.8,21.6,21.4,73.6,458,2192,0,0.2,183,0.9,0.9,21.4,18,16.8
2026-05-17T08:06:24Z,0,0,0.2,4,0,0,21.9,851.6,22.5,22.1,70.5,996,8243,0,0,183,0.2,0.2,22.1,18.3,17.4
2026-05-17T08:21:30Z,0,0,0.2,1.2,0,0,22.5,851.5,23.1,22.3,69.2,487,2513,0,1.1,183,1.7,1.7,22.4,18.4,17.6
2026-05-17T08:36:37Z,0,0,0.2,3.9,0,0,22,851.3,22.2,21.9,70,988,8154,0,1.1,183,2,2,22,18.1,17.3
2026-05-17T08:51:43Z,0,0,0.2,2.1,0,0,22.5,851,22.9,22.5,69.5,651,4216,0,0.5,183,1.7,1.7,22.5,18.5,17.8
2026-05-17T09:06:49Z,0,0,0.2,1.3,0,0,23,850.9,23.6,23.2,65.9,493,2482,0,0.4,183,1.5,1.5,23.2,18.7,18.3
2026-05-17T09:21:55Z,0,0,0.2,4.1,0,0,23.7,850.7,24.2,23.5,62.4,1024,8585,0,1.4,183,2.2,2.2,23.5,18.5,18.6
2026-05-17T09:37:20Z,0,0,0.2,4.1,0,0,23.7,850.4,24.4,24.4,60.2,1013,8360,0,1.2,183,2.6,2.6,24.4,19,19.3
2026-05-17T09:52:26Z,0,0,0.2,4.1,0,0,24.7,850.2,25,24.7,60.6,1014,8305,0,0.2,325,0.7,0.7,24.7,19.3,19.5
2026-05-17T10:07:33Z,0,0,0.2,1.1,0,0,24.1,850,24.3,23.9,60.8,457,2051,0,0.4,290,1.3,1.3,23.9,18.7,18.9
2026-05-17T10:22:39Z,0,0,0.2,1.4,0,0,24.8,849.7,25.1,25,57.3,510,2800,0,0,304,0.4,0.4,25,19.1,19.7
2026-05-17T10:37:46Z,0,0,0.2,1.3,0,0,24,849.6,24.7,24.5,58.4,498,2574,0,0.5,199,1.3,1.3,24.5,18.8,19.4
2026-05-17T10:52:53Z,0,0,0.2,4.2,0,0,26.9,849.3,27.4,27.1,53.5,1036,8830,0,0.9,199,1.7,1.7,27.7,20.4,21.8
2026-05-17T11:07:59Z,0,0,0.2,3.7,0,0,25.5,849.1,26.2,26.2,53.7,950,7871,0,0.1,183,1.1,1.1,26.2,19.6,20.7
2026-05-17T11:23:25Z,0,0,0.2,1,0,0,25.5,849,25.9,26.2,55.7,447,2133,0,0,183,0.4,0.4,26.3,19.9,20.8
2026-05-17T11:38:31Z,0,0,0.2,1.1,0,0,25.3,848.8,25.9,25.9,56.4,472,2432,0,0.5,183,1.1,1.1,26,19.8,20.5
2026-05-17T11:53:37Z,0,0,0.2,0.8,0,0,24,848.6,24.4,24.6,61,398,1692,0,0.2,124,1.7,1.7,24.6,19.3,19.5
2026-05-17T12:08:43Z,0,0,0.2,0.6,0,0,23.6,848.5,23.9,24.1,61.5,359,1302,0,0.3,164,0.7,0.7,24.1,18.9,19.1
2026-05-17T12:23:49Z,0,0,0.2,0.8,0,0,23.3,848.3,23.5,23.7,65.3,406,1783,0,0.3,181,1.3,1.3,23.8,19.1,18.8
2026-05-17T12:38:56Z,0,0,0.2,1.1,0,0,23.9,848.1,24.4,24.4,63.2,455,2284,0,0.3,174,1.3,1.3,24.5,19.4,19.4
2026-05-17T12:54:03Z,0,0,0.2,1.1,0,0,23.9,848.2,24.2,24.4,63,459,2377,0,0.5,101,2.4,2.4,24.5,19.4,19.4
2026-05-17T13:09:28Z,0,0,0.2,0.7,0,0,23.7,848.1,24.1,24.3,62.5,385,1496,0,0.3,161,0.9,0.9,24.4,19.2,19.3
2026-05-17T13:24:35Z,0,0,0.2,1.2,0,0,23.9,848.1,24.3,24.5,61.8,473,2570,0,0.2,149,0.9,0.9,24.6,19.3,19.4
2026-05-17T13:39:41Z,0,0,0.2,1.3,0,0,24.5,848,25,25.4,59.2,495,2827,0,1.3,111,4.1,4.1,25.5,19.8,20.2
2026-05-17T13:54:48Z,0,0,0.2,0.8,0,0,24.1,848,24.8,25,60.2,410,1888,0,0.9,183,2,2,25.1,19.6,19.9
2026-05-17T14:09:54Z,0,0,0.2,0.7,0,0,23.7,848.2,24.2,24.6,60.8,392,1704,0,0.1,176,1.3,1.3,24.7,19.3,19.5
2026-05-17T14:25:00Z,0,0,0.2,0.3,0,0,23.6,848.4,24,24.5,62,310,757,0,0.5,119,2.6,2.6,24.5,19.3,19.4
2026-05-17T14:40:06Z,0,0,0.2,0.2,0,0,22.7,848.6,22.9,23.3,65.8,284,491,0,0.1,153,0.7,0.7,23.3,18.7,18.4
2026-05-17T14:55:31Z,0,0,0.2,0.1,0,0,22.5,848.8,22.7,22.9,67.9,279,451,0,0,84,0,0,22.9,18.7,18.1
2026-05-17T15:10:37Z,0,0,0.2,0.1,0,0,22.1,848.9,22.2,22.5,68.7,267,300,0,0.1,99,0.7,0.7,22.5,18.4,17.8
2026-05-17T15:25:44Z,0,0,0.2,0,0,0,21.7,849,21.8,22,70.3,263,275,0,0.3,105,1.1,1.1,22.1,18.2,17.4
2026-05-17T15:40:51Z,0,0,0.2,0,0,0,21.3,849.2,21.4,21.7,72.2,261,254,0,0.2,124,0.7,0.7,21.7,18.1,17.1
2026-05-17T15:55:57Z,0,0,0.2,0,0,0,20.9,849.4,21,21.3,74.3,260,253,0,0.1,156,0.9,0.9,21.3,18,16.7
2026-05-17T16:11:03Z,0,0,0.2,0,0,0,20.6,849.7,20.8,21,75.5,258,252,0,0,156,0,0,21,17.9,16.5
2026-05-17T16:26:10Z,0,0,0.2,0,0,0,20.4,849.9,20.6,20.8,77,260,253,0,0.1,156,0.4,0.4,20.8,17.9,16.3
2026-05-17T16:41:35Z,0,0,0.2,0,0,0,20.4,850.1,20.5,20.7,77.4,260,253,0,0.4,156,0.7,0.7,20.8,17.9,16.3
2026-05-17T16:56:41Z,0,0,0.2,0,0,0,20.3,850.2,20.4,20.7,77.7,260,255,0,0.6,156,1.1,1.1,20.7,17.9,16.2
2026-05-17T17:11:48Z,0,0,0.2,0,0,0,20.2,850.3,20.3,20.6,77.7,260,253,0,0,156,0,0,20.6,17.8,16.1
2026-05-17T17:27:14Z,0,0,0.2,0,0,0,19.9,850.4,20.1,20.3,78.1,260,253,0,0.1,156,0.4,0.4,20.3,17.5,15.8
2026-05-17T17:42:37Z,0,0,0.2,0,0,0,19.9,850.5,20.1,20.2,78.4,259,254,0,0,100,0,0,20.3,17.6,15.8
2026-05-17T17:57:43Z,0,0,0.2,0,0,0,19.7,850.5,19.9,20.1,78.8,260,253,0,0,108,0,0,20.2,17.5,15.7
2026-05-17T18:12:50Z,0,0,0.2,0,0,0,19.6,850.7,19.7,19.9,79.5,261,253,0,0,126,0,0,19.9,17.3,15.5
2026-05-17T18:27:57Z,0,0,0.2,0,0,0,19.4,850.9,19.6,19.8,80.3,262,254,0,0,126,0,0,19.8,17.3,15.4
2026-05-17T18:43:45Z,0,0,0.2,0,0,0,19.4,851.1,19.5,19.7,81.6,259,253,0,0,126,0.2,0.2,19.8,17.4,15.4
2026-05-17T18:58:51Z,0,0,0.2,0,0,0,19.4,851.2,19.6,19.7,81.3,258,254,0,0,126,0.4,0.4,19.8,17.4,15.4
2026-05-17T19:13:57Z,0,0,0.2,0,0,0,19.6,851.3,19.7,19.9,77.9,260,253,0,0.9,129,2.6,2.6,19.9,17.2,15.5
2026-05-17T19:29:03Z,0,0,0.2,0,0,0,19.5,851.4,19.6,19.9,78,261,254,0,0.4,149,1.3,1.3,19.9,17.2,15.5
2026-05-17T19:44:11Z,0,0,0.2,0,0,0,19.3,851.4,19.4,19.7,78.9,260,253,0,0,76,0.2,0.2,19.7,17.1,15.3
2026-05-17T19:59:17Z,0,0,0.2,0,0,0,19.1,851.4,19.2,19.5,79.5,259,253,0,0,126,0,0,19.5,17,15.1
2026-05-17T20:14:42Z,0,0,0.2,0,0,0,19.1,851.3,19.2,19.5,79.8,259,254,0,0.1,151,0.7,0.7,19.5,17,15.1
2026-05-17T20:29:49Z,0,0,0.2,0,0,0,19.1,851.3,19.2,19.5,80.1,260,253,0,0.1,174,0.4,0.4,19.5,17,15.1
2026-05-17T20:44:55Z,0,0,0.2,0,0,0,18.6,851.4,18.8,19.1,82.5,258,254,0,0.2,152,1.1,1.1,19.1,16.9,14.8
2026-05-17T21:00:02Z,0,0,0.2,0,0,0,18.1,851.3,18.2,18.6,85.4,260,254,0,0,152,0.4,0.4,18.7,16.8,14.3
2026-05-17T21:15:09Z,0,0,0.2,0,0,0,18.2,851.3,18.2,18.5,84.9,260,253,0,0.1,189,1.1,1.1,18.6,16.7,14.3
2026-05-17T21:30:15Z,0,0,0.2,0,0,0,18.1,851.2,18.2,18.5,84.8,262,253,0,0.6,189,1.7,1.7,18.6,16.7,14.3
2026-05-17T21:45:21Z,0,0,0.2,0,0,0,18.1,851.2,18.2,18.5,85.4,261,254,0,0.2,186,0.7,0.7,18.6,16.7,14.2
2026-05-17T22:00:47Z,0,0,0.2,0,0,0,18,851.1,18.1,18.4,84.8,261,253,0,0,186,0.2,0.2,18.4,16.5,14.1
2026-05-17T22:15:53Z,0,0,0.2,0,0,0,17.8,850.9,17.9,18.2,85.5,261,253,0,0,185,0,0,18.2,16.5,14
2026-05-17T22:31:01Z,0,0,0.2,0,0,0,17.7,850.8,17.8,18.1,85.8,260,254,0,0,112,0,0,18.1,16.4,13.8
2026-05-17T22:46:08Z,0,0,0.2,0,0,0,17.6,850.6,17.8,18,86.2,260,253,0,0.1,135,0.7,0.7,18,16.3,13.7
2026-05-17T23:01:16Z,0,0,0.2,0,0,0,17.5,850.4,17.7,17.9,87.3,261,253,0,0,141,0,0,18,16.4,13.7
2026-05-17T23:16:23Z,0,0,0.2,0,0,0,17.4,850.2,17.6,17.8,87,260,254,0,0.1,148,0.4,0.4,17.9,16.3,13.6
2026-05-17T23:31:49Z,0,0,0.2,0,0,0,17.4,850.1,17.5,17.7,88.2,260,254,0,0,148,0,0,17.8,16.3,13.5
2026-05-17T23:46:56Z,0,0,0.2,0,0,0,17.3,850.1,17.4,17.7,88.3,259,252,0,0,148,0,0,17.7,16.3,13.5
2026-05-18T00:00:02Z,0,0,0.2,0,0,0,17.2,849.9,17.3,17.6,88.3,261,253,0,0,148,0,0,17.6,16.2,13.4
2026-05-18T00:15:09Z,0,0,0.2,0,0,0,17.1,849.8,17.2,17.4,89.3,260,254,0,0,148,0,0,17.5,16.2,13.3
2026-05-18T00:30:16Z,0,0,0.2,0,0,0,17.1,849.5,17.2,17.4,90.1,259,253,0,0,148,0,0,17.5,16.2,13.2
2026-05-18T00:45:23Z,0,0,0.2,0,0,0,17,849.6,17.1,17.4,90.2,259,252,0,0,148,0,0,17.5,16.2,13.2
2026-05-18T01:00:30Z,0,0,0.2,0,0,0,16.8,849.9,16.9,17.2,90.9,260,253,0,0,148,0.2,0.2,17.3,16.1,13
2026-05-18T01:15:54Z,0,0,0.2,0,0,0,17,850,17.1,17.3,91.3,260,253,0,0,148,0,0,17.4,16.3,13.1
2026-05-18T01:31:01Z,0,0,0.2,0,0,0,17,850,17.2,17.4,90.9,260,253,0,0,148,0,0,17.5,16.3,13.2
2026-05-18T01:46:18Z,0,0,0.2,0,0,0,17.1,850.1,17.2,17.4,90.8,260,252,0,0,148,0,0,17.5,16.3,13.3
2026-05-18T02:01:47Z,0,0,0.2,0,0,0,17.2,850.3,17.3,17.5,90.9,260,253,0,0,148,0,0,17.6,16.4,13.3
2026-05-18T02:16:53Z,0,0,0.2,0,0,0,17.2,850.3,17.2,17.5,91.5,260,253,0,0.1,148,0.2,0.2,17.6,16.5,13.4
2026-05-18T02:32:00Z,0,0,0.2,0,0,0,16.9,850.4,17,17.3,91.9,260,252,0,0.6,148,1.3,1.3,17.4,16.3,13.1
2026-05-18T02:47:07Z,0,0,0.2,0,0,0,16.7,850.6,16.8,17.1,92.4,260,253,0,0,96,0,0,17.2,16.2,12.9
2026-05-18T03:02:14Z,0,0,0.2,0,0,0,16.6,850.8,16.7,17,92.7,259,254,0,0.2,98,0.7,0.7,17.1,16.1,12.8
2026-05-18T03:17:21Z,0,0,0.2,0,0,0,16.6,850.9,16.7,16.9,93.1,261,259,0,0,102,0.4,0.4,17,16.1,12.8
2026-05-18T03:32:46Z,0,0,0.2,0,0,0,16.6,851,16.7,17,93.2,264,282,0,0,64,0,0,17.1,16.2,12.8
2026-05-18T03:47:53Z,0,0,0.2,0.1,0,0,16.7,851.1,16.8,17,93.3,274,386,0,0,79,0.2,0.2,17.1,16.2,12.9
2026-05-18T04:02:53Z,0,0,0.2,0.2,0,0,16.7,851.2,16.8,17,93,294,632,0,0,342,0,0,17.1,16.2,12.9
2026-05-18T04:18:00Z,0,0,0.2,0.2,0,0,16.9,851.3,17,17.2,92.6,299,663,0,0,343,0.2,0.2,17.3,16.3,13.1
2026-05-18T04:33:07Z,0,0,0.2,0.3,0,0,17.1,851.5,17.1,17.4,92,317,878,0,0,342,0.2,0.2,17.5,16.4,13.2
2026-05-18T04:48:13Z,0,0,0.2,0.3,0,0,17.5,851.6,17.6,17.7,91,313,813,0,0,341,0,0,17.8,16.7,13.6
2026-05-18T05:03:20Z,0,0,0.2,0.4,0,0,18,851.7,18.1,18.3,90.1,341,1142,0,0,342,0.2,0.2,18.4,17.1,14.1
2026-05-18T05:18:27Z,0,0,0.2,0.5,0,0,18.3,851.9,18.4,18.5,87.9,343,1116,0,0,341,0,0,18.7,17.1,14.3
2026-05-18T05:34:07Z,0,0,0.2,0.8,0,0,18.7,851.9,18.9,19,86.3,406,1764,0,0,341,0,0,19.1,17.3,14.7
2026-05-18T05:49:13Z,0,0,0.2,0.6,0,0,19.7,852,19.9,19.9,83.2,366,1427,0,0,27,0,0,20,17.8,15.6
2026-05-18T06:04:20Z,0,0,0,1.2,0.2,0,19.7,852,20.1,19.9,82.3,478,2513,0,0,328,0,0,20,17.8,15.6
2026-05-18T06:19:45Z,0,0,0,1.1,0.2,0,21.3,852.1,21.9,21.2,76.8,459,2412,0,0.2,215,0.8,0.8,21.3,18.2,16.7
2026-05-18T06:34:52Z,0,0,0,0.3,0.2,0,19.6,852.1,20,19.8,81,322,967,0,0.5,218,1.2,1.2,19.8,17.4,15.4
2026-05-18T06:49:58Z,0,0,0,0.9,0.2,0,19.7,852.1,20,20,81.7,422,1951,0,0.1,189,0.5,0.5,20.1,17.7,15.6
2026-05-18T07:05:04Z,0,0,0,1.1,0.2,0,20.8,852.2,21.2,21,78.1,470,2509,0,0.6,189,1.6,1.6,21.1,18.3,16.6
2026-05-18T07:20:52Z,0,0,0,0.9,0.2,0,20.4,852.2,20.7,20.4,77.4,430,1945,0,0.4,260,0.9,0.9,20.5,17.6,16
2026-05-18T07:35:59Z,0,0,0,2.9,0.2,0,21.3,852,21.7,21.2,75.4,797,6069,0,0.5,256,1.1,1.1,21.3,18.1,16.7
2026-05-18T07:51:06Z,0,0,0,3.4,0.2,0,22.6,851.9,23.3,22.6,69.9,897,7130,0,0.9,230,1.7,1.7,22.6,18.7,17.8
2026-05-18T08:06:12Z,0,0,0,3.8,0.2,0,23.3,851.7,24.2,23.7,67.9,971,7930,0,0.5,187,1.1,1.1,23.8,19.4,18.8
2026-05-18T08:21:18Z,0,0,0,0.9,0.2,0,22.9,851.7,23.6,22.9,67.6,427,2056,0,1.4,262,2.6,2.6,23,18.7,18.1
2026-05-18T08:36:25Z,0,0,0,1.1,0.2,0,21.9,851.7,22.1,21.9,71.2,466,2391,0,1,259,2,2,21.9,18.2,17.2
2026-05-18T08:51:51Z,0,0,0,4,0.2,0,23.4,851.4,23.9,23.7,63.9,1011,8332,0,1,198,2.4,2.4,23.7,18.8,18.7
2026-05-18T09:07:02Z,0,0,0,1.3,0.2,0,23.9,851.1,24.8,24.5,59.7,502,2576,0,0,202,0.2,0.2,24.5,19,19.4
2026-05-18T09:22:09Z,0,0,0,4.1,0.2,0,24.6,851,25.4,24.9,55.9,1014,8399,0,0.2,181,1.1,1.1,24.9,18.8,19.7
2026-05-18T09:37:16Z,0,0,0,1.3,0.2,0,24.2,850.7,24.9,24.5,59.5,503,2734,0,0.6,179,1.5,1.5,24.6,19,19.4
2026-05-18T09:52:22Z,0,0,0,3.6,0.2,0,23.5,850.5,23.8,23.5,60,924,7467,0,0.7,214,1.3,1.3,23.5,18.1,18.5
2026-05-18T10:07:29Z,0,0,0,1,0.2,0,24.2,850.3,24.9,24.7,56.9,449,2200,0,1.3,158,3.1,3.1,24.7,18.7,19.5
2026-05-18T10:22:54Z,0,0,0,3.8,0.2,0,24.1,850.1,24.6,24.3,57,972,7957,0,0,181,0.2,0.2,24.3,18.4,19.2
2026-05-18T10:38:01Z,0,0,0,1.5,0.2,0,25.4,849.9,26,25.4,55,537,2994,0,0.2,181,0.9,0.9,25.4,19.1,20.1
2026-05-18T10:53:13Z,0,0,0,3,0.2,0,25.6,849.6,26.4,26,55.4,811,6010,0,0,224,0.2,0.2,26,19.7,20.6
2026-05-18T11:08:20Z,0,0,0,2.6,0.2,0,25.3,849.4,25.7,26,47.7,750,5500,0,0,187,0.2,0.2,25.9,18.4,20.5
2026-05-18T11:23:27Z,0,0,0,3.1,0.2,0,26.7,849.1,27.5,27.3,49,836,6374,0,0,303,0.2,0.2,27.6,19.8,21.7
2026-05-18T11:38:33Z,0,0,0,1.5,0.2,0,25.3,848.8,26.1,26,49.7,541,3001,0,0.9,172,2,2,26,18.8,20.5
2026-05-18T11:54:28Z,0,0,0,3,0.2,0,26.2,848.5,26.3,27.1,46.9,808,6207,0,0.4,88,0.7,0.7,27.3,19.3,21.5
2026-05-18T12:10:22Z,0,0,0,0.9,0.2,0,26.1,848.3,26.6,26.9,50.2,426,1810,0,0.1,177,0.7,0.7,27.3,19.7,21.5
2026-05-18T12:25:28Z,0,0,0,1.1,0.2,0,25.5,848.2,25.9,26.3,48.9,471,2388,0,0.2,124,0.9,0.9,26.2,18.9,20.7
2026-05-18T12:40:35Z,0,0,0,0.4,0.2,0,25.2,848.2,25.4,25.8,55.3,332,1039,0,1.7,82,2.7,2.7,25.8,19.5,20.4
2026-05-18T12:56:00Z,0,0,0,0.7,0.2,0,24.5,848.1,24.6,25,59.7,389,1587,0,0,104,0.2,0.2,25,19.4,19.8
2026-05-18T13:11:07Z,0,0,0,0.8,0.2,0,24.6,848.2,24.8,25,58.1,400,1627,0,0.7,82,2,2,25.1,19.2,19.8
2026-05-18T13:26:14Z,0,0,0,1.6,0.2,0,24.6,848.2,24.8,25.2,59.2,557,3549,0,1.3,84,4.4,4.4,25.3,19.6,20
2026-05-18T13:41:21Z,0,0,0,1,0.2,0,24.1,848.2,24.3,24.7,61.3,440,2266,0,0.6,93,1.7,1.7,24.7,19.4,19.6
2026-05-18T13:56:27Z,0,0,0,0.5,0.2,0,23.6,848.3,23.8,24,63.8,343,1066,0,0.3,163,1.3,1.3,24.1,19.2,19
2026-05-18T14:11:34Z,0,0,0,0.3,0.2,0,23.5,848.4,23.8,24.2,63.6,316,752,0,0.1,83,0.7,0.7,24.2,19.3,19.2
2026-05-18T14:26:40Z,0,0,0,0.3,0.2,0,23.1,848.5,23.3,23.5,66.3,316,812,0,0,173,0,0,23.6,19,18.6
2026-05-18T14:42:05Z,0,0,0,0.2,0.2,0,22.7,848.5,22.9,23.1,66.5,293,569,0,0,113,0,0,23.1,18.7,18.3
2026-05-18T14:57:12Z,0,0,0,0.1,0.2,0,22.4,848.7,22.6,22.8,67.8,281,458,0,0.3,75,0.9,0.9,22.8,18.6,18
2026-05-18T15:12:18Z,0,0,0,0.1,0.2,0,22.1,848.9,22.2,22.4,69,268,319,0,0.5,59,1.1,1.1,22.4,18.4,17.7
2026-05-18T15:27:27Z,0,0,0,0,0.2,0,22,849.1,22.1,22.3,70,262,282,0,0,87,0,0,22.3,18.4,17.6
2026-05-18T15:42:34Z,0,0,0,0,0.2,0,21.7,849.2,21.9,22,70.9,259,254,0,0.3,89,1.1,1.1,22.1,18.3,17.4
2026-05-18T15:57:41Z,0,0,0,0,0.2,0,21.5,849.4,21.7,21.8,73,260,254,0,0,84,0,0,21.9,18.3,17.2
2026-05-18T16:12:48Z,0,0,0,0,0.2,0,21.3,849.5,21.4,21.6,73.2,260,252,0,0.2,134,0.9,0.9,21.6,18.2,17
2026-05-18T16:28:10Z,0,0,0,0,0.2,0,21.1,849.6,21.3,21.4,73.9,260,254,0,0.6,78,1.3,1.3,21.5,18.1,16.9
2026-05-18T16:43:17Z,0,0,0,0,0.2,0,21,849.7,21.1,21.3,74.8,260,254,0,0.2,171,1.1,1.1,21.3,18.1,16.7
2026-05-18T16:58:24Z,0,0,0,0,0.2,0,20.9,849.8,21,21.2,75,261,253,0,0.2,114,0.7,0.7,21.3,18.1,16.7
2026-05-18T17:13:30Z,0,0,0,0,0.2,0,20.7,850,20.8,21,77,259,254,0,0.1,109,0.4,0.4,21.1,18.2,16.6
2026-05-18T17:28:37Z,0,0,0,0,0.2,0,20.3,850.1,20.3,20.6,79.5,260,254,0,0,123,0,0,20.7,18,16.1
2026-05-18T17:43:44Z,0,0,0,0,0.2,0,20.1,850.2,20.2,20.4,81.4,260,254,0,0,14,0.2,0.2,20.5,18.1,16
2026-05-18T17:58:51Z,0,0,0,0,0.2,0,20,850.3,20.1,20.4,82,260,254,0,0,66,0,0,20.5,18.1,16
2026-05-18T18:14:13Z,0,0,0,0,0.2,0,20.1,850.2,20.2,20.4,81.4,260,254,0,0,106,0.2,0.2,20.5,18.1,16
2026-05-18T18:29:20Z,0,0,0,0,0.2,0,20.3,850.3,20.4,20.6,80.8,261,253,0,0.2,98,0.7,0.7,20.7,18.2,16.2
2026-05-18T18:44:20Z,0,0,0,0,0.2,0,20,850.8,19.9,20.1,84.4,263,253,0,0.3,352,1.1,1.1,20.3,18.2,15.8
2026-05-18T18:59:27Z,0,0,0.2,0,0.2,0,19,850.9,18.8,19,89.9,260,254,0,0.1,319,0.2,0.2,19.2,17.8,14.8
2026-05-18T19:14:34Z,0,0,0.4,0,0.2,0,18.4,850.9,18.5,18.6,92.2,260,253,0,0,335,0,0,18.8,17.7,14.5
2026-05-18T19:29:41Z,0,0,0.4,0,0.2,0,18.2,851,18.3,18.5,92.9,260,254,0,0.1,25,0.2,0.2,18.7,17.7,14.4
2026-05-18T19:44:48Z,0,0,0.6,0,0.2,0,18.2,851,18.2,18.5,93.9,259,254,0,0,28,0,0,18.7,17.8,14.4
2026-05-18T19:59:55Z,0,0,0.6,0,0.2,0,18.1,851,18.2,18.4,93.9,259,252,0,0,28,0,0,18.6,17.7,14.3
2026-05-18T20:15:17Z,0,0,0.6,0,0.2,0,18,851,18.1,18.3,93.7,260,253,0,0,28,0,0,18.5,17.5,14.2
2026-05-18T20:30:24Z,0,0,0.6,0,0.2,0,17.9,851,18.1,18.2,92.5,259,253,0,0,30,0,0,18.4,17.3,14.1
2026-05-18T20:45:31Z,0,0,0.6,0,0.2,0,18.1,851.1,18.2,18.5,88.3,261,253,0,0.5,179,1.5,1.5,18.6,17,14.2
2026-05-18T21:00:37Z,0,0,0.6,0,0.2,0,18.1,851,18.2,18.5,86.8,260,254,0,0,181,0.2,0.2,18.6,16.9,14.3
2026-05-18T21:15:44Z,0,0,0.6,0,0.2,0,18.2,851.1,18.2,18.6,85.2,260,253,0,0.6,179,1.5,1.5,18.7,16.8,14.3
2026-05-18T21:30:51Z,0,0,0.6,0,0.2,0,18.3,851,18.4,18.6,85.3,259,254,0,0,179,0.2,0.2,18.7,16.9,14.4
2026-05-18T21:45:59Z,0,0,0.6,0,0.2,0,18.2,850.8,18.3,18.5,85,259,253,0,0.1,201,0.2,0.2,18.6,16.7,14.3
2026-05-18T22:01:23Z,0,0,0.6,0,0.2,0,17.9,850.7,18.1,18.2,87,260,253,0,0,201,0.2,0.2,18.3,16.7,14
2026-05-18T22:16:30Z,0,0,0.6,0,0.2,0,17.9,850.8,18,18.2,87.6,260,253,0,0,201,0.2,0.2,18.3,16.7,14
2026-05-18T22:31:37Z,0,0,0.6,0,0.2,0,17.7,850.5,17.9,18.1,86.8,261,254,0,0.2,201,1.1,1.1,18.1,16.5,13.9
2026-05-18T22:46:44Z,0,0,0.6,0,0.2,0,17.4,850.4,17.5,17.8,87.8,259,254,0,0.1,201,0.4,0.4,17.8,16.3,13.6
2026-05-18T23:01:51Z,0,0,0.6,0,0.2,0,17.1,850.4,17.2,17.5,88.7,261,254,0,0.1,201,0.9,0.9,17.5,16.1,13.3
2026-05-18T23:16:58Z,0,0,0.6,0,0.2,0,17,850.3,17,17.3,89.6,261,252,0,0,200,0,0,17.4,16.1,13.1
2026-05-18T23:32:33Z,0,0,0.6,0,0.2,0,16.7,850.2,16.8,17,90.9,261,253,0,0,200,0,0,17.1,15.9,12.9
2026-05-18T23:47:39Z,0,0,0.6,0,0.2,0,16.5,850.1,16.5,16.7,91.6,260,253,0,0,200,0,0,16.8,15.7,12.6
2026-05-19T00:00:45Z,0,0,0.6,0,0.2,0,16.3,850.1,16.3,16.6,92.7,261,254,0,0,200,0,0,16.6,15.7,12.4
2026-05-19T00:15:52Z,0,0,0.6,0,0.2,0,16.2,850.2,16.2,16.5,93.8,261,254,0,0,200,0,0,16.6,15.8,12.4
2026-05-19T00:31:32Z,0,0,0.6,0,0.2,0,16.4,850.3,16.4,16.8,92.1,261,253,0,0.1,201,0.2,0.2,16.9,15.9,12.7
2026-05-19T00:46:56Z,0,0,0.6,0,0.2,0,16.7,850.4,16.8,17,91.2,260,253,0,0.3,201,1.1,1.1,17.1,16,12.9
2026-05-19T01:02:03Z,0,0,0.6,0,0.2,0,16.8,850.4,16.9,17.1,90.7,261,253,0,0,200,0,0,17.2,16,13
2026-05-19T01:17:10Z,0,0,0.6,0,0.2,0,16.9,850.4,16.9,17.2,91,259,253,0,0,201,0.2,0.2,17.3,16.1,13
2026-05-19T01:32:18Z,0,0,0.6,0,0.2,0,16.8,850.4,16.9,17.2,90.8,260,254,0,0,200,0,0,17.2,16.1,13
2026-05-19T01:47:25Z,0,0,0.6,0,0.2,0,16.8,850.5,16.9,17.1,91,260,254,0,0,200,0,0,17.2,16,12.9
2026-05-19T02:02:32Z,0,0,0.6,0,0.2,0,16.8,850.6,16.9,17.2,91.6,260,254,0,0,200,0,0,17.2,16.2,13
2026-05-19T02:17:39Z,0,0,0.6,0,0.2,0,16.8,850.7,16.9,17.1,92.4,260,253,0,0.1,201,0.4,0.4,17.2,16.2,13
2026-05-19T02:33:01Z,0,0,0.6,0,0.2,0,16.7,850.9,16.8,17,92.3,260,254,0,0,200,0,0,17.1,16.1,12.9
2026-05-19T02:48:08Z,0,0,0.6,0,0.2,0,16.6,850.9,16.6,16.9,92.4,259,254,0,0,200,0,0,16.9,16,12.7
2026-05-19T03:03:16Z,0,0,0.6,0,0.2,0,16.4,851.1,16.5,16.7,92.7,261,253,0,0,200,0,0,16.8,15.9,12.6
2026-05-19T03:18:23Z,0,0,0.6,0,0.2,0,16.2,851.1,16.2,16.5,93.2,261,262,0,0,200,0,0,16.6,15.7,12.4
2026-05-19T03:33:30Z,0,0,0.6,0.1,0.2,0,15.9,851.2,16.1,16.2,94.1,266,306,0,0,200,0,0,16.3,15.5,12.1
2026-05-19T03:48:37Z,0,0,0.6,0.1,0.2,0,15.9,851.2,16.2,16.2,94.8,279,411,0,0,200,0,0,16.3,15.6,12.1
2026-05-19T04:04:04Z,0,0,0.6,0.2,0.2,0,16.1,851.3,16.2,16.4,95.2,287,502,0,0,200,0,0,16.5,15.8,12.3
2026-05-19T04:19:10Z,0,0,0.6,0.3,0.2,0,16.6,851.2,16.7,16.7,95.5,313,756,0,0,200,0,0,16.8,16.2,12.6
2026-05-19T04:34:17Z,0,0,0.6,0.4,0.2,0,17,851.4,17.2,17.1,94.5,331,924,0,0.4,201,0.9,0.9,17.2,16.4,12.9
2026-05-19T04:49:25Z,0,0,0.6,0.8,0.2,0,18.4,851.5,18.6,17.9,91.2,401,1808,0,0.2,201,0.7,0.7,18,16.8,13.7
2026-05-19T05:04:32Z,0,0,0.6,0.9,0.2,0,19.2,851.6,19.4,18.6,89,434,2185,0,0,200,0,0,18.8,17.3,14.4
2026-05-19T05:20:13Z,0,0,0.6,1.2,0.2,0,19.9,851.8,19.8,19.4,86.2,481,2721,0,0.1,201,0.7,0.7,19.6,17.7,15.2
2026-05-19T05:35:20Z,0,0,0.6,0.9,0.2,0,21.1,851.9,21.2,20.4,81.6,417,1848,0,0.2,201,0.4,0.4,20.5,18.1,16
2026-05-19T05:50:28Z,0,0,0.6,0.9,0.2,0,20.9,851.9,21.2,20.5,79,418,1820,0,0.2,201,0.7,0.7,20.6,17.9,16.1
2026-05-19T06:05:35Z,0,0,0,2.2,0.6,0,20.6,851.8,20.9,20.3,79.6,659,4750,0,0.4,201,0.9,0.9,20.4,17.8,15.9
2026-05-19T06:20:42Z,0,0,0,1,0.6,0,20.6,851.9,20.6,20.1,78.8,451,2344,0,0.9,201,1.7,1.7,20.2,17.5,15.7
2026-05-19T06:36:09Z,0,0,0,0.9,0.6,0,20.3,851.9,20.4,20.2,78.3,426,2039,0,0.1,201,0.7,0.7,20.3,17.5,15.8
2026-05-19T06:51:16Z,0,0,0,0.9,0.6,0,20,851.8,20.4,20.1,78.5,431,1987,0,0.2,201,0.7,0.7,20.2,17.4,15.7
2026-05-19T07:06:23Z,0,0,0,1.4,0.6,0,21.1,851.7,21.4,21.1,73.2,508,2865,0,0.5,201,1.1,1.1,21.2,17.7,16.6
2026-05-19T07:21:29Z,0,0,0,3.1,0.6,0,21.8,851.7,21.9,21.6,72.2,841,6675,0,0.1,201,0.7,0.7,21.7,18.1,17.1
2026-05-19T07:36:36Z,0,0,0,1.3,0.6,0,22.7,851.6,23.2,22.6,70.1,498,2711,0,0.2,201,0.7,0.7,22.7,18.7,17.9
2026-05-19T07:51:42Z,0,0,0,2.5,0.6,0,21.9,851.5,21.9,21.6,71.7,719,5167,0,0.2,201,0.7,0.7,21.7,18,17
2026-05-19T08:06:49Z,0,0,0,3.4,0.6,0,24.7,851.5,25,24.7,67.5,896,7110,0,0.2,201,0.9,0.9,24.8,20.3,19.6
2026-05-19T08:22:13Z,0,0,0,4.2,0.6,0,25,851.3,25.2,24.5,60.3,1041,8792,0,1.6,201,2.3,2.3,24.6,19.1,19.4
2026-05-19T08:37:20Z,0,0,0,1.3,0.6,0,23.2,851.2,24.1,23.6,61.7,494,2658,0,0.2,201,0.4,0.4,23.6,18.5,18.7
2026-05-19T08:52:26Z,0,0,0,4.3,0.6,0,23.8,851,24.1,23.9,61,1065,8990,0,0.6,201,1.3,1.3,23.9,18.6,18.9
2026-05-19T09:07:33Z,0,0,0,4.2,0.6,0,25.7,850.8,26.4,26.1,55.7,1043,8677,0,0.5,201,1.7,1.7,26.1,19.8,20.6
2026-05-19T09:22:40Z,0,0,0,1.6,0.6,0,24.8,850.5,25.8,25.3,58,561,3171,0,0,197,0.2,0.2,25.4,19.5,20.1
2026-05-19T09:37:47Z,0,0,0,4,0.6,0,25.1,850.3,25.8,25.5,57,1009,8267,0,0,189,0.4,0.4,25.6,19.5,20.2
2026-05-19T09:52:53Z,0,0,0,0.9,0.6,0,25.1,850.3,25.8,25.8,54.5,429,1829,0,0.1,216,0.4,0.4,25.9,19.4,20.4
2026-05-19T10:08:19Z,0,0,0,2.6,0.6,0,25.2,849.9,25.9,25.6,55.2,737,5245,0,0,133,0,0,25.6,19.3,20.3
2026-05-19T10:23:25Z,0,0,0,3.9,0.6,0,25.1,849.8,25.6,25.8,54.5,988,8099,0,0.4,109,2.2,2.2,25.8,19.4,20.4
2026-05-19T10:38:32Z,0,0,0,3.8,0.6,0,26.8,849.6,27.2,27.5,48.4,960,7737,0,0.3,203,1.3,1.3,27.8,19.9,21.9
2026-05-19T10:53:39Z,0,0,0,1.4,0.6,0,26.1,849.6,26.8,26.9,52.9,512,2736,0,0.1,95,0.7,0.7,27.5,20.1,21.7
2026-05-19T11:08:45Z,0,0,0,3.3,0.6,0,26.7,849.3,27.2,27.7,49.7,881,6910,0,0.1,70,1.1,1.1,28.1,20.2,22.1
2026-05-19T11:23:51Z,0,0,0,1.3,0.6,0,27.5,849.1,27.6,28.7,47.2,507,2683,0,0.7,73,1.9,1.9,29,20.7,22.7
2026-05-19T11:38:58Z,0,0,0,3,0.6,0,26.4,849,26.8,27.2,49.4,826,6290,0,0.7,194,1.3,1.3,27.6,19.8,21.7
2026-05-19T11:54:22Z,0,0,0,2.9,0.6,0,27,848.8,27.6,27.8,48.4,797,5983,0,1.2,197,3.1,3.1,28.1,20.2,22.1
2026-05-19T12:09:28Z,0,0,0,2.5,0.6,0,27.7,848.6,28,28.6,44.5,732,5334,0,0.2,30,0.7,0.7,28.6,20.1,22.4
2026-05-19T12:24:35Z,0,0,0,2,0.6,0,26.2,848.4,26.6,27.1,46.6,638,4289,0,0.7,149,2,2,27.3,19.3,21.5
2026-05-19T12:39:41Z,0,0,0,2,0.6,0,26.5,848.4,26.6,27.5,46,635,4275,0,1.2,73,3.1,3.1,27.7,19.5,21.8
2026-05-19T12:54:48Z,0,0,0,1.8,0.6,0,26.9,848.4,27.6,28,46.5,596,3846,0,0.3,171,1.3,1.3,28.2,20,22.2
2026-05-19T13:09:54Z,0,0,0,1.6,0.6,0,26.3,848.4,26.8,27.6,46.7,555,3449,0,0.9,81,2.4,2.4,27.8,19.7,21.9
2026-05-19T13:25:01Z,0,0,0,1.5,0.6,0,25.4,848.5,26,26.4,51.4,528,3164,0,0.5,187,2,2,26.4,19.4,20.8
2026-05-19T13:40:26Z,0,0,0,0.9,0.6,0,25.3,848.6,26,26.3,51.4,422,1897,0,0.5,199,1.7,1.7,26.3,19.3,20.8
2026-05-19T13:55:33Z,0,0,0,0.9,0.6,0,25.2,848.7,26.1,26.2,52.8,422,1985,0,0.7,199,3.1,3.1,26.2,19.5,20.7
2026-05-19T14:10:40Z,0,0,0,0.8,0.6,0,25.1,848.8,25.6,26.4,52.7,402,1815,0,0.1,59,0.4,0.4,26.5,19.6,20.9
2026-05-19T14:25:47Z,0,0,0,0.5,0.6,0,24.6,848.9,25.2,25.8,55.5,343,1161,0,0.2,155,0.7,0.7,25.9,19.5,20.4
2026-05-19T14:40:53Z,0,0,0,0.2,0.6,0,23.5,848.9,23.8,24.1,58.2,293,506,0,0.7,131,1.1,1.1,24.1,18.4,19
2026-05-19T14:56:00Z,0,0,0,0.1,0.6,0,22.9,849.1,23.1,23.3,62.3,281,411,0,0.2,101,1.1,1.1,23.3,18.3,18.4
2026-05-19T15:11:06Z,0,0,0,0.1,0.6,0,22.4,849.3,22.6,22.8,63.6,271,322,0,0.3,92,1.1,1.1,22.8,18,18
2026-05-19T15:26:30Z,0,0,0,0,0.6,0,21.9,849.4,22.1,22.2,65.8,263,280,0,0.2,92,0.7,0.7,22.2,17.8,17.5
2026-05-19T15:41:36Z,0,0,0,0,0.6,0,21.4,849.5,21.5,21.7,68.1,260,256,0,0,129,0,0,21.7,17.6,17.1
2026-05-19T15:56:43Z,0,0,0,0,0.6,0,20.9,849.6,21.1,21.2,70.3,259,253,0,0,129,0,0,21.2,17.4,16.6
2026-05-19T16:11:50Z,0,0,0,0,0.6,0,20.9,849.6,21.1,21.1,71.9,261,254,0,0.1,148,0.4,0.4,21.2,17.6,16.6
2026-05-19T16:26:57Z,0,0,0,0,0.6,0,20.9,849.6,21,21.1,73.1,261,253,0,0.1,159,0.2,0.2,21.2,17.7,16.6
2026-05-19T16:42:03Z,0,0,0,0,0.6,0,20.6,849.7,20.7,20.9,74.6,261,255,0,0,106,0,0,20.9,17.7,16.4
2026-05-19T16:57:09Z,0,0,0,0,0.6,0,20.3,849.9,20.4,20.6,76.1,261,253,0,0,136,0.4,0.4,20.6,17.6,16.1
2026-05-19T17:12:36Z,0,0,0,0,0.6,0,20.3,850,20.4,20.6,76.2,261,254,0,0,119,0.4,0.4,20.6,17.6,16.1
2026-05-19T17:27:42Z,0,0,0,0,0.6,0,20,850.1,20.2,20.4,76.8,260,253,0,0,129,0,0,20.4,17.5,15.9
2026-05-19T17:42:49Z,0,0,0,0,0.6,0,19.7,850.1,19.8,20,78,259,254,0,0,129,0,0,20.1,17.3,15.6
2026-05-19T17:57:55Z,0,0,0,0,0.6,0,19.4,850.3,19.6,19.8,78.6,261,253,0,0.1,129,0.7,0.7,19.8,17.1,15.4
2026-05-19T18:13:02Z,0,0,0,0,0.6,0,19.2,850.5,19.3,19.5,80.9,262,254,0,0,129,0,0,19.5,17.1,15.1
2026-05-19T18:28:08Z,0,0,0,0,0.6,0,18.9,850.7,19.1,19.3,81.8,259,255,0,0,129,0,0,19.3,17,14.9
2026-05-19T18:43:15Z,0,0,0,0,0.6,0,19,850.9,19.2,19.4,83.7,260,253,0,0,129,0,0,19.5,17.4,15.1
2026-05-19T18:58:38Z,0,0,0,0,0.6,0,18.9,850.7,19.1,19.2,83.7,260,253,0,0,129,0,0,19.3,17.2,14.9
2026-05-19T19:13:45Z,0,0,0,0,0.6,0,18.6,851,18.7,18.9,85.6,261,253,0,0,129,0,0,19,17.2,14.7
2026-05-19T19:28:52Z,0,0,0,0,0.6,0,18.6,850.9,18.8,19,85.2,261,252,0,0,129,0.2,0.2,19.1,17.2,14.7
2026-05-19T19:43:59Z,0,0,0,0,0.6,0,18.6,851.1,18.8,19,84.9,260,253,0,0,129,0,0,19.1,17.2,14.7
2026-05-19T19:59:05Z,0,0,0,0,0.6,0,18.8,851.1,19.1,19.2,85.1,260,253,0,0,78,0,0,19.3,17.4,14.9
2026-05-19T20:14:11Z,0,0,0,0,0.6,0,18.9,851.1,19.1,19.2,84.2,260,253,0,0.1,96,0.4,0.4,19.3,17.3,15
2026-05-19T20:29:19Z,0,0,0,0,0.6,0,18.9,851,19,19.2,84,259,253,0,0,64,0.2,0.2,19.3,17.3,14.9
2026-05-19T20:44:42Z,0,0,0,0,0.6,0,18.9,850.9,19.1,19.2,84.5,262,254,0,0,107,0.2,0.2,19.3,17.3,14.9
2026-05-19T20:59:49Z,0,0,0,0,0.6,0,19,851,19.1,19.3,84.8,262,254,0,0,68,0.2,0.2,19.4,17.5,15
2026-05-19T21:14:56Z,0,0,0,0,0.6,0,19.1,850.9,19.2,19.4,83.7,261,253,0,0.7,86,1.6,1.6,19.5,17.4,15.1
2026-05-19T21:30:02Z,0,0,0,0,0.6,0,19,850.7,19.2,19.4,82.5,260,253,0,0,158,0.4,0.4,19.5,17.2,15.1
2026-05-19T21:45:09Z,0,0,0,0,0.6,0,18.5,850.4,18.6,18.9,84.2,260,253,0,0.2,156,0.7,0.7,19,17,14.7
2026-05-19T22:00:16Z,0,0,0,0,0.6,0,18,850.6,18.1,18.4,86.1,260,254,0,0,156,0.2,0.2,18.5,16.7,14.2
2026-05-19T22:15:23Z,0,0,0,0,0.6,0,17.9,850.6,18.1,18.3,87.3,260,254,0,0,156,0,0,18.4,16.8,14.1
2026-05-19T22:30:47Z,0,0,0,0,0.6,0,17.7,850.4,17.8,18,89.1,260,254,0,0.5,156,0.7,0.7,18.1,16.7,13.8
2026-05-19T22:45:54Z,0,0,0,0,0.6,0,17.5,850.2,17.6,17.8,89.5,262,253,0,0,156,0.7,0.7,17.9,16.6,13.6
2026-05-19T23:01:01Z,0,0,0,0,0.6,0,17.6,850.4,17.8,17.9,89.5,260,254,0,0,156,0,0,18,16.7,13.8
2026-05-19T23:16:28Z,0,0,0,0,0.6,0,17.6,850.4,17.8,18,89.3,259,253,0,0.6,174,1.3,1.3,18,16.7,13.8
2026-05-19T23:31:53Z,0,0,0,0,0.6,0,17.6,850.4,17.8,18,88.9,260,254,0,0.2,174,0.8,0.8,18,16.6,13.8
2026-05-19T23:47:00Z,0,0,0,0,0.6,0,17.5,850.2,17.7,17.9,89,260,254,0,0.2,201,1.3,1.3,17.9,16.5,13.7
2026-05-20T00:00:05Z,0,0,0,0,0.6,0,17.3,850.2,17.4,17.6,89.7,259,253,0,0,200,0,0,17.7,16.4,13.4
2026-05-20T00:15:12Z,0,0,0,0,0.6,0,17,850.4,17.1,17.3,90.5,260,254,0,0,200,0,0,17.4,16.2,13.2
2026-05-20T00:30:19Z,0,0,0,0,0.6,0,17,850.3,17.1,17.3,91.6,260,253,0,0,200,0,0,17.4,16.3,13.2
2026-05-20T00:45:27Z,0,0,0,0,0.6,0,16.9,850.3,17.1,17.2,91.9,260,255,0,0,200,0,0,17.3,16.3,13.1
2026-05-20T01:00:34Z,0,0,0,0,0.6,0,16.7,850.4,16.8,16.9,92.7,259,253,0,0,200,0,0,17,16.1,12.8
2026-05-20T01:15:41Z,0,0,0,0,0.6,0,16.4,850.6,16.5,16.7,93.4,261,252,0,0,200,0,0,16.8,15.9,12.6
2026-05-20T01:31:03Z,0,0,0,0,0.6,0,16.5,850.6,16.6,16.9,93.9,261,253,0,0,200,0,0,17,16.2,12.8
2026-05-20T01:46:10Z,0,0,0,0,0.6,0,16.9,850.6,16.9,17.2,93.3,261,253,0,0,200,0,0,17.3,16.4,13.1
2026-05-20T02:01:17Z,0,0,0,0,0.6,0,17.1,850.6,17.2,17.4,91.9,260,253,0,0,200,0,0,17.5,16.5,13.3
2026-05-20T02:16:24Z,0,0,0,0,0.6,0,17.1,850.7,17.2,17.5,91.1,261,254,0,0,200,0,0,17.6,16.4,13.3
2026-05-20T02:31:31Z,0,0,0,0,0.6,0,17.2,850.7,17.2,17.5,91,262,254,0,0,200,0,0,17.6,16.4,13.4
2026-05-20T02:46:38Z,0,0,0,0,0.6,0,17.2,850.9,17.2,17.5,90.7,260,254,0,0,200,0,0,17.6,16.4,13.4
2026-05-20T03:02:01Z,0,0,0,0,0.6,0,17.2,851,17.3,17.5,90.4,261,253,0,0,200,0,0,17.6,16.4,13.4
2026-05-20T03:17:08Z,0,0,0,0,0.6,0,17.2,851.2,17.4,17.6,90.1,259,256,0,0,200,0,0,17.7,16.4,13.4
2026-05-20T03:32:15Z,0,0,0,0,0.6,0,17.2,851.2,17.4,17.5,89.4,263,266,0,0,200,0,0,17.6,16.3,13.4
2026-05-20T03:47:23Z,0,0,0,0.1,0.6,0,17.3,851.4,17.4,17.6,89.3,266,304,0,0,200,0,0,17.7,16.3,13.4
2026-05-20T04:02:30Z,0,0,0,0.1,0.6,0,17.4,851.3,17.5,17.7,89.4,274,393,0,0,200,0,0,17.8,16.4,13.5
2026-05-20T04:17:38Z,0,0,0,0.2,0.6,0,17.6,851.4,17.8,17.9,89.3,297,624,0,0.5,201,1.3,1.3,18,16.6,13.7
2026-05-20T04:33:05Z,0,0,0,0.5,0.6,0,17.8,851.5,18,18,90.2,346,1159,0,0,201,0.2,0.2,18.1,16.8,13.8
2026-05-20T04:48:12Z,0,0,0,0.9,0.6,0,18.5,851.8,19.1,18.5,89.3,420,2185,0,0.2,201,0.9,0.9,18.6,17.2,14.3
2026-05-20T05:03:19Z,0,0,0,0.6,0.6,0,19.7,852,20.4,19.4,85.3,377,1443,0,0.1,201,0.4,0.4,19.5,17.6,15.1
2026-05-20T05:18:26Z,0,0,0,0.7,0.6,0,19.2,852.1,19.9,19,83.9,388,1541,0,0,200,0,0,19.1,17.1,14.7
2026-05-20T05:33:34Z,0,0,0,0.7,0.6,0,19.4,852.4,19.9,19.3,82.1,384,1526,0,0.3,201,1.1,1.1,19.3,17.1,15
2026-05-20T05:48:41Z,0,0,0,0.8,0.6,0,19.4,852.4,19.8,19.4,80,409,1716,0,1.2,201,2.4,2.4,19.4,16.9,15
2026-05-20T06:04:08Z,0,0,0,1.5,0,0,19.8,852.5,20.2,19.8,81.2,532,3130,0,0.5,201,1.1,1.1,19.9,17.5,15.5
2026-05-20T06:19:15Z,0,0,0,2.2,0,0,21.1,852.4,21.8,20.9,75.2,668,4761,0,0.4,201,0.9,0.9,21,17.8,16.4
2026-05-20T06:34:21Z,0,0,0,2.4,0,0,21.5,852.4,22,21.3,72.8,712,5192,0,0.6,201,1.7,1.7,21.4,17.9,16.8
2026-05-20T06:49:28Z,0,0,0,2.9,0,0,21.5,852.5,22.2,21.6,70.6,798,6264,0,1.4,201,2.6,2.6,21.7,17.9,17
2026-05-20T07:04:35Z,0,0,0,1,0,0,22.1,852.3,22.4,21.9,69.2,443,2250,0,1.4,201,2.8,2.8,21.9,17.9,17.2
2026-05-20T07:19:42Z,0,0,0,2.9,0,0,21.2,852.2,21.6,21.2,72.4,791,6026,0,0.1,201,0.7,0.7,21.3,17.8,16.7
2026-05-20T07:34:50Z,0,0,0,3.1,0,0,22.1,852,22.7,22,66.2,843,6594,0,1.8,199,2.6,2.6,22,17.7,17.3
2026-05-20T07:50:12Z,0,0,0,1.3,0,0,23.7,852,24.4,24,62.1,493,2555,0,1,200,2,2,24,18.9,19
2026-05-20T08:05:19Z,0,0,0,0.9,0,0,22.7,851.8,22.8,22.5,66.8,431,1977,0,0.8,249,2,2,22.5,18.2,17.8
2026-05-20T08:20:26Z,0,0,0,3.6,0,0,23.6,851.7,24.2,23.6,65.3,937,7675,0,0,211,0.2,0.2,23.7,19,18.7
2026-05-20T08:35:33Z,0,0,0,3.7,0,0,23.5,851.8,24.4,23.8,61.6,951,7672,0,0.5,210,2.4,2.4,23.9,18.7,18.9
2026-05-20T08:50:40Z,0,0,0,4.2,0,0,23.9,851.7,24.7,24.1,62.5,1042,8913,0,0.8,225,1.5,1.5,24.2,19.1,19.1
2026-05-20T09:05:47Z,0,0,0,4.1,0,0,23.5,851.7,24.1,23.9,59.7,1012,8459,0,0.3,213,0.9,0.9,23.8,18.4,18.8
2026-05-20T09:21:18Z,0,0,0,4.2,0,0,25.4,851.4,26.1,25.7,54.4,1040,8704,0,0.2,211,0.9,0.9,25.8,19.3,20.3
2026-05-20T09:36:25Z,0,0,0,1.1,0,0,24.4,851.2,25.1,24.8,58.9,456,2213,0,0.1,212,0.7,0.7,24.8,19.1,19.6
2026-05-20T09:51:32Z,0,0,0,4.1,0,0,26.2,850.9,26.8,26.5,54.9,1014,8500,0,0.3,212,1.1,1.1,26.5,20,20.9
2026-05-20T10:06:39Z,0,0,0,2.5,0,0,24.8,850.7,25.5,25.1,55.7,722,5196,0,0.4,210,0.7,0.7,25.1,19,19.8
2026-05-20T10:21:46Z,0,0,0,3.8,0,0,26.3,850.3,26.8,26.5,50.6,961,7824,0,0,210,0.2,0.2,26.5,19.4,20.9
2026-05-20T10:36:53Z,0,0,0,1.2,0,0,25.6,850.3,26.7,26.3,49.2,491,2469,0,0.9,211,2.6,2.6,26.3,19,20.8
2026-05-20T10:52:18Z,0,0,0,3.5,0,0,26.7,849.9,27.3,27,49,919,7337,0,0.2,212,0.9,0.9,27.3,19.5,21.5
2026-05-20T11:07:25Z,0,0,0,3.5,0,0,26.2,849.7,27.1,27,53.1,909,7169,0,0,199,0,0,27.6,20.2,21.7
2026-05-20T11:22:32Z,0,0,0,2.7,0,0,27.8,849.5,28.1,28.1,46.7,763,5581,0,0.5,200,1.3,1.3,28.3,20.1,22.2
2026-05-20T11:37:39Z,0,0,0,1,0,0,26,849.4,26.8,26.6,48,445,2170,0,0,197,0.4,0.4,26.6,19,21
2026-05-20T11:52:46Z,0,0,0,1.1,0,0,26.7,849,27.1,27.6,46.6,467,2289,0,0.1,101,0.5,0.5,27.8,19.7,21.8
2026-05-20T12:07:52Z,0,0,0,3,0,0,27.3,848.9,27.8,27.7,47.4,827,6506,0,0,306,0.2,0.2,27.9,19.9,22
2026-05-20T12:22:59Z,0,0,0,1,0,0,27,848.7,27.5,28,46.8,451,2267,0,0.3,87,1.3,1.3,28.2,20,22.2
2026-05-20T12:38:23Z,0,0,0,2.1,0,0,25.9,848.5,26.4,26.6,51.3,651,4472,0,0.7,179,2.2,2.2,26.7,19.6,21
2026-05-20T12:53:30Z,0,0,0,0.9,0,0,26.4,848.4,27.1,27.1,50,427,1960,0,0.1,192,0.7,0.7,27.5,19.8,21.7
2026-05-20T13:08:37Z,0,0,0,1.4,0,0,25.6,848.5,25.9,26.4,51.9,515,2964,0,1,91,2,2,26.4,19.5,20.9
2026-05-20T13:23:44Z,0,0,0,0.8,0,0,26.2,848.4,26.3,27.1,51.7,401,1669,0,1.1,105,2.6,2.6,27.7,20.1,21.8
2026-05-20T13:38:50Z,0,0,0,0.6,0,0,24.9,848.6,25.2,25.5,57.1,367,1403,0,0.1,186,0.4,0.4,25.5,19.5,20.2
2026-05-20T13:53:57Z,0,0,0,0.6,0,0,24.9,848.6,25.2,25.4,56.7,370,1442,0,0.1,187,0.7,0.7,25.4,19.3,20.1
2026-05-20T14:09:03Z,0,0,0,0.3,0,0,24.5,848.7,24.8,25,57,320,862,0,0,119,0.2,0.2,25.1,19.1,19.8
2026-05-20T14:24:27Z,0,0,0,0.3,0,0,24.2,848.9,24.4,24.6,57.6,308,759,0,0.5,197,0.9,0.9,24.6,18.8,19.5
2026-05-20T14:39:33Z,0,0,0,0.2,0,0,23.6,848.9,23.8,24.1,59.1,296,561,0,0.2,130,0.8,0.8,24.1,18.5,19
2026-05-20T14:54:40Z,0,0,0,0.1,0,0,23.1,849,23.2,23.5,61.6,278,373,0,0.8,92,2.6,2.6,23.5,18.3,18.5
2026-05-20T15:09:47Z,0,0,0,0.1,0,0,22.6,849.2,22.8,23,63.5,271,343,0,0.2,144,0.9,0.9,23,18.1,18.1
2026-05-20T15:24:54Z,0,0,0,0,0,0,22.3,849.2,22.4,22.6,64.6,265,280,0,0,125,0.2,0.2,22.6,18,17.8
2026-05-20T15:40:01Z,0,0,0,0,0,0,22,849.4,22.2,22.3,65.4,261,256,0,0,144,0.2,0.2,22.3,17.8,17.6
2026-05-20T15:55:09Z,0,0,0,0,0,0,21.7,849.5,21.9,22,67.3,260,254,0,0,117,0.2,0.2,22,17.8,17.3
2026-05-20T16:10:31Z,0,0,0,0,0,0,21.3,849.7,21.4,21.6,68.7,261,253,0,0,123,0,0,21.7,17.6,17
2026-05-20T16:25:38Z,0,0,0,0,0,0,21,849.8,21.2,21.4,70.2,261,253,0,0.1,151,0.7,0.7,21.4,17.6,16.8
2026-05-20T16:40:45Z,0,0,0,0,0,0,20.7,849.9,20.8,21,71.7,260,253,0,0,110,0,0,21,17.5,16.5
2026-05-20T16:55:52Z,0,0,0,0,0,0,20.4,850.2,20.5,20.7,72.7,261,252,0,0,145,0,0,20.7,17.3,16.2
2026-05-20T17:10:59Z,0,0,0,0,0,0,20.3,850.4,20.4,20.6,73.2,261,253,0,0,145,0,0,20.6,17.2,16.1
2026-05-20T17:26:06Z,0,0,0,0,0,0,20.3,850.5,20.4,20.6,73.1,260,253,0,0,145,0,0,20.6,17.2,16.1
2026-05-20T17:41:13Z,0,0,0,0,0,0,20.1,850.6,20.2,20.4,73.8,260,253,0,0,145,0,0,20.4,17.1,15.9
2026-05-20T17:56:35Z,0,0,0,0,0,0,19.8,850.7,20,20.2,75.8,260,252,0,0,145,0,0,20.2,17.2,15.7
2026-05-20T18:11:43Z,0,0,0,0,0,0,19.7,850.8,19.9,20.1,75.8,261,253,0,0,145,0,0,20.1,17.1,15.6
2026-05-20T18:26:50Z,0,0,0,0,0,0,19.8,850.8,19.9,20.1,76.5,259,253,0,0,145,0,0,20.2,17.2,15.7
2026-05-20T18:41:57Z,0,0,0,0,0,0,19.8,851,19.9,20.1,76,260,253,0,0,145,0,0,20.2,17.2,15.7
2026-05-20T18:57:44Z,0,0,0,0,0,0,19.6,851,19.8,20,77.1,260,254,0,0,145,0,0,20,17.1,15.5
2026-05-20T19:12:51Z,0,0,0,0,0,0,19.3,851.1,19.4,19.6,80.4,261,254,0,0,145,0.2,0.2,19.7,17.2,15.3
2026-05-20T19:27:57Z,0,0,0,0,0,0,19.2,851.1,19.3,19.5,81.4,261,252,0,0,145,0,0,19.5,17.2,15.1
2026-05-20T19:43:04Z,0,0,0,0,0,0,19.2,851.2,19.4,19.5,81.4,262,253,0,0,145,0,0,19.6,17.3,15.2
2026-05-20T19:58:11Z,0,0,0,0,0,0,19.2,851.2,19.4,19.6,81,260,253,0,0,145,0.2,0.2,19.7,17.3,15.3
2026-05-20T20:13:18Z,0,0,0,0,0,0,19.3,851.2,19.4,19.6,81.8,259,254,0,0,145,0.2,0.2,19.7,17.4,15.3
2026-05-20T20:28:42Z,0,0,0,0,0,0,19.3,851.3,19.5,19.7,81.4,260,254,0,0.1,144,0.4,0.4,19.7,17.4,15.3
2026-05-20T20:43:49Z,0,0,0,0,0,0,19.3,851.3,19.5,19.7,81.4,261,254,0,0,145,0,0,19.8,17.4,15.3
2026-05-20T20:58:56Z,0,0,0,0,0,0,19.5,851.3,19.6,19.8,76.5,260,254,0,0.3,189,1.3,1.3,19.9,16.9,15.4
2026-05-20T21:14:03Z,0,0,0,0,0,0,19.1,851.3,19.3,19.5,79.2,261,253,0,0,164,0.2,0.2,19.5,16.9,15.1
2026-05-20T21:29:31Z,0,0,0,0,0,0,18.7,851.3,18.9,19.1,81.3,262,254,0,1.7,177,3.7,3.7,19.1,16.8,14.8
2026-05-20T21:44:44Z,0,0,0,0,0,0,18.5,851.2,18.7,18.9,82.4,261,254,0,0.5,198,1.3,1.3,18.9,16.7,14.6
2026-05-20T21:59:51Z,0,0,0,0,0,0,18.3,851.1,18.4,18.7,83.8,260,253,0,0.2,201,1.1,1.1,18.7,16.7,14.4
2026-05-20T22:15:42Z,0,0,0,0,0,0,18,851.1,18.2,18.5,85,261,253,0,0.2,201,1.1,1.1,18.5,16.6,14.2
2026-05-20T22:31:07Z,0,0,0,0,0,0,18,850.8,18.1,18.4,85.9,259,253,0,0.4,201,0.9,0.9,18.4,16.6,14.1
2026-05-20T22:46:14Z,0,0,0,0,0,0,18,850.8,18.2,18.4,86,259,253,0,0.2,201,0.9,0.9,18.5,16.7,14.2
2026-05-20T23:01:21Z,0,0,0,0,0,0,18,850.9,18.2,18.4,86.4,261,254,0,0,200,0,0,18.5,16.8,14.2
2026-05-20T23:16:28Z,0,0,0,0,0,0,18,850.7,18.2,18.4,86.6,259,254,0,0,201,0.2,0.2,18.5,16.8,14.2
2026-05-20T23:31:35Z,0,0,0,0,0,0,17.9,850.6,18.1,18.3,86.2,259,254,0,0,201,0.2,0.2,18.4,16.7,14.1
2026-05-20T23:46:42Z,0,0,0,0,0,0,17.8,850.6,18,18.2,86.6,260,253,0,0.1,201,0.4,0.4,18.3,16.6,14
2026-05-21T00:00:07Z,0,0,0,0,0,0,17.8,850.5,18.1,18.2,87.3,261,253,0,0.4,201,1.1,1.1,18.3,16.7,14
2026-05-21T00:15:14Z,0,0,0,0,0,0,17.7,850.5,17.9,18.1,87.8,260,254,0,0,200,0,0,18.2,16.6,13.9
2026-05-21T00:30:21Z,0,0,0,0,0,0,17.7,850.7,17.8,18,88.2,261,254,0,0,200,0,0,18.1,16.6,13.8
2026-05-21T00:45:28Z,0,0,0,0,0,0,17.6,850.7,17.8,18,87.9,261,254,0,0,201,0.2,0.2,18,16.5,13.8
2026-05-21T01:00:36Z,0,0,0,0,0,0,17.7,850.9,17.9,18.1,88.4,261,254,0,0,200,0,0,18.1,16.7,13.9
2026-05-21T01:15:43Z,0,0,0,0,0,0,17.7,850.7,17.8,18,87.9,259,253,0,0,201,0.2,0.2,18.1,16.6,13.8
2026-05-21T01:30:50Z,0,0,0,0,0,0,17.7,850.6,17.8,18,88.4,260,254,0,0,200,0,0,18.1,16.6,13.8
2026-05-21T01:46:12Z,0,0,0,0,0,0,17.7,850.9,17.9,18,88.6,260,253,0,0,201,0.2,0.2,18.1,16.7,13.9
2026-05-21T02:01:19Z,0,0,0,0,0,0,17.6,850.9,17.8,18,88.8,261,253,0,0.1,201,0.4,0.4,18.1,16.6,13.8
2026-05-21T02:16:26Z,0,0,0,0,0,0,17.6,851.1,17.7,17.9,89.1,261,254,0,0,200,0,0,18,16.6,13.7
2026-05-21T02:31:33Z,0,0,0,0,0,0,17.6,851.3,17.8,18,89.4,259,253,0,0.1,201,0.7,0.7,18,16.7,13.8
2026-05-21T02:46:40Z,0,0,0,0,0,0,17.6,851.5,17.8,18,89.7,260,254,0,0.1,201,0.4,0.4,18.1,16.7,13.8
2026-05-21T03:01:47Z,0,0,0,0,0,0,17.5,851.5,17.7,17.9,90.9,260,254,0,0,201,0.2,0.2,18,16.8,13.7
2026-05-21T03:16:54Z,0,0,0,0,0,0,17.4,851.7,17.6,17.8,91.6,262,259,0,0,200,0,0,17.9,16.8,13.7
2026-05-21T03:32:16Z,0,0,0,0,0,0,17.4,851.9,17.6,17.8,91.9,263,290,0,0.1,201,0.4,0.4,17.9,16.8,13.6
2026-05-21T03:47:24Z,0,0,0,0.1,0,0,17.5,851.9,17.6,17.8,92.2,274,392,0,0,200,0,0,17.9,16.9,13.7
2026-05-21T04:02:31Z,0,0,0,0.1,0,0,17.4,852.1,17.6,17.8,91.5,281,456,0,0.1,201,0.7,0.7,17.9,16.8,13.6
2026-05-21T04:17:38Z,0,0,0,0.2,0,0,17.5,852.2,17.7,17.8,91.1,292,554,0,0,200,0,0,17.9,16.8,13.7
2026-05-21T04:32:45Z,0,0,0,0.5,0,0,17.9,852,18.1,18.1,89.7,346,1153,0,0.1,201,0.9,0.9,18.3,16.9,14
2026-05-21T04:47:52Z,0,0,0,0.7,0,0,18.3,852.3,18.6,18.6,88.6,384,1621,0,0,200,0,0,18.8,17.3,14.4
2026-05-21T05:03:19Z,0,0,0,0.2,0,0,18.8,852.5,19.1,19.2,84.3,301,715,0,0.1,201,0.2,0.2,19.3,17.3,14.9
2026-05-21T05:18:26Z,0,0,0,0.2,0,0,18.8,852.7,19,19.2,84.4,287,531,0,0,201,0.2,0.2,19.2,17.3,14.9
2026-05-21T05:33:33Z,0,0,0,0.3,0,0,18.4,852.8,18.7,18.8,85.6,304,700,0,0.1,201,0.9,0.9,18.8,17,14.5
2026-05-21T05:48:40Z,0,0,0,0.3,0,0,18.4,852.9,18.7,18.8,85.7,322,926,0,0.5,201,1.7,1.7,18.8,17,14.5
2026-05-21T06:03:47Z,0,0,0,0.4,0,0,18.4,853,18.7,18.8,85.5,336,1062,0,0.4,201,1.1,1.1,18.9,17,14.5
2026-05-21T06:18:54Z,0,0,0,0.7,0,0,19.1,853.1,19.3,19.5,83.4,380,1551,0,0,200,0,0,19.6,17.5,15.2
2026-05-21T06:34:02Z,0,0,0,1.2,0,0,19.2,853.1,19.5,19.6,82.1,477,2617,0,0,200,0,0,19.7,17.4,15.3
2026-05-21T06:49:24Z,0,0,0,1.4,0,0,20.4,853.1,21,20.7,76.6,513,3013,0,0.4,201,0.9,0.9,20.8,17.8,16.3
2026-05-21T07:04:31Z,0,0,0,1.3,0,0,20.1,853,20.4,20.1,78.4,499,2875,0,1.2,201,2,2,20.1,17.4,15.7
2026-05-21T07:19:38Z,0,0,0,1.7,0,0,20.8,852.9,21.2,21.1,75.2,566,3551,0,0.1,201,0.5,0.5,21.1,17.9,16.6
2026-05-21T07:34:45Z,0,0,0,1.5,0,0,21,852.8,21.4,20.9,75.4,531,3121,0,0.5,201,1.5,1.5,21,17.8,16.4
2026-05-21T07:49:52Z,0,0,0,1.6,0,0,21.7,852.7,22.1,21.7,73.3,561,3416,0,0.7,201,1.7,1.7,21.8,18.3,17.1
2026-05-21T08:04:59Z,0,0,0,1.9,0,0,21.6,852.6,22.1,21.8,71.5,619,3943,0,0,200,0,0,21.8,18.1,17.2
2026-05-21T08:20:06Z,0,0,0,2,0,0,22.4,852.3,23.5,22.8,66.2,633,4036,0,0.1,201,0.4,0.4,22.9,18.4,18
2026-05-21T08:35:28Z,0,0,0,3.7,0,0,23.2,852.2,24.1,23.4,64.5,954,7648,0,0.4,201,2.4,2.4,23.4,18.7,18.5
2026-05-21T08:50:34Z,0,0,0,3.8,0,0,25,852,25.6,25.5,59.4,962,7681,0,0.1,201,0.7,0.7,25.6,19.9,20.2
2026-05-21T09:05:40Z,0,0,0,4,0,0,25.7,851.8,26.4,26.4,56.5,1005,8158,0,0,200,0,0,26.5,20.2,20.9
2026-05-21T09:20:47Z,0,0,0,3.2,0,0,26.4,851.6,26.8,27,55.6,860,6575,0,0,200,0,0,27.8,20.6,21.9
2026-05-21T09:35:54Z,0,0,0,1.5,0,0,24.3,851.4,24.9,24.4,61.1,538,3148,0,0.1,201,0.4,0.4,24.5,19.1,19.3
2026-05-21T09:51:01Z,0,0,0,4.1,0,0,24.8,851.2,25.4,24.9,61.3,1016,8613,0,0.1,201,0.7,0.7,24.9,19.6,19.7
2026-05-21T10:06:40Z,0,0,0,3.9,0,0,24,851,24.7,24.4,60.3,992,8287,0,0.3,197,1.1,1.1,24.4,19,19.3
2026-05-21T10:21:46Z,0,0,0,3,0,0,25.8,850.8,26.6,26.2,56.4,808,6108,0,1.4,199,2,2,26.3,20,20.7
2026-05-21T10:36:53Z,0,0,0,1.1,0,0,25.2,850.5,25.6,25.2,56.9,458,2204,0,0.1,200,0.7,0.7,25.3,19.3,20
2026-05-21T10:52:00Z,0,0,0,1.4,0,0,25.9,850.4,26.4,26.5,52.7,511,2779,0,0.7,195,1.3,1.3,26.5,19.7,20.9
2026-05-21T11:07:07Z,0,0,0,1,0,0,25.4,850.1,25.8,25.5,55.4,443,2016,0,0.3,195,1.5,1.5,25.5,19.3,20.2
2026-05-21T11:22:28Z,0,0,0,3.4,0,0,25.8,849.8,26.3,26.4,52.9,885,6935,0,0.4,82,1.1,1.1,26.4,19.6,20.8
2026-05-21T11:37:36Z,0,0,0,0.8,0,0,27,849.6,27.9,27.7,50.3,398,1606,0,0.2,114,2,2,28.2,20.4,22.2
2026-05-21T11:52:42Z,0,0,0,2.9,0,0,25.2,849.6,25.9,25.7,55.4,804,6208,0,0.1,174,0.7,0.7,25.7,19.4,20.3
2026-05-21T12:07:49Z,0,0,0,2.5,0,0,26.3,849.4,26.7,26.4,51.4,728,5258,0,0.5,200,0.9,0.9,26.5,19.5,20.9
2026-05-21T12:22:56Z,0,0,0,2.5,0,0,27.4,849.2,27.8,27.9,47.8,723,5222,0,0.3,200,0.9,0.9,28.2,20.1,22.1
2026-05-21T12:38:03Z,0,0,0,2.4,0,0,27.9,849,28.6,28.2,45.5,712,5326,0,0.1,200,0.2,0.2,28.3,20,22.2
2026-05-21T12:53:10Z,0,0,0,1.2,0,0,28.1,849.1,28.5,29.1,47,481,2726,0,0.1,132,0.8,0.8,29.5,21,23.1
2026-05-21T13:08:33Z,0,0,0,0.6,0,0,25.8,849.1,26.1,26.6,54.8,360,1339,0,0.5,93,1.7,1.7,26.7,20.1,21
2026-05-21T13:23:40Z,0,0,0,0.4,0,0,24.9,849.1,25.1,25.4,59.2,330,978,0,0.1,162,0.4,0.4,25.5,19.8,20.2
2026-05-21T13:38:47Z,0,0,0,0.3,0,0,24.5,849.1,24.6,24.9,62.2,312,749,0,0.2,91,0.7,0.7,25,19.7,19.7
2026-05-21T13:53:54Z,0,0,0,0.2,0,0,24.2,849.2,24.2,24.5,62.3,298,597,0,0.8,66,2.2,2.2,24.6,19.4,19.4
2026-05-21T14:09:01Z,0,0,0,0.1,0,0,23.2,849.3,23.2,23.5,66.3,280,435,0,0.2,73,0.4,0.4,23.6,19,18.6
2026-05-21T14:24:08Z,0,0,0,0.1,0,0,22.3,849.5,22.4,22.7,69.2,272,348,0,0,119,0.2,0.2,22.7,18.7,17.9
2026-05-21T14:39:15Z,0,0,0,0,0,0,21.8,850,21.8,21.9,72.4,266,305,0,0.3,326,0.7,0.7,22,18.4,17.3
2026-05-21T14:54:37Z,0,0,0,0,0,0,21.5,850,21.7,21.8,73.8,265,280,0,1.5,302,2.4,2.4,21.9,18.5,17.2
2026-05-21T15:09:44Z,0,0,0,0,0,0,21.4,850.1,21.5,21.7,75,264,302,0,0,350,0.4,0.4,21.8,18.5,17.1
2026-05-21T15:24:51Z,0,0,0,0,0,0,20.8,850.2,20.8,21.1,76.2,262,269,0,0,317,0.2,0.2,21.1,18.1,16.6
2026-05-21T15:39:58Z,0,0,0,0,0,0,20,850.3,19.8,20.1,80.2,262,256,0,0.1,349,0.7,0.7,20.2,17.6,15.7
2026-05-21T15:55:05Z,0,0,0,0,0,0,19.2,850.2,19.2,19.5,84.7,259,254,0,0,328,0,0,19.6,17.6,15.2
2026-05-21T16:10:11Z,0,0,0,0,0,0,18.6,850.5,18.8,18.8,87.7,261,254,0,0,328,0,0,18.9,17.3,14.6
2026-05-21T16:25:44Z,0,0,0.2,0,0,0,18.4,850.5,18.6,18.7,87.4,260,254,0,0,328,0,0,18.8,17.2,14.5
2026-05-21T16:40:51Z,0,0,0.2,0,0,0,18.3,850.7,18.4,18.7,86.2,259,253,0,0,328,0,0,18.7,17,14.4
2026-05-21T16:55:58Z,0,0,0.2,0,0,0,18.1,850.8,18.2,18.5,86.9,260,254,0,0,328,0,0,18.6,16.9,14.3
2026-05-21T17:11:05Z,0,0,0.2,0,0,0,18.1,850.9,18.4,18.7,85.2,260,253,0,0,328,0,0,18.7,16.9,14.4
2026-05-21T17:26:12Z,0,0,0.2,0,0,0,18.4,851.1,18.6,18.8,87.9,260,253,0,0,328,0,0,19,17.4,14.6
2026-05-21T17:41:51Z,0,0,0.2,0,0,0,18.4,851.2,18.5,18.8,87.4,259,255,0,0,328,0,0,18.9,17.2,14.5
2026-05-21T17:56:58Z,0,0,0.2,0,0,0,18.5,851.4,18.6,18.9,88.4,260,253,0,0,327,0,0,19,17.5,14.7
2026-05-21T18:12:04Z,0,0,0.2,0,0,0,18.7,851.8,18.8,19.1,89.2,261,254,0,0,327,0,0,19.2,17.8,14.8
2026-05-21T18:27:11Z,0,0,0.2,0,0,0,18.9,852,19,19.3,89,260,253,0,0.3,323,0.9,0.9,19.4,17.9,15
2026-05-21T18:42:19Z,0,0,0.2,0,0,0,19,852,19.1,19.4,88.8,261,253,0,0,318,0,0,19.5,18,15.1
2026-05-21T18:57:45Z,0,0,0.2,0,0,0,18.8,852.2,18.9,19.2,88.3,259,254,0,0,101,0,0,19.3,17.8,14.9
2026-05-21T19:12:52Z,0,0,0.2,0,0,0,18.8,852.2,18.9,19.1,87.9,260,253,0,0,139,0,0,19.2,17.6,14.9
2026-05-21T19:27:59Z,0,0,0.2,0,0,0,18.7,852.2,18.8,19.1,88.6,260,254,0,0,139,0,0,19.2,17.7,14.8
2026-05-21T19:43:06Z,0,0,0.2,0,0,0,18.7,852.2,18.8,19,89.2,260,253,0,0,139,0,0,19.2,17.7,14.8
2026-05-21T19:58:14Z,0,0,0.2,0,0,0,18.7,852.1,18.8,19,89.7,261,252,0,0,139,0,0,19.2,17.8,14.8
2026-05-21T20:13:20Z,0,0,0.2,0,0,0,18.5,852.1,18.6,18.8,90.5,260,253,0,0,139,0,0,18.9,17.6,14.6
2026-05-21T20:28:27Z,0,0,0.2,0,0,0,18.2,852.1,18.4,18.6,90,260,254,0,0,139,0,0,18.7,17.4,14.4
2026-05-21T20:43:52Z,0,0,0.2,0,0,0,18,852.1,18.2,18.4,90.8,261,253,0,0,139,0,0,18.5,17.2,14.2
2026-05-21T20:58:59Z,0,0,0.2,0,0,0,17.8,851.9,17.9,18.1,91.3,260,254,0,0,139,0,0,18.3,17.1,14
2026-05-21T21:14:24Z,0,0,0.2,0,0,0,17.8,851.9,17.9,18,91,261,253,0,0,139,0.2,0.2,18.2,17,13.9
2026-05-21T21:29:31Z,0,0,0.2,0,0,0,17.8,851.7,18,18.2,89.1,259,254,0,0,139,0,0,18.3,16.9,14
2026-05-21T21:44:38Z,0,0,0.2,0,0,0,17.9,851.7,18,18.2,88.3,260,254,0,0,139,0,0,18.3,16.8,14
2026-05-21T21:59:45Z,0,0,0.2,0,0,0,18.3,851.6,18.4,18.6,87.5,261,254,0,0.1,146,0.7,0.7,18.7,17.1,14.4
2026-05-21T22:14:52Z,0,0,0.2,0,0,0,18.4,851.6,18.6,18.7,89.1,261,253,0,0,169,0,0,18.9,17.4,14.5
2026-05-21T22:29:58Z,0,0,0.2,0,0,0,18.2,851.5,18.4,18.6,86.5,259,254,0,0.2,169,0.9,0.9,18.7,17,14.4
2026-05-21T22:45:06Z,0,0,0.2,0,0,0,18,851.4,18.1,18.4,83,260,253,0,0.4,131,1.7,1.7,18.4,16.4,14.1
2026-05-21T23:00:27Z,0,0,0.2,0,0,0,17.5,851.3,17.6,17.9,80.2,261,254,0,0.2,193,0.7,0.7,17.9,15.5,13.6
2026-05-21T23:15:34Z,0,0,0.2,0,0,0,17,851.4,17.2,17.4,80.8,261,254,0,0.2,187,0.4,0.4,17.4,15.1,13.1
2026-05-21T23:30:41Z,0,0,0.2,0,0,0,16.9,851.3,17,17.3,81.5,261,252,0,0,186,0,0,17.2,15.1,13
2026-05-21T23:45:48Z,0,0,0.2,0,0,0,16.6,851.1,16.8,17,82.4,260,254,0,0.3,187,1.1,1.1,17,14.9,12.7
2026-05-22T00:00:55Z,0,0,0.2,0,0,0,16.4,851.3,16.5,16.8,84,260,253,0,0,186,0,0,16.8,14.9,12.5
2026-05-22T00:16:02Z,0,0,0.2,0,0,0,16.2,851.5,16.2,16.5,85.1,260,252,0,0,186,0,0,16.5,14.8,12.3
2026-05-22T00:31:08Z,0,0,0.2,0,0,0,15.9,851.4,16.2,16.3,85.7,262,254,0,0,186,0,0,16.3,14.7,12.1
2026-05-22T00:46:32Z,0,0,0.2,0,0,0,15.6,851.6,15.9,16,87.4,259,254,0,0,186,0,0,15.9,14.5,11.7
2026-05-22T01:01:39Z,0,0,0.2,0,0,0,15.4,851.7,15.7,15.8,89.8,260,255,0,0,186,0,0,15.8,14.6,11.6
2026-05-22T01:16:46Z,0,0,0.2,0,0,0,15.3,851.8,15.6,15.6,89.7,259,253,0,0,186,0,0,15.6,14.4,11.4
2026-05-22T01:31:53Z,0,0,0.2,0,0,0,15.1,851.8,15.4,15.4,90.6,260,253,0,0,186,0,0,15.4,14.4,11.2
2026-05-22T01:47:00Z,0,0,0.2,0,0,0,15,851.9,15.2,15.4,91,259,252,0,0,186,0,0,15.4,14.4,11.2
2026-05-22T02:02:07Z,0,0,0.2,0,0,0,14.9,851.9,15.2,15.3,91.8,262,254,0,0,186,0,0,15.3,14.4,11.1
2026-05-22T02:17:15Z,0,0,0.2,0,0,0,14.9,852,15.1,15.3,92.1,261,252,0,0,186,0,0,15.3,14.4,11.1
2026-05-22T02:32:36Z,0,0,0.2,0,0,0,14.8,851.9,15.1,15.2,92.3,260,253,0,0,186,0,0,15.2,14.3,11
2026-05-22T02:47:43Z,0,0,0.2,0,0,0,14.6,852.1,14.9,15,93.2,261,254,0,0,186,0,0,15,14.2,10.8
2026-05-22T03:02:50Z,0,0,0.2,0,0,0,14.5,852.3,14.8,14.9,93.7,260,254,0,0,186,0,0,14.9,14.1,10.7
2026-05-22T03:17:57Z,0,0,0.2,0,0,0,14.4,852.4,14.6,14.8,94,261,263,0,0,186,0,0,14.8,14.1,10.6
2026-05-22T03:33:03Z,0,0,0.2,0.1,0,0,14.4,852.6,14.8,14.8,94.3,266,311,0,0,186,0,0,14.8,14.2,10.6
2026-05-22T03:48:10Z,0,0,0.2,0.1,0,0,14.6,852.7,14.9,15.1,94.2,284,522,0,0,186,0,0,15.1,14.4,10.9
2026-05-22T04:03:17Z,0,0,0.2,0.3,0,0,15.1,852.8,15.5,15.4,93.2,308,825,0,0,187,0.2,0.2,15.5,14.7,11.3
2026-05-22T04:18:40Z,0,0,0.2,0.3,0,0,16.1,852.7,16.3,16.1,90.6,320,926,0,0,186,0,0,16.1,15,11.9
2026-05-22T04:33:46Z,0,0,0.2,0.4,0,0,17,852.8,17.2,16.7,86.7,329,938,0,0,186,0,0,16.7,15.2,12.5
2026-05-22T04:48:53Z,0,0,0.2,0.6,0,0,18.4,853,18.9,18,83,361,1334,0,0,186,0,0,18,16,13.7
2026-05-22T05:04:00Z,0,0,0.2,1.1,0,0,19.2,853.2,19.4,18.8,78.9,460,2530,0,0,186,0,0,18.8,16.2,14.5
2026-05-22T05:19:07Z,0,0,0.2,1.2,0,0,19.6,853.3,19.8,19.4,75.6,478,2685,0,0.1,187,0.4,0.4,19.4,16.4,15
2026-05-22T05:34:14Z,0,0,0.2,1.4,0,0,20.2,853.2,20.5,19.3,77.6,515,3075,0,0.5,187,1,1,19.3,16.6,14.9
2026-05-22T05:49:21Z,0,0,0.2,1.6,0,0,19,853.1,19.8,18.7,79.2,565,3573,0,0.3,187,0.7,0.7,18.7,16.2,14.4
2026-05-22T06:04:56Z,0,0,0,1.9,0.2,0,20,853.1,20.9,19.6,76.7,606,4021,0,0.8,187,2,2,19.7,16.8,15.3
2026-05-22T06:20:52Z,0,0,0,2.1,0.2,0,21.2,853.1,22,21,74.8,646,4500,0,0.6,187,1.5,1.5,21,17.8,16.5
2026-05-22T06:35:58Z,0,0,0,2.2,0.2,0,21,853.1,21.3,20.7,75.5,676,4822,0,0.3,187,1.1,1.1,20.8,17.7,16.3
2026-05-22T06:51:05Z,0,0,0,2.5,0.2,0,21.3,853,21.9,21.3,71.7,727,5329,0,0.4,187,1.3,1.3,21.4,17.7,16.8
2026-05-22T07:06:12Z,0,0,0,2.7,0.2,0,21.6,852.9,22.1,21.4,72.2,758,5657,0,0.3,187,0.7,0.7,21.5,17.9,16.8
2026-05-22T07:21:50Z,0,0,0,2.9,0.2,0,21.9,852.8,22.8,22.2,69.8,790,6007,0,0.7,187,1.7,1.7,22.3,18.3,17.5
2026-05-22T07:36:57Z,0,0,0,3,0.2,0,22.4,852.7,22.9,22.1,69.9,825,6395,0,0.7,187,1.7,1.7,22.2,18.3,17.5
2026-05-22T07:52:04Z,0,0,0,3.2,0.2,0,23.6,852.7,24.4,23.9,65.1,855,6699,0,0.2,187,1.1,1.1,23.9,19.2,18.9
2026-05-22T08:07:11Z,0,0,0,3.3,0.2,0,23.8,852.5,24.8,24,66.1,867,6835,0,0,191,0,0,24.1,19.5,19.1
2026-05-22T08:22:18Z,0,0,0,2.9,0.2,0,23.2,852.4,24.1,23.9,63.9,803,6173,0,0.5,183,2.3,2.3,24,19.1,18.9
2026-05-22T08:37:25Z,0,0,0,3.6,0.2,0,23.4,852.3,24,23.4,66.6,924,7338,0,0.1,193,0.7,0.7,23.5,19,18.5
2026-05-22T08:52:51Z,0,0,0,3.7,0.2,0,24.8,852.2,25.6,25.3,63.3,939,7529,0,0.7,193,1.3,1.3,25.4,20.2,20.1
2026-05-22T09:07:58Z,0,0,0,4,0.2,0,24.5,851.9,25.5,24.9,60.1,997,8146,0,1.1,193,1.7,1.7,25,19.4,19.7
2026-05-22T09:23:04Z,0,0,0,1.1,0.2,0,24.1,851.7,24.8,24.1,63,456,2221,0,0.5,193,1.7,1.7,24.2,19.1,19.1
2026-05-22T09:38:10Z,0,0,0,1.5,0.2,0,24.7,851.6,25.2,25.2,60.7,544,3157,0,1.1,193,2.6,2.6,25.3,19.8,20
2026-05-22T09:53:17Z,0,0,0,3.8,0.2,0,25.1,851.4,25.9,25.6,59,976,7893,0,0.1,193,0.7,0.7,25.7,19.9,20.3
2026-05-22T10:08:24Z,0,0,0,4,0.2,0,26.3,851.1,27,27,54.1,996,8153,0,0.1,193,1.1,1.1,27.7,20.4,21.8
2026-05-22T10:23:47Z,0,0,0,2.4,0.2,0,26.5,850.9,27.3,27.2,53.7,697,4652,0,0.3,175,1.7,1.7,27.9,20.5,21.9
2026-05-22T10:39:55Z,0,0,0,3.9,0.2,0,25.9,850.6,26.5,26.5,55.6,976,7951,0,0.2,175,0.9,0.9,26.6,20.2,21
2026-05-22T10:55:02Z,0,0,0,3.6,0.2,0,26.6,850.4,27.4,27.1,54,923,7325,0,0,176,0.2,0.2,27.8,20.4,21.8
2026-05-22T11:10:09Z,0,0,0,3.3,0.2,0,27.8,850.3,28.2,28.5,45.9,869,6732,0,0.6,189,1.1,1.1,28.6,20.3,22.5
2026-05-22T11:25:16Z,0,0,0,3.1,0.2,0,27.6,850,28.1,28.7,46.5,833,6339,0,0.7,191,1.1,1.1,28.9,20.6,22.7
2026-05-22T11:40:23Z,0,0,0,2.8,0.2,0,27.5,849.8,27.5,28.4,48.4,782,5801,0,1.6,68,3.5,3.5,28.7,20.6,22.5
2026-05-22T11:55:29Z,0,0,0,2.6,0.2,0,26.9,849.4,27.1,27.9,48.6,747,5433,0,0.1,152,0.7,0.7,28.3,20.3,22.2
2026-05-22T12:10:53Z,0,0,0,2.4,0.2,0,27.1,849.4,27.4,28,47.8,704,4967,0,0.9,52,2.9,2.9,28.3,20.2,22.2
2026-05-22T12:26:00Z,0,0,0,2.2,0.2,0,27.9,849.3,27.9,29.1,47.2,672,4630,0,0.6,84,1.5,1.5,29.4,21,23
2026-05-22T12:41:07Z,0,0,0,2,0.2,0,27.7,849.2,28.1,28.9,46.3,622,4117,0,0.4,143,1.1,1.1,29.1,20.7,22.8
2026-05-22T12:56:13Z,0,0,0,1.8,0.2,0,27.3,849.3,27.6,28.5,47.3,582,3700,0,0,126,0.4,0.4,28.8,20.6,22.6
2026-05-22T13:11:20Z,0,0,0,1.5,0.2,0,26.7,849.2,27.1,28.1,47.5,543,3279,0,0.6,104,1.1,1.1,28.3,20.2,22.3
2026-05-22T13:27:02Z,0,0,0,1.2,0.2,0,26.8,849.3,27.6,27.9,50.3,473,2523,0,0,189,0.2,0.2,28.4,20.6,22.3
2026-05-22T13:43:01Z,0,0,0,1.1,0.2,0,26.5,849.3,27.2,27.8,48.2,454,2341,0,0.2,159,1.1,1.1,28.1,20.1,22.1
2026-05-22T13:58:08Z,0,0,0,0.9,0.2,0,26.3,849.5,27,27.6,49.9,425,2036,0,0.3,149,1.1,1.1,28,20.2,22
2026-05-22T14:13:14Z,0,0,0,0.7,0.2,0,25.3,849.5,25.7,26.3,53.6,380,1581,0,1.6,68,2.6,2.6,26.4,19.7,20.8
2026-05-22T14:28:21Z,0,0,0,0.4,0.2,0,24.9,849.8,25.3,25.8,55.9,337,1093,0,1,83,2.2,2.2,25.9,19.6,20.4
2026-05-22T14:43:28Z,0,0,0,0.2,0.2,0,24.3,849.9,24.5,24.8,59.6,300,664,0,0.1,134,0.9,0.9,24.8,19.3,19.6
2026-05-22T14:58:36Z,0,0,0,0.1,0.2,0,23.7,850.1,23.9,24.1,61,271,315,0,0.4,144,1.3,1.3,24.2,18.9,19.1
2026-05-22T15:14:02Z,0,0,0,0,0.2,0,23.3,850.4,23.5,23.7,63.4,265,282,0,0.2,166,1.1,1.1,23.7,18.8,18.7
2026-05-22T15:29:08Z,0,0,0,0,0.2,0,22.9,850.4,23.1,23.3,66.7,263,266,0,0.3,166,0.7,0.7,23.3,18.9,18.4
2026-05-22T15:44:22Z,0,0,0,0,0.2,0,22.7,850.7,22.8,23,67.2,260,255,0,0.2,166,0.7,0.7,23.1,18.7,18.2
2026-05-22T15:59:29Z,0,0,0,0,0.2,0,22.4,850.6,22.6,22.7,67.9,261,253,0,0.5,166,2.2,2.2,22.8,18.5,18
2026-05-22T16:14:36Z,0,0,0,0,0.2,0,22.1,850.8,22.2,22.4,69.8,260,253,0,0.7,165,2.2,2.2,22.5,18.5,17.7
2026-05-22T16:30:03Z,0,0,0,0,0.2,0,22,850.8,22.1,22.3,70.3,260,254,0,0.3,115,0.9,0.9,22.3,18.4,17.6
2026-05-22T16:45:10Z,0,0,0,0,0.2,0,21.8,851.1,22,22.1,71,261,254,0,0.1,122,1.3,1.3,22.2,18.4,17.5
2026-05-22T17:00:18Z,0,0,0,0,0.2,0,21.6,851.2,21.8,22,72.1,261,254,0,0.3,73,1.3,1.3,22,18.4,17.3
2026-05-22T17:15:25Z,0,0,0,0,0.2,0,21.3,851.2,21.5,21.6,73.1,260,253,0,0.7,73,1.5,1.5,21.7,18.2,17.1
2026-05-22T17:31:13Z,0,0,0,0,0.2,0,21.1,851.3,21.2,21.5,73.5,260,254,0,0.8,73,2.4,2.4,21.5,18.1,16.9
2026-05-22T17:46:20Z,0,0,0,0,0.2,0,21.1,851.6,21.2,21.5,74,262,253,0,0.3,74,0.7,0.7,21.5,18.2,16.9
2026-05-22T18:02:15Z,0,0,0,0,0.2,0,21,851.6,21.2,21.4,75.2,260,253,0,0.4,148,1.3,1.3,21.4,18.2,16.8
2026-05-22T18:17:22Z,0,0,0,0,0.2,0,20.7,851.7,20.9,21.1,76.2,262,254,0,0.5,77,1.3,1.3,21.2,18.1,16.6
2026-05-22T18:32:28Z,0,0,0,0,0.2,0,20.4,851.9,20.6,20.8,77.4,261,252,0,1.1,77,2.6,2.6,20.9,18,16.3
2026-05-22T18:48:16Z,0,0,0,0,0.2,0,20.2,852,20.3,20.6,78.1,261,254,0,0.3,77,0.7,0.7,20.7,17.9,16.2
2026-05-22T19:04:15Z,0,0,0,0,0.2,0,20.1,852,20.2,20.5,78.6,260,254,0,0.1,77,0.4,0.4,20.5,17.8,16
2026-05-22T19:19:21Z,0,0,0,0,0.2,0,20,852,20.2,20.4,78.9,261,254,0,0,77,0.2,0.2,20.5,17.8,16
2026-05-22T19:34:28Z,0,0,0,0,0.2,0,19.9,852,20.1,20.3,79.1,260,253,0,0.4,76,1.1,1.1,20.4,17.7,15.9
2026-05-22T19:50:18Z,0,0,0,0,0.2,0,19.9,852.1,20,20.2,79.5,259,254,0,0.2,77,0.9,0.9,20.3,17.7,15.8
2026-05-22T20:05:42Z,0,0,0,0,0.2,0,19.8,852.1,19.9,20.1,79.5,261,253,0,0.1,161,0.4,0.4,20.2,17.6,15.8
2026-05-22T20:20:49Z,0,0,0,0,0.2,0,19.7,852,19.8,20,79.1,261,254,0,0.8,71,2,2,20.1,17.5,15.7
2026-05-22T20:35:56Z,0,0,0,0,0.2,0,19.6,852.1,19.8,19.9,79.6,260,254,0,0,79,0.2,0.2,20,17.4,15.5
2026-05-22T20:51:50Z,0,0,0,0,0.2,0,19.4,852,19.6,19.8,78.7,259,253,0,1.1,157,2.2,2.2,19.8,17.2,15.4
2026-05-22T21:06:57Z,0,0,0,0,0.2,0,19.1,852,19.2,19.5,78.6,259,254,0,0,100,0.2,0.2,19.6,16.9,15.2
2026-05-22T21:22:05Z,0,0,0,0,0.2,0,18.8,852.1,19.1,19.2,78.8,260,253,0,0.9,188,3.3,3.3,19.3,16.6,14.9
2026-05-22T21:37:12Z,0,0,0,0,0.2,0,18.6,852,18.8,19,79.3,260,253,0,0.2,164,0.7,0.7,19,16.5,14.7
2026-05-22T21:52:18Z,0,0,0,0,0.2,0,18.5,851.9,18.6,18.8,80.4,260,253,0,0,112,0.4,0.4,18.9,16.5,14.5
2026-05-22T22:07:45Z,0,0,0,0,0.2,0,18.1,851.9,18.2,18.5,81.2,260,253,0,0.3,143,1.1,1.1,18.5,16.2,14.2
2026-05-22T22:22:52Z,0,0,0,0,0.2,0,17.8,852,18,18.2,82.2,261,253,0,0.6,135,1.3,1.3,18.3,16.1,14
2026-05-22T22:37:59Z,0,0,0,0,0.2,0,17.6,851.8,17.8,18,83.3,259,254,0,0,207,0.2,0.2,18,16,13.7
2026-05-22T22:53:06Z,0,0,0,0,0.2,0,17.3,851.6,17.5,17.7,84.7,260,254,0,0.7,161,2,2,17.7,15.9,13.5
2026-05-22T23:08:13Z,0,0,0,0,0.2,0,17.3,851.7,17.4,17.7,85.1,260,253,0,0.4,169,1.1,1.1,17.7,15.9,13.4
2026-05-22T23:23:20Z,0,0,0,0,0.2,0,17.2,851.7,17.3,17.5,85.6,261,252,0,1,169,2.6,2.6,17.6,15.8,13.3
2026-05-22T23:38:27Z,0,0,0,0,0.2,0,17.1,851.7,17.3,17.5,85.8,260,254,0,0.1,170,0.7,0.7,17.6,15.9,13.3
2026-05-22T23:53:49Z,0,0,0,0,0.2,0,17.1,851.7,17.3,17.5,86.2,260,254,0,0.3,170,1.5,1.5,17.5,15.9,13.3
2026-05-23T00:00:52Z,0,0,0,0,0.2,0,17.1,851.7,17.3,17.5,86.3,260,254,0,0,170,0,0,17.5,15.9,13.3
2026-05-23T00:15:59Z,0,0,0,0,0.2,0,17.1,851.6,17.2,17.5,86.6,260,252,0,0.1,170,0.7,0.7,17.6,15.9,13.3
2026-05-23T00:31:06Z,0,0,0,0,0.2,0,17,851.6,17.2,17.4,87.1,260,253,0,0,166,0,0,17.5,15.9,13.2
2026-05-23T00:46:13Z,0,0,0,0,0.2,0,17,851.6,17.1,17.3,87.4,260,253,0,0,166,0.2,0.2,17.4,15.8,13.1
2026-05-23T01:01:20Z,0,0,0,0,0.2,0,16.9,851.7,17,17.3,87.9,261,254,0,0,166,0.2,0.2,17.4,15.9,13.1
2026-05-23T01:16:27Z,0,0,0,0,0.2,0,16.9,851.8,17.1,17.3,87.9,261,253,0,0,166,0,0,17.4,15.9,13.1
2026-05-23T01:31:33Z,0,0,0,0,0.2,0,16.9,851.9,17,17.3,88.3,261,254,0,0,166,0.2,0.2,17.3,15.9,13.1
2026-05-23T01:46:56Z,0,0,0,0,0.2,0,16.8,851.9,16.9,17.2,88.3,260,253,0,0,166,0.2,0.2,17.3,15.8,13
2026-05-23T02:02:03Z,0,0,0,0,0.2,0,16.8,852.1,16.9,17.1,88.4,259,254,0,0.1,166,0.4,0.4,17.2,15.8,12.9
2026-05-23T02:17:04Z,0,0,0,0,0.2,0,16.8,852.2,16.9,17.2,88.3,261,254,0,0,166,0.2,0.2,17.2,15.8,13
2026-05-23T02:32:10Z,0,0,0,0,0.2,0,16.8,852.2,16.9,17.2,88.5,259,254,0,0,166,0,0,17.2,15.8,13
2026-05-23T02:47:17Z,0,0,0,0,0.2,0,16.6,852.2,16.8,17,88.9,261,253,0,0,166,0.2,0.2,17,15.7,12.8
2026-05-23T03:02:24Z,0,0,0,0,0.2,0,16.3,852.3,16.3,16.6,89.8,261,254,0,0,166,0,0,16.7,15.4,12.4
2026-05-23T03:17:31Z,0,0,0,0,0.2,0,16.1,852.4,16.2,16.5,91.8,260,262,0,0,166,0,0,16.5,15.5,12.3
2026-05-23T03:32:39Z,0,0,0,0.1,0.2,0,16.2,852.4,16.3,16.5,91.9,267,313,0,0,166,0,0,16.6,15.6,12.4
2026-05-23T03:48:00Z,0,0,0,0.1,0.2,0,16.1,852.4,16.3,16.4,92.1,280,413,0,0,166,0,0,16.4,15.4,12.2
2026-05-23T04:03:07Z,0,0,0,0.2,0.2,0,16.2,852.5,16.2,16.4,92.7,290,502,0,0,166,0,0,16.5,15.6,12.3
2026-05-23T04:18:14Z,0,0,0,0.2,0.2,0,16.4,852.7,16.6,16.6,92.7,298,652,0,0,166,0,0,16.7,15.8,12.5
2026-05-23T04:33:21Z,0,0,0,0.2,0.2,0,17,852.8,17.1,17.3,90.2,299,667,0,0.2,166,0.7,0.7,17.3,16.1,13.1
2026-05-23T04:48:28Z,0,0,0,0.4,0.2,0,17.1,852.8,17.2,17.5,89.1,329,1001,0,0.6,165,1.5,1.5,17.5,16.2,13.3
2026-05-23T05:03:35Z,0,0,0,0.4,0.2,0,17.3,852.9,17.5,17.7,87.8,328,988,0,0.8,165,1.5,1.5,17.7,16.2,13.5
2026-05-23T05:18:57Z,0,0,0,0.5,0.2,0,17.3,853.1,17.6,17.8,87.1,342,1135,0,0.5,166,1.1,1.1,17.8,16.2,13.5
2026-05-23T05:34:05Z,0,0,0,0.6,0.2,0,17.9,852.9,18.2,18.3,86.4,379,1541,0,0.2,166,0.8,0.8,18.4,16.7,14.1
2026-05-23T05:49:11Z,0,0,0,1.7,0.2,0,18.4,853,18.8,18.7,84.4,582,3860,0,0.4,166,1.3,1.3,18.8,16.8,14.5
2026-05-23T06:04:19Z,0,0,0,1.9,0,0,19,853,19.4,19.2,83.6,612,4132,0,0.2,166,0.5,0.5,19.2,17.2,14.9
2026-05-23T06:19:26Z,0,0,0,1.2,0,0,19.4,853.1,19.8,19.4,81.7,485,2637,0,0.3,166,0.8,0.8,19.5,17.2,15.1
2026-05-23T06:35:15Z,0,0,0,3.1,0,0,19.7,853.1,20.2,19.8,78.7,831,6746,0,0.3,166,1.1,1.1,19.9,17.2,15.5
2026-05-23T06:50:22Z,0,0,0,2.4,0,0,20.3,853,20.8,20.2,76.1,709,5100,0,0.1,166,0.4,0.4,20.2,17.2,15.8
2026-05-23T07:06:07Z,0,0,0,2.9,0,0,20.2,853,20.7,20.2,76.1,801,6173,0,0,166,0,0,20.2,17.2,15.7
2026-05-23T07:22:07Z,0,0,0,0.9,0,0,21,853,21.8,21.5,71.3,416,1780,0,1.4,166,2.6,2.6,21.5,17.8,16.9
2026-05-23T07:37:13Z,0,0,0,3.2,0,0,22.1,853,22.9,22.3,70.7,845,6563,0,0.2,166,0.9,0.9,22.3,18.5,17.6
2026-05-23T07:52:20Z,0,0,0,3.4,0,0,23.3,853,24.2,23.6,66,896,7138,0,0.3,165,2.2,2.2,23.6,19.1,18.7
2026-05-23T08:07:26Z,0,0,0,3.4,0,0,23.1,852.8,24.4,23.4,65.7,886,6965,0,0.3,165,1.3,1.3,23.5,18.9,18.6
2026-05-23T08:22:33Z,0,0,0,3.4,0,0,22.9,852.7,23.8,23.3,64.4,898,7116,0,0.8,172,1.7,1.7,23.3,18.6,18.4
2026-05-23T08:37:39Z,0,0,0,3.5,0,0,23.7,852.4,24.5,24.2,62.7,920,7324,0,0.1,167,0.6,0.6,24.3,19.2,19.2
2026-05-23T08:53:07Z,0,0,0,3.6,0,0,23.6,852.3,24.6,23.9,61.5,924,7387,0,0.5,169,1.1,1.1,23.9,18.7,18.9
2026-05-23T09:08:14Z,0,0,0,3.7,0,0,24.6,852.2,25.4,25.2,62,943,7546,0,0,177,0.2,0.2,25.3,20,20
2026-05-23T09:24:13Z,0,0,0,3.7,0,0,24.4,852,25,24.6,60,940,7552,0,0.4,209,1.3,1.3,24.7,19.2,19.5
2026-05-23T09:39:20Z,0,0,0,3.7,0,0,24.8,851.9,25.4,25.4,56.8,943,7542,0,0.3,114,1.1,1.1,25.4,19.4,20.1
2026-05-23T09:54:26Z,0,0,0,3.7,0,0,24.4,851.8,25.4,25.1,55.5,938,7486,0,1.2,190,2,2,25.1,18.9,19.8
2026-05-23T10:10:18Z,0,0,0,3.6,0,0,25.4,851.7,25.6,25.9,56.1,923,7333,0,0.1,134,0.7,0.7,25.9,19.7,20.5
2026-05-23T10:25:25Z,0,0,0,3.5,0,0,26.1,851.4,26.4,26.8,49.6,904,7147,0,2,72,4.1,4.1,27.2,19.5,21.5
2026-05-23T10:41:16Z,0,0,0,3.4,0,0,26.5,851.3,26.7,27.1,51.8,887,6960,0,0.6,41,1.7,1.7,27.6,20.1,21.8
2026-05-23T10:56:23Z,0,0,0,3.2,0,0,26,851,26.1,26.9,51.2,861,6678,0,2.2,73,2.8,2.8,27.3,19.8,21.5
2026-05-23T11:11:30Z,0,0,0,3.1,0,0,26.6,850.8,27.1,27.4,49,834,6386,0,0.1,72,0.7,0.7,27.8,19.9,21.8
2026-05-23T11:27:17Z,0,0,0,3,0,0,26.2,850.5,26.7,27.1,49.8,808,6107,0,1.1,117,3.7,3.7,27.5,19.7,21.6
2026-05-23T11:42:24Z,0,0,0,2.8,0,0,26.8,850.4,27.2,27.5,48.8,770,5723,0,0.3,60,0.9,0.9,27.8,20,21.9
2026-05-23T11:57:30Z,0,0,0,2.6,0,0,26.7,850.3,27.2,27.6,47.6,738,5361,0,0.3,153,0.9,0.9,27.8,19.8,21.9
2026-05-23T12:12:37Z,0,0,0,2.4,0,0,26.6,850.2,26.9,27.5,49.3,703,4985,0,0.4,98,1.3,1.3,27.9,20,21.9
2026-05-23T12:28:18Z,0,0,0,2.2,0,0,26.2,850.1,26.5,27.1,47.6,662,4572,0,1.1,121,3.1,3.1,27.4,19.4,21.6
2026-05-23T12:43:24Z,0,0,0,1.9,0,0,26.3,849.8,26.9,27.3,46.7,618,4100,0,0.9,137,2.4,2.4,27.5,19.4,21.6
2026-05-23T12:58:31Z,0,0,0,1.7,0,0,26.2,850,26.6,27.2,49,582,3697,0,0.9,57,1.5,1.5,27.5,19.7,21.7
2026-05-23T13:13:37Z,0,0,0,1.5,0,0,26.4,850.3,27.1,27.5,47.2,535,3234,0,0.2,90,1.1,1.1,27.7,19.7,21.8
2026-05-23T13:28:44Z,0,0,0,0.6,0,0,25.5,850.2,26,26.5,47.2,372,1323,0,1.3,73,2.6,2.6,26.5,18.8,20.9
2026-05-23T13:43:51Z,0,0,0,1,0,0,25.6,850.4,26.3,26.7,52.5,453,2341,0,0.3,74,2,2,27.3,19.9,21.5
2026-05-23T13:59:16Z,0,0,0,1,0,0,25.5,850.5,26.2,27,50.2,440,2237,0,1.1,96,2.8,2.8,27.4,19.7,21.6
2026-05-23T14:14:22Z,0,0,0,0.4,0,0,24.6,850.7,25.2,25.6,53.8,325,868,0,0.4,185,1.5,1.5,25.6,19.1,20.2
2026-05-23T14:29:29Z,0,0,0,0.4,0,0,24.2,850.7,24.8,25,54.5,340,1129,0,0.2,179,0.7,0.7,25,18.7,19.8
2026-05-23T14:45:24Z,0,0,0,0.2,0,0,23.3,851,23.6,23.8,58.2,289,476,0,0.4,102,0.9,0.9,23.8,18.2,18.8
2026-05-23T15:00:31Z,0,0,0,0.1,0,0,22.9,851.1,23.1,23.3,59.7,283,455,0,0.8,116,1.7,1.7,23.2,17.9,18.3
2026-05-23T15:15:37Z,0,0,0,0.1,0,0,22.6,851.2,22.7,22.9,61.4,267,305,0,0.1,169,0.7,0.7,22.9,17.8,18
2026-05-23T15:30:44Z,0,0,0,0,0,0,22.1,851.4,22.2,22.4,62.6,263,266,0,0,74,0,0,22.4,17.6,17.7
2026-05-23T15:45:51Z,0,0,0,0,0,0,22,851.5,22.1,22.2,63.7,261,253,0,0.3,171,0.7,0.7,22.2,17.5,17.5
2026-05-23T16:00:57Z,0,0,0,0,0,0,21.7,851.8,21.9,22,66.2,259,253,0,0.1,114,0.7,0.7,22,17.7,17.3
2026-05-23T16:16:23Z,0,0,0,0,0,0,21.4,851.8,21.5,21.7,68.4,261,254,0,0.1,177,0.7,0.7,21.7,17.7,17.1
2026-05-23T16:31:29Z,0,0,0,0,0,0,20.9,852,21.1,21.3,70.8,260,253,0,0.3,118,0.9,0.9,21.3,17.6,16.7
2026-05-23T16:46:36Z,0,0,0,0,0,0,20.6,852,20.8,20.9,72.6,260,253,0,0.2,201,0.9,0.9,20.9,17.4,16.4
2026-05-23T17:01:43Z,0,0,0,0,0,0,20.3,852.1,20.5,20.7,74.4,259,255,0,0,201,0.2,0.2,20.7,17.5,16.2
2026-05-23T17:16:49Z,0,0,0,0,0,0,20.2,852.3,20.3,20.5,75.8,261,252,0,0,207,0.2,0.2,20.5,17.5,16
2026-05-23T17:32:34Z,0,0,0,0,0,0,19.8,852.4,20,20.2,77.4,261,254,0,0,103,0.2,0.2,20.2,17.4,15.8
2026-05-23T17:47:42Z,0,0,0,0,0,0,19.6,852.7,19.7,19.9,78.6,260,254,0,0,115,0,0,19.9,17.3,15.5
2026-05-23T18:02:49Z,0,0,0,0,0,0,19.2,852.8,19.4,19.6,79.9,261,255,0,0,115,0,0,19.7,17.1,15.2
2026-05-23T18:17:55Z,0,0,0,0,0,0,19,852.9,19.2,19.3,80.9,261,252,0,0,116,0,0,19.4,17,15
2026-05-23T18:33:02Z,0,0,0,0,0,0,19,853,19.1,19.3,81.3,262,254,0,0.1,130,0.4,0.4,19.4,17,15
2026-05-23T18:48:18Z,0,0,0,0,0,0,19,853.1,19.1,19.3,81.4,261,254,0,0,131,0,0,19.3,17,14.9
2026-05-23T19:03:42Z,0,0,0,0,0,0,18.7,853.1,18.9,19.1,82,260,255,0,0,131,0,0,19.1,16.9,14.8
2026-05-23T19:18:49Z,0,0,0,0,0,0,18.5,853.1,18.6,18.8,83.8,260,254,0,0,131,0,0,18.9,16.8,14.5
2026-05-23T19:33:56Z,0,0,0,0,0,0,18.3,853.2,18.5,18.7,84.6,261,253,0,0,131,0,0,18.8,16.8,14.4
2026-05-23T19:49:03Z,0,0,0,0,0,0,18.3,853.2,18.6,18.7,84.6,261,252,0,0,131,0,0,18.8,16.9,14.5
2026-05-23T20:04:10Z,0,0,0,0,0,0,18.2,853.3,18.4,18.6,84.6,261,254,0,0,131,0,0,18.7,16.7,14.3
2026-05-23T20:19:17Z,0,0,0,0,0,0,18,853.2,18.2,18.4,85.1,260,254,0,0,131,0,0,18.4,16.6,14.1
2026-05-23T20:34:24Z,0,0,0,0,0,0,17.8,853.3,17.9,18.1,86.8,260,254,0,0,131,0,0,18.2,16.5,13.9
2026-05-23T20:49:46Z,0,0,0,0,0,0,18,853.2,18.2,18.3,85.2,259,253,0,0,131,0,0,18.4,16.5,14.1
2026-05-23T21:04:53Z,0,0,0,0,0,0,18.5,853.2,18.6,18.8,82.9,260,253,0,0,150,0,0,18.8,16.7,14.5
2026-05-23T21:20:00Z,0,0,0,0,0,0,18.6,853.3,18.7,18.9,84.5,260,253,0,0,150,0.2,0.2,19,17,14.6
2026-05-23T21:35:06Z,0,0,0,0,0,0,18.4,853,18.6,18.8,84.3,260,254,0,0.4,150,0.7,0.7,18.9,16.9,14.5
2026-05-23T21:50:14Z,0,0,0,0,0,0,18.4,852.8,18.5,18.7,83.2,260,254,0,0.2,201,1.3,1.3,18.8,16.7,14.5
2026-05-23T22:05:21Z,0,0,0,0,0,0,18,852.7,18.1,18.4,84.4,261,253,0,0.3,127,0.9,0.9,18.4,16.5,14.1
2026-05-23T22:20:29Z,0,0,0,0,0,0,17.6,852.6,17.8,18,86,260,254,0,0,131,0.2,0.2,18,16.3,13.8
2026-05-23T22:35:51Z,0,0,0,0,0,0,17.2,852.6,17.2,17.5,87.7,260,254,0,0,131,0,0,17.6,16,13.3
2026-05-23T22:50:58Z,0,0,0,0,0,0,16.9,852.6,17,17.3,89.4,259,253,0,0.3,130,0.7,0.7,17.3,16,13.1
2026-05-23T23:06:05Z,0,0,0,0,0,0,17.1,852.3,17.1,17.4,89.4,260,253,0,0,131,0,0,17.4,16.1,13.2
2026-05-23T23:21:13Z,0,0,0,0,0,0,16.9,852.1,17,17.3,89.6,260,253,0,0.2,137,0.7,0.7,17.3,16,13.1
2026-05-23T23:36:20Z,0,0,0,0,0,0,16.6,851.9,16.8,17,90.4,260,254,0,0.1,137,0.4,0.4,17.1,15.9,12.9
2026-05-23T23:51:27Z,0,0,0,0,0,0,16.5,852.1,16.6,16.8,91.6,260,253,0,0,137,0,0,16.9,15.8,12.7
2026-05-24T00:00:31Z,0,0,0,0,0,0,16.6,852.2,16.8,17,91.6,260,255,0,0.1,137,0.4,0.4,17.1,16,12.8
2026-05-24T00:15:59Z,0,0,0,0,0,0,16.7,852.3,16.8,17.1,91.1,260,252,0,0.1,137,0.4,0.4,17.2,16,12.9
2026-05-24T00:31:06Z,0,0,0,0,0,0,16.8,852.2,16.9,17.2,90.8,261,253,0,0,137,0,0,17.2,16.1,13
2026-05-24T00:46:13Z,0,0,0,0,0,0,16.8,852.2,16.9,17.2,90.5,260,253,0,0,137,0,0,17.2,16,13
2026-05-24T01:01:20Z,0,0,0,0,0,0,16.8,852.3,16.9,17.2,90.7,260,253,0,0,137,0,0,17.3,16.1,13
2026-05-24T01:16:28Z,0,0,0,0,0,0,16.7,852.3,16.8,17.1,90.6,260,254,0,0.1,137,0.5,0.5,17.1,16,12.9
2026-05-24T01:31:35Z,0,0,0,0,0,0,16.5,852.1,16.8,17,91,260,254,0,0.5,136,0.9,0.9,17,15.9,12.8
2026-05-24T01:47:02Z,0,0,0,0,0,0,16.5,852.2,16.6,16.8,91.3,261,253,0,0.1,137,0.4,0.4,16.9,15.8,12.6
2026-05-24T02:02:09Z,0,0,0,0,0,0,16.2,852.3,16.4,16.6,91.7,260,253,0,0.1,137,0.4,0.4,16.7,15.7,12.5
2026-05-24T02:17:16Z,0,0,0,0,0,0,16.2,852.5,16.3,16.6,92.1,261,253,0,0,137,0,0,16.6,15.6,12.4
2026-05-24T02:32:23Z,0,0,0,0,0,0,15.8,852.5,16.1,16.2,92.3,260,253,0,0,138,0,0,16.3,15.3,12.1
2026-05-24T02:47:30Z,0,0,0,0,0,0,15.6,852.7,15.9,15.9,93.7,261,254,0,0,138,0,0,16,15.2,11.8
2026-05-24T03:02:37Z,0,0,0,0,0,0,15.5,852.8,15.7,15.8,94.2,259,255,0,0,138,0,0,15.8,15.1,11.6
2026-05-24T03:18:00Z,0,0,0,0,0,0,15.6,852.6,15.9,15.9,95.1,262,266,0,0,137,0,0,16,15.4,11.8
2026-05-24T03:33:07Z,0,0,0,0.1,0,0,15.5,852.6,15.8,15.8,95.3,267,318,0,0,138,0,0,15.9,15.3,11.7
2026-05-24T03:48:14Z,0,0,0,0.1,0,0,15.5,852.7,15.8,15.9,95.6,279,434,0,0,137,0,0,16,15.4,11.8
2026-05-24T04:03:21Z,0,0,0,0.2,0,0,15.8,852.8,16.2,16.1,95.7,292,580,0,0.6,138,0.9,0.9,16.2,15.6,12
2026-05-24T04:18:28Z,0,0,0,0.3,0,0,16.2,853,16.3,16.5,95.3,309,737,0,0.1,138,0.4,0.4,16.6,16,12.4
2026-05-24T04:33:35Z,0,0,0,0.4,0,0,16.8,853.2,17,16.9,92.9,332,999,0,0.7,192,1.4,1.4,17,16.1,12.8
2026-05-24T04:48:42Z,0,0,0,0.5,0,0,17.4,853.3,17.8,17.7,88.7,356,1278,0,0.6,194,2,2,17.7,16.3,13.5
2026-05-24T05:04:05Z,0,0,0,0.8,0,0,17.4,853.5,17.7,17.7,88.4,403,1875,0,0.3,164,1.3,1.3,17.8,16.4,13.5
2026-05-24T05:19:10Z,0,0,0,0.5,0,0,17.2,853.8,17.5,17.5,88.7,357,1271,0,1.1,182,2.6,2.6,17.5,16.1,13.3
2026-05-24T05:34:17Z,0,0,0,0.7,0,0,17.4,853.9,17.8,17.8,87.4,389,1645,0,0.3,187,1.1,1.1,17.9,16.3,13.6
2026-05-24T05:49:24Z,0,0,0,1.1,0,0,17.5,854.1,17.9,17.9,87.8,471,2561,0,0.3,149,0.9,0.9,18,16.4,13.7
2026-05-24T06:04:30Z,0,0,0,1.6,0,0,18.1,854.2,18.8,18.5,85.3,550,3420,0,0.4,137,1.3,1.3,18.5,16.7,14.2
2026-05-24T06:19:37Z,0,0,0,0.8,0,0,18.9,854.3,19.3,19,82.4,408,1873,0,0.7,206,1.5,1.5,19.1,16.9,14.7
2026-05-24T06:34:43Z,0,0,0,0.9,0,0,18.1,854.2,18.6,18.6,84.2,416,1966,0,0,170,0,0,18.7,16.7,14.4
2026-05-24T06:50:09Z,0,0,0,0.8,0,0,18.3,854.2,18.8,18.5,83.3,406,1862,0,1.2,263,1.7,1.7,18.5,16.4,14.2
2026-05-24T07:05:16Z,0,0,0,1.4,0,0,18.3,854.1,18.6,18.4,83.7,525,3154,0,0.5,232,1.1,1.1,18.5,16.5,14.2
2026-05-24T07:20:23Z,0,0,0,1.4,0,0,18.9,854.2,19.1,18.9,82,517,3051,0,0.1,236,0.4,0.4,18.9,16.7,14.6
2026-05-24T07:35:30Z,0,0,0,1,0,0,19.5,854.1,19.6,19.4,80.1,452,2368,0,0.3,274,0.9,0.9,19.5,17,15.1
2026-05-24T07:50:48Z,0,0,0,3.9,0,0,19.9,853.9,20.2,19.9,78,993,8399,0,0,233,0.4,0.4,20,17.2,15.5
2026-05-24T08:06:11Z,0,0,0,1.1,0,0,21.2,853.8,21.6,21.1,75.6,457,2344,0,0,232,0,0,21.2,18.1,16.6
2026-05-24T08:21:19Z,0,0,0,2.7,0,0,21.9,853.7,21.8,22.5,68,757,5607,0,1.1,66,1.7,1.7,22.5,18.3,17.8
2026-05-24T08:36:25Z,0,0,0,2,0,0,22.7,853.7,22.7,23.5,65.6,639,4352,0,0.1,136,0.7,0.7,23.5,18.9,18.6
2026-05-24T08:51:32Z,0,0,0,2.4,0,0,22.3,853.5,22.9,23,67.2,697,4937,0,0.4,148,1.3,1.3,23.1,18.7,18.2
2026-05-24T09:06:38Z,0,0,0,3.8,0,0,22.8,853.2,23.4,22.8,67.3,972,7916,0,0.1,228,0.7,0.7,22.8,18.5,18
2026-05-24T09:21:45Z,0,0,0,3.7,0,0,22.8,853,23.7,23.3,63.6,945,7636,0,0.7,182,2,2,23.3,18.5,18.4
2026-05-24T09:36:51Z,0,0,0,4,0,0,25,852.7,25.3,25.4,59.5,1002,8228,0,0.1,36,0.7,0.7,25.4,19.8,20.1
2026-05-24T09:52:17Z,0,0,0,3.8,0,0,23.9,852.5,24.8,24.6,60.7,975,8035,0,0.2,187,1.4,1.4,24.7,19.3,19.5
2026-05-24T10:07:24Z,0,0,0,3.9,0,0,24.8,852.2,25.2,25.4,58.5,990,8161,0,0.5,156,1.1,1.1,25.5,19.7,20.1
2026-05-24T10:22:31Z,0,0,0,3.8,0,0,25.4,852,25.6,26,57.5,968,7875,0,0.1,144,0.7,0.7,26.1,20,20.6
2026-05-24T10:37:38Z,0,0,0,3.7,0,0,24.9,851.7,25.1,25.8,54.9,938,7495,0,1.7,85,2.6,2.6,25.9,19.5,20.4
2026-05-24T10:52:45Z,0,0,0,3.7,0,0,25.6,851.4,26.2,26.4,55,939,7649,0,0.5,186,1.1,1.1,26.5,20,20.9
2026-05-24T11:07:52Z,0,0,0,3.5,0,0,26.1,851.3,26.4,26.9,57.1,908,7241,0,0.2,30,1.3,1.3,27.8,20.8,21.9
2026-05-24T11:22:59Z,0,0,0,0.9,0,0,24.7,850.9,25.1,25.6,56.8,425,1903,0,0.5,160,1.3,1.3,25.7,19.6,20.3
2026-05-24T11:38:20Z,0,0,0,2.3,0,0,25.2,850.6,25.2,25.9,55.7,691,4773,0,0.1,48,0.6,0.6,26,19.7,20.5
2026-05-24T11:53:27Z,0,0,0,2.7,0,0,25.5,850.4,25.8,26.3,56.3,752,5557,0,0.3,58,1.1,1.1,26.4,20.1,20.9
2026-05-24T12:09:24Z,0,0,0,2.7,0,0,24.9,850.3,25.1,25.9,56.1,764,5758,0,0.6,75,1.5,1.5,26,19.7,20.5
2026-05-24T12:24:31Z,0,0,0,2.3,0,0,25.6,850.1,26.1,26.5,56.1,688,4906,0,0.2,162,0.7,0.7,26.6,20.3,21
2026-05-24T12:40:26Z,0,0,0,1.4,0,0,25.3,850,25.9,26.4,56.7,519,2921,0,0.1,133,0.4,0.4,26.5,20.2,20.9
2026-05-24T12:55:33Z,0,0,0,1.9,0,0,24.9,850.1,25.5,25.7,57,610,4031,0,0.4,136,2.4,2.4,25.8,19.7,20.4
2026-05-24T13:10:40Z,0,0,0,1.7,0,0,25.4,850.1,26.1,26.6,56.5,578,3770,0,0.2,135,0.9,0.9,27.4,20.4,21.6
2026-05-24T13:26:29Z,0,0,0,1.5,0,0,25.5,850.3,26.4,26.7,55.2,536,3335,0,0.6,135,2,2,27.5,20.3,21.6
2026-05-24T13:41:36Z,0,0,0,1.2,0,0,24,850.3,24.4,25,59,487,2788,0,1,77,2.6,2.6,25,19.3,19.8
2026-05-24T13:56:43Z,0,0,0,0.7,0,0,23.9,850.5,24.3,24.7,60,392,1650,0,0.2,166,0.7,0.7,24.8,19.2,19.6
2026-05-24T14:11:50Z,0,0,0,0.5,0,0,23.4,850.7,23.6,24,62.2,349,1208,0,0.2,118,0.7,0.7,24,18.9,19
2026-05-24T14:26:57Z,0,0,0,0.4,0,0,22.8,850.8,23.1,23.4,63.1,335,1054,0,0.9,87,2.4,2.4,23.4,18.5,18.5
2026-05-24T14:42:03Z,0,0,0,0.2,0,0,22.6,851.1,22.8,23,64.5,294,634,0,0.9,72,2.4,2.4,23,18.3,18.1
2026-05-24T14:57:40Z,0,0,0,0.2,0,0,21.8,851.2,22,22.2,67.2,289,521,0,0.4,53,2.2,2.2,22.3,18,17.5
2026-05-24T15:12:46Z,0,0,0,0.1,0,0,21.2,851.4,21.4,21.6,68.9,272,349,0,0.2,122,1.1,1.1,21.6,17.6,17
2026-05-24T15:27:53Z,0,0,0,0,0,0,20.7,851.4,20.8,21.1,70.9,264,279,0,0.6,111,1.7,1.7,21.1,17.4,16.5
2026-05-24T15:43:00Z,0,0,0,0,0,0,20.3,851.4,20.4,20.7,72,260,255,0,0.1,149,0.7,0.7,20.7,17.2,16.1
2026-05-24T15:58:07Z,0,0,0,0,0,0,19.9,851.4,20.1,20.3,72.9,258,254,0,0.8,177,1.7,1.7,20.3,16.9,15.8
2026-05-24T16:13:39Z,0,0,0,0,0,0,19.6,851.5,19.8,19.9,74.1,261,253,0,0,177,0.2,0.2,19.9,16.7,15.5
2026-05-24T16:28:46Z,0,0,0,0,0,0,19.2,851.8,19.3,19.5,75.7,262,253,0,0,177,0,0,19.5,16.5,15.1
2026-05-24T16:43:54Z,0,0,0,0,0,0,18.8,852.1,18.8,19.1,77.7,261,253,0,0,177,0,0,19.1,16.4,14.7
2026-05-24T16:59:01Z,0,0,0,0,0,0,18.5,852.4,18.7,18.8,80.2,260,254,0,0,177,0,0,18.9,16.4,14.5
2026-05-24T17:14:07Z,0,0,0,0,0,0,18,852.5,18.1,18.2,81.8,260,253,0,0,177,0,0,18.2,16,13.9
2026-05-24T17:29:14Z,0,0,0,0,0,0,17.6,852.7,17.8,17.8,83.2,259,253,0,0,177,0,0,17.8,15.8,13.6
2026-05-24T17:44:37Z,0,0,0,0,0,0,17.2,852.7,17.4,17.6,84.4,260,253,0,0,177,0,0,17.6,15.7,13.3
2026-05-24T18:00:02Z,0,0,0,0,0,0,17.1,852.8,17.2,17.4,85.6,259,254,0,0,177,0,0,17.4,15.7,13.2
2026-05-24T18:15:08Z,0,0,0,0,0,0,17.1,852.9,17.2,17.5,86.4,260,254,0,0,177,0,0,17.6,15.9,13.3
2026-05-24T18:30:15Z,0,0,0,0,0,0,17.2,852.9,17.4,17.6,86,260,253,0,0,177,0,0,17.6,15.9,13.4
2026-05-24T18:45:22Z,0,0,0,0,0,0,16.9,853.1,17.1,17.3,87.6,259,254,0,0,177,0,0,17.3,15.8,13.1
2026-05-24T19:00:29Z,0,0,0,0,0,0,16.7,853.2,16.8,17,88.7,260,254,0,0,177,0,0,17.1,15.7,12.8
2026-05-24T19:16:24Z,0,0,0,0,0,0,16.9,853.4,17.1,17.3,88.3,260,254,0,0,177,0.2,0.2,17.4,15.9,13.1
2026-05-24T19:31:31Z,0,0,0,0,0,0,17.2,853.4,17.5,17.7,86.2,261,253,0,0,177,0,0,17.7,16.1,13.5
2026-05-24T19:46:38Z,0,0,0,0,0,0,17.5,853.4,17.8,18,85,260,253,0,0,177,0,0,18,16.2,13.7
2026-05-24T20:01:45Z,0,0,0,0,0,0,17.7,853.2,17.9,18,85.6,260,254,0,0,177,0,0,18.1,16.3,13.8
2026-05-24T20:17:08Z,0,0,0,0,0,0,17.8,853.2,17.9,18.2,85.5,261,254,0,0,177,0,0,18.2,16.4,13.9
2026-05-24T20:32:15Z,0,0,0,0,0,0,17.8,853,17.9,18.1,85.7,261,254,0,0,177,0,0,18.2,16.4,13.9
2026-05-24T20:47:22Z,0,0,0,0,0,0,17.9,853.1,18.1,18.2,85.8,260,254,0,0,177,0,0,18.3,16.5,14
2026-05-24T21:02:29Z,0,0,0,0,0,0,18.4,853.2,18.5,18.6,82,260,253,0,0.1,73,0.4,0.4,18.7,16.5,14.3
2026-05-24T21:17:37Z,0,0,0,0,0,0,18.5,853.2,18.6,18.9,80.7,259,254,0,1.3,192,2.5,2.5,18.9,16.5,14.6
2026-05-24T21:32:44Z,0,0,0,0,0,0,18.3,853,18.4,18.7,81.6,259,253,0,0.6,179,1.5,1.5,18.7,16.4,14.4
2026-05-24T21:47:50Z,0,0,0,0,0,0,17.9,852.7,18.1,18.3,83,260,253,0,1,195,2.8,2.8,18.3,16.3,14
2026-05-24T22:03:12Z,0,0,0,0,0,0,17.5,852.6,17.7,17.8,84.6,262,253,0,0.2,177,0.7,0.7,17.9,16,13.6
2026-05-24T22:18:19Z,0,0,0,0,0,0,17.2,852.7,17.3,17.5,86.1,260,253,0,0.4,177,0.7,0.7,17.5,15.9,13.3
2026-05-24T22:33:27Z,0,0,0,0,0,0,17.2,852.5,17.3,17.5,86.2,260,253,0,0.3,177,1.1,1.1,17.6,15.9,13.3
2026-05-24T22:48:34Z,0,0,0,0,0,0,17,852.2,17.1,17.4,87.1,261,253,0,0.1,167,1.1,1.1,17.4,15.8,13.1
2026-05-24T23:03:40Z,0,0,0,0,0,0,16.5,852.2,16.8,17,88.4,261,252,0,0,167,0,0,17,15.6,12.8
2026-05-24T23:18:48Z,0,0,0,0,0,0,16.3,852.1,16.4,16.7,89.5,261,253,0,0,167,0,0,16.7,15.5,12.5
2026-05-24T23:33:55Z,0,0,0,0,0,0,16,852.1,16.2,16.3,90.8,260,253,0,0,167,0,0,16.4,15.2,12.2
2026-05-24T23:49:16Z,0,0,0,0,0,0,15.8,852,16,16.1,91.7,260,254,0,0,167,0,0,16.1,15.1,11.9
2026-05-25T00:00:21Z,0,0,0,0,0,0,15.6,851.9,15.9,15.9,92.5,260,255,0,0,167,0,0,16,15.1,11.8
2026-05-25T00:15:28Z,0,0,0,0,0,0,15.4,852,15.8,15.8,93.1,261,254,0,0,167,0,0,15.8,15,11.6
2026-05-25T00:30:36Z,0,0,0,0,0,0,15.5,852.1,15.8,15.9,93.4,261,254,0,0,167,0,0,15.9,15.1,11.7
2026-05-25T00:45:43Z,0,0,0,0,0,0,15.5,852.1,15.9,15.9,93.6,261,252,0,0.1,167,0.7,0.7,15.9,15.1,11.7
2026-05-25T01:00:50Z,0,0,0,0,0,0,15.6,852.1,16,16,93.5,259,253,0,0,167,0,0,16,15.2,11.8
2026-05-25T01:15:57Z,0,0,0,0,0,0,15.5,852.1,15.8,15.9,93.5,261,253,0,0,167,0,0,15.9,15.1,11.7
2026-05-25T01:31:19Z,0,0,0,0,0,0,15.4,852,15.8,15.7,94.3,260,254,0,0,167,0,0,15.8,15.1,11.6
2026-05-25T01:46:26Z,0,0,0,0,0,0,15.5,852.1,15.9,16,94.8,261,253,0,0,167,0,0,16,15.4,11.8
2026-05-25T02:01:33Z,0,0,0,0,0,0,15.7,852.2,16.1,16.1,94.4,261,254,0,0,167,0,0,16.2,15.5,12
2026-05-25T02:17:28Z,0,0,0,0,0,0,15.9,852.3,16.3,16.2,93,261,252,0,0.7,167,1.1,1.1,16.3,15.4,12.1
2026-05-25T02:32:35Z,0,0,0,0,0,0,16.1,852.3,16.2,16.4,91.6,260,254,0,0.1,167,0.7,0.7,16.5,15.4,12.3
2026-05-25T02:47:42Z,0,0,0,0,0,0,16.2,852.3,16.3,16.5,90.5,260,253,0,0,167,0.4,0.4,16.6,15.4,12.4
2026-05-25T03:02:49Z,0,0,0,0,0,0,16.2,852.6,16.4,16.6,89.9,261,253,0,0,167,0.4,0.4,16.6,15.4,12.4
2026-05-25T03:17:57Z,0,0,0,0,0,0,16.3,852.7,16.4,16.6,90.1,259,255,0,0,167,0.4,0.4,16.7,15.5,12.5
2026-05-25T03:33:23Z,0,0,0,0,0,0,16.2,852.8,16.4,16.6,89.6,262,263,0,0.1,167,0.4,0.4,16.6,15.4,12.4
2026-05-25T03:48:31Z,0,0,0,0,0,0,16.1,852.8,16.2,16.5,90,262,287,0,0,167,0,0,16.6,15.4,12.4
2026-05-25T04:03:37Z,0,0,0,0.1,0,0,16.1,853,16.3,16.5,90.7,267,322,0,0,167,0,0,16.5,15.4,12.3
2026-05-25T04:18:45Z,0,0,0,0.1,0,0,16.2,853.3,16.3,16.5,90.9,270,350,0,0,167,0,0,16.6,15.5,12.4
2026-05-25T04:33:53Z,0,0,0,0.1,0,0,16.2,853.4,16.2,16.6,91,271,372,0,0.2,167,1.3,1.3,16.6,15.5,12.4
2026-05-25T04:49:00Z,0,0,0,0.1,0,0,16,853.7,16.2,16.4,91,283,499,0,0,167,0.4,0.4,16.5,15.4,12.3
2026-05-25T05:04:27Z,0,0,0,0.2,0,0,16,853.8,16.3,16.5,91.1,291,589,0,0.1,167,0.7,0.7,16.5,15.4,12.3
2026-05-25T05:19:35Z,0,0,0,0.2,0,0,15.9,854,16.2,16.4,91.4,289,572,0,0,167,0.2,0.2,16.4,15.4,12.2
2026-05-25T05:34:42Z,0,0,0,0.3,0,0,16,854.1,16.2,16.5,91.6,311,805,0,0.1,167,0.7,0.7,16.5,15.5,12.3
2026-05-25T05:49:50Z,0,0,0,0.4,0,0,16.4,854.2,16.5,16.8,91.5,331,1019,0,0,167,0,0,16.9,15.8,12.6
2026-05-25T06:04:58Z,0,0,0,0.4,0,0,16.5,854.4,16.8,17,90.1,324,950,0,0.1,167,0.7,0.7,17,15.8,12.8
2026-05-25T06:20:05Z,0,0,0,0.6,0,0,16.6,854.4,16.8,17,89.8,371,1447,0,0.2,126,0.7,0.7,17.1,15.8,12.9
2026-05-25T06:35:31Z,0,0,0,0.7,0,0,16.9,854.4,17.1,17.4,86.9,392,1679,0,0.6,155,1.3,1.3,17.4,15.8,13.2
2026-05-25T06:50:38Z,0,0,0,0.9,0,0,17.4,854.5,17.6,17.8,84.5,431,2129,0,0.1,174,0.4,0.4,17.8,16,13.6
2026-05-25T07:05:45Z,0,0,0,1,0,0,18.1,854.5,18.4,18.6,81.6,442,2244,0,0.5,139,1.3,1.3,18.6,16.4,14.3
2026-05-25T07:20:52Z,0,0,0,1.1,0,0,18.7,854.6,19,19.3,79.7,470,2545,0,0.1,95,0.7,0.7,19.3,16.8,15
2026-05-25T07:35:58Z,0,0,0,1.7,0,0,19.7,854.4,19.9,20.1,77.4,573,3623,0,0.1,127,0.7,0.7,20.2,17.3,15.7
2026-05-25T07:51:06Z,0,0,0,1.5,0,0,19.8,854.4,20.2,20.3,75.4,536,3245,0,0,159,0,0,20.3,17.2,15.9
2026-05-25T08:06:13Z,0,0,0,1.2,0,0,20.2,854.2,20.6,20.8,71.2,490,2739,0,0.6,70,1.6,1.6,20.8,17.2,16.3
2026-05-25T08:21:34Z,0,0,0,1.6,0,0,20.5,854.1,20.6,21,72.3,560,3493,0,0.1,63,0.9,0.9,21.1,17.5,16.5
2026-05-25T08:36:41Z,0,0,0,2.1,0,0,21,854,21.4,21.6,68.1,647,4406,0,1.3,184,2.4,2.4,21.6,17.5,16.9
2026-05-25T08:51:48Z,0,0,0,1.9,0,0,21,853.8,21.6,21.5,68.9,615,4063,0,0,172,0.4,0.4,21.5,17.5,16.9
2026-05-25T09:06:54Z,0,0,0,2.1,0,0,21.8,853.5,22.1,22.5,65.9,657,4506,0,0,172,0.2,0.2,22.6,18.1,17.8
2026-05-25T09:22:01Z,0,0,0,2.3,0,0,22.7,853.3,23.2,23.1,63.5,694,4938,0,0,143,0.2,0.2,23.1,18.3,18.3
2026-05-25T09:37:08Z,0,0,0,1.7,0,0,22.1,853.1,22.5,22.8,61.7,564,3568,0,0,150,0.2,0.2,22.8,17.8,18
2026-05-25T09:52:15Z,0,0,0,1.5,0,0,22.2,853,22.6,22.8,62.2,537,3308,0,0.4,160,1.1,1.1,22.7,17.8,17.9
2026-05-25T10:07:47Z,0,0,0,2.4,0,0,22.4,852.8,22.8,23,59.9,700,4957,0,0.1,144,0.7,0.7,23,17.7,18.1
2026-05-25T10:22:54Z,0,0,0,1.6,0,0,23.8,852.6,24,24.4,55.1,565,3577,0,0,82,0,0,24.4,18.3,19.3
2026-05-25T10:38:01Z,0,0,0,2,0,0,22.6,852.5,23,23.3,60.2,627,4256,0,0,146,0.2,0.2,23.3,18,18.4
2026-05-25T10:53:08Z,0,0,0,4.5,0,0,23,852.2,23.6,23.5,57.2,1089,9400,0,0.4,115,1.1,1.1,23.5,17.8,18.6
2026-05-25T11:08:16Z,0,0,0,2.6,0,0,24.5,851.9,24.8,25.3,53.7,744,5423,0,0.2,81,1.1,1.1,25.3,18.8,20
2026-05-25T11:23:23Z,0,0,0,3.2,0,0,24,851.7,24.6,25,52.5,851,6632,0,0.3,152,0.7,0.7,24.9,18.4,19.7
2026-05-25T11:39:08Z,0,0,0,3.2,0,0,25.1,851.4,25.6,25.4,49.8,849,6616,0,0.3,320,1.3,1.3,25.3,18.3,20
2026-05-25T11:54:14Z,0,0,0,0.8,0,0,24.3,851.2,25.1,24.8,53.8,407,1765,0,0.3,147,1.1,1.1,24.7,18.4,19.6
2026-05-25T12:09:21Z,0,0,0,0.5,0,0,22.6,851,23.4,23.2,57.5,342,965,0,0,148,0,0,23.2,17.6,18.3
2026-05-25T12:24:48Z,0,0,0,2.4,0,0,24.8,850.7,25,25.2,53.9,709,5114,0,0.2,148,0.7,0.7,25.2,18.8,19.9
2026-05-25T12:39:55Z,0,0,0,2.4,0,0,25.5,850.5,26.1,26.1,51.2,714,5257,0,1.3,204,2.2,2.2,26.1,19.2,20.6
2026-05-25T12:55:01Z,0,0,0,0.4,0,0,23.6,850.5,24.3,24.4,53.2,328,852,0,0.5,198,1.5,1.5,24.4,18,19.3
2026-05-25T13:10:08Z,0,0,0,1.6,0,0,23.6,850.6,24.1,24.5,53.7,558,3519,0,0,197,0,0,24.4,18.1,19.3
2026-05-25T13:25:14Z,0,0,0,1.6,0,0,24.5,850.4,25.4,25.4,52.6,561,3610,0,0.2,169,1.1,1.1,25.3,18.7,20
2026-05-25T13:40:20Z,0,0,0,0.4,0,0,23.8,850.4,24.7,24.8,54.2,340,1027,0,0,179,0.2,0.2,24.8,18.5,19.6
2026-05-25T13:55:27Z,0,0,0,0.3,0,0,22.9,850.5,23.6,23.5,54.5,317,737,0,0.9,178,1.7,1.7,23.5,17.4,18.5
2026-05-25T14:10:52Z,0,0,0,0.4,0,0,22.7,850.6,23.1,23.3,58.5,341,1048,0,0,51,0,0,23.3,17.8,18.4
2026-05-25T14:25:58Z,0,0,0,0.5,0,0,23,850.5,23.7,24,55.2,353,1300,0,0.5,168,2.8,2.8,24,18,19
2026-05-25T14:41:05Z,0,0,0,0.2,0,0,22.6,850.7,22.9,23.1,57.1,297,581,0,0.5,184,1.3,1.3,23.1,17.4,18.2
2026-05-25T14:57:00Z,0,0,0,0.2,0,0,22,850.7,22.2,22.5,59.5,284,454,0,0.1,128,0.7,0.7,22.4,17.1,17.6
2026-05-25T15:12:06Z,0,0,0,0.1,0,0,21.5,850.8,21.8,21.9,61.1,273,364,0,0,331,0.2,0.2,21.8,16.9,17.2
2026-05-25T15:27:14Z,0,0,0,0,0,0,21.1,851,21.3,21.5,64.2,264,280,0,0.1,162,0.4,0.4,21.5,16.9,16.8
2026-05-25T15:42:21Z,0,0,0,0,0,0,20.7,851.2,20.8,21.1,67.1,261,258,0,0.3,137,1.3,1.3,21,16.9,16.5
2026-05-25T15:57:28Z,0,0,0,0,0,0,20.2,851.3,20.3,20.6,69.2,260,254,0,0,137,0.2,0.2,20.5,16.7,16
2026-05-25T16:12:51Z,0,0,0,0,0,0,19.8,851.5,19.9,20.1,70.7,262,253,0,0,137,0,0,20.1,16.5,15.6
2026-05-25T16:27:58Z,0,0,0,0,0,0,19.5,851.4,19.6,19.8,72.1,260,254,0,0,137,0.4,0.4,19.8,16.4,15.4
2026-05-25T16:43:19Z,0,0,0,0,0,0,19.2,851.7,19.3,19.5,73.3,261,254,0,0,137,0,0,19.5,16.2,15.1
2026-05-25T16:58:43Z,0,0,0,0,0,0,19,851.9,19.1,19.3,74.2,260,253,0,0,137,0,0,19.2,16.1,14.9
2026-05-25T17:13:51Z,0,0,0,0,0,0,18.6,852,18.8,19,74.7,262,254,0,0.2,137,1.1,1.1,18.9,15.9,14.6
2026-05-25T17:29:48Z,0,0,0,0,0,0,18.6,852.1,18.8,18.9,75.2,260,253,0,0.2,66,0.7,0.7,18.9,15.9,14.5
2026-05-25T17:44:55Z,0,0,0,0,0,0,18.3,852.3,18.4,18.6,76.9,260,253,0,0,86,0,0,18.6,15.8,14.2
2026-05-25T18:00:02Z,0,0,0,0,0,0,17.9,852.4,18.1,18.3,77.8,260,253,0,0,86,0,0,18.3,15.7,14
2026-05-25T18:15:09Z,0,0,0,0,0,0,17.7,852.6,17.9,18.1,79.8,260,254,0,0,86,0,0,18,15.6,13.8
2026-05-25T18:30:17Z,0,0,0,0,0,0,17.6,852.6,17.6,17.9,81.8,259,253,0,0,86,0,0,17.9,15.7,13.6
2026-05-25T18:45:23Z,0,0,0,0,0,0,17.2,852.7,17.2,17.5,82.1,261,253,0,0,86,0,0,17.5,15.4,13.2
2026-05-25T19:00:49Z,0,0,0,0,0,0,16.9,852.8,17,17.2,83.6,260,254,0,0,86,0,0,17.2,15.3,13
2026-05-25T19:15:56Z,0,0,0,0,0,0,16.8,852.8,16.8,17.1,84.9,258,253,0,0,86,0,0,17.1,15.3,12.9
2026-05-25T19:31:03Z,0,0,0,0,0,0,16.8,852.8,16.9,17.2,85.3,261,254,0,0,86,0,0,17.2,15.4,12.9
2026-05-25T19:46:10Z,0,0,0,0,0,0,16.9,852.7,17,17.3,86.1,260,254,0,0,86,0,0,17.3,15.6,13
2026-05-25T20:01:17Z,0,0,0,0,0,0,18.2,852.6,18.1,18.4,79.9,259,254,0,0,186,0,0,18.4,16,14.1
2026-05-25T20:16:23Z,0,0,0,0,0,0,18.3,852.6,18.4,18.6,79.1,260,254,0,0,186,0,0,18.6,16.1,14.3
2026-05-25T20:31:58Z,0,0,0,0,0,0,18.2,852.5,18.3,18.5,79.3,261,254,0,0,161,0,0,18.5,16.1,14.2
2026-05-25T20:47:05Z,0,0,0,0,0,0,17.9,852.6,18,18.3,80.6,259,254,0,0,161,0.4,0.4,18.3,15.9,14
2026-05-25T21:02:12Z,0,0,0,0,0,0,17.6,852.4,17.7,18,82.8,260,254,0,0,161,0,0,18,15.9,13.7
2026-05-25T21:17:19Z,0,0,0,0,0,0,17.6,852.5,17.7,17.9,83.7,260,254,0,0.1,163,0.7,0.7,17.9,16,13.7
2026-05-25T21:32:26Z,0,0,0,0,0,0,17.6,852.3,17.7,18,83.9,260,253,0,0,163,0.4,0.4,18,16,13.7
2026-05-25T21:47:50Z,0,0,0,0,0,0,17.7,852.2,17.8,18,83.9,260,253,0,0.2,163,0.7,0.7,18,16.1,13.8
2026-05-25T22:02:58Z,0,0,0,0,0,0,17.6,852,17.8,18,84.7,261,253,0,0.2,178,0.6,0.6,18,16.2,13.7
2026-05-25T22:18:05Z,0,0,0,0,0,0,17.4,851.7,17.6,17.8,86.3,260,254,0,0.7,185,1.4,1.4,17.8,16.2,13.6
2026-05-25T22:34:01Z,0,0,0,0,0,0,17.2,851.5,17.4,17.6,87.6,260,252,0,0.1,185,0.7,0.7,17.7,16.1,13.4
2026-05-25T22:49:07Z,0,0,0,0,0,0,17,851.4,17.2,17.4,88.4,261,254,0,0.6,202,2.2,2.2,17.5,16,13.2
2026-05-25T23:04:14Z,0,0,0,0,0,0,16.8,851.2,17,17.2,89.2,260,255,0,0.2,208,0.7,0.7,17.3,15.9,13
2026-05-25T23:19:21Z,0,0,0,0,0,0,16.5,851.2,16.6,16.9,90.2,260,254,0,0,208,0.2,0.2,16.9,15.7,12.7
2026-05-25T23:34:28Z,0,0,0,0,0,0,16.2,851.2,16.3,16.6,91.2,260,253,0,0,207,0,0,16.7,15.6,12.5
2026-05-25T23:49:54Z,0,0,0,0,0,0,16.1,851.1,16.2,16.5,92,261,254,0,0,207,0,0,16.6,15.6,12.4
2026-05-26T00:00:59Z,0,0,0,0,0,0,16.3,851.1,16.3,16.6,92.2,260,254,0,0,207,0,0,16.7,15.7,12.5
2026-05-26T00:16:06Z,0,0,0,0,0,0,16.4,851.2,16.5,16.7,91.9,260,254,0,0,208,0.4,0.4,16.8,15.8,12.6
2026-05-26T00:31:13Z,0,0,0,0,0,0,16.4,851.2,16.5,16.8,91.4,260,253,0,0.4,208,0.9,0.9,16.8,15.7,12.6
2026-05-26T00:46:20Z,0,0,0,0,0,0,16.3,851.1,16.4,16.7,91.2,259,253,0,0,208,0.2,0.2,16.8,15.7,12.6
2026-05-26T01:01:27Z,0,0,0,0,0,0,16.3,851.2,16.5,16.7,90.9,260,253,0,0.4,208,1.1,1.1,16.8,15.6,12.6
2026-05-26T01:16:34Z,0,0,0,0,0,0,16.3,851.4,16.4,16.7,90.1,259,253,0,0.2,208,0.9,0.9,16.7,15.5,12.5
2026-05-26T01:31:41Z,0,0,0,0,0,0,16.4,851.4,16.5,16.7,89.6,260,253,0,0,207,0,0,16.8,15.5,12.6
2026-05-26T01:47:04Z,0,0,0,0,0,0,16.4,851.4,16.5,16.8,89.5,262,252,0,0.3,208,0.9,0.9,16.8,15.5,12.6
2026-05-26T02:02:11Z,0,0,0,0,0,0,16.2,851.4,16.4,16.6,90.7,261,253,0,0,208,0.4,0.4,16.6,15.5,12.4
2026-05-26T02:17:18Z,0,0,0,0,0,0,16,851.5,16.2,16.3,91.4,261,253,0,0,207,0,0,16.4,15.3,12.1
2026-05-26T02:32:26Z,0,0,0,0,0,0,15.7,851.5,16,16.1,92.6,260,253,0,0,207,0,0,16.1,15.2,11.9
2026-05-26T02:47:33Z,0,0,0,0,0,0,15.5,851.6,15.8,15.9,93.7,259,254,0,0,207,0,0,15.9,15.1,11.7
2026-05-26T03:02:40Z,0,0,0,0,0,0,15.6,851.7,16,16,94.4,260,253,0,0,207,0,0,16.1,15.4,11.9
2026-05-26T03:18:02Z,0,0,0,0,0,0,15.9,851.8,16.2,16.2,94.5,261,260,0,0.1,208,0.5,0.5,16.3,15.6,12.1
2026-05-26T03:33:09Z,0,0,0,0,0,0,16,851.8,16.3,16.3,93.8,262,273,0,0,208,0.2,0.2,16.4,15.6,12.1
2026-05-26T03:48:16Z,0,0,0,0,0,0,16.1,852,16.3,16.5,92.5,265,296,0,0.6,208,1.6,1.6,16.5,15.6,12.3
2026-05-26T04:03:23Z,0,0,0,0.1,0,0,16.2,852.2,16.3,16.6,91.9,278,455,0,0,208,0.5,0.5,16.6,15.6,12.4
2026-05-26T04:18:30Z,0,0,0,0.2,0,0,16.2,852.4,16.3,16.6,91.2,302,709,0,0,207,0,0,16.6,15.6,12.4
2026-05-26T04:33:37Z,0,0,0,0.2,0,0,16.1,852.6,16.2,16.5,90.8,285,479,0,0.5,208,1.3,1.3,16.6,15.5,12.4
2026-05-26T04:48:44Z,0,0,0,0.3,0,0,16.1,852.8,16.3,16.5,91.2,317,852,0,0.2,208,0.4,0.4,16.5,15.5,12.3
2026-05-26T05:04:06Z,0,0,0,0.4,0,0,16.4,853,16.6,16.8,90.3,339,1104,0,0.3,208,1.1,1.1,16.8,15.6,12.6
2026-05-26T05:19:13Z,0,0,0,0.6,0,0,16.7,853.2,16.9,17.1,88.9,362,1364,0,0.6,208,1.1,1.1,17.2,15.8,12.9
2026-05-26T05:34:20Z,0,0,0,1.5,0,0,18.5,853.2,18.8,18.5,84.9,538,3345,0,0.2,208,0.4,0.4,18.5,16.6,14.2
2026-05-26T05:50:16Z,0,0,0,0.8,0,0,19.9,853.4,20.3,20.1,77.2,413,1819,0,0.1,208,0.7,0.7,20.1,17.2,15.6
2026-05-26T06:05:22Z,0,0,0,0.8,0,0,19.4,853.5,19.8,19.9,77.5,408,1802,0,0,208,0.2,0.2,20,17.2,15.5
2026-05-26T06:20:29Z,0,0,0,0.9,0,0,18.8,853.6,18.9,19.4,78,419,1938,0,0.1,208,0.2,0.2,19.4,16.7,15.1
2026-05-26T06:35:35Z,0,0,0,1.1,0,0,19.7,853.5,19.7,20.3,74.9,460,2360,0,0.9,69,1.3,1.3,20.3,17.2,15.8
2026-05-26T06:50:42Z,0,0,0,0.9,0,0,19.8,853.4,20.2,20.3,73.7,420,1879,0,0.1,156,0.4,0.4,20.3,17,15.8
2026-05-26T07:05:49Z,0,0,0,0.9,0,0,20.3,853.3,20.8,20.6,74.8,420,1881,0,0,156,0,0,20.6,17.4,16.1
2026-05-26T07:21:20Z,0,0,0,2,0,0,20.2,853.2,20.9,20.7,70.3,621,4034,0,0.2,156,0.7,0.7,20.7,17,16.2
2026-05-26T07:36:27Z,0,0,0,1.2,0,0,21.3,853.1,22.1,21.7,64.2,475,2422,0,0.2,156,0.9,0.9,21.6,17.1,17
2026-05-26T07:51:34Z,0,0,0,1.4,0,0,22.1,853,22.6,22.5,63,517,2914,0,0.2,23,0.7,0.7,22.5,17.7,17.7
2026-05-26T08:06:41Z,0,0,0,4.1,0,0,21.7,852.6,21.9,22.3,64.3,1019,8602,0,0,108,0.4,0.4,22.2,17.6,17.5
2026-05-26T08:21:48Z,0,0,0,1.2,0,0,23.3,852.6,24.1,23.8,59.7,476,2514,0,0.2,136,0.9,0.9,23.8,18.4,18.8
2026-05-26T08:36:55Z,0,0,0,1.2,0,0,22.3,852.6,22.9,23,59.4,474,2551,0,0,195,0,0,22.9,17.6,18.1
2026-05-26T08:52:17Z,0,0,0,2.7,0,0,22,852.6,22.5,22.7,60.7,753,5581,0,0,138,0,0,22.6,17.5,17.8
2026-05-26T09:07:23Z,0,0,0,1.4,0,0,22.9,852.4,23.6,23.5,57,515,2888,0,0.3,139,0.7,0.7,23.5,17.8,18.5
2026-05-26T09:22:31Z,0,0,0,4,0,0,23.2,852.2,23.8,23.8,57.9,996,8175,0,0,175,0.2,0.2,23.8,18.1,18.8
2026-05-26T09:37:37Z,0,0,0,2,0,0,23.6,851.9,24.1,24.2,54.4,621,3852,0,1.1,216,1.5,1.5,24.2,18,19.1
2026-05-26T09:52:44Z,0,0,0,3.6,0,0,24.1,851.6,24.3,24.9,53,933,7468,0,0.4,105,1.1,1.1,24.9,18.4,19.6
2026-05-26T10:07:52Z,0,0,0,3.7,0,0,23.9,851.4,24.5,24.8,53.3,948,7605,0,1.1,76,1.5,1.5,24.7,18.3,19.5
2026-05-26T10:22:59Z,0,0,0,3.8,0,0,24.7,851.3,25.3,25.5,51.6,957,7732,0,0.7,123,2.6,2.6,25.4,18.6,20.1
2026-05-26T10:38:20Z,0,0,0,3.7,0,0,25.7,851,26.2,26.6,51,951,7676,0,0,72,0.2,0.2,26.6,19.5,21
2026-05-26T10:53:29Z,0,0,0,1.5,0,0,24.9,850.9,25.7,25.5,52.4,537,3154,0,0,164,0,0,25.5,18.8,20.2
2026-05-26T11:08:36Z,0,0,0,2.1,0,0,23.7,850.6,24.3,24.4,52.5,647,4342,0,0.7,189,3.1,3.1,24.4,17.9,19.2
2026-05-26T11:23:42Z,0,0,0,3.6,0,0,23.9,850.4,24.2,24.4,54,923,7500,0,0,175,0.2,0.2,24.3,18,19.2
2026-05-26T11:39:41Z,0,0,0,1.1,0,0,24.5,850.3,25,25.1,50.2,457,2196,0,1,173,2,2,25,18.1,19.8
2026-05-26T11:54:48Z,0,0,0,2.8,0,0,26,850,26.4,26.7,45.7,784,5885,0,0.2,144,0.9,0.9,26.9,18.8,21.2
2026-05-26T12:09:55Z,0,0,0,2.8,0,0,24.5,849.9,24.7,25.4,49.4,779,5910,0,0,119,0.2,0.2,25.4,18.3,20.1
2026-05-26T12:25:33Z,0,0,0,1.4,0,0,23.9,849.9,24.4,24.7,48.5,511,2862,0,0.3,123,1.1,1.1,24.6,17.5,19.5
2026-05-26T12:40:40Z,0,0,0,2.1,0,0,25.1,849.7,25.3,26.1,49.2,650,4494,0,0.2,122,0.7,0.7,26.1,18.8,20.6
2026-05-26T12:55:47Z,0,0,0,0.9,0,0,24.9,849.7,25.4,25.8,46.9,428,1983,0,0.8,115,2.8,2.8,25.8,18.2,20.4
2026-05-26T13:10:54Z,0,0,0,0.6,0,0,24,849.7,24.5,24.7,48.5,367,1301,0,0.5,121,2.8,2.8,24.6,17.5,19.4
2026-05-26T13:26:01Z,0,0,0,0.6,0,0,23.7,849.7,24.1,24.5,48.6,366,1294,0,0.2,132,0.8,0.8,24.3,17.3,19.2
2026-05-26T13:41:29Z,0,0,0,0.6,0,0,23.7,849.8,24.1,24.3,49.6,362,1294,0,0.5,154,2.4,2.4,24.2,17.4,19.1
2026-05-26T13:56:36Z,0,0,0,0.6,0,0,23.9,849.9,24.4,24.7,49.7,360,1336,0,0.8,133,3.1,3.1,24.6,17.7,19.5
2026-05-26T14:11:43Z,0,0,0,0.3,0,0,23,850.3,23.4,23.6,51,318,809,0,0.6,116,2.2,2.2,23.5,17,18.6
2026-05-26T14:26:50Z,0,0,0,0.3,0,0,22.8,850.2,23.1,23.3,53.2,313,756,0,0,124,0,0,23.2,17,18.3
2026-05-26T14:41:57Z,0,0,0,0.2,0,0,22.5,850.3,22.7,22.9,54,301,669,0,0.3,81,1.3,1.3,22.8,16.8,18
2026-05-26T14:57:48Z,0,0,0,0.2,0,0,22.2,850.4,22.4,22.6,56.7,288,538,0,0.4,120,1.3,1.3,22.5,16.9,17.7
2026-05-26T15:12:55Z,0,0,0,0.1,0,0,21.9,850.6,22,22.2,57.7,275,406,0,0.3,139,1.1,1.1,22.1,16.7,17.4
2026-05-26T15:28:43Z,0,0,0,0,0,0,21.4,850.7,21.6,21.8,61.4,262,271,0,0.8,120,1.5,1.5,21.7,16.8,17.1
2026-05-26T15:44:08Z,0,0,0,0,0,0,20.9,850.8,21.1,21.2,64.2,260,255,0,0,133,0.2,0.2,21.2,16.7,16.6
2026-05-26T15:59:15Z,0,0,0,0,0,0,20.5,851,20.8,20.9,65.9,259,254,0,0.1,135,0.2,0.2,20.8,16.6,16.3
2026-05-26T16:14:21Z,0,0,0,0,0,0,20.4,851.1,20.6,20.8,68.5,260,254,0,0.1,135,0.7,0.7,20.7,16.8,16.2
2026-05-26T16:29:28Z,0,0,0,0,0,0,20.5,851.1,20.6,20.8,68,261,254,0,0.3,135,0.7,0.7,20.8,16.8,16.2
2026-05-26T16:44:35Z,0,0,0,0,0,0,20.4,851.2,20.5,20.7,68.8,260,252,0,0,135,0,0,20.7,16.8,16.2
2026-05-26T16:59:42Z,0,0,0,0,0,0,19.9,851.4,20.1,20.3,70,260,253,0,0,119,0,0,20.2,16.6,15.8
2026-05-26T17:14:48Z,0,0,0,0,0,0,19.6,851.6,19.8,20,71.2,261,253,0,0,119,0,0,19.9,16.4,15.5
2026-05-26T17:30:12Z,0,0,0,0,0,0,19.6,851.6,19.8,19.9,71,261,254,0,0.1,116,0.7,0.7,19.9,16.3,15.4
2026-05-26T17:45:19Z,0,0,0,0,0,0,19.6,851.8,19.8,19.9,71.2,260,253,0,0.1,116,0.7,0.7,19.9,16.4,15.4
2026-05-26T18:00:26Z,0,0,0,0,0,0,19.4,852,19.5,19.7,71.4,260,253,0,0.3,116,0.9,0.9,19.7,16.2,15.3
2026-05-26T18:15:33Z,0,0,0,0,0,0,19.3,852.1,19.5,19.7,71.2,260,253,0,0,76,0,0,19.6,16.1,15.2
2026-05-26T18:30:40Z,0,0,0,0,0,0,19.5,852.2,19.8,19.8,70.4,259,253,0,0,52,0,0,19.7,16.1,15.3
2026-05-26T18:45:47Z,0,0,0,0,0,0,19.4,852.3,19.6,19.7,70.4,261,253,0,0,52,0,0,19.7,16.1,15.3
2026-05-26T19:01:13Z,0,0,0,0,0,0,19.3,852.3,19.5,19.7,70.5,260,254,0,0.1,52,0.4,0.4,19.6,16.1,15.2
2026-05-26T19:16:20Z,0,0,0,0,0,0,19.3,852.3,19.5,19.7,70.5,259,253,0,0,52,0,0,19.6,16,15.2
2026-05-26T19:31:35Z,0,0,0,0,0,0,19.3,852.4,19.4,19.6,70.6,260,253,0,0,52,0.2,0.2,19.5,16,15.1
2026-05-26T19:46:41Z,0,0,0,0,0,0,19.2,852.4,19.4,19.6,70.2,261,253,0,0,52,0,0,19.5,15.9,15.1
2026-05-26T20:01:48Z,0,0,0,0,0,0,19.1,852.5,19.2,19.5,70.5,260,253,0,0.5,113,1.7,1.7,19.4,15.8,15
2026-05-26T20:16:55Z,0,0,0,0,0,0,18.9,852.4,19.1,19.3,70.3,259,253,0,1.2,159,2.2,2.2,19.2,15.6,14.8
2026-05-26T20:32:16Z,0,0,0,0,0,0,18.5,852.3,18.8,18.9,72.4,260,253,0,0,183,0,0,18.9,15.6,14.5
2026-05-26T20:47:24Z,0,0,0,0,0,0,18.3,852.3,18.4,18.6,73,259,253,0,0.1,123,0.7,0.7,18.6,15.4,14.2
2026-05-26T21:02:31Z,0,0,0,0,0,0,17.8,852.3,17.9,18.1,74.6,259,253,0,0,110,0.2,0.2,18.1,15.1,13.8
2026-05-26T21:17:38Z,0,0,0,0,0,0,17.2,852.2,17.4,17.6,76.9,260,254,0,0.5,92,1.3,1.3,17.6,14.9,13.3
2026-05-26T21:32:45Z,0,0,0,0,0,0,17,852.3,17.2,17.4,78.3,260,254,0,0.1,135,0.7,0.7,17.3,14.8,13.1
2026-05-26T21:47:52Z,0,0,0,0,0,0,16.8,852,17,17.2,79.5,261,253,0,0,135,0,0,17.1,14.7,12.9
2026-05-26T22:02:59Z,0,0,0,0,0,0,16.6,851.9,16.7,16.9,80.7,262,253,0,0,135,0.2,0.2,16.9,14.7,12.6
2026-05-26T22:18:21Z,0,0,0,0,0,0,16.7,851.7,16.8,17,80.9,261,253,0,0,135,0,0,17,14.8,12.7
2026-05-26T22:33:27Z,0,0,0,0,0,0,16.5,851.7,16.6,16.9,81.5,262,254,0,0.5,123,1.1,1.1,16.8,14.7,12.6
2026-05-26T22:48:35Z,0,0,0,0,0,0,16.4,851.7,16.6,16.8,82.7,259,252,0,0,123,0,0,16.8,14.8,12.5
2026-05-26T23:03:42Z,0,0,0,0,0,0,16.4,851.4,16.6,16.8,82.6,260,254,0,0.4,123,0.9,0.9,16.7,14.7,12.5
2026-05-26T23:18:50Z,0,0,0,0,0,0,16.1,851.2,16.3,16.5,83.6,260,252,0,0,123,0,0,16.5,14.6,12.3
2026-05-26T23:34:35Z,0,0,0,0,0,0,15.8,851.3,16,16.1,85,259,253,0,0.1,123,0.4,0.4,16.1,14.4,11.9
2026-05-26T23:49:42Z,0,0,0,0,0,0,15.4,851.2,15.7,15.8,86.4,261,254,0,0,123,0,0,15.8,14.2,11.6
2026-05-27T00:00:48Z,0,0,0,0,0,0,15.3,851.1,15.6,15.7,87.3,261,254,0,0,123,0,0,15.7,14.3,11.5
2026-05-27T00:15:55Z,0,0,0,0,0,0,15.4,851.3,15.8,15.8,87.6,261,253,0,0,123,0,0,15.8,14.4,11.6
2026-05-27T00:31:02Z,0,0,0,0,0,0,15.4,851.2,15.8,15.8,87.7,261,253,0,0,123,0,0,15.8,14.4,11.6
2026-05-27T00:46:24Z,0,0,0,0,0,0,15.4,851.1,15.8,15.9,87.6,260,254,0,0,123,0,0,15.8,14.4,11.6
2026-05-27T01:01:31Z,0,0,0,0,0,0,15.2,850.9,15.6,15.7,88.2,260,253,0,0,123,0,0,15.6,14.3,11.4
2026-05-27T01:16:38Z,0,0,0,0,0,0,14.9,850.9,15.1,15.2,89.6,261,253,0,0,123,0,0,15.2,14,11
2026-05-27T01:31:45Z,0,0,0,0,0,0,14.7,850.9,14.9,15,91.5,260,253,0,0.1,123,0.4,0.4,15,14,10.8
2026-05-27T01:46:52Z,0,0,0,0,0,0,14.5,851.3,14.9,14.9,91.8,259,254,0,0.1,52,0.4,0.4,14.9,14,10.7
2026-05-27T02:01:59Z,0,0,0,0,0,0,14.5,851.3,14.8,14.9,92.1,261,253,0,0.1,52,0.4,0.4,14.8,13.9,10.6
2026-05-27T02:17:06Z,0,0,0,0,0,0,14.5,851.5,14.8,14.9,92.3,260,254,0,0,52,0,0,14.8,14,10.6
2026-05-27T02:32:28Z,0,0,0,0,0,0,14.8,851.5,15.1,15.1,92.4,262,254,0,0.4,51,1.5,1.5,15.1,14.2,10.9
2026-05-27T02:47:35Z,0,0,0,0,0,0,15,851.6,15.3,15.3,91.2,260,254,0,0,52,0,0,15.3,14.3,11.1
2026-05-27T03:02:42Z,0,0,0,0,0,0,15,851.7,15.3,15.4,91.1,261,253,0,0,52,0.2,0.2,15.4,14.4,11.2
2026-05-27T03:17:49Z,0,0,0,0,0,0,15,852,15.3,15.4,91.4,260,264,0,0,52,0,0,15.4,14.4,11.2
2026-05-27T03:32:56Z,0,0,0,0.1,0,0,15,852.1,15.3,15.4,91.1,266,297,0,0.1,52,0.4,0.4,15.4,14.4,11.2
2026-05-27T03:48:03Z,0,0,0,0.1,0,0,15,852.3,15.3,15.4,91.1,283,503,0,0,52,0,0,15.4,14.4,11.2
2026-05-27T04:03:38Z,0,0,0,0.3,0,0,15.5,852.5,15.9,15.7,90.6,305,764,0,0,52,0,0,15.7,14.6,11.5
2026-05-27T04:18:45Z,0,0,0,0.3,0,0,16.3,852.5,16.6,16.3,88.2,316,853,0,0.4,52,0.9,0.9,16.3,14.9,12.1
2026-05-27T04:33:52Z,0,0,0,0.3,0,0,16.5,852.7,17.1,16.5,87.5,323,857,0,0.3,52,0.9,0.9,16.5,15,12.3
2026-05-27T04:48:59Z,0,0,0,0.7,0,0,18,852.9,18.8,17.4,84.6,389,1706,0,0,53,0,0,17.4,15.5,13.1
2026-05-27T05:04:06Z,0,0,0,1.1,0,0,19.8,853,20.2,19.1,80,462,2544,0,0,53,0,0,19.1,16.6,14.7
2026-05-27T05:19:13Z,0,0,0,1.1,0,0,19.2,853.1,19.4,19.6,74.7,465,2558,0,0.3,52,0.7,0.7,19.6,16.5,15.2
2026-05-27T05:34:35Z,0,0,0,0.8,0,0,19.3,853.3,19.5,19.5,74.5,403,1746,0,0.2,53,0.7,0.7,19.5,16.4,15.1
2026-05-27T05:49:42Z,0,0,0,0.7,0,0,18,853.5,18.4,18,81.6,380,1569,0,0.3,52,1.1,1.1,17.9,15.8,13.7
2026-05-27T06:04:49Z,0,0,0,0.7,0,0,18,853.6,18.2,18,81.1,395,1658,0,1,52,1.5,1.5,18,15.7,13.7
2026-05-27T06:19:56Z,0,0,0,0.8,0,0,18.2,853.9,18.4,18.4,80.1,398,1683,0,0,52,0.2,0.2,18.4,16,14.1
2026-05-27T06:35:03Z,0,0,0,1.1,0,0,19.5,853.9,19.4,19.3,74.7,461,2305,0,0.5,52,0.7,0.7,19.3,16.2,14.9
2026-05-27T06:50:10Z,0,0,0,2.6,0,0,20.3,853.7,20.4,20.3,71.7,745,5600,0,0.3,52,0.9,0.9,20.3,16.8,15.8
2026-05-27T07:05:16Z,0,0,0,1,0,0,20.2,853.7,20.8,20.4,70.1,448,2228,0,0,52,0.2,0.2,20.3,16.6,15.8
2026-05-27T07:20:40Z,0,0,0,1,0,0,20.2,853.6,20.6,20.4,70.9,453,2300,0,0.1,52,0.4,0.4,20.3,16.7,15.9
2026-05-27T07:35:47Z,0,0,0,1,0,0,20.6,853.6,21.2,20.9,68.3,439,2169,0,0.4,188,0.7,0.7,20.8,16.9,16.3
2026-05-27T07:50:54Z,0,0,0,1.1,0,0,20.7,853.6,21.2,21.2,67.1,461,2464,0,0.3,188,1.1,1.1,21.1,17,16.6
2026-05-27T08:06:01Z,0,0,0,1.6,0,0,20.9,853.6,21.4,21.3,67.3,551,3416,0,0.8,169,2.7,2.7,21.2,17.1,16.6
2026-05-27T08:21:08Z,0,0,0,1.3,0,0,21.6,853.4,22.4,22.1,63.8,493,2721,0,0,177,0.2,0.2,22.1,17.5,17.4
2026-05-27T08:36:14Z,0,0,0,1.1,0,0,21.4,853.2,21.9,21.8,64.6,470,2571,0,0.5,198,2,2,21.7,17.2,17.1
2026-05-27T08:51:21Z,0,0,0,3.6,0,0,22.3,853,23.1,22.8,59.5,933,7570,0,1.6,187,2.8,2.8,22.7,17.5,17.9
2026-05-27T09:06:43Z,0,0,0,1.7,0,0,22.3,852.8,22.8,22.9,61.5,582,3661,0,0.3,139,1.3,1.3,22.8,17.8,18
2026-05-27T09:21:48Z,0,0,0,3,0,0,22.9,852.7,23.3,23.4,59.7,819,6317,0,0.3,108,1.3,1.3,23.4,18,18.5
2026-05-27T09:36:54Z,0,0,0,1.4,0,0,22.5,852.6,23.1,23,60.8,522,3041,0,0.2,154,0.9,0.9,23,17.8,18.1
2026-05-27T09:52:01Z,0,0,0,1.2,0,0,22.6,852.2,23.1,23.1,60.5,486,2709,0,0,177,0,0,23.1,17.9,18.2
2026-05-27T10:07:08Z,0,0,0,3.9,0,0,23.4,852.1,23.8,23.9,59.6,981,8185,0,0.7,92,1.5,1.5,23.9,18.4,18.9
2026-05-27T10:22:15Z,0,0,0,1.6,0,0,23.6,851.9,23.9,24.2,56.9,556,3418,0,0.1,52,0.7,0.7,24.2,18.4,19.1
2026-05-27T10:37:21Z,0,0,0,1.1,0,0,24.3,851.8,24.7,24.9,55.9,472,2552,0,0.1,53,0.9,0.9,24.9,18.8,19.7
2026-05-27T10:52:46Z,0,0,0,1.7,0,0,24.2,851.7,24.3,24.7,56.7,575,3528,0,0,52,0.4,0.4,24.7,18.7,19.5
2026-05-27T11:07:53Z,0,0,0,2.5,0,0,24.4,851.4,24.8,25.1,56.4,732,5338,0,0,45,0,0,25.1,19.1,19.9
2026-05-27T11:23:00Z,0,0,0,2.3,0,0,23.6,851.3,24.1,24.1,58.9,691,4910,0,0.3,148,1.3,1.3,24.2,18.6,19.1
2026-05-27T11:38:07Z,0,0,0,2.7,0,0,22.5,851,23.1,23.1,60,754,5738,0,0.9,153,1.7,1.7,23.1,17.8,18.2
2026-05-27T11:53:57Z,0,0,0,0.7,0,0,22.8,850.9,23.3,23.4,58.8,393,1687,0,0.2,197,0.9,0.9,23.3,17.9,18.4
2026-05-27T12:09:04Z,0,0,0,0.8,0,0,22.8,850.6,23.1,23.2,58.8,397,1717,0,0.2,129,1.1,1.1,23.1,17.7,18.3
2026-05-27T12:24:11Z,0,0,0,1,0,0,23,850.6,23.2,23.5,57,445,2210,0,0.7,145,2.2,2.2,23.5,17.8,18.5
2026-05-27T12:39:18Z,0,0,0,0.9,0,0,23.1,850.4,23.5,23.8,55.7,421,1893,0,0,44,0.2,0.2,23.7,17.8,18.7
2026-05-27T12:54:25Z,0,0,0,0.9,0,0,24,850.4,24.6,24.7,55,428,2060,0,0.7,158,2,2,24.7,18.5,19.5
2026-05-27T13:09:52Z,0,0,0,0.5,0,0,23.2,850.4,23.6,23.8,57.2,353,1298,0,0.2,133,0.7,0.7,23.8,18,18.8
2026-05-27T13:24:59Z,0,0,0,0.5,0,0,22.6,850.5,22.9,23.1,59.6,345,1180,0,0.8,185,2.4,2.4,23.1,17.7,18.2
2026-05-27T13:40:07Z,0,0,0,0.6,0,0,22.5,850.4,22.8,22.9,59.8,363,1316,0,0,117,0.4,0.4,22.9,17.6,18.1
2026-05-27T13:55:14Z,0,0,0,0.4,0,0,22.3,850.2,22.6,22.7,61.1,341,1057,0,0,143,0.2,0.2,22.7,17.6,17.9
2026-05-27T14:10:21Z,0,0,0,0.6,0,0,22.7,850.3,23.1,23.4,59.5,371,1469,0,0,142,0,0,23.4,18,18.5
2026-05-27T14:25:43Z,0,0,0,0.4,0,0,22.3,850.3,22.6,22.9,60.1,324,936,0,0.3,117,1.3,1.3,22.8,17.6,18
2026-05-27T14:41:07Z,0,0,0,0.3,0,0,21.8,850.6,22.1,22.4,62.4,307,764,0,0.1,78,0.7,0.7,22.3,17.5,17.6
2026-05-27T14:56:15Z,0,0,0,0.2,0,0,21.6,850.7,21.8,22,63.6,287,536,0,0,129,0.4,0.4,22,17.3,17.3
2026-05-27T15:11:22Z,0,0,0,0.1,0,0,21.3,850.8,21.5,21.7,65.5,272,393,0,0.1,138,0.4,0.4,21.7,17.3,17.1
2026-05-27T15:26:29Z,0,0,0,0,0,0,21,850.9,21.2,21.4,66.7,263,276,0,0.3,54,1.7,1.7,21.3,17.1,16.7
2026-05-27T15:41:36Z,0,0,0,0,0,0,20.8,851,20.9,21.1,67.1,260,254,0,0,144,0.2,0.2,21.1,17,16.5
2026-05-27T15:56:43Z,0,0,0,0,0,0,20.6,851.2,20.8,20.9,67.5,260,253,0,0,144,0.7,0.7,20.9,16.8,16.3
2026-05-27T16:12:10Z,0,0,0,0,0,0,20.6,851.3,20.8,20.9,67.4,261,253,0,0,125,0.2,0.2,20.9,16.8,16.3
2026-05-27T16:27:18Z,0,0,0,0,0,0,20.4,851.5,20.6,20.8,68.3,259,253,0,0.7,109,1.5,1.5,20.7,16.8,16.2
2026-05-27T16:42:26Z,0,0,0,0,0,0,20.2,851.6,20.3,20.5,69.9,262,254,0,0.2,98,1.3,1.3,20.5,16.8,16
2026-05-27T16:58:20Z,0,0,0,0,0,0,20.1,851.6,20.2,20.4,70.9,261,254,0,0.4,139,1.5,1.5,20.4,16.8,15.9
2026-05-27T17:13:27Z,0,0,0,0,0,0,19.9,851.7,20,20.2,72.1,259,251,0,0.1,139,0.9,0.9,20.2,16.8,15.8
2026-05-27T17:28:34Z,0,0,0,0,0,0,19.7,851.9,19.9,20.1,72.3,262,253,0,0,205,0,0,20.1,16.6,15.6
2026-05-27T17:43:41Z,0,0,0,0,0,0,19.6,852.1,19.8,20,72.8,261,254,0,0.1,206,0.4,0.4,19.9,16.6,15.5
2026-05-27T17:58:48Z,0,0,0,0,0,0,19.4,852.2,19.6,19.8,73.6,261,253,0,0.2,206,1.1,1.1,19.8,16.5,15.3
2026-05-27T18:14:15Z,0,0,0,0,0,0,19.3,852.2,19.5,19.7,74,260,254,0,0,119,0,0,19.7,16.5,15.3
2026-05-27T18:29:22Z,0,0,0,0,0,0,19.3,852.5,19.4,19.6,74.6,261,254,0,0,119,0,0,19.6,16.5,15.2
2026-05-27T18:44:29Z,0,0,0,0,0,0,19.3,852.4,19.4,19.6,74.9,260,253,0,0,119,0,0,19.6,16.5,15.2
2026-05-27T18:59:36Z,0,0,0,0,0,0,19.2,852.5,19.2,19.5,74.9,260,254,0,0,119,0,0,19.5,16.4,15.1
2026-05-27T19:14:43Z,0,0,0,0,0,0,19,852.6,19.1,19.3,76.7,261,252,0,0,119,0,0,19.3,16.4,14.9
2026-05-27T19:29:50Z,0,0,0,0,0,0,18.7,852.6,18.8,19,76.9,261,253,0,0,119,0,0,19,16.2,14.6
2026-05-27T19:44:56Z,0,0,0,0,0,0,18.7,852.4,18.9,19,77,261,252,0,0,119,0,0,19,16.2,14.6
2026-05-27T20:00:20Z,0,0,0,0,0,0,18.6,852.4,18.8,18.9,76.5,260,254,0,0.3,119,1.1,1.1,18.9,16.1,14.6
2026-05-27T20:15:27Z,0,0,0,0,0,0,18.5,852.4,18.6,18.8,77.7,261,253,0,0,119,0,0,18.8,16.1,14.5
2026-05-27T20:30:34Z,0,0,0,0,0,0,18.3,852.4,18.4,18.6,79,260,252,0,0,119,0,0,18.6,16,14.2
2026-05-27T20:45:41Z,0,0,0,0,0,0,18,852.2,18.2,18.4,79.7,260,252,0,0,119,0,0,18.3,15.9,14
2026-05-27T21:00:48Z,0,0,0,0,0,0,18.3,852.3,18.4,18.6,76.7,260,254,0,0.3,53,0.9,0.9,18.6,15.8,14.3
2026-05-27T21:16:31Z,0,0,0,0,0,0,18.3,852.1,18.5,18.7,76.2,262,253,0,0.4,138,1.7,1.7,18.6,15.8,14.3
2026-05-27T21:31:38Z,0,0,0,0,0,0,18.2,852.1,18.4,18.6,76.4,260,254,0,0.4,121,0.9,0.9,18.5,15.7,14.2
2026-05-27T21:46:45Z,0,0,0,0,0,0,18,852,18.2,18.4,77.2,260,253,0,0.3,144,1.4,1.4,18.3,15.6,14
2026-05-27T22:01:52Z,0,0,0,0,0,0,17.8,851.8,17.9,18.1,78.4,260,254,0,0.4,141,1.3,1.3,18.1,15.5,13.8
2026-05-27T22:17:18Z,0,0,0,0,0,0,17.4,852,17.6,17.8,80.1,260,254,0,0,141,0,0,17.7,15.4,13.5
2026-05-27T22:32:25Z,0,0,0,0,0,0,17.2,851.8,17.3,17.5,81.3,260,253,0,0,41,0,0,17.5,15.3,13.2
2026-05-27T22:47:32Z,0,0,0,0,0,0,16.9,851.6,17.1,17.3,82.6,262,254,0,0,41,0.2,0.2,17.3,15.3,13.1
2026-05-27T23:02:39Z,0,0,0,0,0,0,16.7,851.5,16.8,17.1,83.5,261,252,0,0,41,0,0,17.1,15.2,12.9
2026-05-27T23:17:47Z,0,0,0,0,0,0,16.5,851.7,16.7,17,85,259,253,0,0,41,0,0,16.9,15.2,12.7
2026-05-27T23:32:53Z,0,0,0,0,0,0,16.5,851.7,16.6,16.9,86.1,259,253,0,0,40,0.4,0.4,16.9,15.3,12.7
2026-05-27T23:48:00Z,0,0,0,0,0,0,16.4,851.6,16.6,16.9,87,261,253,0,0.3,41,0.9,0.9,16.9,15.3,12.6
2026-05-28T00:00:06Z,0,0,0,0,0,0,16.3,851.6,16.6,16.7,87.6,259,253,0,0.2,40,0.7,0.7,16.7,15.3,12.5
2026-05-28T00:15:28Z,0,0,0,0,0,0,16.2,851.5,16.3,16.6,88.2,260,255,0,0.1,41,0.4,0.4,16.6,15.2,12.4
2026-05-28T00:30:35Z,0,0,0,0,0,0,16.2,851.5,16.4,16.6,88.6,260,253,0,0.2,43,0.7,0.7,16.6,15.3,12.4
2026-05-28T00:45:43Z,0,0,0,0,0,0,16.2,851.5,16.4,16.6,88.4,260,253,0,0,43,0,0,16.6,15.3,12.4
2026-05-28T01:00:50Z,0,0,0,0,0,0,16.1,851.5,16.2,16.5,88.4,260,254,0,0,43,0.2,0.2,16.6,15.2,12.3
2026-05-28T01:15:58Z,0,0,0,0,0,0,16.1,851.6,16.2,16.5,88.5,260,254,0,0.3,43,0.7,0.7,16.5,15.2,12.3
2026-05-28T01:31:25Z,0,0,0,0,0,0,16.1,851.7,16.2,16.5,88.6,260,254,0,0,43,0,0,16.5,15.1,12.3
2026-05-28T01:46:32Z,0,0,0,0,0,0,16.1,851.7,16.2,16.5,88.7,260,253,0,0,43,0,0,16.5,15.2,12.3
2026-05-28T02:01:40Z,0,0,0,0,0,0,16.1,852,16.2,16.5,89.2,261,252,0,0,43,0,0,16.5,15.2,12.3
2026-05-28T02:16:47Z,0,0,0,0,0,0,16.1,852.1,16.2,16.5,89.3,260,253,0,0,43,0.4,0.4,16.5,15.2,12.3
2026-05-28T02:31:54Z,0,0,0,0,0,0,16,852.3,16.2,16.4,89.6,260,253,0,0,43,0,0,16.4,15.2,12.2
2026-05-28T02:47:01Z,0,0,0,0,0,0,15.9,852.4,16.2,16.3,89.9,259,253,0,0,43,0,0,16.3,15.1,12.1
2026-05-28T03:02:27Z,0,0,0,0,0,0,15.9,852.5,16.2,16.2,90.4,260,253,0,0,43,0,0,16.2,15.1,12
2026-05-28T03:17:34Z,0,0,0,0,0,0,15.6,852.5,15.9,16,90.7,261,261,0,0,43,0,0,16,14.9,11.8
2026-05-28T03:32:41Z,0,0,0,0,0,0,15.6,852.6,16,16,91.7,262,284,0,0,43,0,0,16,15,11.8
2026-05-28T03:47:48Z,0,0,0,0.1,0,0,15.8,852.9,16.1,16.2,92.3,269,340,0,0,43,0,0,16.2,15.3,12
2026-05-28T04:02:56Z,0,0,0,0.1,0,0,16,853,16.3,16.4,91.6,278,418,0,0,43,0,0,16.5,15.4,12.3
2026-05-28T04:18:03Z,0,0,0,0.2,0,0,16.3,853.1,16.4,16.7,90.4,285,498,0,0,43,0,0,16.7,15.5,12.5
2026-05-28T04:33:39Z,0,0,0,0.2,0,0,16.6,853.3,16.7,17,89.1,301,687,0,0,43,0,0,17,15.7,12.8
2026-05-28T04:48:46Z,0,0,0,0.2,0,0,16.8,853.5,16.9,17.2,87.8,290,562,0,0,43,0,0,17.2,15.7,13
2026-05-28T05:03:53Z,0,0,0,0.2,0,0,17,853.7,17.2,17.4,87.6,287,560,0,0.1,43,0.2,0.2,17.5,15.9,13.2
2026-05-28T05:19:00Z,0,0,0,0.5,0,0,17.1,853.9,17.3,17.5,87.4,353,1251,0,0,43,0.2,0.2,17.6,16,13.3
2026-05-28T05:34:07Z,0,0,0,0.8,0,0,17.7,854.1,18.1,18,85.8,398,1749,0,0,43,0,0,18.1,16.3,13.8
2026-05-28T05:49:14Z,0,0,0,0.8,0,0,18.4,854.1,18.6,18.9,83.6,412,1931,0,0.1,43,0.4,0.4,18.9,16.9,14.6
2026-05-28T06:04:35Z,0,0,0,0.4,0,0,18.7,854.3,18.9,19.2,81.6,341,1147,0,0,43,0,0,19.3,17,14.9
2026-05-28T06:20:12Z,0,0,0,0.7,0,0,18.5,854.3,18.8,19,81,382,1601,0,0,43,0.2,0.2,19,16.7,14.7
2026-05-28T06:35:35Z,0,0,0,1.3,0,0,19.1,854.3,19.4,19.2,79.2,494,2701,0,0.6,42,0.9,0.9,19.2,16.6,14.8
2026-05-28T06:50:43Z,0,0,0,1,0,0,19.6,854.4,19.6,19.7,78.2,450,2329,0,0,43,0,0,19.8,17.1,15.4
2026-05-28T07:05:53Z,0,0,0,1.1,0,0,19.5,854.3,19.9,19.5,77.9,463,2445,0,0.6,42,1,1,19.6,16.8,15.2
2026-05-28T07:21:45Z,0,0,0,3.5,0,0,21.3,854.3,22,21.5,74.4,911,7506,0,0,43,0.2,0.2,21.5,18.2,16.9
2026-05-28T07:36:52Z,0,0,0,1,0,0,21.3,854.2,22.1,21.5,69,436,2017,0,0.2,47,0.9,0.9,21.5,17.5,16.9
2026-05-28T07:51:59Z,0,0,0,1.5,0,0,22.3,854.1,22.6,22.1,67.7,529,3084,0,0.1,46,0.4,0.4,22.2,18,17.4
2026-05-28T08:07:06Z,0,0,0,1.2,0,0,21.7,854.1,22.3,22.1,65.8,476,2642,0,0,47,0.2,0.2,22.1,17.7,17.4
2026-05-28T08:22:43Z,0,0,0,1.9,0,0,21.4,854.1,22.2,21.8,66.5,611,3959,0,0.6,48,1.1,1.1,21.8,17.5,17.1
2026-05-28T08:37:49Z,0,0,0,3.9,0,0,23.5,853.7,24.4,23.7,57.2,990,8129,0,0.7,48,1.5,1.5,23.7,18,18.7
2026-05-28T08:53:46Z,0,0,0,1.9,0,0,23.5,853.5,24.2,23.3,61.6,605,3921,0,0.3,115,1.1,1.1,23.3,18.2,18.4
2026-05-28T09:08:53Z,0,0,0,1.6,0,0,22.4,853.3,22.8,22.3,66.8,556,3263,0,0,115,0,0,22.3,18,17.6
2026-05-28T09:24:00Z,0,0,0,1,0,0,24.5,853.1,25.1,24.6,59.8,445,2212,0,0,115,0.4,0.4,24.6,19.1,19.5
2026-05-28T09:39:07Z,0,0,0,0.9,0,0,22.9,852.9,23.1,22.7,61.6,431,2039,0,0,115,0,0,22.7,17.7,17.9
2026-05-28T09:54:14Z,0,0,0,3.9,0,0,23.4,852.8,24,24,55.7,980,8018,0,0,115,0.2,0.2,23.9,17.9,18.9
2026-05-28T10:09:21Z,0,0,0,3.9,0,0,25.2,852.4,25.3,25.5,52.8,987,8057,0,0.8,114,1.7,1.7,25.5,18.9,20.2
2026-05-28T10:24:44Z,0,0,0,4,0,0,26.7,852.2,26.9,27.2,47.3,1010,8445,0,0,115,0.2,0.2,27.4,19.4,21.6
2026-05-28T10:39:51Z,0,0,0,3.9,0,0,27.1,852,27.5,27.5,47.3,990,8222,0,0.1,115,0.7,0.7,27.8,19.7,21.8
2026-05-28T10:54:57Z,0,0,0,0.8,0,0,25.3,851.7,26.2,26,50.2,412,1775,0,0.2,115,1.1,1.1,26,18.9,20.5
2026-05-28T11:10:03Z,0,0,0,0.9,0,0,24,851.5,24.4,24.2,55,429,1966,0,0.1,115,0.4,0.4,24.1,18,19.1
2026-05-28T11:25:10Z,0,0,0,3.2,0,0,24.1,851.3,24.6,24.5,54.9,853,6671,0,0.6,115,1.1,1.1,24.5,18.3,19.3
2026-05-28T11:40:23Z,0,0,0,3.3,0,0,26.6,851.1,27,26.9,49.3,876,7027,0,0.1,115,0.4,0.4,27.3,19.5,21.5
2026-05-28T11:55:49Z,0,0,0,0.7,0,0,24.7,850.9,25.4,25.4,51.8,388,1588,0,0.6,120,1.7,1.7,25.4,18.7,20.1
2026-05-28T12:10:55Z,0,0,0,0.7,0,0,23.9,850.9,24.4,24.5,52.8,382,1416,0,0.2,120,1.5,1.5,24.4,18,19.3
2026-05-28T12:26:02Z,0,0,0,2.4,0,0,25.6,850.6,25.8,26.5,50.5,699,5016,0,0.1,120,0.7,0.7,26.5,19.4,20.9
2026-05-28T12:41:09Z,0,0,0,2.1,0,0,26.2,850.4,26.7,27.4,47,650,4453,0,0.6,145,2.8,2.8,27.6,19.5,21.7
2026-05-28T12:56:16Z,0,0,0,1.2,0,0,26.4,850.3,27,27.9,45.4,483,2528,0,0.1,87,0.4,0.4,27.9,19.7,22
2026-05-28T13:11:22Z,0,0,0,0.6,0,0,25,850.4,25.7,25.8,48.8,364,1323,0,1.5,144,2.6,2.6,25.8,18.5,20.4
2026-05-28T13:26:48Z,0,0,0,0.4,0,0,24,850.4,24.4,24.6,54,324,820,0,0.4,52,1.3,1.3,24.6,18.3,19.4
2026-05-28T13:42:13Z,0,0,0,1.1,0,0,24.9,850.4,25.6,25.9,50.3,462,2467,0,0.1,124,0.7,0.7,25.9,18.8,20.4
2026-05-28T13:57:20Z,0,0,0,0.9,0,0,25,850.4,25.6,26,50.4,435,2183,0,0.4,50,1.1,1.1,26,19,20.6
2026-05-28T14:12:27Z,0,0,0,0.3,0,0,24.1,850.4,24.6,25.1,52,307,646,0,0.6,109,2.6,2.6,25,18.4,19.8
2026-05-28T14:27:34Z,0,0,0,0.3,0,0,23.4,850.6,23.6,23.9,55.4,312,763,0,0.4,124,1.3,1.3,23.8,17.8,18.8
2026-05-28T14:42:41Z,0,0,0,0.2,0,0,22.8,850.8,23.1,23.3,57.5,284,434,0,0.2,145,0.9,0.9,23.2,17.6,18.3
2026-05-28T14:57:49Z,0,0,0,0.1,0,0,22.4,850.9,22.6,22.8,59.1,282,445,0,0.5,144,2.2,2.2,22.7,17.4,17.9
2026-05-28T15:13:15Z,0,0,0,0.1,0,0,22.2,851.1,22.4,22.6,60,271,348,0,0.1,144,0.4,0.4,22.5,17.3,17.7
2026-05-28T15:28:22Z,0,0,0,0,0,0,21.8,851.1,22,22.2,60.9,262,272,0,0.2,144,1.1,1.1,22.1,17.1,17.4
2026-05-28T15:43:30Z,0,0,0,0,0,0,21.5,851.2,21.7,21.9,62.1,260,255,0,0.2,144,0.9,0.9,21.8,17,17.1
2026-05-28T15:58:37Z,0,0,0,0,0,0,21.2,851.3,21.3,21.5,63.1,261,253,0,0.2,144,0.7,0.7,21.5,16.8,16.9
2026-05-28T16:13:43Z,0,0,0,0,0,0,20.8,851.4,21,21.2,65.1,261,253,0,0,144,0,0,21.2,16.8,16.6
2026-05-28T16:28:51Z,0,0,0,0,0,0,20.6,851.5,20.7,20.9,65.8,260,253,0,0.1,144,0.4,0.4,20.8,16.6,16.3
2026-05-28T16:44:13Z,0,0,0,0,0,0,20.5,851.6,20.6,20.8,67.2,261,254,0,0,144,0,0,20.7,16.7,16.2
2026-05-28T16:59:20Z,0,0,0,0,0,0,20.1,851.8,20.2,20.4,67.7,260,253,0,0,144,0.2,0.2,20.4,16.4,15.9
2026-05-28T17:14:27Z,0,0,0,0,0,0,19.6,851.9,19.8,20,69.1,261,253,0,0,144,0,0,19.9,16.2,15.5
2026-05-28T17:29:33Z,0,0,0,0,0,0,19.4,852.2,19.6,19.7,70.3,261,253,0,0,144,0,0,19.6,16,15.2
2026-05-28T17:44:40Z,0,0,0,0,0,0,19.3,852.2,19.5,19.6,71.1,261,254,0,0,144,0,0,19.6,16.1,15.2
2026-05-28T17:59:47Z,0,0,0,0,0,0,19.5,852.4,19.7,19.8,70.6,259,253,0,0,144,0,0,19.7,16.1,15.3
2026-05-28T18:14:53Z,0,0,0,0,0,0,19.1,852.4,19.2,19.4,71.8,260,253,0,0,144,0,0,19.4,16,15
2026-05-28T18:30:18Z,0,0,0,0,0,0,18.7,852.5,18.8,19,73.5,261,253,0,0,145,0,0,18.9,15.7,14.6
2026-05-28T18:45:25Z,0,0,0,0,0,0,18.3,852.8,18.5,18.7,74.7,262,253,0,0,145,0,0,18.6,15.6,14.3
2026-05-28T19:00:31Z,0,0,0,0,0,0,18,852.9,18.2,18.5,74.8,261,254,0,0,145,0,0,18.4,15.4,14.1
2026-05-28T19:15:38Z,0,0,0,0,0,0,17.9,853,18.1,18.3,75.3,260,253,0,0,145,0,0,18.2,15.3,13.9
2026-05-28T19:30:44Z,0,0,0,0,0,0,17.6,852.9,17.8,18,76.2,259,254,0,0,145,0.2,0.2,17.9,15.1,13.6
2026-05-28T19:45:51Z,0,0,0,0,0,0,17.6,852.8,17.8,17.9,76.8,259,253,0,0.2,144,0.7,0.7,17.8,15.2,13.6
2026-05-28T20:00:57Z,0,0,0,0,0,0,17.5,853,17.8,17.9,77.3,261,253,0,0,144,0,0,17.8,15.2,13.5
2026-05-28T20:16:22Z,0,0,0,0,0,0,17.3,852.9,17.4,17.6,77.8,261,254,0,0,145,0,0,17.5,15,13.3
2026-05-28T20:31:29Z,0,0,0,0,0,0,17,853.1,17.1,17.3,79.9,259,253,0,0,145,0,0,17.2,14.9,13
2026-05-28T20:46:36Z,0,0,0,0,0,0,16.7,853.2,16.8,17,81.6,260,254,0,0,145,0,0,16.9,14.8,12.7
2026-05-28T21:01:43Z,0,0,0,0,0,0,16.5,853.2,16.7,16.9,82.3,259,254,0,0,145,0,0,16.9,14.8,12.6
2026-05-28T21:16:50Z,0,0,0,0,0,0,17.5,853,17.6,17.7,78.8,261,252,0,0.4,144,1.7,1.7,17.7,15.2,13.4
2026-05-28T21:31:57Z,0,0,0,0,0,0,17.2,853,17.3,17.5,79.8,260,254,0,0.1,144,0.7,0.7,17.5,15.1,13.2
2026-05-28T21:47:05Z,0,0,0,0,0,0,16.9,852.9,17,17.2,81,261,253,0,0,145,0.2,0.2,17.2,15,13
2026-05-28T22:02:26Z,0,0,0,0,0,0,16.6,852.9,16.8,17,81.8,260,253,0,0,145,0,0,17,14.9,12.7
2026-05-28T22:17:34Z,0,0,0,0,0,0,16.7,852.7,16.8,17.1,81.8,261,254,0,0,144,0,0,17,14.9,12.8
2026-05-28T22:32:41Z,0,0,0,0,0,0,16.6,852.8,16.8,17,82.6,259,252,0,0,144,0,0,16.9,14.9,12.7
2026-05-28T22:47:48Z,0,0,0,0,0,0,16.2,852.7,16.3,16.6,84.2,260,252,0,0,145,0,0,16.6,14.8,12.4
2026-05-28T23:02:55Z,0,0,0,0,0,0,16,852.6,16.3,16.4,87.1,260,254,0,0,145,0,0,16.4,14.9,12.2
2026-05-28T23:18:03Z,0,0,0,0,0,0,15.8,852.5,16.1,16.2,88.4,260,253,0,0,145,0,0,16.2,14.8,12
2026-05-28T23:33:30Z,0,0,0,0,0,0,15.7,852.4,16,16,89.6,259,254,0,0,145,0.2,0.2,16,14.8,11.8
2026-05-28T23:48:37Z,0,0,0,0,0,0,15.4,852.3,15.6,15.7,90.8,259,254,0,0,145,0,0,15.7,14.6,11.5
2026-05-29T00:00:43Z,0,0,0,0,0,0,15.2,852.3,15.5,15.6,91.5,260,253,0,0,145,0,0,15.6,14.6,11.4
2026-05-29T00:15:51Z,0,0,0,0,0,0,15,852.3,15.3,15.3,92.1,261,255,0,0,145,0,0,15.3,14.4,11.1
2026-05-29T00:30:58Z,0,0,0,0,0,0,15.1,852.4,15.4,15.5,92.4,261,254,0,0,145,0,0,15.5,14.6,11.3
2026-05-29T00:46:06Z,0,0,0,0,0,0,15.4,852.5,15.9,15.9,91.5,261,253,0,0,145,0,0,15.9,14.9,11.7
2026-05-29T01:01:32Z,0,0,0,0,0,0,15.7,852.4,16.1,16.1,91,261,254,0,0,144,0,0,16.1,15,11.9
2026-05-29T01:16:39Z,0,0,0,0,0,0,15.8,852.5,16.1,16.1,90.8,260,253,0,0,144,0,0,16.2,15.1,12
2026-05-29T01:31:46Z,0,0,0,0,0,0,15.8,852.5,16.1,16.2,91,260,254,0,0,144,0.2,0.2,16.2,15.2,12
2026-05-29T01:46:53Z,0,0,0,0,0,0,15.9,852.5,16.1,16.3,91.1,261,253,0,0.1,144,0.4,0.4,16.3,15.2,12.1
2026-05-29T02:02:01Z,0,0,0,0,0,0,15.8,852.7,16.2,16.2,91.3,260,255,0,0,144,0,0,16.3,15.2,12
2026-05-29T02:17:08Z,0,0,0,0,0,0,15.8,852.8,16.2,16.2,91.4,261,253,0,0,145,0,0,16.3,15.2,12.1
2026-05-29T02:32:34Z,0,0,0,0,0,0,15.9,852.9,16.2,16.3,91.6,260,253,0,0,144,0,0,16.3,15.3,12.1
2026-05-29T02:47:41Z,0,0,0,0,0,0,15.9,853.1,16.2,16.3,91.7,260,254,0,0.3,144,0.7,0.7,16.3,15.3,12.1
2026-05-29T03:02:42Z,0,0,0,0,0,0,16,853.1,16.2,16.3,91.9,260,253,0,0,144,0,0,16.3,15.3,12.1
2026-05-29T03:17:50Z,0,0,0,0,0,0,16,853.3,16.2,16.3,91.9,260,259,0,0,145,0,0,16.4,15.4,12.2
2026-05-29T03:32:58Z,0,0,0,0,0,0,16,853.2,16.3,16.3,91.9,263,284,0,0,144,0,0,16.4,15.4,12.2
2026-05-29T03:48:05Z,0,0,0,0.1,0,0,16,853.4,16.2,16.4,91.9,268,328,0,0,144,0,0,16.5,15.5,12.2
2026-05-29T04:03:12Z,0,0,0,0.1,0,0,16.1,853.5,16.2,16.5,91.8,274,405,0,0,144,0,0,16.5,15.5,12.3
2026-05-29T04:18:39Z,0,0,0,0.2,0,0,16.2,853.7,16.4,16.5,91.3,286,526,0,0,144,0,0,16.6,15.5,12.4
2026-05-29T04:33:46Z,0,0,0,0.3,0,0,16.5,853.8,16.6,16.8,90.9,310,796,0,0.3,143,0.7,0.7,16.9,15.8,12.7
2026-05-29T04:48:53Z,0,0,0,0.6,0,0,16.9,853.9,17,17.1,89.2,360,1334,0,0,144,0,0,17.2,15.8,12.9
2026-05-29T05:04:01Z,0,0,0,0.5,0,0,18.2,854,18.6,18,87.1,347,1068,0,0.5,144,1.3,1.3,18,16.4,13.7
2026-05-29T05:19:07Z,0,0,0,1.2,0,0,19.1,854.1,20.1,18.5,84.5,480,2664,0,0,144,0,0,18.6,16.7,14.3
2026-05-29T05:34:15Z,0,0,0,1.7,0,0,20.2,854.1,20.9,19.6,79,566,3699,0,0.1,144,0.2,0.2,19.7,17.1,15.3
2026-05-29T05:49:48Z,0,0,0,0.5,0,0,18.7,854.2,19.2,18.7,80,348,1079,0,0.5,144,1.3,1.3,18.7,16.3,14.4
2026-05-29T06:04:55Z,0,0,0,1.3,0,0,19.1,854.3,19.6,19.2,79.3,504,2847,0,0,144,0,0,19.2,16.7,14.9
2026-05-29T06:20:03Z,0,0,0,2.7,0,0,22.8,854.3,22.6,22.4,66.5,763,5928,0,0.8,144,1.3,1.3,22.4,18,17.6
2026-05-29T06:35:10Z,0,0,0,1.4,0,0,21.2,854.3,21.4,20.9,73,512,2968,0,0.2,263,0.7,0.7,20.9,17.5,16.3
2026-05-29T06:50:17Z,0,0,0,0.9,0,0,20.3,854.4,20.4,20.2,70.1,416,1808,0,1,254,1.7,1.7,20.1,16.5,15.7
2026-05-29T07:05:49Z,0,0,0,1.4,0,0,20.5,854.4,20.9,20.6,70.3,508,2904,0,0.3,198,1.1,1.1,20.6,16.9,16.1
2026-05-29T07:20:56Z,0,0,0,3.4,0,0,21.3,854.4,21.6,21.4,67.8,886,7235,0,0,173,0.2,0.2,21.3,17.3,16.7
2026-05-29T07:36:03Z,0,0,0,3.7,0,0,22,854.3,23,22.4,64.2,945,7748,0,0.4,168,0.9,0.9,22.4,17.8,17.7
2026-05-29T07:51:10Z,0,0,0,1.3,0,0,22.7,854.3,23.3,22.5,63.4,493,2723,0,1.3,244,2.2,2.2,22.4,17.7,17.7
2026-05-29T08:06:17Z,0,0,0,1.3,0,0,22.2,854,22.6,22.1,64.9,496,2790,0,0.2,248,0.7,0.7,22.1,17.6,17.4
2026-05-29T08:21:24Z,0,0,0,1.3,0,0,21.6,854,21.7,21.6,66.9,500,2658,0,0,317,0,0,21.6,17.4,17
2026-05-29T08:36:50Z,0,0,0,1.2,0,0,22.1,853.9,22.4,22,64.9,484,2694,0,0.3,244,1.4,1.4,22,17.5,17.3
2026-05-29T08:51:57Z,0,0,0,0.9,0,0,21.8,853.7,22.1,21.8,63.5,424,2043,0,0.7,244,1.5,1.5,21.7,17,17
2026-05-29T09:07:04Z,0,0,0,1.8,0,0,22.9,853.5,22.9,22.9,60.3,596,3710,0,0.4,335,1.1,1.1,22.8,17.6,18
2026-05-29T09:22:11Z,0,0,0,1.4,0,0,23.2,853.3,23.7,23.3,60.2,510,2915,0,0.2,172,0.7,0.7,23.2,18,18.4
2026-05-29T09:37:18Z,0,0,0,1.2,0,0,22.9,853.2,23.4,23.3,58.8,479,2572,0,0.2,167,0.4,0.4,23.3,17.8,18.4
2026-05-29T09:52:25Z,0,0,0,1.1,0,0,24.6,852.9,25.2,24.9,55.8,466,2451,0,0,167,0.2,0.2,24.9,18.8,19.7
2026-05-29T10:07:32Z,0,0,0,1.1,0,0,24,852.7,24.6,24.4,56.8,472,2527,0,0,167,0.2,0.2,24.4,18.5,19.3
2026-05-29T10:23:14Z,0,0,0,1.1,0,0,23.5,852.6,23.9,24,54.9,455,2379,0,0,167,0,0,23.9,17.8,18.9
2026-05-29T10:38:21Z,0,0,0,1.2,0,0,23.9,852.3,24.4,24.5,54.5,480,2614,0,0.6,167,1.6,1.6,24.5,18.3,19.4
2026-05-29T10:53:45Z,0,0,0,0.9,0,0,23.1,852.1,23.8,23.3,58.3,426,2064,0,0,167,0,0,23.3,17.8,18.4
2026-05-29T11:08:55Z,0,0,0,0.9,0,0,23,851.9,23.4,23.4,57.5,423,2036,0,0.4,163,1.1,1.1,23.4,17.7,18.5
2026-05-29T11:24:01Z,0,0,0,1.5,0,0,23.3,851.7,23.8,23.7,58,543,3320,0,0.3,138,1.1,1.1,23.7,18.1,18.7
2026-05-29T11:39:09Z,0,0,0,1,0,0,23.8,851.5,24.2,24.2,54.5,442,2250,0,0.7,142,2.1,2.1,24.2,18,19.1
2026-05-29T11:54:16Z,0,0,0,0.9,0,0,23.3,851.5,23.8,23.6,57.4,428,2101,0,0,142,0,0,23.6,17.9,18.6
2026-05-29T12:09:35Z,0,0,0,1,0,0,23.6,851.3,24,24.1,56.7,442,2218,0,0,142,0,0,24.1,18.3,19.1
2026-05-29T12:25:01Z,0,0,0,2.1,0,0,23.3,851.2,23.8,23.8,57.4,644,4444,0,0.4,142,2,2,23.8,18.1,18.8
2026-05-29T12:40:06Z,0,0,0,0.9,0,0,23.3,851.1,23.9,23.9,56,423,1975,0,0.5,142,2,2,23.8,17.9,18.8
2026-05-29T12:55:19Z,0,0,0,1.7,0,0,23.4,850.9,23.9,23.8,56.5,575,3691,0,1.1,145,2.8,2.8,23.8,17.9,18.8
2026-05-29T13:11:09Z,0,0,0,1.3,0,0,23.6,850.8,24.1,24.3,56.4,499,2878,0,0,151,0,0,24.3,18.3,19.2
2026-05-29T13:26:16Z,0,0,0,0.8,0,0,24.3,850.7,24.9,25.4,53,399,1694,0,0.2,151,0.9,0.9,25.4,18.8,20.1
2026-05-29T13:41:23Z,0,0,0,1.1,0,0,24,850.7,24.7,25.2,53.7,468,2531,0,0.3,142,1.3,1.3,25.2,18.7,19.9
2026-05-29T13:56:30Z,0,0,0,0.4,0,0,23.1,850.6,23.8,23.8,57.5,332,977,0,0,142,0,0,23.8,18.1,18.8
2026-05-29T14:12:22Z,0,0,0,0.4,0,0,22.6,850.7,23.1,23.2,58.1,328,970,0,0.3,142,1.1,1.1,23.2,17.6,18.3
2026-05-29T14:27:29Z,0,0,0,0.4,0,0,22.4,850.6,22.7,22.9,59.2,339,1109,0,0.3,160,0.7,0.7,22.8,17.5,18
2026-05-29T14:42:36Z,0,0,0,0.3,0,0,22.2,850.6,22.4,22.5,60.8,308,753,0,0,165,0,0,22.5,17.4,17.7
2026-05-29T14:58:24Z,0,0,0,0.1,0,0,21.7,850.7,22,22.1,62.7,281,477,0,0,165,0,0,22,17.2,17.3
2026-05-29T15:13:32Z,0,0,0,0.1,0,0,21.3,850.8,21.5,21.6,64.1,275,412,0,0.2,170,1.1,1.1,21.6,17,16.9
2026-05-29T15:28:39Z,0,0,0,0,0,0,20.8,851,20.9,21.2,66.1,263,276,0,0,170,0.4,0.4,21.1,16.9,16.5
2026-05-29T15:43:46Z,0,0,0,0,0,0,20.3,851.2,20.5,20.7,69,260,255,0,0,170,0,0,20.7,16.8,16.2
2026-05-29T15:59:10Z,0,0,0,0,0,0,19.9,851.4,20.1,20.3,71.3,260,254,0,0.1,170,1.1,1.1,20.3,16.7,15.8
2026-05-29T16:14:18Z,0,0,0,0,0,0,19.6,851.8,19.8,20,72.2,260,253,0,0,170,0.2,0.2,19.9,16.5,15.5
2026-05-29T16:29:25Z,0,0,0,0,0,0,19.3,851.8,19.5,19.7,73.2,259,254,0,0,170,0,0,19.7,16.4,15.3
2026-05-29T16:44:33Z,0,0,0,0,0,0,19,852,19.2,19.4,75.2,260,254,0,0,170,0.4,0.4,19.4,16.4,15
2026-05-29T16:59:41Z,0,0,0,0,0,0,19,852.2,19.1,19.4,76.3,260,254,0,0.1,170,0.7,0.7,19.3,16.5,15
2026-05-29T17:14:48Z,0,0,0,0,0,0,19.2,852.4,19.4,19.5,76.4,262,254,0,0,170,0.4,0.4,19.5,16.6,15.1
2026-05-29T17:30:14Z,0,0,0,0,0,0,19.1,852.5,19.2,19.5,77.1,259,253,0,0.3,164,1.1,1.1,19.5,16.7,15.1
2026-05-29T17:45:21Z,0,0,0,0,0,0,19.1,852.7,19.2,19.4,77.8,262,253,0,0.3,154,1.1,1.1,19.4,16.7,15
2026-05-29T18:00:28Z,0,0,0,0,0,0,19,852.8,19.1,19.3,78.5,260,253,0,0,154,0,0,19.4,16.7,15
2026-05-29T18:15:35Z,0,0,0,0,0,0,18.9,853,19.1,19.3,79.3,261,254,0,0,154,0.2,0.2,19.3,16.7,14.9
2026-05-29T18:30:43Z,0,0,0,0,0,0,18.8,853.1,19,19.2,79.7,260,254,0,0,154,0,0,19.2,16.7,14.9
2026-05-29T18:45:51Z,0,0,0,0,0,0,18.8,853.3,19,19.2,79.9,262,254,0,0,154,0,0,19.2,16.7,14.8
2026-05-29T19:01:15Z,0,0,0,0,0,0,18.9,853.3,19.1,19.2,79.6,259,254,0,0,154,0.2,0.2,19.3,16.7,14.9
2026-05-29T19:16:22Z,0,0,0,0,0,0,19.1,853.2,19.2,19.4,78.8,260,254,0,0,154,0,0,19.4,16.8,15
2026-05-29T19:31:30Z,0,0,0,0,0,0,19.2,853.3,19.4,19.5,77.4,260,254,0,0.3,153,0.9,0.9,19.5,16.8,15.1
2026-05-29T19:46:37Z,0,0,0,0,0,0,19.2,853.3,19.4,19.5,77.6,260,253,0,0,154,0,0,19.6,16.8,15.2
2026-05-29T20:01:44Z,0,0,0,0,0,0,19.2,853.4,19.3,19.5,77.1,261,254,0,0.7,154,1.5,1.5,19.5,16.7,15.1
2026-05-29T20:16:51Z,0,0,0,0,0,0,19,853.4,19.2,19.4,77.7,260,254,0,0,154,0.2,0.2,19.4,16.6,15
2026-05-29T20:32:18Z,0,0,0,0,0,0,18.8,853.4,19,19.2,78.3,261,252,0,0,154,0.2,0.2,19.2,16.6,14.9
2026-05-29T20:47:26Z,0,0,0,0,0,0,18.7,853.2,18.9,19.1,78.8,260,254,0,0.2,154,1.1,1.1,19.1,16.5,14.7
2026-05-29T21:02:33Z,0,0,0,0,0,0,18.6,853.1,18.7,19,79,261,254,0,0,150,0,0,19,16.4,14.7
2026-05-29T21:17:40Z,0,0,0,0,0,0,18.5,853.1,18.6,18.8,79.7,261,253,0,0.1,150,0.7,0.7,18.8,16.4,14.5
2026-05-29T21:32:48Z,0,0,0,0,0,0,18.3,853,18.4,18.7,79.6,260,252,0,0,150,0.4,0.4,18.7,16.2,14.4
2026-05-29T21:48:28Z,0,0,0,0,0,0,18.2,852.8,18.4,18.6,80.5,259,254,0,0,150,0,0,18.6,16.2,14.3
2026-05-29T22:03:35Z,0,0,0,0,0,0,18,852.8,18.2,18.4,80.8,260,254,0,0,150,0.2,0.2,18.4,16.1,14.1
2026-05-29T22:18:42Z,0,0,0,0,0,0,17.8,852.8,18,18.2,81.5,260,253,0,0,150,0.2,0.2,18.2,16,14
2026-05-29T22:33:49Z,0,0,0,0,0,0,17.8,852.6,17.9,18.1,81.9,261,254,0,0.3,150,1.1,1.1,18.1,15.9,13.8
2026-05-29T22:48:57Z,0,0,0,0,0,0,17.7,852.5,17.9,18.1,82.5,260,253,0,0,150,0,0,18.1,16,13.8
2026-05-29T23:04:04Z,0,0,0,0,0,0,17.6,852.4,17.8,18,82.8,261,253,0,0,150,0.2,0.2,18,15.9,13.7
2026-05-29T23:19:25Z,0,0,0,0,0,0,17.5,852.3,17.6,17.9,83.2,260,254,0,0,150,0,0,17.9,15.9,13.6
2026-05-29T23:34:32Z,0,0,0,0,0,0,17.3,852.1,17.4,17.7,83.8,260,253,0,0,150,0,0,17.7,15.8,13.5
2026-05-29T23:49:40Z,0,0,0,0,0,0,17.1,852,17.2,17.5,85,261,254,0,0,150,0,0,17.5,15.7,13.3
2026-05-30T00:00:45Z,0,0,0,0,0,0,17,852,17.2,17.4,85.5,259,254,0,0,150,0,0,17.4,15.7,13.2
2026-05-30T00:15:52Z,0,0,0,0,0,0,16.9,852,17.1,17.3,85.9,259,253,0,0.3,150,1.3,1.3,17.3,15.6,13.1
2026-05-30T00:30:59Z,0,0,0,0,0,0,17,852,17.1,17.3,86.1,261,251,0,0.3,150,1.1,1.1,17.3,15.7,13.1
2026-05-30T00:46:07Z,0,0,0,0,0,0,16.8,852,17,17.2,86.8,259,252,0,0,150,0.2,0.2,17.2,15.6,13
2026-05-30T01:01:28Z,0,0,0,0,0,0,16.8,852,16.9,17.1,87.2,261,254,0,0,150,0,0,17.2,15.6,12.9
2026-05-30T01:16:36Z,0,0,0,0,0,0,16.7,851.9,16.8,17,87.6,261,254,0,0,150,0,0,17,15.6,12.8
2026-05-30T01:31:43Z,0,0,0,0,0,0,16.7,852.1,16.8,17,88.1,260,253,0,0,150,0.4,0.4,17,15.6,12.8
2026-05-30T01:46:51Z,0,0,0,0,0,0,16.7,852.2,16.8,17,88.6,261,254,0,0,150,0,0,17.1,15.7,12.8
2026-05-30T02:01:59Z,0,0,0,0,0,0,16.7,852.3,16.8,17.1,89,260,253,0,0,150,0.2,0.2,17.1,15.8,12.9
2026-05-30T02:17:06Z,0,0,0,0,0,0,16.7,852.4,16.8,17,89.4,261,254,0,0,150,0,0,17.1,15.8,12.9
2026-05-30T02:32:32Z,0,0,0,0,0,0,16.7,852.6,16.8,17,89.5,261,252,0,0,150,0,0,17.1,15.8,12.8
2026-05-30T02:47:39Z,0,0,0,0,0,0,16.6,852.8,16.8,17,89.5,260,253,0,0,150,0,0,17.1,15.8,12.8
2026-05-30T03:02:47Z,0,0,0,0,0,0,16.6,852.8,16.8,17,89.5,261,254,0,0,150,0,0,17.1,15.8,12.8
2026-05-30T03:17:54Z,0,0,0,0,0,0,16.6,853,16.8,17,89.5,261,254,0,0,150,0.2,0.2,17,15.8,12.8
2026-05-30T03:33:40Z,0,0,0,0,0,0,16.7,853,16.8,17,90,260,269,0,0,150,0,0,17.1,15.8,12.8
2026-05-30T03:48:48Z,0,0,0,0.1,0,0,16.7,853.1,16.8,17,90.1,268,328,0,0.1,150,0.4,0.4,17.1,15.9,12.9
2026-05-30T04:03:55Z,0,0,0,0.1,0,0,16.7,853.2,16.8,17.1,90.3,279,452,0,0.2,150,0.4,0.4,17.2,16,12.9
2026-05-30T04:19:03Z,0,0,0,0.2,0,0,16.8,853.4,16.9,17.2,90.5,285,521,0,0,150,0,0,17.3,16.1,13
2026-05-30T04:34:11Z,0,0,0,0.2,0,0,17.1,853.5,17.2,17.5,90.7,295,620,0,0,150,0,0,17.6,16.4,13.3
2026-05-30T04:49:37Z,0,0,0,0.3,0,0,17.4,853.6,17.5,17.7,88.8,308,771,0,0,150,0,0,17.8,16.4,13.5
2026-05-30T05:04:45Z,0,0,0,0.3,0,0,17.7,853.7,17.9,18,87.5,317,833,0,0,150,0,0,18,16.5,13.7
2026-05-30T05:19:54Z,0,0,0,0.5,0,0,17.8,853.9,18,18.2,87,357,1294,0,0,150,0,0,18.3,16.7,14
2026-05-30T05:35:02Z,0,0,0,0.4,0,0,17.8,854,18.1,18.3,86.9,332,1005,0,0,150,0,0,18.4,16.8,14.1
2026-05-30T05:50:10Z,0,0,0,0.5,0,0,18,854.1,18.2,18.4,86.8,350,1208,0,0,150,0.2,0.2,18.5,16.8,14.2
2026-05-30T06:05:17Z,0,0,0,0.6,0,0,17.9,854.1,18.2,18.4,86.4,365,1372,0,0.1,150,0.7,0.7,18.5,16.8,14.2
2026-05-30T06:20:41Z,0,0,0,0.6,0,0,18.1,854.2,18.4,18.6,86.8,362,1329,0,0.1,150,0.9,0.9,18.6,17,14.3
2026-05-30T06:35:48Z,0,0,0,0.7,0,0,18.2,854.2,18.6,18.7,84.6,393,1670,0,0.4,150,1.1,1.1,18.8,16.9,14.5
2026-05-30T06:50:56Z,0,0,0,0.8,0,0,18.5,854.1,18.9,19,83.8,402,1770,0,0.1,150,0.4,0.4,19.1,17.1,14.7
2026-05-30T07:06:04Z,0,0,0,1,0,0,18.7,854.2,19.1,19.2,82.9,439,2144,0,0,150,0,0,19.2,17.1,14.9
2026-05-30T07:21:13Z,0,0,0,1.4,0,0,19.4,854.1,19.6,19.5,81,508,2881,0,0,150,0.2,0.2,19.5,17.1,15.1
2026-05-30T07:36:37Z,0,0,0,1.2,0,0,19.8,854,20.3,20.2,76,486,2617,0,0.3,150,0.9,0.9,20.3,17.2,15.8
2026-05-30T07:51:45Z,0,0,0,1.1,0,0,20,854,20.6,20.6,75.2,463,2398,0,0.5,150,1.1,1.1,20.7,17.5,16.2
2026-05-30T08:06:52Z,0,0,0,0.8,0,0,20.1,853.9,20.6,20.7,74.8,397,1694,0,0,150,0.4,0.4,20.8,17.6,16.2
2026-05-30T08:22:00Z,0,0,0,1.1,0,0,20.4,853.8,20.5,20.6,74.9,468,2464,0,0.1,150,0.2,0.2,20.6,17.4,16.1
2026-05-30T08:37:07Z,0,0,0,2.1,0,0,21.3,853.6,21.2,21.3,73.2,644,4325,0,0.4,150,1.1,1.1,21.3,17.9,16.7
2026-05-30T08:52:15Z,0,0,0,1.5,0,0,20.9,853.4,21.1,20.8,73.6,533,3177,0,0.5,262,0.8,0.8,20.9,17.5,16.3
2026-05-30T09:07:40Z,0,0,0,0.9,0,0,21.7,853.2,21.6,22,72.3,416,1928,0,0,69,0,0,22.1,18.4,17.3
2026-05-30T09:22:48Z,0,0,0,0.8,0,0,20.9,853.1,20.8,20.9,75,401,1755,0,0.2,338,0.4,0.4,21,17.8,16.4
2026-05-30T09:37:56Z,0,0,0,0.8,0,0,20.7,852.8,20.9,21,73.8,408,1818,0,0,182,0,0,21,17.7,16.5
2026-05-30T09:53:03Z,0,0,0,0.6,0,0,20.5,852.6,20.8,21,73.7,372,1449,0,0,182,0,0,21,17.7,16.5
2026-05-30T10:08:12Z,0,0,0,1.1,0,0,21.3,852.3,21.4,21.6,71.3,454,2298,0,0.1,183,0.9,0.9,21.6,17.9,17
2026-05-30T10:23:19Z,0,0,0,1.6,0,0,22.1,852.1,22.1,22.4,68.6,560,3387,0,0.6,183,1.5,1.5,22.5,18.3,17.7
2026-05-30T10:38:44Z,0,0,0,1.7,0,0,23.4,851.7,23.7,23.9,65.1,566,3480,0,0,176,0,0,24,19.2,19
2026-05-30T10:53:51Z,0,0,0,0.8,0,0,23.7,851.5,23.7,23.7,63.9,414,1911,0,0,176,0,0,23.7,18.9,18.7
2026-05-30T11:09:15Z,0,0,0,1.3,0,0,23.4,851.4,23.7,23.7,63,503,2829,0,0.3,176,0.9,0.9,23.8,18.8,18.8
2026-05-30T11:24:40Z,0,0,0,1.2,0,0,22.2,851.1,22.8,22.4,66.8,472,2460,0,0.6,176,1.3,1.3,22.5,18.1,17.7
2026-05-30T11:39:48Z,0,0,0,0.5,0,0,22.5,851,22.7,22.9,67.5,356,1265,0,0,176,0.4,0.4,23,18.7,18.1
2026-05-30T11:55:44Z,0,0,0,0.3,0,0,22,850.7,22.2,22.4,66.5,322,922,0,0,176,0,0,22.4,18.1,17.7
2026-05-30T12:10:52Z,0,0,0,0.2,0,0,20.9,850.6,21.4,21.3,71.6,303,713,0,0.1,176,0.4,0.4,21.4,17.7,16.8
2026-05-30T12:26:00Z,0,0,0,0.5,0,0,20.8,850.6,21.1,21.1,71.9,345,1146,0,0,176,0,0,21.1,17.6,16.6
2026-05-30T12:41:08Z,0,0,0,0.4,0,0,21,850.4,21.2,21.2,70.7,328,970,0,0,176,0,0,21.2,17.5,16.7
2026-05-30T12:56:15Z,0,0,0,0.6,0,0,21.4,850.4,21.5,21.6,71.5,377,1482,0,0,176,0,0,21.6,18,17
2026-05-30T13:11:23Z,0,0,0,0.5,0,0,21.8,850.4,21.9,22.3,69.8,356,1265,0,0.2,176,0.7,0.7,22.3,18.4,17.6
2026-05-30T13:26:45Z,0,0,0,0.2,0,0,21.7,850.2,21.9,22.3,70.6,303,707,0,0,176,0,0,22.3,18.5,17.6
2026-05-30T13:41:54Z,0,0,0,0.2,0,0,21.5,850.3,21.8,21.9,69.8,289,551,0,0,176,0,0,21.9,18,17.3
2026-05-30T13:57:01Z,0,0,0,0.1,0,0,20.5,850.4,20.7,21,75.6,276,426,0,0,176,0,0,21.1,18,16.5
2026-05-30T14:12:09Z,0,0,0,0.1,0,0,19.7,850.5,19.9,20.3,78.8,271,374,0,0,176,0,0,20.4,17.7,15.9
2026-05-30T14:27:17Z,0,0,0,0.1,0,0,19.2,850.6,19.1,19.5,83.1,276,418,0,0,176,0,0,19.6,17.4,15.2
2026-05-30T14:42:25Z,0,0,0,0.1,0,0,18.7,850.6,18.6,18.8,87.6,270,359,0,0,176,0,0,18.9,17.3,14.6
2026-05-30T14:57:49Z,0,0,0,0.1,0,0,18.4,850.7,18.4,18.7,87.4,270,340,0,0,176,0,0,18.8,17.2,14.5
2026-05-30T15:12:57Z,0,0,0,0,0,0,18.3,850.9,18.4,18.6,87.4,265,304,0,0,176,0,0,18.7,17.1,14.3
2026-05-30T15:28:05Z,0,0,0,0,0,0,18.2,851,18.4,18.5,88.2,262,261,0,0,176,0,0,18.7,17.1,14.3
2026-05-30T15:43:13Z,0,0,0,0,0,0,18.2,851.2,18.3,18.5,88.8,260,255,0,0,176,0,0,18.6,17.2,14.3
2026-05-30T15:58:21Z,0,0,0,0,0,0,18.3,851.3,18.4,18.7,89.5,261,253,0,0,176,0,0,18.8,17.4,14.5
2026-05-30T16:13:28Z,0,0,0,0,0,0,18.3,851.4,18.5,18.7,90,259,254,0,0,176,0,0,18.8,17.5,14.5
2026-05-30T16:28:53Z,0,0,0,0,0,0,18.3,851.5,18.5,18.8,89.1,261,253,0,0,176,0,0,18.9,17.4,14.6
2026-05-30T16:44:00Z,0,0,0,0,0,0,18.2,851.4,18.4,18.6,87.1,260,253,0,0,176,0,0,18.7,17,14.4
2026-05-30T16:59:08Z,0,0,0,0,0,0,18.1,851.4,18.3,18.5,86.4,260,254,0,0,176,0,0,18.6,16.9,14.3
2026-05-30T17:15:04Z,0,0,0,0,0,0,18,851.4,18.2,18.5,87,260,254,0,0,176,0,0,18.5,16.9,14.2
2026-05-30T17:30:11Z,0,0,0,0,0,0,17.8,851.5,18.1,18.3,87.1,260,253,0,0,176,0,0,18.3,16.7,14
2026-05-30T17:45:19Z,0,0,0,0,0,0,17.7,851.6,17.8,18,88,260,254,0,0,176,0,0,18.1,16.6,13.8
2026-05-30T18:00:27Z,0,0,0,0,0,0,17.5,851.7,17.6,17.8,88.3,260,252,0,0,176,0,0,17.8,16.4,13.6
2026-05-30T18:15:35Z,0,0,0,0,0,0,17.4,851.8,17.7,17.9,88.3,261,253,0,0,176,0,0,17.9,16.5,13.7
2026-05-30T18:30:58Z,0,0,0,0,0,0,17.4,851.9,17.7,17.9,87.4,258,253,0,0,176,0,0,18,16.4,13.7
2026-05-30T18:46:06Z,0,0,0,0,0,0,17.4,851.9,17.6,17.8,87,261,255,0,0,176,0,0,17.9,16.3,13.6
2026-05-30T19:01:13Z,0,0,0,0,0,0,17.5,852.2,17.6,17.9,85.8,261,254,0,0.2,176,1.1,1.1,17.9,16.2,13.6
2026-05-30T19:16:21Z,0,0,0,0,0,0,18.1,852.2,18.2,18.5,82.9,260,253,0,0.3,167,1.3,1.3,18.5,16.4,14.2
2026-05-30T19:31:29Z,0,0,0,0,0,0,17.9,852.3,18.1,18.2,85,260,254,0,0,167,0,0,18.3,16.4,14
2026-05-30T19:46:54Z,0,0,0,0,0,0,17.8,852.4,17.9,18.1,86.5,260,255,0,0.3,167,1.3,1.3,18.2,16.5,13.9
2026-05-30T20:02:02Z,0,0,0,0,0,0,17.8,852.4,17.9,18.1,87.6,260,253,0,0.7,167,2.4,2.4,18.1,16.6,13.8
2026-05-30T20:18:03Z,0,0,0,0,0,0,17.6,852.3,17.8,18,88.1,261,253,0,0,167,0,0,18.1,16.5,13.8
2026-05-30T20:33:10Z,0,0,0,0,0,0,17.5,852.5,17.7,17.9,88.7,260,254,0,0.1,167,0.7,0.7,18,16.5,13.7
2026-05-30T20:48:17Z,0,0,0,0,0,0,17.5,852.5,17.6,17.8,89.1,260,253,0,0.1,167,0.4,0.4,17.9,16.5,13.6
2026-05-30T21:03:25Z,0,0,0,0,0,0,17.4,852.5,17.6,17.8,89.4,261,253,0,0,167,0,0,17.9,16.5,13.6
2026-05-30T21:18:33Z,0,0,0,0,0,0,17.4,852.4,17.4,17.7,89.5,260,254,0,0,167,0,0,17.7,16.4,13.5
2026-05-30T21:33:59Z,0,0,0,0,0,0,17.3,852.3,17.4,17.6,90.2,261,253,0,0,167,0,0,17.7,16.5,13.5
2026-05-30T21:49:06Z,0,0,0,0,0,0,17.3,852.2,17.4,17.6,90.2,260,254,0,0,167,0,0,17.7,16.4,13.4
2026-05-30T22:04:13Z,0,0,0,0,0,0,17.3,852.1,17.4,17.6,90.4,260,253,0,0,167,0,0,17.7,16.5,13.4
2026-05-30T22:19:21Z,0,0,0,0,0,0,17.3,852,17.4,17.6,90.6,260,254,0,0,167,0,0,17.7,16.5,13.4
2026-05-30T22:34:29Z,0,0,0,0,0,0,17.4,851.9,17.4,17.7,90,260,253,0,0.2,167,0.9,0.9,17.8,16.5,13.5
2026-05-30T22:49:36Z,0,0,0,0,0,0,17.4,851.8,17.5,17.7,89.5,259,254,0,0,167,0,0,17.8,16.5,13.6
2026-05-30T23:05:02Z,0,0,0,0,0,0,17.3,851.5,17.4,17.7,89.3,260,253,0,0,60,0,0,17.8,16.4,13.5
2026-05-30T23:20:09Z,0,0,0,0,0,0,17.2,851.3,17.4,17.6,89.4,260,255,0,0.7,59,1.3,1.3,17.7,16.3,13.4
2026-05-30T23:35:17Z,0,0,0,0,0,0,17.1,851.3,17.2,17.5,90.2,260,253,0,0.2,177,1.3,1.3,17.5,16.3,13.3
2026-05-30T23:50:24Z,0,0,0,0,0,0,17,851.3,17.1,17.4,90.4,260,253,0,0,177,0,0,17.5,16.2,13.2
2026-05-31T00:00:28Z,0,0,0,0,0,0,17,851.4,17.2,17.4,90.7,261,252,0,0,177,0,0,17.5,16.3,13.2
2026-05-31T00:15:36Z,0,0,0,0,0,0,17,851.3,17.1,17.4,90.3,261,254,0,0.3,177,1,1,17.5,16.2,13.2
2026-05-31T00:30:43Z,0,0,0,0,0,0,17,851.3,17.1,17.3,90.5,260,254,0,0,177,0,0,17.4,16.2,13.2
2026-05-31T00:46:09Z,0,0,0,0,0,0,16.9,851.3,17,17.2,91,260,254,0,0.3,177,0.7,0.7,17.3,16.2,13.1
2026-05-31T01:01:17Z,0,0,0,0,0,0,16.8,851.1,16.9,17.2,91.2,261,253,0,0,177,0,0,17.3,16.1,13
2026-05-31T01:16:24Z,0,0,0,0,0,0,16.8,851.2,16.9,17.1,91.6,260,253,0,0,177,0,0,17.2,16.1,13
2026-05-31T01:31:31Z,0,0,0,0,0,0,16.7,851.4,16.8,17.1,91.9,260,253,0,0,177,0,0,17.1,16.1,12.9
2026-05-31T01:46:39Z,0,0,0,0,0,0,16.7,851.4,16.8,17.1,91.9,261,253,0,0.1,177,0.4,0.4,17.2,16.1,12.9
2026-05-31T02:02:05Z,0,0,0,0,0,0,16.8,851.5,16.9,17.1,91.9,259,253,0,0,177,0,0,17.2,16.1,12.9
2026-05-31T02:17:12Z,0,0,0,0,0,0,16.7,851.7,16.8,17,92.2,259,252,0,0,177,0,0,17.1,16.1,12.9
2026-05-31T02:32:19Z,0,0,0,0,0,0,16.6,851.8,16.8,17,92.6,261,254,0,0,177,0,0,17.1,16.1,12.8
2026-05-31T02:48:14Z,0,0,0,0,0,0,16.7,852,16.8,17,92.8,260,253,0,0,177,0,0,17.1,16.2,12.9
2026-05-31T03:03:21Z,0,0,0,0,0,0,16.7,852.2,16.8,17.1,92.8,261,254,0,0,177,0,0,17.2,16.2,12.9
2026-05-31T03:18:28Z,0,0,0,0,0,0,16.8,852.3,16.9,17.2,92.7,260,256,0,0,177,0,0,17.3,16.3,13.1
2026-05-31T03:33:35Z,0,0,0,0,0,0,16.9,852.5,17,17.3,92.7,261,264,0,0,177,0,0,17.4,16.4,13.1
2026-05-31T03:48:43Z,0,0,0,0,0,0,16.8,852.5,16.9,17.2,92.8,265,296,0,0,177,0,0,17.3,16.3,13.1
2026-05-31T04:04:09Z,0,0,0,0.1,0,0,16.7,852.6,16.8,17.1,89.4,278,443,0,0.4,204,0.7,0.7,17.1,15.8,12.9
2026-05-31T04:19:16Z,0,0,0,0.2,0,0,16.8,852.7,16.9,17.2,88.4,290,565,0,0.3,204,0.7,0.7,17.2,15.8,13
2026-05-31T04:34:23Z,0,0,0,0.2,0,0,16.9,852.9,17.1,17.3,88.2,295,646,0,0,203,0,0,17.3,15.9,13.1
2026-05-31T04:49:31Z,0,0,0,0.3,0,0,17.1,852.9,17.2,17.5,87.8,311,797,0,0,193,0,0,17.5,16,13.2
2026-05-31T05:04:38Z,0,0,0,0.5,0,0,17.3,853.1,17.4,17.6,86.5,350,1212,0,0,230,0,0,17.7,16,13.4
2026-05-31T05:20:18Z,0,0,0,0.6,0,0,17.5,853.2,17.7,17.8,85,371,1435,0,0.1,217,0.4,0.4,17.8,16,13.5
2026-05-31T05:35:25Z,0,0,0,0.6,0,0,17.9,853.3,18.1,18.1,84.5,365,1391,0,0,217,0.2,0.2,18.2,16.3,13.9
2026-05-31T05:50:33Z,0,0,0,1,0,0,18.2,853.4,18.4,18.4,83.3,439,2155,0,0.1,217,0.7,0.7,18.5,16.4,14.1
2026-05-31T06:05:40Z,0,0,0,1.2,0,0,18.8,853.5,19.2,18.8,81.6,491,2705,0,0,237,0,0,18.9,16.6,14.5
2026-05-31T06:20:48Z,0,0,0,1.5,0,0,19.7,853.6,20,19.8,79,527,3092,0,0.2,244,0.7,0.7,19.8,17.2,15.4
2026-05-31T06:36:13Z,0,0,0,0.9,0,0,19.7,853.6,20.1,19.8,78.3,421,1933,0,0,242,0.2,0.2,19.8,17.1,15.4
2026-05-31T06:51:21Z,0,0,0,0.9,0,0,19.7,853.7,20.1,20.2,77.3,419,1905,0,0,188,0,0,20.3,17.4,15.8
2026-05-31T07:06:28Z,0,0,0,2.8,0,0,20.4,853.5,20.6,20.4,75.7,771,5776,0,0.4,209,1.7,1.7,20.5,17.4,16
2026-05-31T07:21:36Z,0,0,0,0.8,0,0,20.5,853.4,20.8,20.6,74.6,399,1694,0,0,226,0.4,0.4,20.6,17.4,16.1
2026-05-31T07:36:44Z,0,0,0,0.7,0,0,20.4,853.4,20.8,20.9,73.4,388,1635,0,0.2,193,0.9,0.9,20.9,17.5,16.4
2026-05-31T07:51:52Z,0,0,0,1.6,0,0,20.9,853.5,21.3,21.4,71.7,562,3440,0,0.2,160,0.7,0.7,21.4,17.8,16.8
2026-05-31T08:07:17Z,0,0,0,1.3,0,0,21.8,853.4,22.2,22.1,69.7,501,2819,0,0.2,160,0.7,0.7,22.1,18.2,17.4
2026-05-31T08:22:24Z,0,0,0,1.3,0,0,21.2,853.3,21.6,21.7,71.9,505,2898,0,0,160,0,0,21.7,18.1,17.1
2026-05-31T08:37:31Z,0,0,0,1.4,0,0,21.5,853.2,21.9,22,68.3,508,2924,0,0,160,0.4,0.4,22,17.9,17.3
2026-05-31T08:52:38Z,0,0,0,2.4,0,0,22.7,853,23.1,23.3,64.9,698,4838,0,0,120,0.2,0.2,23.4,18.7,18.4
2026-05-31T09:07:46Z,0,0,0,1.1,0,0,23,852.8,23.4,23,65.1,466,2469,0,0.5,148,1.5,1.5,23,18.4,18.2
2026-05-31T09:22:53Z,0,0,0,0.3,0,0,21.6,852.7,22.2,21.9,68.2,323,971,0,0.1,148,0.7,0.7,21.9,17.8,17.2
2026-05-31T09:38:20Z,0,0,0,1.1,0,0,21.4,852.6,21.8,21.7,70.6,464,2429,0,0.2,148,0.9,0.9,21.7,17.9,17.1
2026-05-31T09:53:42Z,0,0,0,1.5,0,0,22.3,852.3,22.5,22.7,66.8,533,3142,0,0,148,0,0,22.7,18.3,17.9
2026-05-31T10:08:49Z,0,0,0,1,0,0,22.5,852,22.5,22.4,66.7,447,2222,0,0,148,0,0,22.4,18.1,17.7
2026-05-31T10:23:57Z,0,0,0,1,0,0,22.5,851.8,22.6,22.6,65.5,441,2181,0,0,148,0,0,22.6,18.1,17.8
2026-05-31T10:39:05Z,0,0,0,1.1,0,0,22.4,851.5,22.8,22.9,63.1,472,2471,0,0.5,148,2.2,2.2,22.9,18.1,18.1
2026-05-31T10:54:12Z,0,0,0,0.4,0,0,21.8,851.4,22.2,22.3,65.4,331,1058,0,0.3,148,1.5,1.5,22.3,17.8,17.6
2026-05-31T11:09:21Z,0,0,0,0.9,0,0,22.3,851.2,22.6,22.7,63.8,425,2032,0,0.3,148,0.9,0.9,22.7,17.9,17.9
2026-05-31T11:24:29Z,0,0,0,1.4,0,0,23,850.8,23.1,23.1,60.9,524,3018,0,0.3,148,0.7,0.7,23.1,17.9,18.2
2026-05-31T11:39:51Z,0,0,0,1.6,0,0,23.7,850.5,24.2,24.2,60.5,564,3427,0,0,148,0,0,24.2,18.9,19.2
2026-05-31T11:54:58Z,0,0,0,0.9,0,0,23.5,850.4,24.2,24.1,56.6,428,1950,0,0.5,148,1.3,1.3,24,18.2,19
2026-05-31T12:10:06Z,0,0,0,2.1,0,0,22.9,850.3,23.3,23.3,59.3,645,4295,0,0.4,154,1.3,1.3,23.3,17.9,18.4
2026-05-31T12:25:13Z,0,0,0,2.5,0,0,25,850.1,25.6,25.8,54.2,714,5050,0,0,164,0,0,25.8,19.3,20.4
2026-05-31T12:40:21Z,0,0,0,2.3,0,0,25.8,849.9,26.2,27,48.6,684,4801,0,0.2,105,0.9,0.9,27.4,19.5,21.5
2026-05-31T12:55:27Z,0,0,0,0.9,0,0,24.8,849.8,25.8,25.8,51,425,1977,0,0.1,163,0.9,0.9,25.7,18.8,20.3
2026-05-31T13:10:55Z,0,0,0,0.9,0,0,24,849.8,24.8,24.7,53,424,2005,0,0,147,0.2,0.2,24.7,18.2,19.5
2026-05-31T13:26:03Z,0,0,0,0.7,0,0,24.1,849.8,24.4,24.7,53.8,386,1594,0,0,56,0,0,24.6,18.3,19.5
2026-05-31T13:41:10Z,0,0,0,0.6,0,0,23.7,849.6,24.1,24.4,52.2,372,1446,0,0.1,56,0.9,0.9,24.3,17.8,19.2
2026-05-31T13:56:17Z,0,0,0,0.4,0,0,23.4,849.7,23.6,23.8,53.8,338,1091,0,0.1,56,0.2,0.2,23.8,17.6,18.8
2026-05-31T14:11:24Z,0,0,0,0.3,0,0,22.9,850,23.1,23.3,55.9,311,779,0,0.1,124,0.4,0.4,23.3,17.4,18.4
2026-05-31T14:26:32Z,0,0,0,0.2,0,0,22.6,850,22.8,23.1,56.9,289,505,0,0.2,62,1.1,1.1,23,17.3,18.1
2026-05-31T14:41:57Z,0,0,0,0.1,0,0,22.2,850.2,22.4,22.6,58.5,283,425,0,0.2,62,0.7,0.7,22.5,17.2,17.8
2026-05-31T14:57:04Z,0,0,0,0.1,0,0,21.9,850.2,22,22.2,59.8,273,369,0,0,62,0,0,22.1,17,17.4
2026-05-31T15:12:12Z,0,0,0,0.1,0,0,21.6,850.3,21.7,21.9,61.1,269,326,0,0.2,61,1.3,1.3,21.8,16.9,17.2
2026-05-31T15:27:19Z,0,0,0,0,0,0,21.2,850.3,21.3,21.5,61.9,262,285,0,0,62,0,0,21.5,16.7,16.8
2026-05-31T15:42:26Z,0,0,0,0,0,0,21,850.4,21.2,21.3,63.1,260,256,0,0.1,62,0.4,0.4,21.2,16.6,16.7
2026-05-31T15:57:33Z,0,0,0,0,0,0,21,850.6,21.1,21.3,64.4,261,253,0,0,62,0,0,21.2,16.8,16.7
2026-05-31T16:13:01Z,0,0,0,0,0,0,21,850.7,21.1,21.3,64.8,260,254,0,0,92,0,0,21.2,16.8,16.6
2026-05-31T16:28:08Z,0,0,0,0,0,0,20.8,850.9,20.9,21.1,65.4,261,254,0,0,122,0.4,0.4,21.1,16.7,16.5
2026-05-31T16:43:15Z,0,0,0,0,0,0,20.6,851,20.8,20.9,68.7,262,254,0,0,122,0,0,20.9,16.9,16.3
2026-05-31T16:58:23Z,0,0,0,0,0,0,20.2,851.1,20.3,20.5,68.9,261,254,0,0,122,0,0,20.4,16.6,16
2026-05-31T17:13:30Z,0,0,0,0,0,0,20,851.2,20.1,20.3,69,261,255,0,0.3,129,1.5,1.5,20.3,16.5,15.8
2026-05-31T17:28:37Z,0,0,0,0,0,0,19.9,851.5,20.1,20.2,69.5,261,253,0,0.1,139,0.9,0.9,20.2,16.4,15.7
2026-05-31T17:44:11Z,0,0,0,0,0,0,19.8,851.7,19.9,20.1,69.9,261,254,0,0,139,0,0,20,16.3,15.6
2026-05-31T17:59:21Z,0,0,0,0,0,0,19.6,852,19.8,19.9,71,261,253,0,0,139,0,0,19.9,16.3,15.5
2026-05-31T18:14:28Z,0,0,0,0,0,0,19.7,852,19.8,20,71.3,260,252,0,0,139,0,0,19.9,16.4,15.5
2026-05-31T18:29:35Z,0,0,0,0,0,0,19.6,852.2,19.8,19.9,71.5,262,252,0,0,139,0.2,0.2,19.9,16.4,15.5
2026-05-31T18:44:42Z,0,0,0,0,0,0,19.7,852.1,19.9,20,70.7,260,253,0,0.7,123,1.5,1.5,20,16.4,15.6
2026-05-31T19:00:08Z,0,0,0,0,0,0,19.7,852.1,19.8,20,72,260,253,0,0,58,0,0,19.9,16.5,15.5
2026-05-31T19:15:15Z,0,0,0,0,0,0,19.5,852.2,19.7,19.9,72.7,260,254,0,0,58,0.2,0.2,19.9,16.5,15.4
2026-05-31T19:30:22Z,0,0,0,0,0,0,19.4,852.2,19.5,19.7,73.4,261,253,0,0.1,64,0.6,0.6,19.7,16.4,15.3
2026-05-31T19:45:29Z,0,0,0,0,0,0,19.2,852.2,19.4,19.6,74.3,259,253,0,0,64,0,0,19.6,16.4,15.2
2026-05-31T20:00:37Z,0,0,0,0,0,0,19.1,852.3,19.2,19.4,75.1,260,253,0,0.1,64,0.7,0.7,19.4,16.4,15
2026-05-31T20:15:44Z,0,0,0,0,0,0,19,852.3,19.1,19.3,76.2,260,254,0,0.1,159,0.7,0.7,19.3,16.4,15
2026-05-31T20:31:10Z,0,0,0,0,0,0,18.8,852.3,19,19.2,77.3,260,253,0,0.2,172,1.7,1.7,19.2,16.4,14.8
2026-05-31T20:46:16Z,0,0,0,0,0,0,18.7,852.3,18.9,19.1,78.7,259,253,0,0.4,155,0.9,0.9,19.1,16.5,14.7
2026-05-31T21:01:24Z,0,0,0,0,0,0,18.6,852.3,18.8,19,79.9,259,254,0,0,155,0.2,0.2,19,16.5,14.6
2026-05-31T21:16:30Z,0,0,0,0,0,0,18.5,852.2,18.7,18.9,80.5,261,253,0,0.1,165,0.4,0.4,19,16.6,14.6
2026-05-31T21:31:38Z,0,0,0,0,0,0,18.5,852,18.7,18.8,81.6,260,253,0,0,173,0.2,0.2,18.9,16.6,14.5
2026-05-31T21:46:45Z,0,0,0,0,0,0,18.2,852,18.4,18.6,82.8,261,253,0,0.5,198,1.1,1.1,18.6,16.5,14.3
2026-05-31T22:01:52Z,0,0,0,0,0,0,17.8,851.9,18,18.2,84.5,260,253,0,0.2,156,1.3,1.3,18.3,16.4,14
2026-05-31T22:17:14Z,0,0,0,0,0,0,17.7,851.9,17.9,18.1,85.2,260,253,0,0.1,154,0.7,0.7,18.1,16.3,13.8
2026-05-31T22:32:22Z,0,0,0,0,0,0,17.6,851.8,17.8,18,85.8,259,253,0,0.6,181,1.7,1.7,18,16.3,13.7
2026-05-31T22:47:29Z,0,0,0,0,0,0,17.6,851.7,17.8,18,86.3,260,252,0,0.2,158,1.1,1.1,18,16.3,13.7
2026-05-31T23:02:36Z,0,0,0,0,0,0,17.5,851.6,17.6,17.9,86.7,260,255,0,0.4,144,1.1,1.1,17.9,16.3,13.6
2026-05-31T23:17:43Z,0,0,0,0,0,0,17.1,851.6,17.3,17.6,88.6,261,254,0,0.1,164,0.4,0.4,17.6,16.2,13.4
2026-05-31T23:32:50Z,0,0,0,0,0,0,17.1,851.4,17.2,17.5,89.2,259,253,0,0,155,0.2,0.2,17.5,16.2,13.3
2026-05-31T23:48:17Z,0,0,0,0,0,0,17.1,851.2,17.2,17.4,88.4,260,253,0,0.5,194,2,2,17.5,16.1,13.2
2026-06-01T00:00:23Z,0,0,0,0,0,0,17.1,851.2,17.2,17.4,88.4,258,253,0,0.1,179,0.4,0.4,17.5,16.1,13.2
2026-06-01T00:15:31Z,0,0,0,0,0,0,17.1,851.2,17.2,17.5,88.1,260,254,0,0.1,159,0.7,0.7,17.5,16,13.3
2026-06-01T00:30:38Z,0,0,0,0,0,0,17,851.2,17.2,17.4,87.8,260,254,0,0.2,67,1.1,1.1,17.5,16,13.2
2026-06-01T00:45:46Z,0,0,0,0,0,0,16.9,851.3,17.1,17.3,88,260,254,0,0.8,67,1.7,1.7,17.3,15.9,13.1
2026-06-01T01:00:53Z,0,0,0,0,0,0,16.8,851.3,16.9,17.2,88.1,261,254,0,0.6,67,1.1,1.1,17.2,15.8,13
2026-06-01T01:16:19Z,0,0,0,0,0,0,16.8,851.5,16.9,17.1,88.2,260,254,0,0.4,67,0.9,0.9,17.2,15.7,12.9
2026-06-01T01:31:26Z,0,0,0,0,0,0,16.7,851.6,16.8,17.1,88.3,260,253,0,0,67,0,0,17.1,15.7,12.9
2026-06-01T01:46:34Z,0,0,0,0,0,0,16.7,851.6,16.8,17.1,88.5,259,254,0,0,67,0,0,17.1,15.7,12.9
2026-06-01T02:01:42Z,0,0,0,0,0,0,16.6,851.6,16.7,16.9,88.4,260,253,0,0.4,67,0.9,0.9,17,15.6,12.7
2026-06-01T02:16:49Z,0,0,0,0,0,0,16.6,851.8,16.7,16.9,88.7,259,253,0,0.5,67,1.3,1.3,17,15.6,12.7
2026-06-01T02:31:57Z,0,0,0,0,0,0,16.6,852.1,16.7,16.9,88.9,260,253,0,0.1,67,0.7,0.7,17,15.6,12.7
2026-06-01T02:47:23Z,0,0,0,0,0,0,16.6,852.1,16.7,17,89.1,261,253,0,0.2,66,0.7,0.7,17,15.7,12.8
2026-06-01T03:02:31Z,0,0,0,0,0,0,16.5,852.2,16.6,16.9,89.4,261,253,0,0.2,67,0.7,0.7,16.9,15.6,12.7
2026-06-01T03:17:39Z,0,0,0,0,0,0,16.4,852.4,16.4,16.8,90,261,255,0,0.5,67,1.5,1.5,16.8,15.6,12.6
2026-06-01T03:32:46Z,0,0,0,0,0,0,16.2,852.5,16.4,16.6,90.6,261,264,0,0,65,0,0,16.7,15.5,12.5
2026-06-01T03:47:54Z,0,0,0,0,0,0,16.2,852.6,16.4,16.6,90.9,262,271,0,0.9,64,1.5,1.5,16.7,15.6,12.5
2026-06-01T04:03:02Z,0,0,0,0.1,0,0,16.2,852.6,16.3,16.6,91.3,267,320,0,0.4,65,1.1,1.1,16.6,15.5,12.4
2026-06-01T04:18:27Z,0,0,0,0.1,0,0,16.3,852.8,16.4,16.7,91,281,474,0,0.6,65,1.1,1.1,16.8,15.6,12.5
2026-06-01T04:33:35Z,0,0,0,0.3,0,0,16.5,852.9,16.7,16.9,90.2,316,889,0,0.3,65,1.1,1.1,17,15.8,12.8
2026-06-01T04:48:42Z,0,0,0,0.2,0,0,16.6,853.2,16.7,17,89.2,290,568,0,0.3,65,0.9,0.9,17.1,15.8,12.9
2026-06-01T05:03:50Z,0,0,0,0.2,0,0,16.6,853.4,16.7,17,89.2,291,571,0,0.1,64,0.4,0.4,17.1,15.7,12.8
2026-06-01T05:18:58Z,0,0,0,1,0,0,17.1,853.7,17.1,17.4,88.8,448,2329,0,0,65,0.2,0.2,17.5,16.1,13.2
2026-06-01T05:34:05Z,0,0,0,1.2,0,0,18.6,853.5,18.8,18.8,83.3,485,2646,0,0.1,148,0.7,0.7,18.9,16.8,14.5
2026-06-01T05:49:31Z,0,0,0,0.7,0,0,19,853.7,19,19.1,80.3,387,1585,0,0,148,0.4,0.4,19.1,16.7,14.8
2026-06-01T06:04:38Z,0,0,0,0.7,0,0,18.4,853.7,18.5,18.9,82.3,387,1584,0,0.3,57,0.7,0.7,18.9,16.8,14.6
2026-06-01T06:19:46Z,0,0,0,1.1,0,0,18.2,853.8,18.2,18.7,82.2,472,2531,0,0.2,57,0.7,0.7,18.7,16.5,14.4
2026-06-01T06:34:53Z,0,0,0,1.4,0,0,19.5,853.9,19.7,19.7,78.6,519,2992,0,0.1,57,0.7,0.7,19.8,17.1,15.4
2026-06-01T06:50:01Z,0,0,0,1.5,0,0,21,853.8,21.2,21.1,74.4,546,3251,0,0,57,0.2,0.2,21.2,17.9,16.6
2026-06-01T07:05:08Z,0,0,0,3.2,0,0,21.5,853.8,21.6,21.9,70.6,854,6634,0,0.1,56,0.4,0.4,21.9,18.1,17.2
2026-06-01T07:20:34Z,0,0,0,1.1,0,0,22.6,853.8,22.5,22.4,68.5,471,2511,0,0,55,0,0,22.4,18.3,17.7
2026-06-01T07:35:41Z,0,0,0,1.4,0,0,22.5,853.8,22.8,22.7,64.6,508,2873,0,0.1,144,0.4,0.4,22.7,18.1,17.9
2026-06-01T07:50:48Z,0,0,0,0.7,0,0,22.5,853.8,22.3,22.3,66,391,1732,0,0.1,144,0.7,0.7,22.3,17.9,17.6
2026-06-01T08:05:55Z,0,0,0,1.2,0,0,21.8,853.7,22.1,22.3,61.2,488,2673,0,0.4,102,1.2,1.2,22.3,17.3,17.5
2026-06-01T08:21:02Z,0,0,0,3.6,0,0,22.3,853.5,22.6,22.6,62.2,930,7522,0,0,138,0.2,0.2,22.6,17.7,17.8
2026-06-01T08:36:09Z,0,0,0,1.3,0,0,21.8,853.3,22.4,22.1,60.2,505,2831,0,0.2,138,0.7,0.7,22,16.9,17.3
2026-06-01T08:52:01Z,0,0,0,4.2,0,0,21.4,853.3,21.8,21.5,62.6,1048,8709,0,0.9,139,1.6,1.6,21.4,16.7,16.8
2026-06-01T09:07:33Z,0,0,0,1,0,0,22.9,853.1,23.6,23.2,57.1,445,2251,0,0.2,139,0.7,0.7,23.2,17.5,18.3
2026-06-01T09:22:39Z,0,0,0,1.1,0,0,23.4,852.9,24.1,23.9,56.7,468,2451,0,0,139,0,0,23.9,18.1,18.9
2026-06-01T09:37:46Z,0,0,0,1.6,0,0,23,852.7,23.4,23.5,55,553,3378,0,0.6,63,1.5,1.5,23.5,17.5,18.5
2026-06-01T09:53:35Z,0,0,0,1.4,0,0,23,852.4,23.3,23.6,52.8,513,2964,0,0.3,134,1.1,1.1,23.5,17.2,18.6
2026-06-01T10:08:42Z,0,0,0,1.2,0,0,22.8,852.2,23.3,23.4,54,473,2564,0,0.8,148,2.2,2.2,23.3,17.2,18.4
2026-06-01T10:23:49Z,0,0,0,0.6,0,0,22.5,852.1,23.1,23.1,56.3,374,1539,0,0.3,65,1.5,1.5,23,17.3,18.2
2026-06-01T10:38:56Z,0,0,0,1.8,0,0,21.9,851.9,22.3,22.3,61.2,598,3695,0,0,156,0.2,0.2,22.3,17.2,17.5
2026-06-01T10:54:35Z,0,0,0,0.6,0,0,24,851.7,24.2,24.6,54.5,363,1391,0,0.2,156,0.9,0.9,24.6,18.4,19.4
2026-06-01T11:09:42Z,0,0,0,0.4,0,0,22.8,851.7,23,23.2,57,331,1030,0,0.2,156,0.7,0.7,23.1,17.4,18.2
2026-06-01T11:24:49Z,0,0,0,0.7,0,0,22.6,851.5,22.9,23.1,57.9,394,1595,0,0.1,156,0.4,0.4,23.1,17.5,18.2
2026-06-01T11:39:56Z,0,0,0,2.4,0,0,23.9,851.2,24,24.5,53.1,699,5000,0,0,156,0.4,0.4,24.5,18.1,19.3
2026-06-01T11:55:03Z,0,0,0,0.5,0,0,23.1,851,23.5,23.7,55.4,350,1214,0,0.2,156,1.3,1.3,23.7,17.7,18.7
2026-06-01T12:10:39Z,0,0,0,2.4,0,0,22.9,850.8,23.1,23.4,58,702,5099,0,0,156,0,0,23.4,17.8,18.5
2026-06-01T12:25:46Z,0,0,0,0.3,0,0,24,850.6,24,24.3,56,314,885,0,0.1,156,0.7,0.7,24.3,18.3,19.2
2026-06-01T12:40:53Z,0,0,0,0.5,0,0,22.9,850.6,22.8,23,59.8,344,1098,0,0,156,0,0,22.9,17.6,18.1
2026-06-01T12:56:00Z,0,0,0,0.7,0,0,22.6,850.5,22.8,22.7,60.5,391,1622,0,0,156,0,0,22.6,17.5,17.8
2026-06-01T13:11:07Z,0,0,0,0.2,0,0,22.6,850.5,22.6,22.6,61.8,293,619,0,0,156,0.4,0.4,22.6,17.6,17.8
2026-06-01T13:26:14Z,0,0,0,0.3,0,0,22.3,850.5,22.4,22.5,61.1,321,867,0,0.2,156,0.4,0.4,22.5,17.4,17.7
2026-06-01T13:41:36Z,0,0,0,0.6,0,0,22.4,850.5,22.5,22.6,62,360,1367,0,0.3,156,1.3,1.3,22.6,17.7,17.8
2026-06-01T13:56:43Z,0,0,0,0.3,0,0,22.5,850.5,22.6,22.9,61.8,304,763,0,0.1,156,0.7,0.7,22.9,17.9,18.1
2026-06-01T14:11:50Z,0,0,0,0.1,0,0,21.8,850.5,21.9,22.2,65.3,281,474,0,0,156,0.2,0.2,22.2,17.7,17.5
2026-06-01T14:26:57Z,0,0,0,0.1,0,0,21.4,850.5,21.4,21.7,67.1,275,381,0,0.1,156,0.4,0.4,21.7,17.5,17.1
2026-06-01T14:42:31Z,0,0,0,0.1,0,0,21.1,850.6,21.2,21.4,66.6,277,398,0,0.4,156,1.1,1.1,21.4,17.2,16.8
2026-06-01T14:57:39Z,0,0,0,0.2,0,0,21,850.7,21.1,21.3,65.2,292,612,0,0,156,0,0,21.3,16.9,16.7
2026-06-01T15:12:46Z,0,0,0,0.1,0,0,20.9,850.9,21.1,21.2,66.3,272,370,0,0,156,0,0,21.2,16.9,16.6
2026-06-01T15:27:54Z,0,0,0,0,0,0,20.3,850.9,20.5,20.8,67,264,272,0,0,156,0,0,20.7,16.6,16.2
2026-06-01T15:43:01Z,0,0,0,0,0,0,20,851.1,20.1,20.2,69.3,260,255,0,0,156,0,0,20.2,16.4,15.7
2026-06-01T15:58:08Z,0,0,0,0,0,0,19.8,851.2,20,20.1,70.1,261,254,0,0,156,0,0,20,16.4,15.6
2026-06-01T16:13:36Z,0,0,0,0,0,0,19.8,851.3,20,20.1,70,261,253,0,0,156,0.2,0.2,20,16.4,15.6
2026-06-01T16:28:43Z,0,0,0,0,0,0,19.9,851.5,20,20.2,70.7,259,254,0,0,156,0,0,20.1,16.5,15.7
2026-06-01T16:43:50Z,0,0,0,0,0,0,19.8,851.6,19.9,20.1,72.2,260,253,0,1,167,3.1,3.1,20.1,16.7,15.6
2026-06-01T16:58:57Z,0,0,0,0,0,0,19.8,851.5,20,20.2,73.1,260,254,0,0.3,146,1.3,1.3,20.2,16.8,15.7
2026-06-01T17:14:04Z,0,0,0,0,0,0,19.7,851.7,19.9,20.1,73.7,260,254,0,0.4,106,2,2,20.1,16.8,15.6
2026-06-01T17:29:12Z,0,0,0,0,0,0,19.3,851.8,19.5,19.7,75.5,260,254,0,0.5,161,1.5,1.5,19.7,16.7,15.3
2026-06-01T17:44:38Z,0,0,0,0,0,0,19,852,19.2,19.4,77.1,259,254,0,0.2,125,0.7,0.7,19.4,16.6,15
2026-06-01T17:59:45Z,0,0,0,0,0,0,18.9,852.3,19.1,19.2,78.1,260,253,0,0.7,158,2,2,19.2,16.6,14.9
2026-06-01T18:14:45Z,0,0,0,0,0,0,18.7,852.6,18.9,19.1,78.9,262,253,0,0.4,159,2,2,19.1,16.5,14.8
2026-06-01T18:29:53Z,0,0,0,0,0,0,18.6,852.7,18.7,18.9,79.5,261,253,0,0,161,0,0,19,16.4,14.6
2026-06-01T18:45:00Z,0,0,0,0,0,0,18.2,852.8,18.3,18.6,81.8,260,252,0,0.2,161,1.1,1.1,18.6,16.4,14.3
2026-06-01T19:00:07Z,0,0,0,0,0,0,18.2,853.1,18.4,18.6,81.6,260,254,0,0.5,162,1.5,1.5,18.6,16.3,14.3
2026-06-01T19:15:15Z,0,0,0,0,0,0,18.2,853.1,18.4,18.6,81.8,261,253,0,1.1,189,3.1,3.1,18.6,16.4,14.3
2026-06-01T19:30:41Z,0,0,0,0,0,0,17.9,853.2,18.1,18.3,83.7,260,254,0,0.1,59,0.7,0.7,18.3,16.3,14
2026-06-01T19:45:48Z,0,0,0,0,0,0,17.7,853.2,17.9,18.1,85.1,261,253,0,1.3,163,2.8,2.8,18.1,16.3,13.8
2026-06-01T20:00:56Z,0,0,0,0,0,0,17.6,853.1,17.8,18,85.7,260,254,0,0.2,162,0.4,0.4,18,16.3,13.8
2026-06-01T20:16:03Z,0,0,0,0,0,0,17.4,853.1,17.6,17.8,87.3,260,254,0,1,162,2.2,2.2,17.8,16.3,13.6
2026-06-01T20:31:10Z,0,0,0,0,0,0,17,853.1,17.2,17.4,89.2,259,253,0,1.7,168,3.5,3.5,17.5,16.1,13.2
2026-06-01T20:46:17Z,0,0,0,0,0,0,16.7,853.1,16.8,17.1,90.2,260,253,0,0,162,0.2,0.2,17.2,16,13
2026-06-01T21:01:50Z,0,0,0,0,0,0,16.8,853.1,16.9,17.2,89.8,260,254,0,0.2,161,0.9,0.9,17.2,16,13
2026-06-01T21:16:57Z,0,0,0,0,0,0,16.8,853.1,16.9,17.1,89.8,261,254,0,1,177,2.4,2.4,17.2,15.9,13
2026-06-01T21:32:05Z,0,0,0,0,0,0,16.7,853.1,16.8,17.1,90.3,260,253,0,0.1,65,0.7,0.7,17.2,16,13
2026-06-01T21:47:12Z,0,0,0,0,0,0,16.6,853.2,16.8,17,91.2,260,253,0,0,65,0,0,17.1,16,12.9
2026-06-01T22:02:20Z,0,0,0,0,0,0,16.5,853.2,16.7,16.9,92,261,253,0,0.6,187,1.3,1.3,17,15.9,12.7
2026-06-01T22:17:48Z,0,0,0,0,0,0,16.3,853.1,16.6,16.8,93.1,261,254,0,0.5,179,1.7,1.7,16.9,16,12.6
2026-06-01T22:32:56Z,0,0,0.2,0,0,0,16.2,852.9,16.3,16.6,94.2,260,254,0,0,70,0,0,16.7,15.9,12.5
2026-06-01T22:48:51Z,0,0,0.2,0,0,0,16.1,852.8,16.2,16.5,94.8,260,253,0,0.2,163,0.9,0.9,16.6,15.9,12.4
2026-06-01T23:03:59Z,0,0,0.4,0,0,0,16,852.6,16.3,16.4,95.4,261,253,0,0.3,165,1.1,1.1,16.5,15.9,12.3
2026-06-01T23:19:06Z,0,0,0.6,0,0,0,16,852.5,16.3,16.4,95.7,260,254,0,0.9,163,2.2,2.2,16.5,15.9,12.3
2026-06-01T23:34:15Z,0,0,0.6,0,0,0,15.8,852.5,16.1,16.2,95.8,261,254,0,0.2,157,1.3,1.3,16.3,15.7,12.1
2026-06-01T23:49:23Z,0,0,0.8,0,0,0,15.7,852.3,16,16.1,95.9,261,254,0,0,157,0,0,16.2,15.6,12
2026-06-02T00:00:29Z,0,0,1,0,0,0,15.8,852.4,16.1,16.2,96.1,260,254,0,0,157,0,0,16.3,15.7,12
2026-06-02T00:15:51Z,0,0,1,0,0,0,15.7,852.3,16.1,16.2,96.2,260,254,0,0.2,157,0.7,0.7,16.3,15.7,12.1
2026-06-02T00:30:59Z,0,0,1.2,0,0,0,15.7,852.3,16,16.1,96.2,260,254,0,0,157,0,0,16.2,15.7,12
2026-06-02T00:46:07Z,0,0,1.2,0,0,0,15.7,852.3,16,16.1,96.3,260,254,0,0,157,0,0,16.2,15.6,12
2026-06-02T01:01:15Z,0,0,1.2,0,0,0,15.6,852.5,16,16.1,96.4,260,254,0,0.2,157,0.9,0.9,16.1,15.6,11.9
2026-06-02T01:16:23Z,0,0,1.2,0,0,0,15.7,852.4,16,16.1,96.4,260,253,0,0,157,0,0,16.2,15.7,12
2026-06-02T01:31:31Z,0,0,1.2,0,0,0,15.7,852.4,16,16,96.6,260,254,0,0,157,0,0,16.1,15.6,11.9
2026-06-02T01:46:54Z,0,0,1.2,0,0,0,15.6,852.4,16,16,96.6,260,253,0,0,157,0,0,16.1,15.6,11.9
2026-06-02T02:02:02Z,0,0,1.2,0,0,0,15.5,852.5,15.9,15.9,96.6,260,254,0,0,157,0,0,16,15.5,11.8
2026-06-02T02:17:10Z,0,0,1.2,0,0,0,15.4,852.6,15.8,15.8,96.7,259,254,0,0,157,0,0,15.9,15.4,11.7
2026-06-02T02:32:18Z,0,0,1.2,0,0,0,15.4,852.6,15.8,15.9,96.9,259,254,0,0,157,0,0,15.9,15.5,11.7
2026-06-02T02:47:25Z,0,0,1.2,0,0,0,15.4,852.9,15.7,15.8,97,259,253,0,0,157,0,0,15.9,15.4,11.7
2026-06-02T03:02:33Z,0,0,1.2,0,0,0,15.5,852.9,15.8,15.9,97.1,262,255,0,0,157,0,0,16,15.5,11.8
2026-06-02T03:18:05Z,0,0,1.2,0,0,0,15.5,852.9,15.8,15.9,97.2,261,258,0,0,157,0,0,16,15.5,11.8
2026-06-02T03:33:13Z,0.2,0,1.4,0.1,0,0,15.5,853,15.9,15.9,97.2,266,318,0,0,157,0,0,16,15.6,11.8
2026-06-02T03:48:32Z,0,0,1.4,0.1,0,0,15.7,853.1,16.1,16.1,97.4,274,435,0,0.1,157,0.4,0.4,16.2,15.8,12
2026-06-02T04:03:58Z,0,0,1.4,0.2,0,0,15.9,853.2,16.1,16.2,97.4,285,531,0,0,157,0,0,16.3,15.9,12.1
2026-06-02T04:19:06Z,0,0,1.4,0.1,0,0,16,853.3,16.3,16.4,97.5,280,484,0,0,157,0.2,0.2,16.5,16,12.3
2026-06-02T04:34:14Z,0,0,1.4,0.3,0,0,16.1,853.7,16.2,16.5,97.4,305,754,0,0.1,157,0.7,0.7,16.6,16.2,12.4
2026-06-02T04:49:22Z,0,0,1.4,0.3,0,0,16.1,853.9,16.2,16.5,97.3,306,753,0,0,157,0,0,16.6,16.1,12.4
2026-06-02T05:04:30Z,0,0,1.4,0.4,0,0,16.2,854.1,16.3,16.6,97.3,327,985,0,0.1,157,0.7,0.7,16.8,16.3,12.6
2026-06-02T05:19:37Z,0,0,1.4,0.6,0,0,16.5,854.2,16.6,16.9,97,366,1409,0,0.3,157,1.1,1.1,17,16.5,12.8
2026-06-02T05:35:03Z,0,0,1.4,0.8,0,0,16.6,854.5,16.8,17,95.9,406,1851,0,0,71,0.2,0.2,17.1,16.5,12.9
2026-06-02T05:50:10Z,0,0,1.4,0.9,0,0,17.3,854.6,17.4,17.6,93.6,421,1967,0,0.4,71,1.1,1.1,17.8,16.9,13.5
2026-06-02T06:05:18Z,0,0,0,0.9,1.4,0,17.5,854.6,17.6,17.9,90.4,417,1957,0,0,71,0.2,0.2,18,16.8,13.7
2026-06-02T06:20:26Z,0,0,0,1.1,1.4,0,18.2,854.5,18.3,18.6,86.7,461,2429,0,0.4,71,1.5,1.5,18.6,17,14.3
2026-06-02T06:35:32Z,0,0,0,1.2,1.4,0,19.1,854.5,19.2,19.4,83.6,473,2595,0,0.5,70,1.7,1.7,19.5,17.4,15.1
2026-06-02T06:50:40Z,0,0,0,1.3,1.4,0,19.2,854.5,19.4,19.2,81.3,502,2896,0,0.6,70,1.1,1.1,19.2,16.9,14.9
2026-06-02T07:06:07Z,0,0,0,1.3,1.4,0,20.7,854.5,20.8,20.9,77.7,507,2970,0,0,71,0,0,21,18.1,16.5
2026-06-02T07:21:14Z,0,0,0,1.9,1.4,0,20,854.5,20.1,20,76.8,602,3985,0,0,71,0.4,0.4,20,17.1,15.6
2026-06-02T07:36:21Z,0,0,0,2.5,1.4,0,22.1,854.4,22.7,22.4,70.5,730,5334,0,0,71,0.4,0.4,22.5,18.6,17.7
2026-06-02T07:51:46Z,0,0,0,1.8,1.4,0,21.6,854.3,22,22.1,67.3,584,3787,0,1,162,1.5,1.5,22.2,17.9,17.4
2026-06-02T08:07:11Z,0,0,0,2.2,1.4,0,21.1,854.1,21.8,21.7,70.1,671,4691,0,0.2,162,0.7,0.7,21.7,17.9,17
2026-06-02T08:22:18Z,0,0,0,2.3,1.4,0,22.6,854.1,23.2,23.1,62.4,691,4825,0,0.3,64,1.1,1.1,23.1,18.1,18.2
2026-06-02T08:38:17Z,0,0,0,0.9,1.4,0,21.5,854,22.2,21.9,64,423,2007,0,0.1,64,0.4,0.4,21.8,17.2,17.1
2026-06-02T08:53:24Z,0,0,0,0.8,1.4,0,21.5,853.8,21.9,22,67.3,400,1779,0,0,64,0,0,22,17.8,17.3
2026-06-02T09:08:32Z,0,0,0,2,1.4,0,21.3,853.6,21.6,21.3,67.2,632,4223,0,0.4,64,1.3,1.3,21.2,17.1,16.6
2026-06-02T09:23:39Z,0,0,0,0.7,1.4,0,21.1,853.5,21.4,21.4,66.4,395,1761,0,0,64,0,0,21.3,17.1,16.7
2026-06-02T09:38:46Z,0,0,0,1.9,1.4,0,22.5,853.3,22.6,23,60.6,614,3996,0,0.2,64,0.7,0.7,22.9,17.8,18.1
2026-06-02T09:55:45Z,0,0,0,1.4,1.4,0,22.4,853.1,22.8,22.9,60.5,517,2991,0,0.2,64,0.4,0.4,22.9,17.7,18.1
2026-06-02T10:11:09Z,0,0,0,0.8,1.4,0,21.9,853,22.5,22.4,60.2,397,1764,0,0.3,164,1.1,1.1,22.3,17.2,17.6
2026-06-02T10:26:16Z,0,0,0,1.2,1.4,0,21.9,852.9,22.4,22.4,59.6,474,2514,0,0.7,164,1.7,1.7,22.3,17.1,17.5
2026-06-02T10:41:23Z,0,0,0,0.4,1.4,0,21.8,852.8,22.4,22.4,58.6,335,1078,0,0,164,0.2,0.2,22.3,16.9,17.5
2026-06-02T10:56:30Z,0,0,0,0.7,1.4,0,21.6,852.6,22,21.8,62.6,395,1722,0,0,192,0,0,21.7,16.9,17
2026-06-02T11:11:38Z,0,0,0,1.1,1.4,0,22.1,852.3,22.5,22.4,60.7,465,2479,0,0.2,168,0.7,0.7,22.4,17.3,17.6
2026-06-02T11:26:45Z,0,0,0,1.2,1.4,0,22.6,852.1,23.1,23,57.5,483,2653,0,0,168,0,0,22.9,17.3,18
2026-06-02T11:42:12Z,0,0,0,1.6,1.4,0,23.4,851.9,23.9,23.9,56.5,553,3356,0,0,168,0,0,23.9,18,18.9
2026-06-02T11:57:32Z,0,0,0,1.1,1.4,0,22.4,851.7,23,22.9,57.4,458,2375,0,0.5,163,1.3,1.3,22.8,17.2,18
2026-06-02T12:12:39Z,0,0,0,1,1.4,0,22.9,851.6,23.3,23.4,55.6,439,2172,0,0.4,163,2.4,2.4,23.4,17.5,18.4
2026-06-02T12:27:46Z,0,0,0,0.9,1.4,0,23,851.4,23.4,23.5,54.8,424,1975,0,0.3,67,1.1,1.1,23.4,17.4,18.5
2026-06-02T12:42:53Z,0,0,0,0.9,1.4,0,22.7,851.4,23.1,23.3,53.8,423,1970,0,0.9,170,2.9,2.9,23.2,17.1,18.3
2026-06-02T12:58:15Z,0,0,0,0.5,1.4,0,22.7,851.2,23,23.2,53.5,352,1255,0,0.3,161,1,1,23.1,17,18.2
2026-06-02T13:13:21Z,0,0,0,0.6,1.4,0,22.7,851.1,22.9,23.2,56,373,1401,0,0.2,63,1.5,1.5,23.1,17.3,18.2
2026-06-02T13:28:28Z,0,0,0,1.7,1.4,0,23,851.1,23.3,23.5,55.9,581,3825,0,0.1,63,0.4,0.4,23.4,17.6,18.5
2026-06-02T13:43:34Z,0,0,0,0.3,1.4,0,22.6,851.2,23,23,56.4,320,906,0,0,231,0.2,0.2,23,17.2,18.1
2026-06-02T13:58:41Z,0,0,0,0.4,1.4,0,22.5,851.3,22.8,22.9,56,326,939,0,0,163,0.4,0.4,22.8,17,18
2026-06-02T14:13:47Z,0,0,0,0.2,1.4,0,22.3,851.4,22.6,22.7,58.4,303,711,0,0,163,0.4,0.4,22.6,17.2,17.9
2026-06-02T14:28:54Z,0,0,0,0.2,1.4,0,22,851.6,22.2,22.4,59,284,503,0,0,163,0,0,22.3,17,17.5
2026-06-02T14:44:18Z,0,0,0,0.2,1.4,0,21.7,851.5,21.9,22.1,60.2,285,520,0,0.1,163,0.4,0.4,22,16.9,17.3
2026-06-02T14:59:24Z,0,0,0,0.1,1.4,0,21.5,851.6,21.7,21.9,61.6,270,366,0,0.1,163,0.9,0.9,21.8,16.9,17.2
2026-06-02T15:14:31Z,0,0,0,0,1.4,0,21.2,851.7,21.4,21.6,63.4,263,276,0,0.3,76,0.7,0.7,21.5,16.9,16.9
2026-06-02T15:29:38Z,0,0,0,0,1.4,0,20.9,851.7,21.1,21.3,64.4,261,257,0,0.5,119,1.7,1.7,21.2,16.7,16.6
2026-06-02T15:44:46Z,0,0,0,0,1.4,0,20.6,851.9,20.8,21,66.3,260,254,0,0,139,0,0,20.9,16.7,16.4
2026-06-02T15:59:52Z,0,0,0,0,1.4,0,20.4,852,20.6,20.8,67.2,259,253,0,0,139,0,0,20.7,16.7,16.2
2026-06-02T16:15:00Z,0,0,0,0,1.4,0,20.3,852.1,20.4,20.6,67.8,260,253,0,0,139,0.2,0.2,20.6,16.6,16.1
2026-06-02T16:30:22Z,0,0,0,0,1.4,0,20.1,852.1,20.3,20.5,68.6,260,253,0,0,139,0,0,20.4,16.6,15.9
2026-06-02T16:45:30Z,0,0,0,0,1.4,0,19.7,852.3,19.8,20,70,259,253,0,0,139,0,0,20,16.3,15.5
2026-06-02T17:00:37Z,0,0,0,0,1.4,0,19.3,852.4,19.4,19.6,70.8,260,252,0,0,139,0,0,19.6,16,15.2
2026-06-02T17:15:43Z,0,0,0,0,1.4,0,19.1,852.6,19.2,19.4,72.8,260,253,0,0,139,0,0,19.4,16.1,15
2026-06-02T17:30:50Z,0,0,0,0,1.4,0,19,852.6,19.2,19.4,73.8,260,253,0,0,139,0,0,19.3,16.1,14.9
2026-06-02T17:45:57Z,0,0,0,0,1.4,0,18.9,852.9,19.1,19.3,73.3,260,253,0,0,139,0,0,19.2,16,14.9
2026-06-02T18:01:04Z,0,0,0,0,1.4,0,18.8,852.9,18.9,19.1,73,260,253,0,0,139,0,0,19.1,15.8,14.7
2026-06-02T18:16:26Z,0,0,0,0,1.4,0,18.6,852.9,18.8,19,74.1,262,254,0,0,139,0,0,18.9,15.8,14.6
2026-06-02T18:31:33Z,0,0,0,0,1.4,0,18.4,853,18.6,18.7,74.2,260,253,0,0,139,0,0,18.7,15.6,14.3
2026-06-02T18:46:40Z,0,0,0,0,1.4,0,18.2,853.1,18.4,18.6,75.3,261,253,0,0,139,0,0,18.5,15.6,14.2
2026-06-02T19:01:48Z,0,0,0,0,1.4,0,18.4,853.2,18.6,18.8,75.1,260,253,0,0,139,0,0,18.7,15.7,14.4
2026-06-02T19:16:55Z,0,0,0,0,1.4,0,18.2,853.1,18.3,18.5,76.3,260,252,0,0,139,0,0,18.5,15.7,14.2
2026-06-02T19:32:02Z,0,0,0,0,1.4,0,18,853.2,18.2,18.4,77.1,261,253,0,0.2,139,1.1,1.1,18.4,15.7,14.1
2026-06-02T19:47:29Z,0,0,0,0,1.4,0,17.9,853.1,18,18.2,77.6,260,253,0,0.1,139,0.7,0.7,18.2,15.5,13.9
2026-06-02T20:02:36Z,0,0,0,0,1.4,0,17.6,853.3,17.8,17.9,79.1,260,252,0,0,136,0,0,17.9,15.4,13.6
2026-06-02T20:17:43Z,0,0,0,0,1.4,0,17.1,853.3,17.2,17.5,81.1,260,253,0,0,70,0,0,17.4,15.2,13.2
2026-06-02T20:32:51Z,0,0,0,0,1.4,0,17,853.3,17.1,17.3,82.7,259,253,0,0.1,70,0.7,0.7,17.3,15.3,13.1
2026-06-02T20:47:58Z,0,0,0,0,1.4,0,17.1,853.2,17.2,17.4,83.6,261,253,0,0,70,0.2,0.2,17.4,15.4,13.1
2026-06-02T21:03:05Z,0,0,0,0,1.4,0,17,853.1,17.2,17.4,83.4,260,254,0,0,70,0,0,17.4,15.4,13.1
2026-06-02T21:18:13Z,0,0,0,0,1.4,0,16.6,853.2,16.6,16.9,84.9,260,252,0,0,70,0,0,16.9,15.1,12.7
2026-06-02T21:33:35Z,0,0,0,0,1.4,0,16.2,853.1,16.2,16.5,87.7,261,254,0,0,70,0.2,0.2,16.5,15,12.3
2026-06-02T21:48:42Z,0,0,0,0,1.4,0,15.8,853.2,16,16.1,89.5,261,253,0,0,70,0,0,16.1,14.9,11.9
2026-06-02T22:03:50Z,0,0,0,0,1.4,0,15.4,853.3,15.6,15.8,91.1,258,253,0,0,70,0,0,15.8,14.7,11.6
2026-06-02T22:18:58Z,0,0,0,0,1.4,0,15.4,853.3,15.7,15.8,92.2,260,252,0,0,70,0,0,15.8,14.9,11.6
2026-06-02T22:34:05Z,0,0,0,0,1.4,0,15.6,853.2,16,16,92.5,260,254,0,0,70,0,0,16.1,15.2,11.9
2026-06-02T22:49:13Z,0,0,0,0,1.4,0,15.8,852.9,16.1,16.1,93,258,253,0,0.3,70,0.9,0.9,16.2,15.3,12
2026-06-02T23:04:39Z,0,0,0,0,1.4,0,15.9,852.8,16.1,16.2,93.4,260,254,0,0.4,70,1.1,1.1,16.3,15.5,12.1
2026-06-02T23:19:46Z,0,0,0,0,1.4,0,15.9,852.8,16.1,16.3,93.5,259,254,0,0.5,70,1.5,1.5,16.3,15.5,12.1
2026-06-02T23:34:54Z,0,0,0,0,1.4,0,15.8,852.7,16.1,16.2,93.7,260,253,0,0.1,70,0.4,0.4,16.3,15.5,12.1
2026-06-02T23:50:47Z,0,0,0,0,1.4,0,15.9,852.6,16.2,16.3,93.9,260,255,0,0,70,0.7,0.7,16.4,15.6,12.2
2026-06-03T00:00:51Z,0,0,0,0,1.4,0,16,852.5,16.2,16.4,94.1,260,254,0,0,70,0,0,16.4,15.7,12.2
2026-06-03T00:15:59Z,0,0,0,0,1.4,0,16,852.5,16.2,16.4,94.1,260,255,0,0.1,70,0.4,0.4,16.5,15.7,12.2
2026-06-03T00:31:06Z,0,0,0,0,1.4,0,16,852.5,16.3,16.4,94,261,254,0,0,70,0,0,16.5,15.7,12.3
2026-06-03T00:46:14Z,0,0,0,0,1.4,0,16,852.5,16.3,16.4,93.8,261,253,0,0,70,0,0,16.5,15.7,12.3
2026-06-03T01:01:40Z,0,0,0,0,1.4,0,16.1,852.7,16.2,16.5,93.8,261,253,0,0,70,0,0,16.6,15.7,12.3
2026-06-03T01:16:47Z,0,0,0,0,1.4,0,16.1,852.7,16.3,16.5,93.5,259,254,0,0,70,0,0,16.5,15.7,12.3
2026-06-03T01:31:54Z,0,0,0,0,1.4,0,16.1,852.8,16.3,16.5,93.4,260,253,0,0,70,0,0,16.5,15.7,12.3
2026-06-03T01:47:02Z,0,0,0,0,1.4,0,16.1,852.8,16.2,16.5,93.2,261,253,0,0,70,0,0,16.6,15.7,12.4
2026-06-03T02:02:09Z,0,0,0,0,1.4,0,16.2,852.7,16.3,16.6,93.4,260,252,0,0,70,0.2,0.2,16.6,15.8,12.4
2026-06-03T02:17:17Z,0,0,0,0,1.4,0,16.2,852.9,16.3,16.5,93.2,260,253,0,0,70,0,0,16.6,15.7,12.4
2026-06-03T02:32:43Z,0,0,0,0,1.4,0,16.2,852.9,16.3,16.6,93.2,260,254,0,0,70,0,0,16.6,15.8,12.4
2026-06-03T02:47:51Z,0,0,0,0,1.4,0,16.2,852.9,16.2,16.6,93.5,260,253,0,0,70,0,0,16.6,15.8,12.4
2026-06-03T03:03:00Z,0,0,0,0,1.4,0,16.1,853,16.2,16.5,93.5,260,254,0,0,70,0,0,16.6,15.7,12.4
2026-06-03T03:18:07Z,0,0,0,0,1.4,0,16.1,853,16.2,16.5,93.6,261,256,0,0,70,0,0,16.6,15.7,12.4
2026-06-03T03:33:14Z,0,0,0,0,1.4,0,16.1,852.8,16.2,16.5,93.1,263,274,0,0.1,70,0.2,0.2,16.5,15.6,12.3
2026-06-03T03:48:22Z,0,0,0,0.1,1.4,0,16.1,853,16.3,16.5,92.9,271,358,0,0.3,70,0.9,0.9,16.6,15.7,12.3
2026-06-03T04:03:47Z,0,0,0,0.2,1.4,0,16.2,853.2,16.4,16.6,92.4,293,596,0,0.2,70,0.9,0.9,16.6,15.7,12.4
2026-06-03T04:18:55Z,0,0,0,0.2,1.4,0,16.5,853.4,16.6,16.7,91.1,303,711,0,0.2,70,0.7,0.7,16.8,15.7,12.6
2026-06-03T04:34:03Z,0,0,0,0.1,1.4,0,16.5,853.5,16.6,16.8,90.7,275,419,0,0,70,0,0,16.9,15.7,12.6
2026-06-03T04:49:10Z,0,0,0,0.2,1.4,0,16.5,853.7,16.7,16.8,90.9,297,640,0,0,70,0,0,16.9,15.7,12.7
2026-06-03T05:04:17Z,0,0,0,0.3,1.4,0,16.5,853.9,16.7,16.9,89.7,318,854,0,0.5,70,1,1,16.9,15.6,12.7
2026-06-03T05:19:24Z,0,0,0,0.5,1.4,0,17,853.9,17.2,17.4,88.6,343,1162,0,0,70,0,0,17.5,16.1,13.2
2026-06-03T05:34:50Z,0,0,0,0.5,1.4,0,17.3,854,17.4,17.5,87.1,344,1170,0,1.2,70,1.7,1.7,17.5,16,13.3
2026-06-03T05:49:58Z,0,0,0,0.6,1.4,0,17.6,854,17.8,17.9,86,365,1403,0,0.4,70,0.9,0.9,17.9,16.2,13.7
2026-06-03T06:05:05Z,0,0,0,1,0,0,18.4,854,18.5,18.7,82.8,446,2265,0,0.1,70,0.4,0.4,18.7,16.6,14.4
2026-06-03T06:20:13Z,0,0,0,1,0,0,18.9,854.1,18.9,19,80.7,438,2182,0,0,70,0,0,19.1,16.7,14.7
2026-06-03T06:35:25Z,0,0,0,1.7,0,0,20.2,854,20.4,20.3,77.6,579,3612,0,0.4,70,1.1,1.1,20.3,17.5,15.9
2026-06-03T06:50:50Z,0,0,0,1.8,0,0,21.6,854,21.6,21.3,72.1,590,3702,0,0.2,70,1.1,1.1,21.3,17.7,16.7
2026-06-03T07:05:57Z,0,0,0,1.2,0,0,20.6,854,21.4,20.5,73.4,491,2655,0,0.7,265,1.3,1.3,20.5,17.2,16
2026-06-03T07:21:04Z,0,0,0,1,0,0,20.5,854.1,20.9,20.6,73.7,447,2211,0,0,243,0,0,20.7,17.4,16.2
2026-06-03T07:36:58Z,0,0,0,0.5,0,0,20.5,854,20.9,20.8,71.8,344,1188,0,0,240,0,0,20.8,17.3,16.3
2026-06-03T07:52:05Z,0,0,0,1,0,0,20.3,853.9,20.7,20.5,73.3,436,2125,0,0.1,197,0.4,0.4,20.6,17.2,16.1
2026-06-03T08:07:56Z,0,0,0,0.6,0,0,20.5,853.9,20.9,20.9,70.4,377,1547,0,0,196,0,0,20.9,17.2,16.4
2026-06-03T08:23:03Z,0,0,0,0.6,0,0,20.6,853.8,20.9,21,70.1,379,1539,0,0,197,0.2,0.2,21,17.2,16.4
2026-06-03T08:38:10Z,0,0,0,1.1,0,0,20.9,853.8,21.2,21.1,71,467,2476,0,0,208,0,0,21.1,17.4,16.5
2026-06-03T08:53:17Z,0,0,0,1.8,0,0,21.4,853.6,21.8,21.4,68.6,597,3857,0,0.1,209,0.7,0.7,21.4,17.4,16.8
2026-06-03T09:08:24Z,0,0,0,1.4,0,0,21.7,853.4,22.2,22.1,66.2,518,3003,0,0,209,0.2,0.2,22.1,17.7,17.4
2026-06-03T09:23:31Z,0,0,0,1,0,0,21.8,853.3,22.1,22.1,67.1,442,2208,0,0,208,0,0,22.2,17.9,17.4
2026-06-03T09:38:58Z,0,0,0,1.5,0,0,21.6,853,21.9,21.6,65.8,547,3299,0,0.5,209,1.1,1.1,21.6,17.3,17
2026-06-03T09:54:05Z,0,0,0,1.6,0,0,22.3,852.7,22.4,22.3,65.1,558,3436,0,0,208,0,0,22.3,17.8,17.5
2026-06-03T10:09:12Z,0,0,0,2.1,0,0,23,852.6,23.1,22.8,62.9,655,4440,0,0,246,0.2,0.2,22.8,18,18
2026-06-03T10:24:19Z,0,0,0,2.2,0,0,24.4,852.2,24.9,24.9,59.1,673,4652,0,0.1,246,0.7,0.7,24.9,19.3,19.7
2026-06-03T10:39:26Z,0,0,0,1.8,0,0,24.4,852.1,24.9,25.3,54.5,589,3689,0,0.2,142,1.1,1.1,25.3,19,20
2026-06-03T10:54:33Z,0,0,0,4.3,0,0,24.3,851.7,24.2,24.9,58.5,1065,9002,0,0.1,142,0.4,0.4,24.9,19.1,19.7
2026-06-03T11:10:01Z,0,0,0,2,0,0,24.1,851.4,24.4,25.1,56.3,639,4195,0,0.2,94,0.9,0.9,25.1,19,19.8
2026-06-03T11:25:08Z,0,0,0,2,0,0,23.3,851.3,24.1,23.8,58.2,633,4209,0,0.8,193,1.5,1.5,23.8,18.2,18.8
2026-06-03T11:40:15Z,0,0,0,0.9,0,0,23.7,851.1,24.4,24.5,58.4,420,1995,0,0,193,0.2,0.2,24.5,18.8,19.3
2026-06-03T11:55:22Z,0,0,0,0.9,0,0,23.1,850.8,23.6,23.7,60.9,424,1992,0,0.1,139,0.4,0.4,23.7,18.5,18.7
2026-06-03T12:10:29Z,0,0,0,1.1,0,0,22.9,850.7,23.4,23.3,62.5,472,2485,0,0.1,140,0.4,0.4,23.3,18.3,18.4
2026-06-03T12:25:36Z,0,0,0,1.5,0,0,24,850.5,24.3,24.5,58.7,529,3091,0,0,145,0.4,0.4,24.5,18.9,19.4
2026-06-03T12:41:02Z,0,0,0,0.7,0,0,23.4,850.4,23.9,24.1,59.4,393,1700,0,0.1,147,0.4,0.4,24.2,18.6,19.1
2026-06-03T12:56:08Z,0,0,0,0.9,0,0,22.7,850.3,23.1,23.3,62.9,418,1949,0,0.5,136,1.1,1.1,23.3,18.4,18.4
2026-06-03T13:11:16Z,0,0,0,0.9,0,0,22.7,850.2,23,23.2,63.7,416,1897,0,0.5,141,1.3,1.3,23.2,18.4,18.3
2026-06-03T13:26:23Z,0,0,0,0.8,0,0,22.3,850.2,22.6,22.9,63.4,407,1797,0,0.4,120,1.1,1.1,22.9,18.1,18
2026-06-03T13:41:30Z,0,0,0,1,0,0,22.8,850.2,23.2,23.4,61.7,446,2265,0,0,187,0,0,23.4,18.3,18.5
2026-06-03T13:56:37Z,0,0,0,0.5,0,0,22.8,850.4,23.3,23.5,61.7,345,1123,0,0.1,118,0.4,0.4,23.5,18.4,18.6
2026-06-03T14:11:44Z,0,0,0,0.4,0,0,22.2,850.5,22.6,22.7,64.6,327,923,0,0,125,0.2,0.2,22.7,18.1,17.9
2026-06-03T14:27:07Z,0,0,0,0.3,0,0,21.8,850.6,22.1,22.3,65.8,317,847,0,0.1,140,0.4,0.4,22.3,17.8,17.5
2026-06-03T14:42:14Z,0,0,0,0.2,0,0,21.7,850.7,21.9,22.1,66.1,286,519,0,0.3,115,3.1,3.1,22.1,17.7,17.4
2026-06-03T14:57:21Z,0,0,0,0.1,0,0,21.4,850.8,21.6,21.8,66.6,275,405,0,0.3,131,0.9,0.9,21.8,17.5,17.1
2026-06-03T15:12:29Z,0,0,0,0,0,0,21.1,850.9,21.2,21.5,67.6,265,296,0,0.4,159,2,2,21.4,17.3,16.8
2026-06-03T15:27:36Z,0,0,0,0,0,0,20.7,850.9,20.9,21.1,68.4,263,266,0,0.4,117,1.3,1.3,21.1,17.1,16.5
2026-06-03T15:42:43Z,0,0,0,0,0,0,20.4,851,20.6,20.8,69.9,260,254,0,0,130,0,0,20.7,17,16.2
2026-06-03T15:57:51Z,0,0,0,0,0,0,20,851.2,20.2,20.4,70.4,260,253,0,0.3,96,2,2,20.4,16.7,15.9
2026-06-03T16:13:12Z,0,0,0,0,0,0,19.9,851.3,19.9,20.2,71.9,261,254,0,0,140,0,0,20.2,16.7,15.7
2026-06-03T16:28:19Z,0,0,0,0,0,0,19.7,851.5,19.9,20.1,72.7,259,253,0,0,140,0,0,20.1,16.7,15.6
2026-06-03T16:43:27Z,0,0,0,0,0,0,19.4,851.4,19.6,19.9,73.6,260,254,0,0.3,140,0.9,0.9,19.8,16.6,15.4
2026-06-03T16:58:34Z,0,0,0,0,0,0,19.2,851.5,19.4,19.6,74.6,260,253,0,0,174,0.2,0.2,19.6,16.5,15.2
2026-06-03T17:13:42Z,0,0,0,0,0,0,19,851.7,19.1,19.3,75.5,261,254,0,0,128,0,0,19.3,16.3,14.9
2026-06-03T17:28:49Z,0,0,0,0,0,0,18.6,851.8,18.8,19,76.7,261,254,0,0,128,0,0,18.9,16.1,14.6
2026-06-03T17:44:14Z,0,0,0,0,0,0,18.5,852,18.6,18.9,77.2,260,253,0,0,131,0,0,18.8,16.1,14.5
2026-06-03T17:59:23Z,0,0,0,0,0,0,18.5,852.1,18.7,18.9,77.3,259,254,0,0,131,0,0,18.9,16.1,14.5
2026-06-03T18:14:30Z,0,0,0,0,0,0,18.7,852.3,18.8,19,76.6,260,254,0,0.1,131,0.7,0.7,18.9,16.1,14.6
2026-06-03T18:29:37Z,0,0,0,0,0,0,18.7,852.4,18.8,19,76.9,260,254,0,0,131,0.2,0.2,19,16.2,14.6
2026-06-03T18:44:44Z,0,0,0,0,0,0,18.7,852.5,18.8,19,76.7,260,252,0,0,131,0,0,19,16.2,14.6
2026-06-03T18:59:51Z,0,0,0,0,0,0,18.6,852.5,18.8,19,76.9,260,253,0,0,131,0,0,19,16.2,14.6
2026-06-03T19:15:17Z,0,0,0,0,0,0,18.6,852.8,18.8,18.9,77.4,260,253,0,0.1,138,0.7,0.7,18.9,16.2,14.6
2026-06-03T19:30:24Z,0,0,0,0,0,0,18.5,852.8,18.7,18.9,78.1,260,253,0,0,138,0,0,18.9,16.3,14.6
2026-06-03T19:45:31Z,0,0,0,0,0,0,18.4,852.7,18.6,18.8,78.8,261,254,0,0,137,0,0,18.8,16.3,14.5
2026-06-03T20:00:39Z,0,0,0,0,0,0,18.3,852.7,18.4,18.7,80.2,260,253,0,0,137,0,0,18.7,16.3,14.4
2026-06-03T20:15:47Z,0,0,0,0,0,0,18.3,852.7,18.5,18.7,80.1,260,253,0,0,137,0.5,0.5,18.7,16.3,14.3
2026-06-03T20:30:54Z,0,0,0,0,0,0,18.4,852.6,18.5,18.7,80.2,259,254,0,0,137,0.2,0.2,18.7,16.3,14.4
2026-06-03T20:46:20Z,0,0,0,0,0,0,18.4,852.5,18.5,18.8,80.5,261,253,0,0,137,0,0,18.8,16.4,14.5
2026-06-03T21:01:27Z,0,0,0,0,0,0,18.3,852.5,18.4,18.7,80.9,261,254,0,0,137,0,0,18.7,16.4,14.4
2026-06-03T21:16:35Z,0,0,0,0,0,0,18.2,852.4,18.4,18.6,81,261,253,0,0.6,137,1.7,1.7,18.6,16.3,14.3
2026-06-03T21:31:42Z,0,0,0,0,0,0,18.2,852.3,18.4,18.6,81.2,260,253,0,0,137,0,0,18.6,16.3,14.3
2026-06-03T21:47:28Z,0,0,0,0,0,0,18.1,852.1,18.2,18.5,81.8,260,253,0,0,137,0,0,18.5,16.3,14.2
2026-06-03T22:02:36Z,0,0,0,0,0,0,17.9,852,18.1,18.3,82.3,260,252,0,0,137,0,0,18.3,16.2,14
2026-06-03T22:17:44Z,0,0,0,0,0,0,17.6,851.8,17.8,18,83.6,259,253,0,0,137,0,0,18.1,16.1,13.8
2026-06-03T22:32:51Z,0,0,0,0,0,0,17.4,851.7,17.6,17.8,84.7,260,254,0,0.1,137,0.8,0.8,17.8,15.9,13.5
2026-06-03T22:48:18Z,0,0,0,0,0,0,17.3,851.6,17.4,17.6,85.6,260,252,0,0.1,137,0.7,0.7,17.6,15.9,13.3
2026-06-03T23:03:26Z,0,0,0,0,0,0,17.2,851.4,17.3,17.5,86.3,262,252,0,0,138,0.2,0.2,17.5,15.9,13.3
2026-06-03T23:18:34Z,0,0,0,0,0,0,16.9,851.4,17.1,17.3,87.1,261,253,0,0,137,0,0,17.3,15.8,13.1
2026-06-03T23:33:41Z,0,0,0,0,0,0,16.9,851.4,17.1,17.3,87.5,260,253,0,0,137,0,0,17.3,15.8,13.1
2026-06-03T23:48:49Z,0,0,0,0,0,0,16.9,851.3,17,17.3,88,260,253,0,0,138,0,0,17.4,15.9,13.1
2026-06-04T00:00:55Z,0,0,0,0,0,0,16.9,851.2,17,17.3,88.8,261,254,0,0,137,0,0,17.3,15.9,13.1
2026-06-04T00:16:03Z,0,0,0,0,0,0,16.8,851.3,16.9,17.1,89.4,260,254,0,0,137,0,0,17.2,15.9,13
2026-06-04T00:31:29Z,0,0,0,0,0,0,16.7,851.2,16.8,17.1,90.1,261,254,0,0,137,0.2,0.2,17.2,15.9,12.9
2026-06-04T00:46:36Z,0,0,0,0,0,0,16.7,851.2,16.8,17.1,90.5,259,253,0,0,137,0,0,17.2,16,13
2026-06-04T01:01:44Z,0,0,0,0,0,0,16.7,851.1,16.8,17.1,90.7,260,253,0,0,137,0,0,17.1,16,12.9
2026-06-04T01:16:52Z,0,0,0,0,0,0,16.5,851,16.7,16.9,90.9,260,253,0,0,137,0,0,17,15.8,12.7
2026-06-04T01:32:01Z,0,0,0,0,0,0,16.4,851,16.4,16.7,91.9,262,252,0,0,137,0.4,0.4,16.8,15.8,12.6
2026-06-04T01:47:09Z,0,0,0,0,0,0,16.1,851.1,16.2,16.5,92.4,258,254,0,0,137,0,0,16.5,15.6,12.3
2026-06-04T02:02:31Z,0,0,0,0,0,0,16,851.3,16.2,16.4,93.6,260,252,0,0,137,0,0,16.4,15.6,12.2
2026-06-04T02:17:39Z,0,0,0,0,0,0,16.1,851.4,16.2,16.4,94.2,260,253,0,0.1,137,0.7,0.7,16.5,15.7,12.3
2026-06-04T02:32:47Z,0,0,0,0,0,0,16.2,851.7,16.3,16.5,94.3,260,254,0,0,124,0,0,16.6,15.8,12.4
2026-06-04T02:47:55Z,0,0,0,0,0,0,16.2,851.8,16.4,16.6,94,260,254,0,0.1,86,1.1,1.1,16.7,15.9,12.4
2026-06-04T03:03:03Z,0,0,0,0,0,0,16.2,852.1,16.4,16.6,93.7,260,254,0,0,51,0,0,16.7,15.9,12.5
2026-06-04T03:18:29Z,0,0,0,0,0,0,16.3,852.3,16.4,16.7,93.6,262,257,0,0,51,0,0,16.8,15.9,12.6
2026-06-04T03:34:36Z,0,0,0,0,0,0,16.3,852.3,16.4,16.7,93.6,266,286,0,0,54,0.2,0.2,16.8,15.9,12.6
2026-06-04T03:49:44Z,0,0,0,0.1,0,0,16.4,852.3,16.5,16.8,93.5,271,371,0,0.1,42,0.4,0.4,16.9,16,12.6
2026-06-04T04:04:52Z,0,0,0,0.2,0,0,16.6,852.3,16.7,16.9,93.1,284,500,0,0.1,43,0.4,0.4,17,16.1,12.8
2026-06-04T04:20:00Z,0,0,0,0.2,0,0,16.8,852.4,16.9,17.1,92.6,304,703,0,0,47,0,0,17.2,16.2,13
2026-06-04T04:35:08Z,0,0,0,0.3,0,0,17.2,852.6,17.3,17.5,91.7,313,814,0,0,71,0.2,0.2,17.5,16.5,13.3
2026-06-04T04:50:33Z,0,0,0,0.4,0,0,17.6,852.7,17.8,17.9,89.7,338,1098,0,0,71,0,0,18,16.6,13.7
2026-06-04T05:05:41Z,0,0,0,0.8,0,0,18.4,852.7,18.5,18.6,86.8,397,1723,0,0,71,0,0,18.7,17,14.4
2026-06-04T05:22:19Z,0,0,0,0.8,0,0,19.3,852.8,19.4,19.1,82.8,406,1852,0,0.2,71,0.7,0.7,19.2,17.1,14.8
2026-06-04T05:37:43Z,0,0,0,0.9,0,0,20.2,852.9,20.7,20.3,77.8,432,2082,0,0.1,132,0.4,0.4,20.3,17.5,15.9
2026-06-04T05:52:51Z,0,0,0,1.2,0,0,19.9,852.9,20.5,20.4,77.1,488,2669,0,0,132,0.2,0.2,20.5,17.5,16
2026-06-04T06:07:58Z,0,0,0,1.2,0,0,20.5,852.8,20.9,20.8,75.3,485,2630,0,0,132,0.2,0.2,20.9,17.7,16.3
2026-06-04T06:23:05Z,0,0,0,1.4,0,0,22.1,853,22.2,22.1,68.2,524,3124,0,0.6,131,1.3,1.3,22.1,18,17.4
2026-06-04T06:38:13Z,0,0,0,0.8,0,0,22,853,22.7,22.4,65.8,403,1834,0,0.3,131,0.9,0.9,22.4,18,17.7
2026-06-04T06:53:21Z,0,0,0,0.4,0,0,20.4,853.1,21.2,20.9,70.8,333,1119,0,0,132,0.4,0.4,20.9,17.2,16.3
2026-06-04T07:08:46Z,0,0,0,0.7,0,0,20.1,853.1,20.6,20.3,73.4,389,1682,0,0,132,0,0,20.3,17,15.8
2026-06-04T07:23:54Z,0,0,0,2,0,0,21.2,853.1,21.4,21.3,69.7,622,4126,0,0.1,132,0.2,0.2,21.3,17.5,16.7
2026-06-04T07:39:01Z,0,0,0,0.6,0,0,23.1,853.1,22.9,23,63.3,376,1551,0,0.3,344,0.7,0.7,23,18.2,18.2
2026-06-04T07:54:09Z,0,0,0,1.1,0,0,22,853.1,21.9,21.5,70.4,460,2412,0,0,280,0,0,21.6,17.8,16.9
2026-06-04T08:09:16Z,0,0,0,0.7,0,0,21.8,853,21.9,21.8,70.7,385,1628,0,0,280,0,0,21.8,18,17.2
2026-06-04T08:24:24Z,0,0,0,0.9,0,0,21.1,852.9,21.3,21.1,70.2,419,1988,0,0,281,0.2,0.2,21.1,17.4,16.6
2026-06-04T08:39:50Z,0,0,0,1.4,0,0,22.2,852.8,22.1,22.2,67.8,526,3080,0,0.1,318,0.4,0.4,22.2,18,17.5
2026-06-04T08:54:58Z,0,0,0,1.1,0,0,22.7,852.6,22.3,22.4,66.6,459,2406,0,0.7,357,1.3,1.3,22.4,18.1,17.7
2026-06-04T09:10:05Z,0,0,0,1.1,0,0,23.6,852.4,23.6,23.7,62.8,469,2506,0,0,333,0.4,0.4,23.8,18.8,18.8
2026-06-04T09:25:13Z,0,0,0,3.2,0,0,23.7,852.2,24.1,23.8,63.2,863,6636,0,0.9,245,1.7,1.7,23.9,18.9,18.9
2026-06-04T09:40:20Z,0,0,0,1.6,0,0,23.6,852,24.4,23.8,62.4,561,3285,0,0.6,195,1.3,1.3,23.9,18.8,18.8
2026-06-04T09:55:27Z,0,0,0,4.8,0,0,25,851.8,25.2,25.4,58.1,1148,9877,0,0.1,139,0.7,0.7,25.4,19.5,20.1
2026-06-04T10:11:01Z,0,0,0,3.8,0,0,24.7,851.4,25.5,25.1,56.3,973,7872,0,0.6,205,1.7,1.7,25.1,19,19.9
2026-06-04T10:26:07Z,0,0,0,2.5,0,0,24.7,851.4,25.4,25.1,58.1,728,5209,0,0.1,101,0.7,0.7,25.2,19.4,19.9
2026-06-04T10:41:31Z,0,0,0,1,0,0,23.8,851.3,24.3,24.3,58.7,441,2207,0,0.3,81,1.1,1.1,24.3,18.7,19.2
2026-06-04T10:56:55Z,0,0,0,1,0,0,23.7,851.1,24.2,24,59.9,449,2317,0,0.6,192,1.7,1.7,24.1,18.6,19
2026-06-04T11:12:02Z,0,0,0,0.8,0,0,23.3,851,23.8,23.7,59,405,1821,0,0.9,160,2.4,2.4,23.7,18.2,18.7
2026-06-04T11:27:09Z,0,0,0,1,0,0,23.5,850.6,23.9,23.8,59.1,441,2144,0,0,196,0.4,0.4,23.8,18.3,18.8
2026-06-04T11:42:17Z,0,0,0,0.7,0,0,24.2,850.4,24.7,24.8,58,395,1723,0,0.4,164,1.1,1.1,24.8,19,19.6
2026-06-04T11:57:24Z,0,0,0,0.7,0,0,23.2,850.1,23.6,23.7,61,386,1535,0,0.4,179,1.1,1.1,23.8,18.5,18.8
2026-06-04T12:12:31Z,0,0,0,1.3,0,0,23.5,850.1,23.9,24,62.2,498,2685,0,0,112,0,0,24,18.9,19
2026-06-04T12:27:39Z,0,0,0,2.4,0,0,24.8,849.8,25.4,25.6,55.3,703,4966,0,0.5,162,1.7,1.7,25.6,19.3,20.3
2026-06-04T12:43:02Z,0,0,0,2.1,0,0,24.2,849.7,24.7,24.8,58.6,646,4426,0,0.1,153,0.7,0.7,24.9,19.1,19.6
2026-06-04T12:58:27Z,0,0,0,1.9,0,0,25.2,849.6,26.1,26.6,53.9,607,3973,0,0.8,86,1.5,1.5,26.6,20,21
2026-06-04T13:13:34Z,0,0,0,1.5,0,0,25.4,849.5,26.2,26.9,52.3,533,3166,0,0.1,187,0.2,0.2,27.4,20,21.6
2026-06-04T13:28:42Z,0,0,0,1.3,0,0,25,849.4,25.9,26.5,51.4,494,2748,0,0.8,141,2,2,26.5,19.5,20.9
2026-06-04T13:44:24Z,0,0,0,1.2,0,0,25.6,849.5,26.8,27.1,49.9,477,2618,0,0,143,0,0,27.6,19.8,21.7
2026-06-04T14:00:23Z,0,0,0,0.8,0,0,24.9,849.5,25.9,26.1,55.2,413,2009,0,0.1,112,0.4,0.4,26.2,19.8,20.7
2026-06-04T14:16:14Z,0,0,0,0.3,0,0,23.3,849.6,23.5,23.9,61,306,691,0,0.3,66,0.7,0.7,24,18.7,18.9
2026-06-04T14:31:22Z,0,0,0,0.2,0,0,22.8,849.7,23,23.3,63.3,303,601,0,0.2,16,0.7,0.7,23.3,18.4,18.4
2026-06-04T14:46:30Z,0,0,0,0.2,0,0,22.3,849.6,22.5,22.8,64.9,286,433,0,0.4,103,1.3,1.3,22.8,18.2,17.9
2026-06-04T15:01:37Z,0,0,0,0.1,0,0,22.1,849.7,22.2,22.5,65.1,272,326,0,0.9,123,2.2,2.2,22.5,17.9,17.7
2026-06-04T15:16:46Z,0,0,0,0,0,0,21.8,849.8,22,22.2,65.8,265,278,0,0,190,0.2,0.2,22.2,17.7,17.4
2026-06-04T15:32:11Z,0,0,0,0,0,0,21.4,850,21.5,21.8,66.4,263,262,0,0.5,133,1.5,1.5,21.8,17.5,17.1
2026-06-04T15:47:20Z,0,0,0,0,0,0,21,850,21.1,21.3,67.7,260,254,0,0.1,133,0.4,0.4,21.3,17.2,16.7
2026-06-04T16:02:28Z,0,0,0,0,0,0,20.7,850.2,20.8,21,68.1,261,253,0,0.1,144,0.7,0.7,20.9,16.9,16.4
2026-06-04T16:17:36Z,0,0,0,0,0,0,20.4,850.2,20.5,20.7,69,261,253,0,0,143,0.2,0.2,20.7,16.8,16.1
2026-06-04T16:32:44Z,0,0,0,0,0,0,20.1,850.4,20.3,20.5,69.3,260,253,0,0,153,0,0,20.4,16.6,15.9
2026-06-04T16:47:52Z,0,0,0,0,0,0,20.1,850.7,20.2,20.4,69.6,261,254,0,0,153,0.2,0.2,20.3,16.6,15.9
2026-06-04T17:03:15Z,0,0,0,0,0,0,20,850.8,20.2,20.4,70,260,254,0,0,139,0,0,20.3,16.6,15.9
2026-06-04T17:18:23Z,0,0,0,0,0,0,20,850.8,20.2,20.4,70.3,259,255,0,0,139,0.2,0.2,20.3,16.6,15.8
2026-06-04T17:33:31Z,0,0,0,0,0,0,20,851,20.1,20.3,71.1,260,254,0,0,139,0,0,20.3,16.7,15.8
2026-06-04T17:48:39Z,0,0,0,0,0,0,19.8,851.2,19.9,20.2,71.8,260,253,0,0,74,0,0,20.1,16.7,15.7
2026-06-04T18:03:48Z,0,0,0,0,0,0,19.8,851.3,19.9,20.2,71.6,260,253,0,0,136,0,0,20.2,16.6,15.7
2026-06-04T18:18:56Z,0,0,0,0,0,0,19.7,851.5,19.9,20.1,72.4,261,253,0,0,136,0,0,20.1,16.7,15.6
2026-06-04T18:34:18Z,0,0,0,0,0,0,19.7,851.6,19.8,20,72.2,261,253,0,0,136,0,0,20,16.6,15.5
2026-06-04T18:49:26Z,0,0,0,0,0,0,19.6,851.5,19.8,20,71.8,260,252,0,0,136,0,0,19.9,16.5,15.5
2026-06-04T19:04:34Z,0,0,0,0,0,0,19.6,851.7,19.8,19.9,72.8,261,254,0,0.1,136,0.4,0.4,19.9,16.5,15.5
2026-06-04T19:19:42Z,0,0,0,0,0,0,19.6,851.8,19.7,19.9,72.4,259,252,0,0,136,0,0,19.9,16.5,15.4
2026-06-04T19:34:50Z,0,0,0,0,0,0,19.5,852,19.6,19.8,72.3,261,253,0,0,136,0.2,0.2,19.7,16.4,15.3
2026-06-04T19:49:58Z,0,0,0,0,0,0,19.5,852.1,19.6,19.8,70.9,261,254,0,0,170,0,0,19.7,16.2,15.3
2026-06-04T20:05:21Z,0,0,0,0,0,0,19.4,852.1,19.6,19.7,70.1,259,254,0,0,32,0,0,19.6,16,15.2
2026-06-04T20:20:29Z,0,0,0,0,0,0,19.2,852,19.3,19.5,70.7,260,253,0,0.2,185,1.3,1.3,19.5,15.9,15.1
2026-06-04T20:35:36Z,0,0,0,0,0,0,18.8,852,19,19.2,69.2,261,253,0,0,34,0,0,19.1,15.5,14.8
2026-06-04T20:50:44Z,0,0,0,0,0,0,18.3,852,18.6,18.7,70.9,259,254,0,0,139,0.4,0.4,18.6,15.2,14.3
2026-06-04T21:05:52Z,0,0,0,0,0,0,17.8,851.9,18,18.2,72.1,260,254,0,0,162,0,0,18.1,14.9,13.8
2026-06-04T21:21:00Z,0,0,0,0,0,0,17.3,851.8,17.4,17.6,74,260,254,0,0,162,0,0,17.5,14.5,13.2
2026-06-04T21:36:25Z,0,0,0,0,0,0,16.9,851.6,17,17.3,75.7,259,253,0,0,162,0,0,17.1,14.4,12.9
2026-06-04T21:51:33Z,0,0,0,0,0,0,16.5,851.5,16.6,16.8,77.3,260,253,0,0,162,0,0,16.7,14.2,12.5
2026-06-04T22:06:41Z,0,0,0,0,0,0,16.1,851.4,16.2,16.3,79.9,260,254,0,0,162,0,0,16.2,14,12
2026-06-04T22:21:49Z,0,0,0,0,0,0,15.6,851.1,15.8,15.9,82.2,261,254,0,0,162,0,0,15.8,13.9,11.6
2026-06-04T22:36:57Z,0,0,0,0,0,0,15.3,851,15.7,15.8,82.9,258,254,0,0,162,0,0,15.7,13.8,11.5
2026-06-04T22:52:05Z,0,0,0,0,0,0,15.1,850.7,15.4,15.5,83.8,259,253,0,0,162,0,0,15.4,13.6,11.2
2026-06-04T23:07:29Z,0,0,0,0,0,0,15,850.4,15.4,15.4,84.9,262,251,0,0,162,0,0,15.3,13.7,11.1
2026-06-04T23:22:37Z,0,0,0,0,0,0,14.8,850.4,15.1,15.1,86.7,261,253,0,0,162,0,0,15,13.6,10.8
2026-06-04T23:37:44Z,0,0,0,0,0,0,14.5,850.4,14.8,14.9,87.4,260,252,0,0,162,0,0,14.8,13.4,10.6
2026-06-04T23:52:52Z,0,0,0,0,0,0,14.1,850.5,14.4,14.5,88.7,259,254,0,0,162,0,0,14.4,13.2,10.2
2026-06-05T00:00:57Z,0,0,0,0,0,0,13.9,850.4,14.1,14.3,89.2,261,254,0,0,162,0,0,14.2,13,10
2026-06-05T00:16:04Z,0,0,0,0,0,0,13.8,850.5,14.1,14.2,90.7,259,253,0,0,162,0,0,14.1,13.1,9.9
2026-06-05T00:31:30Z,0,0,0,0,0,0,13.5,850.5,13.8,14,91,259,253,0,0,162,0,0,13.9,12.9,9.7
2026-06-05T00:46:38Z,0,0,0,0,0,0,13.3,850.4,13.6,13.7,91.8,261,253,0,0,162,0,0,13.6,12.8,9.4
2026-06-05T01:01:46Z,0,0,0,0,0,0,13.3,850.4,13.6,13.8,92.7,261,253,0,0,162,0,0,13.7,12.9,9.5
2026-06-05T01:16:53Z,0,0,0,0,0,0,13.2,850.4,13.5,13.6,92.7,260,254,0,0,162,0,0,13.6,12.8,9.3
2026-06-05T01:32:01Z,0,0,0,0,0,0,12.9,850.3,13.1,13.3,92.9,261,254,0,0,162,0,0,13.2,12.5,9
2026-06-05T01:47:08Z,0,0,0,0,0,0,12.8,850.3,13.1,13.2,93.6,258,253,0,0,162,0,0,13.2,12.5,8.9
2026-06-05T02:02:34Z,0,0,0,0,0,0,12.8,850.6,13,13.2,93.9,261,254,0,0,162,0,0,13.1,12.5,8.8
2026-06-05T02:17:42Z,0,0,0,0,0,0,12.7,850.8,12.9,13.1,94,260,255,0,0,162,0,0,13,12.4,8.8
2026-06-05T02:32:50Z,0,0,0,0,0,0,12.5,850.8,12.8,13,93.8,260,253,0,0,162,0,0,12.9,12.3,8.7
2026-06-05T02:47:58Z,0,0,0,0,0,0,12.3,851,12.6,12.8,93.9,260,253,0,0,162,0,0,12.7,12.1,8.4
2026-06-05T03:03:07Z,0,0,0,0,0,0,12.3,851.2,12.5,12.7,94.4,260,253,0,0,162,0,0,12.6,12,8.3
2026-06-05T03:18:15Z,0,0,0,0,0,0,12.2,851.4,12.6,12.7,95,259,261,0,0,162,0,0,12.6,12.1,8.4
2026-06-05T03:33:36Z,0,0,0,0.1,0,0,12.1,851.4,12.4,12.5,95.1,266,299,0,0,162,0.2,0.2,12.4,11.9,8.1
2026-06-05T03:48:45Z,0,0,0,0.1,0,0,12,851.6,12.3,12.5,95.2,275,359,0,0,162,0,0,12.4,11.9,8.1
2026-06-05T04:03:53Z,0,0,0,0.2,0,0,12.4,851.7,12.7,12.8,95.6,285,470,0,0,162,0,0,12.7,12.3,8.4
2026-06-05T04:19:21Z,0,0,0,0.2,0,0,13.8,851.8,14.2,13.5,95.8,297,581,0,0,162,0,0,13.5,13,9.2
2026-06-05T04:34:44Z,0,0,0,0.6,0,0,15.1,851.9,15.9,14.4,95.4,361,1397,0,0,162,0,0,14.3,13.8,10.1
2026-06-05T04:49:53Z,0,0,0,0.8,0,0,17.5,852,18.6,15.8,89.7,397,1792,0,0,162,0,0,15.8,14.6,11.6
2026-06-05T05:05:00Z,0,0,0,1,0,0,19.6,852.1,21.1,17.8,81.7,436,2215,0,0.1,162,0.4,0.4,17.8,15.7,13.6
2026-06-05T05:20:07Z,0,0,0,1.2,0,0,21.6,852.3,22.2,20.4,71.2,475,2614,0,0,162,0.2,0.2,20.4,16.8,15.9
2026-06-05T05:35:15Z,0,0,0,1.4,0,0,21.8,852.4,21.8,20.5,71.4,522,3121,0,0,162,0.2,0.2,20.5,16.9,16
2026-06-05T05:50:22Z,0,0,0,1.7,0,0,20.9,852.4,20.4,19.5,73.3,567,3578,0,0.2,162,0.7,0.7,19.4,16.2,15
2026-06-05T06:05:47Z,0,0,0,1.9,0,0,19.1,852.4,19.7,18.5,77.2,606,3996,0,0.4,242,0.9,0.9,18.5,15.8,14.2
2026-06-05T06:20:54Z,0,0,0,2.1,0,0,20.9,852.3,22.1,20.6,71.8,644,4401,0,0.1,215,0.7,0.7,20.6,17.1,16.1
2026-06-05T06:36:33Z,0,0,0,2.3,0,0,23,852.3,23,22.5,64.1,687,4855,0,0,215,0.2,0.2,22.5,17.8,17.7
2026-06-05T06:51:54Z,0,0,0,2.7,0,0,22,852.5,22.4,22.2,65.6,755,5700,0,0,167,0.2,0.2,22.2,17.8,17.5
2026-06-05T07:07:01Z,0,0,0,2.8,0,0,22.8,852.5,23.3,22.8,64.3,787,5953,0,0.1,243,0.7,0.7,22.8,18.1,18
2026-06-05T07:22:08Z,0,0,0,2.9,0,0,21.1,852.5,21.7,21,68.4,799,6083,0,0.9,246,2,2,20.9,17,16.4
2026-06-05T07:37:15Z,0,0,0,3.3,0,0,21.6,852.3,22.2,21.7,66.6,872,6832,0,0.2,234,0.7,0.7,21.7,17.4,17
2026-06-05T07:52:23Z,0,0,0,3.3,0,0,23.8,852.2,24.6,24,57.2,874,6825,0,1.1,182,2.2,2.2,24,18.2,19
2026-06-05T08:07:50Z,0,0,0,3.3,0,0,22.5,852,22.9,23,60.7,877,6910,0,0.5,33,1.1,1.1,23,17.8,18.1
2026-06-05T08:22:57Z,0,0,0,3.5,0,0,24.3,851.9,24.6,24.9,55.3,919,7296,0,0,138,0.2,0.2,24.9,18.7,19.6
2026-06-05T08:38:55Z,0,0,0,1.5,0,0,23.6,851.7,24.6,23.7,55.8,538,2963,0,0.3,227,1.3,1.3,23.7,17.8,18.7
2026-06-05T08:54:32Z,0,0,0,0.9,0,0,22.7,851.7,23.4,23.2,57.9,433,1982,0,0.3,198,1.7,1.7,23.1,17.6,18.2
2026-06-05T09:10:14Z,0,0,0,3.7,0,0,22.6,851.4,23.3,23.1,56.4,938,7509,0,0.8,174,1.7,1.7,23,17.3,18.2
2026-06-05T09:25:21Z,0,0,0,3.3,0,0,23.6,851.2,24.2,23.7,56.3,881,6873,0,0.7,236,1.3,1.3,23.6,17.8,18.7
2026-06-05T09:40:28Z,0,0,0,0.9,0,0,24.1,851.2,24.8,24.6,53.1,422,1738,0,0.2,146,0.9,0.9,24.5,18.1,19.4
2026-06-05T09:56:06Z,0,0,0,3.7,0,0,24.4,851,25,24.8,50.7,951,7581,0,1.2,169,2,2,24.7,17.9,19.5
2026-06-05T10:11:14Z,0,0,0,1.5,0,0,25.5,850.8,26.1,26.1,49.6,540,3016,0,0.6,177,2,2,26.1,18.9,20.6
2026-06-05T10:26:21Z,0,0,0,3.5,0,0,25.8,850.6,26.4,26.5,47.1,907,7146,0,0.3,169,1.3,1.3,26.5,18.8,20.9
2026-06-05T10:41:28Z,0,0,0,3.5,0,0,25.5,850.4,26.1,26.4,48.8,900,7029,0,0.6,146,1.1,1.1,26.4,19,20.8
2026-06-05T10:56:35Z,0,0,0,3.1,0,0,26.6,850.1,27.2,27.6,45.7,842,6448,0,0.1,163,0.4,0.4,27.7,19.5,21.8
2026-06-05T11:11:58Z,0,0,0,3.3,0,0,25.4,850,25.6,25.8,49.7,867,6776,0,1.7,80,2.8,2.8,25.7,18.6,20.3
2026-06-05T11:27:06Z,0,0,0,3,0,0,26.5,849.8,26.6,27.2,49.1,823,6284,0,0.1,85,0.7,0.7,27.5,19.7,21.7
2026-06-05T11:42:13Z,0,0,0,2.9,0,0,25.8,849.6,26,26.5,48.5,790,5979,0,0.9,105,2,2,26.4,19,20.9
2026-06-05T11:57:20Z,0,0,0,2.9,0,0,27.3,849.5,27.9,28.2,45.6,806,6126,0,1.7,170,3.5,3.5,28.3,20,22.2
2026-06-05T12:12:28Z,0,0,0,2.5,0,0,25.6,849.4,26.1,26.5,48.2,726,5275,0,0.2,186,0.9,0.9,26.4,19,20.9
2026-06-05T12:28:23Z,0,0,0,2.4,0,0,26.1,849.2,26.6,27.1,47,703,5007,0,1.4,173,4.1,4.1,27.3,19.3,21.5
2026-06-05T12:43:30Z,0,0,0,0.5,0,0,25.5,849.2,25.8,26.3,47.6,351,1091,0,0.7,176,2,2,26.3,18.8,20.8
2026-06-05T12:58:38Z,0,0,0,0.5,0,0,25.4,849.3,25.9,26.4,47.5,355,1108,0,0.2,110,0.7,0.7,26.3,18.8,20.8
2026-06-05T13:14:03Z,0,0,0,1.5,0,0,26,849.2,26.6,27.2,46.1,541,3273,0,0.6,89,1.3,1.3,27.4,19.3,21.6
2026-06-05T13:29:11Z,0,0,0,1.4,0,0,26.2,849.3,26.8,27.5,46.4,509,2950,0,0.3,166,0.7,0.7,27.7,19.5,21.8
2026-06-05T13:44:18Z,0,0,0,1.1,0,0,25.9,849.2,26.8,27.2,45.9,461,2428,0,0.3,87,2.2,2.2,27.3,19.2,21.5
2026-06-05T14:00:12Z,0,0,0,0.9,0,0,25.4,849.3,26,26.8,47.7,420,1998,0,0.2,92,0.9,0.9,27.1,19.2,21.4
2026-06-05T14:15:12Z,0,0,0,0.6,0,0,25.4,849.3,26.2,27,46.9,377,1548,0,0.3,77,1.1,1.1,27.2,19.2,21.5
2026-06-05T14:30:19Z,0,0,0,0.2,0,0,24.6,849.4,24.9,25.7,49.9,304,630,0,1.1,85,2.8,2.8,25.7,18.6,20.3
2026-06-05T14:45:27Z,0,0,0,0.2,0,0,23.7,849.5,23.9,24.2,54.8,303,661,0,0.4,93,1.8,1.8,24.2,18,19.1
2026-06-05T15:01:24Z,0,0,0,0.2,0,0,23.3,849.7,23.5,23.7,56.6,285,492,0,0.1,156,1.1,1.1,23.6,17.8,18.7
2026-06-05T15:16:31Z,0,0,0,0.1,0,0,22.8,849.9,22.9,23.2,57.6,272,348,0,0.7,157,2.2,2.2,23.1,17.5,18.2
2026-06-05T15:31:39Z,0,0,0,0,0,0,22.2,850,22.4,22.5,60.9,262,269,0,0.2,204,1.3,1.3,22.5,17.4,17.7
2026-06-05T15:47:03Z,0,0,0,0,0,0,21.6,849.9,21.8,21.9,62.8,261,254,0,0,108,0,0,21.9,17.1,17.2
2026-06-05T16:02:11Z,0,0,0,0,0,0,21.3,850.2,21.4,21.5,63.8,260,253,0,0.3,166,1.7,1.7,21.5,16.9,16.9
2026-06-05T16:17:18Z,0,0,0,0,0,0,20.7,850.4,20.9,21.1,65.5,260,253,0,0.1,140,0.7,0.7,21,16.7,16.5
2026-06-05T16:32:25Z,0,0,0,0,0,0,20.5,850.6,20.7,20.9,66.8,260,252,0,0,191,0,0,20.8,16.7,16.3
2026-06-05T16:47:33Z,0,0,0,0,0,0,20.4,850.6,20.5,20.7,67.4,259,253,0,0,139,0.2,0.2,20.6,16.6,16.1
2026-06-05T17:03:14Z,0,0,0,0,0,0,20.1,850.8,20.2,20.5,68.5,260,253,0,0,137,0,0,20.4,16.5,15.9
2026-06-05T17:18:21Z,0,0,0,0,0,0,19.8,851.1,19.9,20.1,69.7,261,254,0,0,115,0.2,0.2,20.1,16.3,15.6
2026-06-05T17:33:29Z,0,0,0,0,0,0,19.7,851.4,19.8,20,70.4,260,253,0,0.4,98,1.5,1.5,19.9,16.3,15.5
2026-06-05T17:48:36Z,0,0,0,0,0,0,19.5,851.6,19.6,19.8,71.2,261,253,0,0.1,119,0.2,0.2,19.8,16.3,15.4
2026-06-05T18:03:43Z,0,0,0,0,0,0,19.4,851.5,19.6,19.7,71.8,261,252,0,0,127,0,0,19.7,16.2,15.3
2026-06-05T18:19:09Z,0,0,0,0,0,0,19.1,851.5,19.2,19.5,73,260,254,0,0.5,104,2,2,19.5,16.2,15.1
2026-06-05T18:34:17Z,0,0,0,0,0,0,18.8,851.7,18.9,19.2,74.7,261,254,0,0.3,135,1.5,1.5,19.1,16.1,14.8
2026-06-05T18:49:25Z,0,0,0,0,0,0,18.7,851.8,18.8,19.1,76.2,260,253,0,0.3,170,1.5,1.5,19.1,16.2,14.7
2026-06-05T19:04:33Z,0,0,0,0,0,0,18.6,851.8,18.8,19,77.2,260,252,0,0,97,0,0,19,16.2,14.6
2026-06-05T19:19:41Z,0,0,0,0,0,0,18.5,851.9,18.7,18.9,79.1,260,254,0,0.3,138,1.5,1.5,18.9,16.4,14.6
2026-06-05T19:34:48Z,0,0,0,0,0,0,18.1,852,18.3,18.5,81.3,260,253,0,0,105,0.2,0.2,18.5,16.3,14.2
2026-06-05T19:50:13Z,0,0,0,0,0,0,17.9,852.2,18,18.2,83.3,260,253,0,0,52,0.4,0.4,18.2,16.2,13.9
2026-06-05T20:05:21Z,0,0,0,0,0,0,17.7,852.3,17.8,18,84.3,261,254,0,0,123,0,0,18,16.1,13.8
2026-06-05T20:20:29Z,0,0,0,0,0,0,17.5,852.3,17.6,17.8,85.5,260,252,0,0,81,0,0,17.8,16.1,13.6
2026-06-05T20:35:37Z,0,0,0,0,0,0,17.4,852.3,17.6,17.8,86.4,261,253,0,0,62,0.2,0.2,17.8,16.2,13.6
2026-06-05T20:50:45Z,0,0,0,0,0,0,17.8,852.3,18.1,18.1,85.7,260,254,0,0.2,67,0.7,0.7,18.2,16.4,13.9
2026-06-05T21:05:53Z,0,0,0,0,0,0,18,852.3,18.1,18.4,85.3,261,253,0,0.4,92,1.3,1.3,18.4,16.6,14.1
2026-06-05T21:21:18Z,0,0,0,0,0,0,18,852.2,18.2,18.4,84.7,261,253,0,0.1,106,0.7,0.7,18.5,16.6,14.2
2026-06-05T21:36:26Z,0,0,0,0,0,0,18.1,852.1,18.2,18.5,84.3,261,253,0,0,106,0,0,18.5,16.6,14.2
2026-06-05T21:51:33Z,0,0,0,0,0,0,18,851.9,18.1,18.4,83.9,260,254,0,0.4,354,1.3,1.3,18.4,16.4,14.1
2026-06-05T22:07:25Z,0,0,0,0,0,0,17.9,852,18.1,18.2,84.7,260,253,0,0.1,13,0.4,0.4,18.3,16.4,14
2026-06-05T22:22:32Z,0,0,0,0,0,0,17.8,851.9,18,18.2,84.7,260,253,0,0,12,0.2,0.2,18.3,16.4,14
2026-06-05T22:37:40Z,0,0,0,0,0,0,17.9,852.1,18.1,18.3,84.9,260,253,0,0,112,0,0,18.4,16.5,14.1
2026-06-05T22:52:47Z,0,0,0,0,0,0,17.8,851.9,17.9,18.2,84.9,260,254,0,0.1,138,0.7,0.7,18.3,16.4,14
2026-06-05T23:07:55Z,0,0,0,0,0,0,17.7,851.9,17.8,18,86.1,261,254,0,0,138,0,0,18.1,16.4,13.8
2026-06-05T23:23:30Z,0,0,0,0,0,0,17.6,851.7,17.8,18,86.8,260,252,0,0,138,0,0,18,16.4,13.7
2026-06-05T23:38:37Z,0,0,0,0,0,0,17.5,851.5,17.7,17.9,85.5,260,253,0,0.1,189,0.4,0.4,17.9,16.2,13.7
2026-06-05T23:53:44Z,0,0,0,0,0,0,17.2,851.5,17.4,17.6,87.2,259,252,0,0.3,183,0.9,0.9,17.6,16.1,13.4
2026-06-06T00:00:47Z,0,0,0,0,0,0,17,851.3,17.2,17.4,88,261,253,0,0.1,153,0.7,0.7,17.4,15.9,13.2
2026-06-06T00:15:55Z,0,0,0,0,0,0,16.7,851.5,16.8,17.1,89.5,260,253,0,0,152,0,0,17.1,15.8,12.9
2026-06-06T00:31:22Z,0,0,0,0,0,0,16.6,851.4,16.8,17,90.3,260,253,0,0,152,0,0,17,15.8,12.8
2026-06-06T00:46:29Z,0,0,0,0,0,0,16.4,851.5,16.6,16.8,90.9,260,254,0,0,152,0,0,16.9,15.7,12.6
2026-06-06T01:01:37Z,0,0,0,0,0,0,16.3,851.6,16.5,16.7,91.4,260,253,0,0,152,0,0,16.8,15.7,12.5
2026-06-06T01:16:44Z,0,0,0,0,0,0,16.1,851.8,16.2,16.5,91.4,260,254,0,0,152,0,0,16.5,15.5,12.3
2026-06-06T01:31:51Z,0,0,0,0,0,0,15.9,851.7,16.2,16.2,92.3,262,254,0,0,152,0,0,16.3,15.3,12.1
2026-06-06T01:46:58Z,0,0,0,0,0,0,15.7,851.7,16,16,93.4,261,254,0,0,152,0,0,16.1,15.3,11.9
2026-06-06T02:02:24Z,0,0,0,0,0,0,15.4,851.7,15.7,15.7,93.5,262,254,0,0,152,0,0,15.8,15,11.6
2026-06-06T02:17:31Z,0,0,0,0,0,0,15.4,851.8,15.7,15.8,94.7,260,253,0,0,152,0,0,15.8,15.1,11.6
2026-06-06T02:32:39Z,0,0,0,0,0,0,15.3,851.9,15.6,15.6,95.1,259,253,0,0,152,0,0,15.6,15,11.4
2026-06-06T02:47:46Z,0,0,0,0,0,0,14.9,851.8,15.2,15.3,95.2,261,253,0,0,152,0,0,15.3,14.7,11.1
2026-06-06T03:02:54Z,0,0,0,0,0,0,15.2,851.9,15.4,15.5,95.6,260,255,0,0,152,0,0,15.6,15,11.4
2026-06-06T03:18:40Z,0,0,0,0,0,0,15.4,852.2,15.8,15.9,95.9,259,260,0,0,152,0,0,16,15.4,11.8
2026-06-06T03:34:04Z,0,0,0,0,0,0,15.6,852.4,15.9,15.9,96,263,275,0,0.4,152,1.1,1.1,16,15.5,11.8
2026-06-06T03:49:12Z,0,0,0,0.1,0,0,15.6,852.4,15.9,15.9,96,270,355,0,0,152,0,0,16,15.5,11.8
2026-06-06T04:04:20Z,0,0,0,0.2,0,0,15.7,852.3,16,16.1,95.7,293,575,0,0,152,0.2,0.2,16.1,15.5,11.9
2026-06-06T04:19:27Z,0,0,0,0.3,0,0,16,852.5,16.3,16.3,94.6,319,914,0,0.3,152,1.5,1.5,16.4,15.6,12.1
2026-06-06T04:34:34Z,0,0,0,0.3,0,0,16.3,852.7,16.5,16.6,92.9,306,735,0,0,152,0,0,16.7,15.8,12.5
2026-06-06T04:49:42Z,0,0,0,0.3,0,0,16.4,852.9,16.6,16.8,91.6,320,898,0,0.1,152,0.7,0.7,16.8,15.8,12.6
2026-06-06T05:05:07Z,0,0,0,0.6,0,0,16.9,853.1,17.1,17.2,90.8,369,1470,0,0,152,0.2,0.2,17.3,16.1,13.1
2026-06-06T05:20:15Z,0,0,0,0.6,0,0,17.5,853.1,17.8,17.8,87.9,367,1401,0,0.2,152,1.1,1.1,17.9,16.4,13.6
2026-06-06T05:35:22Z,0,0,0,0.6,0,0,17.6,853.2,18,17.9,86.8,363,1357,0,0.2,152,0.4,0.4,17.9,16.3,13.7
2026-06-06T05:50:30Z,0,0,0,0.6,0,0,17.9,853.3,18.2,18,84.2,372,1423,0,0.4,153,1.1,1.1,18.1,16.1,13.8
2026-06-06T06:05:37Z,0,0,0,0.7,0,0,18.1,853.2,18.6,18.5,83.6,389,1619,0,0,153,0,0,18.6,16.5,14.3
2026-06-06T06:20:44Z,0,0,0,0.6,0,0,18.8,853.4,19.1,19.2,81.7,378,1497,0,0,153,0,0,19.3,17,14.9
2026-06-06T06:36:04Z,0,0,0,0.8,0,0,19.5,853.3,19.5,19.7,79.1,399,1660,0,0,153,0,0,19.7,17.1,15.3
2026-06-06T06:51:11Z,0,0,0,2.9,0,0,20.6,853.3,21.1,20.6,76.8,792,6169,0,0,153,0.2,0.2,20.6,17.7,16.1
2026-06-06T07:06:18Z,0,0,0,3,0,0,21,853.2,21.7,21.1,73.2,810,6236,0,0.7,153,1.1,1.1,21.1,17.7,16.5
2026-06-06T07:21:24Z,0,0,0,3,0,0,21.8,853.1,22.6,22.4,68.2,808,6170,0,0.1,137,1,1,22.4,18.3,17.7
2026-06-06T07:36:31Z,0,0,0,3.1,0,0,21.8,853,22.9,22.4,66.7,837,6459,0,0.4,197,1.1,1.1,22.4,18.1,17.7
2026-06-06T07:52:21Z,0,0,0,2.3,0,0,23.9,852.9,24.7,24.3,63.1,689,4730,0,0,171,0.2,0.2,24.4,19.3,19.3
2026-06-06T08:07:27Z,0,0,0,0.9,0,0,22.6,852.7,23.2,22.5,66.3,428,1878,0,0,6,0,0,22.5,18.1,17.7
2026-06-06T08:22:35Z,0,0,0,3.7,0,0,23.2,852.7,23.8,23.5,62.8,939,7538,0,0.5,98,1.4,1.4,23.5,18.5,18.5
2026-06-06T08:37:42Z,0,0,0,1.4,0,0,23.6,852.6,24,23.9,61.4,524,2956,0,0.1,126,0.7,0.7,23.9,18.7,18.9
2026-06-06T08:52:49Z,0,0,0,3.1,0,0,24.5,852.3,24.5,24.6,58.2,841,6800,0,0.9,82,1.5,1.5,24.6,18.9,19.5
2026-06-06T09:08:16Z,0,0,0,3.8,0,0,23.8,852.1,24.8,24.4,61,964,7814,0,1.3,216,2.6,2.6,24.4,19.1,19.3
2026-06-06T09:23:24Z,0,0,0,2.8,0,0,24.8,851.9,25.4,25.3,59.5,770,5515,0,0.1,185,0.7,0.7,25.4,19.7,20
2026-06-06T09:38:31Z,0,0,0,4.1,0,0,25.4,851.6,25.4,25.8,54.2,1014,8325,0,0.5,328,1.1,1.1,25.9,19.4,20.4
2026-06-06T09:53:38Z,0,0,0,4,0,0,25,851.4,25.7,25.3,55.5,997,8144,0,0.7,188,2,2,25.3,19.1,20
2026-06-06T10:08:45Z,0,0,0,1,0,0,25.8,851.1,26.4,26.3,54.8,439,2066,0,0,121,0.4,0.4,26.4,19.9,20.8
2026-06-06T10:23:51Z,0,0,0,3.7,0,0,26.4,851.1,27.1,27.1,51.9,941,7581,0,0.9,92,1.5,1.5,27.6,20.1,21.7
2026-06-06T10:38:59Z,0,0,0,4.1,0,0,27,850.9,27.4,27.7,50.8,1024,8560,0,0.2,137,0.9,0.9,28.2,20.5,22.2
2026-06-06T10:54:20Z,0,0,0,1.4,0,0,26.5,850.8,27.1,27.2,50.4,516,2914,0,0.7,102,2.2,2.2,27.7,20,21.8
2026-06-06T11:09:27Z,0,0,0,1.9,0,0,26.5,850.6,27,27.3,51,605,3832,0,1,76,2,2,27.8,20.2,21.9
2026-06-06T11:24:35Z,0,0,0,3.2,0,0,26.7,850.3,26.8,27.5,51.6,847,6558,0,1,109,1.7,1.7,28.1,20.4,22.1
2026-06-06T11:39:42Z,0,0,0,3,0,0,27.2,850.4,27.4,28.3,51,819,6317,0,0.6,95,1.9,1.9,28.9,21,22.6
2026-06-06T11:54:49Z,0,0,0,0.9,0,0,26.5,850.2,26.8,27.2,53.6,417,1790,0,0.1,182,0.7,0.7,27.9,20.5,21.9
2026-06-06T12:09:57Z,0,0,0,1.6,0,0,26.3,850,26.8,27.1,54.4,560,3378,0,0.4,149,1.3,1.3,27.8,20.5,21.9
2026-06-06T12:25:23Z,0,0,0,2.2,0,0,26.7,850,27.2,27.6,50.3,675,4682,0,0.7,161,1.7,1.7,28.1,20.3,22.1
2026-06-06T12:40:30Z,0,0,0,0.6,0,0,26.6,849.8,27,27.8,49.8,360,1112,0,0.6,138,2.2,2.2,28.2,20.4,22.2
2026-06-06T12:55:37Z,0,0,0,2,0,0,26.7,849.9,27.2,27.9,50,638,4367,0,0.4,75,1.7,1.7,28.3,20.5,22.3
2026-06-06T13:10:44Z,0,0,0,0.7,0,0,25.6,850.1,26.2,26.6,51.9,382,1516,0,0.6,117,2.6,2.6,26.6,19.7,21
2026-06-06T13:25:51Z,0,0,0,1,0,0,25,850.1,25.4,25.6,54.7,436,2111,0,0.2,121,1.5,1.5,25.6,19.2,20.2
2026-06-06T13:40:58Z,0,0,0,1.1,0,0,25.4,850.1,26.1,26.4,52.4,461,2436,0,0.1,137,0.4,0.4,26.4,19.6,20.9
2026-06-06T13:56:05Z,0,0,0,0.9,0,0,25.3,850.2,26,26.5,50.7,419,1964,0,0.6,139,2.4,2.4,26.5,19.4,21
2026-06-06T14:11:27Z,0,0,0,0.7,0,0,24.9,850.3,25.6,26.1,50.6,381,1533,0,0.6,86,0.9,0.9,26.1,19.1,20.6
2026-06-06T14:26:34Z,0,0,0,0.3,0,0,24.5,850.3,25.1,25.4,52.2,309,716,0,1.1,172,3.3,3.3,25.3,18.7,20
2026-06-06T14:41:41Z,0,0,0,0.2,0,0,23.9,850.4,24.1,24.2,54.9,291,482,0,0.5,111,1.3,1.3,24.2,18.1,19.1
2026-06-06T14:57:34Z,0,0,0,0.1,0,0,23.3,850.7,23.5,23.7,56.9,282,422,0,0.2,115,1.5,1.5,23.7,17.9,18.7
2026-06-06T15:12:41Z,0,0,0,0.1,0,0,22.8,850.9,22.9,23.1,59.3,273,340,0,0.1,162,0.7,0.7,23.1,17.7,18.2
2026-06-06T15:27:47Z,0,0,0,0,0,0,22.3,851.2,22.4,22.7,59.9,263,281,0,0.1,164,0.4,0.4,22.6,17.4,17.8
2026-06-06T15:42:54Z,0,0,0,0,0,0,21.8,851.2,21.9,22.1,61.2,261,256,0,0,164,0,0,22.1,17.1,17.4
2026-06-06T15:58:01Z,0,0,0,0,0,0,21.5,851.4,21.6,21.8,62.5,260,254,0,0.1,164,1.1,1.1,21.7,17,17.1
2026-06-06T16:13:38Z,0,0,0,0,0,0,21.2,851.7,21.3,21.5,63.9,261,253,0,0.2,164,0.7,0.7,21.4,16.8,16.8
2026-06-06T16:28:45Z,0,0,0,0,0,0,20.8,851.7,20.9,21.2,64.9,262,252,0,0,164,0,0,21.1,16.7,16.5
2026-06-06T16:43:52Z,0,0,0,0,0,0,20.5,851.9,20.6,20.8,66.3,259,253,0,0,164,0,0,20.7,16.5,16.2
2026-06-06T16:59:00Z,0,0,0,0,0,0,20.2,852.1,20.4,20.5,66.8,260,253,0,0.1,164,0.4,0.4,20.5,16.4,16
2026-06-06T17:14:07Z,0,0,0,0,0,0,20.4,852.4,20.6,20.7,66.6,260,253,0,0,164,0.1,0.1,20.6,16.5,16.1
2026-06-06T17:29:15Z,0,0,0,0,0,0,20.5,852.3,20.6,20.8,66.1,260,254,0,0,164,0,0,20.7,16.5,16.2
2026-06-06T17:44:37Z,0,0,0,0,0,0,20.5,852.3,20.6,20.8,64.3,260,254,0,0.6,129,2,2,20.7,16.3,16.2
2026-06-06T17:59:44Z,0,0,0,0,0,0,20.2,852.4,20.4,20.5,64.7,262,253,0,0.2,219,1.1,1.1,20.4,16.1,15.9
2026-06-06T18:14:51Z,0,0,0,0,0,0,19.8,852.5,20,20.2,65.7,259,254,0,0.1,156,1.1,1.1,20.1,15.9,15.7
2026-06-06T18:29:59Z,0,0,0,0,0,0,19.4,852.7,19.6,19.7,68,260,253,0,0,152,0,0,19.6,15.8,15.2
2026-06-06T18:45:06Z,0,0,0,0,0,0,19.1,852.9,19.2,19.4,67.8,261,253,0,0,162,0,0,19.3,15.5,14.9
2026-06-06T19:00:13Z,0,0,0,0,0,0,19.1,852.9,19.2,19.4,66.5,260,255,0,0.5,204,1.5,1.5,19.3,15.3,14.9
2026-06-06T19:15:40Z,0,0,0,0,0,0,18.9,852.9,19.1,19.3,67.2,260,254,0,0,153,0.2,0.2,19.1,15.2,14.8
2026-06-06T19:30:48Z,0,0,0,0,0,0,18.4,853,18.5,18.7,69,260,254,0,0.1,124,0.4,0.4,18.6,15,14.3
2026-06-06T19:45:55Z,0,0,0,0,0,0,17.9,853.2,18,18.2,71.3,259,253,0,0,124,0.2,0.2,18.1,14.8,13.8
2026-06-06T20:01:03Z,0,0,0,0,0,0,18,853.3,18.2,18.5,70.2,262,253,0,0,151,0,0,18.3,14.9,14
2026-06-06T20:16:11Z,0,0,0,0,0,0,17.9,853.4,18.1,18.2,71.9,260,254,0,0,151,0,0,18.1,14.8,13.8
2026-06-06T20:31:19Z,0,0,0,0,0,0,18.1,853.3,18.2,18.4,71.7,261,254,0,0,123,0,0,18.3,15,14
2026-06-06T20:46:44Z,0,0,0,0,0,0,18,853.3,18.2,18.4,72,260,255,0,0.2,134,0.7,0.7,18.2,15,14
2026-06-06T21:01:52Z,0,0,0,0,0,0,17.9,853.3,18.1,18.3,73.1,261,253,0,0,123,0.2,0.2,18.2,15,13.9
2026-06-06T21:17:00Z,0,0,0,0,0,0,17.7,853.3,17.8,18.1,73.6,261,253,0,0,148,0,0,18,14.9,13.7
2026-06-06T21:32:07Z,0,0,0,0,0,0,17.4,853.3,17.6,17.8,75.6,261,253,0,0,148,0,0,17.7,14.9,13.4
2026-06-06T21:47:15Z,0,0,0,0,0,0,17.3,853.3,17.4,17.6,76.8,260,253,0,0.1,148,0.7,0.7,17.6,14.9,13.3
2026-06-06T22:02:23Z,0,0,0,0,0,0,17.4,853.2,17.6,17.7,77.7,260,254,0,0,130,0,0,17.6,15.1,13.4
2026-06-06T22:17:47Z,0,0,0,0,0,0,17.5,853,17.6,17.8,79,260,252,0,0,111,0,0,17.8,15.3,13.5
2026-06-06T22:32:55Z,0,0,0,0,0,0,17.4,853,17.6,17.7,80.1,260,253,0,0,100,0.2,0.2,17.7,15.4,13.4
2026-06-06T22:48:02Z,0,0,0,0,0,0,17.3,852.7,17.4,17.6,81.2,259,254,0,0,128,0,0,17.6,15.4,13.4
2026-06-06T23:03:10Z,0,0,0,0,0,0,17,852.5,17.2,17.4,83.1,260,255,0,0,120,0.2,0.2,17.4,15.4,13.2
2026-06-06T23:18:17Z,0,0,0,0,0,0,16.7,852.6,16.8,17.1,84.7,262,255,0,0,165,0,0,17.1,15.3,12.8
2026-06-06T23:33:43Z,0,0,0,0,0,0,16.4,852.6,16.6,16.8,85.8,261,253,0,0.2,165,0.7,0.7,16.8,15.1,12.6
2026-06-06T23:48:51Z,0,0,0,0,0,0,16.4,852.5,16.6,16.8,86.2,261,253,0,0,165,0,0,16.8,15.1,12.5
2026-06-07T00:00:56Z,0,0,0,0,0,0,16.5,852.4,16.7,17,86.7,260,253,0,0,165,0,0,17,15.4,12.8
2026-06-07T00:16:04Z,0,0,0,0,0,0,16.5,852.5,16.7,16.9,85.9,261,253,0,0,165,0,0,16.9,15.3,12.7
2026-06-07T00:31:12Z,0,0,0,0,0,0,16.5,852.5,16.5,16.8,86.2,260,254,0,0,165,0,0,16.8,15.1,12.5
2026-06-07T00:46:19Z,0,0,0,0,0,0,16.4,852.7,16.5,16.7,86.8,259,254,0,0,165,0.2,0.2,16.7,15.2,12.5
2026-06-07T01:01:27Z,0,0,0,0,0,0,16.4,852.8,16.5,16.7,87.1,260,254,0,0,165,0.2,0.2,16.7,15.2,12.5
2026-06-07T01:16:52Z,0,0,0,0,0,0,16.3,852.7,16.4,16.7,87.7,260,254,0,0,165,0.2,0.2,16.7,15.2,12.5
2026-06-07T01:32:00Z,0,0,0,0,0,0,16.2,852.6,16.4,16.6,88.6,259,253,0,0.1,165,0.4,0.4,16.6,15.2,12.4
2026-06-07T01:47:07Z,0,0,0,0,0,0,16.1,852.7,16.2,16.4,89,261,253,0,0,165,0,0,16.4,15.1,12.2
2026-06-07T02:02:15Z,0,0,0,0,0,0,15.9,852.9,16.2,16.3,90,261,253,0,0,165,0,0,16.3,15.1,12.1
2026-06-07T02:17:44Z,0,0,0,0,0,0,15.8,853.1,16.1,16.2,90.7,261,253,0,0.1,165,0.4,0.4,16.2,15.1,12
2026-06-07T02:33:08Z,0,0,0,0,0,0,15.7,853.4,16.1,16.1,91.9,260,253,0,0,165,0,0,16.1,15.1,11.9
2026-06-07T02:48:16Z,0,0,0,0,0,0,15.9,853.5,16.1,16.2,92,262,253,0,0,165,0,0,16.2,15.3,12
2026-06-07T03:03:23Z,0,0,0,0,0,0,16,853.6,16.3,16.4,91.7,261,253,0,0,165,0,0,16.4,15.4,12.2
2026-06-07T03:18:31Z,0,0,0,0,0,0,16,853.6,16.3,16.4,91.1,261,260,0,0,165,0,0,16.4,15.4,12.2
2026-06-07T03:34:18Z,0,0,0,0.1,0,0,15.8,853.6,16.1,16.2,91.3,265,302,0,0,165,0,0,16.2,15.2,12
2026-06-07T03:49:26Z,0,0,0,0.1,0,0,15.7,853.6,16.1,16.1,91.9,276,406,0,0,165,0,0,16.1,15.1,11.9
2026-06-07T04:04:33Z,0,0,0,0.2,0,0,16,853.6,16.3,16.2,92.4,293,620,0,0,165,0,0,16.2,15.3,12
2026-06-07T04:19:41Z,0,0,0,0.2,0,0,16.4,853.7,16.5,16.6,91.1,298,678,0,0.1,165,0.2,0.2,16.6,15.5,12.4
2026-06-07T04:34:49Z,0,0,0,0.3,0,0,16.9,853.8,17,17.1,89.8,321,929,0,0.3,165,0.7,0.7,17.2,15.9,13
2026-06-07T04:50:14Z,0,0,0,0.5,0,0,17.3,853.8,17.5,17.6,87.8,354,1298,0,0,165,0,0,17.7,16.2,13.4
2026-06-07T05:05:22Z,0,0,0,0.6,0,0,17.9,854,18.2,18.3,85.8,364,1396,0,0,165,0,0,18.3,16.6,14
2026-06-07T05:20:29Z,0,0,0,0.8,0,0,18.4,854,18.6,18.8,79.9,409,1905,0,0.5,165,0.7,0.7,18.8,16.4,14.5
2026-06-07T05:35:37Z,0,0,0,0.9,0,0,18.9,854.2,18.7,18.8,79.1,424,2054,0,0.2,165,0.7,0.7,18.8,16.3,14.5
2026-06-07T05:51:21Z,0,0,0,0.7,0,0,18.9,854.3,19.3,19.3,75.8,386,1658,0,0,165,0,0,19.3,16.3,14.9
2026-06-07T06:06:28Z,0,0,0,0.6,0,0,19.3,854.3,19.6,19.6,73.7,369,1465,0,0.5,165,0.9,0.9,19.6,16.4,15.2
2026-06-07T06:21:35Z,0,0,0,0.8,0,0,19.1,854.5,19.4,19.3,75.8,407,1848,0,0.5,165,1.1,1.1,19.2,16.3,14.9
2026-06-07T06:36:42Z,0,0,0,1,0,0,19.3,854.5,19.7,19.6,72.8,441,2213,0,0.3,165,0.7,0.7,19.6,16.3,15.2
2026-06-07T06:52:26Z,0,0,0,1,0,0,19.7,854.6,19.9,19.9,72.3,441,2225,0,0,165,0,0,19.8,16.4,15.4
2026-06-07T07:07:33Z,0,0,0,1.2,0,0,19.8,854.6,20,20,74,484,2689,0,0.4,205,1.3,1.3,20,16.8,15.6
2026-06-07T07:22:41Z,0,0,0,1.2,0,0,20.2,854.6,20.6,20.4,70.3,485,2636,0,0,184,0.2,0.2,20.4,16.7,15.9
2026-06-07T07:37:48Z,0,0,0,3.5,0,0,21,854.5,21.6,21.3,64.8,918,7495,0,0.2,184,0.7,0.7,21.2,16.8,16.6
2026-06-07T07:52:56Z,0,0,0,3.5,0,0,21.9,854.4,22.9,22.3,58.9,907,7225,0,0.7,153,1.5,1.5,22.2,16.9,17.5
2026-06-07T08:08:21Z,0,0,0,2,0,0,22.9,854.3,23.5,23.5,56.3,621,3953,0,0.3,113,0.9,0.9,23.4,17.6,18.5
2026-06-07T08:23:28Z,0,0,0,1.4,0,0,24.2,854.2,24.8,24.7,55.9,514,2939,0,0,158,0.2,0.2,24.7,18.6,19.5
2026-06-07T08:38:35Z,0,0,0,0.9,0,0,21.9,854.1,22.6,22.5,62.9,429,2096,0,0.2,157,0.7,0.7,22.4,17.6,17.7
2026-06-07T08:53:43Z,0,0,0,1.8,0,0,22.1,854.2,22.5,22.3,63.2,593,3779,0,0.2,194,0.7,0.7,22.2,17.5,17.5
2026-06-07T09:08:50Z,0,0,0,1.4,0,0,23.1,854,23.8,23.6,60,523,2995,0,0,193,0,0,23.6,18.3,18.7
2026-06-07T09:24:17Z,0,0,0,1.3,0,0,22.8,853.9,23.4,23.2,60.5,493,2780,0,0.1,272,0.5,0.5,23.1,17.9,18.3
2026-06-07T09:39:25Z,0,0,0,1.2,0,0,22.7,853.9,23.5,23.3,57.8,479,2566,0,0.6,192,1.3,1.3,23.2,17.7,18.4
2026-06-07T09:54:32Z,0,0,0,4.3,0,0,23.5,853.6,24,23.8,57.7,1069,9115,0,0.5,164,1.3,1.3,23.8,18.1,18.8
2026-06-07T10:09:39Z,0,0,0,1.3,0,0,23.3,853.4,23.8,23.6,58.8,496,2704,0,0.5,137,1.1,1.1,23.5,18,18.6
2026-06-07T10:24:46Z,0,0,0,3.9,0,0,23.1,853.1,23.8,23.7,57.9,977,8080,0,0.7,200,2,2,23.7,18.1,18.7
2026-06-07T10:39:53Z,0,0,0,0.9,0,0,24.6,852.8,25.3,25.4,55.7,426,2027,0,0.2,166,0.7,0.7,25.4,19.2,20.1
2026-06-07T10:55:28Z,0,0,0,3.8,0,0,24.5,852.7,24.8,25,55.2,970,8180,0,0.4,161,1.5,1.5,25,18.8,19.7
2026-06-07T11:10:35Z,0,0,0,1,0,0,23.2,852.5,23.7,23.8,56.5,447,2210,0,0.7,176,1.7,1.7,23.8,17.9,18.8
2026-06-07T11:25:42Z,0,0,0,3.2,0,0,24.1,852.3,24.4,24.7,57.8,862,6934,0,0.2,150,0.7,0.7,24.7,18.9,19.5
2026-06-07T11:40:49Z,0,0,0,0.7,0,0,24,852.3,24.4,24.5,57.2,393,1618,0,0,134,0.7,0.7,24.5,18.7,19.4
2026-06-07T11:55:58Z,0,0,0,0.8,0,0,23.9,852,24.2,24.6,57.1,407,1661,0,0.1,84,0.4,0.4,24.6,18.7,19.4
2026-06-07T12:11:25Z,0,0,0,2.4,0,0,24.8,851.9,25.2,25.6,54.4,710,5088,0,0.2,100,1.3,1.3,25.6,19.2,20.2
2026-06-07T12:26:32Z,0,0,0,1.4,0,0,25.7,851.7,26.2,26.7,50.2,520,2951,0,0.8,127,2.4,2.4,27.2,19.5,21.4
2026-06-07T12:41:39Z,0,0,0,2.1,0,0,25.1,851.6,25.9,26.1,52.2,654,4534,0,0.1,151,0.4,0.4,26.2,19.3,20.7
2026-06-07T12:56:46Z,0,0,0,0.6,0,0,24.4,851.7,25,25,53.7,359,1185,0,0.1,141,0.7,0.7,25,18.6,19.8
2026-06-07T13:11:53Z,0,0,0,0.9,0,0,23.9,851.7,24.2,24.7,54.1,433,2002,0,0,139,0.2,0.2,24.7,18.3,19.5
2026-06-07T13:27:00Z,0,0,0,0.6,0,0,24.3,851.8,24.9,25.1,50.3,373,1355,0,0.1,136,0.7,0.7,25.1,18.2,19.8
2026-06-07T13:42:32Z,0,0,0,0.5,0,0,24.7,851.9,25.4,25.6,49.3,350,1190,0,1.2,164,2.6,2.6,25.6,18.4,20.2
2026-06-07T13:57:39Z,0,0,0,0.9,0,0,24,851.9,24.7,24.8,51.1,417,1986,0,0.9,148,2.4,2.4,24.7,18,19.6
2026-06-07T14:12:47Z,0,0,0,0.5,0,0,23.8,852,24.5,24.7,52.2,357,1259,0,0,131,0.2,0.2,24.7,18.1,19.5
2026-06-07T14:27:54Z,0,0,0,0.2,0,0,23.3,852.2,23.8,24.1,53.2,302,599,0,0,183,0.2,0.2,24,17.7,19
2026-06-07T14:43:01Z,0,0,0,0.2,0,0,23,852.2,23.2,23.4,55.5,294,528,0,0.2,87,1.3,1.3,23.4,17.5,18.4
2026-06-07T14:58:09Z,0,0,0,0.2,0,0,22.4,852.4,22.6,22.9,57.9,284,441,0,0.2,141,0.9,0.9,22.8,17.3,18
2026-06-07T15:13:31Z,0,0,0,0.1,0,0,21.9,852.5,22.1,22.3,59.6,273,370,0,0,146,0.2,0.2,22.2,17,17.5
2026-06-07T15:28:38Z,0,0,0,0.1,0,0,21.5,852.7,21.6,21.8,61.5,264,284,0,0,135,0,0,21.8,16.9,17.1
2026-06-07T15:43:45Z,0,0,0,0,0,0,21.1,852.7,21.2,21.5,63.3,261,259,0,0,139,0.2,0.2,21.4,16.8,16.8
2026-06-07T15:58:52Z,0,0,0,0,0,0,20.8,852.9,20.9,21.1,64.4,259,253,0,0.1,139,0.4,0.4,21,16.6,16.5
2026-06-07T16:13:59Z,0,0,0,0,0,0,20.6,852.8,20.8,20.9,65.1,260,254,0,0,139,0.2,0.2,20.9,16.5,16.3
2026-06-07T16:29:06Z,0,0,0,0,0,0,20.4,853.1,20.6,20.7,65.8,262,252,0,0,139,0,0,20.6,16.4,16.1
2026-06-07T16:44:12Z,0,0,0,0,0,0,20.2,853.2,20.4,20.5,66.6,260,253,0,0,139,0,0,20.4,16.3,16
2026-06-07T16:59:35Z,0,0,0,0,0,0,19.7,853.2,19.9,20.1,68,260,252,0,0,139,0,0,20,16.1,15.6
2026-06-07T17:14:42Z,0,0,0,0,0,0,19.3,853.3,19.3,19.5,70.2,260,253,0,0,139,0,0,19.5,15.9,15.1
2026-06-07T17:29:50Z,0,0,0,0,0,0,18.8,853.3,18.9,19.2,71.8,260,253,0,0,139,0,0,19.1,15.7,14.7
2026-06-07T17:44:57Z,0,0,0,0,0,0,18.6,853.3,18.8,19,72.2,259,254,0,0,139,0,0,18.9,15.6,14.5
2026-06-07T18:00:04Z,0,0,0,0,0,0,18.5,853.4,18.7,18.8,72.7,261,254,0,0.2,139,0.7,0.7,18.7,15.5,14.4
2026-06-07T18:15:11Z,0,0,0,0,0,0,18.5,853.5,18.8,18.8,72.9,260,253,0,0,139,0,0,18.8,15.6,14.4
2026-06-07T18:30:18Z,0,0,0,0,0,0,18.1,853.8,18.2,18.5,75,260,254,0,0,139,0,0,18.4,15.5,14.1
2026-06-07T18:45:47Z,0,0,0,0,0,0,18,853.8,18.2,18.4,77.2,259,254,0,0,139,0,0,18.3,15.6,14
2026-06-07T19:00:54Z,0,0,0,0,0,0,18.1,853.8,18.2,18.5,76.4,261,254,0,0.5,143,1.1,1.1,18.4,15.7,14.1
2026-06-07T19:16:01Z,0,0,0,0,0,0,18.4,853.6,18.5,18.7,75,260,253,0,0,146,0,0,18.7,15.7,14.4
2026-06-07T19:31:09Z,0,0,0,0,0,0,18.2,853.8,18.3,18.5,77,261,254,0,0,100,0.2,0.2,18.5,15.8,14.2
2026-06-07T19:46:50Z,0,0,0,0,0,0,17.8,853.8,17.9,18.1,78.4,259,253,0,0,146,0,0,18,15.5,13.8
2026-06-07T20:01:56Z,0,0,0,0,0,0,17.4,853.6,17.4,17.5,80.9,260,253,0,0,146,0,0,17.5,15.3,13.3
2026-06-07T20:17:03Z,0,0,0,0,0,0,16.9,853.5,17,17.2,83.1,260,252,0,0,146,0,0,17.2,15.2,13
2026-06-07T20:32:10Z,0,0,0,0,0,0,16.9,853.5,17.1,17.3,85.3,259,254,0,0,146,0,0,17.3,15.5,13
2026-06-07T20:47:18Z,0,0,0,0,0,0,16.7,853.5,16.8,17,86.4,260,253,0,0,146,0,0,17,15.4,12.8
2026-06-07T21:02:44Z,0,0,0,0,0,0,16.8,853.4,17.1,17.3,87.1,261,253,0,0,146,0,0,17.3,15.7,13
2026-06-07T21:17:52Z,0,0,0,0,0,0,17.2,853.5,17.4,17.6,86.7,260,253,0,0,146,0,0,17.6,16,13.4
2026-06-07T21:32:59Z,0,0,0,0,0,0,17.4,853.3,17.5,17.7,86.2,261,253,0,0,146,0,0,17.8,16.1,13.5
2026-06-07T21:48:06Z,0,0,0,0,0,0,17.4,853.3,17.6,17.8,86.3,260,254,0,0.1,146,1.1,1.1,17.8,16.1,13.5
2026-06-07T22:03:13Z,0,0,0,0,0,0,17.3,853.2,17.4,17.7,86.7,261,254,0,0,119,0,0,17.7,16.1,13.5
2026-06-07T22:18:20Z,0,0,0,0,0,0,17.4,853.1,17.6,17.8,86.8,260,254,0,0,191,0.2,0.2,17.8,16.2,13.5
2026-06-07T22:33:47Z,0,0,0,0,0,0,17.4,853.1,17.6,17.7,86.9,259,254,0,0.1,143,0.7,0.7,17.8,16.2,13.5
2026-06-07T22:48:54Z,0,0,0,0,0,0,17.3,853.1,17.5,17.7,87.1,260,254,0,0,143,0,0,17.8,16.2,13.5
2026-06-07T23:04:02Z,0,0,0,0,0,0,17.3,853.1,17.4,17.6,87.5,260,253,0,0,83,0.4,0.4,17.7,16.2,13.4
2026-06-07T23:20:00Z,0,0,0,0,0,0,17.3,853.1,17.4,17.6,87.8,260,254,0,0,103,0,0,17.7,16.2,13.4
2026-06-07T23:35:07Z,0,0,0,0,0,0,17.2,853,17.3,17.6,87.3,260,254,0,0.4,138,1.3,1.3,17.6,16.1,13.4
2026-06-07T23:50:14Z,0,0,0,0,0,0,17.1,852.8,17.2,17.5,87.6,261,253,0,0,127,0.2,0.2,17.5,16,13.2
2026-06-08T00:00:19Z,0,0,0,0,0,0,16.9,852.9,17.1,17.3,88,261,254,0,0.1,128,1.3,1.3,17.3,15.9,13.1
2026-06-08T00:15:26Z,0,0,0,0,0,0,16.9,852.9,17,17.2,88.3,261,254,0,0.2,116,1.1,1.1,17.2,15.8,13
2026-06-08T00:30:49Z,0,0,0,0,0,0,16.7,852.8,16.8,17,88.9,261,252,0,0.3,144,1.3,1.3,17.1,15.7,12.8
2026-06-08T00:45:57Z,0,0,0,0,0,0,16.5,852.9,16.6,16.9,89.1,260,253,0,0,147,0.2,0.2,16.9,15.6,12.7
2026-06-08T01:02:06Z,0,0,0,0,0,0,16.3,852.9,16.4,16.7,89.7,260,253,0,0,147,0,0,16.7,15.4,12.5
2026-06-08T01:17:35Z,0,0,0,0,0,0,16.4,853,16.6,16.8,89.4,260,253,0,0.6,147,1.3,1.3,16.8,15.5,12.6
2026-06-08T01:32:42Z,0,0,0,0,0,0,16.4,852.9,16.6,16.8,89.5,260,255,0,0.4,199,1.1,1.1,16.9,15.6,12.6
2026-06-08T01:47:50Z,0,0,0,0,0,0,16.1,853.1,16.2,16.5,90.3,261,253,0,0.2,203,0.9,0.9,16.6,15.4,12.3
2026-06-08T02:02:57Z,0,0,0,0,0,0,15.8,853.4,16.1,16.2,91.5,260,253,0,0,203,0.2,0.2,16.3,15.2,12.1
2026-06-08T02:18:43Z,0,0,0,0,0,0,15.7,853.4,16.1,16.1,92.2,260,253,0,0,202,0,0,16.1,15.2,11.9
2026-06-08T02:33:49Z,0,0,0,0,0,0,15.5,853.4,15.8,15.9,92.4,260,254,0,0.1,203,0.9,0.9,16,15,11.8
2026-06-08T02:48:57Z,0,0,0,0,0,0,15.5,853.6,15.8,15.9,93.3,261,253,0,0,202,0,0,16,15.1,11.8
2026-06-08T03:04:04Z,0,0,0,0,0,0,15.8,853.7,16.1,16.1,93.3,261,253,0,0.5,203,1.5,1.5,16.2,15.4,12
2026-06-08T03:19:11Z,0,0,0,0,0,0,16,853.7,16.2,16.3,92.6,261,259,0,0.3,146,0.7,0.7,16.4,15.4,12.2
2026-06-08T03:34:18Z,0,0,0,0,0,0,16,853.8,16.2,16.4,92.6,264,279,0,0.1,146,0.7,0.7,16.5,15.5,12.3
2026-06-08T03:49:39Z,0,0,0,0.1,0,0,16.1,853.9,16.2,16.5,92.5,268,343,0,0,146,0,0,16.5,15.6,12.3
2026-06-08T04:04:47Z,0,0,0,0.1,0,0,16.3,854,16.4,16.7,92.4,276,418,0,0,146,0,0,16.8,15.8,12.5
2026-06-08T04:19:54Z,0,0,0,0.3,0,0,16.5,854,16.6,16.9,91.7,310,809,0,0,146,0,0,16.9,15.9,12.7
2026-06-08T04:35:01Z,0,0,0,0.4,0,0,16.9,854.3,17,17.2,90.1,338,1194,0,0.2,146,0.7,0.7,17.2,16,13
2026-06-08T04:50:08Z,0,0,0,0.4,0,0,17.3,854.4,17.5,17.6,88.8,337,1085,0,0.8,146,1.3,1.3,17.6,16.2,13.4
2026-06-08T05:05:16Z,0,0,0,0.6,0,0,17.4,854.5,17.6,17.7,88.5,361,1330,0,0,243,0,0,17.7,16.3,13.5
2026-06-08T05:20:43Z,0,0,0,0.3,0,0,17.6,854.6,17.8,17.9,86,316,843,0,0.4,244,1.3,1.3,17.9,16.2,13.7
2026-06-08T05:35:50Z,0,0,0,0.3,0,0,17.6,854.9,17.8,18,85.5,314,817,0,0,244,0.2,0.2,18,16.2,13.7
2026-06-08T05:50:57Z,0,0,0,0.6,0,0,17.8,854.9,18.1,18.1,84.7,368,1349,0,0.1,244,0.4,0.4,18.1,16.3,13.9
2026-06-08T06:06:04Z,0,0,0,2,0,0,19,854.9,19.5,19,80.8,633,4500,0,0.8,244,1.1,1.1,19,16.6,14.7
2026-06-08T06:21:11Z,0,0,0,1.4,0,0,20.4,855,20.8,20.4,75.8,518,3070,0,0,243,0,0,20.4,17.4,15.9
2026-06-08T06:36:17Z,0,0,0,2.4,0,0,20.8,854.9,21.5,20.8,72.6,701,5120,0,0.3,244,0.9,0.9,20.8,17.4,16.3
2026-06-08T06:51:23Z,0,0,0,2.8,0,0,23.3,854.8,23.6,23,65.2,778,5969,0,0.2,244,0.9,0.9,23,18.4,18.2
2026-06-08T07:06:47Z,0,0,0,0.9,0,0,21.4,854.8,21.9,21.3,68.3,416,1931,0,0.9,240,1.7,1.7,21.3,17.3,16.7
2026-06-08T07:21:54Z,0,0,0,1,0,0,21.1,854.7,21.3,21.2,67.5,436,2049,0,0.1,249,0.4,0.4,21.1,17,16.6
2026-06-08T07:37:01Z,0,0,0,2,0,0,22.7,854.5,23.5,22.9,59,626,4146,0,0.7,191,1.3,1.3,22.9,17.5,18
2026-06-08T07:52:08Z,0,0,0,3.4,0,0,21.6,854.5,22.4,21.9,62.5,895,7246,0,0.4,190,1.6,1.6,21.9,17.1,17.2
2026-06-08T08:07:55Z,0,0,0,3.4,0,0,23.5,854.2,24.4,23.7,61,889,7094,0,0.3,239,0.9,0.9,23.8,18.5,18.8
2026-06-08T08:23:02Z,0,0,0,2.3,0,0,23.4,853.9,24.1,23.4,59.2,684,4671,0,0.4,245,0.9,0.9,23.4,18,18.5
2026-06-08T08:38:09Z,0,0,0,1.8,0,0,24.6,853.7,25.2,25,53.9,595,3694,0,0.4,260,1.3,1.3,24.9,18.6,19.7
2026-06-08T08:53:54Z,0,0,0,3.9,0,0,22.4,853.6,22.8,22.4,61.8,981,8147,0,0.4,227,0.9,0.9,22.4,17.4,17.6
2026-06-08T09:09:01Z,0,0,0,4,0,0,23.5,853.4,24,23.6,60.4,999,8288,0,0,246,0.2,0.2,23.6,18.3,18.7
2026-06-08T09:24:07Z,0,0,0,1.9,0,0,24.6,853.2,25,24.9,53.5,610,3881,0,0.8,206,2,2,24.9,18.5,19.7
2026-06-08T09:39:15Z,0,0,0,1.1,0,0,23.2,852.9,23.6,23.4,54,465,2377,0,1,200,2,2,23.3,17.2,18.4
2026-06-08T09:55:14Z,0,0,0,4.1,0,0,24.5,852.8,24.7,24.5,52.6,1020,8543,0,0.6,300,1.1,1.1,24.4,18,19.3
2026-06-08T10:10:21Z,0,0,0,1.2,0,0,24.3,852.5,24.9,24.5,52.4,486,2529,0,0.1,210,0.7,0.7,24.4,17.9,19.3
2026-06-08T10:26:04Z,0,0,0,3.5,0,0,24.7,852.3,25.2,25.1,52.3,919,7378,0,0,178,0,0,25,18.4,19.8
2026-06-08T10:41:10Z,0,0,0,3.7,0,0,26.3,852.1,26.6,27.1,45.3,948,7670,0,0.5,149,1.1,1.1,27.2,19,21.5
2026-06-08T10:56:17Z,0,0,0,1.2,0,0,26.4,851.9,27.1,26.8,45.8,475,2462,0,0.6,164,1.7,1.7,27,18.8,21.3
2026-06-08T11:11:24Z,0,0,0,3.5,0,0,26,851.7,26.3,26.4,44.7,912,7479,0,0.3,136,0.7,0.7,26.3,18.3,20.8
2026-06-08T11:26:31Z,0,0,0,3.1,0,0,25,851.5,25.6,25.6,48.3,836,6600,0,0,201,0.2,0.2,25.5,18.2,20.1
2026-06-08T11:41:38Z,0,0,0,0.9,0,0,26,851.2,26.2,26.7,44.6,416,1766,0,1.1,80,1.7,1.7,26.6,18.6,21
2026-06-08T11:57:05Z,0,0,0,0.8,0,0,25.7,851,25.9,26.5,47.1,401,1636,0,0,113,0.2,0.2,26.5,18.8,20.9
2026-06-08T12:12:05Z,0,0,0,0.6,0,0,26,851,26.2,26.9,46,365,1206,0,0.1,231,1,1,27.1,18.9,21.3
2026-06-08T12:27:12Z,0,0,0,2.3,0,0,27.2,850.8,27.2,27.8,44,689,4900,0,0.8,56,2.2,2.2,27.8,19.4,21.9
2026-06-08T12:43:10Z,0,0,0,2.1,0,0,26.6,850.7,26.8,27.7,44.1,655,4558,0,1.1,46,2,2,27.7,19.3,21.8
2026-06-08T12:58:17Z,0,0,0,0.4,0,0,25.9,850.6,26.4,27,45,336,930,0,0.2,97,1.7,1.7,27.2,18.9,21.4
2026-06-08T13:14:10Z,0,0,0,1.5,0,0,25.5,850.5,26.1,26.5,46.7,536,3255,0,0.2,104,0.7,0.7,26.5,18.8,20.9
2026-06-08T13:29:17Z,0,0,0,1.3,0,0,25.4,850.6,26.1,26.4,44.4,494,2833,0,0,166,0.2,0.2,26.3,18.3,20.8
2026-06-08T13:44:24Z,0,0,0,0.9,0,0,25,850.7,25.3,26,46.5,428,2076,0,0,65,0.4,0.4,25.9,18.3,20.5
2026-06-08T13:59:31Z,0,0,0,0.8,0,0,25.1,851,25.6,26.2,47.5,406,1840,0,0.3,63,1.7,1.7,26.1,18.6,20.6
2026-06-08T14:14:37Z,0,0,0,0.4,0,0,24.9,851,25.6,26,47.7,326,879,0,0.6,108,2,2,26,18.5,20.5
2026-06-08T14:30:18Z,0,0,0,0.2,0,0,23.8,851.1,24,24.4,51.4,303,623,0,0.3,177,1.3,1.3,24.3,17.7,19.2
2026-06-08T14:45:25Z,0,0,0,0.2,0,0,23.4,851.1,23.7,23.9,52.7,294,544,0,0.5,89,1.7,1.7,23.8,17.4,18.8
2026-06-08T15:00:32Z,0,0,0,0.2,0,0,23,851.1,23.1,23.3,53.8,285,456,0,0.6,161,2.2,2.2,23.2,17.1,18.3
2026-06-08T15:15:39Z,0,0,0,0.1,0,0,22.6,851.1,22.8,22.9,55.9,274,381,0,0.1,183,0.7,0.7,22.8,17.1,18
2026-06-08T15:30:46Z,0,0,0,0,0,0,22.1,851.3,22.2,22.4,58.1,265,288,0,0.3,157,1.1,1.1,22.3,16.9,17.6
2026-06-08T15:46:11Z,0,0,0,0,0,0,21.5,851.5,21.6,21.8,60.9,260,255,0,0.6,139,2.4,2.4,21.7,16.8,17.1
2026-06-08T16:01:17Z,0,0,0,0,0,0,21.1,851.7,21.2,21.5,62.6,260,254,0,0.4,149,1.5,1.5,21.4,16.7,16.8
2026-06-08T16:16:24Z,0,0,0,0,0,0,20.8,851.9,21,21.1,64.1,260,254,0,0,182,0,0,21.1,16.6,16.5
2026-06-08T16:31:31Z,0,0,0,0,0,0,20.5,852.1,20.7,20.8,65.1,262,254,0,0,106,0.2,0.2,20.7,16.4,16.2
2026-06-08T16:46:38Z,0,0,0,0,0,0,20.1,852.2,20.2,20.5,66.3,261,253,0,0,139,0,0,20.4,16.3,15.9
2026-06-08T17:01:45Z,0,0,0,0,0,0,19.8,852.2,20,20.1,67.3,260,254,0,0.3,109,0.9,0.9,20.1,16.1,15.6
2026-06-08T17:16:53Z,0,0,0,0,0,0,19.6,852.4,19.8,20,68.2,261,254,0,0,143,0,0,19.9,16,15.4
2026-06-08T17:32:15Z,0,0,0,0,0,0,19.5,852.4,19.6,19.8,68.9,261,253,0,0,120,0,0,19.7,15.9,15.3
2026-06-08T17:47:22Z,0,0,0,0,0,0,19.2,852.6,19.4,19.6,69.9,260,254,0,0,151,0,0,19.5,15.9,15.1
2026-06-08T18:02:29Z,0,0,0,0,0,0,19.1,852.7,19.2,19.4,70.6,260,253,0,0.4,111,1.7,1.7,19.4,15.8,15
2026-06-08T18:17:37Z,0,0,0,0,0,0,19.2,852.7,19.4,19.5,70.8,261,253,0,0.2,161,1.1,1.1,19.4,15.9,15
2026-06-08T18:32:44Z,0,0,0,0,0,0,19.1,852.9,19.2,19.4,71.1,261,253,0,0.1,163,0.7,0.7,19.4,15.9,15
2026-06-08T18:48:10Z,0,0,0,0,0,0,19,853.1,19.1,19.4,71.9,261,254,0,0.6,138,2.2,2.2,19.3,15.9,14.9
2026-06-08T19:03:17Z,0,0,0,0,0,0,18.8,853.3,19,19.2,73.4,259,253,0,0,119,0,0,19.1,15.9,14.8
2026-06-08T19:18:25Z,0,0,0,0,0,0,18.5,853.4,18.7,18.9,74.6,260,253,0,0,135,0,0,18.8,15.8,14.5
2026-06-08T19:33:32Z,0,0,0,0,0,0,18.2,853.6,18.4,18.6,76.5,260,253,0,0.1,105,0.4,0.4,18.5,15.8,14.2
2026-06-08T19:48:40Z,0,0,0,0,0,0,18,853.4,18.2,18.4,78.2,261,254,0,0,195,0.5,0.5,18.4,15.8,14.1
2026-06-08T20:03:48Z,0,0,0,0,0,0,17.9,853.3,18,18.2,79.4,260,254,0,0,108,0.2,0.2,18.2,15.8,13.9
2026-06-08T20:19:13Z,0,0,0,0,0,0,17.6,853.3,17.8,18,80.8,259,254,0,0,153,0.2,0.2,17.9,15.7,13.7
2026-06-08T20:34:22Z,0,0,0,0,0,0,17.6,853.1,17.7,17.9,81.2,261,253,0,0,129,0.7,0.7,17.9,15.6,13.6
2026-06-08T20:49:30Z,0,0,0,0,0,0,17.6,853,17.8,18,81.5,261,254,0,0,133,0,0,18,15.8,13.7
2026-06-08T21:04:37Z,0,0,0,0,0,0,17.7,852.8,17.8,18,81.4,260,253,0,0.1,140,0.4,0.4,18,15.8,13.8
2026-06-08T21:19:45Z,0,0,0,0,0,0,17.6,852.6,17.8,18,81.9,261,253,0,0,166,0.2,0.2,18,15.9,13.7
2026-06-08T21:35:23Z,0,0,0,0,0,0,17.6,852.6,17.8,18,82.1,259,253,0,1.5,185,3.1,3.1,18,15.8,13.7
2026-06-08T21:50:30Z,0,0,0,0,0,0,17.5,852.6,17.7,17.9,82.8,260,253,0,0.1,201,0.7,0.7,17.9,15.8,13.6
2026-06-08T22:05:37Z,0,0,0,0,0,0,17.2,852.4,17.4,17.6,84,261,253,0,0,201,0.2,0.2,17.6,15.7,13.4
2026-06-08T22:20:45Z,0,0,0,0,0,0,17.2,852.4,17.4,17.6,84.5,261,253,0,0,200,0,0,17.6,15.7,13.3
2026-06-08T22:35:53Z,0,0,0,0,0,0,17.1,852.3,17.3,17.5,84.6,260,253,0,0,200,0,0,17.5,15.7,13.3
2026-06-08T22:51:21Z,0,0,0,0,0,0,16.9,852.2,16.9,17.2,85.7,261,254,0,0.1,201,0.2,0.2,17.2,15.6,13
2026-06-08T23:06:28Z,0,0,0,0,0,0,16.8,852.1,16.9,17.2,86.4,259,255,0,0,200,0,0,17.2,15.6,12.9
2026-06-08T23:21:36Z,0,0,0,0,0,0,16.8,851.8,17,17.2,86.7,261,253,0,0,201,0.2,0.2,17.2,15.6,13
2026-06-08T23:36:44Z,0,0,0,0,0,0,16.9,851.7,17,17.3,86.8,261,254,0,0,200,0,0,17.3,15.7,13
2026-06-08T23:51:52Z,0,0,0,0,0,0,16.9,851.7,17,17.3,86.6,259,253,0,0,201,0.4,0.4,17.3,15.7,13
2026-06-09T00:00:14Z,0,0,0,0,0,0,16.9,851.7,17,17.2,86.7,260,253,0,0,200,0,0,17.3,15.7,13
2026-06-09T00:15:39Z,0,0,0,0,0,0,16.8,851.7,16.9,17.2,87.1,259,252,0,0,200,0,0,17.3,15.7,13
2026-06-09T00:30:46Z,0,0,0,0,0,0,16.8,851.7,16.9,17.2,87.4,259,253,0,0,200,0,0,17.2,15.7,13
2026-06-09T00:46:47Z,0,0,0,0,0,0,16.8,851.6,16.9,17.1,87.6,259,254,0,0,200,0,0,17.2,15.7,12.9
2026-06-09T01:01:55Z,0,0,0,0,0,0,16.7,851.5,16.9,17.1,87.9,261,252,0,0,200,0,0,17.1,15.6,12.9
2026-06-09T01:17:03Z,0,0,0,0,0,0,16.7,851.7,16.8,17.1,88.1,261,253,0,0,200,0,0,17.1,15.7,12.9
2026-06-09T01:32:10Z,0,0,0,0,0,0,16.6,851.7,16.6,16.9,88.3,260,254,0,0,200,0,0,17,15.5,12.7
2026-06-09T01:47:18Z,0,0,0,0,0,0,16.4,851.7,16.5,16.8,88.9,260,253,0,0,200,0,0,16.8,15.5,12.6
2026-06-09T02:02:44Z,0,0,0,0,0,0,16,851.7,16.2,16.3,90,261,254,0,0,200,0,0,16.3,15.1,12.1
2026-06-09T02:17:52Z,0,0,0,0,0,0,15.6,851.9,15.9,15.9,92,261,253,0,0,200,0,0,15.9,14.9,11.7
2026-06-09T02:33:00Z,0,0,0,0,0,0,15.4,852.1,15.7,15.7,92.9,260,254,0,0,200,0,0,15.7,14.9,11.5
2026-06-09T02:48:08Z,0,0,0,0,0,0,15.3,852.4,15.6,15.7,93.3,260,254,0,0,200,0,0,15.7,14.9,11.5
2026-06-09T03:03:16Z,0,0,0,0,0,0,15.4,852.7,15.8,15.8,93.5,260,253,0,0,200,0,0,15.9,15.1,11.7
2026-06-09T03:18:24Z,0,0,0,0,0,0,15.6,852.8,16,16,93.2,261,255,0,0,200,0,0,16.1,15.2,11.9
2026-06-09T03:33:49Z,0,0,0,0,0,0,15.7,853,16.1,16.1,92.9,262,278,0,0,200,0,0,16.1,15.3,11.9
2026-06-09T03:48:57Z,0,0,0,0.1,0,0,15.8,853.1,16.2,16.2,92.7,270,349,0,0,200,0,0,16.3,15.4,12.1
2026-06-09T04:04:05Z,0,0,0,0.1,0,0,16,853,16.3,16.4,92.3,283,470,0,0,200,0,0,16.5,15.5,12.3
2026-06-09T04:19:13Z,0,0,0,0.2,0,0,16.3,853.1,16.4,16.6,92.1,296,655,0,0,200,0,0,16.7,15.7,12.5
2026-06-09T04:34:21Z,0,0,0,0.3,0,0,16.5,853.1,16.6,16.8,90.8,310,815,0,0.1,201,0.4,0.4,16.9,15.7,12.7
2026-06-09T04:49:28Z,0,0,0,0.4,0,0,17,853.2,17.1,17.3,89.8,341,1149,0,0,200,0,0,17.4,16.1,13.1
2026-06-09T05:04:53Z,0,0,0,0.5,0,0,17.3,853.2,17.4,17.6,87.3,350,1256,0,0,200,0,0,17.6,16.1,13.4
2026-06-09T05:20:00Z,0,0,0,0.3,0,0,17.6,853.2,17.8,17.7,86.7,314,785,0,0.5,201,0.9,0.9,17.7,16.1,13.5
2026-06-09T05:35:08Z,0,0,0,0.4,0,0,17.3,853.3,17.5,17.5,85.7,341,1067,0,0,200,0,0,17.6,15.8,13.3
2026-06-09T05:50:16Z,0,0,0,0.7,0,0,17.6,853.4,17.9,18,82.6,383,1570,0,0.3,201,0.9,0.9,18,15.9,13.7
2026-06-09T06:05:23Z,0,0,0,2.2,0,0,19,853.3,19.6,19.2,79.1,663,4963,0,0.2,201,0.7,0.7,19.3,16.7,14.9
2026-06-09T06:20:30Z,0,0,0,0.6,0,0,19.4,853.3,19.9,19.7,75.8,363,1414,0,0.3,201,1.5,1.5,19.7,16.8,15.3
2026-06-09T06:35:58Z,0,0,0,0.5,0,0,18.5,853.4,18.8,19,77,356,1333,0,0.5,200,2,2,19,16.2,14.6
2026-06-09T06:51:06Z,0,0,0,0.9,0,0,18.8,853.4,19.1,19.2,74.4,416,1974,0,0.5,200,0.9,0.9,19.2,16.1,14.8
2026-06-09T07:07:05Z,0,0,0,0.9,0,0,19.5,853.5,19.9,19.9,71.3,421,2037,0,0.1,200,0.4,0.4,19.8,16.3,15.4
2026-06-09T07:22:12Z,0,0,0,0.8,0,0,19.9,853.4,20.3,20.2,69.2,412,1957,0,0.3,200,0.7,0.7,20.1,16.3,15.6
2026-06-09T07:37:19Z,0,0,0,0.8,0,0,19.8,853.3,19.9,19.9,72,400,1831,0,0,199,0,0,19.9,16.5,15.5
2026-06-09T07:52:27Z,0,0,0,1.2,0,0,19.8,853.3,20.2,20.3,70,490,2807,0,0.1,200,0.9,0.9,20.2,16.5,15.8
2026-06-09T08:07:34Z,0,0,0,1.4,0,0,20.8,853.1,21.2,21.2,67.6,511,3035,0,0.2,200,0.7,0.7,21.1,17,16.6
2026-06-09T08:23:01Z,0,0,0,1.8,0,0,20.9,852.9,21.5,21.3,65.9,583,3739,0,0.1,200,0.7,0.7,21.3,17,16.7
2026-06-09T08:38:08Z,0,0,0,4.3,0,0,21.9,852.9,23,22.6,62.2,1057,9169,0,0.4,200,1.3,1.3,22.6,17.7,17.8
2026-06-09T08:53:15Z,0,0,0,1.4,0,0,21.6,852.7,22.4,22.1,62.4,523,2948,0,0.1,192,0.8,0.8,22.1,17.3,17.4
2026-06-09T09:08:22Z,0,0,0,3.8,0,0,22.7,852.4,23.4,23.5,59.2,963,8067,0,0.4,89,1.1,1.1,23.5,18.1,18.5
2026-06-09T09:23:30Z,0,0,0,3.5,0,0,22.5,852.2,23.4,23.2,60.3,918,7425,0,0.8,193,1.7,1.7,23.1,17.9,18.3
2026-06-09T09:38:37Z,0,0,0,3.4,0,0,24,852,24.4,24.5,57.9,896,7187,0,0,100,0,0,24.5,18.8,19.4
2026-06-09T09:54:03Z,0,0,0,2.6,0,0,23.2,851.8,24.2,23.9,54,747,5427,0,0.5,196,1.3,1.3,23.8,17.7,18.8
2026-06-09T10:09:08Z,0,0,0,3.3,0,0,23.7,851.6,24.6,24,56.9,873,6918,0,0.6,196,2,2,23.9,18.1,18.9
2026-06-09T10:25:07Z,0,0,0,3.4,0,0,24.1,851.3,24.6,24.6,55.4,889,7040,0,0,129,0.2,0.2,24.6,18.5,19.4
2026-06-09T10:40:15Z,0,0,0,3.2,0,0,24,851,24.5,25,51.5,856,6692,0,0.9,91,1.7,1.7,25,18.2,19.7
2026-06-09T10:56:11Z,0,0,0,2.9,0,0,24.4,850.8,25.1,24.8,50.8,797,6084,0,0.3,197,2.2,2.2,24.7,17.9,19.5
2026-06-09T11:11:19Z,0,0,0,3,0,0,24.6,850.8,25.3,24.8,51.2,820,6295,0,0.3,184,0.7,0.7,24.7,18,19.6
2026-06-09T11:27:16Z,0,0,0,0.9,0,0,25.6,850.6,26.2,26.2,46,431,1827,0,1,81,2,2,26.2,18.4,20.7
2026-06-09T11:42:23Z,0,0,0,2.8,0,0,25.2,850.4,25.7,25.8,47.6,784,5961,0,0.4,186,1.5,1.5,25.7,18.3,20.3
2026-06-09T11:57:30Z,0,0,0,1,0,0,25.9,850.2,26.5,26.6,47,440,2000,0,0.1,90,0.9,0.9,26.6,18.9,21
2026-06-09T12:12:37Z,0,0,0,2.3,0,0,24.7,850,24.9,25.5,48.8,694,5079,0,0.5,90,1.1,1.1,25.4,18.2,20.1
2026-06-09T12:27:45Z,0,0,0,2.4,0,0,27.4,849.9,27.6,28.2,44.3,704,5210,0,0.4,90,1.3,1.3,28.2,19.8,22.1
2026-06-09T12:43:16Z,0,0,0,2,0,0,26.6,849.9,27.2,27.9,45,627,4313,0,0.8,89,2,2,28,19.7,22
2026-06-09T12:58:23Z,0,0,0,1.8,0,0,26,849.9,26.4,27.3,47,585,3826,0,0.8,85,2.4,2.4,27.5,19.5,21.7
2026-06-09T13:14:17Z,0,0,0,1.4,0,0,25.3,849.9,25.8,26.5,49.8,517,3099,0,0,82,0.2,0.2,26.5,19.2,20.9
2026-06-09T13:29:25Z,0,0,0,1.3,0,0,24.9,849.9,25.4,25.9,50.7,494,2899,0,0.4,99,1.3,1.3,25.9,18.9,20.5
2026-06-09T13:44:32Z,0,0,0,0.9,0,0,24.3,850.1,24.8,25.4,52,434,2186,0,0.4,63,0.9,0.9,25.3,18.6,20
2026-06-09T13:59:39Z,0,0,0,0.4,0,0,23.8,850.3,24.4,24.9,52,334,912,0,0.2,132,0.7,0.7,24.8,18.2,19.6
2026-06-09T14:14:46Z,0,0,0,0.6,0,0,23.7,850.3,24.3,24.6,53.9,376,1551,0,0.1,152,0.4,0.4,24.6,18.3,19.4
2026-06-09T14:29:53Z,0,0,0,0.3,0,0,22.9,850.5,23.3,23.5,55.8,315,773,0,1,100,2.6,2.6,23.5,17.6,18.5
2026-06-09T14:45:16Z,0,0,0,0.2,0,0,22.5,850.6,22.8,22.9,57.2,304,711,0,0.7,75,1.7,1.7,22.8,17.2,18
2026-06-09T15:00:22Z,0,0,0,0.2,0,0,22,850.7,22.2,22.4,58.1,287,510,0,0.5,113,1.3,1.3,22.3,16.9,17.5
2026-06-09T15:15:30Z,0,0,0,0.1,0,0,21.6,850.9,21.8,22,60.1,274,395,0,0.2,121,1.3,1.3,21.9,16.8,17.2
2026-06-09T15:30:37Z,0,0,0,0,0,0,21.2,851,21.3,21.5,60.4,265,280,0,0.3,161,1.3,1.3,21.4,16.4,16.8
2026-06-09T15:46:24Z,0,0,0,0,0,0,20.7,851.2,20.9,21.1,62.1,259,254,0,0.4,113,2,2,21,16.3,16.4
2026-06-09T16:01:31Z,0,0,0,0,0,0,20.3,851.3,20.4,20.6,63.2,259,254,0,0.2,143,1.1,1.1,20.5,16,16
2026-06-09T16:16:39Z,0,0,0,0,0,0,20,851.4,20.1,20.3,64.6,260,254,0,0,218,0,0,20.2,15.9,15.7
2026-06-09T16:31:45Z,0,0,0,0,0,0,19.6,851.6,19.8,20,66.3,260,253,0,0,139,0,0,19.9,15.8,15.4
2026-06-09T16:46:52Z,0,0,0,0,0,0,19.3,851.6,19.5,19.7,67,259,253,0,0,139,0,0,19.6,15.6,15.2
2026-06-09T17:02:14Z,0,0,0,0,0,0,19.2,851.7,19.4,19.5,67.3,261,253,0,0,76,0.2,0.2,19.4,15.5,15
2026-06-09T17:17:21Z,0,0,0,0,0,0,18.9,851.8,19.1,19.3,68.4,260,254,0,0.2,75,1.1,1.1,19.2,15.4,14.8
2026-06-09T17:32:28Z,0,0,0,0,0,0,18.6,851.9,18.8,19,69.4,260,253,0,0,75,0,0,18.9,15.3,14.6
2026-06-09T17:47:36Z,0,0,0,0,0,0,18.3,852,18.4,18.6,71.6,260,253,0,0,75,0,0,18.5,15.2,14.2
2026-06-09T18:02:44Z,0,0,0,0,0,0,17.9,852.1,17.9,18.1,74.8,260,254,0,0,75,0,0,18,15.1,13.7
2026-06-09T18:17:51Z,0,0,0,0,0,0,17.3,852.1,17.4,17.6,76.9,259,252,0,0,75,0,0,17.5,14.8,13.2
2026-06-09T18:33:24Z,0,0,0,0,0,0,16.9,852.2,17,17.2,78.3,260,253,0,0,75,0,0,17.1,14.7,12.9
2026-06-09T18:48:31Z,0,0,0,0,0,0,16.6,852.3,16.7,17,79,261,254,0,0,75,0,0,16.9,14.5,12.7
2026-06-09T19:03:39Z,0,0,0,0,0,0,16.3,852.4,16.4,16.7,80.7,260,254,0,0,75,0,0,16.6,14.4,12.4
2026-06-09T19:18:47Z,0,0,0,0,0,0,16,852.4,16.2,16.5,81.8,258,252,0,0,75,0,0,16.4,14.3,12.2
2026-06-09T19:33:54Z,0,0,0,0,0,0,15.7,852.5,16.1,16.1,84.1,259,254,0,0,75,0,0,16.1,14.3,11.9
2026-06-09T19:49:22Z,0,0,0,0,0,0,15.5,852.3,15.8,15.9,85.1,261,254,0,0,75,0,0,15.8,14.2,11.6
2026-06-09T20:04:30Z,0,0,0,0,0,0,15.3,852.1,15.7,15.7,86.7,260,253,0,0,75,0,0,15.7,14.2,11.5
2026-06-09T20:19:38Z,0,0,0,0,0,0,15.2,852.1,15.6,15.6,86.8,259,254,0,0,75,0,0,15.6,14.1,11.4
2026-06-09T20:34:45Z,0,0,0,0,0,0,15.1,851.9,15.4,15.5,87.6,260,254,0,0,75,0,0,15.4,14,11.2
2026-06-09T20:49:53Z,0,0,0,0,0,0,15,852,15.4,15.5,87.9,259,254,0,0,75,0,0,15.4,14.1,11.2
2026-06-09T21:05:01Z,0,0,0,0,0,0,15,851.8,15.4,15.5,88.6,260,253,0,0,75,0.2,0.2,15.4,14.2,11.2
2026-06-09T21:20:26Z,0,0,0,0,0,0,15.7,851.7,16.1,16,87.2,262,254,0,0,75,0,0,16,14.5,11.8
2026-06-09T21:35:34Z,0,0,0,0,0,0,16.4,851.5,16.3,16.7,83.7,260,253,0,0.2,187,0.7,0.7,16.6,14.8,12.4
2026-06-09T21:50:42Z,0,0,0,0,0,0,16.4,851.5,16.5,16.7,84.6,260,253,0,0,186,0,0,16.7,14.9,12.5
2026-06-09T22:05:51Z,0,0,0,0,0,0,16.2,851.3,16.3,16.5,85.1,260,253,0,0,186,0,0,16.5,14.8,12.3
2026-06-09T22:20:59Z,0,0,0,0,0,0,16.4,851,16.5,16.8,85.3,261,253,0,0,186,0,0,16.8,15.1,12.6
2026-06-09T22:36:07Z,0,0,0,0,0,0,16.5,851,16.6,16.9,85.7,260,253,0,0,186,0,0,16.9,15.2,12.7
2026-06-09T22:51:28Z,0,0,0,0,0,0,16.6,851.1,16.7,16.9,85.4,259,254,0,0,186,0,0,16.9,15.2,12.7
2026-06-09T23:07:01Z,0,0,0,0,0,0,16.8,850.8,16.9,17.1,87.1,260,254,0,0.1,187,0.7,0.7,17.1,15.6,12.9
2026-06-09T23:22:25Z,0,0,0,0,0,0,16.8,850.7,16.9,17.2,87.8,261,254,0,0,186,0,0,17.2,15.7,13
2026-06-09T23:37:32Z,0,0,0,0,0,0,16.8,850.7,16.9,17.1,88.3,260,254,0,0,186,0,0,17.2,15.8,12.9
2026-06-09T23:52:40Z,0,0,0,0,0,0,16.8,850.6,16.9,17.1,88.5,259,252,0,0.4,146,2.4,2.4,17.2,15.8,12.9
2026-06-10T00:00:45Z,0,0,0,0,0,0,16.7,850.5,16.8,17.1,88.6,260,253,0,0.2,76,0.7,0.7,17.1,15.7,12.9
2026-06-10T00:15:53Z,0,0,0,0,0,0,16.6,850.6,16.7,16.9,89.3,259,253,0,0.1,182,1.1,1.1,17,15.7,12.8
2026-06-10T00:31:01Z,0,0,0,0,0,0,16.4,850.6,16.5,16.7,90,261,253,0,0,181,0,0,16.8,15.6,12.6
2026-06-10T00:46:25Z,0,0,0,0,0,0,16.2,850.8,16.3,16.6,90.8,260,253,0,0,182,0.2,0.2,16.6,15.5,12.4
2026-06-10T01:01:33Z,0,0,0,0,0,0,16.2,850.8,16.4,16.6,91,259,253,0,0,181,0,0,16.7,15.6,12.5
2026-06-10T01:16:41Z,0,0,0,0,0,0,16.1,850.7,16.3,16.4,91.7,261,253,0,0,181,0,0,16.5,15.5,12.3
2026-06-10T01:31:49Z,0,0,0,0,0,0,16.2,851,16.3,16.6,92.5,259,254,0,0,181,0,0,16.6,15.7,12.4
2026-06-10T01:46:57Z,0,0,0,0,0,0,16.2,851.1,16.2,16.5,92,261,254,0,0.1,182,0.4,0.4,16.6,15.6,12.4
2026-06-10T02:02:06Z,0,0,0,0,0,0,16.1,851.3,16.3,16.5,92,260,253,0,0.2,182,0.9,0.9,16.6,15.6,12.4
2026-06-10T02:17:28Z,0,0,0,0,0,0,16.2,851.4,16.3,16.6,92.1,262,253,0,0,181,0,0,16.6,15.6,12.4
2026-06-10T02:32:36Z,0,0,0,0,0,0,16.1,851.4,16.3,16.5,92.2,261,253,0,0.4,182,0.9,0.9,16.6,15.6,12.4
2026-06-10T02:47:44Z,0,0,0,0,0,0,15.9,851.6,16.2,16.3,92.7,259,252,0,0.1,182,0.7,0.7,16.3,15.4,12.1
2026-06-10T03:02:53Z,0,0,0,0,0,0,16,852,16.2,16.3,92.9,259,252,0,0.3,182,1.3,1.3,16.4,15.5,12.2
2026-06-10T03:18:01Z,0,0,0,0,0,0,16,852.1,16.2,16.4,92.7,261,262,0,0.2,182,0.9,0.9,16.4,15.5,12.2
2026-06-10T03:33:09Z,0,0,0,0,0,0,16,852.2,16.2,16.4,92.7,263,287,0,0.1,182,0.2,0.2,16.4,15.5,12.2
2026-06-10T03:48:32Z,0,0,0,0.1,0,0,16,852.2,16.3,16.4,92.5,269,354,0,0,182,0.2,0.2,16.5,15.5,12.3
2026-06-10T04:03:40Z,0,0,0,0.2,0,0,16.3,852.4,16.4,16.7,92.4,294,682,0,0,182,0.2,0.2,16.7,15.8,12.5
2026-06-10T04:18:48Z,0,0,0,0.2,0,0,16.2,852.5,16.3,16.6,90.1,284,484,0,0.7,182,2,2,16.6,15.4,12.4
2026-06-10T04:33:55Z,0,0,0,0.5,0,0,16.4,852.7,16.8,16.6,88.8,346,1216,0,0.5,164,1.1,1.1,16.6,15.3,12.4
2026-06-10T04:49:03Z,0,0,0,0.4,0,0,16.6,852.7,17.1,16.8,87.3,328,917,0,0,192,0.2,0.2,16.8,15.3,12.6
2026-06-10T05:04:11Z,0,0,0,0.5,0,0,16.5,852.9,16.9,16.8,87.4,350,1207,0,0.1,184,0.4,0.4,16.8,15.3,12.6
2026-06-10T05:19:39Z,0,0,0,0.5,0,0,16.6,853.1,16.9,17,86.4,354,1217,0,0,127,0.2,0.2,17,15.4,12.8
2026-06-10T05:34:42Z,0,0,0,1.4,0,0,17.6,853,17.9,17.7,84,517,3181,0,0.2,113,0.7,0.7,17.7,15.8,13.5
2026-06-10T05:49:50Z,0,0,0,1.6,0,0,19.1,853,19.6,19.2,77.7,548,3442,0,0.5,117,1.3,1.3,19.2,16.5,14.9
2026-06-10T06:04:58Z,0,0,0,1.1,0,0,18.6,853.1,19.7,18.8,77.2,462,2332,0,0.9,189,1.7,1.7,18.8,16.1,14.5
2026-06-10T06:20:06Z,0,0,0,0.8,0,0,19.7,853,20.6,19.9,74.2,409,1797,0,0.3,195,0.7,0.7,19.8,16.7,15.4
2026-06-10T06:35:14Z,0,0,0,1.1,0,0,19.4,853,19.9,19.5,74.2,456,2306,0,0.9,245,1.5,1.5,19.5,16.3,15.1
2026-06-10T06:50:40Z,0,0,0,1,0,0,19.1,853,19.7,19.4,73.9,450,2209,0,0.1,155,0.4,0.4,19.3,16.2,15
2026-06-10T07:05:48Z,0,0,0,1.2,0,0,19.8,852.8,20.3,20,72.1,476,2565,0,0.1,159,0.4,0.4,20,16.5,15.5
2026-06-10T07:20:56Z,0,0,0,1.2,0,0,20,852.7,20.4,20.1,68.5,478,2531,0,0.7,259,1.2,1.2,20,16.2,15.6
2026-06-10T07:36:48Z,0,0,0,1.1,0,0,20.3,852.7,20.6,20.4,69.1,470,2470,0,0,220,0.4,0.4,20.4,16.5,15.9
2026-06-10T07:51:55Z,0,0,0,1.4,0,0,21,852.6,21.2,21,66.9,516,2978,0,0,269,0.2,0.2,21,16.8,16.4
2026-06-10T08:07:51Z,0,0,0,1.5,0,0,21.7,852.4,22.2,21.6,62.2,529,3123,0,0.1,256,0.7,0.7,21.5,16.7,16.9
2026-06-10T08:22:54Z,0,0,0,1.2,0,0,23.5,852.2,23.8,23.4,60,478,2448,0,0.5,257,1.3,1.3,23.4,18.1,18.5
2026-06-10T08:38:01Z,0,0,0,1.1,0,0,22.6,852.1,23.3,22.6,59.8,469,2339,0,0.4,182,1.1,1.1,22.5,17.3,17.7
2026-06-10T08:53:09Z,0,0,0,3.6,0,0,23.1,851.9,24.1,23.5,56.6,928,7532,0,0.1,189,0.7,0.7,23.5,17.7,18.6
2026-06-10T09:08:16Z,0,0,0,3.9,0,0,23.7,851.8,24.2,24.4,51.4,982,8174,0,1,181,1.5,1.5,24.3,17.7,19.2
2026-06-10T09:23:24Z,0,0,0,1.6,0,0,22.4,851.6,23.1,22.9,55.1,552,3250,0,0.5,184,1.5,1.5,22.8,16.9,18
2026-06-10T09:38:47Z,0,0,0,1.1,0,0,22.8,851.5,23.4,23.3,54.8,463,2440,0,0.3,179,1.3,1.3,23.2,17.2,18.3
2026-06-10T09:53:54Z,0,0,0,3.8,0,0,23,851.2,23.3,23.1,56.5,969,8089,0,0.2,179,0.6,0.6,23,17.3,18.2
2026-06-10T10:09:02Z,0,0,0,1.3,0,0,24,851,24.2,24.7,53.3,492,2712,0,0,90,0,0,24.6,18.2,19.5
2026-06-10T10:24:10Z,0,0,0,3.7,0,0,24.1,850.9,24.6,24.6,51.7,938,7671,0,0.1,177,0.7,0.7,24.5,17.9,19.4
2026-06-10T10:39:17Z,0,0,0,3.1,0,0,25.1,850.8,25.9,25.8,49,835,6442,0,0.3,178,0.9,0.9,25.7,18.5,20.3
2026-06-10T10:54:25Z,0,0,0,3.6,0,0,25.2,850.5,25.3,26,48.7,922,7502,0,0.2,124,0.7,0.7,26,18.7,20.5
2026-06-10T11:09:49Z,0,0,0,1.4,0,0,24.5,850.2,25.2,25.3,49.7,515,2797,0,0.9,179,2.2,2.2,25.2,18.2,20
2026-06-10T11:24:55Z,0,0,0,2.9,0,0,24.6,850,25.2,25.4,48,797,6045,0,0.9,173,2.2,2.2,25.3,18,20
2026-06-10T11:39:59Z,0,0,0,2.8,0,0,26.1,849.8,26.4,26.9,47.2,770,5785,0,0,147,0.2,0.2,27.2,19.2,21.4
2026-06-10T11:55:06Z,0,0,0,2.5,0,0,25.6,849.8,25.9,26.6,46.2,729,5327,0,0.7,93,1.7,1.7,26.6,18.8,21
2026-06-10T12:10:13Z,0,0,0,2.5,0,0,26.7,849.8,26.8,27.5,44.2,733,5419,0,1.3,58,2.6,2.6,27.5,19.2,21.7
2026-06-10T12:25:20Z,0,0,0,2.4,0,0,25.2,849.8,25.4,26.3,47.2,702,5090,0,0.9,111,2.6,2.6,26.2,18.6,20.7
2026-06-10T12:41:00Z,0,0,0,2.1,0,0,25.2,849.8,25.4,26.1,47,656,4614,0,0.4,144,1.1,1.1,26.1,18.5,20.6
2026-06-10T12:56:08Z,0,0,0,0.7,0,0,24.3,849.8,24.8,25.2,48.9,390,1577,0,0.1,193,0.4,0.4,25.1,18,19.9
2026-06-10T13:11:15Z,0,0,0,1.2,0,0,24.4,849.7,24.8,25.2,49.3,488,2701,0,0.4,123,1.7,1.7,25.1,18.1,19.9
2026-06-10T13:26:23Z,0,0,0,0.7,0,0,23.9,849.8,24.1,24.6,49.1,387,1565,0,1.5,67,4.1,4.1,24.5,17.5,19.4
2026-06-10T13:41:30Z,0,0,0,0.6,0,0,23.8,849.8,24.1,24.5,51.5,373,1395,0,0.4,80,1.3,1.3,24.4,17.8,19.3
2026-06-10T13:56:56Z,0,0,0,0.6,0,0,23.3,850,23.5,23.9,51.2,374,1490,0,1.1,78,2.6,2.6,23.8,17.3,18.8
2026-06-10T14:12:03Z,0,0,0,0.4,0,0,23,850.1,23.2,23.6,53.3,332,953,0,0.3,110,1.1,1.1,23.5,17.3,18.6
2026-06-10T14:27:10Z,0,0,0,0.2,0,0,22.6,850.1,22.8,23.2,53.8,300,590,0,0.3,97,1.3,1.3,23.1,17,18.2
2026-06-10T14:42:18Z,0,0,0,0.3,0,0,22.4,850.2,22.6,22.8,55,305,704,0,0.2,97,0.8,0.8,22.6,16.8,17.8
2026-06-10T14:57:26Z,0,0,0,0.2,0,0,22.4,850.2,22.5,22.7,56.3,292,601,0,1,80,1.5,1.5,22.6,16.9,17.8
2026-06-10T15:12:53Z,0,0,0,0.1,0,0,21.9,850.3,22.1,22.3,57.7,272,379,0,0,89,0,0,22.2,16.8,17.5
2026-06-10T15:28:00Z,0,0,0,0,0,0,21.5,850.4,21.7,21.9,59.8,264,285,0,0.1,184,0.7,0.7,21.8,16.7,17.1
2026-06-10T15:43:08Z,0,0,0,0,0,0,21.2,850.6,21.3,21.5,61.5,261,258,0,0,183,0,0,21.5,16.6,16.8
2026-06-10T15:58:15Z,0,0,0,0,0,0,20.9,850.8,21.1,21.3,62.2,261,253,0,0,183,0,0,21.2,16.4,16.6
2026-06-10T16:13:23Z,0,0,0,0,0,0,20.7,850.9,20.8,21,63,261,254,0,0.2,92,1.1,1.1,20.9,16.3,16.4
2026-06-10T16:29:04Z,0,0,0,0,0,0,20.5,851,20.7,20.9,63.7,259,253,0,0.8,133,2.4,2.4,20.8,16.3,16.3
2026-06-10T16:44:04Z,0,0,0,0,0,0,20.2,851.3,20.4,20.6,65.6,259,253,0,0,97,0,0,20.5,16.2,16
2026-06-10T16:59:11Z,0,0,0,0,0,0,19.9,851.3,20.1,20.3,66.2,261,254,0,0.2,97,0.9,0.9,20.2,16.1,15.7
2026-06-10T17:14:18Z,0,0,0,0,0,0,19.9,851.5,20.1,20.2,66,260,253,0,0.4,94,1.3,1.3,20.1,16,15.7
2026-06-10T17:29:26Z,0,0,0,0,0,0,19.8,851.5,20,20.2,66.2,261,253,0,0.2,92,0.7,0.7,20.1,16,15.6
2026-06-10T17:44:33Z,0,0,0,0,0,0,19.7,851.7,19.9,20.1,66.8,260,252,0,0,100,0.2,0.2,20,16,15.6
2026-06-10T18:00:04Z,0,0,0,0,0,0,19.6,851.9,19.8,20,67.1,260,253,0,0.1,136,0.7,0.7,19.9,15.9,15.4
2026-06-10T18:15:11Z,0,0,0,0,0,0,19.4,852.1,19.6,19.8,67.5,261,253,0,0,97,0,0,19.7,15.8,15.3
2026-06-10T18:30:18Z,0,0,0,0,0,0,19.1,852,19.3,19.5,68.2,260,254,0,0,183,0,0,19.4,15.6,15
2026-06-10T18:45:26Z,0,0,0,0,0,0,18.6,852.1,18.7,19,69.7,260,254,0,0,183,0,0,18.9,15.3,14.5
2026-06-10T19:00:34Z,0,0,0,0,0,0,18,852.3,18.2,18.4,72.2,260,253,0,0,183,0,0,18.3,15.1,14
2026-06-10T19:16:00Z,0,0,0,0,0,0,17.7,852.2,17.8,18,74.1,261,255,0,0,183,0,0,17.9,14.9,13.6
2026-06-10T19:31:08Z,0,0,0,0,0,0,17.3,852.2,17.5,17.7,75.8,261,254,0,0,183,0,0,17.6,14.8,13.3
2026-06-10T19:46:15Z,0,0,0,0,0,0,17,852.1,17.1,17.3,78.2,259,254,0,0,183,0,0,17.3,14.8,13
2026-06-10T20:01:23Z,0,0,0,0,0,0,16.7,852.1,16.8,17.1,80.2,261,253,0,0,183,0,0,17,14.7,12.8
2026-06-10T20:16:31Z,0,0,0,0,0,0,16.5,852,16.8,17,81.2,261,253,0,0,183,0,0,16.9,14.8,12.7
2026-06-10T20:31:39Z,0,0,0,0,0,0,16.8,852.1,17,17.2,79.6,260,254,0,0,183,0,0,17.2,14.8,12.9
2026-06-10T20:47:04Z,0,0,0,0,0,0,17,852.1,17.2,17.4,79.6,260,252,0,0,183,0,0,17.3,15,13.1
2026-06-10T21:02:12Z,0,0,0,0,0,0,17.2,852,17.4,17.6,77.8,260,254,0,0,183,0,0,17.6,15,13.3
2026-06-10T21:17:20Z,0,0,0,0,0,0,17.3,851.9,17.4,17.7,77.9,259,253,0,0,183,0,0,17.6,15.1,13.4
2026-06-10T21:32:28Z,0,0,0,0,0,0,17.3,851.8,17.5,17.7,77.9,260,254,0,0,183,0,0,17.6,15.1,13.4
2026-06-10T21:47:36Z,0,0,0,0,0,0,17.5,851.7,17.7,17.9,76.7,259,253,0,0,184,0.2,0.2,17.8,15.1,13.5
2026-06-10T22:03:19Z,0,0,0,0,0,0,17.5,851.4,17.6,17.8,77,261,254,0,0.4,92,1.7,1.7,17.7,15.1,13.5
2026-06-10T22:18:43Z,0,0,0,0,0,0,17.3,851.5,17.4,17.7,77.6,260,253,0,0.1,85,0.7,0.7,17.6,15,13.4
2026-06-10T22:33:51Z,0,0,0,0,0,0,17.2,851.4,17.3,17.5,78.1,261,254,0,0.4,88,0.7,0.7,17.4,14.9,13.2
2026-06-10T22:48:58Z,0,0,0,0,0,0,17.1,851.3,17.3,17.5,78.9,261,253,0,0,88,0,0,17.4,15,13.2
2026-06-10T23:04:06Z,0,0,0,0,0,0,17.1,851.3,17.2,17.4,80.4,259,253,0,0,88,0,0,17.4,15.1,13.1
2026-06-10T23:19:14Z,0,0,0,0,0,0,17,851.2,17.1,17.3,80.8,259,253,0,0,88,0,0,17.3,15.1,13
2026-06-10T23:34:21Z,0,0,0,0,0,0,16.8,851.1,16.9,17.2,81.9,260,253,0,0,88,0.4,0.4,17.2,15.1,12.9
2026-06-10T23:49:46Z,0,0,0,0,0,0,16.7,851.1,16.9,17.1,83,261,253,0,0,88,0,0,17.1,15.1,12.8
2026-06-11T00:00:52Z,0,0,0,0,0,0,16.7,851.2,16.8,17.1,84.8,260,252,0,0,88,0,0,17.1,15.3,12.9
2026-06-11T00:16:00Z,0,0,0,0,0,0,16.7,851.1,16.8,17.1,85.7,261,254,0,0.1,88,0.7,0.7,17.1,15.4,12.9
2026-06-11T00:31:08Z,0,0,0,0,0,0,16.6,851.1,16.8,17,85.8,261,254,0,0.1,88,0.2,0.2,17,15.3,12.8
2026-06-11T00:46:15Z,0,0,0,0,0,0,16.5,851.1,16.6,16.9,86.7,260,252,0,0,16,0,0,16.9,15.3,12.6
2026-06-11T01:01:23Z,0,0,0,0,0,0,16.2,851.2,16.3,16.6,87.9,260,253,0,0,16,0,0,16.6,15.1,12.4
2026-06-11T01:16:49Z,0,0,0,0,0,0,16,851.2,16.2,16.2,89.5,261,253,0,0,16,0,0,16.3,15,12.1
2026-06-11T01:31:56Z,0,0,0,0,0,0,15.9,851.3,16.2,16.2,90.7,260,254,0,0,16,0,0,16.3,15.1,12
2026-06-11T01:47:03Z,0,0,0,0,0,0,16,851.5,16.3,16.4,90.8,260,253,0,0,16,0,0,16.4,15.3,12.2
2026-06-11T02:02:10Z,0,0,0,0,0,0,16.1,851.6,16.2,16.5,90.5,260,253,0,0.5,17,1.1,1.1,16.6,15.4,12.3
2026-06-11T02:17:18Z,0,0,0,0,0,0,16.2,851.7,16.3,16.6,90.2,261,253,0,0,89,0.2,0.2,16.6,15.4,12.4
2026-06-11T02:32:25Z,0,0,0,0,0,0,16.2,851.7,16.4,16.6,90.1,260,253,0,0,89,0,0,16.7,15.5,12.5
2026-06-11T02:47:52Z,0,0,0,0,0,0,16.1,851.7,16.2,16.5,89,260,253,0,0,89,0,0,16.5,15.2,12.3
2026-06-11T03:02:59Z,0,0,0,0,0,0,15.9,851.8,16.1,16.2,89.5,261,254,0,0,89,0,0,16.2,15,12
2026-06-11T03:18:06Z,0,0,0,0,0,0,15.6,852,15.8,15.9,90.4,259,264,0,0,89,0,0,15.9,14.8,11.7
2026-06-11T03:33:13Z,0,0,0,0,0,0,15.2,852.2,15.5,15.6,91.7,266,291,0,0,89,0,0,15.6,14.6,11.4
2026-06-11T03:48:21Z,0,0,0,0.1,0,0,15.1,852.2,15.4,15.4,92.3,272,369,0,0,89,0,0,15.4,14.5,11.2
2026-06-11T04:03:28Z,0,0,0,0.1,0,0,15.6,852.4,15.9,15.9,92.8,274,399,0,0.2,153,1.3,1.3,15.9,15.1,11.7
2026-06-11T04:18:55Z,0,0,0,0.1,0,0,15.9,852.4,16.1,16.2,91.2,275,412,0,0,153,0,0,16.3,15.2,12.1
2026-06-11T04:34:03Z,0,0,0,0.1,0,0,16.1,852.7,16.3,16.5,90.7,282,504,0,0,153,0,0,16.5,15.3,12.3
2026-06-11T04:49:03Z,0,0,0,0.2,0,0,16.2,852.9,16.3,16.6,89.6,304,732,0,0,153,0.4,0.4,16.6,15.3,12.4
2026-06-11T05:04:10Z,0,0,0,0.2,0,0,16.4,853.2,16.5,16.8,88.1,297,670,0,0,153,0,0,16.8,15.4,12.6
2026-06-11T05:19:17Z,0,0,0,0.4,0,0,16.6,853.3,16.8,17,87.1,324,986,0,0,153,0,0,17,15.5,12.8
2026-06-11T05:34:25Z,0,0,0,0.8,0,0,17.3,853.3,17.5,17.7,85.2,398,1756,0,0.2,98,0.7,0.7,17.7,15.9,13.4
2026-06-11T05:49:33Z,0,0,0,0.7,0,0,17.9,853.4,18.2,18.2,81.8,381,1534,0,0.1,98,0.7,0.7,18.2,16,13.9
2026-06-11T06:04:59Z,0,0,0,0.7,0,0,17.8,853.7,18,18.3,81.6,395,1673,0,0.3,101,1.3,1.3,18.3,16.1,14
2026-06-11T06:20:06Z,0,0,0,1,0,0,18.6,853.8,19.3,19,79.6,449,2233,0,0.2,94,0.9,0.9,19,16.5,14.7
2026-06-11T06:35:14Z,0,0,0,1.2,0,0,19.2,853.6,19.8,19.4,78.5,479,2532,0,0,94,0,0,19.4,16.8,15
2026-06-11T06:50:21Z,0,0,0,1.2,0,0,19.6,853.6,20.4,20.1,74.1,488,2710,0,0.1,94,0.4,0.4,20.1,16.9,15.7
2026-06-11T07:05:28Z,0,0,0,1.7,0,0,19.8,853.5,20.4,20.2,74.2,576,3575,0,0.2,95,0.7,0.7,20.2,17,15.7
2026-06-11T07:21:14Z,0,0,0,2.6,0,0,20.9,853.4,21.5,21.6,67.7,740,5502,0,0.2,101,0.9,0.9,21.6,17.5,17
2026-06-11T07:36:21Z,0,0,0,3.2,0,0,21.1,853.3,22.1,21.7,66.3,853,6737,0,0.2,204,1.1,1.1,21.7,17.4,17.1
2026-06-11T07:51:28Z,0,0,0,1.3,0,0,22.6,853.2,23.1,23.1,59.7,499,2663,0,0.4,90,1.1,1.1,23.1,17.7,18.2
2026-06-11T08:06:36Z,0,0,0,3.2,0,0,21.9,853,21.9,22.5,59.2,846,6657,0,0.2,95,0.7,0.7,22.4,17.1,17.6
2026-06-11T08:21:43Z,0,0,0,3.7,0,0,22.4,852.9,22.8,23,59.5,953,7900,0,0,62,0.4,0.4,23,17.7,18.1
2026-06-11T08:37:05Z,0,0,0,3.8,0,0,22.9,852.8,23.5,23.4,55.5,961,7942,0,0.9,79,2,2,23.3,17.4,18.4
2026-06-11T08:52:12Z,0,0,0,1.9,0,0,23.1,852.5,24.2,23.7,54.7,602,3751,0,0,89,0.2,0.2,23.6,17.6,18.7
2026-06-11T09:07:18Z,0,0,0,1.3,0,0,22,852.4,22.8,22.8,57.1,494,2739,0,0.2,113,0.9,0.9,22.7,17.1,17.9
2026-06-11T09:22:26Z,0,0,0,1.4,0,0,22,852.2,22.4,22.9,55.8,517,2912,0,0,113,0.4,0.4,22.7,17,17.9
2026-06-11T09:37:32Z,0,0,0,1.2,0,0,23.3,851.9,24,23.8,52.6,487,2567,0,1.5,183,3.1,3.1,23.7,17.3,18.7
2026-06-11T09:52:39Z,0,0,0,4,0,0,24.1,851.6,24.4,24.5,53.2,1011,8525,0,0.4,93,1.5,1.5,24.5,18.1,19.4
2026-06-11T10:08:15Z,0,0,0,4.1,0,0,23.4,851.4,23.9,24,54.8,1012,8577,0,0.7,208,1.3,1.3,24,17.9,18.9
2026-06-11T10:23:21Z,0,0,0,1.4,0,0,23.1,851.4,23.8,23.3,55.1,517,2919,0,0,98,0,0,23.2,17.3,18.3
2026-06-11T10:38:30Z,0,0,0,1.5,0,0,23.5,851.1,23.9,24,52,542,3136,0,0,97,0,0,23.9,17.5,18.9
2026-06-11T10:53:37Z,0,0,0,1.2,0,0,23.8,850.9,24.5,24.3,51,487,2573,0,0,237,0.2,0.2,24.2,17.5,19.1
2026-06-11T11:08:43Z,0,0,0,1.2,0,0,25.8,850.7,26.2,26.3,47,481,2562,0,0.2,260,1.6,1.6,26.3,18.7,20.8
2026-06-11T11:23:50Z,0,0,0,1.2,0,0,25.3,850.6,25.9,26.3,46.7,486,2547,0,0.8,93,2,2,26.2,18.6,20.7
2026-06-11T11:39:17Z,0,0,0,1.6,0,0,26.1,850.5,26.4,27.1,45.2,555,3316,0,0.2,81,1.3,1.3,27.2,19,21.4
2026-06-11T11:54:24Z,0,0,0,1.3,0,0,26.8,850.3,26.6,27.6,42.1,500,2649,0,0.6,86,1.3,1.3,27.5,18.9,21.6
2026-06-11T12:09:30Z,0,0,0,2.7,0,0,25.3,850.2,25.4,26.3,42.6,751,5670,0,0.9,74,2,2,26.2,17.9,20.7
2026-06-11T12:24:37Z,0,0,0,2.5,0,0,26.1,850.2,26.2,27.2,43.8,715,5351,0,0,82,0.2,0.2,27.3,18.9,21.5
2026-06-11T12:39:44Z,0,0,0,0.7,0,0,24.1,850.1,24.8,24.9,46.2,393,1569,0,0.2,157,0.9,0.9,24.8,17.3,19.6
2026-06-11T12:55:10Z,0,0,0,0.8,0,0,23.8,850.1,24,24.4,49.4,400,1651,0,0.5,115,2.1,2.1,24.3,17.4,19.2
2026-06-11T13:10:32Z,0,0,0,1.8,0,0,24,850.1,24.5,24.8,49.1,596,4039,0,0.1,179,0.9,0.9,24.7,17.6,19.5
2026-06-11T13:25:39Z,0,0,0,1,0,0,25,850,26,26.2,44.7,441,2191,0,0.2,183,0.7,0.7,26.1,18.2,20.6
2026-06-11T13:40:46Z,0,0,0,1,0,0,24.6,850,25.5,25.7,46.8,437,2209,0,0.7,179,1.9,1.9,25.6,18.1,20.2
2026-06-11T13:56:13Z,0,0,0,0.9,0,0,24.7,850,25.4,26,44.6,428,2140,0,0.5,110,1.5,1.5,26,18,20.5
2026-06-11T14:11:19Z,0,0,0,0.3,0,0,23.8,850,24.6,24.7,47.7,319,769,0,0,160,0.2,0.2,24.5,17.4,19.4
2026-06-11T14:26:26Z,0,0,0,0.3,0,0,23.5,850,23.9,24.2,50.1,312,736,0,0.1,84,0.9,0.9,24.1,17.3,19
2026-06-11T14:41:33Z,0,0,0,0.2,0,0,22.9,850.1,23.1,23.4,51,298,587,0,1,70,2.2,2.2,23.2,16.7,18.3
2026-06-11T14:56:41Z,0,0,0,0.2,0,0,22.4,850.3,22.6,22.8,54.1,285,471,0,1,85,2.6,2.6,22.7,16.7,17.9
2026-06-11T15:11:48Z,0,0,0,0.1,0,0,21.9,850.4,22.1,22.3,56.2,276,389,0,0,96,0,0,22.2,16.6,17.5
2026-06-11T15:27:15Z,0,0,0,0,0,0,21.4,850.5,21.6,21.8,57.9,265,305,0,0,148,0.2,0.2,21.6,16.3,17
2026-06-11T15:42:23Z,0,0,0,0,0,0,20.9,850.9,21.1,21.2,60.6,262,267,0,0,93,0,0,21.1,16.2,16.5
2026-06-11T15:57:30Z,0,0,0,0,0,0,20.6,850.9,20.8,21,62,259,253,0,0,93,0,0,20.9,16.2,16.3
2026-06-11T16:13:25Z,0,0,0,0,0,0,20.9,851.1,21.1,21.2,61.7,260,254,0,0,90,0.2,0.2,21.1,16.3,16.5
2026-06-11T16:28:32Z,0,0,0,0,0,0,20.7,851.2,20.8,21,62.5,260,253,0,0,122,0,0,20.9,16.3,16.4
2026-06-11T16:43:40Z,0,0,0,0,0,0,20.5,851.3,20.6,20.8,63.2,260,254,0,0.2,176,0.9,0.9,20.7,16.2,16.2
2026-06-11T16:58:47Z,0,0,0,0,0,0,20.3,851.5,20.4,20.6,64.2,259,253,0,0,148,0.2,0.2,20.5,16.1,16
2026-06-11T17:13:55Z,0,0,0,0,0,0,20.2,851.5,20.3,20.5,64.3,260,254,0,0,167,0.2,0.2,20.4,16.1,15.9
2026-06-11T17:29:19Z,0,0,0,0,0,0,19.9,851.8,20.1,20.3,65.5,261,253,0,0.1,182,0.9,0.9,20.2,16,15.7
2026-06-11T17:44:27Z,0,0,0,0,0,0,19.7,851.8,19.8,20.1,66.7,261,252,0,0,181,0,0,20,15.9,15.5
2026-06-11T17:59:35Z,0,0,0,0,0,0,19.7,852,19.8,20,67.3,260,254,0,0,182,0.4,0.4,19.9,16,15.5
2026-06-11T18:14:42Z,0,0,0,0,0,0,19.7,852,19.9,20,67.7,260,253,0,0.1,182,0.4,0.4,19.9,16,15.5
2026-06-11T18:30:30Z,0,0,0,0,0,0,19.7,852.1,19.9,20,68.2,260,252,0,0,181,0,0,19.9,16.1,15.5
2026-06-11T18:45:38Z,0,0,0,0,0,0,19.7,852.1,19.9,20,68.5,260,253,0,0,182,0.2,0.2,20,16.1,15.5
2026-06-11T19:00:46Z,0,0,0,0,0,0,19.5,852.3,19.6,19.9,69.5,260,253,0,0.2,182,0.9,0.9,19.8,16.1,15.4
2026-06-11T19:15:53Z,0,0,0,0,0,0,19.3,852.5,19.4,19.6,70.7,260,253,0,0,181,0,0,19.6,16,15.2
2026-06-11T19:31:01Z,0,0,0,0,0,0,19.2,852.5,19.3,19.5,71.8,261,253,0,0,181,0,0,19.5,16,15.1
2026-06-11T19:46:26Z,0,0,0,0,0,0,19,852.6,19.1,19.3,73,260,254,0,0,181,0,0,19.2,16,14.9
2026-06-11T20:01:33Z,0,0,0,0,0,0,18.7,852.5,18.9,19.1,75,261,254,0,0.2,182,0.7,0.7,19,16,14.7
2026-06-11T20:16:40Z,0,0,0,0,0,0,18.7,852.5,18.9,19.1,74.8,260,253,0,0.1,93,0.4,0.4,19,16,14.7
2026-06-11T20:31:48Z,0,0,0,0,0,0,18.6,852.5,18.8,19,75.9,261,253,0,0,87,0,0,18.9,16,14.6
2026-06-11T20:48:00Z,0,0,0,0,0,0,18.1,852.6,18.4,18.6,80.6,260,254,0,0.9,182,2.2,2.2,18.6,16.3,14.3
2026-06-11T21:03:07Z,0,0,0,0,0,0,17.9,852.6,18.1,18.3,82.5,260,253,0,0.3,193,1.1,1.1,18.3,16.2,14
2026-06-11T21:18:14Z,0,0,0,0,0,0,17.8,852.6,17.9,18.2,83.1,260,254,0,0,90,0.4,0.4,18.2,16.1,13.9
2026-06-11T21:33:22Z,0,0,0,0,0,0,17.6,852.4,17.8,18,84,261,253,0,0.2,91,0.9,0.9,18,16.1,13.7
2026-06-11T21:48:29Z,0,0,0,0,0,0,17.5,852.2,17.7,17.9,84.6,261,253,0,0,73,0.2,0.2,17.9,16,13.6
2026-06-11T22:03:36Z,0,0,0,0,0,0,17.3,852.3,17.5,17.7,85.7,261,252,0,0,69,0,0,17.7,16,13.4
2026-06-11T22:18:43Z,0,0,0,0,0,0,17.4,852.1,17.6,17.7,85.9,258,253,0,0.1,89,0.7,0.7,17.8,16.1,13.5
2026-06-11T22:34:06Z,0,0,0,0,0,0,17.4,852.1,17.5,17.8,86.3,261,253,0,0.5,89,0.9,0.9,17.8,16.1,13.5
2026-06-11T22:49:14Z,0,0,0,0,0,0,17.3,851.9,17.4,17.7,87.4,260,253,0,0.1,89,0.4,0.4,17.7,16.2,13.5
2026-06-11T23:04:21Z,0,0,0,0,0,0,17.1,851.9,17.2,17.6,88.5,261,255,0,0.1,95,0.7,0.7,17.6,16.2,13.4
2026-06-11T23:19:29Z,0,0,0,0,0,0,17.1,851.8,17.2,17.5,89,260,254,0,0,90,0,0,17.5,16.1,13.3
2026-06-11T23:34:37Z,0,0,0,0,0,0,17.1,851.7,17.2,17.5,87.8,259,254,0,0.3,90,1.1,1.1,17.5,16,13.3
2026-06-11T23:50:13Z,0,0,0,0,0,0,17,851.6,17.1,17.4,88.1,261,254,0,0,170,0.2,0.2,17.4,15.9,13.2
2026-06-12T00:00:18Z,0,0,0,0,0,0,16.9,851.4,17.1,17.3,88.5,260,254,0,0.2,186,1.5,1.5,17.3,15.9,13.1
2026-06-12T00:15:25Z,0,0,0,0,0,0,16.8,851.3,17,17.2,88.4,260,253,0,0.1,203,0.4,0.4,17.3,15.9,13
2026-06-12T00:30:32Z,0,0,0,0,0,0,16.7,851.4,16.8,17.1,89,261,254,0,0.2,194,1.7,1.7,17.2,15.8,13
2026-06-12T00:45:39Z,0,0,0,0,0,0,16.6,851.3,16.8,17,90,259,254,0,0.7,134,1.5,1.5,17.1,15.8,12.9
2026-06-12T01:00:47Z,0,0,0,0,0,0,16.5,851.4,16.6,16.9,91.1,260,253,0,0,88,0.2,0.2,16.9,15.8,12.7
2026-06-12T01:16:11Z,0,0,0,0,0,0,16.4,851.3,16.5,16.8,91.9,261,254,0,0.1,75,1.5,1.5,16.9,15.9,12.7
2026-06-12T01:31:19Z,0,0,0,0,0,0,16.2,851.4,16.3,16.7,92.1,260,253,0,0,199,0,0,16.7,15.7,12.5
2026-06-12T01:46:26Z,0,0,0,0,0,0,16.2,851.6,16.3,16.7,92.3,260,254,0,0,199,0,0,16.7,15.8,12.5
2026-06-12T02:01:34Z,0,0,0,0,0,0,16.2,851.7,16.3,16.6,92.1,261,254,0,0,200,0.2,0.2,16.7,15.7,12.4
2026-06-12T02:16:42Z,0,0,0,0,0,0,16.2,851.9,16.3,16.6,92.1,261,253,0,0,199,0,0,16.6,15.7,12.4
2026-06-12T02:31:49Z,0,0,0,0,0,0,16.1,852,16.3,16.5,92,261,253,0,0,92,0.2,0.2,16.6,15.6,12.4
2026-06-12T02:47:14Z,0,0,0,0,0,0,16.1,852.1,16.2,16.5,91.9,261,254,0,0.2,173,1.1,1.1,16.6,15.6,12.4
2026-06-12T03:02:22Z,0,0,0,0,0,0,16.1,852.3,16.3,16.5,91.6,260,254,0,0.4,177,1.3,1.3,16.5,15.5,12.3
2026-06-12T03:17:29Z,0,0,0,0,0,0,16.1,852.4,16.3,16.5,91.5,260,258,0,0,129,0.4,0.4,16.6,15.5,12.3
2026-06-12T03:32:36Z,0,0,0,0,0,0,16.2,852.5,16.2,16.6,90.4,263,286,0,0.1,151,0.7,0.7,16.6,15.4,12.4
2026-06-12T03:47:44Z,0,0,0,0.1,0,0,16.3,852.6,16.4,16.6,90.1,268,352,0,0,151,0,0,16.7,15.5,12.5
2026-06-12T04:02:51Z,0,0,0,0.1,0,0,16.3,852.7,16.5,16.7,89.8,281,512,0,0,151,0,0,16.8,15.5,12.5
2026-06-12T04:18:17Z,0,0,0,0.2,0,0,16.6,852.9,16.7,16.9,89.2,302,758,0,0,151,0.2,0.2,17,15.7,12.8
2026-06-12T04:33:25Z,0,0,0,0.2,0,0,16.7,852.9,16.8,17.1,89,304,718,0,0,92,0,0,17.1,15.8,12.9
2026-06-12T04:48:33Z,0,0,0,0.4,0,0,16.9,853.1,17.1,17.2,88,336,1087,0,0.1,130,0.4,0.4,17.3,15.8,13
2026-06-12T05:03:40Z,0,0,0,0.6,0,0,17.3,853.4,17.6,17.7,87,362,1375,0,0.2,139,0.7,0.7,17.8,16.2,13.5
2026-06-12T05:18:48Z,0,0,0,0.6,0,0,18.1,853.5,18.2,18.5,83.7,369,1393,0,0.6,80,1.3,1.3,18.5,16.5,14.2
2026-06-12T05:33:56Z,0,0,0,0.6,0,0,18.1,853.6,18.3,18.6,83.2,364,1367,0,0,45,0,0,18.6,16.5,14.3
2026-06-12T05:49:21Z,0,0,0,0.9,0,0,18.1,853.9,18.2,18.7,82.5,422,2051,0,0,87,0,0,18.7,16.5,14.4
2026-06-12T06:04:29Z,0,0,0,0.9,0,0,18.4,853.9,18.8,18.9,81,418,1980,0,0.1,206,0.7,0.7,18.9,16.6,14.6
2026-06-12T06:19:36Z,0,0,0,0.9,0,0,18.9,853.9,19.3,19.3,78.6,431,2099,0,0.1,216,0.4,0.4,19.3,16.7,15
2026-06-12T06:34:43Z,0,0,0,0.7,0,0,19,854,19.1,19.6,77.2,386,1579,0,0.5,92,1.5,1.5,19.6,16.8,15.2
2026-06-12T06:49:51Z,0,0,0,0.8,0,0,18.9,854.1,19.3,19.6,78,396,1702,0,0,92,0,0,19.6,16.9,15.2
2026-06-12T07:04:59Z,0,0,0,0.7,0,0,19.5,854.1,19.8,20,75.3,393,1688,0,0.2,87,0.7,0.7,20,17,15.6
2026-06-12T07:20:24Z,0,0,0,1.5,0,0,19.8,854,20.1,20.2,73.5,530,3147,0,0.3,208,0.7,0.7,20.2,17,15.8
2026-06-12T07:35:32Z,0,0,0,1.1,0,0,20.5,854,20.6,21,70.8,457,2387,0,0.2,206,0.9,0.9,21,17.3,16.4
2026-06-12T07:50:39Z,0,0,0,2.3,0,0,21,853.8,21.1,21.5,70.4,688,4917,0,0,94,0.2,0.2,21.5,17.7,16.9
2026-06-12T08:05:46Z,0,0,0,1.4,0,0,21.4,853.5,22.1,21.9,66.5,524,3098,0,0,188,0.2,0.2,21.8,17.5,17.2
2026-06-12T08:20:54Z,0,0,0,1.5,0,0,22.3,853.5,22.8,22.9,63.7,528,3128,0,0,187,0,0,22.9,18.1,18
2026-06-12T08:36:01Z,0,0,0,2.1,0,0,22.3,853.2,22.9,22.9,63.1,657,4517,0,0.1,168,0.7,0.7,22.9,18.1,18.1
2026-06-12T08:51:32Z,0,0,0,2.6,0,0,23.1,853.1,22.9,23.2,62.5,743,5352,0,0,20,0,0,23.2,18.2,18.3
2026-06-12T09:06:39Z,0,0,0,1.7,0,0,23.7,852.8,23.8,23.7,60.8,581,3637,0,0,244,0.2,0.2,23.7,18.4,18.7
2026-06-12T09:21:46Z,0,0,0,3.3,0,0,24.9,852.7,25.2,25.5,56.8,867,6701,0,0,99,0.4,0.4,25.5,19.4,20.2
2026-06-12T09:36:54Z,0,0,0,3.1,0,0,24,852.5,24.5,24.5,54.8,840,6461,0,1.4,72,2,2,24.5,18.3,19.3
2026-06-12T09:52:01Z,0,0,0,3.6,0,0,24,852.2,24.4,24.6,55.7,933,7605,0,0.2,133,1.1,1.1,24.5,18.5,19.4
2026-06-12T10:07:37Z,0,0,0,3.7,0,0,23.5,852,24,24.1,56.7,951,7847,0,0.7,76,2.3,2.3,24.1,18.2,19
2026-06-12T10:22:44Z,0,0,0,3.5,0,0,24.5,851.6,24.2,24.2,53.4,907,7286,0,1.1,325,1.7,1.7,24.2,17.8,19.1
2026-06-12T10:37:51Z,0,0,0,1.3,0,0,23.9,851.4,24.1,24.6,51.8,494,2628,0,1.1,72,1.7,1.7,24.6,18,19.4
2026-06-12T10:52:58Z,0,0,0,1,0,0,24.2,851.2,24.3,24.5,52.2,439,2077,0,0,154,0.4,0.4,24.5,17.9,19.3
2026-06-12T11:08:05Z,0,0,0,1.3,0,0,24,851,24.3,24.5,53.1,499,2690,0,0.1,141,0.7,0.7,24.5,18.1,19.3
2026-06-12T11:23:31Z,0,0,0,2.3,0,0,24.5,850.8,25.1,25.2,50.2,685,4916,0,0.5,158,1.3,1.3,25.2,18.2,19.9
2026-06-12T11:38:43Z,0,0,0,2.2,0,0,24.6,850.7,25.2,25.1,52.7,672,4712,0,0.5,165,2.2,2.2,25.1,18.5,19.8
2026-06-12T11:53:49Z,0,0,0,1.1,0,0,24.3,850.5,24.5,24.8,51.7,472,2511,0,0,105,0.4,0.4,24.7,18.1,19.6
2026-06-12T12:08:57Z,0,0,0,1.1,0,0,25.1,850.4,25.4,25.6,50.3,472,2555,0,0.3,111,1.3,1.3,25.5,18.5,20.2
2026-06-12T12:24:04Z,0,0,0,1.1,0,0,24.6,850.1,24.6,25.2,50.3,457,2396,0,0.3,77,0.7,0.7,25.1,18.2,19.9
2026-06-12T12:39:42Z,0,0,0,0.8,0,0,24.7,850,24.9,25.3,49.8,412,1902,0,0.2,130,0.9,0.9,25.3,18.2,20
2026-06-12T12:54:48Z,0,0,0,1,0,0,24.8,850,25.1,25.3,50.7,440,2209,0,0.3,118,1.1,1.1,25.3,18.4,20
2026-06-12T13:09:56Z,0,0,0,0.9,0,0,24.7,850.1,24.9,25.4,52.2,430,2103,0,0.2,100,1.1,1.1,25.3,18.7,20
2026-06-12T13:25:55Z,0,0,0,1.3,0,0,25.6,849.9,26.4,26.8,47.1,507,3019,0,1.1,173,2.5,2.5,27.1,19.1,21.3
2026-06-12T13:41:02Z,0,0,0,0.6,0,0,24.7,850,25.4,25.5,51.1,374,1464,0,0.2,85,1.8,1.8,25.5,18.6,20.2
2026-06-12T13:56:09Z,0,0,0,0.4,0,0,24.6,850.2,24.9,25.6,51,339,1096,0,0.1,91,0.7,0.7,25.5,18.7,20.2
2026-06-12T14:11:31Z,0,0,0,0.6,0,0,23.9,850.1,24.3,24.7,52.8,363,1453,0,0.6,89,1.5,1.5,24.6,18.2,19.5
2026-06-12T14:26:38Z,0,0,0,0.3,0,0,23.6,850.3,23.8,24.1,56,313,733,0,0,132,0.2,0.2,24.1,18.1,19
2026-06-12T14:41:45Z,0,0,0,0.2,0,0,23.2,850.5,23.4,23.7,57.6,295,576,0,0,111,0,0,23.6,18,18.7
2026-06-12T14:56:52Z,0,0,0,0.2,0,0,22.7,850.5,22.8,23.1,59.7,286,476,0,0,98,0,0,23.1,17.8,18.2
2026-06-12T15:11:59Z,0,0,0,0.1,0,0,22.4,850.7,22.6,22.7,60.9,272,406,0,0,90,0,0,22.7,17.6,17.9
2026-06-12T15:27:42Z,0,0,0,0,0,0,22.2,850.8,22.4,22.5,62,263,284,0,0.2,138,0.9,0.9,22.5,17.6,17.7
2026-06-12T15:42:49Z,0,0,0,0,0,0,21.9,850.9,22.1,22.2,64.2,261,261,0,0.3,164,1.5,1.5,22.2,17.6,17.5
2026-06-12T15:57:56Z,0,0,0,0,0,0,21.6,851.1,21.8,21.9,65.2,260,254,0,0.2,155,1.5,1.5,21.9,17.4,17.2
2026-06-12T16:13:04Z,0,0,0,0,0,0,21.4,851.3,21.6,21.8,66,261,254,0,0,162,0.2,0.2,21.7,17.4,17.1
2026-06-12T16:28:42Z,0,0,0,0,0,0,21.2,851.5,21.4,21.5,66.9,259,253,0,0.5,174,2,2,21.5,17.3,16.9
2026-06-12T16:43:49Z,0,0,0,0,0,0,21,851.6,21.2,21.3,67.7,261,253,0,0,164,0.4,0.4,21.3,17.2,16.7
2026-06-12T16:58:56Z,0,0,0,0,0,0,20.7,851.8,20.8,21,68.8,261,253,0,0.3,146,0.9,0.9,21,17.1,16.4
2026-06-12T17:14:04Z,0,0,0,0,0,0,20.3,851.9,20.4,20.7,69.9,259,253,0,0,146,0,0,20.7,16.9,16.1
2026-06-12T17:29:11Z,0,0,0,0,0,0,20.2,852.1,20.4,20.5,69.9,260,253,0,0.1,145,0.6,0.6,20.5,16.8,16
2026-06-12T17:44:38Z,0,0,0,0,0,0,20.2,852.3,20.4,20.5,69.8,261,253,0,0,143,0,0,20.5,16.7,16
2026-06-12T17:59:45Z,0,0,0,0,0,0,20,852.3,20.2,20.4,70.2,259,253,0,0,171,0,0,20.3,16.6,15.8
2026-06-12T18:14:52Z,0,0,0,0,0,0,19.8,852.5,19.9,20.1,71.1,260,253,0,0,129,0,0,20.1,16.6,15.7
2026-06-12T18:30:00Z,0,0,0,0,0,0,19.8,852.5,19.9,20.1,70.8,259,253,0,0.1,105,0.4,0.4,20.1,16.5,15.7
2026-06-12T18:45:07Z,0,0,0,0,0,0,19.8,852.5,19.9,20.1,71.2,260,254,0,0.1,117,0.4,0.4,20.1,16.5,15.6
2026-06-12T19:00:46Z,0,0,0,0,0,0,19.8,852.7,19.9,20.1,71.6,260,253,0,0,111,0,0,20.1,16.6,15.6
2026-06-12T19:16:45Z,0,0,0,0,0,0,19.7,852.8,19.9,20.1,71.9,261,254,0,0,124,0.4,0.4,20.1,16.6,15.6
2026-06-12T19:31:52Z,0,0,0,0,0,0,19.7,852.8,19.8,20,72,260,253,0,0,84,0.4,0.4,20,16.6,15.6
2026-06-12T19:47:48Z,0,0,0,0,0,0,19.7,852.7,19.8,20,71.8,260,253,0,0.5,147,1.5,1.5,20,16.5,15.5
2026-06-12T20:03:16Z,0,0,0,0,0,0,19.5,852.8,19.6,19.9,71.7,258,254,0,0.3,91,1.1,1.1,19.8,16.4,15.4
2026-06-12T20:18:23Z,0,0,0,0,0,0,19.3,852.9,19.4,19.7,72.1,261,252,0,1.1,136,3.9,3.9,19.7,16.3,15.3
2026-06-12T20:33:30Z,0,0,0,0,0,0,19.1,852.8,19.4,19.5,72.6,260,253,0,0.5,120,1.3,1.3,19.5,16.2,15.1
2026-06-12T20:48:37Z,0,0,0,0,0,0,18.9,852.8,19.1,19.3,73.1,260,253,0,0.5,139,1.7,1.7,19.3,16,14.9
2026-06-12T21:04:23Z,0,0,0,0,0,0,18.2,852.8,18.4,18.7,76.7,259,253,0,0,96,0.2,0.2,18.7,15.9,14.4
2026-06-12T21:19:30Z,0,0,0,0,0,0,17.3,852.7,17.6,17.8,82.6,260,253,0,0,197,0.2,0.2,17.8,15.7,13.5
2026-06-12T21:34:38Z,0,0,0,0,0,0,16.9,852.6,17.1,17.3,84.6,260,253,0,0.2,212,1.3,1.3,17.3,15.5,13
2026-06-12T21:49:45Z,0,0,0,0,0,0,16.9,852.5,16.9,17.2,85.1,260,254,0,0.2,176,1.1,1.1,17.2,15.5,13
2026-06-12T22:04:52Z,0,0,0,0,0,0,16.9,852.4,17.1,17.3,83.9,261,253,0,0.3,110,0.7,0.7,17.3,15.4,13
2026-06-12T22:20:17Z,0,0,0,0,0,0,17,852.4,17.1,17.3,84.1,258,254,0,0.4,162,2,2,17.3,15.5,13.1
2026-06-12T22:35:25Z,0,0,0,0,0,0,16.9,852.1,17.1,17.3,84.3,260,254,0,0.2,108,1.5,1.5,17.3,15.4,13
2026-06-12T22:50:32Z,0,0,0,0,0,0,16.8,852,16.9,17.2,84.7,261,254,0,0.7,119,2,2,17.2,15.4,12.9
2026-06-12T23:05:39Z,0,0,0,0,0,0,16.7,852,16.8,17.1,85.3,260,253,0,0.1,99,0.7,0.7,17.1,15.4,12.9
2026-06-12T23:20:47Z,0,0,0,0,0,0,16.7,851.9,16.9,17.1,85.6,260,254,0,0.3,195,1.3,1.3,17.1,15.4,12.9
2026-06-12T23:35:54Z,0,0,0,0,0,0,16.6,851.7,16.8,17,85.3,259,254,0,0.8,176,1.7,1.7,17,15.3,12.8
2026-06-12T23:51:20Z,0,0,0,0,0,0,16.6,851.7,16.7,17,85.6,261,254,0,0,135,0.4,0.4,17,15.3,12.7
2026-06-13T00:00:24Z,0,0,0,0,0,0,16.6,851.6,16.6,17,85.7,259,253,0,0.1,128,0.4,0.4,17,15.3,12.7
2026-06-13T00:15:31Z,0,0,0,0,0,0,16.5,851.4,16.6,16.9,85.7,260,253,0,0.1,130,0.5,0.5,16.8,15.2,12.6
2026-06-13T00:30:32Z,0,0,0,0,0,0,16.3,851.3,16.4,16.7,86.6,260,253,0,0.4,138,1.1,1.1,16.7,15.1,12.5
2026-06-13T00:46:31Z,0,0,0,0,0,0,16,851.4,16.3,16.4,87.7,261,253,0,0,138,0,0,16.4,15,12.2
2026-06-13T01:01:39Z,0,0,0,0,0,0,16,851.6,16.2,16.4,88,262,252,0,0,138,0,0,16.4,15,12.2
2026-06-13T01:16:46Z,0,0,0,0,0,0,16.1,851.5,16.2,16.5,87.9,258,253,0,0,138,0,0,16.5,15.1,12.3
2026-06-13T01:31:53Z,0,0,0,0,0,0,16.1,851.5,16.2,16.5,87.8,260,254,0,0,138,0,0,16.5,15.1,12.3
2026-06-13T01:47:01Z,0,0,0,0,0,0,16.2,851.7,16.3,16.6,88.1,261,253,0,0,138,0,0,16.6,15.2,12.4
2026-06-13T02:02:22Z,0,0,0,0,0,0,16.2,851.9,16.4,16.6,88.5,260,254,0,0,138,0,0,16.6,15.2,12.4
2026-06-13T02:17:29Z,0,0,0,0,0,0,16.3,852,16.4,16.6,88.8,261,253,0,0.1,138,0.4,0.4,16.7,15.3,12.4
2026-06-13T02:32:37Z,0,0,0,0,0,0,16.2,852.3,16.3,16.6,89.6,260,253,0,0,138,0,0,16.7,15.4,12.4
2026-06-13T02:47:44Z,0,0,0,0,0,0,16.2,852.3,16.3,16.6,89.5,261,254,0,0,138,0,0,16.6,15.4,12.4
2026-06-13T03:02:52Z,0,0,0,0,0,0,16.3,852.4,16.4,16.7,89.3,260,254,0,0.2,138,1,1,16.7,15.4,12.5
2026-06-13T03:17:59Z,0,0,0,0,0,0,16.2,852.5,16.3,16.6,89.6,260,255,0,0,138,0,0,16.6,15.4,12.4
2026-06-13T03:33:25Z,0,0,0,0,0,0,16,852.4,16.2,16.4,89.9,261,264,0,0,138,0,0,16.4,15.2,12.2
2026-06-13T03:48:33Z,0,0,0,0,0,0,16,852.4,16.2,16.4,90.2,265,311,0,0,138,0,0,16.4,15.3,12.2
2026-06-13T04:03:40Z,0,0,0,0.1,0,0,16,852.7,16.3,16.4,90.2,271,382,0,0.2,138,0.7,0.7,16.5,15.3,12.2
2026-06-13T04:18:48Z,0,0,0,0.1,0,0,16.2,852.8,16.3,16.6,90,282,500,0,0,138,0,0,16.6,15.4,12.4
2026-06-13T04:33:55Z,0,0,0,0.2,0,0,16.4,853,16.5,16.8,89.7,296,637,0,0,138,0,0,16.8,15.6,12.6
2026-06-13T04:49:02Z,0,0,0,0.3,0,0,16.7,853.2,16.8,17,87.6,320,907,0,0.1,138,0.4,0.4,17.1,15.6,12.8
2026-06-13T05:04:29Z,0,0,0,0.2,0,0,17.1,853.4,17.2,17.5,86.8,304,739,0,0,138,0,0,17.5,15.9,13.2
2026-06-13T05:19:34Z,0,0,0,0.3,0,0,17.2,853.5,17.3,17.6,85.4,317,880,0,0,138,0,0,17.6,15.9,13.4
2026-06-13T05:34:41Z,0,0,0,0.3,0,0,17.3,853.9,17.4,17.7,83.7,308,764,0,0,138,0.2,0.2,17.7,15.8,13.5
2026-06-13T05:49:49Z,0,0,0,0.3,0,0,17.1,854.1,17.4,17.5,84.9,314,822,0,0.1,138,0.7,0.7,17.6,15.8,13.3
2026-06-13T06:04:57Z,0,0,0,0.3,0,0,17,854.2,17.2,17.4,84.6,313,807,0,0.9,71,1.7,1.7,17.4,15.6,13.2
2026-06-13T06:20:04Z,0,0,0,0.4,0,0,16.8,854.4,16.9,17.3,85.6,327,972,0,0.5,82,0.7,0.7,17.3,15.6,13.1
2026-06-13T06:35:31Z,0,0,0,0.4,0,0,17,854.4,17.1,17.5,85.6,326,961,0,0,135,0.2,0.2,17.5,15.8,13.3
2026-06-13T06:50:38Z,0,0,0,0.3,0,0,17.1,854.4,17.2,17.6,84.3,318,889,0,1,87,1.5,1.5,17.6,15.7,13.3
2026-06-13T07:05:45Z,0,0,0,0.4,0,0,17.3,854.4,17.4,17.7,85.8,329,1000,0,0.1,121,0.4,0.4,17.8,16,13.5
2026-06-13T07:20:52Z,0,0,0,0.6,0,0,17.4,854.5,17.6,17.9,84.3,360,1346,0,0.1,65,0.2,0.2,17.9,16,13.7
2026-06-13T07:35:59Z,0,0,0,0.6,0,0,17.4,854.5,17.5,17.9,83.3,359,1343,0,0.7,92,1.3,1.3,17.9,15.9,13.7
2026-06-13T07:51:06Z,0,0,0,0.9,0,0,17.9,854.3,18,18.5,82.4,435,2176,0,0.2,60,0.4,0.4,18.5,16.4,14.2
2026-06-13T08:06:13Z,0,0,0,1.2,0,0,18.5,854.3,18.6,19.1,81.8,489,2740,0,0,94,0,0,19.1,16.8,14.8
2026-06-13T08:21:41Z,0,0,0,1.4,0,0,18.9,854.1,18.9,19.5,78.6,523,3090,0,0.2,94,0.7,0.7,19.6,16.9,15.2
2026-06-13T08:36:48Z,0,0,0,1.6,0,0,19.4,853.8,19.5,20.1,74.4,565,3540,0,0.2,100,0.9,0.9,20.1,16.9,15.7
2026-06-13T08:51:55Z,0,0,0,1.6,0,0,20.3,853.8,20.3,20.9,72.7,548,3368,0,0.4,69,1.5,1.5,21,17.5,16.4
2026-06-13T09:07:03Z,0,0,0,1.5,0,0,20.8,853.8,20.8,21.3,70.5,536,3258,0,0.3,42,1.1,1.1,21.3,17.6,16.7
2026-06-13T09:22:10Z,0,0,0,2,0,0,21.1,853.6,21,21.2,72.6,621,4154,0,0,337,0,0,21.3,17.8,16.7
2026-06-13T09:37:17Z,0,0,0,2.3,0,0,21.5,853.4,21.5,22.3,66.8,684,4796,0,1.1,102,2.4,2.4,22.4,18,17.6
2026-06-13T09:52:39Z,0,0,0,2.4,0,0,22,853.2,22.4,22.9,64.9,703,5016,0,1.6,94,2.8,2.8,22.9,18.3,18.1
2026-06-13T10:07:45Z,0,0,0,1.3,0,0,21.8,853,22.1,22.5,65.3,496,2576,0,0.2,110,1.1,1.1,22.5,17.9,17.7
2026-06-13T10:22:52Z,0,0,0,3.8,0,0,22.2,852.7,22.6,22.9,64.8,970,8047,0,0.3,121,1.3,1.3,22.9,18.3,18.1
2026-06-13T10:37:59Z,0,0,0,1.1,0,0,22.6,852.6,22.9,23.4,64.2,459,2118,0,0.7,76,1.1,1.1,23.4,18.6,18.5
2026-06-13T10:53:06Z,0,0,0,3.9,0,0,22.8,852.5,23.1,23.9,61.9,987,8345,0,0.5,96,2.2,2.2,23.9,18.7,18.9
2026-06-13T11:08:13Z,0,0,0,1.5,0,0,22.3,852.3,22.4,23.2,63.2,531,3172,0,0.1,130,0.9,0.9,23.2,18.3,18.3
2026-06-13T11:23:50Z,0,0,0,1,0,0,22.3,852.1,22.8,23.1,63.1,446,2253,0,0.2,138,0.7,0.7,23.1,18.3,18.3
2026-06-13T11:38:57Z,0,0,0,0.7,0,0,21.5,851.9,21.8,22.1,66.7,389,1650,0,0.1,143,0.2,0.2,22.1,17.8,17.4
2026-06-13T11:54:03Z,0,0,0,0.8,0,0,20.8,851.9,21.2,21.3,68.3,400,1752,0,0.3,133,1.7,1.7,21.3,17.3,16.7
2026-06-13T12:09:10Z,0,0,0,1.2,0,0,21.1,851.6,21.4,21.6,66,478,2556,0,0.3,119,0.9,0.9,21.6,17.3,17
2026-06-13T12:24:47Z,0,0,0,2.6,0,0,22.4,851.4,22.8,23.1,62,748,5658,0,0.7,76,1.5,1.5,23.1,18.1,18.3
2026-06-13T12:39:54Z,0,0,0,1,0,0,22.5,851.3,23.1,23.4,60.6,445,2115,0,0.3,127,0.7,0.7,23.4,18.1,18.5
2026-06-13T12:55:01Z,0,0,0,0.8,0,0,21.5,851.4,21.9,22.2,64.2,399,1748,0,0.5,153,2,2,22.2,17.6,17.5
2026-06-13T13:10:07Z,0,0,0,0.7,0,0,21.4,851.4,21.7,22,64.8,390,1622,0,0.9,143,2.2,2.2,21.9,17.4,17.3
2026-06-13T13:25:54Z,0,0,0,0.5,0,0,21,851.6,21.2,21.5,66.9,349,1213,0,0.4,75,1.3,1.3,21.5,17.3,16.9
2026-06-13T13:41:01Z,0,0,0,0.5,0,0,20.7,851.6,20.9,21.2,68.1,342,1112,0,0.1,140,0.9,0.9,21.2,17.2,16.6
2026-06-13T13:56:09Z,0,0,0,0.4,0,0,20.7,851.6,20.9,21.1,68.6,330,954,0,0,139,0.4,0.4,21.1,17.2,16.5
2026-06-13T14:11:16Z,0,0,0,0.3,0,0,20.5,851.8,20.8,21,68.5,316,868,0,0.4,149,2.2,2.2,21,17,16.4
2026-06-13T14:26:24Z,0,0,0,0.1,0,0,20.3,851.8,20.4,20.7,68.9,285,497,0,0.6,151,1.5,1.5,20.6,16.8,16.1
2026-06-13T14:41:55Z,0,0,0,0.1,0,0,20.1,851.9,20.2,20.5,69.4,271,366,0,0.1,138,1.5,1.5,20.4,16.7,15.9
2026-06-13T14:57:02Z,0,0,0,0.1,0,0,19.8,852,20,20.2,70.8,278,429,0,0.1,105,0.4,0.4,20.2,16.6,15.7
2026-06-13T15:12:59Z,0,0,0,0.1,0,0,19.6,852.1,19.7,20,71.1,271,389,0,0.7,132,2.6,2.6,19.9,16.4,15.5
2026-06-13T15:28:06Z,0,0,0,0,0,0,19.4,852.3,19.6,19.8,71.2,263,266,0,0.3,141,1.3,1.3,19.8,16.3,15.3
2026-06-13T15:43:13Z,0,0,0,0,0,0,19.4,852.5,19.6,19.7,71.4,260,253,0,0.2,124,0.7,0.7,19.7,16.2,15.3
2026-06-13T15:58:20Z,0,0,0,0,0,0,19.2,852.6,19.4,19.6,72.7,261,254,0,0,38,0.2,0.2,19.6,16.2,15.2
2026-06-13T16:13:27Z,0,0,0,0,0,0,19.1,852.7,19.2,19.5,72.8,261,254,0,0.3,82,0.9,0.9,19.5,16.2,15.1
2026-06-13T16:28:54Z,0,0,0,0,0,0,19,852.8,19.2,19.4,72.9,260,254,0,0,129,0,0,19.3,16.1,14.9
2026-06-13T16:44:01Z,0,0,0,0,0,0,18.9,852.9,19.1,19.3,73.4,261,254,0,0,86,0.2,0.2,19.3,16,14.9
2026-06-13T16:59:09Z,0,0,0,0,0,0,18.8,853.1,19,19.2,73.6,259,254,0,0,86,0,0,19.2,16,14.8
2026-06-13T17:15:08Z,0,0,0,0,0,0,18.7,853.3,18.9,19.1,74.6,261,252,0,0,86,0,0,19,16,14.7
2026-06-13T17:30:15Z,0,0,0,0,0,0,18.7,853.5,18.8,19,74.8,261,253,0,0,86,0,0,19,16,14.6
2026-06-13T17:45:22Z,0,0,0,0,0,0,18.6,853.6,18.7,18.9,76.7,260,254,0,0,86,0,0,18.9,16.1,14.6
2026-06-13T18:00:29Z,0,0,0,0,0,0,18.4,853.7,18.6,18.7,77,261,254,0,0,86,0,0,18.7,16,14.4
2026-06-13T18:16:05Z,0,0,0,0,0,0,18.3,853.9,18.4,18.6,77.2,262,253,0,0,86,0,0,18.6,15.8,14.3
2026-06-13T18:31:13Z,0,0,0,0,0,0,18.2,854.1,18.3,18.5,78.4,259,253,0,0,86,0,0,18.5,15.9,14.2
2026-06-13T18:46:26Z,0,0,0,0,0,0,18.1,854.2,18.2,18.4,77.5,258,254,0,0,86,0,0,18.4,15.7,14.1
2026-06-13T19:01:50Z,0,0,0,0,0,0,18,854.3,18.1,18.4,78.5,260,255,0,0,86,0,0,18.3,15.8,14
2026-06-13T19:16:57Z,0,0,0,0,0,0,17.9,854.2,18.1,18.3,78.9,260,254,0,0,86,0,0,18.3,15.8,14
2026-06-13T19:32:04Z,0,0,0,0,0,0,17.9,854.3,18.1,18.2,78.6,261,254,0,0,86,0,0,18.2,15.7,13.9
2026-06-13T19:47:11Z,0,0,0,0,0,0,17.9,854.3,18.1,18.2,79.6,260,253,0,0,86,0,0,18.2,15.8,13.9
2026-06-13T20:02:18Z,0,0,0,0,0,0,17.8,854,18,18.2,79.3,260,252,0,0,86,0.2,0.2,18.2,15.7,13.9
2026-06-13T20:17:25Z,0,0,0,0,0,0,17.9,853.9,18,18.2,78.6,259,253,0,0,86,0,0,18.1,15.6,13.8
2026-06-13T20:32:33Z,0,0,0,0,0,0,18,854,18.1,18.3,77.7,260,254,0,0.5,137,1.5,1.5,18.3,15.6,14
2026-06-13T20:47:54Z,0,0,0,0,0,0,17.7,853.8,17.9,18.1,78.6,260,253,0,0.2,153,0.9,0.9,18.1,15.5,13.8
2026-06-13T21:03:02Z,0,0,0,0,0,0,17.6,853.7,17.8,18,79.1,259,253,0,0,154,0.4,0.4,17.9,15.5,13.7
2026-06-13T21:18:09Z,0,0,0,0,0,0,17.3,853.6,17.5,17.7,79.9,260,254,0,0.6,164,1.4,1.4,17.7,15.3,13.4
2026-06-13T21:33:15Z,0,0,0,0,0,0,16.9,853.5,17.1,17.3,81.8,260,254,0,0.1,195,0.4,0.4,17.3,15.2,13
2026-06-13T21:48:22Z,0,0,0,0,0,0,16.5,853.4,16.6,16.9,83.6,259,253,0,0,194,0,0,16.8,14.9,12.6
2026-06-13T22:03:30Z,0,0,0,0,0,0,15.9,853.4,16.2,16.4,85.3,259,253,0,0,195,0.2,0.2,16.4,14.7,12.2
2026-06-13T22:18:36Z,0,0,0,0,0,0,15.6,853.3,15.9,16,86.8,260,253,0,0,194,0,0,16,14.5,11.8
2026-06-13T22:33:58Z,0,0,0,0,0,0,15.3,853.2,15.6,15.7,88.2,261,254,0,0,194,0,0,15.6,14.3,11.4
2026-06-13T22:49:06Z,0,0,0,0,0,0,15.2,853.2,15.5,15.6,89.3,260,254,0,0,194,0,0,15.5,14.3,11.3
2026-06-13T23:04:13Z,0,0,0,0,0,0,15.4,853,15.7,15.8,89.2,261,252,0,0,194,0,0,15.8,14.5,11.6
2026-06-13T23:19:20Z,0,0,0,0,0,0,15.6,852.8,15.9,15.9,88.3,261,254,0,0,195,0.4,0.4,15.9,14.6,11.7
2026-06-13T23:34:28Z,0,0,0,0,0,0,15.6,852.8,15.9,15.9,88.1,260,254,0,0,194,0,0,15.9,14.6,11.7
2026-06-13T23:49:35Z,0,0,0,0,0,0,15.5,852.7,15.9,15.9,88.3,260,253,0,0,194,0,0,15.9,14.6,11.7
2026-06-14T00:01:00Z,0,0,0,0,0,0,15.5,852.6,15.8,15.9,88.3,259,253,0,0,194,0,0,15.9,14.5,11.7
2026-06-14T00:16:07Z,0,0,0,0,0,0,15.4,852.5,15.7,15.8,88.9,262,255,0,0,194,0,0,15.8,14.5,11.6
2026-06-14T00:31:15Z,0,0,0,0,0,0,15.2,852.4,15.6,15.7,88.9,260,252,0,0,194,0,0,15.6,14.4,11.4
2026-06-14T00:46:23Z,0,0,0,0,0,0,15.1,852.4,15.4,15.4,89.8,260,252,0,0,194,0,0,15.4,14.3,11.2
2026-06-14T01:01:31Z,0,0,0,0,0,0,15,852.5,15.2,15.4,89.9,260,254,0,0,194,0,0,15.4,14.2,11.2
2026-06-14T01:16:39Z,0,0,0,0,0,0,15.1,852.5,15.4,15.5,89.9,260,254,0,0,194,0,0,15.5,14.3,11.3
2026-06-14T01:32:03Z,0,0,0,0,0,0,15.1,852.4,15.4,15.5,89.7,261,253,0,0,194,0,0,15.4,14.3,11.2
2026-06-14T01:47:30Z,0,0,0,0,0,0,14.8,852.4,15.2,15.2,90.9,261,253,0,0,194,0,0,15.2,14.2,11
2026-06-14T02:02:37Z,0,0,0,0,0,0,14.8,852.4,15.1,15.2,91.3,260,254,0,0,194,0,0,15.2,14.2,11
2026-06-14T02:17:45Z,0,0,0,0,0,0,14.7,852.5,14.9,15,91.8,261,253,0,0,194,0,0,15,14.1,10.8
2026-06-14T02:33:06Z,0,0,0,0,0,0,14.7,852.6,15,15.2,91.9,262,253,0,0,194,0,0,15.1,14.2,11
2026-06-14T02:48:14Z,0,0,0,0,0,0,14.9,852.6,15.2,15.3,91.3,260,254,0,0,194,0,0,15.3,14.3,11.1
2026-06-14T03:03:22Z,0,0,0,0,0,0,15.1,852.6,15.4,15.4,91,261,254,0,0,194,0,0,15.4,14.4,11.2
2026-06-14T03:18:30Z,0,0,0,0,0,0,15.1,852.7,15.4,15.5,90.8,260,255,0,0,194,0,0,15.5,14.5,11.3
2026-06-14T03:33:37Z,0,0,0,0,0,0,15.2,852.8,15.6,15.6,90.2,261,268,0,0,194,0,0,15.6,14.4,11.4
2026-06-14T03:48:45Z,0,0,0,0,0,0,15.4,852.9,15.6,15.7,90.3,264,292,0,0,194,0,0,15.7,14.6,11.5
2026-06-14T04:04:10Z,0,0,0,0.1,0,0,15.5,853.1,15.8,15.9,89.5,270,348,0,0,194,0,0,15.9,14.7,11.7
2026-06-14T04:19:18Z,0,0,0,0.1,0,0,15.7,853.2,16,16.1,87.6,277,415,0,0.4,195,0.9,0.9,16.1,14.6,11.9
2026-06-14T04:34:26Z,0,0,0,0.1,0,0,15.9,853.4,16.2,16.3,87.2,283,504,0,0,194,0,0,16.3,14.8,12.1
2026-06-14T04:49:34Z,0,0,0,0.2,0,0,16.1,853.5,16.2,16.4,87.2,294,641,0,0.6,195,1.7,1.7,16.4,14.9,12.2
2026-06-14T05:04:42Z,0,0,0,0.2,0,0,16,853.7,16.2,16.4,86.2,290,581,0,0.5,195,1.3,1.3,16.3,14.7,12.1
2026-06-14T05:19:49Z,0,0,0,0.3,0,0,15.9,853.9,16.2,16.2,86.6,320,924,0,0.4,211,0.9,0.9,16.2,14.7,12
2026-06-14T05:35:15Z,0,0,0,0.5,0,0,16.2,854,16.4,16.5,84.8,356,1319,0,0.9,211,1.7,1.7,16.4,14.7,12.2
2026-06-14T05:50:23Z,0,0,0,0.8,0,0,16.6,854.2,16.9,16.9,82.6,408,1879,0,0.9,211,1.5,1.5,16.8,14.8,12.6
2026-06-14T06:05:31Z,0,0,0,0.9,0,0,16.9,854.3,17.2,17.3,80.8,426,2049,0,0.7,152,2.4,2.4,17.2,15,13
2026-06-14T06:20:38Z,0,0,0,0.9,0,0,17.5,854.3,17.7,17.7,81.4,415,1884,0,0,225,0,0,17.7,15.5,13.4
2026-06-14T06:35:46Z,0,0,0,1.1,0,0,18.1,854.4,18.4,18.2,77.5,466,2492,0,0.7,226,1.7,1.7,18.2,15.5,13.9
2026-06-14T06:50:54Z,0,0,0,1,0,0,17.9,854.4,18.2,18,77.1,448,2283,0,0.1,226,0.4,0.4,18,15.3,13.7
2026-06-14T07:06:19Z,0,0,0,0.9,0,0,18.1,854.4,18.4,18.6,75.5,430,2102,0,0.2,226,1.1,1.1,18.5,15.6,14.2
2026-06-14T07:21:27Z,0,0,0,1,0,0,18.5,854.3,18.8,18.8,73.8,444,2284,0,0.3,136,0.9,0.9,18.8,15.6,14.4
2026-06-14T07:36:35Z,0,0,0,1.4,0,0,19.4,854.4,19.9,19.8,70.7,521,3054,0,0.2,133,0.7,0.7,19.8,16.2,15.3
2026-06-14T07:51:43Z,0,0,0,1.3,0,0,19.3,854.3,19.9,19.9,70.2,498,2838,0,0.2,188,0.7,0.7,19.8,16.2,15.4
2026-06-14T08:06:51Z,0,0,0,1.8,0,0,20.7,854.1,20.9,20.7,67.6,592,3835,0,0.1,188,0.4,0.4,20.6,16.6,16.1
2026-06-14T08:21:59Z,0,0,0,1.3,0,0,21.3,853.9,22.1,21.6,67,504,2910,0,0,219,0.2,0.2,21.6,17.4,16.9
2026-06-14T08:37:24Z,0,0,0,1.3,0,0,20.9,853.7,21.6,21.1,65.7,503,2896,0,0.1,219,0.4,0.4,21,16.7,16.5
2026-06-14T08:52:33Z,0,0,0,1.2,0,0,21,853.6,21.4,21,64.2,491,2759,0,0.2,219,0.7,0.7,20.9,16.4,16.3
2026-06-14T09:07:40Z,0,0,0,1.1,0,0,20.5,853.3,21.1,20.5,67,465,2497,0,1.2,224,1.5,1.5,20.5,16.4,16
2026-06-14T09:22:48Z,0,0,0,3.9,0,0,21.7,853.2,22.1,21.8,65.2,985,8435,0,0.3,224,1.1,1.1,21.8,17.3,17.1
2026-06-14T09:37:56Z,0,0,0,1.4,0,0,21.8,852.9,22.4,22.3,59.3,508,2880,0,0.8,160,2,2,22.2,16.9,17.5
2026-06-14T09:53:04Z,0,0,0,1,0,0,21.5,852.8,21.8,21.5,62.5,437,2124,0,0.2,222,0.4,0.4,21.5,16.7,16.9
2026-06-14T10:08:29Z,0,0,0,2.3,0,0,23.8,852.5,24.2,24.4,53.2,695,4816,0,0.1,140,0.2,0.2,24.3,18,19.2
2026-06-14T10:23:36Z,0,0,0,0.8,0,0,21.9,852.4,22.6,22.5,57.9,405,1692,0,0,211,0,0,22.4,16.9,17.6
2026-06-14T10:38:43Z,0,0,0,1.2,0,0,22.3,852.2,22.9,22.6,52.8,480,2514,0,0,163,0,0,22.5,16.4,17.7
2026-06-14T10:53:51Z,0,0,0,1,0,0,23.3,852,23.5,23.7,51.3,442,2236,0,0.1,132,0.7,0.7,23.6,17.1,18.7
2026-06-14T11:08:59Z,0,0,0,1,0,0,22.3,852,22.8,22.7,56,452,2306,0,0,152,0.2,0.2,22.6,16.9,17.8
2026-06-14T11:24:06Z,0,0,0,3.2,0,0,23.6,851.8,24.1,24.4,51.8,862,7002,0,0.9,181,1.9,1.9,24.3,17.7,19.2
2026-06-14T11:39:32Z,0,0,0,0.8,0,0,22.4,851.6,23.1,22.9,54.2,403,1795,0,1.9,200,4.4,4.4,22.8,16.8,18
2026-06-14T11:54:38Z,0,0,0,2.6,0,0,22.2,851.5,22.5,22.8,55.9,745,5630,0,0.1,104,0.7,0.7,22.7,16.9,17.9
2026-06-14T12:09:45Z,0,0,0,2.5,0,0,24.3,851.2,24.7,25.1,50.4,731,5638,0,0.2,184,0.9,0.9,25,18.1,19.8
2026-06-14T12:24:53Z,0,0,0,0.6,0,0,22.3,851.2,22.8,22.9,55.5,365,1397,0,0.7,200,2.8,2.8,22.8,17,18
2026-06-14T12:40:00Z,0,0,0,0.8,0,0,22.1,851,22.4,22.6,56.7,398,1716,0,0.3,165,0.9,0.9,22.5,16.9,17.7
2026-06-14T12:55:08Z,0,0,0,0.8,0,0,22.2,851,22.4,22.7,56.2,397,1628,0,0,122,0.5,0.5,22.6,16.9,17.8
2026-06-14T13:10:36Z,0,0,0,0.8,0,0,22.4,851,22.9,23,54.7,397,1717,0,0.4,216,1.5,1.5,22.8,16.9,18
2026-06-14T13:25:43Z,0,0,0,0.5,0,0,22.5,851.1,22.9,23.1,53.5,350,1183,0,0.1,105,0.7,0.7,23,16.9,18.1
2026-06-14T13:40:51Z,0,0,0,0.4,0,0,21.9,851.1,22.2,22.4,54.3,330,861,0,0.7,169,1.7,1.7,22.3,16.4,17.5
2026-06-14T13:55:59Z,0,0,0,0.9,0,0,22.4,851.1,23.1,23.1,52.3,424,2103,0,0.2,184,1.1,1.1,23,16.7,18.1
2026-06-14T14:11:06Z,0,0,0,0.5,0,0,23.1,851.1,23.8,24,48.5,352,1237,0,0.6,217,1.7,1.7,23.8,16.9,18.8
2026-06-14T14:26:56Z,0,0,0,0.2,0,0,21.9,851.2,22.2,22.5,51.6,302,604,0,0.4,196,1.3,1.3,22.3,16.1,17.6
2026-06-14T14:42:03Z,0,0,0,0.2,0,0,21.4,851.2,21.8,21.9,54.8,293,549,0,0,195,0,0,21.7,16,17
2026-06-14T14:57:11Z,0,0,0,0.2,0,0,20.9,851.4,21.2,21.2,57.5,287,517,0,0,195,0,0,21,15.7,16.4
2026-06-14T15:12:19Z,0,0,0,0.1,0,0,20.8,851.6,20.9,21.1,58.2,273,355,0,0,196,0.1,0.1,21,15.8,16.4
2026-06-14T15:27:41Z,0,0,0,0,0,0,20.8,851.6,20.9,21.1,58.1,265,289,0,0,195,0,0,20.9,15.7,16.4
2026-06-14T15:42:48Z,0,0,0,0,0,0,20,851.7,20.2,20.5,65.9,261,258,0,0.5,196,1.7,1.7,20.4,16.2,15.9
2026-06-14T15:57:56Z,0,0,0,0,0,0,19.4,851.9,19.6,19.8,69.8,260,255,0,0,193,0,0,19.7,16.1,15.3
2026-06-14T16:13:04Z,0,0,0,0,0,0,19.2,852,19.4,19.5,70.8,260,253,0,0.4,176,1.5,1.5,19.5,15.9,15.1
2026-06-14T16:28:11Z,0,0,0,0,0,0,19,852.1,19.2,19.3,71.1,260,253,0,0.7,184,1.3,1.3,19.3,15.8,14.9
2026-06-14T16:43:19Z,0,0,0,0,0,0,18.6,852.2,18.8,19,72.1,261,254,0,1,185,2.6,2.6,19,15.6,14.6
2026-06-14T16:58:45Z,0,0,0,0,0,0,18.4,852.4,18.6,18.8,73.3,262,254,0,0.3,183,1.3,1.3,18.7,15.6,14.4
2026-06-14T17:13:53Z,0,0,0,0,0,0,18.2,852.4,18.4,18.5,74.5,261,254,0,0,197,0.2,0.2,18.5,15.5,14.2
2026-06-14T17:29:00Z,0,0,0,0,0,0,18,852.6,18.1,18.4,75.2,260,253,0,0.1,194,0.8,0.8,18.3,15.4,14
2026-06-14T17:44:46Z,0,0,0,0,0,0,17.4,852.8,17.7,17.8,77.1,261,254,0,0,194,0.4,0.4,17.7,15.1,13.5
2026-06-14T18:00:09Z,0,0,0,0,0,0,16.9,852.8,17,17.2,79.8,260,253,0,0,193,0,0,17.1,14.8,12.9
2026-06-14T18:15:17Z,0,0,0,0,0,0,16.5,853,16.7,16.8,81,262,254,0,0,193,0,0,16.8,14.6,12.5
2026-06-14T18:30:25Z,0,0,0,0,0,0,16.2,853.2,16.3,16.5,82.3,260,253,0,0,193,0,0,16.5,14.5,12.2
2026-06-14T18:45:33Z,0,0,0,0,0,0,16,853.3,16.2,16.4,83.7,261,253,0,0,193,0,0,16.3,14.5,12.1
2026-06-14T19:01:20Z,0,0,0,0,0,0,15.9,853.4,16.2,16.3,84.1,260,253,0,0,193,0,0,16.3,14.5,12.1
2026-06-14T19:16:27Z,0,0,0,0,0,0,15.9,853.4,16.2,16.4,83.8,260,253,0,0,193,0,0,16.3,14.5,12.1
2026-06-14T19:31:34Z,0,0,0,0,0,0,15.9,853.4,16.2,16.3,84.7,260,253,0,0,193,0,0,16.2,14.5,12
2026-06-14T19:46:42Z,0,0,0,0,0,0,15.6,853.4,15.9,16,85.6,260,253,0,0,193,0,0,16,14.3,11.8
2026-06-14T20:01:49Z,0,0,0,0,0,0,15.4,853.4,15.6,15.7,87,259,253,0,0,193,0,0,15.7,14.2,11.5
2026-06-14T20:17:14Z,0,0,0,0,0,0,15.1,853.3,15.4,15.5,87.8,259,252,0,0,193,0,0,15.5,14.1,11.3
2026-06-14T20:32:22Z,0,0,0,0,0,0,15.1,853.3,15.6,15.6,87.2,261,253,0,0,193,0,0,15.6,14.1,11.4
2026-06-14T20:47:29Z,0,0,0,0,0,0,16.1,853.3,16.2,16.3,83.6,259,253,0,0,157,0,0,16.3,14.4,12.1
2026-06-14T21:02:36Z,0,0,0,0,0,0,16.3,853.3,16.4,16.6,82.4,260,253,0,0,157,0.2,0.2,16.6,14.6,12.3
2026-06-14T21:17:44Z,0,0,0,0,0,0,15.8,853.2,16.2,16.2,84,260,254,0,0,157,0,0,16.2,14.4,12
2026-06-14T21:32:51Z,0,0,0,0,0,0,15.7,853.1,16,16,85.8,260,254,0,0.6,183,1.3,1.3,16,14.4,11.8
2026-06-14T21:48:17Z,0,0,0,0,0,0,15.6,853.2,15.9,16,86,259,254,0,0,182,0,0,15.9,14.4,11.7
2026-06-14T22:03:25Z,0,0,0,0,0,0,15.6,853,15.9,16,86.1,259,253,0,0,182,0,0,16,14.4,11.8
2026-06-14T22:18:32Z,0,0,0,0,0,0,15.5,852.8,15.9,16,86.8,262,253,0,0,183,0.2,0.2,15.9,14.4,11.7
2026-06-14T22:33:40Z,0,0,0,0,0,0,15.4,852.7,15.7,15.8,87.8,259,254,0,0.2,133,0.7,0.7,15.8,14.4,11.6
2026-06-14T22:48:47Z,0,0,0,0,0,0,15.1,852.7,15.4,15.5,89.1,261,253,0,0,137,0,0,15.4,14.2,11.2
2026-06-14T23:03:55Z,0,0,0,0,0,0,14.8,852.6,15.1,15.3,90.5,260,254,0,0,137,0,0,15.2,14.2,11
2026-06-14T23:19:21Z,0,0,0,0,0,0,14.9,852.6,15.2,15.4,91.1,261,253,0,0,137,0,0,15.4,14.3,11.2
2026-06-14T23:34:29Z,0,0,0,0,0,0,15.1,852.5,15.4,15.5,90.8,260,253,0,0,137,0,0,15.5,14.4,11.3
2026-06-14T23:49:37Z,0,0,0,0,0,0,15.1,852.5,15.4,15.5,90.4,261,252,0,0,137,0,0,15.5,14.4,11.3
