ts,rg1,rg2,rg1tt,rg2tt,rg1tp,rg2tp,temp_bmx,press_bmx,temp_mcp,temp_sht,humidity_sht,si1145_vis,si1145_ir,si1145_uv,wind_spd,wind_dir,wind_gust,wind_gust_dir,heat_idx,wet_bulb_temp,wet_bulb_globe_temp
2026-02-14T00:00:11Z,0,0,0,0,0,0.6,16.3,848,16.4,16.7,71.8,260,254,0,0,91,0,0,16.5,13.4,12.3
2026-02-14T00:15:16Z,0,0,0,0,0,0.6,16.2,847.9,16.4,16.6,72,261,252,0,0,91,0,0,16.4,13.3,12.2
2026-02-14T00:30:22Z,0,0,0,0,0,0.6,16,847.8,16.2,16.5,72.5,259,253,0,0,91,0,0,16.3,13.3,12.1
2026-02-14T00:46:02Z,0,0,0,0,0,0.6,15.9,847.9,16.2,16.3,72.9,260,254,0,0,91,0,0,16.1,13.1,11.9
2026-02-14T01:01:08Z,0,0,0,0,0,0.6,15.7,847.9,16.1,16.1,73.3,259,253,0,0,91,0,0,15.9,13,11.7
2026-02-14T01:16:14Z,0,0,0,0,0,0.6,15.4,847.9,15.7,15.8,74.4,261,253,0,0,91,0,0,15.6,12.9,11.4
2026-02-14T01:31:19Z,0,0,0,0,0,0.6,15.5,848.2,16.1,16.1,74.6,259,253,0,0,90,0.2,0.2,15.9,13.2,11.7
2026-02-14T01:47:05Z,0,0,0,0,0,0.6,16.2,848.3,16.4,16.6,73.1,261,253,0,0,90,0,0,16.4,13.4,12.2
2026-02-14T02:02:11Z,0,0,0,0,0,0.6,16,848.5,16.3,16.4,73.5,262,254,0,0,90,0,0,16.2,13.3,12
2026-02-14T02:17:17Z,0,0,0,0,0,0.6,15.6,848.4,16,16.1,74.8,261,252,0,0,90,0.2,0.2,15.9,13.2,11.7
2026-02-14T02:32:22Z,0,0,0,0,0,0.6,15.4,848.5,15.8,15.9,75.4,259,254,0,0,90,0,0,15.7,13.1,11.5
2026-02-14T02:47:28Z,0,0,0,0,0,0.6,15.1,848.7,15.4,15.5,76.8,260,254,0,0,90,0,0,15.3,12.9,11.1
2026-02-14T03:02:34Z,0,0,0,0,0,0.6,14.9,848.8,15.1,15.3,78.1,260,253,0,0,90,0.2,0.2,15.1,12.8,10.9
2026-02-14T03:17:40Z,0,0,0,0,0,0.6,14.6,848.9,15,15.1,78.8,260,254,0,0,90,0,0,14.9,12.6,10.7
2026-02-14T03:33:02Z,0,0,0,0,0,0.6,14.5,849,14.9,15,79.9,261,263,0,0,90,0,0,14.8,12.7,10.6
2026-02-14T03:48:09Z,0,0,0,0.1,0,0.6,14.5,849.3,14.9,15,80.1,268,321,0,0,90,0,0,14.8,12.7,10.6
2026-02-14T04:03:15Z,0,0,0,0.1,0,0.6,14.7,849.4,14.9,15.1,80.5,280,441,0,0,90,0.2,0.2,14.9,12.9,10.7
2026-02-14T04:18:21Z,0,0,0,0.2,0,0.6,15.1,849.7,15.4,15.4,79.3,295,569,0,0,90,0,0,15.3,13.1,11.1
2026-02-14T04:33:27Z,0,0,0,0.3,0,0.6,16,849.7,16.2,16.2,77.2,314,761,0,0.1,90,0.2,0.2,16.1,13.6,11.9
2026-02-14T04:49:46Z,0,0,0,0.4,0,0.6,17.4,849.8,17.4,17.4,74.3,324,837,0,0.1,95,0.4,0.4,17.2,14.3,13
2026-02-14T05:05:03Z,0,0,0,0.6,0,0.6,19.3,850.1,18.9,18.8,70.8,360,1246,0,0.3,101,0.9,0.9,18.7,15.3,14.4
2026-02-14T05:20:07Z,0,0,0,0.5,0,0.6,19.6,850.2,19.4,19.6,67.8,353,1109,0,0.3,66,0.7,0.7,19.5,15.7,15.1
2026-02-14T05:35:13Z,0,0,0,0.9,0,0.6,19.9,850.4,19.9,20.2,65,415,1880,0,0.6,134,1.5,1.5,20.1,15.8,15.7
2026-02-14T05:50:19Z,0,0,0,1.5,0,0.6,20.7,850.5,20.3,20.6,63.2,541,3366,0,0.7,121,1.7,1.7,20.5,16,16
2026-02-14T06:05:53Z,0,0,0,1.8,0,0,21.4,850.4,21.7,21.3,61,590,3884,0,0.9,127,2.6,2.6,21.2,16.3,16.6
2026-02-14T06:21:06Z,0,0,0,2,0,0,22.6,850.5,23.1,22.7,56.3,638,4372,0,0.8,184,1.5,1.5,22.6,16.9,17.8
2026-02-14T06:37:00Z,0,0,0,2.2,0,0,24.5,850.3,24.1,24.3,52.9,673,4769,0,0.1,138,0.4,0.4,24.2,17.8,19.2
2026-02-14T06:52:06Z,0,0,0,2.5,0,0,25,850.1,24.7,25.2,50.6,718,5249,0,1,85,1.7,1.7,25.1,18.3,19.9
2026-02-14T07:08:03Z,0,0,0,2,0,0,26.1,850.2,26.1,26.7,47.7,637,4142,0,0.4,56,1.7,1.7,26.7,19.1,21
2026-02-14T07:23:28Z,0,0,0,2.3,0,0,25.8,850.2,25.8,26.6,47.7,684,4663,0,1,73,2,2,26.6,19,21
2026-02-14T07:38:33Z,0,0,0,3.6,0,0,25.5,850,25.6,26.3,48.3,922,7384,0,1.2,97,2.2,2.2,26.2,18.8,20.7
2026-02-14T07:53:47Z,0,0,0,3.6,0,0,25.8,849.8,25.9,26.5,48,929,7458,0,0.9,88,3.5,3.5,26.4,18.9,20.9
2026-02-14T08:08:53Z,0,0,0,3.8,0,0,25.5,849.7,25.3,26.4,48.2,976,8011,0,0.7,79,2,2,26.4,18.9,20.8
2026-02-14T08:23:59Z,0,0,0,3.9,0,0,27,849.4,26.9,27.7,44.8,993,8063,0,1.7,67,2.6,2.6,27.7,19.4,21.8
2026-02-14T08:39:04Z,0,0,0,4.3,0,0,26.2,849.1,26.5,26.9,46.5,1063,8877,0,0.5,133,2,2,27.1,19,21.3
2026-02-14T08:54:40Z,0,0,0,4.2,0,0,27.3,848.9,27.2,27.9,43.8,1038,8587,0,0.9,128,2.8,2.8,27.9,19.5,21.9
2026-02-14T09:10:37Z,0,0,0,2.4,0,0,27.6,848.7,27.6,28.5,42.5,702,4701,0,1.5,110,4.1,4.1,28.3,19.7,22.3
2026-02-14T09:25:43Z,0,0,0,4.4,0,0,27.1,848.5,27.3,28,42.1,1071,9035,0,0.9,72,2.4,2.4,27.8,19.2,21.9
2026-02-14T09:40:49Z,0,0,0,4.2,0,0,28.6,848.2,28.4,29.6,39.6,1040,8826,0,1.4,88,2.8,2.8,29.2,20,22.8
2026-02-14T09:55:55Z,0,0,0,4.5,0,0,27.9,848,28.1,28.6,41,1094,9164,0,0.1,156,0.9,0.9,28.3,19.5,22.2
2026-02-14T10:11:01Z,0,0,0,4.4,0,0,27.8,847.7,28.3,28.6,40.3,1079,8950,0,2,183,4.1,4.1,28.2,19.4,22.2
2026-02-14T10:26:07Z,0,0,0,1.1,0,0,28.5,847.4,28.8,29.3,40.6,462,2210,0,1.1,147,2.6,2.6,28.9,20,22.7
2026-02-14T10:41:13Z,0,0,0,0.9,0,0,28.7,847.1,28.8,29.7,39.9,416,1803,0,0.9,99,3.5,3.5,29.3,20.2,22.9
2026-02-14T10:56:37Z,0,0,0,4.4,0,0,29.1,846.9,29,30,39.6,1087,9068,0,0.7,109,2,2,29.6,20.3,23.1
2026-02-14T11:11:42Z,0,0,0,0.8,0,0,28.3,846.7,28.4,29,41.1,413,1701,0,0.3,127,1.1,1.1,28.7,19.8,22.5
2026-02-14T11:26:48Z,0,0,0,1.1,0,0,28.5,846.7,28.4,29.3,39.6,457,2106,0,1.7,111,3.5,3.5,28.8,19.8,22.6
2026-02-14T11:41:54Z,0,0,0,2.8,0,0,28.4,846.5,28.3,29.2,39.7,785,5770,0,0.3,356,1.3,1.3,28.8,19.7,22.6
2026-02-14T11:57:53Z,0,0,0,1.8,0,0,28,846.3,28.1,28.8,38.7,593,3716,0,0.6,110,3.7,3.7,28.3,19.2,22.2
2026-02-14T12:12:55Z,0,0,0,3.4,0,0,27.8,846.1,27.9,28.4,39.1,888,7096,0,1.9,57,4.6,4.6,28,19,22
2026-02-14T12:28:43Z,0,0,0,3.3,0,0,30.6,845.8,30.7,31.5,34.7,871,6876,0,1.2,62,2.2,2.2,30.8,20.6,24
2026-02-14T12:43:47Z,0,0,0,2.9,0,0,30,845.7,30.1,31.1,35.5,795,6001,0,1,64,3.5,3.5,30.5,20.5,23.7
2026-02-14T12:59:45Z,0,0,0,2.4,0,0,27.4,845.8,27.5,28.2,40.2,704,5078,0,1,86,2.4,2.4,27.9,19.1,21.9
2026-02-14T13:14:50Z,0,0,0,2.2,0,0,28.9,845.6,28.8,30,37.1,662,4584,0,1.5,82,2.4,2.4,29.4,19.9,23
2026-02-14T13:29:56Z,0,0,0,0.5,0,0,27.8,845.7,27.8,28.3,39.6,351,1052,0,1.4,71,3.7,3.7,27.9,19,22
2026-02-14T13:45:02Z,0,0,0,1.7,0,0,28.9,845.7,29.1,30,37.4,582,3758,0,1.7,61,2.8,2.8,29.4,19.9,23
2026-02-14T14:00:49Z,0,0,0,1.2,0,0,28.4,845.7,28.7,29.4,37.7,484,2731,0,0.4,99,1.1,1.1,28.8,19.5,22.6
2026-02-14T14:15:55Z,0,0,0,0.3,0,0,27.2,845.8,27.2,27.8,40.4,312,704,0,0.6,93,1.7,1.7,27.5,18.7,21.7
2026-02-14T14:31:54Z,0,0,0,0.4,0,0,26.9,845.6,27.1,27.3,40.5,341,1022,0,1.6,60,3.5,3.5,27.1,18.3,21.4
2026-02-14T14:47:53Z,0,0,0,0.3,0,0,27.2,845.7,27.2,27.6,40.9,320,840,0,0.9,63,1.5,1.5,27.4,18.7,21.6
2026-02-14T15:03:00Z,0,0,0,0.2,0,0,26.4,845.9,26.6,26.9,43.7,292,520,0,1.2,86,3,3,27,18.6,21.3
2026-02-14T15:18:55Z,0,0,0,0.2,0,0,25.9,846,26,26.2,44.3,285,448,0,2.4,88,4.2,4.2,26.2,18.1,20.7
2026-02-14T15:34:01Z,0,0,0,0.1,0,0,25.6,846.3,25.8,25.9,45.2,273,361,0,1.6,96,3.9,3.9,25.8,18,20.4
2026-02-14T15:49:51Z,0,0,0,0,0,0,25.3,846.7,25.4,25.5,46.2,262,267,0,0.4,89,1.1,1.1,25.4,17.9,20.1
2026-02-14T16:05:01Z,0,0,0,0,0,0,25.1,846.8,25.2,25.3,47,261,254,0,1.7,70,4.8,4.8,25.2,17.8,20
2026-02-14T16:20:57Z,0,0,0,0,0,0,24.8,847.2,25,25.1,48.2,261,253,0,0.4,95,1.5,1.5,25,17.8,19.8
2026-02-14T16:36:19Z,0,0,0,0,0,0,24.4,847.4,24.6,24.7,49.8,260,253,0,1.1,55,2.2,2.2,24.6,17.7,19.4
2026-02-14T16:51:24Z,0,0,0,0,0,0,24.2,847.6,24.3,24.4,50.9,259,255,0,0.4,67,1.1,1.1,24.3,17.6,19.2
2026-02-14T17:06:53Z,0,0,0,0,0,0,23.9,848,24.1,24.2,52,261,253,0,0.1,102,0.5,0.5,24.1,17.6,19.1
2026-02-14T17:22:56Z,0,0,0,0,0,0,23.9,848.3,24.1,24.2,52.4,261,253,0,0.7,96,1.7,1.7,24.1,17.7,19.1
2026-02-14T17:37:58Z,0,0,0,0,0,0,23.8,848.6,23.9,24,54.4,261,253,0,0.2,17,0.4,0.4,24,17.8,19
2026-02-14T17:53:04Z,0,0,0,0,0,0,23.1,848.8,23.2,23.4,56.9,260,254,0,0.6,31,1.3,1.3,23.3,17.6,18.4
2026-02-14T18:08:59Z,0,0,0,0,0,0,22.6,848.9,22.8,22.9,58.2,259,253,0,0.2,103,0.4,0.4,22.9,17.4,18
2026-02-14T18:24:22Z,0,0,0,0,0,0,22.2,849.1,22.2,22.5,59.9,259,254,0,0.3,103,0.7,0.7,22.4,17.2,17.6
2026-02-14T18:40:16Z,0,0,0,0,0,0,21.9,849.4,22,22.2,60.9,261,252,0,0,87,0.4,0.4,22.1,17.1,17.4
2026-02-14T18:55:47Z,0,0,0,0,0,0,22.1,849.4,22.2,22.4,60.9,261,253,0,0.3,67,0.7,0.7,22.3,17.3,17.6
2026-02-14T19:11:02Z,0,0,0,0,0,0,22.4,849.6,22.6,22.7,59.8,262,254,0,0.3,96,0.7,0.7,22.6,17.4,17.8
2026-02-14T19:26:56Z,0,0,0,0,0,0,22.6,849.7,22.7,22.9,58.1,261,254,0,0.4,60,2.4,2.4,22.8,17.3,18
2026-02-14T19:42:19Z,0,0,0,0,0,0,22.5,849.7,22.6,22.8,58.1,260,252,0,0.4,98,1.1,1.1,22.7,17.2,17.9
2026-02-14T19:57:59Z,0,0,0,0,0,0,22.2,849.9,22.4,22.6,58.9,261,254,0,0.9,75,1.7,1.7,22.5,17.2,17.7
2026-02-14T20:13:24Z,0,0,0,0,0,0,22,850.1,22.2,22.4,60.1,260,252,0,0.9,89,2.2,2.2,22.3,17.2,17.6
2026-02-14T20:29:23Z,0,0,0,0,0,0,21.9,850.2,22.1,22.2,60.9,259,253,0,0.8,101,1.3,1.3,22.2,17.2,17.5
2026-02-14T20:45:07Z,0,0,0,0,0,0,21.6,850.4,21.6,21.9,64.8,261,253,0,0.2,101,0.7,0.7,21.8,17.3,17.2
2026-02-14T21:00:33Z,0,0,0,0,0,0,21.2,850.3,21.2,21.4,66.3,260,254,0,0,102,0,0,21.4,17.1,16.8
2026-02-14T21:16:08Z,0,0,0,0,0,0,20.8,850.2,21,21.2,67.6,259,254,0,0,102,0.4,0.4,21.2,17.1,16.6
2026-02-14T21:31:15Z,0,0,0,0,0,0,20.7,850,20.8,21,68,262,254,0,0.4,101,0.9,0.9,21,16.9,16.4
2026-02-14T21:46:21Z,0,0,0,0,0,0,20.3,849.9,20.4,20.7,68.9,261,253,0,0,102,0,0,20.6,16.8,16.1
2026-02-14T22:01:27Z,0,0,0,0,0,0,20,849.5,20.2,20.4,69.9,261,253,0,0,102,0.4,0.4,20.3,16.6,15.9
2026-02-14T22:16:34Z,0,0,0,0,0,0,19.9,849.6,20.1,20.2,70.2,260,252,0,0,102,0,0,20.2,16.5,15.7
2026-02-14T22:31:40Z,0,0,0,0,0,0,19.7,849.4,19.9,20.1,70.6,259,253,0,0,102,0,0,20,16.4,15.6
2026-02-14T22:47:03Z,0,0,0,0,0,0,19.6,849.2,19.8,20,71.2,261,252,0,0.2,102,0.8,0.8,19.9,16.4,15.5
2026-02-14T23:02:06Z,0,0,0,0,0,0,19.4,849.2,19.5,19.7,71.8,260,253,0,0,102,0,0,19.7,16.3,15.3
2026-02-14T23:17:12Z,0,0,0,0,0,0,19.1,849,19.2,19.4,72.4,261,254,0,0,102,0,0,19.3,16,15
2026-02-14T23:32:18Z,0,0,0,0,0,0,18.5,848.7,18.6,18.9,74.1,260,254,0,0.3,102,0.7,0.7,18.8,15.7,14.5
2026-02-14T23:48:07Z,0,0,0,0,0,0,18.1,848.6,18.3,18.5,75.4,259,254,0,0.2,102,0.7,0.7,18.5,15.6,14.2
2026-02-15T00:00:05Z,0,0,0,0,0,0,17.8,848.6,18,18.2,76.4,261,253,0,0,102,0,0,18.1,15.4,13.8
2026-02-15T00:15:11Z,0,0,0,0,0,0,17.5,848.7,17.6,17.8,78.2,260,253,0,0,102,0,0,17.7,15.2,13.4
2026-02-15T00:31:07Z,0,0,0,0,0,0,17.2,848.7,17.4,17.6,79.2,260,255,0,0,102,0,0,17.5,15.1,13.3
2026-02-15T00:46:14Z,0,0,0,0,0,0,17,848.7,17.2,17.4,78.8,260,254,0,0,102,0,0,17.3,14.9,13.1
2026-02-15T01:01:20Z,0,0,0,0,0,0,16.8,848.7,16.9,17.1,80.3,260,254,0,0,102,0,0,17.1,14.8,12.8
2026-02-15T01:16:26Z,0,0,0,0,0,0,16.5,848.8,16.6,16.9,81.4,260,253,0,0,102,0,0,16.8,14.7,12.6
2026-02-15T01:31:32Z,0,0,0,0,0,0,16.3,848.8,16.4,16.6,81.8,261,253,0,0.1,102,0.4,0.4,16.6,14.5,12.4
2026-02-15T01:46:39Z,0,0,0,0,0,0,16.1,849,16.2,16.5,82.1,260,254,0,0,102,0,0,16.4,14.4,12.2
2026-02-15T02:01:45Z,0,0,0,0,0,0,15.8,849.1,16.2,16.2,82.8,261,254,0,0,102,0,0,16.1,14.2,11.9
2026-02-15T02:17:09Z,0,0,0,0,0,0,15.6,849.3,16,16,84,259,253,0,0,102,0,0,15.9,14.2,11.7
2026-02-15T02:32:15Z,0,0,0,0,0,0,15.5,849.4,15.9,15.9,84.3,260,253,0,0,102,0,0,15.8,14.1,11.6
2026-02-15T02:47:21Z,0,0,0,0,0,0,15.5,849.6,16,16,85,259,253,0,0,102,0,0,16,14.3,11.8
2026-02-15T03:02:27Z,0,0,0,0,0,0,15.6,849.8,16.1,16.1,84.1,259,254,0,0,102,0.2,0.2,16.1,14.3,11.9
2026-02-15T03:17:58Z,0,0,0,0,0,0,15.7,849.8,16.1,16.1,84.1,259,253,0,0.1,102,0.4,0.4,16,14.2,11.8
2026-02-15T03:33:27Z,0,0,0,0,0,0,16.2,850,16.4,16.5,83.7,260,271,0,0,102,0,0,16.5,14.6,12.3
2026-02-15T03:48:33Z,0,0,0,0,0,0,16.4,850.2,16.6,16.7,82.8,265,309,0,0,102,0,0,16.7,14.7,12.4
2026-02-15T04:03:39Z,0,0,0,0.1,0,0,16.9,850.3,16.9,17.1,81.6,277,450,0,0,102,0.2,0.2,17.1,15,12.9
2026-02-15T04:18:45Z,0,0,0,0.2,0,0,17.3,850.4,17.3,17.5,80,290,525,0,0,102,0.2,0.2,17.5,15.2,13.2
2026-02-15T04:33:51Z,0,0,0,0.3,0,0,17.8,850.8,17.9,18,78.4,319,901,0,0.1,102,0.4,0.4,17.9,15.4,13.6
2026-02-15T04:49:14Z,0,0,0,0.5,0,0,18.6,851,18.7,18.8,77.6,348,1176,0,0.2,102,0.9,0.9,18.8,16.1,14.4
2026-02-15T05:04:20Z,0,0,0,0.4,0,0,18.9,851.3,19.1,19.2,75.9,339,1122,0,0,102,0.2,0.2,19.2,16.3,14.8
2026-02-15T05:19:26Z,0,0,0,0.9,0,0,19.7,851.4,19.8,20,73.7,417,1970,0,0,102,0,0,20,16.7,15.5
2026-02-15T05:35:24Z,0,0,0,0.9,0,0,20.3,851.6,20.1,20.3,71.4,417,1956,0,0,102,0,0,20.3,16.8,15.8
2026-02-15T05:50:29Z,0,0,0,0.8,0,0,21.7,851.6,21.4,21.3,68.8,401,1719,0,0,101,0,0,21.3,17.3,16.7
2026-02-15T06:05:35Z,0,0,0,0.9,0,0,22,851.7,21.9,21.8,67,419,1823,0,0.2,101,0.4,0.4,21.8,17.5,17.1
2026-02-15T06:20:41Z,0,0,0,1,0,0,23.2,851.6,22.8,23,62.7,445,2053,0,0.1,101,0.4,0.4,23,18.1,18.2
2026-02-15T06:35:46Z,0,0,0,1,0,0,22.5,851.6,23,22.8,63.4,451,2271,0,0.4,101,1.3,1.3,22.8,18,17.9
2026-02-15T06:51:16Z,0,0,0,1.4,0,0,22,851.7,22.4,22.6,62.9,514,2945,0,0.4,101,0.7,0.7,22.6,17.8,17.8
2026-02-15T07:06:39Z,0,0,0,2.7,0,0,23.5,851.5,23.8,24,58.6,760,5715,0,1.3,101,2.2,2.2,24,18.4,18.9
2026-02-15T07:22:01Z,0,0,0,2.5,0,0,24,851.5,24.5,24.6,56.4,718,5179,0,0.3,101,0.9,0.9,24.6,18.6,19.4
2026-02-15T07:37:07Z,0,0,0,1.3,0,0,23.7,851.5,23.7,24.4,56.2,498,2797,0,1.1,101,1.7,1.7,24.3,18.4,19.2
2026-02-15T07:52:13Z,0,0,0,3.9,0,0,23.9,851.4,23.3,23.5,59,992,8426,0,0.2,101,0.7,0.7,23.5,18,18.5
2026-02-15T08:07:18Z,0,0,0,4.2,0,0,26.1,851.2,26.1,26.6,49.5,1048,8871,0,1.4,64,3.1,3.1,26.6,19.3,21
2026-02-15T08:22:43Z,0,0,0,4,0,0,26.5,851,26.5,26.9,48.1,1011,8316,0,0.2,286,1.1,1.1,27.2,19.3,21.4
2026-02-15T08:37:48Z,0,0,0,1.4,0,0,25.6,850.8,25.4,26.6,45.7,509,2743,0,0.8,105,2,2,26.6,18.7,21
2026-02-15T08:53:00Z,0,0,0,4.3,0,0,27.4,850.6,27.2,27.6,46.4,1067,8915,0,0.4,105,1.1,1.1,27.8,19.7,21.9
2026-02-15T09:08:06Z,0,0,0,4.6,0,0,27.2,850.3,27.1,27.7,44.4,1123,9517,0,0.5,96,1.1,1.1,27.7,19.4,21.8
2026-02-15T09:23:12Z,0,0,0,3.9,0,0,29.2,849.9,28.6,29.3,41.7,992,7968,0,0.1,93,0.4,0.4,29,20.2,22.8
2026-02-15T09:38:21Z,0,0,0,1.1,0,0,26.6,849.7,26.5,27,44.2,464,2345,0,1.2,335,1.7,1.7,27.1,18.8,21.4
2026-02-15T09:54:05Z,0,0,0,4,0,0,26.3,849.3,26.2,26.8,44,1003,8166,0,0.8,75,2,2,26.9,18.6,21.2
2026-02-15T10:09:11Z,0,0,0,4.7,0,0,27.1,849.1,27.1,27.7,42.5,1128,9585,0,2.1,57,3.5,3.5,27.6,19.1,21.7
2026-02-15T10:24:17Z,0,0,0,0.9,0,0,27.7,848.9,27.6,28.8,40.3,419,1780,0,0.6,96,1.5,1.5,28.4,19.5,22.3
2026-02-15T10:39:52Z,0,0,0,4.3,0,0,28.1,848.5,28.6,29,40.3,1069,8862,0,0.7,92,1.8,1.8,28.7,19.7,22.5
2026-02-15T10:54:58Z,0,0,0,0.9,0,0,28.6,848.2,28.4,29.2,38.4,420,1748,0,0.8,64,2,2,28.7,19.5,22.5
2026-02-15T11:10:04Z,0,0,0,4.3,0,0,28.8,847.8,29.3,29.6,39.2,1066,8919,0,0.7,104,1.7,1.7,29.2,20,22.9
2026-02-15T11:25:09Z,0,0,0,3.8,0,0,28.4,847.5,28.5,29.4,38.2,967,7822,0,1.1,86,2.4,2.4,28.9,19.6,22.6
2026-02-15T11:41:00Z,0,0,0,3.9,0,0,29.6,847.1,30.2,30.5,37,991,8090,0,0.3,97,0.7,0.7,29.9,20.2,23.3
2026-02-15T11:56:54Z,0,0,0,3.4,0,0,29.5,847,29.8,30.6,36.4,895,7062,0,0.1,97,0.4,0.4,30,20.2,23.4
2026-02-15T12:11:59Z,0,0,0,3.2,0,0,29.8,846.7,30.1,30.9,35,856,6621,0,1.7,99,3.7,3.7,30.2,20.2,23.5
2026-02-15T12:28:57Z,0,0,0,2.9,0,0,31.6,846.4,31.6,32.5,31.3,791,5943,0,0.7,88,2.6,2.6,31.6,20.6,24.5
2026-02-15T12:44:02Z,0,0,0,2.6,0,0,30.9,846.5,30.6,32.4,30.4,747,5484,0,1.8,90,3.3,3.3,31.4,20.3,24.3
2026-02-15T12:59:08Z,0,0,0,2.2,0,0,29.7,846.4,29.6,30.9,31.5,675,4729,0,1.4,85,2.8,2.8,29.8,19.4,23.2
2026-02-15T13:14:59Z,0,0,0,2,0,0,29.7,846.2,29.6,30.7,32.7,624,4190,0,0.8,89,2.2,2.2,29.7,19.5,23.2
2026-02-15T13:30:04Z,0,0,0,1.8,0,0,29.5,846,29.6,30.5,31.6,592,3823,0,1.2,95,2,2,29.4,19.1,23
2026-02-15T13:46:01Z,0,0,0,1.4,0,0,29.7,846,30,30.8,31.1,523,3067,0,0.6,128,1.7,1.7,29.7,19.3,23.2
2026-02-15T14:01:07Z,0,0,0,0.5,0,0,28.8,846.2,29,29.6,31.8,351,1096,0,2,71,3.7,3.7,28.6,18.5,22.4
2026-02-15T14:17:03Z,0,0,0,0.6,0,0,28,846.5,28.1,28.5,35,375,1404,0,0.6,86,2,2,27.7,18.2,21.8
2026-02-15T14:33:01Z,0,0,0,0.4,0,0,27.8,846.8,27.9,28.2,35,334,1028,0,0.5,87,1.7,1.7,27.5,18,21.7
2026-02-15T14:48:02Z,0,0,0,0.3,0,0,27.5,847,27.6,27.9,37.8,310,793,0,0.5,96,1.5,1.5,27.4,18.3,21.6
2026-02-15T15:03:16Z,0,0,0,0.2,0,0,26.5,846.9,26.6,26.9,41.2,289,514,0,1.2,156,3.5,3.5,26.8,18.1,21.1
2026-02-15T15:19:08Z,0,0,0,0.1,0,0,25.7,847,25.9,26.1,43.4,282,408,0,0.9,112,2.4,2.4,26,17.8,20.5
2026-02-15T15:34:31Z,0,0,0,0.1,0,0,25.4,847.2,25.6,25.7,45,269,312,0,0.2,59,0.9,0.9,25.6,17.8,20.3
2026-02-15T15:50:11Z,0,0,0,0,0,0,25.1,847.4,25.2,25.4,46.1,262,267,0,1.2,103,3.7,3.7,25.3,17.7,20
2026-02-15T16:06:04Z,0,0,0,0,0,0,24.4,847.6,24.6,24.8,48.2,260,254,0,1.6,101,3.9,3.9,24.7,17.6,19.5
2026-02-15T16:21:22Z,0,0,0,0,0,0,23.7,847.8,23.9,24.1,49.6,259,253,0,0.4,124,1.3,1.3,24,17.1,18.9
2026-02-15T16:37:07Z,0,0,0,0,0,0,23.4,848,23.6,23.7,51.1,259,252,0,1.1,98,2.6,2.6,23.6,17,18.6
2026-02-15T16:52:12Z,0,0,0,0,0,0,23.1,848.3,23.2,23.4,52.5,261,253,0,0.5,105,1.5,1.5,23.3,17,18.4
2026-02-15T17:07:18Z,0,0,0,0,0,0,23.2,848.5,23.3,23.5,53.1,260,253,0,0.4,198,1.5,1.5,23.4,17.1,18.4
2026-02-15T17:22:20Z,0,0,0,0,0,0,23.1,848.9,23.2,23.4,55,261,252,0,0.4,97,1.5,1.5,23.3,17.3,18.4
2026-02-15T17:37:25Z,0,0,0,0,0,0,22.6,849.1,22.8,23,57.7,260,252,0,0.9,82,2.6,2.6,22.9,17.3,18
2026-02-15T17:52:31Z,0,0,0,0,0,0,21.9,849.4,22.1,22.3,61.4,260,253,0,0.8,68,1.7,1.7,22.3,17.3,17.5
2026-02-15T18:07:43Z,0,0,0,0,0,0,21.7,849.8,21.8,22.1,61.8,260,253,0,1,89,3.5,3.5,22,17.1,17.3
2026-02-15T18:23:27Z,0,0,0,0,0,0,21.1,850.1,21.2,21.5,63.7,259,252,0,0.5,88,1.1,1.1,21.4,16.8,16.8
2026-02-15T18:39:18Z,0,0,0,0,0,0,20.7,850.3,20.8,21.1,66.7,259,254,0,1,100,2,2,21,16.8,16.5
2026-02-15T18:54:23Z,0,0,0,0,0,0,20.6,850.6,20.8,21,67.8,259,254,0,0.7,90,1.5,1.5,21,17,16.4
2026-02-15T19:09:28Z,0,0,0,0,0,0,20.6,850.8,20.7,20.9,67,260,253,0,0.8,72,1.3,1.3,20.9,16.8,16.3
2026-02-15T19:25:18Z,0,0,0,0,0,0,20.4,850.8,20.5,20.8,68.4,260,253,0,0.2,46,0.7,0.7,20.7,16.8,16.2
2026-02-15T19:40:24Z,0,0,0,0,0,0,20,850.8,20.2,20.5,69.6,261,253,0,0.3,63,0.7,0.7,20.4,16.6,15.9
2026-02-15T19:56:17Z,0,0,0,0,0,0,19.6,850.8,19.8,20,71.2,260,252,0,0.4,77,1.1,1.1,20,16.4,15.5
2026-02-15T20:11:28Z,0,0,0,0,0,0,19.2,851,19.4,19.6,72.3,259,253,0,0.7,91,1.3,1.3,19.6,16.2,15.2
2026-02-15T20:26:29Z,0,0,0,0,0,0,19.1,850.9,19.2,19.5,72.3,260,253,0,0.4,64,1.1,1.1,19.4,16.1,15.1
2026-02-15T20:41:34Z,0,0,0,0,0,0,18.8,850.9,18.9,19.2,73.6,259,253,0,0.4,40,0.9,0.9,19.1,15.9,14.7
2026-02-15T20:56:40Z,0,0,0,0,0,0,18.6,851,18.8,19,74.5,259,254,0,0.1,82,0.4,0.4,18.9,15.9,14.6
2026-02-15T21:11:46Z,0,0,0,0,0,0,18.5,851,18.6,18.9,75,261,254,0,0,96,0.4,0.4,18.8,15.8,14.5
2026-02-15T21:27:12Z,0,0,0,0,0,0,18.3,851,18.4,18.7,75,261,253,0,0,27,0.2,0.2,18.6,15.7,14.3
2026-02-15T21:42:18Z,0,0,0,0,0,0,18.4,851,18.6,18.8,74.4,260,253,0,0,17,0,0,18.7,15.7,14.4
2026-02-15T21:57:24Z,0,0,0,0,0,0,18.5,850.7,18.8,19,73.6,261,253,0,0,18,0,0,18.9,15.8,14.6
2026-02-15T22:12:30Z,0,0,0,0,0,0,18.5,850.7,18.7,18.9,73.1,261,253,0,0.1,10,0.4,0.4,18.8,15.6,14.5
2026-02-15T22:27:36Z,0,0,0,0,0,0,18.3,850.5,18.4,18.7,73.5,260,254,0,0.1,15,0.4,0.4,18.6,15.5,14.3
2026-02-15T22:42:42Z,0,0,0,0,0,0,18.3,850.4,18.6,18.7,73.3,260,254,0,0.1,16,0.4,0.4,18.6,15.5,14.3
2026-02-15T22:57:48Z,0,0,0,0,0,0,18.5,850.3,18.7,18.9,72.4,261,254,0,0,27,0,0,18.8,15.5,14.5
2026-02-15T23:12:50Z,0,0,0,0,0,0,18.5,850.1,18.7,18.9,72.4,260,253,0,0,11,0.2,0.2,18.8,15.6,14.5
2026-02-15T23:28:12Z,0,0,0,0,0,0,18.6,849.9,18.8,19,72.4,261,254,0,0,12,0,0,18.9,15.7,14.6
2026-02-15T23:43:18Z,0,0,0,0,0,0,18.6,849.9,18.7,18.9,71.8,260,254,0,0,12,0,0,18.9,15.5,14.5
2026-02-15T23:58:24Z,0,0,0,0,0,0,18.5,849.8,18.7,18.9,72.5,259,254,0,0,12,0,0,18.8,15.6,14.5
2026-02-16T00:00:25Z,0,0,0,0,0,0,18.5,849.8,18.7,18.9,72.6,261,254,0,0.1,11,0.4,0.4,18.9,15.6,14.5
2026-02-16T00:15:31Z,0,0,0,0,0,0,18.6,849.7,18.8,19,72.9,260,254,0,0,12,0.2,0.2,19,15.7,14.6
2026-02-16T00:30:37Z,0,0,0,0,0,0,18.7,849.8,18.9,19.1,73.4,260,254,0,0,7,0,0,19,15.9,14.7
2026-02-16T00:45:43Z,0,0,0,0,0,0,18.7,849.6,18.8,19.1,73.9,259,254,0,0,23,0,0,19,15.9,14.7
2026-02-16T01:00:49Z,0,0,0,0,0,0,18.4,849.7,18.5,18.8,75,261,253,0,0,20,0,0,18.7,15.7,14.4
2026-02-16T01:15:55Z,0,0,0,0,0,0,17.8,849.9,18.1,18.1,77.7,261,253,0,0,20,0,0,18,15.4,13.8
2026-02-16T01:31:17Z,0,0,0,0,0,0,17.5,849.9,17.6,17.8,79,261,252,0,0,20,0.2,0.2,17.7,15.3,13.5
2026-02-16T01:46:23Z,0,0,0,0,0,0,17.3,849.8,17.5,17.7,80,260,254,0,0,20,0.2,0.2,17.6,15.3,13.4
2026-02-16T02:01:29Z,0,0,0,0,0,0,17.2,849.7,17.3,17.5,80.3,261,253,0,0,20,0,0,17.5,15.2,13.2
2026-02-16T02:17:22Z,0,0,0,0,0,0,17.1,849.7,17.2,17.5,80.6,260,252,0,0,20,0,0,17.4,15.2,13.2
2026-02-16T02:32:27Z,0,0,0,0,0,0,16.8,849.8,17,17.2,81.4,261,253,0,0,20,0,0,17.2,15,12.9
2026-02-16T02:47:33Z,0,0,0,0,0,0,16.5,850,16.6,16.8,83.7,260,253,0,0,20,0,0,16.8,14.9,12.5
2026-02-16T03:02:39Z,0,0,0,0,0,0,16.3,850.1,16.4,16.6,83.9,260,254,0,0,20,0,0,16.6,14.7,12.4
2026-02-16T03:17:45Z,0,0,0,0,0,0,16.2,850.2,16.3,16.5,84.3,261,255,0,0,20,0,0,16.5,14.7,12.3
2026-02-16T03:32:51Z,0,0,0,0,0,0,16.1,850.3,16.3,16.5,84.8,261,274,0,0,20,0,0,16.5,14.7,12.3
2026-02-16T03:47:56Z,0,0,0,0.1,0,0,15.9,850.4,16.2,16.3,85,269,320,0,0,20,0,0,16.2,14.5,12
2026-02-16T04:03:02Z,0,0,0,0.1,0,0,15.8,850.4,16.1,16.2,84.9,281,465,0,0,20,0,0,16.1,14.4,11.9
2026-02-16T04:18:26Z,0,0,0,0.2,0,0,16,850.6,16.3,16.3,84.4,295,596,0,0,20,0,0,16.3,14.5,12.1
2026-02-16T04:33:32Z,0,0,0,0.3,0,0,16.6,850.6,16.7,16.8,83.6,306,702,0,0,20,0.2,0.2,16.7,14.8,12.5
2026-02-16T04:49:06Z,0,0,0,0.4,0,0,17.4,850.9,17.4,17.5,79.7,333,975,0,0.3,258,1.1,1.1,17.4,15.1,13.2
2026-02-16T05:04:40Z,0,0,0,0.7,0,0,18.9,850.9,18.6,18.5,76.3,390,1617,0,0.1,242,0.4,0.4,18.4,15.6,14.1
2026-02-16T05:19:46Z,0,0,0,0.6,0,0,20.1,851,19.7,19.8,70.9,377,1428,0,0.5,8,1.1,1.1,19.7,16.2,15.3
2026-02-16T05:35:30Z,0,0,0,1.2,0,0,21.4,851,20.9,21,67.4,482,2649,0,0.1,18,0.4,0.4,20.9,16.8,16.4
2026-02-16T05:50:36Z,0,0,0,1.1,0,0,22.2,851.1,21.8,21.6,65.4,471,2500,0,0.3,19,1.1,1.1,21.6,17.2,17
2026-02-16T06:05:42Z,0,0,0,1.7,0,0,23.7,851,23.1,23.3,60.4,571,3611,0,0.5,81,0.9,0.9,23.3,18.1,18.4
2026-02-16T06:21:38Z,0,0,0,1.9,0,0,24,851,23.8,24,57.7,605,3965,0,0.3,98,0.7,0.7,24,18.3,18.9
2026-02-16T06:37:01Z,0,0,0,2.3,0,0,25,850.9,24.8,25.3,53,688,4852,0,1.1,77,1.5,1.5,25.3,18.7,20
2026-02-16T06:52:07Z,0,0,0,2.4,0,0,26.5,850.8,27.1,26.5,49,706,4981,0,0.8,101,1.7,1.7,26.5,19.2,20.9
2026-02-16T07:07:13Z,0,0,0,3,0,0,24.9,850.8,25.3,25,51.1,810,6147,0,0.7,188,1.3,1.3,25,18.2,19.8
2026-02-16T07:22:19Z,0,0,0,3.2,0,0,25.2,850.6,24.9,25.6,48.6,846,6516,0,0.7,28,1.6,1.6,25.5,18.3,20.2
2026-02-16T07:37:25Z,0,0,0,3,0,0,26.5,850.5,26.3,26.8,47.1,824,6258,0,0.2,206,0.7,0.7,27.1,19.1,21.4
2026-02-16T07:52:30Z,0,0,0,3.4,0,0,29.2,850.3,29.2,28.9,42.5,888,6913,0,0.2,207,0.7,0.7,28.8,20,22.6
2026-02-16T08:08:24Z,0,0,0,3.3,0,0,26.3,850.2,26.8,26.6,45.3,876,6786,0,1.2,118,2.8,2.8,26.6,18.6,21
2026-02-16T08:23:30Z,0,0,0,3.7,0,0,26,849.9,26.7,26.8,44.3,950,7607,0,1.1,172,2,2,26.9,18.6,21.2
2026-02-16T08:38:35Z,0,0,0,3.1,0,0,27.3,849.7,27.4,27.8,41.8,843,6431,0,1.6,197,2.8,2.8,27.6,19,21.7
2026-02-16T08:53:41Z,0,0,0,3.6,0,0,27.6,849.4,28.1,28.2,41,922,7284,0,0.6,124,1.1,1.1,27.9,19.2,21.9
2026-02-16T09:09:25Z,0,0,0,1.1,0,0,28.8,849.2,29.1,29.2,39.3,470,2283,0,0.3,184,0.9,0.9,28.7,19.7,22.5
2026-02-16T09:25:07Z,0,0,0,3.1,0,0,28,848.9,28.6,28.7,39.3,838,6254,0,0.3,182,0.9,0.9,28.2,19.3,22.2
2026-02-16T09:40:13Z,0,0,0,1.2,0,0,28,848.7,28.6,28.7,37.9,483,2316,0,0.4,175,0.9,0.9,28.1,19,22.1
2026-02-16T09:55:18Z,0,0,0,4.5,0,0,29.8,848.3,29.8,30.6,34.2,1099,9203,0,0.1,70,0.4,0.4,29.8,19.8,23.3
2026-02-16T10:10:28Z,0,0,0,4.5,0,0,28.6,848.1,29.1,29.5,37,1105,9328,0,0.4,169,0.7,0.7,28.8,19.4,22.6
2026-02-16T10:25:33Z,0,0,0,4.5,0,0,30.2,847.8,29.8,30.9,33.2,1095,9176,0,0.9,43,1.7,1.7,30,19.8,23.4
2026-02-16T10:40:39Z,0,0,0,4.2,0,0,29.3,847.5,30.1,29.7,35,1033,8512,0,0.7,255,1.3,1.3,28.9,19.2,22.6
2026-02-16T10:56:22Z,0,0,0,4.2,0,0,30.5,847,31.4,31.8,31.7,1035,8585,0,0.5,115,2,2,30.7,20.1,23.9
2026-02-16T11:11:28Z,0,0,0,4.1,0,0,29.7,846.7,29.6,30.6,32.2,1014,8370,0,1.3,68,2.2,2.2,29.5,19.3,23.1
2026-02-16T11:26:34Z,0,0,0,0.9,0,0,30.5,846.3,30.7,31.4,31.5,427,1849,0,0.3,108,1.3,1.3,30.3,19.7,23.6
2026-02-16T11:41:40Z,0,0,0,3.4,0,0,30.6,846.1,30.8,31.5,31.2,897,7054,0,0.8,33,1.8,1.8,30.3,19.7,23.6
2026-02-16T11:56:46Z,0,0,0,2.7,0,0,30.1,846,30.1,30.9,30.6,755,5540,0,1.3,68,2,2,29.7,19.2,23.2
2026-02-16T12:12:26Z,0,0,0,1.3,0,0,30,845.8,30.1,30.9,31,507,2727,0,0.4,117,1.1,1.1,29.7,19.3,23.2
2026-02-16T12:27:36Z,0,0,0,1.3,0,0,30.7,845.5,30.6,31.6,30.5,503,2736,0,1.9,68,2.6,2.6,30.4,19.7,23.7
2026-02-16T12:42:41Z,0,0,0,0.9,0,0,29.6,845.5,29.5,30.3,32.3,433,2048,0,0.9,66,1.5,1.5,29.2,19.1,22.9
2026-02-16T12:58:36Z,0,0,0,0.7,0,0,28.6,845.4,28.8,29,34.4,388,1552,0,0.8,123,2.2,2.2,28.2,18.5,22.1
2026-02-16T13:13:41Z,0,0,0,1.4,0,0,29.1,845.3,29.2,29.5,33.3,509,2915,0,0.7,154,2,2,28.6,18.7,22.4
2026-02-16T13:28:48Z,0,0,0,0.8,0,0,29.1,845.3,29.2,29.7,33,412,1810,0,0.8,54,2.4,2.4,28.7,18.8,22.5
2026-02-16T13:43:53Z,0,0,0,0.9,0,0,29.5,845.3,29.7,30.1,31.1,420,1930,0,0.7,116,1.6,1.6,28.9,18.7,22.7
2026-02-16T13:59:33Z,0,0,0,0.6,0,0,29.5,845.4,29.6,30.2,30.1,366,1400,0,1.1,66,2.6,2.6,29,18.6,22.7
2026-02-16T14:14:38Z,0,0,0,0.3,0,0,28.9,845.6,28.9,29.4,31.4,323,919,0,0.2,97,1.1,1.1,28.3,18.2,22.2
2026-02-16T14:29:44Z,0,0,0,0.2,0,0,28.3,845.6,28.5,28.7,33.1,304,693,0,1,63,2.6,2.6,27.8,18,21.9
2026-02-16T14:44:57Z,0,0,0,0.2,0,0,27.9,845.8,28,28.2,34.7,287,507,0,0.4,162,1.1,1.1,27.5,18,21.7
2026-02-16T15:00:17Z,0,0,0,0.1,0,0,27.5,845.8,27.7,27.8,35.4,276,399,0,0.8,60,3.1,3.1,27.2,17.8,21.5
2026-02-16T15:16:10Z,0,0,0,0.1,0,0,27.3,845.8,27.4,27.6,35.5,268,314,0,0.1,90,0.2,0.2,27,17.6,21.3
2026-02-16T15:31:32Z,0,0,0,0,0,0,26.2,846.1,26.6,26.8,44.8,262,268,0,1.5,172,3.1,3.1,26.9,18.6,21.2
2026-02-16T15:46:38Z,0,0,0,0,0,0,22.8,846.5,23.1,23.2,54.3,260,257,0,1,244,2.2,2.2,23.1,17.1,18.3
2026-02-16T16:01:44Z,0,0,0,0,0,0,22.7,846.5,22.9,23,53.6,262,254,0,0.9,63,1.7,1.7,22.8,16.8,18
2026-02-16T16:16:50Z,0,0,0,0,0,0,23.2,846.6,23.3,23.5,52.2,259,252,0,0.1,137,0.2,0.2,23.4,17,18.5
2026-02-16T16:31:56Z,0,0,0,0,0,0,22.7,847.2,23.1,23.1,59,259,254,0,0.2,162,0.7,0.7,23.1,17.6,18.2
2026-02-16T16:47:01Z,0,0,0,0,0,0,22.5,847.5,22.6,22.8,57.3,261,254,0,0.5,261,0.9,0.9,22.7,17.1,17.9
2026-02-16T17:02:25Z,0,0,0,0,0,0,22.1,847.8,22.3,22.4,60.1,260,253,0,0.3,250,0.4,0.4,22.3,17.1,17.6
2026-02-16T17:17:30Z,0,0,0,0,0,0,21.5,848.2,21.8,21.7,63.1,260,254,0,0.5,263,1.1,1.1,21.7,17,17
2026-02-16T17:32:37Z,0,0,0,0,0,0,21.3,848.6,21.6,21.6,64.6,260,253,0,0,263,0.2,0.2,21.6,17.1,16.9
2026-02-16T17:47:43Z,0,0,0,0,0,0,21.1,848.8,21.2,21.4,66.1,260,255,0,0.5,263,0.9,0.9,21.3,17,16.7
2026-02-16T18:02:48Z,0,0,0,0,0,0,20.8,848.9,20.9,21,68,259,252,0,0.6,263,1.1,1.1,21,17,16.4
2026-02-16T18:17:54Z,0,0,0,0,0,0,20.4,849.1,20.6,20.7,69.4,261,252,0,0.3,261,0.7,0.7,20.7,16.9,16.2
2026-02-16T18:33:00Z,0,0,0,0,0,0,20.3,849.4,20.4,20.6,69.2,260,254,0,0.4,262,1.1,1.1,20.6,16.8,16.1
2026-02-16T18:48:06Z,0,0,0,0,0,0,19.8,849.6,20,20.1,71.6,261,254,0,0.7,241,1.1,1.1,20,16.6,15.6
2026-02-16T19:03:31Z,0,0,0,0,0,0,19.7,849.8,19.9,20,72.6,260,255,0,1.2,257,2.2,2.2,20,16.6,15.6
2026-02-16T19:18:36Z,0,0,0,0,0,0,19.9,850,20.1,20.2,72.4,261,253,0,0.1,245,0.9,0.9,20.2,16.8,15.8
2026-02-16T19:33:42Z,0,0,0,0,0,0,19.9,850.1,20.1,20.3,72.5,260,253,0,0.1,247,0.4,0.4,20.2,16.8,15.8
2026-02-16T19:48:47Z,0,0,0,0,0,0,19.9,850,20,20.2,73.2,259,252,0,0.6,247,1.1,1.1,20.2,16.9,15.7
2026-02-16T20:03:54Z,0,0,0,0,0,0,19.7,850.2,19.9,20.1,72.4,260,253,0,0,238,0,0,20.1,16.7,15.6
2026-02-16T20:19:00Z,0,0,0,0,0,0,19.5,850.2,19.7,19.8,73.5,260,254,0,1,238,1.3,1.3,19.8,16.5,15.4
2026-02-16T20:38:07Z,0,0,0,0,0,0,19.4,850,19.6,19.8,74.6,259,253,0,0.2,224,0.4,0.4,19.8,16.7,15.4
2026-02-16T20:53:14Z,0,0,0,0,0,0,19,850,19.3,19.4,76.8,261,254,0,0.1,222,0.4,0.4,19.4,16.5,15
2026-02-16T21:08:36Z,0,0,0,0,0,0,18.9,849.9,19.1,19.3,77.2,261,253,0,0,221,0,0,19.3,16.5,14.9
2026-02-16T21:23:42Z,0,0,0,0,0,0,18.9,850,19.1,19.3,77.5,259,253,0,0,221,0,0,19.3,16.5,14.9
2026-02-16T21:38:48Z,0,0,0,0,0,0,18.9,849.7,19.1,19.2,77,260,254,0,0.1,222,0.4,0.4,19.2,16.4,14.9
2026-02-16T21:53:54Z,0,0,0,0,0,0,18.9,849.5,19.1,19.3,77,259,254,0,0.7,222,1.3,1.3,19.3,16.5,14.9
2026-02-16T22:09:00Z,0,0,0,0,0,0,18.9,849.3,19,19.3,77.1,260,253,0,0,222,0.2,0.2,19.3,16.5,14.9
2026-02-16T22:24:06Z,0,0,0,0,0,0,18.7,849.1,18.8,19.1,77.8,259,253,0,0.1,222,0.4,0.4,19.1,16.4,14.7
2026-02-16T22:39:12Z,0,0,0,0,0,0,18.5,848.9,18.7,18.9,77.9,261,254,0,0.1,222,0.4,0.4,18.9,16.2,14.6
2026-02-16T22:54:38Z,0,0,0,0,0,0,18.3,848.6,18.4,18.6,78.4,261,254,0,0,221,0,0,18.6,16,14.3
2026-02-16T23:09:44Z,0,0,0,0,0,0,18.1,848.4,18.2,18.5,78.9,259,254,0,0,221,0,0,18.5,16,14.2
2026-02-16T23:24:51Z,0,0,0,0,0,0,17.9,848.3,18.1,18.3,79.3,260,253,0,0,221,0,0,18.3,15.8,14
2026-02-16T23:39:57Z,0,0,0,0,0,0,17.7,848.1,17.8,18.1,79.9,261,253,0,0,221,0,0,18.1,15.7,13.8
2026-02-16T23:55:03Z,0,0,0,0,0,0,17.5,847.8,17.8,17.9,80.7,260,253,0,0,221,0,0,17.9,15.6,13.6
2026-02-17T00:00:05Z,0,0,0,0,0,0,17.5,847.8,17.7,17.9,80.8,261,253,0,0,222,0.2,0.2,17.9,15.6,13.6
2026-02-17T00:15:11Z,0,0,0,0,0,0,17.6,847.5,17.8,17.9,80,261,254,0,0,221,0,0,17.9,15.6,13.6
2026-02-17T00:30:17Z,0,0,0,0,0,0,17.3,847.4,17.4,17.6,81.1,259,254,0,0,222,0.2,0.2,17.6,15.4,13.4
2026-02-17T00:45:39Z,0,0,0,0,0,0,17.2,847.3,17.4,17.6,80.3,261,253,0,0.1,222,0.4,0.4,17.6,15.3,13.3
2026-02-17T01:01:26Z,0,0,0,0,0,0,17,847.3,17.1,17.4,80.3,260,254,0,0,221,0,0,17.4,15.1,13.1
2026-02-17T01:16:41Z,0,0,0,0,0,0,16.8,847.3,16.9,17.2,81.2,261,253,0,0,221,0,0,17.1,15,12.9
2026-02-17T01:31:43Z,0,0,0,0,0,0,16.5,847.5,16.6,16.9,81.7,261,253,0,0,221,0,0,16.8,14.8,12.6
2026-02-17T01:46:49Z,0,0,0,0,0,0,16.4,847.7,16.6,16.9,82,261,254,0,0,221,0,0,16.8,14.8,12.6
2026-02-17T02:01:55Z,0,0,0,0,0,0,16.2,847.9,16.2,16.6,82.7,260,254,0,0,221,0,0,16.5,14.5,12.3
2026-02-17T02:17:46Z,0,0,0,0,0,0,15.9,847.9,16.2,16.3,82.9,260,254,0,0,221,0,0,16.2,14.3,12
2026-02-17T02:33:45Z,0,0,0,0,0,0,15.8,848.1,16.1,16.2,83.1,260,253,0,0,221,0,0,16.1,14.3,11.9
2026-02-17T02:48:52Z,0,0,0,0,0,0,15.9,848.4,16.3,16.4,82.7,260,253,0,0,221,0,0,16.3,14.3,12.1
2026-02-17T03:03:57Z,0,0,0,0,0,0,16.2,848.5,16.5,16.7,80.7,259,254,0,0,222,0.2,0.2,16.6,14.5,12.4
2026-02-17T03:19:11Z,0,0,0,0,0,0,16.2,848.6,16.5,16.7,80.1,261,254,0,0,222,0.4,0.4,16.6,14.4,12.4
2026-02-17T03:34:16Z,0,0,0,0,0,0,16.2,848.7,16.4,16.6,80.3,263,293,0,0,221,0,0,16.5,14.3,12.3
2026-02-17T03:49:23Z,0,0,0,0.1,0,0,16.1,848.8,16.3,16.5,80.4,270,365,0,0,221,0,0,16.4,14.2,12.2
2026-02-17T04:04:48Z,0,0,0,0.2,0,0,16.6,849,16.7,16.8,80.4,287,545,0,0.5,222,1.3,1.3,16.7,14.5,12.5
2026-02-17T04:19:54Z,0,0,0,0.2,0,0,17.1,849.4,17.2,17.3,78.7,301,650,0,0.1,222,0.4,0.4,17.2,14.8,13
2026-02-17T04:35:00Z,0,0,0,0.3,0,0,17.4,849.6,17.6,17.6,77.5,317,821,0,0.2,222,0.7,0.7,17.5,14.9,13.2
2026-02-17T04:50:02Z,0,0,0,0.4,0,0,18.1,849.9,18.2,18.2,77.7,327,892,0,0,222,0.2,0.2,18.2,15.5,13.9
2026-02-17T05:05:08Z,0,0,0,0.4,0,0,18.7,850,18.7,18.7,76.5,331,930,0,0,221,0,0,18.7,15.9,14.3
2026-02-17T05:21:06Z,0,0,0,0.7,0,0,20,850.1,19.8,19.7,73.4,380,1508,0,0.3,222,0.7,0.7,19.7,16.4,15.3
2026-02-17T05:36:30Z,0,0,0,0.9,0,0,21.1,850.2,20.7,20.7,67.8,428,2074,0,0.2,222,0.7,0.7,20.7,16.7,16.2
2026-02-17T05:51:36Z,0,0,0,1,0,0,21.4,850.2,21.6,21.7,64.9,440,2207,0,0.1,222,0.2,0.2,21.7,17.2,17
2026-02-17T06:06:42Z,0,0,0,1.9,0,0,22.6,850.1,22.3,22.8,60.2,616,4152,0,0.5,222,0.9,0.9,22.7,17.5,17.9
2026-02-17T06:21:48Z,0,0,0,2.1,0,0,24.3,850,24.4,24.4,54.4,644,4437,0,0.2,127,0.4,0.4,24.4,18.2,19.3
2026-02-17T06:36:54Z,0,0,0,2.2,0,0,25.2,849.9,25.3,25.2,53.4,666,4656,0,0.4,15,1.1,1.1,25.1,18.7,19.9
2026-02-17T06:52:00Z,0,0,0,2.4,0,0,25.8,849.8,26,26.1,50.8,711,5110,0,0.2,147,0.7,0.7,26.1,19.1,20.6
2026-02-17T07:07:56Z,0,0,0,2.8,0,0,25.8,849.7,25.5,26.6,48.6,784,5907,0,0.8,91,1.7,1.7,26.6,19.1,21
2026-02-17T07:23:01Z,0,0,0,2.2,0,0,25.9,849.7,25.7,26.5,49,670,4682,0,0.5,89,2,2,26.5,19.2,20.9
2026-02-17T07:38:41Z,0,0,0,2,0,0,25.7,849.7,25.8,26.2,49.1,631,4252,0,0.4,273,1,1,26.2,18.9,20.7
2026-02-17T07:53:47Z,0,0,0,2.7,0,0,25.5,849.6,25.6,26.2,49.5,761,5711,0,0.6,145,1.7,1.7,26.2,18.9,20.7
2026-02-17T08:08:52Z,0,0,0,3,0,0,25.8,849.3,26.1,26.3,49.7,826,6367,0,0.8,127,2.8,2.8,26.3,19.1,20.8
2026-02-17T08:23:58Z,0,0,0,3.3,0,0,27.6,849.2,27.6,27.9,46.2,866,6756,0,0.9,42,2,2,28,19.9,22
2026-02-17T08:39:03Z,0,0,0,4.2,0,0,26.7,848.8,26.4,27.4,47.3,1047,8705,0,0.2,67,0.7,0.7,27.6,19.6,21.7
2026-02-17T08:54:39Z,0,0,0,3.8,0,0,27.5,848.5,27.6,28.4,45.3,959,7718,0,1,69,2.2,2.2,28.4,20.1,22.3
2026-02-17T09:09:54Z,0,0,0,3,0,0,27.6,848.2,27.9,28.1,45.1,823,6241,0,1.1,72,2.2,2.2,28.2,19.9,22.2
2026-02-17T09:25:00Z,0,0,0,4.4,0,0,28.2,847.7,28.6,28.8,44.8,1079,9014,0,0.1,144,0.4,0.4,28.9,20.4,22.6
2026-02-17T09:40:06Z,0,0,0,5.1,0,0,28.3,847.5,28.2,29,43.5,1202,10372,0,2.4,62,3.9,3.9,28.9,20.2,22.7
2026-02-17T09:55:12Z,0,0,0,2.4,0,0,28.9,847.3,28.9,29.5,41.6,710,4897,0,0.6,137,1.7,1.7,29.3,20.4,23
2026-02-17T10:10:17Z,0,0,0,2.8,0,0,27.3,846.9,27.6,28.1,43.1,788,5934,0,1.1,146,1.7,1.7,28,19.5,22
2026-02-17T10:25:40Z,0,0,0,1.6,0,0,27.5,846.7,27.8,28.1,43.9,562,3410,0,0.4,117,1.1,1.1,28.1,19.7,22.1
2026-02-17T10:40:45Z,0,0,0,1.9,0,0,29.4,846.4,29.4,30.3,39.8,603,3762,0,0.4,153,1.2,1.2,30,20.7,23.4
2026-02-17T10:55:51Z,0,0,0,1.4,0,0,29.5,846.1,29.4,30,39.6,514,2828,0,0.9,40,2.2,2.2,29.6,20.3,23.1
2026-02-17T11:10:57Z,0,0,0,0.9,0,0,28.7,846,28.5,29.3,39.4,434,2086,0,0.1,32,0.4,0.4,28.9,19.8,22.6
2026-02-17T11:26:03Z,0,0,0,0.9,0,0,28.2,845.7,28.1,28.5,41.5,428,2029,0,0.7,339,1.3,1.3,28.2,19.5,22.2
2026-02-17T11:41:19Z,0,0,0,1.1,0,0,27.2,845.5,27.1,27.4,40,455,2296,0,0,97,0.2,0.2,27.1,18.3,21.4
2026-02-17T11:56:42Z,0,0,0,3.6,0,0,28.5,845,28.5,28.7,40.4,930,7726,0,0.4,186,1.1,1.1,28.4,19.5,22.3
2026-02-17T12:11:48Z,0,0,0,3.1,0,0,28.9,844.8,28.7,29.5,39.5,828,6403,0,0.8,97,1.7,1.7,29.1,19.9,22.8
2026-02-17T12:26:54Z,0,0,0,1.3,0,0,30.3,844.6,30.3,31.3,36.4,496,2805,0,0.9,137,2,2,30.8,20.8,23.9
2026-02-17T12:41:59Z,0,0,0,0.7,0,0,28.4,844.6,28.7,29,40,394,1703,0,0.3,124,1.3,1.3,28.6,19.7,22.5
2026-02-17T12:57:05Z,0,0,0,0.4,0,0,27.7,844.4,27.9,28.1,42.3,336,1044,0,0.2,165,0.7,0.7,27.9,19.3,22
2026-02-17T13:12:41Z,0,0,0,0.7,0,0,27,844.5,27,26.9,43.4,387,1607,0,0.2,266,0.8,0.8,27,18.5,21.3
2026-02-17T13:27:47Z,0,0,0,0.5,0,0,26.8,844.6,26.8,26.9,44.5,353,1228,0,0.3,324,1.3,1.3,27,18.7,21.3
2026-02-17T13:42:53Z,0,0,0,0.5,0,0,26.5,844.8,26.6,26.5,46.3,345,1135,0,0.2,296,0.4,0.4,26.5,18.7,20.9
2026-02-17T13:57:58Z,0,0,0,0.3,0,0,26.7,845,26.7,26.8,45.8,307,743,0,0.1,331,0.4,0.4,27,18.9,21.3
2026-02-17T14:13:04Z,0,0,0,0.1,0,0,26.1,845.1,26.2,26.3,47.3,272,373,0,0.2,264,0.7,0.7,26.2,18.7,20.7
2026-02-17T14:28:11Z,0,0,0,0.1,0,0,23.9,845.4,23.7,24,55.8,266,308,0,0.9,28,2.4,2.4,23.9,18,18.9
2026-02-17T14:43:16Z,0,0,0,0.1,0,0,20.8,846,20.6,20.8,66.7,266,311,0,0.8,327,2,2,20.7,16.6,16.2
2026-02-17T14:58:52Z,0,0,0,0.1,0,0,19.8,846.1,19.9,20.1,67.8,268,320,0,0.6,333,1.3,1.3,20,16.1,15.6
2026-02-17T15:13:58Z,0,0,0,0,0,0,20,845.9,20.1,20.3,62.3,263,273,0,2.3,253,4.4,4.4,20.2,15.6,15.7
2026-02-17T15:29:04Z,0,0,0,0,0,0,20.2,845.9,20.4,20.6,63.1,262,260,0,0.3,220,0.9,0.9,20.4,15.9,16
2026-02-17T15:44:11Z,0,0,0,0,0,0,19.6,846.8,19.8,20.1,66.9,262,256,0,0.9,66,1.7,1.7,20,15.9,15.5
2026-02-17T15:59:17Z,0,0,0,0,0,0,19.4,846.9,19.7,19.8,69.7,261,254,0,0.3,200,0.9,0.9,19.7,16.1,15.3
2026-02-17T16:14:23Z,0,0,0,0,0,0,18.6,847,18.9,19,73,261,253,0,0.1,213,0.4,0.4,19,15.7,14.6
2026-02-17T16:29:29Z,0,0,0,0,0,0,18.7,847.4,18.9,19.1,73.1,262,252,0,0.6,234,1.1,1.1,19,15.8,14.7
2026-02-17T16:45:13Z,0,0,0,0,0,0,18.7,847.7,18.8,19,73.8,260,254,0,0.8,246,1.3,1.3,18.9,15.8,14.6
2026-02-17T17:00:19Z,0,0,0,0,0,0,18.8,847.7,18.9,19.1,75.1,258,253,0,0.1,246,0.4,0.4,19.1,16.1,14.7
2026-02-17T17:15:25Z,0,0,0,0,0,0,18.8,847.7,18.9,19.1,76.7,260,254,0,1,227,1.5,1.5,19.1,16.3,14.8
2026-02-17T17:30:31Z,0,0,0,0,0,0,18.8,848,18.9,19.2,77.3,261,252,0,1.4,236,2.4,2.4,19.2,16.4,14.8
2026-02-17T17:45:56Z,0,0,0,0,0,0,18.9,848.1,19.1,19.2,77.6,260,253,0,0.3,226,0.9,0.9,19.2,16.5,14.9
2026-02-17T18:01:05Z,0,0,0,0,0,0,19,848.5,19.2,19.4,77.9,261,254,0,0.9,229,1.3,1.3,19.4,16.7,15
2026-02-17T18:16:11Z,0,0,0,0,0,0,19,848.6,19.2,19.4,77.4,259,254,0,1.3,250,2.4,2.4,19.4,16.6,15
2026-02-17T18:31:20Z,0,0,0,0,0,0,19.1,848.7,19.2,19.4,77,261,255,0,0.4,348,1.1,1.1,19.4,16.6,15
2026-02-17T18:47:19Z,0,0,0,0,0,0,18.7,849,18.9,19.1,75.7,260,252,0,0,249,0.2,0.2,19.1,16.1,14.7
2026-02-17T19:02:25Z,0,0,0,0,0,0,18.5,849.1,18.7,18.9,75.2,260,253,0,0.8,319,1.7,1.7,18.8,15.9,14.5
2026-02-17T19:18:09Z,0,0,0,0,0,0,18.4,849.1,18.6,18.8,74.6,260,253,0,0.2,226,0.7,0.7,18.7,15.7,14.4
2026-02-17T19:33:17Z,0,0,0,0,0,0,18.3,849.3,18.4,18.5,76.7,260,254,0,0,249,0.2,0.2,18.5,15.7,14.2
2026-02-17T19:49:15Z,0,0,0,0,0,0,18.1,849.3,18.2,18.5,78.1,260,253,0,0,339,0,0,18.4,15.8,14.1
2026-02-17T20:04:54Z,0,0,0,0,0,0,18,849.5,18.1,18.3,79.5,260,253,0,0.1,327,0.4,0.4,18.3,15.8,14
2026-02-17T20:20:02Z,0,0,0,0,0,0,17.7,849.5,17.8,18,81.3,259,254,0,0,335,0.2,0.2,17.9,15.7,13.7
2026-02-17T20:35:08Z,0,0,0,0,0,0,17.5,849.5,17.6,17.9,81.8,260,253,0,0,334,0,0,17.9,15.7,13.6
2026-02-17T20:50:58Z,0,0,0,0,0,0,17.4,849.3,17.6,17.8,81.2,260,253,0,0,335,0.2,0.2,17.8,15.6,13.5
2026-02-17T21:07:43Z,0,0,0,0,0,0,17.4,849.3,17.6,17.8,80.4,261,254,0,0.5,278,1.3,1.3,17.7,15.4,13.5
2026-02-17T21:22:59Z,0,0,0,0,0,0,17.4,849.2,17.6,17.8,80,261,253,0,0.2,249,0.7,0.7,17.7,15.4,13.5
2026-02-17T21:38:05Z,0,0,0,0,0,0,17.5,849.2,17.7,17.9,80.2,260,254,0,0,248,0,0,17.8,15.5,13.6
2026-02-17T21:53:12Z,0,0,0,0,0,0,17.6,848.9,17.8,17.9,79.2,260,254,0,0,254,0.2,0.2,17.9,15.4,13.6
2026-02-17T22:08:18Z,0,0,0,0,0,0,17.3,848.8,17.4,17.5,82.9,261,253,0,0.4,253,0.9,0.9,17.5,15.4,13.2
2026-02-17T22:23:24Z,0,0,0,0,0,0,17.1,848.7,17.3,17.4,84,261,253,0,0,252,0,0,17.4,15.5,13.2
2026-02-17T22:38:31Z,0,0,0,0,0,0,17,848.6,17.2,17.4,83.7,261,254,0,0.2,253,0.4,0.4,17.3,15.4,13.1
2026-02-17T22:53:37Z,0,0,0,0,0,0,17.1,848.5,17.2,17.4,82.8,259,254,0,0,252,0.2,0.2,17.4,15.4,13.2
2026-02-17T23:09:03Z,0,0,0,0,0,0,17.2,848.3,17.4,17.6,82.6,261,253,0,0.2,252,0.7,0.7,17.6,15.5,13.3
2026-02-17T23:24:09Z,0,0,0,0,0,0,17.3,848.2,17.4,17.7,82.2,261,253,0,0,252,0.2,0.2,17.7,15.6,13.4
2026-02-17T23:39:16Z,0,0,0,0,0,0,17.4,848,17.6,17.8,82.4,261,252,0,0,251,0,0,17.8,15.7,13.5
2026-02-17T23:54:22Z,0,0,0,0,0,0,17.3,847.9,17.5,17.7,82.5,260,254,0,0.2,252,0.4,0.4,17.7,15.6,13.4
2026-02-18T00:00:25Z,0,0,0,0,0,0,17.3,848,17.5,17.7,82.7,259,254,0,0,251,0,0,17.7,15.6,13.4
2026-02-18T00:16:09Z,0,0,0,0,0,0,17.4,847.9,17.5,17.8,82.6,260,253,0,0,251,0,0,17.8,15.7,13.5
2026-02-18T00:31:15Z,0,0,0,0,0,0,17.3,847.7,17.5,17.7,82.8,259,253,0,0,251,0,0,17.7,15.6,13.4
2026-02-18T00:46:21Z,0,0,0,0,0,0,17,847.7,17,17.3,83.9,262,253,0,0,251,0,0,17.3,15.4,13.1
2026-02-18T01:02:11Z,0,0,0,0,0,0,16.6,847.7,16.6,16.9,85.6,260,253,0,0,251,0,0,16.9,15.2,12.6
2026-02-18T01:17:18Z,0,0,0,0,0,0,16.3,847.9,16.4,16.7,86.7,261,253,0,0,251,0,0,16.7,15.1,12.4
2026-02-18T01:33:12Z,0,0,0,0,0,0,16.2,847.9,16.4,16.6,87.2,260,253,0,0,251,0,0,16.6,15.1,12.4
2026-02-18T01:48:19Z,0,0,0,0,0,0,16.3,847.9,16.5,16.8,87.3,260,253,0,0,251,0,0,16.8,15.3,12.6
2026-02-18T02:03:24Z,0,0,0,0,0,0,16.8,847.9,17,17.3,86,260,253,0,0,251,0,0,17.3,15.6,13.1
2026-02-18T02:18:31Z,0,0,0,0,0,0,17.4,847.9,17.4,17.7,84.6,260,254,0,0.1,220,0.4,0.4,17.7,15.9,13.5
2026-02-18T02:33:37Z,0,0,0,0,0,0,17.4,848.1,17.6,17.7,83.7,260,253,0,0.2,220,0.4,0.4,17.7,15.8,13.5
2026-02-18T02:48:43Z,0,0,0,0,0,0,17.4,848.5,17.6,17.7,84,260,254,0,0,219,0,0,17.8,15.8,13.5
2026-02-18T03:03:49Z,0,0,0,0,0,0,17.4,848.7,17.6,17.8,84.1,260,254,0,0,219,0,0,17.8,15.9,13.5
2026-02-18T03:19:28Z,0,0,0,0,0,0,17.5,848.9,17.8,17.9,84,260,253,0,0,219,0,0,17.9,16,13.7
2026-02-18T03:34:33Z,0,0,0,0,0,0,17.6,849,17.8,18,83.8,260,258,0,0,219,0,0,18,16,13.7
2026-02-18T03:50:30Z,0,0,0,0,0,0,17.6,849.2,17.8,18,84.2,262,269,0,0,219,0,0,18,16.1,13.7
2026-02-18T04:07:28Z,0,0,0,0.1,0,0,17.7,849.3,17.8,18,84.2,276,409,0,0,219,0,0,18,16.1,13.8
2026-02-18T04:22:34Z,0,0,0,0.2,0,0,18,849.4,18.1,18.4,84.6,296,655,0,0,219,0,0,18.4,16.5,14.1
2026-02-18T04:37:45Z,0,0,0,0.4,0,0,18.3,849.6,18.4,18.7,83.4,333,1041,0,0,220,0.3,0.3,18.7,16.7,14.4
2026-02-18T04:53:10Z,0,0,0,0.4,0,0,18.6,849.7,18.9,19.1,82,340,1137,0,0.1,220,0.4,0.4,19.1,16.9,14.8
2026-02-18T05:08:15Z,0,0,0,0.6,0,0,18.7,849.7,19,19.2,81.8,362,1365,0,0.5,210,1.7,1.7,19.2,16.9,14.9
2026-02-18T05:23:21Z,0,0,0,0.5,0,0,19.2,849.9,19.4,19.6,80.8,358,1299,0,0.1,207,0.7,0.7,19.7,17.3,15.3
2026-02-18T05:38:28Z,0,0,0,0.5,0,0,19.3,850,19.6,19.8,79.5,343,1152,0,0,206,0,0,19.8,17.3,15.4
2026-02-18T05:53:33Z,0,0,0,0.8,0,0,20,850.3,19.9,20.4,76.8,397,1695,0,0.9,207,1.5,1.5,20.4,17.5,15.9
2026-02-18T06:08:49Z,0,0,0,0.5,0,0,20.1,850.2,20.1,20.5,75.7,342,1122,0,0.3,207,0.7,0.7,20.6,17.5,16.1
2026-02-18T06:24:11Z,0,0,0,1.4,0,0,20.1,850.3,20.2,20.6,76.6,525,3170,0,0,207,0.2,0.2,20.7,17.7,16.2
2026-02-18T06:39:16Z,0,0,0,0.3,0,0,21,850.2,21,21.1,74.4,322,923,0,0.2,207,0.7,0.7,21.1,17.8,16.6
2026-02-18T06:54:22Z,0,0,0,1.5,0,0,21.9,850,21.8,22,70.9,546,3270,0,0.6,207,1.5,1.5,22.1,18.3,17.4
2026-02-18T07:09:28Z,0,0,0,1.2,0,0,21.9,849.9,22.1,22.5,67.4,478,2548,0,1.2,184,1.7,1.7,22.6,18.3,17.8
2026-02-18T07:24:34Z,0,0,0,1,0,0,22,850,22.2,22.6,67.4,452,2311,0,0.9,74,2.4,2.4,22.6,18.4,17.8
2026-02-18T07:39:40Z,0,0,0,3,0,0,22.5,849.7,22.4,23.1,65.1,820,6566,0,1.6,71,2,2,23.1,18.5,18.2
2026-02-18T07:54:46Z,0,0,0,1.5,0,0,23.5,849.6,23.6,24,58.9,546,3218,0,1.2,179,2,2,24,18.5,19
2026-02-18T08:09:52Z,0,0,0,2.9,0,0,24.7,849.3,24.4,25.5,56.9,806,6016,0,0.6,65,1.1,1.1,25.5,19.5,20.2
2026-02-18T08:25:34Z,0,0,0,1.4,0,0,23.8,849.2,23.8,24.6,57.9,510,2759,0,0.7,105,1.5,1.5,24.6,18.8,19.4
2026-02-18T08:40:40Z,0,0,0,4.6,0,0,24.2,848.9,24.3,24.8,58.1,1122,9591,0,0.2,117,0.4,0.4,24.8,19,19.6
2026-02-18T08:55:45Z,0,0,0,3.7,0,0,24.8,848.8,24.6,25.6,53.6,952,7700,0,1.3,70,3.3,3.3,25.6,19,20.2
2026-02-18T09:10:51Z,0,0,0,4.6,0,0,25.3,848.7,25.1,26.1,51.3,1110,9676,0,1,53,2,2,26.1,19.2,20.6
2026-02-18T09:26:39Z,0,0,0,1.5,0,0,25.4,848.5,25.7,26.1,50.6,546,3252,0,1.6,71,3.5,3.5,26.1,19.1,20.6
2026-02-18T09:42:27Z,0,0,0,4.4,0,0,25.7,848.2,25.9,26.6,49.8,1086,9026,0,1.4,136,3.3,3.3,26.6,19.3,21
2026-02-18T09:57:34Z,0,0,0,2.7,0,0,26.5,848,26.7,27.4,47.2,755,5289,0,0.2,143,0.4,0.4,27.6,19.6,21.7
2026-02-18T10:12:40Z,0,0,0,4.8,0,0,26.1,847.5,26.4,26.9,46.4,1161,10053,0,1.4,91,3.7,3.7,27.1,19,21.3
2026-02-18T10:27:46Z,0,0,0,4.5,0,0,27,847.3,27.2,27.8,44.5,1105,9443,0,1,75,2,2,27.8,19.4,21.8
2026-02-18T10:42:52Z,0,0,0,4.4,0,0,26.9,846.9,26.5,27.7,44.5,1080,9000,0,2.6,71,3.7,3.7,27.7,19.4,21.8
2026-02-18T10:57:58Z,0,0,0,4.3,0,0,27.4,846.7,27.4,28.3,43.8,1053,8686,0,1.4,158,2.8,2.8,28.3,19.8,22.2
2026-02-18T11:13:23Z,0,0,0,4.2,0,0,27.7,846.6,27.7,28.7,41.7,1034,8518,0,0.5,132,2.8,2.8,28.4,19.7,22.3
2026-02-18T11:28:29Z,0,0,0,4,0,0,26.6,846.1,26.8,27.5,44.1,1003,8256,0,1,187,2.2,2.2,27.5,19.2,21.7
2026-02-18T11:43:35Z,0,0,0,0.8,0,0,27.5,846.1,27.8,28.2,39.8,396,1514,0,0.9,136,1.7,1.7,27.9,19,21.9
2026-02-18T11:58:40Z,0,0,0,3.6,0,0,27.9,845.7,27.8,28.8,39.8,924,7371,0,2.2,79,2.8,2.8,28.4,19.4,22.3
2026-02-18T12:14:12Z,0,0,0,3.5,0,0,28.5,845.5,28.6,29.4,39.5,910,7321,0,0.7,144,2,2,28.9,19.8,22.7
2026-02-18T12:29:25Z,0,0,0,3.1,0,0,27.8,845.4,28.1,28.6,39.7,833,6480,0,1.2,109,3.1,3.1,28.2,19.3,22.2
2026-02-18T12:44:31Z,0,0,0,2.7,0,0,28.5,845.1,28.6,29.7,39.7,765,5692,0,0.6,91,1.4,1.4,29.3,20.1,22.9
2026-02-18T12:59:37Z,0,0,0,0.6,0,0,28.1,845.2,28.3,29.2,41.2,378,1370,0,0.7,105,2.2,2.2,29,20,22.7
2026-02-18T13:14:43Z,0,0,0,2.4,0,0,28.4,845.3,28.6,29.3,40.5,703,5089,0,0.3,141,1.3,1.3,28.9,19.9,22.7
2026-02-18T13:29:48Z,0,0,0,1.9,0,0,26.8,845.2,27.1,27.5,43.4,609,4024,0,0.9,119,2.2,2.2,27.5,19.1,21.6
2026-02-18T13:44:55Z,0,0,0,1.7,0,0,26.8,845.3,27.1,27.7,42.5,566,3568,0,1.9,136,4.1,4.1,27.6,19.1,21.7
2026-02-18T14:00:33Z,0,0,0,1.4,0,0,26.8,845.3,27,27.8,43.4,509,2974,0,2.1,107,4.9,4.9,27.7,19.3,21.8
2026-02-18T14:15:39Z,0,0,0,1,0,0,26.3,845.5,26.6,27.1,44.2,437,2173,0,1,130,2.1,2.1,27.2,18.8,21.4
2026-02-18T14:31:34Z,0,0,0,0.4,0,0,25.4,845.7,25.6,25.8,46.1,329,880,0,2.5,142,4.8,4.8,25.8,18.1,20.4
2026-02-18T14:46:40Z,0,0,0,0.3,0,0,24.9,845.9,25.1,25.3,47.7,323,873,0,1.2,124,3.1,3.1,25.3,17.9,20
2026-02-18T15:02:36Z,0,0,0,0.2,0,0,24.7,846.1,24.9,25.2,49,296,575,0,0.8,127,2.4,2.4,25.1,18,19.9
2026-02-18T15:17:42Z,0,0,0,0.2,0,0,24.3,846.3,24.4,24.7,50.5,292,584,0,0.5,93,1.5,1.5,24.6,17.8,19.5
2026-02-18T15:32:48Z,0,0,0,0.1,0,0,23.9,846.4,24.1,24.3,48.9,271,323,0,0.6,116,1.3,1.3,24.2,17.2,19.1
2026-02-18T15:47:54Z,0,0,0,0,0,0,23.6,846.6,23.8,23.9,49.5,263,272,0,0.2,134,1.1,1.1,23.8,17,18.8
2026-02-18T16:02:59Z,0,0,0,0,0,0,23.3,846.6,23.4,23.6,50.3,260,255,0,0.2,165,0.4,0.4,23.4,16.8,18.5
2026-02-18T16:18:06Z,0,0,0,0,0,0,23.1,846.8,23.2,23.4,51.7,260,253,0,0.4,165,1.6,1.6,23.3,16.9,18.4
2026-02-18T16:33:12Z,0,0,0,0,0,0,22.8,847.1,23,23.1,53,259,253,0,0.5,165,1.5,1.5,23,16.8,18.2
2026-02-18T16:48:34Z,0,0,0,0,0,0,22.5,847.3,22.7,22.9,54.5,260,254,0,0.3,165,0.7,0.7,22.7,16.8,17.9
2026-02-18T17:03:40Z,0,0,0,0,0,0,22.4,847.5,22.6,22.6,55.4,261,254,0,0,165,0,0,22.5,16.8,17.8
2026-02-18T17:18:46Z,0,0,0,0,0,0,22.3,847.7,22.4,22.5,56,261,254,0,0,165,0,0,22.4,16.7,17.7
2026-02-18T17:33:52Z,0,0,0,0,0,0,22.2,847.9,22.4,22.5,56.5,261,255,0,0,165,0,0,22.4,16.8,17.7
2026-02-18T17:48:58Z,0,0,0,0,0,0,22.1,848,22.2,22.4,57.5,260,253,0,0.3,165,1.3,1.3,22.3,16.8,17.6
2026-02-18T18:04:04Z,0,0,0,0,0,0,22.1,848.2,22.2,22.3,58.6,261,254,0,0.7,165,1.7,1.7,22.2,16.9,17.5
2026-02-18T18:19:53Z,0,0,0,0,0,0,22.1,848.2,22.2,22.5,58.9,260,253,0,0.1,165,0.7,0.7,22.4,17.1,17.6
2026-02-18T18:35:11Z,0,0,0,0,0,0,22.1,848.4,22.2,22.4,60.4,259,253,0,0.6,165,1.7,1.7,22.4,17.2,17.6
2026-02-18T18:50:16Z,0,0,0,0,0,0,21.9,848.5,22,22.2,62.1,261,254,0,0.5,130,1.5,1.5,22.2,17.3,17.4
2026-02-18T19:05:38Z,0,0,0,0,0,0,21.6,848.8,21.8,22,63.1,260,253,0,0.2,118,1.1,1.1,21.9,17.2,17.2
2026-02-18T19:20:43Z,0,0,0,0,0,0,21.4,848.9,21.6,21.7,64.1,262,254,0,0.2,111,1.1,1.1,21.7,17.1,17
2026-02-18T19:35:45Z,0,0,0,0,0,0,21.3,849,21.4,21.6,64.9,260,254,0,0.1,43,0.4,0.4,21.6,17.1,16.9
2026-02-18T19:50:51Z,0,0,0,0,0,0,21.2,849.3,21.4,21.6,65.5,259,254,0,0.1,43,0.4,0.4,21.5,17.2,16.9
2026-02-18T20:05:57Z,0,0,0,0,0,0,21,849.2,21.2,21.4,66.3,260,255,0,0,127,0.2,0.2,21.4,17.1,16.8
2026-02-18T20:21:03Z,0,0,0,0,0,0,20.7,849.2,20.9,21.1,67.3,259,254,0,0.1,127,0.4,0.4,21.1,17,16.5
2026-02-18T20:36:34Z,0,0,0,0,0,0,20.5,849.2,20.6,20.9,68.3,262,253,0,0.5,94,1.3,1.3,20.9,16.9,16.3
2026-02-18T20:51:41Z,0,0,0,0,0,0,20.3,849.2,20.4,20.7,69.3,259,253,0,0.4,98,1,1,20.6,16.8,16.1
2026-02-18T21:06:47Z,0,0,0,0,0,0,20.3,849.3,20.4,20.6,69.9,260,253,0,0.2,96,1.3,1.3,20.6,16.8,16.1
2026-02-18T21:21:53Z,0,0,0,0,0,0,19.9,849.2,20.1,20.3,71.1,260,253,0,0.4,116,0.9,0.9,20.3,16.7,15.8
2026-02-18T21:36:59Z,0,0,0,0,0,0,19.5,849.1,19.7,19.9,72.7,261,254,0,0.1,79,0.4,0.4,19.9,16.5,15.5
2026-02-18T21:52:05Z,0,0,0,0,0,0,19.3,849,19.4,19.6,74.1,261,252,0,0.6,133,1.5,1.5,19.6,16.5,15.2
2026-02-18T22:07:13Z,0,0,0,0,0,0,19.1,848.7,19.2,19.4,75,259,253,0,0.4,132,1.3,1.3,19.4,16.4,15
2026-02-18T22:22:19Z,0,0,0,0,0,0,18.9,848.8,19.1,19.3,75.6,262,254,0,0.6,132,1.1,1.1,19.3,16.3,14.9
2026-02-18T22:37:53Z,0,0,0,0,0,0,19,848.7,19.1,19.3,75.6,260,254,0,0.4,131,1.3,1.3,19.3,16.3,14.9
2026-02-18T22:52:59Z,0,0,0,0,0,0,18.9,848.6,19.1,19.3,75.9,259,254,0,0.2,132,0.7,0.7,19.3,16.4,14.9
2026-02-18T23:08:05Z,0,0,0,0,0,0,18.6,848.7,18.7,19,76.7,259,253,0,0,132,0,0,19,16.2,14.6
2026-02-18T23:23:12Z,0,0,0,0,0,0,18.6,848.5,18.8,19,77.3,260,253,0,0.1,132,0.5,0.5,19,16.2,14.6
2026-02-18T23:38:18Z,0,0,0,0,0,0,18.7,848.5,18.9,19.1,77,260,253,0,0.3,131,0.8,0.8,19.1,16.3,14.7
2026-02-18T23:53:43Z,0,0,0,0,0,0,18.7,848.3,18.9,19.1,77,260,253,0,0,132,0.2,0.2,19.1,16.3,14.7
2026-02-19T00:00:45Z,0,0,0,0,0,0,18.7,848.4,18.8,19.1,77.1,260,253,0,0,132,0,0,19.1,16.3,14.7
2026-02-19T00:15:52Z,0,0,0,0,0,0,18.6,848.4,18.8,19,77.4,260,254,0,0,132,0,0,19,16.3,14.7
2026-02-19T00:30:58Z,0,0,0,0,0,0,18.5,848.4,18.6,18.8,78.1,259,254,0,0,132,0,0,18.8,16.2,14.5
2026-02-19T00:46:04Z,0,0,0,0,0,0,18.4,848.4,18.6,18.8,78.5,261,253,0,0.2,131,0.7,0.7,18.8,16.2,14.5
2026-02-19T01:01:11Z,0,0,0,0,0,0,18.3,848.4,18.4,18.7,78.7,260,253,0,0,132,0,0,18.7,16.1,14.4
2026-02-19T01:16:16Z,0,0,0,0,0,0,18,848.3,18.1,18.4,80,260,254,0,0,132,0.2,0.2,18.4,16,14.1
2026-02-19T01:31:22Z,0,0,0,0,0,0,17.7,848.6,17.8,18,81.1,261,253,0,0,132,0,0,18,15.7,13.7
2026-02-19T01:46:29Z,0,0,0,0,0,0,17.4,848.6,17.6,17.8,82.4,259,253,0,0,132,0,0,17.7,15.6,13.5
2026-02-19T02:01:50Z,0,0,0,0,0,0,17.1,848.8,17.2,17.5,82.6,260,251,0,0,132,0,0,17.5,15.4,13.2
2026-02-19T02:16:57Z,0,0,0,0,0,0,17,849,17.1,17.4,83.7,260,252,0,0,132,0,0,17.4,15.5,13.1
2026-02-19T02:32:03Z,0,0,0,0,0,0,17.1,849.1,17.2,17.5,83.9,261,253,0,0,132,0,0,17.4,15.5,13.2
2026-02-19T02:47:10Z,0,0,0,0,0,0,16.9,849.2,17.1,17.3,84.1,259,253,0,0,132,0,0,17.3,15.4,13.1
2026-02-19T03:02:16Z,0,0,0,0,0,0,16.8,849.2,16.8,17.1,85.5,260,253,0,0,132,0,0,17.1,15.4,12.8
2026-02-19T03:17:22Z,0,0,0,0,0,0,16.7,849.3,16.8,17,85.9,260,253,0,0,132,0,0,17,15.4,12.8
2026-02-19T03:32:28Z,0,0,0,0,0,0,16.8,849.4,16.9,17.2,86,260,261,0,0,132,0,0,17.2,15.5,12.9
2026-02-19T03:47:54Z,0,0,0,0,0,0,17,849.7,17.2,17.4,85.5,265,319,0,0,132,0,0,17.4,15.7,13.2
2026-02-19T04:03:17Z,0,0,0,0.2,0,0,17.4,849.8,17.7,17.9,84.4,289,626,0,0,132,0,0,17.9,16,13.6
2026-02-19T04:18:23Z,0,0,0,0.2,0,0,17.9,849.9,18.1,18.2,82.6,296,612,0,0,132,0,0,18.3,16.2,14
2026-02-19T04:33:29Z,0,0,0,0.3,0,0,18.2,850,18.2,18.5,82.2,318,886,0,0.1,132,0.4,0.4,18.5,16.3,14.2
2026-02-19T04:48:35Z,0,0,0,0.5,0,0,18.9,850,18.9,19,81.1,345,1170,0,0,132,0,0,19,16.7,14.6
2026-02-19T05:03:41Z,0,0,0,0.7,0,0,20.6,850.1,20.2,20.2,76.1,391,1748,0,0.5,131,1.1,1.1,20.2,17.2,15.8
2026-02-19T05:18:47Z,0,0,0,1.3,0,0,20.7,850.2,20.9,20.9,73.8,500,3069,0,0.1,132,0.7,0.7,20.9,17.6,16.4
2026-02-19T05:33:53Z,0,0,0,1,0,0,21.3,850.3,21.4,21.5,70.9,436,2080,0,0.4,122,1.1,1.1,21.5,17.8,16.9
2026-02-19T05:48:59Z,0,0,0,1.9,0,0,22.8,850.3,22.9,22.6,66,612,4197,0,0.3,129,1.3,1.3,22.7,18.2,17.9
2026-02-19T06:04:20Z,0,0,0,2,0,0,21.7,850.4,22.2,22,66.3,638,4516,0,0.5,130,1.5,1.5,22,17.7,17.3
2026-02-19T06:19:26Z,0,0,0,0.7,0,0,22,850.3,21.9,22.4,65.1,383,1516,0,0.2,39,0.7,0.7,22.3,17.8,17.6
2026-02-19T06:34:33Z,0,0,0,0.8,0,0,21.9,850.4,21.8,22.3,64.9,396,1636,0,0.4,41,0.7,0.7,22.3,17.7,17.5
2026-02-19T06:49:39Z,0,0,0,0.8,0,0,21.5,850.3,21.4,22.2,62.6,407,1730,0,0.6,42,1.1,1.1,22.1,17.3,17.4
2026-02-19T07:04:45Z,0,0,0,3,0,0,24.8,850.2,24.4,24.7,54.2,813,6326,0,0.5,42,1.7,1.7,24.7,18.4,19.5
2026-02-19T07:19:51Z,0,0,0,3.5,0,0,24.6,850,24.9,25.3,51,917,7422,0,1.4,90,2.6,2.6,25.3,18.4,20
2026-02-19T07:34:57Z,0,0,0,3.5,0,0,26.1,849.8,25.9,26.6,47.5,919,7362,0,0.9,67,2.8,2.8,26.6,19,21
2026-02-19T07:50:03Z,0,0,0,3.3,0,0,26.5,849.8,27.1,27,45.5,877,6853,0,0.9,50,1.5,1.5,27.2,19,21.4
2026-02-19T08:05:41Z,0,0,0,4.3,0,0,26.4,849.7,27.1,27.1,44.6,1059,8981,0,0.9,168,2.4,2.4,27.2,18.9,21.4
2026-02-19T08:20:47Z,0,0,0,1.1,0,0,25.8,849.6,25.9,26.7,44.7,469,2356,0,1.9,91,3.5,3.5,26.7,18.6,21
2026-02-19T08:36:05Z,0,0,0,1.3,0,0,25.8,849.5,25.6,26.5,45.7,500,2720,0,0.8,55,2.2,2.2,26.5,18.6,20.9
2026-02-19T08:51:43Z,0,0,0,4.6,0,0,27.8,849.4,27.9,28.5,42.4,1109,9359,0,0.3,50,1.1,1.1,28.3,19.7,22.2
2026-02-19T09:06:49Z,0,0,0,3.5,0,0,25.6,849.1,26.1,26.4,44.6,918,7335,0,0.1,150,0.4,0.4,26.3,18.3,20.8
2026-02-19T09:21:55Z,0,0,0,1.1,0,0,29.3,848.7,29.2,29.7,38,454,2109,0,0.3,57,0.9,0.9,29.1,19.8,22.8
2026-02-19T09:37:00Z,0,0,0,0.9,0,0,28.4,848.4,28.2,29.2,37.7,422,1797,0,0.1,153,0.4,0.4,28.6,19.4,22.4
2026-02-19T09:52:05Z,0,0,0,2,0,0,26.9,848.2,27.1,27.7,39.5,629,3968,0,0.5,139,1.3,1.3,27.4,18.5,21.6
2026-02-19T10:07:30Z,0,0,0,1,0,0,28.2,847.9,27.8,29,37.5,442,2007,0,1.1,56,2,2,28.4,19.2,22.3
2026-02-19T10:22:33Z,0,0,0,1.4,0,0,27.7,847.6,28.2,28.5,38.5,524,2785,0,0.4,166,1.5,1.5,28,18.9,22
2026-02-19T10:37:38Z,0,0,0,1.1,0,0,29.3,847.4,29.4,29.9,35.2,458,2153,0,0.7,152,1.3,1.3,29.1,19.4,22.8
2026-02-19T10:52:44Z,0,0,0,4.2,0,0,28.4,847,28.9,29.2,37.1,1046,8752,0,0.4,152,1.6,1.6,28.5,19.2,22.4
2026-02-19T11:07:49Z,0,0,0,3.3,0,0,29.5,846.8,29.6,30.5,34.2,881,6828,0,0.6,55,1.5,1.5,29.6,19.7,23.1
2026-02-19T11:22:55Z,0,0,0,0.7,0,0,29.8,846.5,30.1,30.8,33.3,380,1277,0,0.6,54,1.7,1.7,29.9,19.7,23.3
2026-02-19T11:38:00Z,0,0,0,3.5,0,0,29.6,846.2,29.9,30.7,33.7,919,7273,0,0.7,151,1.7,1.7,29.8,19.7,23.3
2026-02-19T11:53:06Z,0,0,0,3.4,0,0,31,845.9,31.2,31.6,31.4,885,6937,0,0.7,209,1.7,1.7,30.6,19.9,23.8
2026-02-19T12:08:12Z,0,0,0,3.1,0,0,30,845.7,30.4,31.1,32.3,841,6480,0,1.1,48,3.5,3.5,30,19.7,23.4
2026-02-19T12:23:35Z,0,0,0,2.9,0,0,29.9,845.7,29.9,31.2,31.4,800,6042,0,0.4,116,1.1,1.1,30.1,19.6,23.5
2026-02-19T12:38:40Z,0,0,0,0.9,0,0,30.2,845.4,30.2,31.4,32.1,422,1728,0,1,73,2,2,30.4,19.9,23.7
2026-02-19T12:53:46Z,0,0,0,2.5,0,0,30.2,845.4,30.4,31.3,32.5,715,5151,0,1,94,2.2,2.2,30.3,19.9,23.6
2026-02-19T13:08:52Z,0,0,0,2.2,0,0,29.6,845.2,30.2,30.9,31.7,666,4635,0,0.6,123,1.5,1.5,29.8,19.4,23.3
2026-02-19T13:23:57Z,0,0,0,1.9,0,0,30.2,845.1,30.6,31.5,31.7,615,4071,0,0.6,115,1.1,1.1,30.4,19.9,23.7
2026-02-19T13:38:58Z,0,0,0,1.6,0,0,29.7,844.9,30.3,31,31.6,565,3550,0,0.7,165,2,2,29.9,19.5,23.3
2026-02-19T13:54:04Z,0,0,0,1.3,0,0,29.5,845,29.9,30.7,31.4,505,2934,0,0.7,134,2,2,29.5,19.2,23.1
2026-02-19T14:09:09Z,0,0,0,1.1,0,0,29.1,845.1,29.2,30.3,31,470,2552,0,0.7,36,1.5,1.5,29.2,18.8,22.8
2026-02-19T14:24:46Z,0,0,0,0.3,0,0,28.5,845.2,28.6,29.1,33.3,315,695,0,0.4,75,1.1,1.1,28.2,18.4,22.1
2026-02-19T14:39:52Z,0,0,0,0.3,0,0,28.1,845.1,28.1,28.5,34.5,316,745,0,1.5,83,3.7,3.7,27.7,18.1,21.8
2026-02-19T14:54:58Z,0,0,0,0.2,0,0,27.6,845.1,27.8,28,35.1,300,581,0,0.2,102,0.9,0.9,27.3,17.9,21.5
2026-02-19T15:10:03Z,0,0,0,0.2,0,0,27.2,845.3,27.2,27.5,35.6,290,484,0,0.6,106,1.1,1.1,27,17.6,21.3
2026-02-19T15:25:09Z,0,0,0,0.1,0,0,26.8,845.7,26.9,27.1,35.4,278,406,0,0.8,94,3.1,3.1,26.7,17.2,21.1
2026-02-19T15:40:15Z,0,0,0,0.1,0,0,26.3,845.9,26.5,26.6,36.8,266,305,0,0.2,84,0.7,0.7,26.5,17.1,20.9
2026-02-19T15:55:38Z,0,0,0,0,0,0,25.9,845.9,26,26.1,38.6,261,260,0,0.5,77,1.1,1.1,25.9,17,20.5
2026-02-19T16:10:43Z,0,0,0,0,0,0,25.4,846.2,25.5,25.7,40.3,260,253,0,0,77,0.2,0.2,25.5,17,20.2
2026-02-19T16:25:49Z,0,0,0,0,0,0,25.1,846.2,25.3,25.3,41.1,260,253,0,0.5,133,1.1,1.1,25.2,16.8,19.9
2026-02-19T16:40:56Z,0,0,0,0,0,0,24.6,846.4,24.8,24.9,42.3,262,253,0,0,49,0,0,24.7,16.7,19.6
2026-02-19T16:56:02Z,0,0,0,0,0,0,24.2,846.8,24.4,24.5,43.7,262,253,0,0.1,110,0.7,0.7,24.3,16.6,19.2
2026-02-19T17:11:08Z,0,0,0,0,0,0,24,847.1,24.1,24.2,44.7,261,253,0,0.1,81,0.2,0.2,24,16.5,19
2026-02-19T17:26:14Z,0,0,0,0,0,0,23.9,847.2,24.1,24.1,45.6,260,253,0,0.4,58,1.1,1.1,23.9,16.5,18.9
2026-02-19T17:41:20Z,0,0,0,0,0,0,23.9,847.4,24.1,24.1,45.8,260,253,0,0.8,78,1.5,1.5,24,16.6,18.9
2026-02-19T17:56:50Z,0,0,0,0,0,0,23.7,847.6,23.8,23.9,46.8,259,252,0,0.1,117,0.2,0.2,23.7,16.6,18.8
2026-02-19T18:11:58Z,0,0,0,0,0,0,22.9,848.1,22.9,23,49.9,261,253,0,0,117,0,0,22.8,16.2,18
2026-02-19T18:27:04Z,0,0,0,0,0,0,22,848.1,21.9,22.1,52,261,255,0,0,117,0,0,21.9,15.8,17.2
2026-02-19T18:42:10Z,0,0,0,0,0,0,21.5,848.3,21.6,21.8,53,260,253,0,0,117,0,0,21.6,15.7,17
2026-02-19T18:57:53Z,0,0,0,0,0,0,21.2,848.6,21.4,21.6,54,260,255,0,0,117,0.2,0.2,21.4,15.6,16.8
2026-02-19T19:12:58Z,0,0,0,0,0,0,21.1,848.9,21.3,21.4,55.3,260,254,0,0,117,0,0,21.3,15.7,16.7
2026-02-19T19:28:05Z,0,0,0,0,0,0,20.9,849.1,21.1,21.3,55.8,261,253,0,0,117,0,0,21.1,15.6,16.5
2026-02-19T19:43:56Z,0,0,0,0,0,0,20.7,849.2,20.8,21.1,56.6,261,253,0,0,117,0,0,20.9,15.5,16.4
2026-02-19T19:59:18Z,0,0,0,0,0,0,20.7,849.3,21,21.1,56.5,262,253,0,0,117,0.2,0.2,20.9,15.5,16.4
2026-02-19T20:14:53Z,0,0,0,0,0,0,20.8,849.2,21.1,21.2,56.3,260,253,0,0,117,0,0,21,15.6,16.5
2026-02-19T20:29:59Z,0,0,0,0,0,0,20.7,849.3,20.8,21.1,57.3,260,252,0,0,117,0,0,20.9,15.6,16.3
2026-02-19T20:45:05Z,0,0,0,0,0,0,20.4,849.5,20.6,20.7,58.4,261,253,0,0,117,0,0,20.6,15.4,16.1
2026-02-19T21:00:49Z,0,0,0,0,0,0,20.6,849.4,20.8,21,57.2,261,253,0,0.1,117,0.4,0.4,20.8,15.5,16.3
2026-02-19T21:15:55Z,0,0,0,0,0,0,20.5,849.3,20.7,20.9,57.6,260,253,0,0,117,0,0,20.8,15.5,16.2
2026-02-19T21:31:02Z,0,0,0,0,0,0,20.3,849.3,20.4,20.5,59.2,261,254,0,0,117,0,0,20.4,15.4,15.9
2026-02-19T21:46:08Z,0,0,0,0,0,0,19.8,849.1,19.9,20.1,60.2,261,253,0,0,117,0,0,19.9,15.1,15.5
2026-02-19T22:01:14Z,0,0,0,0,0,0,19.3,849.1,19.4,19.6,62.1,261,254,0,0,117,0,0,19.4,14.9,15
2026-02-19T22:16:21Z,0,0,0,0,0,0,19,849.2,19.1,19.3,63,261,254,0,0,117,0,0,19.1,14.8,14.8
2026-02-19T22:31:55Z,0,0,0,0,0,0,18.7,849.1,18.8,18.9,64.7,260,254,0,0,117,0,0,18.8,14.6,14.4
2026-02-19T22:47:37Z,0,0,0,0,0,0,18.3,849.2,18.5,18.7,66.4,261,253,0,0,117,0,0,18.5,14.6,14.2
2026-02-19T23:03:20Z,0,0,0,0,0,0,18.1,849,18.4,18.6,67.1,260,254,0,0,117,0,0,18.4,14.6,14.1
2026-02-19T23:19:16Z,0,0,0,0,0,0,18.4,848.9,18.8,19,66.8,259,253,0,0,117,0,0,18.8,14.9,14.5
2026-02-19T23:34:29Z,0,0,0,0,0,0,18.9,849,19.2,19.4,65.9,260,253,0,0,117,0,0,19.3,15.2,14.9
2026-02-19T23:49:47Z,0,0,0,0,0,0,20,849,20,20.2,62.8,261,255,0,0.2,117,0.9,0.9,20.1,15.6,15.6
2026-02-20T00:00:58Z,0,0,0,0,0,0,19.7,849.1,19.8,20.1,62.9,260,253,0,0,117,0,0,19.9,15.5,15.5
2026-02-20T00:16:04Z,0,0,0,0,0,0,19.3,849.1,19.4,19.5,65,260,253,0,0,117,0,0,19.4,15.2,15
2026-02-20T00:31:10Z,0,0,0,0,0,0,18.9,849.2,19,19.2,67.2,261,254,0,0,117,0,0,19.1,15.2,14.7
2026-02-20T00:47:09Z,0,0,0,0,0,0,18.6,849.3,18.8,19,69.3,260,254,0,0,117,0,0,18.9,15.3,14.6
2026-02-20T01:02:18Z,0,0,0,0,0,0,19,849.1,19.1,19.3,70.7,260,253,0,0.1,123,0.4,0.4,19.2,15.7,14.9
2026-02-20T01:17:24Z,0,0,0,0,0,0,18.7,849.2,18.9,19,73.9,260,253,0,0.2,123,0.9,0.9,18.9,15.8,14.6
2026-02-20T01:32:29Z,0,0,0,0,0,0,18.5,849.2,18.6,18.8,74.5,261,254,0,0,123,0,0,18.7,15.7,14.4
2026-02-20T01:47:35Z,0,0,0,0,0,0,18.1,849.3,18.2,18.4,77,260,252,0,0,123,0,0,18.3,15.6,14
2026-02-20T02:02:41Z,0,0,0,0,0,0,17.8,849.4,17.9,18.1,78.5,261,254,0,0,123,0,0,18,15.5,13.7
2026-02-20T02:18:05Z,0,0,0,0,0,0,17.4,849.5,17.4,17.7,79.9,261,253,0,0,123,0,0,17.6,15.3,13.4
2026-02-20T02:33:11Z,0,0,0,0,0,0,17,849.5,17.1,17.3,81.1,260,254,0,0,123,0,0,17.3,15.1,13
2026-02-20T02:48:17Z,0,0,0,0,0,0,16.7,849.5,16.9,17,81.7,260,253,0,0,123,0,0,17,14.9,12.8
2026-02-20T03:04:17Z,0,0,0,0,0,0,16.3,849.7,16.4,16.7,81.7,260,254,0,0,123,0,0,16.6,14.5,12.4
2026-02-20T03:19:40Z,0,0,0,0,0,0,16,849.7,16.2,16.4,82.5,259,254,0,0,123,0,0,16.3,14.3,12.1
2026-02-20T03:34:46Z,0,0,0,0,0,0,15.8,849.7,16.2,16.2,82.4,262,275,0,0,123,0,0,16.1,14.2,11.9
2026-02-20T03:49:52Z,0,0,0,0.1,0,0,15.6,849.9,15.9,16,82.5,268,348,0,0,123,0,0,15.9,14,11.7
2026-02-20T04:04:58Z,0,0,0,0.1,0,0,15.6,850.1,15.9,16,82.6,283,457,0,0,123,0,0,15.9,14,11.7
2026-02-20T04:20:04Z,0,0,0,0.2,0,0,16,850.3,16.3,16.3,82,300,655,0,0,123,0,0,16.2,14.2,12
2026-02-20T04:35:20Z,0,0,0,0.3,0,0,16.9,850.4,17.1,17.2,79.6,311,748,0,0,123,0.2,0.2,17.1,14.8,12.9
2026-02-20T04:51:01Z,0,0,0,0.6,0,0,18.6,850.7,18.4,18.3,76.8,359,1326,0,0,123,0,0,18.2,15.5,13.9
2026-02-20T05:06:07Z,0,0,0,0.7,0,0,20.6,850.8,19.9,19.8,73.3,393,1716,0,0.2,123,0.7,0.7,19.7,16.5,15.3
2026-02-20T05:21:13Z,0,0,0,1,0,0,20.9,851,20.6,20.2,71.6,444,2294,0,0.2,123,0.4,0.4,20.2,16.7,15.7
2026-02-20T05:36:19Z,0,0,0,1.3,0,0,21.9,851,21.6,21.1,68.7,492,2813,0,0.2,123,0.4,0.4,21.1,17.1,16.5
2026-02-20T05:51:25Z,0,0,0,1.5,0,0,24.6,851.1,24.2,23.7,59.9,545,3378,0,0.2,123,0.4,0.4,23.7,18.3,18.7
2026-02-20T06:06:49Z,0,0,0,1.8,0,0,25.4,851.1,24.8,24.2,57,592,3853,0,0,123,0,0,24.2,18.3,19.1
2026-02-20T06:21:54Z,0,0,0,2.2,0,0,26.1,851.1,25.3,24.8,53.1,673,4817,0,0.2,123,0.4,0.4,24.7,18.3,19.5
2026-02-20T06:37:00Z,0,0,0,1,0,0,26.2,851.1,25.8,26,49,448,2195,0,0.4,123,0.9,0.9,25.9,18.7,20.5
2026-02-20T06:52:06Z,0,0,0,1.1,0,0,26.9,851.1,26.3,26.6,48,457,2203,0,0.5,83,1.3,1.3,26.6,19.1,21
2026-02-20T07:07:12Z,0,0,0,1.2,0,0,24.5,851.1,24.5,25.3,49.7,475,2511,0,0.1,125,1,1,25.2,18.2,19.9
2026-02-20T07:22:18Z,0,0,0,1.1,0,0,24.2,851.1,23.9,24.5,51.3,462,2396,0,0.1,125,0.2,0.2,24.4,17.7,19.3
2026-02-20T07:37:24Z,0,0,0,1.1,0,0,23.8,851,24.2,24,52.6,464,2424,0,0.1,125,0.2,0.2,24,17.6,18.9
2026-02-20T07:53:00Z,0,0,0,2,0,0,24.6,851,24.7,25.1,50.1,639,4265,0,0.3,117,0.9,0.9,25.1,18.1,19.8
2026-02-20T08:08:05Z,0,0,0,1.2,0,0,26.5,850.9,26.4,26.8,45.8,482,2547,0,0.2,82,0.4,0.4,27,18.9,21.3
2026-02-20T08:23:11Z,0,0,0,1.2,0,0,25.4,850.8,25.7,26,47.8,485,2521,0,0,118,0,0,26,18.5,20.5
2026-02-20T08:38:17Z,0,0,0,3.9,0,0,26.5,850.3,26.8,26.6,46.5,983,8080,0,0.8,122,1.5,1.5,26.5,18.8,20.9
2026-02-20T08:53:23Z,0,0,0,4.3,0,0,27.5,850.2,27.8,28.3,41.8,1053,8826,0,0.3,122,1.7,1.7,28.1,19.4,22.1
2026-02-20T09:09:05Z,0,0,0,4.3,0,0,28.1,849.8,28.2,28.8,40.5,1067,9042,0,0.6,55,0.9,0.9,28.5,19.6,22.4
2026-02-20T09:25:05Z,0,0,0,4.5,0,0,27.5,849.6,27.9,28.2,42.8,1093,9211,0,0.1,124,0.9,0.9,28.1,19.5,22.1
2026-02-20T09:40:35Z,0,0,0,4.6,0,0,27.4,849.4,28,28.2,41.1,1117,9444,0,0.2,120,0.9,0.9,27.9,19.2,21.9
2026-02-20T09:55:56Z,0,0,0,2.7,0,0,29.6,849.1,29.7,30.4,39.3,766,5396,0,0.6,47,1.3,1.3,30.1,20.6,23.5
2026-02-20T10:11:02Z,0,0,0,4.5,0,0,28,848.7,28.2,28.9,40.4,1090,9148,0,1.4,68,2.8,2.8,28.5,19.6,22.4
2026-02-20T10:26:18Z,0,0,0,4.4,0,0,28.9,848.3,28.7,29.2,38.7,1074,8929,0,0.6,147,1.3,1.3,28.7,19.5,22.5
2026-02-20T10:41:23Z,0,0,0,1.1,0,0,29.5,848.1,29.8,30.3,36.4,467,2294,0,1.5,90,2.8,2.8,29.7,20,23.2
2026-02-20T10:56:29Z,0,0,0,4.3,0,0,28.3,847.8,28.8,29,38.9,1056,8834,0,1.1,167,2.2,2.2,28.5,19.4,22.4
2026-02-20T11:11:35Z,0,0,0,4.1,0,0,30.5,847.5,30.8,31.3,32.8,1020,8412,0,1.1,51,1.7,1.7,30.4,20,23.7
2026-02-20T11:27:01Z,0,0,0,0.8,0,0,28.4,847.2,28.9,29.5,36.5,415,1769,0,1.9,176,2.6,2.6,28.7,19.3,22.5
2026-02-20T11:42:07Z,0,0,0,3.6,0,0,29.1,847,29.5,29.8,36.4,921,7375,0,1.2,177,3.1,3.1,29.1,19.6,22.8
2026-02-20T11:57:12Z,0,0,0,3.3,0,0,30.2,846.7,30.7,31,34.8,877,6839,0,0.5,109,1.1,1.1,30.2,20.2,23.6
2026-02-20T12:12:18Z,0,0,0,3.2,0,0,31.6,846.3,31.3,32.4,32.5,858,6669,0,0.6,53,1.3,1.3,31.6,20.8,24.5
2026-02-20T12:27:23Z,0,0,0,0.8,0,0,29.9,846.1,30.1,31.1,33,399,1536,0,0.7,96,1.5,1.5,30.2,19.9,23.5
2026-02-20T12:42:29Z,0,0,0,1.8,0,0,30.2,845.9,30.4,31.2,31.4,599,3803,0,0.6,43,2,2,30,19.6,23.4
2026-02-20T12:57:35Z,0,0,0,2.4,0,0,31.6,845.8,31.7,32.8,30.6,701,5127,0,0.9,125,2,2,31.9,20.6,24.6
2026-02-20T13:12:41Z,0,0,0,1.9,0,0,29,845.6,29.5,29.8,33.6,613,4113,0,0.9,166,2.2,2.2,28.8,19,22.6
2026-02-20T13:28:13Z,0,0,0,1.8,0,0,30.4,845.4,30.9,31.4,29.4,588,3839,0,0.5,149,0.9,0.9,30.1,19.3,23.5
2026-02-20T13:43:21Z,0,0,0,1.6,0,0,30.4,845.3,31.1,31.5,28.8,557,3557,0,0,201,0.2,0.2,30.2,19.2,23.5
2026-02-20T13:59:09Z,0,0,0,1.3,0,0,31,845.4,31.4,32.3,30,493,2831,0,0.4,84,1.3,1.3,31.2,20.1,24.2
2026-02-20T14:14:14Z,0,0,0,0.4,0,0,29.9,845.5,29.9,31,30.9,329,885,0,0.7,78,2,2,29.9,19.4,23.3
2026-02-20T14:29:20Z,0,0,0,0.3,0,0,28.5,845.6,28.8,29,32,310,682,0,0,199,0.2,0.2,28,18,22
2026-02-20T14:44:26Z,0,0,0,0.3,0,0,28.3,845.8,28.4,28.7,34.8,320,823,0,0.2,138,0.9,0.9,27.9,18.4,22
2026-02-20T14:59:32Z,0,0,0,0.3,0,0,28,846,28.2,28.4,34.6,305,666,0,0.3,124,0.9,0.9,27.6,18.1,21.8
2026-02-20T15:14:49Z,0,0,0,0.1,0,0,27.7,846,27.8,28,36.3,280,396,0,0.2,82,0.7,0.7,27.4,18.1,21.6
2026-02-20T15:30:16Z,0,0,0,0.1,0,0,27.2,846.3,27.4,27.5,37.8,269,306,0,0.4,103,1.1,1.1,27.1,18,21.4
2026-02-20T15:45:22Z,0,0,0,0,0,0,26.8,846.3,26.9,27,38.8,263,274,0,0.1,141,0.4,0.4,26.8,17.8,21.2
2026-02-20T16:00:28Z,0,0,0,0,0,0,26.3,846.4,26.5,26.6,39.4,262,256,0,0,73,0.2,0.2,26.5,17.6,20.9
2026-02-20T16:15:33Z,0,0,0,0,0,0,25.8,846.5,26,26,39.1,260,254,0,0,55,0.2,0.2,25.9,17.1,20.4
2026-02-20T16:31:21Z,0,0,0,0,0,0,25.5,846.5,25.6,25.8,38.6,260,253,0,0,77,0,0,25.6,16.8,20.2
2026-02-20T16:46:27Z,0,0,0,0,0,0,24.9,847.1,24.9,25,40.2,259,253,0,0,77,0.2,0.2,24.8,16.4,19.6
2026-02-20T17:01:33Z,0,0,0,0,0,0,24.7,847.3,24.9,24.9,42.5,261,253,0,0.5,90,1.1,1.1,24.7,16.7,19.5
2026-02-20T17:16:39Z,0,0,0,0,0,0,24.6,847.5,24.8,24.9,45.6,260,253,0,0.5,62,1.7,1.7,24.7,17.2,19.5
2026-02-20T17:31:46Z,0,0,0,0,0,0,24.4,847.7,24.6,24.7,48,259,253,0,0.6,52,0.9,0.9,24.6,17.4,19.4
2026-02-20T17:46:52Z,0,0,0,0,0,0,24.3,847.8,24.4,24.6,49.6,260,253,0,0.6,82,1.7,1.7,24.5,17.6,19.4
2026-02-20T18:02:16Z,0,0,0,0,0,0,24.1,848.1,24.3,24.4,50.6,259,252,0,0.7,74,1.5,1.5,24.3,17.6,19.2
2026-02-20T18:17:23Z,0,0,0,0,0,0,24.2,848.3,24.4,24.5,50.7,260,254,0,0.4,131,0.7,0.7,24.4,17.7,19.3
2026-02-20T18:33:00Z,0,0,0,0,0,0,24.1,848.8,24.2,24.4,50.9,262,253,0,0.5,121,0.9,0.9,24.3,17.6,19.2
2026-02-20T18:48:17Z,0,0,0,0,0,0,24.1,849.2,24.2,24.4,51.5,259,253,0,0.1,140,0.9,0.9,24.3,17.7,19.2
2026-02-20T19:03:23Z,0,0,0,0,0,0,23.5,849.4,23.8,23.9,54.9,261,254,0,0.4,162,1.1,1.1,23.8,17.8,18.8
2026-02-20T19:18:25Z,0,0,0,0,0,0,22.1,849.6,22.5,22.5,63.3,261,253,0,0.4,169,1.1,1.1,22.5,17.7,17.7
2026-02-20T19:33:31Z,0,0,0,0,0,0,21.4,849.6,21.6,21.6,64.4,261,253,0,1,168,2,2,21.6,17.1,17
2026-02-20T19:48:38Z,0,0,0,0,0,0,21.6,849.9,21.7,21.9,64.6,260,253,0,0.7,178,1.5,1.5,21.8,17.3,17.2
2026-02-20T20:04:35Z,0,0,0,0,0,0,21.2,850.1,21.3,21.6,66.5,260,253,0,0.1,58,0.4,0.4,21.6,17.3,17
2026-02-20T20:20:25Z,0,0,0,0,0,0,20.8,850.1,20.9,21.2,68.3,259,253,0,0.2,121,1.1,1.1,21.2,17.2,16.6
2026-02-20T20:36:04Z,0,0,0,0,0,0,20.5,850,20.7,20.9,69.6,260,253,0,0,210,0.2,0.2,20.9,17.1,16.4
2026-02-20T20:51:21Z,0,0,0,0,0,0,20,850.1,20.2,20.5,71.5,260,253,0,0.1,82,0.4,0.4,20.5,17,16
2026-02-20T21:06:27Z,0,0,0,0,0,0,19.9,850.1,20.1,20.3,74,261,253,0,0.2,88,0.4,0.4,20.3,17,15.8
2026-02-20T21:21:39Z,0,0,0,0,0,0,19.4,850,19.6,19.7,77.2,261,253,0,0,88,0,0,19.7,16.9,15.3
2026-02-20T21:36:44Z,0,0,0,0,0,0,19.2,849.7,19.4,19.6,77.7,260,254,0,0.3,88,0.7,0.7,19.6,16.8,15.2
2026-02-20T21:52:26Z,0,0,0,0,0,0,19.4,849.6,19.6,19.8,77.3,261,255,0,0.1,133,0.2,0.2,19.8,17,15.4
2026-02-20T22:07:33Z,0,0,0,0,0,0,19.3,849.6,19.5,19.7,77.4,260,254,0,0.2,133,1.1,1.1,19.7,16.9,15.3
2026-02-20T22:22:39Z,0,0,0,0,0,0,19.4,849.5,19.6,19.8,76.8,261,254,0,0.3,133,0.7,0.7,19.8,16.9,15.4
2026-02-20T22:53:51Z,0,0,0,0,0,0,19.4,849.4,19.6,19.8,75.3,260,254,0,0,133,0.2,0.2,19.8,16.7,15.4
2026-02-20T23:08:57Z,0,0,0,0,0,0,19.4,849.4,19.6,19.8,73.7,260,254,0,0.8,132,1.3,1.3,19.8,16.6,15.4
2026-02-20T23:29:24Z,0,0,0,0,0,0,19.1,849.3,19.3,19.5,73.3,261,253,0,0,133,0.2,0.2,19.5,16.2,15.1
2026-02-20T23:44:39Z,0,0,0,0,0,0,19,849.3,19.2,19.4,75.2,261,253,0,0.2,133,0.9,0.9,19.4,16.3,15
2026-02-21T00:06:47Z,0,0,0,0,0,0,18.8,849.2,18.9,19.1,78.7,260,253,0,0.9,242,1.3,1.3,19.1,16.5,14.7
2026-02-21T00:33:59Z,0,0,0,0,0,0,18.6,849.3,18.8,19,80.9,259,253,0,0.4,242,0.9,0.9,19,16.6,14.6
2026-02-21T00:49:06Z,0,0,0,0,0,0,18.4,849.1,18.5,18.8,82.8,261,252,0,0.1,242,0.2,0.2,18.8,16.7,14.5
2026-02-21T01:04:29Z,0,0,0,0,0,0,18,849.1,18.1,18.3,85.5,260,253,0,0.1,253,0.4,0.4,18.3,16.5,14
2026-02-21T01:19:35Z,0,0,0.6,0,0,0,17.7,849.1,17.7,17.9,88.7,259,252,0,0.5,253,0.9,0.9,18,16.6,13.7
2026-02-21T01:34:41Z,0.2,0,1.4,0,0,0,17.3,849.3,17.3,17.5,89.8,260,254,0,0.6,3,1.3,1.3,17.6,16.3,13.4
2026-02-21T01:49:48Z,0,0,2.2,0,0,0,17.1,849.4,17.1,17.4,90.3,261,254,0,0.1,11,0.2,0.2,17.5,16.3,13.2
2026-02-21T02:05:16Z,0,0,3,0,0,0,17.1,849.7,17.2,17.5,90.8,261,253,0,0,10,0.2,0.2,17.5,16.4,13.3
2026-02-21T02:20:41Z,0,0,3.4,0,0,0,17.2,849.9,17.2,17.5,91.2,259,252,0,0.1,11,0.4,0.4,17.6,16.5,13.3
2026-02-21T02:35:47Z,0,0,3.4,0,0,0,17.1,849.8,17.2,17.5,91.4,261,253,0,0,11,0,0,17.6,16.4,13.3
2026-02-21T02:50:59Z,0,0,3.6,0,0,0,17.2,850,17.2,17.5,91.5,259,253,0,0,11,0,0,17.6,16.5,13.3
2026-02-21T03:06:05Z,0.2,0,4.4,0,0,0,17.1,850.1,17.1,17.4,91.6,261,254,0,0,11,0,0,17.5,16.4,13.3
2026-02-21T03:21:11Z,0.2,0,5.2,0,0,0,17,849.9,17,17.3,91.7,260,253,0,0,11,0,0,17.4,16.3,13.2
2026-02-21T03:36:17Z,0,0,5.8,0,0,0,16.9,850,17.1,17.3,91.8,261,256,0,0.2,11,0.4,0.4,17.4,16.3,13.1
2026-02-21T03:51:23Z,0,0,6.4,0.1,0,0,16.9,850.1,16.9,17.2,91.9,266,317,0,0.2,203,0.4,0.4,17.3,16.2,13
2026-02-21T04:06:45Z,0,0,6.6,0.1,0,0,16.8,850.1,16.9,17.1,91.8,275,427,0,0.1,203,0.8,0.8,17.2,16.1,13
2026-02-21T04:21:52Z,0,0,6.6,0.2,0,0,16.8,850.3,16.9,17.1,91.8,292,589,0,0,203,0.2,0.2,17.2,16.2,13
2026-02-21T04:36:58Z,0,0,6.6,0.3,0,0,17,850.5,17,17.3,91.8,310,797,0,0,202,0,0,17.4,16.3,13.1
2026-02-21T04:52:04Z,0,0,6.8,0.4,0,0,17.1,850.7,17.2,17.5,91.7,339,1110,0,0,203,0.2,0.2,17.6,16.5,13.3
2026-02-21T05:07:10Z,0,0,6.8,0.6,0,0,17.3,850.7,17.4,17.6,90.9,378,1513,0,0,202,0,0,17.7,16.5,13.5
2026-02-21T05:22:16Z,0,0,6.8,0.6,0,0,18,850.7,18.1,18.3,90.6,375,1422,0,0,203,0.2,0.2,18.5,17.2,14.2
2026-02-21T05:37:22Z,0,0,6.8,1.1,0,0,18.4,850.6,18.3,18.5,88.3,466,2463,0,0.1,203,0.2,0.2,18.6,17.1,14.3
2026-02-21T05:52:28Z,0,0,6.8,0.7,0,0,19.4,850.5,19.1,19.3,85.2,384,1472,0,0.1,203,0.4,0.4,19.4,17.5,15
2026-02-21T06:07:50Z,0,0,0,1,6.8,0,19.7,850.6,19.4,19.6,84.4,442,2107,0,0.3,203,0.4,0.4,19.7,17.7,15.3
2026-02-21T06:22:56Z,0,0,0,2.5,6.8,0,20.8,850.5,20.8,20.8,79.3,727,5224,0,0,202,0,0,20.9,18.2,16.4
2026-02-21T06:38:02Z,0,0,0,1.6,6.8,0,23.1,850.5,22.8,23.3,69.5,555,3331,0,0,202,0.2,0.2,23.4,19.3,18.5
2026-02-21T06:54:08Z,0,0,0,1.3,6.8,0,22.1,850.6,22.5,22.8,69.3,497,2699,0,0,104,0.2,0.2,22.9,18.8,18
2026-02-21T07:09:14Z,0,0,0,1,6.8,0,21.5,850.6,22,22.3,69.9,439,2100,0,0.3,108,1.1,1.1,22.4,18.4,17.6
2026-02-21T07:24:20Z,0,0,0,0.9,6.8,0,21.3,850.7,21.8,21.6,71.4,433,2037,0,0,123,0,0,21.6,17.9,17
2026-02-21T07:39:27Z,0,0,0,1,6.8,0,21.8,850.7,22.1,22,71.8,438,2112,0,0,123,0,0,22,18.4,17.3
2026-02-21T07:54:33Z,0,0,0,0.9,6.8,0,21.2,850.6,21.8,21.5,72.1,414,1864,0,0.1,123,0.4,0.4,21.5,17.9,16.9
2026-02-21T08:09:54Z,0,0,0,1,6.8,0,21.4,850.5,21.8,21.7,72,438,2091,0,0.1,123,0.4,0.4,21.8,18.2,17.1
2026-02-21T08:25:01Z,0,0,0,1,6.8,0,22.1,850.2,22.4,22.5,68.4,444,2155,0,0,123,0.2,0.2,22.6,18.4,17.8
2026-02-21T08:40:06Z,0,0,0,1,6.8,0,22.6,850,22.8,23.1,68.9,447,2187,0,0,123,0,0,23.2,19,18.3
2026-02-21T08:55:12Z,0,0,0,1,6.8,0,22.8,849.8,22.8,23.4,64.6,450,2212,0,0,123,0,0,23.4,18.7,18.5
2026-02-21T09:10:18Z,0,0,0,1.4,6.8,0,22.9,849.4,23.4,23,66.7,510,2858,0,0.1,123,0.4,0.4,23,18.6,18.2
2026-02-21T09:25:24Z,0,0,0,1.6,6.8,0,23.5,849.1,23.6,23.5,64.3,563,3406,0,0.2,123,0.7,0.7,23.5,18.7,18.6
2026-02-21T09:41:07Z,0,0,0,1.9,6.8,0,22.9,848.8,23.5,23.4,62.4,614,3940,0,1.2,140,2,2,23.4,18.4,18.5
2026-02-21T09:56:12Z,0,0,0,2.8,6.8,0,24,848.3,24.4,24.7,58.7,779,5635,0,0.4,140,1.1,1.1,24.7,19,19.5
2026-02-21T10:11:19Z,0,0,0,3.4,6.8,0,25.2,848.1,25.6,25.8,54.8,891,6728,0,0.6,140,1.3,1.3,25.8,19.4,20.4
2026-02-21T10:26:25Z,0,0,0,3,6.8,0,24.8,848,25.6,25.4,54.3,811,5966,0,0.8,140,1.3,1.3,25.4,19,20.1
2026-02-21T10:41:31Z,0,0,0,2.8,6.8,0,26.2,847.6,26.5,26.6,50.6,787,5671,0,1.1,182,2.2,2.2,26.6,19.5,21
2026-02-21T10:56:37Z,0,0,0,4.7,6.8,0,27.8,847.2,27.6,28,48.6,1130,9352,0,0.5,140,1.1,1.1,28.4,20.4,22.3
2026-02-21T11:12:02Z,0,0,0,4.5,6.8,0,26.6,846.8,27.2,26.9,48.9,1103,9191,0,1.5,140,2.2,2.2,27.2,19.4,21.5
2026-02-21T11:27:08Z,0,0,0,1.7,6.8,0,27.2,846.6,27.8,28,46.9,579,3488,0,0.3,144,1.5,1.5,28.2,20.1,22.2
2026-02-21T11:42:15Z,0,0,0,2.2,6.8,0,26.1,846.5,26.4,26.7,49.2,675,4658,0,0.5,88,2.2,2.2,27.1,19.3,21.4
2026-02-21T11:57:21Z,0,0,0,1,6.8,0,26.6,846.3,26.9,27.3,49.1,440,2136,0,0.1,50,0.7,0.7,27.6,19.8,21.8
2026-02-21T12:12:27Z,0,0,0,1,6.8,0,24.6,846.2,25.1,25.2,54.1,452,2271,0,1.5,172,3.1,3.1,25.2,18.8,19.9
2026-02-21T12:27:33Z,0,0,0,1.2,6.8,0,24.7,845.9,25,25.1,55,478,2558,0,0.9,189,2,2,25.1,18.9,19.9
2026-02-21T12:42:39Z,0,0,0,1.1,6.8,0,24.3,845.9,24.6,24.7,58.3,454,2303,0,0.2,173,0.7,0.7,24.7,19,19.6
2026-02-21T12:58:05Z,0,0,0,2.5,6.8,0,24.6,845.5,25,25.2,56.9,714,5149,0,0.1,149,0.8,0.8,25.2,19.2,19.9
2026-02-21T13:13:11Z,0,0,0,0.8,6.8,0,24.3,845.3,24.6,24.8,56.4,404,1802,0,0.6,145,1.3,1.3,24.8,18.8,19.6
2026-02-21T13:28:18Z,0,0,0,0.5,6.8,0,23.8,845.3,24,24.2,59.8,346,1146,0,2,169,3.9,3.9,24.2,18.7,19.1
2026-02-21T13:43:25Z,0,0,0,0.4,6.8,0,23.3,845.4,23.6,23.7,61,341,1124,0,1.8,185,4.6,4.6,23.7,18.5,18.7
2026-02-21T13:58:31Z,0,0,0,0.4,6.8,0,23,845.5,23.2,23.4,62.8,329,997,0,0.6,184,2,2,23.4,18.4,18.5
2026-02-21T14:13:38Z,0,0,0,0.4,6.8,0,23.4,845.7,23.6,23.7,57.3,332,1006,0,0.3,155,0.7,0.7,23.7,18,18.7
2026-02-21T14:28:44Z,0,0,0,0.4,6.8,0,23.5,845.8,23.7,23.8,55,332,989,0,0.8,149,1.7,1.7,23.7,17.7,18.7
2026-02-21T14:44:09Z,0,0,0,0.3,6.8,0,23,846.1,23.2,23.5,58.1,308,753,0,0.9,120,2.4,2.4,23.4,17.8,18.5
2026-02-21T14:59:15Z,0,0,0,0.2,6.8,0,22.6,846.4,22.7,22.9,58.5,287,545,0,0.5,128,2.2,2.2,22.9,17.4,18
2026-02-21T15:14:22Z,0,0,0,0.1,6.8,0,22.4,846.6,22.6,22.7,60.8,275,411,0,0,116,0.2,0.2,22.7,17.6,17.9
2026-02-21T15:29:28Z,0,0,0,0,6.8,0,22.2,846.8,22.4,22.5,63.2,265,303,0,0.3,151,1.3,1.3,22.5,17.7,17.7
2026-02-21T15:44:35Z,0,0,0,0,6.8,0,22.1,847,22.2,22.4,63.1,260,261,0,0.4,117,1.7,1.7,22.3,17.6,17.6
2026-02-21T15:59:41Z,0,0,0,0,6.8,0,22,847.1,22.1,22.3,63.6,260,254,0,0.4,123,0.9,0.9,22.3,17.6,17.5
2026-02-21T16:14:47Z,0,0,0,0,6.8,0,21.8,847.2,22,22.1,64.4,259,253,0,0.4,103,1.1,1.1,22.1,17.5,17.4
2026-02-21T16:30:12Z,0,0,0,0,6.8,0,21.7,847.5,21.9,22.1,64.8,259,254,0,0.4,64,1.1,1.1,22,17.5,17.3
2026-02-21T16:45:19Z,0,0,0,0,6.8,0,21.5,847.8,21.4,21.6,71.2,259,253,0,0.3,113,0.7,0.7,21.6,17.9,17
2026-02-21T17:00:25Z,0,0,0,0,6.8,0,20.3,848,20.2,20.4,77.5,260,253,0,0.1,52,0.2,0.2,20.4,17.6,15.9
2026-02-21T17:15:31Z,0,0,0,0,6.8,0,20.1,848.1,20.2,20.3,77.4,261,252,0,0,52,0,0,20.4,17.5,15.9
2026-02-21T17:30:38Z,0,0,0,0,6.8,0,20,848.4,20.1,20.4,78.5,261,255,0,0.1,52,0.4,0.4,20.5,17.7,16
2026-02-21T17:45:44Z,0,0,0,0,6.8,0,19.8,848.4,19.8,19.9,81.8,260,253,0,0.3,52,1.1,1.1,20,17.7,15.6
2026-02-21T18:00:50Z,0,0,0,0,6.8,0,19.4,848.6,19.4,19.6,84.3,260,254,0,0,52,0,0,19.7,17.7,15.3
2026-02-21T18:16:16Z,0,0,0.2,0,6.8,0,19.2,848.8,19.2,19.4,85.7,260,253,0,0,52,0,0,19.5,17.7,15.2
2026-02-21T18:31:23Z,0.2,0,0.4,0,6.8,0,19,849.1,19.1,19.3,87.7,261,254,0,0,52,0.2,0.2,19.4,17.8,15.1
2026-02-21T18:46:29Z,0.2,0,1.2,0,6.8,0,18.7,849.2,18.8,18.9,88.8,260,253,0,0,52,0,0,19.1,17.6,14.7
2026-02-21T19:01:35Z,0,0,2.4,0,6.8,0,18.5,849.3,18.6,18.8,89.7,262,254,0,0,52,0.2,0.2,18.9,17.5,14.6
2026-02-21T19:17:25Z,0,0,2.8,0,6.8,0,18.5,849.3,18.6,18.8,90.6,259,253,0,0.2,52,0.4,0.4,18.9,17.6,14.6
2026-02-21T19:32:31Z,0,0,3,0,6.8,0,18.5,849.5,18.6,18.8,91.1,260,254,0,0,52,0.4,0.4,18.9,17.7,14.6
2026-02-21T19:48:27Z,0,0,3,0,6.8,0,18.4,849.5,18.6,18.7,91.2,261,254,0,0,52,0,0,18.9,17.6,14.5
2026-02-21T20:03:33Z,0,0,3,0,6.8,0,18.3,849.2,18.5,18.7,91.1,261,254,0,0,52,0,0,18.8,17.6,14.5
2026-02-21T20:18:39Z,0,0,3,0,6.8,0,18.4,849.5,18.5,18.7,91.2,262,252,0,0,52,0.4,0.4,18.9,17.6,14.5
2026-02-21T20:34:32Z,0,0,3,0,6.8,0,18.4,849.4,18.5,18.7,91.3,260,252,0,0,52,0,0,18.9,17.7,14.5
2026-02-21T20:49:38Z,0,0,3,0,6.8,0,18.2,849.2,18.4,18.6,91.2,261,253,0,0,52,0.2,0.2,18.7,17.5,14.4
2026-02-21T21:04:44Z,0,0,3,0,6.8,0,18.1,849,18.2,18.5,91.2,260,253,0,0,52,0,0,18.6,17.4,14.3
2026-02-21T21:19:50Z,0,0,3,0,6.8,0,18,849,18.1,18.3,91.1,260,252,0,0,52,0,0,18.4,17.2,14.1
2026-02-21T21:34:57Z,0,0,3,0,6.8,0,17.8,848.7,17.9,18.1,90.7,258,253,0,0,52,0.2,0.2,18.2,17,13.9
2026-02-21T21:50:20Z,0,0,3.2,0,6.8,0,17.6,848.4,17.8,18,90.6,259,253,0,0.1,52,0.4,0.4,18.1,16.8,13.8
2026-02-21T22:05:26Z,0,0,3.2,0,6.8,0,17.6,848.4,17.7,17.9,90.9,260,252,0,0,52,0.2,0.2,18,16.8,13.8
2026-02-21T22:20:32Z,0,0,3.2,0,6.8,0,17.5,848.1,17.5,17.8,90.8,260,254,0,0.2,52,0.7,0.7,17.9,16.7,13.6
2026-02-21T22:35:38Z,0,0,3.2,0,6.8,0,17.3,847.9,17.4,17.7,90.9,260,254,0,0.1,51,0.4,0.4,17.8,16.6,13.5
2026-02-21T22:50:44Z,0,0,3.2,0,6.8,0,17.3,847.8,17.4,17.7,91,260,253,0,0.5,52,1.1,1.1,17.8,16.6,13.5
2026-02-21T23:05:50Z,0,0,3.2,0,6.8,0,17.3,847.9,17.4,17.6,90.9,259,254,0,0.3,51,0.7,0.7,17.7,16.5,13.4
2026-02-21T23:20:56Z,0,0,3.4,0,6.8,0,17.2,847.9,17.4,17.6,91.1,260,254,0,0,52,0,0,17.7,16.6,13.5
2026-02-21T23:36:02Z,0,0,3.4,0,6.8,0,17.1,847.9,17.2,17.5,91,261,253,0,0.2,51,0.7,0.7,17.6,16.4,13.3
2026-02-21T23:51:24Z,0,0,3.4,0,6.8,0,16.8,847.8,16.9,17.2,91.3,260,253,0,0.1,213,0.4,0.4,17.3,16.1,13
2026-02-22T00:00:28Z,0,0,3.4,0,6.8,0,16.7,847.9,16.8,17.1,91.6,260,254,0,0.1,198,0.8,0.8,17.2,16.1,12.9
2026-02-22T00:15:29Z,0,0,3.4,0,6.8,0,16.4,847.6,16.6,16.9,91.7,261,253,0,0.2,198,0.7,0.7,16.9,15.9,12.7
2026-02-22T00:30:36Z,0,0,3.4,0,6.8,0,16.4,847.5,16.4,16.7,92,260,254,0,0,197,0,0,16.8,15.8,12.6
2026-02-22T00:45:42Z,0,0,3.4,0,6.8,0,16.4,847.3,16.5,16.7,92.3,259,254,0,0,197,0,0,16.8,15.8,12.5
2026-02-22T01:01:07Z,0,0,3.4,0,6.8,0,16.4,847.3,16.6,16.8,92.5,259,254,0,0.1,198,0.7,0.7,16.9,15.9,12.7
2026-02-22T01:16:31Z,0,0,3.4,0,6.8,0,16.5,847.3,16.6,16.8,92.5,261,254,0,0,197,0,0,16.9,15.9,12.7
2026-02-22T01:31:37Z,0,0,3.4,0,6.8,0,16.5,847.2,16.6,16.8,92.5,260,254,0,0.3,198,0.7,0.7,16.9,15.9,12.7
2026-02-22T01:46:43Z,0,0,3.4,0,6.8,0,16.5,847.2,16.7,16.9,92.5,260,253,0,0,197,0,0,17,16,12.7
2026-02-22T02:02:38Z,0,0,3.4,0,6.8,0,16.6,847.1,16.7,16.9,92.5,260,254,0,0,198,0.2,0.2,17,16,12.8
2026-02-22T02:17:44Z,0,0,3.4,0,6.8,0,16.6,847.1,16.7,17,92.5,260,253,0,0.1,198,0.4,0.4,17.1,16.1,12.8
2026-02-22T02:32:50Z,0,0,3.4,0,6.8,0,16.7,847.2,16.8,17,92.6,259,254,0,0,197,0,0,17.1,16.2,12.9
2026-02-22T02:47:56Z,0,0,3.4,0,6.8,0,16.7,847.2,16.8,17,92.6,260,253,0,0,197,0,0,17.1,16.2,12.9
2026-02-22T03:03:02Z,0,0,3.4,0,6.8,0,16.7,847.2,16.8,17.1,92.7,259,254,0,0.2,198,0.7,0.7,17.2,16.2,12.9
2026-02-22T03:18:08Z,0,0,3.4,0,6.8,0,16.7,847.4,16.8,17.1,92.7,261,254,0,0,197,0,0,17.2,16.2,12.9
2026-02-22T03:33:43Z,0,0,3.4,0,6.8,0,16.7,847.4,16.9,17.1,92.8,261,257,0,0,197,0,0,17.2,16.2,12.9
2026-02-22T03:48:49Z,0,0,3.4,0,6.8,0,16.7,847.7,16.8,17.1,92.8,262,270,0,0,197,0,0,17.2,16.2,12.9
2026-02-22T04:03:55Z,0,0,3.4,0.1,6.8,0,16.9,847.8,17,17.2,92.9,269,342,0,0,198,0.4,0.4,17.3,16.4,13.1
2026-02-22T04:19:01Z,0,0,3.4,0.1,6.8,0,17.1,848,17.2,17.4,92.8,280,484,0,0,197,0,0,17.5,16.6,13.3
2026-02-22T04:34:08Z,0,0,3.4,0.2,6.8,0,17.3,848.1,17.3,17.6,92.5,293,602,0,0.2,198,0.7,0.7,17.7,16.7,13.5
2026-02-22T04:49:14Z,0,0,3.4,0.3,6.8,0,17.4,848.4,17.5,17.7,91.7,318,875,0,0.4,198,0.9,0.9,17.8,16.7,13.6
2026-02-22T05:04:38Z,0,0,3.6,0.5,6.8,0,17.7,848.5,17.8,18,91.1,351,1223,0,0,198,0.4,0.4,18.1,16.9,13.8
2026-02-22T05:19:45Z,0,0,3.6,0.5,6.8,0,18.1,848.5,18.2,18.4,90.1,353,1212,0,0,197,0,0,18.5,17.2,14.2
2026-02-22T05:34:51Z,0,0,3.6,1.6,6.8,0,19.6,848.4,19.8,19.4,85.9,557,3538,0,0.1,198,0.4,0.4,19.6,17.7,15.2
2026-02-22T05:49:57Z,0,0,3.6,0.9,6.8,0,20.5,848.5,20.7,20,80.5,422,1922,0,0.3,198,0.7,0.7,20.1,17.6,15.6
2026-02-22T06:05:03Z,0,0,0,0.9,3.6,0,20.9,848.5,21.2,21,77.8,422,1929,0,0,197,0,0,21.1,18.2,16.6
2026-02-22T06:20:09Z,0,0,0,1,3.6,0,20.2,848.5,20.6,20.7,78.3,446,2197,0,0.7,198,1.7,1.7,20.7,17.9,16.2
2026-02-22T06:35:15Z,0,0,0,1,3.6,0,20.6,848.6,21,21.1,76.9,438,2109,0,0.3,198,1.1,1.1,21.1,18.2,16.6
2026-02-22T06:50:41Z,0,0,0,1.1,3.6,0,21.4,848.4,21.6,21.5,75.3,470,2437,0,0.4,198,0.9,0.9,21.6,18.4,17
2026-02-22T07:05:47Z,0,0,0,1.4,3.6,0,21.7,848.3,22.2,22,75,521,2947,0,0,198,0.2,0.2,22.1,18.8,17.4
2026-02-22T07:20:54Z,0,0,0,1.5,3.6,0,22.1,848.5,22.2,22.5,69,545,3187,0,0.1,198,0.4,0.4,22.6,18.5,17.8
2026-02-22T07:36:00Z,0,0,0,2.1,3.6,0,22.8,848.4,23.1,23.2,66.9,642,4249,0,0.8,102,1.5,1.5,23.3,18.9,18.4
2026-02-22T07:51:06Z,0,0,0,2,3.6,0,24.1,848.2,24.4,24.5,65.8,640,4207,0,0.5,111,1.1,1.1,24.6,19.8,19.4
2026-02-22T08:06:12Z,0,0,0,3,3.6,0,24.2,848,24.6,24.8,63.5,810,5952,0,0,123,0.6,0.6,24.9,19.8,19.7
2026-02-22T08:21:18Z,0,0,0,4.7,3.6,0,25.1,847.7,25.7,25.7,60,1131,9566,0,0.2,123,0.9,0.9,25.8,20.1,20.4
2026-02-22T08:36:44Z,0,0,0,4.7,3.6,0,26.3,847.4,27.1,26.8,57.6,1135,9408,0,0.1,192,0.4,0.4,27.7,20.7,21.8
2026-02-22T08:51:50Z,0,0,0,3.7,3.6,0,25.8,847.1,26.6,26.3,59.2,938,7193,0,0.4,116,1.5,1.5,26.4,20.5,20.8
2026-02-22T09:06:57Z,0,0,0,1.7,3.6,0,26.1,846.7,26.1,27.1,53.5,569,3389,0,0.6,63,1.7,1.7,27.7,20.3,21.8
2026-02-22T09:22:03Z,0,0,0,1.1,3.6,0,26.6,846.4,26.7,27,50.3,466,2343,0,0.1,112,0.7,0.7,27.4,19.7,21.6
2026-02-22T09:37:09Z,0,0,0,0.8,3.6,0,24.7,846.2,25.2,25.2,58.3,404,1768,0,0.3,120,1.1,1.1,25.3,19.5,20
2026-02-22T09:52:47Z,0,0,0,0.5,3.6,0,24.1,846,24.3,24.5,60.6,342,1088,0,0.5,124,1.5,1.5,24.6,19.2,19.4
2026-02-22T10:07:53Z,0,0,0,0.6,3.6,0,23.9,845.6,24.1,24.3,62.1,377,1413,0,0.5,124,0.9,0.9,24.4,19.2,19.3
2026-02-22T10:22:54Z,0,0,0,0.8,3.6,0,22.6,845.5,22.7,23.2,69.1,410,1736,0,1,69,2.6,2.6,23.3,19.2,18.4
2026-02-22T10:38:00Z,0,0,0,0.6,3.6,0,21.8,845.5,21.9,22.3,71.2,366,1263,0,1.4,105,3.7,3.7,22.4,18.6,17.6
2026-02-22T10:53:06Z,0,0,0,0.4,3.6,0,21.2,845.3,21.3,21.6,71.4,330,893,0,0.7,77,2,2,21.7,18,17
2026-02-22T11:08:12Z,0,0,0,0.3,3.6,0,20.6,845.1,20.8,21,75.9,310,714,0,0.5,58,1.3,1.3,21.1,18,16.5
2026-02-22T11:23:18Z,0,0,0,0.3,3.6,0,20.6,845,20.6,20.8,76.5,308,716,0,0.4,38,1.1,1.1,20.9,17.9,16.3
2026-02-22T11:38:25Z,0,0,0,0.4,3.6,0,20.6,845.1,20.6,20.8,77.8,324,852,0,0.6,316,1.1,1.1,20.9,18,16.3
2026-02-22T11:53:50Z,0,0,0,0.6,3.6,0,20.1,844.9,19.9,20.1,80.3,375,1411,0,0.6,338,1.5,1.5,20.2,17.7,15.8
2026-02-22T12:08:56Z,0.2,0,0.2,0.8,3.6,0,19.4,844.8,19.2,19.4,78.4,402,1695,0,0.2,328,0.4,0.4,19.4,16.8,15
2026-02-22T12:23:57Z,0,0,0.2,0.7,3.6,0,18.8,844.7,18.9,19,78.3,394,1621,0,1,265,2,2,19,16.3,14.6
2026-02-22T12:39:03Z,0,0,0.2,0.7,3.6,0,18.5,844.7,18.6,18.7,81.2,387,1534,0,0.2,310,0.7,0.7,18.7,16.4,14.4
2026-02-22T12:54:09Z,0,0,0.2,0.4,3.6,0,18.5,844.9,18.7,18.8,78,328,907,0,0.9,239,1.7,1.7,18.8,16.1,14.5
2026-02-22T13:09:15Z,0,0,0.2,0.2,3.6,0,18.5,845.4,18.7,18.9,79.8,284,459,0,0.1,229,0.4,0.4,18.9,16.4,14.6
2026-02-22T13:24:21Z,0,0,0.2,0.1,3.6,0,18.6,845.1,18.8,18.9,78.9,282,445,0,0,225,0.2,0.2,18.9,16.4,14.6
2026-02-22T13:39:27Z,0,0,0.2,0.1,3.6,0,18.6,845.1,18.8,19,80.4,278,401,0,0,225,0.2,0.2,19,16.6,14.6
2026-02-22T13:54:50Z,0,0,0.2,0.1,3.6,0,18.6,845.4,18.7,18.9,82.1,273,368,0,0,225,0.2,0.2,19,16.8,14.6
2026-02-22T14:09:56Z,0,0,0.4,0.1,3.6,0,18.4,845.6,18.5,18.7,84.9,270,340,0,0,224,0,0,18.7,16.8,14.4
2026-02-22T14:25:56Z,0,0,0.4,0.1,3.6,0,18.1,845.7,18.2,18.3,85.8,269,323,0,0.1,225,0.4,0.4,18.4,16.6,14.1
2026-02-22T14:41:03Z,0,0,0.4,0.1,3.6,0,18,845.7,18.1,18.3,86.4,268,317,0,0,224,0,0,18.4,16.7,14.1
2026-02-22T14:56:09Z,0.2,0,0.8,0.1,3.6,0,17.9,845.7,18,18.2,87.6,267,318,0,0,224,0,0,18.3,16.7,14
2026-02-22T15:11:14Z,0,0,1,0.1,3.6,0,17.8,845.6,17.9,17.9,88.6,266,320,0,0,224,0,0,18,16.6,13.7
2026-02-22T15:27:10Z,0,0,1.4,0,3.6,0,17.6,845.9,17.8,17.9,89.6,263,290,0,0.1,225,0.4,0.4,18,16.6,13.7
2026-02-22T15:42:21Z,0.2,0,1.6,0,3.6,0,17.4,846.2,17.6,17.7,90,261,268,0,0,225,0.2,0.2,17.8,16.5,13.5
2026-02-22T15:57:27Z,0,0,1.6,0,3.6,0,17.3,846.4,17.5,17.6,90.1,261,255,0,0,203,0.2,0.2,17.7,16.5,13.5
2026-02-22T16:13:02Z,0,0,1.8,0,3.6,0,17.2,846.5,17.3,17.5,90.4,260,254,0,0.2,226,0.7,0.7,17.6,16.4,13.3
2026-02-22T16:28:08Z,0,0,1.8,0,3.6,0,17.2,846.4,17.4,17.5,90.6,260,254,0,0,226,0.2,0.2,17.6,16.4,13.4
2026-02-22T16:43:14Z,0,0,1.8,0,3.6,0,17.2,846.5,17.3,17.5,90.1,260,252,0,0.3,258,1.1,1.1,17.6,16.3,13.3
2026-02-22T16:58:20Z,0,0,2,0,3.6,0,17.2,846.6,17.2,17.5,90.1,260,253,0,0.2,282,0.7,0.7,17.6,16.3,13.3
2026-02-22T17:13:26Z,0,0,2,0,3.6,0,17.1,847,17.2,17.4,90.1,261,254,0,0,316,0,0,17.5,16.3,13.3
2026-02-22T17:28:32Z,0,0,2,0,3.6,0,17.1,847.1,17.2,17.5,90.3,260,253,0,0,316,0,0,17.5,16.3,13.3
2026-02-22T17:44:03Z,0,0,2,0,3.6,0,17.1,847.3,17.2,17.5,90.7,261,253,0,0,316,0,0,17.6,16.4,13.3
2026-02-22T17:59:13Z,0,0,2,0,3.6,0,17.1,847.7,17.2,17.5,91,260,252,0,0,316,0,0,17.6,16.4,13.3
2026-02-22T18:14:19Z,0,0,2,0,3.6,0,17.2,847.8,17.3,17.5,91.5,260,253,0,0,285,0,0,17.6,16.5,13.4
2026-02-22T18:29:28Z,0,0,2,0,3.6,0,17.2,847.9,17.3,17.5,91.6,259,254,0,0,232,0.2,0.2,17.6,16.5,13.3
2026-02-22T18:44:34Z,0,0,2,0,3.6,0,17.2,848,17.3,17.5,91.6,260,253,0,0,231,0,0,17.6,16.5,13.4
2026-02-22T19:00:06Z,0,0,2,0,3.6,0,17,848.2,17.2,17.3,91.4,260,252,0,0,231,0,0,17.4,16.3,13.2
2026-02-22T19:15:12Z,0,0,2,0,3.6,0,17,848.2,17.2,17.4,91.6,260,254,0,0,231,0,0,17.5,16.4,13.2
2026-02-22T19:30:18Z,0,0,2,0,3.6,0,17.1,848.2,17.2,17.4,91.9,260,253,0,0,231,0,0,17.5,16.5,13.3
2026-02-22T19:45:25Z,0,0,2,0,3.6,0,17.1,848.3,17.2,17.4,92.1,260,254,0,0,231,0,0,17.5,16.5,13.3
2026-02-22T20:00:31Z,0,0,2,0,3.6,0,17.1,848.3,17.2,17.4,92.3,262,253,0,0,231,0,0,17.5,16.5,13.3
2026-02-22T20:15:37Z,0,0,2.2,0,3.6,0,17.1,848.4,17.2,17.5,92.4,261,255,0,0,231,0,0,17.6,16.5,13.3
2026-02-22T20:30:44Z,0,0,2.2,0,3.6,0,17.2,848.2,17.2,17.5,92.6,261,253,0,0,231,0,0,17.6,16.6,13.4
2026-02-22T20:46:06Z,0,0,2.2,0,3.6,0,17.1,848.2,17.2,17.5,92.6,259,254,0,0,231,0,0,17.6,16.6,13.3
2026-02-22T21:01:16Z,0,0,2.2,0,3.6,0,17.1,848.1,17.2,17.4,92.6,260,253,0,0,46,0,0,17.5,16.5,13.3
2026-02-22T21:16:21Z,0,0,2.2,0,3.6,0,17,848,17.1,17.4,92.4,261,255,0,0,46,0.2,0.2,17.5,16.5,13.3
2026-02-22T21:31:27Z,0,0,2.2,0,3.6,0,17.1,848,17.2,17.4,92.4,261,252,0,0,46,0,0,17.5,16.5,13.3
2026-02-22T21:46:34Z,0,0,2.2,0,3.6,0,17.1,847.9,17.2,17.5,92.3,258,253,0,0,46,0,0,17.6,16.5,13.3
2026-02-22T22:01:40Z,0,0,2.2,0,3.6,0,17.2,847.7,17.2,17.5,92.3,261,253,0,0,46,0,0,17.6,16.6,13.4
2026-02-22T22:16:46Z,0,0,2.4,0,3.6,0,17.2,847.5,17.3,17.5,92.4,261,254,0,0.1,46,0.6,0.6,17.6,16.6,13.4
2026-02-22T22:32:11Z,0,0,2.4,0,3.6,0,17.2,847.4,17.2,17.5,92.4,260,253,0,0,46,0,0,17.6,16.6,13.4
2026-02-22T22:47:17Z,0,0,2.4,0,3.6,0,17.1,847.3,17.2,17.4,92.5,260,254,0,0,46,0,0,17.5,16.5,13.3
2026-02-22T23:02:23Z,0,0,2.4,0,3.6,0,17.1,847.2,17.2,17.4,92.5,261,252,0,0,46,0,0,17.5,16.5,13.3
2026-02-22T23:17:29Z,0,0,2.4,0,3.6,0,17,847.3,17.1,17.3,92.4,260,253,0,0,46,0,0,17.4,16.4,13.2
2026-02-22T23:32:35Z,0,0,2.4,0,3.6,0,17,847.3,17.1,17.3,92.5,260,253,0,0,46,0,0,17.4,16.4,13.2
2026-02-22T23:47:41Z,0,0,2.6,0,3.6,0,17,847.4,17.1,17.3,92.4,260,253,0,0.1,46,0.2,0.2,17.4,16.4,13.2
2026-02-23T00:00:26Z,0,0,2.6,0,3.6,0,16.9,847.4,17,17.3,91.4,260,253,0,0,232,0,0,17.4,16.3,13.1
2026-02-23T00:15:49Z,0,0,2.8,0,3.6,0,16.9,847.4,17,17.2,91.6,260,253,0,0,232,0,0,17.3,16.2,13.1
2026-02-23T00:30:56Z,0,0,3.2,0,3.6,0,16.9,847.5,16.9,17.2,92,261,253,0,0,232,0,0,17.3,16.3,13.1
2026-02-23T00:46:02Z,0,0,3.6,0,3.6,0,16.9,847.6,16.9,17.2,92.3,260,253,0,0.2,233,0.9,0.9,17.3,16.3,13.1
2026-02-23T01:01:08Z,0,0,4,0,3.6,0,16.7,847.6,16.8,17.1,92.5,260,253,0,0.2,233,0.4,0.4,17.2,16.2,12.9
2026-02-23T01:16:14Z,0,0,4.6,0,3.6,0,16.4,847.7,16.5,16.8,92.4,260,253,0,0.5,21,1.7,1.7,16.8,15.9,12.6
2026-02-23T01:31:20Z,0.2,0,5.6,0,3.6,0,16.3,847.6,16.4,16.6,92.6,258,253,0,0,340,0.2,0.2,16.7,15.7,12.5
2026-02-23T01:46:26Z,0.2,0,6.8,0,3.6,0,16.2,847.8,16.2,16.5,92.5,261,254,0,0.2,257,1.3,1.3,16.6,15.7,12.4
2026-02-23T02:01:32Z,0,0,8.2,0,3.6,0,16.1,848,16.3,16.4,92.5,259,252,0,0,236,0,0,16.5,15.5,12.3
2026-02-23T02:16:54Z,0,0,8.8,0,3.6,0,16,848,16.2,16.3,92.6,259,253,0,0,285,0,0,16.4,15.4,12.1
2026-02-23T02:32:00Z,0,0,9,0,3.6,0,16,848.3,16.2,16.3,92.9,260,254,0,0,286,0.2,0.2,16.4,15.5,12.2
2026-02-23T02:47:02Z,0,0,9,0,3.6,0,15.9,848.3,16.2,16.2,92.9,260,252,0,0,285,0,0,16.3,15.4,12.1
2026-02-23T03:02:08Z,0,0,9.2,0,3.6,0,15.9,848.4,16.2,16.2,93,260,254,0,0,285,0,0,16.3,15.4,12.1
2026-02-23T03:17:14Z,0,0,9.2,0,3.6,0,15.9,848.6,16.2,16.3,93.1,260,253,0,0,285,0,0,16.3,15.4,12.1
2026-02-23T03:32:21Z,0,0,9.2,0,3.6,0,15.9,848.7,16.2,16.3,93.3,260,256,0,0,285,0,0,16.4,15.5,12.2
2026-02-23T03:47:27Z,0,0,9.2,0,3.6,0,16,848.8,16.2,16.3,93.4,262,274,0,0,285,0,0,16.4,15.5,12.2
2026-02-23T04:02:34Z,0,0,9.2,0.1,3.6,0,15.9,849,16.2,16.3,93.5,269,358,0,0,285,0,0,16.4,15.5,12.2
2026-02-23T04:18:04Z,0,0,9.4,0.1,3.6,0,16.1,849.2,16.2,16.5,93.7,281,483,0,0,285,0,0,16.6,15.7,12.3
2026-02-23T04:33:10Z,0,0,9.4,0.2,3.6,0,16.2,849.1,16.3,16.5,93.7,293,606,0,0,285,0,0,16.6,15.7,12.4
2026-02-23T04:48:17Z,0,0,9.4,0.3,3.6,0,16.1,849.2,16.2,16.5,93.6,306,739,0,0,273,0,0,16.6,15.8,12.4
2026-02-23T05:03:23Z,0,0,9.4,0.3,3.6,0,16.4,849.3,16.4,16.7,93.4,323,920,0,0.5,283,0.9,0.9,16.8,16,12.6
2026-02-23T05:18:29Z,0,0,9.4,0.4,3.6,0,16.6,849.4,16.7,16.9,93.1,326,947,0,0.1,253,0.7,0.7,17,16.1,12.7
2026-02-23T05:33:35Z,0,0,9.4,0.5,3.6,0,16.8,849.6,16.9,17.2,92.9,347,1156,0,0.1,254,0.2,0.2,17.3,16.3,13
2026-02-23T05:48:42Z,0,0,9.4,0.4,3.6,0,16.9,849.7,17,17.2,92.2,338,1074,0,0,254,0.2,0.2,17.3,16.3,13.1
2026-02-23T06:04:19Z,0,0,0,0.6,9.4,0,17.1,849.6,17.2,17.4,92.1,369,1387,0,0,253,0,0,17.5,16.5,13.3
2026-02-23T06:19:26Z,0,0,0.2,0.6,9.4,0,17.2,849.7,17.4,17.5,91.8,378,1504,0,0.6,219,1.3,1.3,17.6,16.5,13.4
2026-02-23T06:34:32Z,0,0,0.2,0.7,9.4,0,17.4,849.8,17.6,17.7,91.1,384,1559,0,0.3,219,0.7,0.7,17.8,16.6,13.5
2026-02-23T06:49:38Z,0,0,0.4,0.8,9.4,0,17.4,849.7,17.6,17.8,90.3,398,1699,0,0.1,219,0.4,0.4,17.9,16.6,13.6
2026-02-23T07:04:42Z,0,0,0.4,0.9,9.4,0,17.6,849.3,17.7,17.9,89.8,417,1905,0,1,229,2,2,18,16.6,13.7
2026-02-23T07:20:19Z,0,0,0.4,0.9,9.4,0,17.8,849.3,18,18.1,88.9,435,2090,0,1.4,259,2,2,18.2,16.8,13.9
2026-02-23T07:35:25Z,0,0,0.4,1.1,9.4,0,18.2,849.1,18.4,18.5,87.4,459,2361,0,1.5,257,3.3,3.3,18.6,17,14.3
2026-02-23T07:51:12Z,0,0,0.4,1.2,9.4,0,18.7,848.8,18.8,19,85.1,485,2657,0,1.2,248,2,2,19,17.2,14.7
2026-02-23T08:06:18Z,0,0,0.4,1.3,9.4,0,19.2,848.7,19.4,19.5,82.6,499,2812,0,1.4,252,2.6,2.6,19.5,17.3,15.1
2026-02-23T08:21:24Z,0,0,0.4,1.8,9.4,0,20.1,848.5,20.2,20.2,80.6,583,3707,0,0.3,177,0.9,0.9,20.3,17.8,15.9
2026-02-23T08:36:31Z,0,0,0.4,2.1,9.4,0,21.2,848.1,21.3,21.3,70,648,4359,0,1.7,221,3.3,3.3,21.3,17.5,16.7
2026-02-23T08:51:37Z,0,0,0.4,2.7,9.4,0,22.1,847.8,22.2,22.2,68.4,762,5586,0,0.6,194,1.5,1.5,22.2,18.1,17.5
2026-02-23T09:06:43Z,0,0,0.4,2.9,9.4,0,23,847.7,23.2,23,60.4,793,5842,0,1.1,242,1.7,1.7,23,17.8,18.1
2026-02-23T09:21:49Z,0,0,0.4,4,9.4,0,25.7,847.4,25.7,25.7,53.2,995,7986,0,0.4,29,1.1,1.1,25.7,19.1,20.3
2026-02-23T09:37:11Z,0,0,0.4,2.9,9.4,0,26.5,847,26.3,26.4,50.4,801,5833,0,0.1,48,0.4,0.4,26.4,19.3,20.9
2026-02-23T09:52:20Z,0,0,0.4,4,9.4,0,25.9,846.6,26.4,26.1,48.6,997,7886,0,0.7,212,1.3,1.3,26,18.7,20.6
2026-02-23T10:07:26Z,0,0,0.4,2.4,9.4,0,26.1,846.3,25.7,25.6,47.7,705,4837,0,0.4,141,0.9,0.9,25.5,18.2,20.2
2026-02-23T10:22:32Z,0,0,0.4,4.2,9.4,0,26,846,26.1,26,47.7,1048,8469,0,0,208,0.2,0.2,26,18.5,20.5
2026-02-23T10:37:38Z,0,0,0.4,4.2,9.4,0,27.1,845.7,26.9,27,45.4,1041,8403,0,0.5,41,1.3,1.3,27.1,18.9,21.4
2026-02-23T10:53:04Z,0,0,0.4,4.9,9.4,0,26.4,845.5,26.8,26.4,43.8,1175,9901,0,0.8,238,1.6,1.6,26.3,18.1,20.8
2026-02-23T11:08:14Z,0,0,0.4,3.8,9.4,0,26.6,845.3,27.1,26.3,42,974,7649,0,1.1,246,1.3,1.3,26.2,17.8,20.7
2026-02-23T11:23:21Z,0,0,0.4,1.8,9.4,0,26.3,845.1,26.9,26.4,51.2,591,3679,0,1.7,218,3.5,3.5,26.4,19.4,20.8
2026-02-23T11:38:27Z,0,0,0.4,1.4,9.4,0,24.7,845.2,25,24.8,53.7,526,3009,0,0.9,246,1.7,1.7,24.7,18.4,19.5
2026-02-23T11:53:33Z,0,0,0.4,1.4,9.4,0,24.7,845.2,24.9,24.7,53.4,518,2890,0,1.3,251,2.2,2.2,24.6,18.2,19.5
2026-02-23T12:08:39Z,0,0,0.4,1.2,9.4,0,24.9,845,25.2,25.1,53.1,489,2594,0,0.3,242,1.1,1.1,25.1,18.6,19.8
2026-02-23T12:23:45Z,0,0,0.4,0.6,9.4,0,24.3,844.9,24.6,24.4,52.2,374,1419,0,0.9,245,1.7,1.7,24.4,17.8,19.2
2026-02-23T12:39:26Z,0,0,0.4,0.2,9.4,0,21.9,845.2,21.7,21.8,60.3,297,609,0,0.8,323,2.2,2.2,21.7,16.6,17
2026-02-23T12:54:32Z,0,0,0.4,0.3,9.4,0,19.5,845.4,19.4,19.7,67.8,305,705,0,1.1,32,2.2,2.2,19.6,15.7,15.2
2026-02-23T13:09:38Z,0,0,0.4,0.4,9.4,0,19.4,845.2,19.4,19.8,70.9,328,944,0,0.8,52,1.7,1.7,19.7,16.2,15.3
2026-02-23T13:25:26Z,0,0,0.4,0.5,9.4,0,19.2,845.2,19.1,19.5,75.2,350,1178,0,0.2,53,0.7,0.7,19.5,16.4,15.1
2026-02-23T13:40:32Z,0,0,0.4,0.3,9.4,0,19.2,845.5,19.2,19.5,76,312,778,0,0.3,50,0.9,0.9,19.5,16.5,15.1
2026-02-23T13:55:38Z,0,0,0.4,0.2,9.4,0,19.1,845.6,19.2,19.5,74.9,300,651,0,1,60,2.6,2.6,19.5,16.4,15.1
2026-02-23T14:10:44Z,0,0,0.4,0.2,9.4,0,18.6,845.8,18.8,19.1,77.2,304,691,0,1.4,59,2.6,2.6,19,16.3,14.7
2026-02-23T14:25:52Z,0,0,0.4,0.3,9.4,0,18.4,845.8,18.4,18.7,77.2,318,855,0,0.6,11,1.3,1.3,18.7,15.9,14.3
2026-02-23T14:41:16Z,0,0,0.4,0.5,9.4,0,18.3,845.9,18.3,18.6,78.5,347,1177,0,0.3,48,0.9,0.9,18.6,16,14.3
2026-02-23T14:56:22Z,0,0,0.4,0.2,9.4,0,18.3,846.2,18.4,18.7,77.7,298,650,0,0.1,48,0.2,0.2,18.6,16,14.3
2026-02-23T15:11:28Z,0,0,0.4,0.1,9.4,0,18.1,846.5,18.2,18.5,78.4,275,420,0,0.1,49,0.4,0.4,18.5,15.9,14.2
2026-02-23T15:27:19Z,0,0,0.4,0.1,9.4,0,18,846.8,18.1,18.5,77.6,267,308,0,0.9,49,1.5,1.5,18.4,15.8,14.1
2026-02-23T15:42:24Z,0,0,0.4,0,9.4,0,17.8,846.9,17.9,18.2,75.7,260,265,0,0.1,49,0.4,0.4,18.1,15.3,13.8
2026-02-23T15:57:30Z,0,0,0.4,0,9.4,0,17.8,847.1,18,18.2,76.9,260,254,0,0,49,0,0,18.1,15.4,13.8
2026-02-23T16:12:36Z,0,0,0.4,0,9.4,0,17.8,847.2,17.9,18.1,77.7,260,253,0,0,49,0,0,18.1,15.5,13.8
2026-02-23T16:28:25Z,0,0,0.4,0,9.4,0,17.7,847.2,17.9,18.1,81.1,260,253,0,0,49,0,0,18.1,15.8,13.8
2026-02-23T16:43:31Z,0,0,0.4,0,9.4,0,17.4,847.3,17.5,17.7,83.2,261,254,0,0,49,0,0,17.7,15.7,13.4
2026-02-23T16:58:36Z,0,0,0.4,0,9.4,0,17.4,847.5,17.4,17.6,85.8,260,252,0,0,49,0,0,17.7,16,13.4
2026-02-23T17:14:27Z,0,0,0.6,0,9.4,0,17.2,847.6,17.2,17.5,87,260,252,0,0,49,0,0,17.5,16,13.3
2026-02-23T17:29:33Z,0,0,0.6,0,9.4,0,17.2,847.5,17.2,17.5,88.2,260,253,0,0,49,0,0,17.5,16.1,13.3
2026-02-23T17:44:39Z,0,0,0.6,0,9.4,0,17,847.6,16.9,17.2,88.7,260,252,0,0,49,0,0,17.2,15.8,13
2026-02-23T17:59:46Z,0,0,0.6,0,9.4,0,16.8,847.5,16.8,17.1,89.2,260,253,0,0,49,0,0,17.1,15.8,12.9
2026-02-23T18:14:51Z,0,0,0.8,0,9.4,0,16.7,847.6,16.8,17.1,89.4,260,253,0,0,49,0,0,17.1,15.8,12.9
2026-02-23T18:30:29Z,0,0,0.8,0,9.4,0,16.7,847.6,16.7,17,89.9,261,253,0,0,49,0,0,17.1,15.8,12.9
2026-02-23T18:45:35Z,0,0,0.8,0,9.4,0,16.7,847.8,16.7,17,90.1,260,254,0,0,49,0.2,0.2,17.1,15.8,12.8
2026-02-23T19:00:41Z,0,0,0.8,0,9.4,0,16.6,848.1,16.7,16.9,89.4,260,253,0,0,49,0.2,0.2,17,15.7,12.8
2026-02-23T19:15:46Z,0,0,0.8,0,9.4,0,16.6,848.1,16.8,17,88.8,260,253,0,0.1,49,0.4,0.4,17,15.7,12.8
2026-02-23T19:31:32Z,0,0,0.8,0,9.4,0,16.7,848,16.8,17.1,88.1,261,254,0,0.2,49,0.7,0.7,17.1,15.7,12.9
2026-02-23T19:46:38Z,0,0,0.8,0,9.4,0,16.7,848,16.8,17.1,88.3,261,254,0,0,49,0,0,17.1,15.7,12.9
2026-02-23T20:01:43Z,0,0,0.8,0,9.4,0,16.6,848.1,16.7,17,88.2,260,254,0,0,49,0,0,17.1,15.6,12.8
2026-02-23T20:16:49Z,0,0,0.8,0,9.4,0,16.6,848.2,16.7,17,88.8,259,254,0,0,49,0,0,17,15.6,12.8
2026-02-23T20:31:55Z,0,0,0.8,0,9.4,0,16.5,848.3,16.6,16.9,89.2,260,253,0,0,49,0,0,16.9,15.6,12.7
2026-02-23T20:47:01Z,0,0,0.8,0,9.4,0,16.5,848.1,16.6,16.8,90.3,261,254,0,0,49,0,0,16.8,15.7,12.6
2026-02-23T21:02:07Z,0,0,1,0,9.4,0,16.4,848.2,16.6,16.7,90.5,259,253,0,0,49,0,0,16.7,15.6,12.5
2026-02-23T21:17:29Z,0,0,1,0,9.4,0,16.4,848,16.5,16.8,90.8,261,254,0,0,49,0.2,0.2,16.8,15.7,12.6
2026-02-23T21:32:35Z,0,0,1,0,9.4,0,16.3,847.9,16.5,16.7,90.8,261,253,0,0,49,0,0,16.8,15.6,12.6
2026-02-23T21:47:41Z,0,0,1,0,9.4,0,16.4,847.7,16.5,16.8,91.2,260,253,0,0,49,0,0,16.8,15.7,12.6
2026-02-23T22:02:47Z,0,0,1,0,9.4,0,16.3,847.6,16.5,16.7,91.4,260,254,0,0,49,0,0,16.7,15.6,12.5
2026-02-23T22:17:53Z,0,0,1,0,9.4,0,16.3,847.5,16.4,16.7,91.5,260,253,0,0,49,0,0,16.7,15.7,12.5
2026-02-23T22:32:59Z,0,0,1,0,9.4,0,16.4,847.4,16.5,16.8,91.7,262,254,0,0,49,0,0,16.8,15.8,12.6
2026-02-23T22:48:05Z,0,0,1,0,9.4,0,16.4,847.2,16.5,16.8,91.7,259,253,0,0,49,0,0,16.8,15.8,12.6
2026-02-23T23:03:51Z,0,0,1,0,9.4,0,16.4,846.9,16.5,16.7,91.8,260,253,0,0,49,0,0,16.8,15.8,12.6
2026-02-23T23:19:15Z,0,0,1,0,9.4,0,16.4,846.8,16.6,16.8,91.9,259,253,0,0,49,0,0,16.8,15.8,12.6
2026-02-23T23:34:21Z,0,0,1,0,9.4,0,16.4,846.7,16.5,16.8,91.9,261,253,0,0,49,0,0,16.8,15.8,12.6
2026-02-23T23:49:27Z,0,0,1,0,9.4,0,16.4,846.6,16.6,16.8,91.8,259,254,0,0,49,0,0,16.9,15.8,12.6
2026-02-24T00:00:31Z,0,0,1,0,9.4,0,16.5,846.6,16.6,16.8,91.8,260,253,0,0,49,0,0,16.9,15.9,12.7
2026-02-24T00:16:25Z,0,0,1,0,9.4,0,16.6,846.6,16.7,17,91.6,260,254,0,0,49,0,0,17,16,12.8
2026-02-24T00:31:30Z,0,0,1,0,9.4,0,16.7,846.8,16.8,17,91.6,261,252,0,0,49,0,0,17.1,16,12.8
2026-02-24T00:46:36Z,0,0,1,0,9.4,0,16.5,846.9,16.6,16.9,90.9,262,253,0,0,49,0,0,16.9,15.8,12.7
2026-02-24T01:01:42Z,0,0,1,0,9.4,0,16.4,846.7,16.5,16.8,91.1,261,253,0,0,49,0,0,16.8,15.7,12.6
2026-02-24T01:16:48Z,0,0,1,0,9.4,0,16.3,846.9,16.4,16.6,91.2,260,252,0,0,49,0,0,16.7,15.6,12.5
2026-02-24T01:31:53Z,0,0,1,0,9.4,0,16.2,847,16.3,16.6,91.5,261,253,0,0,49,0,0,16.6,15.6,12.4
2026-02-24T01:46:58Z,0,0,1,0,9.4,0,16.1,847.2,16.3,16.5,91.9,260,253,0,0,49,0,0,16.6,15.6,12.4
2026-02-24T02:02:22Z,0,0,1,0,9.4,0,16.1,847.4,16.3,16.5,92.2,261,253,0,0,49,0,0,16.5,15.5,12.3
2026-02-24T02:17:28Z,0,0,1,0,9.4,0,16.1,847.5,16.3,16.5,92.5,260,254,0,0,49,0,0,16.5,15.6,12.3
2026-02-24T02:32:34Z,0,0,1,0,9.4,0,16,847.5,16.2,16.4,92.6,261,253,0,0,49,0,0,16.4,15.5,12.2
2026-02-24T02:47:40Z,0,0,1,0,9.4,0,15.9,847.5,16.2,16.3,92.7,260,253,0,0,49,0,0,16.4,15.4,12.1
2026-02-24T03:03:37Z,0,0,1,0,9.4,0,15.9,847.7,16.2,16.3,92.9,260,253,0,0,49,0,0,16.4,15.5,12.1
2026-02-24T03:18:42Z,0,0,1,0,9.4,0,15.8,847.9,16.1,16.2,92.9,260,252,0,0,49,0,0,16.2,15.4,12
2026-02-24T03:34:32Z,0,0,1,0,9.4,0,15.9,848.1,16.1,16.2,93.1,261,261,0,0,49,0,0,16.3,15.4,12.1
2026-02-24T03:49:57Z,0,0,1,0.1,9.4,0,15.9,848.2,16.1,16.3,93.2,266,305,0,0,49,0,0,16.3,15.5,12.1
2026-02-24T04:05:17Z,0,0,1,0.1,9.4,0,16,848.4,16.2,16.3,93.4,274,398,0,0,120,0,0,16.4,15.5,12.2
2026-02-24T04:20:25Z,0,0,1,0.1,9.4,0,16,848.5,16.2,16.4,93.2,281,489,0,0.1,120,0.4,0.4,16.5,15.6,12.3
2026-02-24T04:35:31Z,0,0,1,0.2,9.4,0,16.1,848.7,16.3,16.5,93,293,611,0,0,120,0,0,16.6,15.7,12.4
2026-02-24T04:50:37Z,0,0,1,0.3,9.4,0,16.3,848.9,16.5,16.7,92.5,313,834,0,0,120,0.2,0.2,16.8,15.8,12.6
2026-02-24T05:05:43Z,0,0,1,0.4,9.4,0,16.6,849.2,16.7,17,91.5,332,1036,0,0,120,0,0,17.1,16,12.8
2026-02-24T05:20:49Z,0,0,1,0.5,9.4,0,17,849.4,17.1,17.4,89.6,350,1218,0,0,120,0.2,0.2,17.4,16.1,13.2
2026-02-24T05:35:56Z,0,0,1,0.6,9.4,0,17.8,849.5,17.9,18.1,87.5,377,1510,0,0,120,0.2,0.2,18.2,16.6,13.9
2026-02-24T05:51:02Z,0,0,1,0.8,9.4,0,18.6,849.7,18.7,18.7,84.4,408,1840,0,0,120,0.2,0.2,18.8,16.9,14.5
2026-02-24T06:06:08Z,0,0,0,1,1,0,19.3,849.7,19.4,19.4,81.6,453,2324,0,0.1,120,0.7,0.7,19.5,17.2,15.1
2026-02-24T06:21:30Z,0,0,0,1.2,1,0,19.6,849.8,19.9,19.8,78.9,473,2564,0,0.5,120,1.3,1.3,19.9,17.2,15.4
2026-02-24T06:36:36Z,0,0,0,1.3,1,0,20.6,849.7,20.8,20.8,76.6,503,2866,0,0.4,120,1.1,1.1,20.8,17.8,16.3
2026-02-24T06:51:42Z,0,0,0,1.1,1,0,20.9,849.6,21.1,20.9,70.7,470,2474,0,0,120,0,0,20.9,17.2,16.3
2026-02-24T07:06:48Z,0,0,0,2,1,0,22.2,849.4,22.4,22,68.5,634,4284,0,0,120,0.4,0.4,22,18,17.3
2026-02-24T07:22:38Z,0,0,0,2.8,1,0,24.4,849.3,24.2,24.5,53.3,787,5962,0,0.1,77,0.2,0.2,24.5,18.1,19.3
2026-02-24T07:37:44Z,0,0,0,3.3,1,0,26.9,849.1,27.1,26.9,46.2,877,6853,0,1.2,138,2.2,2.2,27.1,19,21.3
2026-02-24T07:52:50Z,0,0,0,4,1,0,25.4,849.1,25.7,25.5,49.1,1003,8230,0,0.2,173,1.1,1.1,25.5,18.3,20.1
2026-02-24T08:07:56Z,0,0,0,3.8,1,0,27.3,848.8,26.6,26.9,46.4,976,7985,0,0.6,63,1.3,1.3,27.1,19.1,21.4
2026-02-24T08:23:02Z,0,0,0,1.4,1,0,25.2,848.7,25.6,25.5,50.4,519,2774,0,0,195,0.2,0.2,25.5,18.5,20.1
2026-02-24T08:38:08Z,0,0,0,1.1,1,0,26,848.5,25.9,26.3,48.1,468,2334,0,0.7,64,1.1,1.1,26.2,18.8,20.7
2026-02-24T08:53:14Z,0,0,0,1.6,1,0,26.2,848.2,26.6,26.6,42.6,557,3251,0,0.5,125,1.3,1.3,26.5,18.2,20.9
2026-02-24T09:08:38Z,0,0,0,2.7,1,0,26.8,847.9,26.8,27.3,41.3,751,5256,0,0.3,59,1.5,1.5,27.2,18.5,21.4
2026-02-24T09:23:44Z,0,0,0,4.7,1,0,28,847.7,27.7,27.9,40.5,1126,9607,0,0.7,29,1.1,1.1,27.6,18.8,21.7
2026-02-24T09:38:50Z,0,0,0,4.3,1,0,27.9,847.4,27.2,27,41.3,1068,8734,0,2.1,273,2.8,2.8,27,18.3,21.3
2026-02-24T09:53:55Z,0,0,0,4.4,1,0,28.6,847.1,28.6,29.2,36.3,1076,8901,0,1.8,86,3.1,3.1,28.5,19.1,22.4
2026-02-24T10:09:01Z,0,0,0,4.8,1,0,28.2,846.8,27.9,28.8,36.2,1144,9754,0,1,60,2.4,2.4,28.1,18.8,22.1
2026-02-24T10:24:07Z,0,0,0,2.4,1,0,27.9,846.6,27.9,28.8,36.1,708,4769,0,1,74,1.7,1.7,28.1,18.7,22.1
2026-02-24T10:39:12Z,0,0,0,4.4,1,0,28.6,846.3,28.6,29.3,33.3,1075,8963,0,1.2,45,2.8,2.8,28.3,18.5,22.3
2026-02-24T10:54:18Z,0,0,0,4.3,1,0,29.2,846.2,28.8,29.1,31.5,1067,9100,0,1.1,345,2.2,2.2,28.1,18,22.1
2026-02-24T11:09:43Z,0,0,0,4,1,0,28.3,845.9,27.8,28.2,32.9,997,8133,0,1.1,291,1.7,1.7,27.4,17.6,21.6
2026-02-24T11:24:48Z,0,0,0,3.8,1,0,29.5,845.5,28.9,29.3,33.2,964,7777,0,0.4,4,1.1,1.1,28.3,18.5,22.2
2026-02-24T11:39:54Z,0,0,0,3.6,1,0,29.3,845.4,29.5,30.4,32.1,935,7513,0,0,120,0,0,29.3,19.1,22.9
2026-02-24T11:55:24Z,0,0,0,3.7,1,0,30.1,845.2,29.8,29.8,33.4,940,7640,0,0.9,272,1.7,1.7,28.8,18.9,22.6
2026-02-24T12:10:46Z,0,0,0,1.4,1,0,29.6,845.2,29.4,29.4,33.8,518,2857,0,1.1,253,2.4,2.4,28.5,18.7,22.4
2026-02-24T12:25:52Z,0,0,0,1.4,1,0,27.6,845.2,27.9,27.6,44.1,516,2809,0,0.5,243,1.3,1.3,27.6,19.2,21.7
2026-02-24T12:40:58Z,0,0,0,1.4,1,0,27.3,844.8,27.5,27.2,47.2,515,2839,0,1.2,179,2.8,2.8,27.5,19.5,21.6
2026-02-24T12:56:03Z,0,0,0,1.2,1,0,25.9,844.8,26.1,26,52.1,483,2576,0,0.2,221,1.1,1.1,26,19.2,20.6
2026-02-24T13:11:09Z,0,0,0,1,1,0,25.7,844.7,25.9,25.8,52.2,446,2194,0,1.6,249,2.6,2.6,25.8,19,20.4
2026-02-24T13:26:15Z,0,0,0,0.8,1,0,25.1,844.7,25.2,25.2,53.8,414,1898,0,1.9,260,2.8,2.8,25.1,18.7,19.9
2026-02-24T13:41:21Z,0,0,0,0.9,1,0,24.8,844.8,25,24.9,54.4,431,2107,0,1.5,238,2.8,2.8,24.9,18.6,19.7
2026-02-24T13:56:27Z,0,0,0,0.8,1,0,24.9,845.1,25.1,25,52.4,413,1903,0,0.9,243,2.4,2.4,25,18.4,19.7
2026-02-24T14:11:50Z,0,0,0,0.7,1,0,24.7,845.2,24.9,24.9,54.2,392,1667,0,1,240,1.7,1.7,24.9,18.5,19.7
2026-02-24T14:26:56Z,0,0,0,0.8,1,0,24.8,845.2,24.9,25,52.5,405,1801,0,0.9,273,1.3,1.3,24.9,18.3,19.7
2026-02-24T14:42:02Z,0,0,0,0.5,1,0,25.1,845.4,25.2,25.3,52.6,344,1148,0,0.7,248,1.3,1.3,25.3,18.6,20
2026-02-24T14:57:08Z,0,0,0,0.4,1,0,24.9,845.4,25.1,25.1,52.8,326,994,0,0,343,0.2,0.2,25.1,18.5,19.8
2026-02-24T15:12:14Z,0,0,0,0.2,1,0,24.8,845.5,24.9,25,52.3,291,620,0,0.3,235,0.9,0.9,24.9,18.3,19.7
2026-02-24T15:27:20Z,0,0,0,0.1,1,0,24.5,845.7,24.6,24.7,53.1,267,329,0,0.5,259,0.9,0.9,24.7,18.2,19.5
2026-02-24T15:42:26Z,0,0,0,0,1,0,24.2,845.8,24.3,24.4,55.1,261,266,0,0,228,0.2,0.2,24.3,18.2,19.2
2026-02-24T15:57:32Z,0,0,0,0,1,0,23.9,845.9,24.1,24.2,55.5,261,257,0,0.1,266,0.7,0.7,24.1,18.1,19.1
2026-02-24T16:12:55Z,0,0,0,0,1,0,23.6,846.1,23.7,23.8,58.5,260,253,0,0.3,223,0.7,0.7,23.8,18.2,18.8
2026-02-24T16:28:01Z,0,0,0,0,1,0,23.3,846.3,23.4,23.5,57.4,260,254,0,0,160,0,0,23.5,17.8,18.5
2026-02-24T16:43:07Z,0,0,0,0,1,0,23.1,846.5,23.2,23.4,61,260,254,0,0,160,0,0,23.4,18.2,18.5
2026-02-24T16:58:13Z,0,0,0,0,1,0,23,846.7,23.1,23.3,63.3,261,252,0,0.6,160,1.1,1.1,23.3,18.4,18.4
2026-02-24T17:14:06Z,0,0,0,0,1,0,22.5,847.2,22.7,22.9,65.1,260,253,0,0,160,0.2,0.2,22.9,18.3,18.1
2026-02-24T17:29:10Z,0,0,0,0,1,0,22.2,847.2,22.4,22.6,65.8,260,254,0,0.1,160,0.4,0.4,22.6,18.2,17.9
2026-02-24T17:46:01Z,0,0,0,0,1,0,22,847.5,22.1,22.3,66.4,260,253,0,0.1,160,0.4,0.4,22.4,18,17.6
2026-02-24T18:01:14Z,0,0,0,0,1,0,21.3,847.7,21.4,21.6,66.6,261,255,0,0.1,102,0.7,0.7,21.6,17.4,17
2026-02-24T18:16:20Z,0,0,0,0,1,0,19.6,848,19.9,20.2,75.4,259,252,0,1.3,160,2.2,2.2,20.2,17.1,15.7
2026-02-24T18:31:26Z,0.8,0,3.8,0,1,0,17.7,848.4,17.9,18.2,86.5,261,253,0,0.9,197,2.2,2.2,18.3,16.6,14
2026-02-24T18:46:30Z,0.2,0,13.6,0,1,0,17.5,848.4,17.7,18,90.4,260,253,0,0.6,181,1.5,1.5,18.1,16.8,13.8
2026-02-24T19:02:14Z,0,0,14.6,0,1,0,17.6,848.6,17.8,18,91.4,258,254,0,0,186,0,0,18.2,17,13.9
2026-02-24T19:18:03Z,0,0,14.8,0,1,0,17.6,848.6,17.9,18,91.9,260,253,0,0.1,187,0.4,0.4,18.2,17.1,13.9
2026-02-24T19:33:09Z,0,0,15,0,1,0,17.7,848.6,17.9,18.1,92.3,260,252,0,0.3,187,0.7,0.7,18.2,17.1,13.9
2026-02-24T19:48:15Z,0,0,16.6,0,1,0,17.7,848.5,17.9,18.1,92.5,261,253,0,0.2,188,0.4,0.4,18.2,17.2,13.9
2026-02-24T20:03:21Z,0,0,16.8,0,1,0,17.6,848.7,17.8,18,92.8,260,254,0,0.1,201,0.4,0.4,18.1,17.1,13.8
2026-02-24T20:18:27Z,0,0,16.8,0,1,0,17.6,848.5,17.8,18,92.9,260,253,0,0,200,0,0,18.1,17.1,13.8
2026-02-24T20:33:33Z,0,0,17.2,0,1,0,17.6,848.4,17.8,18,93.1,260,255,0,0.7,241,1.3,1.3,18.1,17.1,13.8
2026-02-24T20:48:39Z,0,0,17.4,0,1,0,17.6,848.3,17.8,18,93.2,261,254,0,0.8,258,1.5,1.5,18.1,17.2,13.8
2026-02-24T21:04:03Z,0.2,0,19.2,0,1,0,17.5,848.5,17.8,18,93.3,261,253,0,0.2,262,0.7,0.7,18.1,17.2,13.8
2026-02-24T21:19:09Z,0.2,0,21.6,0,1,0,17.6,848.6,17.8,18,93.4,261,254,0,0.3,263,0.7,0.7,18.1,17.2,13.8
2026-02-24T21:34:15Z,0.2,0,23.4,0,1,0,17.4,848.2,17.6,17.8,93.5,259,254,0,0.4,307,1.1,1.1,17.9,17,13.7
2026-02-24T21:49:21Z,0,0,24,0,1,0,17.3,848.1,17.5,17.7,93.6,261,253,0,0.1,21,0.2,0.2,17.9,16.9,13.6
2026-02-24T22:04:26Z,0,0,24.2,0,1,0,17.3,848.1,17.5,17.7,93.6,260,253,0,0.1,10,0.2,0.2,17.8,16.9,13.6
2026-02-24T22:19:50Z,0,0,24.8,0,1,0,17.2,847.9,17.4,17.6,93.7,259,253,0,0.4,292,1.3,1.3,17.7,16.8,13.4
2026-02-24T22:34:58Z,0,0,25.4,0,1,0,17.2,847.7,17.3,17.6,93.8,259,252,0,0.4,341,0.9,0.9,17.7,16.8,13.4
2026-02-24T22:50:03Z,0,0,25.6,0,1,0,17,847.4,17.2,17.5,93.8,261,253,0,0.2,284,0.7,0.7,17.6,16.7,13.4
2026-02-24T23:05:09Z,0.2,0,25.8,0,1,0,17,847.5,17.2,17.4,93.8,259,254,0,0.2,329,0.4,0.4,17.5,16.6,13.2
2026-02-24T23:20:16Z,0,0,25.8,0,1,0,16.9,847.7,17.1,17.3,93.8,261,253,0,0.2,267,1.1,1.1,17.5,16.6,13.2
2026-02-24T23:35:22Z,0,0,26,0,1,0,16.9,847.7,17,17.3,93.7,260,253,0,0.2,31,0.7,0.7,17.4,16.5,13.1
2026-02-24T23:50:28Z,0,0,26.4,0,1,0,16.6,847.7,16.8,17.1,93.6,261,253,0,0.1,15,0.4,0.4,17.2,16.3,12.9
2026-02-25T00:00:50Z,0,0,26.6,0,1,0,16.4,847.6,16.6,16.8,93.4,259,254,0,0.1,349,0.5,0.5,16.9,16.1,12.7
2026-02-25T00:15:57Z,0,0,26.8,0,1,0,16.3,847.4,16.4,16.7,93.3,260,252,0,0,341,0.2,0.2,16.8,15.9,12.6
2026-02-25T00:31:03Z,0,0,26.8,0,1,0,16.3,847.4,16.4,16.7,93.4,261,254,0,0,350,0.2,0.2,16.8,15.9,12.5
2026-02-25T00:46:09Z,0,0,27,0,1,0,16.3,847.2,16.5,16.7,93.5,260,254,0,0,350,0.2,0.2,16.8,15.9,12.6
2026-02-25T01:01:15Z,0,0,27,0,1,0,16.2,847.2,16.4,16.7,93.6,260,253,0,0.2,2,0.7,0.7,16.7,15.9,12.5
2026-02-25T01:16:21Z,0,0,27,0,1,0,16.3,847.4,16.4,16.7,93.8,260,253,0,0.2,14,0.4,0.4,16.8,16,12.6
2026-02-25T01:31:27Z,0,0,27,0,1,0,16.3,847.4,16.4,16.7,93.8,261,255,0,0,14,0,0,16.8,15.9,12.5
2026-02-25T01:46:53Z,0,0,27,0,1,0,16.3,847.5,16.5,16.8,93.9,259,253,0,0,14,0.2,0.2,16.9,16,12.6
2026-02-25T02:01:59Z,0,0,27,0,1,0,16.4,847.5,16.6,16.8,94,261,253,0,0,282,0.2,0.2,16.9,16,12.6
2026-02-25T02:17:05Z,0,0,27,0,1,0,16.4,847.8,16.6,16.8,94,260,254,0,0,281,0,0,16.9,16.1,12.7
2026-02-25T02:32:12Z,0,0,27,0,1,0,16.5,847.9,16.6,16.9,94.1,259,255,0,0,281,0,0,17,16.2,12.7
2026-02-25T02:47:18Z,0,0,27,0,1,0,16.5,848.1,16.6,16.9,94.1,259,254,0,0,267,0,0,17,16.2,12.7
2026-02-25T03:02:25Z,0,0,27,0,1,0,16.5,848.2,16.6,16.9,94.2,260,253,0,0,266,0,0,17,16.2,12.8
2026-02-25T03:17:31Z,0,0,27,0,1,0,16.6,848.4,16.8,17,94.2,260,254,0,0,202,0,0,17.1,16.3,12.9
2026-02-25T03:32:56Z,0,0,27,0,1,0,16.7,848.5,16.9,17.1,94.3,262,261,0,0,203,0.2,0.2,17.2,16.4,12.9
2026-02-25T03:48:03Z,0,0,27,0.1,1,0,16.7,848.6,16.9,17.1,94.4,266,311,0,0,202,0,0,17.2,16.4,13
2026-02-25T04:03:09Z,0,0,27,0.1,1,0,16.9,848.8,17.1,17.2,94.5,276,401,0,0,203,0.2,0.2,17.3,16.5,13.1
2026-02-25T04:18:14Z,0,0,27,0.2,1,0,16.9,849,17.1,17.3,94.5,287,522,0,0,202,0,0,17.4,16.6,13.2
2026-02-25T04:33:21Z,0,0,27,0.3,1,0,17.2,849.1,17.4,17.6,94.6,309,777,0,0,202,0,0,17.7,16.9,13.5
2026-02-25T04:48:27Z,0,0,27,0.3,1,0,17.4,849.4,17.6,17.8,94.5,319,877,0,0,202,0,0,18,17.2,13.7
2026-02-25T05:04:06Z,0,0,27,0.4,1,0,17.6,849.6,17.8,18,94.5,326,951,0,0,202,0,0,18.1,17.3,13.8
2026-02-25T05:19:12Z,0,0,27,0.4,1,0,17.8,849.9,17.9,18.1,94.5,334,1031,0,0,202,0,0,18.3,17.4,14
2026-02-25T05:34:18Z,0,0,27,0.4,1,0,18.1,849.9,18.2,18.4,94.4,339,1081,0,0,202,0,0,18.6,17.7,14.2
2026-02-25T05:49:25Z,0,0,27,0.5,1,0,18.2,849.9,18.3,18.5,94.3,353,1242,0,0,202,0,0,18.7,17.8,14.4
2026-02-25T06:04:31Z,0,0,0,0.7,27,0,18,850,18.3,18.4,93.2,384,1562,0,0,202,0,0,18.6,17.6,14.3
2026-02-25T06:19:37Z,0,0,0,0.9,27,0,18.4,850.2,18.7,18.9,90.6,418,1936,0,0.2,203,0.4,0.4,19.1,17.8,14.7
2026-02-25T06:35:02Z,0,0,0,1.2,27,0,19.3,850.2,19.4,19.8,86.9,477,2549,0,0,203,0,0,19.9,18.1,15.5
2026-02-25T06:50:08Z,0,0,0,1.5,27,0,20.1,850.1,20.2,20.4,82.7,543,3242,0,0,88,0.2,0.2,20.5,18.3,16
2026-02-25T07:05:14Z,0,0,0,2.1,27,0,20.8,850,21.4,21.2,79.9,642,4274,0,0.6,263,1.1,1.1,21.4,18.7,16.8
2026-02-25T07:20:20Z,0,0,0,2.4,27,0,22,849.9,22.1,21.8,72.6,707,4917,0,0.4,228,1.1,1.1,21.9,18.3,17.2
2026-02-25T07:35:26Z,0,0,0,3.4,27,0,23.9,849.7,23.6,23.2,67.4,888,7013,0,0.8,270,2,2,23.2,18.9,18.3
2026-02-25T07:50:32Z,0,0,0,3.6,27,0,23.7,849.6,23.8,23.4,65.2,932,7529,0,1,238,2,2,23.4,18.8,18.5
2026-02-25T08:05:37Z,0,0,0,3.9,27,0,26,849.4,25.6,25.8,59.7,978,8244,0,0.1,39,0.4,0.4,25.9,20.1,20.4
2026-02-25T08:20:43Z,0,0,0,3.5,27,0,26.8,849.1,26.5,26.2,58.9,903,7276,0,0,319,0.2,0.2,26.3,20.4,20.8
2026-02-25T08:36:07Z,0,0,0,1.4,27,0,25.5,848.8,25.7,25.7,58.5,521,2841,0,0.1,43,0.7,0.7,25.7,19.9,20.3
2026-02-25T08:51:13Z,0,0,0,3,27,0,25.2,848.5,25.5,25.6,58.5,807,6087,0,1.2,146,1.7,1.7,25.7,19.8,20.3
2026-02-25T09:06:19Z,0,0,0,3.4,27,0,25.4,848.1,25.7,26,58.9,887,7085,0,0.3,146,0.9,0.9,26,20.2,20.6
2026-02-25T09:21:24Z,0,0,0,1.3,27,0,25.8,847.8,26.1,26.5,56.6,500,2529,0,0.5,146,1.3,1.3,26.6,20.3,21
2026-02-25T09:36:30Z,0,0,0,1.1,27,0,26,847.6,25.9,25.9,56.9,468,2314,0,0.2,146,0.4,0.4,25.9,19.8,20.5
2026-02-25T09:51:36Z,0,0,0,1.4,27,0,25.2,847.3,25.3,25.3,58.7,508,2673,0,0.1,234,0.4,0.4,25.3,19.6,20
2026-02-25T10:06:57Z,0,0,0,1.5,27,0,25.5,847.1,25.8,25.8,58.7,536,2910,0,1,239,1.7,1.7,25.9,20.1,20.5
2026-02-25T10:22:33Z,0,0,0,1.4,27,0,25.1,846.9,25.6,25.6,59.4,521,2869,0,0.3,164,1.5,1.5,25.7,20,20.3
2026-02-25T10:37:39Z,0,0,0.2,4.7,27,0,26,846.5,26.4,26.3,55.5,1131,9531,0,1.4,175,2.6,2.6,26.4,20,20.8
2026-02-25T10:53:31Z,0,0,0.2,3.2,27,0,26.5,846.1,26.9,26.6,53.4,864,6686,0,1,140,1.5,1.5,27.3,19.9,21.5
2026-02-25T11:08:37Z,0,0,0.2,1.4,27,0,26.8,845.7,26.9,26.9,51.9,512,2863,0,0.7,222,2.9,2.9,27.4,19.9,21.6
2026-02-25T11:23:42Z,0,0,0.2,0.7,27,0,25.3,845.6,25.6,25.5,59.2,393,1624,0,0.5,254,1.5,1.5,25.6,19.8,20.2
2026-02-25T11:38:48Z,0,0,0.2,0.1,27,0,24.8,845.7,24.9,25.1,57.7,276,445,0,0.6,149,1.5,1.5,25.2,19.3,19.9
2026-02-25T11:53:54Z,2,0,16.2,0.1,27,0,16.9,847.2,17.2,18,83.6,270,320,0,0.6,143,1.3,1.3,18,16,13.8
2026-02-25T12:09:17Z,1.6,0,29.8,0.1,27,0,16.4,847,16.6,16.9,90.3,268,317,0,0.9,26,1.7,1.7,17,15.8,12.7
2026-02-25T12:24:23Z,0.4,0,36,0,27,0,16.8,847.4,16.9,17.2,91.9,265,284,0,0.2,119,0.7,0.7,17.3,16.2,13
2026-02-25T12:39:30Z,1.2,0,51.4,0.1,27,0,16,847.6,16.3,16.5,92,270,321,0,1.7,173,3.1,3.1,16.5,15.5,12.3
2026-02-25T12:54:36Z,0.6,0,60.8,0.1,27,0,16.1,847.4,16.3,16.5,92.7,274,365,0,0.2,160,0.4,0.4,16.6,15.6,12.3
2026-02-25T13:09:42Z,0.2,0,64,0.1,27,0,15.9,847.2,16.2,16.4,93,274,374,0,0,160,0,0,16.4,15.6,12.2
2026-02-25T13:25:25Z,0,0,64.8,0.1,27,0,16.1,846.9,16.2,16.5,93.2,273,373,0,0.1,160,0.4,0.4,16.6,15.7,12.3
2026-02-25T13:40:31Z,0,0,65,0.1,27,0,16.2,846.8,16.4,16.7,93.5,278,406,0,0,160,0,0,16.8,15.9,12.6
2026-02-25T13:55:37Z,0,0,65.2,0.1,27,0,16.4,847,16.5,16.8,93.7,282,467,0,0.2,160,0.7,0.7,16.9,16,12.7
2026-02-25T14:11:29Z,0,0,65.2,0.1,27,0,16.5,847,16.6,16.9,93.8,281,467,0,0.1,160,0.4,0.4,17,16.2,12.8
2026-02-25T14:26:35Z,0,0,65.2,0.2,27,0,16.6,847,16.8,17.1,94,286,512,0,0.1,160,0.4,0.4,17.2,16.3,12.9
2026-02-25T14:41:41Z,0,0,65.2,0.1,27,0,16.7,847.1,16.8,17.1,94,275,407,0,0.4,160,0.9,0.9,17.2,16.4,13
2026-02-25T14:56:47Z,0,0,65.2,0.1,27,0,16.7,847.3,16.8,17.1,94.1,276,407,0,0.5,160,0.7,0.7,17.2,16.4,13
2026-02-25T15:11:53Z,0,0,65.2,0.1,27,0,16.7,847.6,16.9,17.2,94.2,277,420,0,0.7,74,1.5,1.5,17.3,16.5,13
2026-02-25T15:27:00Z,0,0,65.2,0.1,27,0,16.7,847.7,16.9,17.1,94.2,278,432,0,0.4,45,1.5,1.5,17.2,16.4,13
2026-02-25T15:42:24Z,0,0,65.2,0,27,0,16.6,847.8,16.8,17,94.2,263,299,0,0,339,0.2,0.2,17.1,16.3,12.9
2026-02-25T15:57:30Z,0,0,65.2,0,27,0,16.5,847.9,16.7,17,94.2,261,256,0,0,12,0,0,17.1,16.3,12.8
2026-02-25T16:12:36Z,0,0,65.2,0,27,0,16.5,848,16.7,16.9,94.3,262,255,0,0,2,0,0,17,16.3,12.8
2026-02-25T16:27:42Z,0,0,65.2,0,27,0,16.5,848.4,16.6,16.8,94.3,260,254,0,0.3,67,0.9,0.9,16.9,16.2,12.7
2026-02-25T16:43:01Z,0,0,65.2,0,27,0,16.5,848.8,16.6,16.9,94.4,260,253,0,0,69,0,0,17,16.2,12.8
2026-02-25T16:58:23Z,0,0,65.2,0,27,0,16.6,848.7,16.7,17,94.5,260,253,0,0,69,0,0,17.1,16.3,12.8
2026-02-25T17:13:30Z,0,0,65.2,0,27,0,16.6,849.3,16.7,17,94.6,260,253,0,0.8,74,2,2,17.1,16.4,12.9
2026-02-25T17:28:45Z,0,0,65.2,0,27,0,16.5,849.4,16.6,16.9,94.6,260,254,0,0.2,89,0.9,0.9,17,16.3,12.8
2026-02-25T17:44:34Z,0,0,65.2,0,27,0,16.4,849.6,16.6,16.9,94.6,261,254,0,0.5,59,1.1,1.1,17,16.2,12.7
2026-02-25T18:00:29Z,0,0,65.4,0,27,0,16.4,849.8,16.6,16.8,94.6,259,254,0,0,92,0.2,0.2,16.9,16.2,12.7
2026-02-25T18:15:35Z,0,0,65.4,0,27,0,16.4,849.8,16.6,16.8,94.7,261,254,0,0,92,0,0,16.9,16.2,12.7
2026-02-25T18:30:47Z,0,0,65.4,0,27,0,16.4,849.9,16.6,16.8,94.7,259,254,0,0,92,0.2,0.2,16.9,16.1,12.6
2026-02-25T18:46:45Z,0,0,65.4,0,27,0,16.4,850,16.6,16.8,94.8,259,253,0,0,42,0,0,16.9,16.2,12.7
2026-02-25T19:01:51Z,0,0,65.4,0,27,0,16.5,850,16.6,16.9,94.8,261,253,0,0,106,0.2,0.2,17,16.3,12.8
2026-02-25T19:17:38Z,0,0,65.4,0,27,0,16.6,850.1,16.8,17,94.9,261,254,0,0.4,105,0.9,0.9,17.1,16.4,12.9
2026-02-25T19:32:44Z,0,0,65.4,0,27,0,16.5,849.9,16.6,16.9,94.9,260,253,0,0,82,0,0,17,16.3,12.8
2026-02-25T19:47:51Z,0,0,65.4,0,27,0,16.4,850,16.6,16.8,94.9,259,253,0,0,82,0,0,16.9,16.2,12.7
2026-02-25T20:02:57Z,0,0,65.4,0,27,0,16.5,849.9,16.6,16.9,95,262,254,0,0.1,81,0.4,0.4,17,16.3,12.7
2026-02-25T20:18:03Z,0,0,65.4,0,27,0,16.5,850.1,16.6,16.9,95,261,253,0,0,16,0,0,17,16.3,12.7
2026-02-25T20:33:28Z,0,0,65.4,0,27,0,16.4,850,16.6,16.8,95.1,261,253,0,0,16,0.2,0.2,17,16.2,12.7
2026-02-25T20:49:04Z,0,0,65.4,0,27,0,16.4,849.8,16.6,16.8,95.1,258,254,0,0.1,31,0.4,0.4,16.9,16.2,12.7
2026-02-25T21:04:49Z,0,0,65.4,0,27,0,16.4,849.7,16.5,16.8,95.1,259,254,0,0.1,71,0.4,0.4,16.9,16.2,12.7
2026-02-25T21:19:55Z,0,0,65.4,0,27,0,16.3,849.7,16.5,16.7,95.2,260,253,0,0.2,54,0.7,0.7,16.8,16.2,12.6
2026-02-25T21:35:17Z,0,0,65.4,0,27,0,16.3,849.4,16.5,16.7,95.2,261,254,0,0,95,0,0,16.8,16.2,12.6
2026-02-25T21:50:24Z,0,0,65.4,0,27,0,16.3,849.2,16.5,16.7,95.2,260,254,0,0,47,0,0,16.8,16.1,12.6
2026-02-25T22:05:30Z,0,0,65.4,0,27,0,16.3,849.3,16.5,16.7,95.2,260,253,0,0,74,0,0,16.8,16.1,12.6
2026-02-25T22:20:36Z,0,0,65.4,0,27,0,16.3,849.2,16.4,16.7,95.3,259,253,0,0,74,0,0,16.8,16.1,12.6
2026-02-25T22:35:43Z,0,0,65.4,0,27,0,16.3,849.2,16.5,16.7,95.3,259,253,0,0,74,0,0,16.8,16.2,12.6
2026-02-25T22:50:49Z,0,0,65.4,0,27,0,16.4,849.3,16.6,16.9,95.3,260,252,0,0,91,0.2,0.2,17,16.3,12.7
2026-02-25T23:05:55Z,0,0,65.4,0,27,0,16.5,849,16.6,16.8,95.3,259,252,0,0,91,0,0,16.9,16.3,12.7
2026-02-25T23:21:20Z,0,0,65.4,0,27,0,16.4,848.8,16.6,16.8,95.4,262,253,0,0,91,0.2,0.2,17,16.3,12.7
2026-02-25T23:36:26Z,0,0,65.4,0,27,0,16.5,848.6,16.6,16.9,95.4,261,253,0,0.3,82,1.1,1.1,17,16.3,12.7
2026-02-25T23:51:32Z,0,0,65.4,0,27,0,16.5,848.4,16.6,16.9,95.4,260,254,0,0.1,52,0.4,0.4,17,16.3,12.8
2026-02-26T00:00:21Z,0,0,65.4,0,27,0,16.4,848.3,16.6,16.8,95.4,261,253,0,0.4,79,1.3,1.3,16.9,16.3,12.7
2026-02-26T00:15:28Z,0,0,65.4,0,27,0,16.5,848.4,16.6,16.8,95.4,260,253,0,0.1,73,0.4,0.4,17,16.3,12.7
2026-02-26T00:30:34Z,0,0,65.4,0,27,0,16.4,848.3,16.6,16.8,95.5,261,253,0,0,83,0,0,17,16.3,12.7
2026-02-26T00:45:40Z,0,0,65.4,0,27,0,16.3,848.2,16.5,16.7,95.5,260,253,0,0,83,0,0,16.8,16.2,12.6
2026-02-26T01:00:46Z,0,0,65.4,0,27,0,16.3,848.4,16.4,16.7,95.5,259,253,0,0,83,0,0,16.8,16.2,12.6
2026-02-26T01:15:53Z,0,0,65.4,0,27,0,16.1,848.6,16.2,16.5,95.5,261,253,0,0,83,0,0,16.6,16,12.4
2026-02-26T01:30:59Z,0,0,65.4,0,27,0,16.2,848.6,16.3,16.6,95.6,259,253,0,0,83,0,0,16.7,16.1,12.5
2026-02-26T01:46:22Z,0,0,65.4,0,27,0,16.3,848.5,16.4,16.7,95.6,259,254,0,0,83,0,0,16.8,16.2,12.6
2026-02-26T02:01:25Z,0,0,65.4,0,27,0,16.3,848.6,16.5,16.7,95.6,260,253,0,0,83,0,0,16.9,16.2,12.6
2026-02-26T02:16:31Z,0,0,65.4,0,27,0,16.4,848.9,16.6,16.8,95.7,261,254,0,0,82,0,0,16.9,16.3,12.7
2026-02-26T02:31:38Z,0,0,65.4,0,27,0,16.3,848.8,16.4,16.7,95.7,260,253,0,0,82,0,0,16.8,16.2,12.6
2026-02-26T02:46:44Z,0,0,65.4,0,27,0,16.3,848.8,16.4,16.7,95.7,260,254,0,0,82,0,0,16.8,16.2,12.6
2026-02-26T03:01:50Z,0,0,65.4,0,27,0,16.3,848.8,16.5,16.7,95.7,259,254,0,0,82,0,0,16.8,16.2,12.6
2026-02-26T03:16:57Z,0,0,65.4,0,27,0,16.2,848.9,16.4,16.6,95.8,259,253,0,0,82,0,0,16.7,16.1,12.5
2026-02-26T03:32:04Z,0,0,65.4,0,27,0,16.2,848.9,16.3,16.6,95.8,261,261,0,0.1,84,0.4,0.4,16.7,16.1,12.5
2026-02-26T03:47:27Z,0,0,65.6,0.1,27,0,16.2,848.8,16.3,16.6,95.9,268,375,0,0.1,83,0.4,0.4,16.7,16.1,12.5
2026-02-26T04:02:33Z,0,0,65.6,0.2,27,0,16.3,848.8,16.5,16.7,95.9,291,597,0,0.3,83,0.7,0.7,16.8,16.2,12.6
2026-02-26T04:17:40Z,0,0,65.6,0.3,27,0,16.8,849,16.9,17,95.9,314,859,0,0.1,107,0.7,0.7,17.2,16.5,12.9
2026-02-26T04:32:47Z,0,0,65.6,0.3,27,0,16.8,849,16.9,17.1,95.9,322,897,0,0,127,0,0,17.2,16.6,13
2026-02-26T04:47:53Z,0,0,65.6,0.4,27,0,16.9,849.2,17.1,17.2,95.9,328,957,0,0,127,0,0,17.4,16.7,13.1
2026-02-26T05:03:00Z,0,0,65.6,0.4,27,0,16.9,849.4,17.1,17.2,95.8,339,1053,0,0,127,0,0,17.3,16.7,13.1
2026-02-26T05:18:06Z,0,0,65.6,0.6,27,0,17.4,849.6,17.4,17.6,95.8,370,1361,0,0,127,0,0,17.8,17.1,13.5
2026-02-26T05:33:31Z,0,0,65.6,1,27,0,17.5,849.8,17.6,17.7,95.6,446,2182,0,0,127,0,0,17.9,17.2,13.6
2026-02-26T05:48:37Z,0,0,65.6,2.2,27,0,19.4,850,19.7,19.8,93.4,673,4812,0,0.1,127,0.2,0.2,20,19,15.6
2026-02-26T06:03:48Z,0,0,0,1.1,65.6,0.6,21,850.1,20.9,21.3,80.2,462,2302,0,0,95,0,0,21.5,18.8,16.9
2026-02-26T06:18:48Z,0,0,0,2.3,65.6,0.6,23.9,850,23.5,23.6,72.3,687,4872,0,0.5,85,0.9,0.9,23.8,20,18.8
2026-02-26T06:33:54Z,0,0,0,2.4,65.6,0.6,23.9,849.9,23.3,23.6,70.1,713,5106,0,0,105,0,0,23.7,19.7,18.7
2026-02-26T06:49:00Z,0,0,0,2.7,65.6,0.6,23.4,849.8,23.5,23.6,66.6,760,5556,0,0.2,99,0.4,0.4,23.7,19.2,18.7
2026-02-26T07:04:06Z,0,0,0,2.9,65.6,0.6,23.8,849.5,24.1,23,68.8,804,5983,0,0.5,242,1.3,1.3,23.1,18.9,18.2
2026-02-26T07:19:12Z,0,0,0,3.2,65.6,0.6,24.1,849.3,24.4,23.5,64.2,844,6398,0,0.9,242,1.3,1.3,23.6,18.8,18.6
2026-02-26T07:34:34Z,0,0,0,3.4,65.6,0.6,25.6,849.2,26.1,25.6,61.1,896,6896,0,0.2,242,0.9,0.9,25.7,20.2,20.3
2026-02-26T07:49:40Z,0,0,0,3.6,65.6,0.6,24.6,849.1,24.8,24.5,63.9,928,7228,0,0.2,242,0.9,0.9,24.6,19.7,19.5
2026-02-26T08:04:46Z,0,0,0,3.8,65.6,0.6,25.6,848.8,25.2,26.2,54.2,972,7725,0,0.6,62,1.1,1.1,26.2,19.7,20.7
2026-02-26T08:19:52Z,0,0,0,4.1,65.6,0.6,25.9,848.7,25.8,26.1,54.7,1022,8227,0,0.5,144,0.9,0.9,26.2,19.7,20.7
2026-02-26T08:34:58Z,0,0,0,2.7,65.6,0.6,27.2,848.6,27.2,27.5,48.4,755,5213,0,1,133,2,2,27.8,19.9,21.8
2026-02-26T08:50:04Z,0,0,0,1.9,65.6,0.6,27.2,848.5,27.2,27.5,50.4,616,3921,0,0.3,118,0.7,0.7,27.9,20.2,22
2026-02-26T09:05:10Z,0,0,0,2.8,65.6,0.6,26,848.4,26.6,26.7,49.1,775,5505,0,1.4,185,2.4,2.4,27.1,19.3,21.3
2026-02-26T09:20:16Z,0,0,0,3.7,65.6,0.6,26.7,848.1,27.2,27.3,49.8,938,7098,0,0.5,153,1.7,1.7,27.7,20,21.8
2026-02-26T09:35:39Z,0,0,0,4.5,65.6,0.6,26.3,847.8,26.7,26.9,49.6,1095,8902,0,0.3,127,1.1,1.1,27.3,19.6,21.5
2026-02-26T09:50:45Z,0,0,0,4.8,65.6,0.6,27.1,847.5,27,27.6,47.5,1151,9539,0,0.6,67,1.3,1.3,27.8,19.8,21.9
2026-02-26T10:05:48Z,0,0,0,5,65.6,0.6,27.4,847.2,27.7,28.1,44.6,1188,9877,0,2.5,86,4.8,4.8,28.1,19.8,22.1
2026-02-26T10:21:46Z,0,0,0,5.3,65.6,0.6,28.5,846.6,28.6,29.2,43.2,1245,10552,0,1.6,76,3.1,3.1,29.2,20.4,22.8
2026-02-26T10:36:52Z,0,0,0,5.4,65.6,0.6,28,846.5,28.3,28.6,46.3,1268,10870,0,0.9,153,2,2,28.8,20.5,22.6
2026-02-26T10:51:59Z,0,0,0,4.6,65.6,0.6,27.4,846.4,27.6,28.3,48.6,1115,9164,0,0.4,134,1.3,1.3,28.6,20.6,22.5
2026-02-26T11:07:49Z,0,0,0,4.5,65.6,0.6,27.7,846.2,27.8,28.4,46.8,1102,9116,0,0.3,121,0.9,0.9,28.6,20.4,22.4
2026-02-26T11:22:55Z,0,0,0,1.6,65.6,0.6,28.5,845.8,28.8,29.3,48.2,564,3271,0,0.5,147,1.5,1.5,29.8,21.3,23.3
2026-02-26T11:38:01Z,0,0,0,3.7,65.6,0.6,28,845.8,28.3,28.9,44.6,954,7421,0,1.9,76,4.5,4.5,29,20.4,22.7
2026-02-26T11:53:07Z,0,0,0,2.5,65.6,0.6,27.2,845.8,27.6,28.1,47.9,729,5049,0,0.6,117,1.8,1.8,28.3,20.3,22.3
2026-02-26T12:08:13Z,0,0,0,2.5,65.6,0.6,27.3,845.6,27.4,28.2,43.8,718,4940,0,1.2,95,3.2,3.2,28.1,19.7,22.1
2026-02-26T12:23:19Z,0,0,0,2.4,65.6,0.6,27.4,845.6,27.6,28.3,43.3,710,4871,0,0.2,123,0.7,0.7,28.2,19.7,22.1
2026-02-26T12:38:41Z,0,0,0,2,65.6,0.6,26.7,845.5,27.1,27.5,44,628,4055,0,1,92,2.8,2.8,27.5,19.1,21.6
2026-02-26T12:53:47Z,0,0,0,2.4,65.6,0.6,27.2,845.5,27.4,28,45.6,703,4837,0,1.5,109,3.3,3.3,28.1,19.8,22.1
2026-02-26T13:08:53Z,0,0,0,2.3,65.6,0.6,27.3,845.2,27.4,28.6,43.3,685,4627,0,2.8,81,4.4,4.4,28.5,19.9,22.4
2026-02-26T13:23:59Z,0,0,0,2.1,65.6,0.6,27.6,845.2,28,29,44.4,644,4265,0,0.6,164,1.3,1.3,29,20.4,22.7
2026-02-26T13:39:47Z,0,0,0,2.1,65.6,0.6,27.3,845.2,27.3,28.7,42.9,660,4471,0,0.2,113,0.4,0.4,28.6,20,22.4
2026-02-26T13:54:48Z,0,0,0,1.8,65.6,0.6,28.6,845.2,28.9,29.9,40.4,595,3953,0,0.6,110,2,2,29.7,20.5,23.2
2026-02-26T14:09:54Z,0,0,0,0.5,65.6,0.6,24.8,845.5,25.3,25.5,57,345,1118,0,1.5,168,2.6,2.6,25.5,19.5,20.2
2026-02-26T14:24:59Z,0,0,0,0.1,65.6,0.6,23.3,846,23.1,23.8,60.2,275,410,0,2.4,63,4.4,4.4,23.8,18.5,18.8
2026-02-26T14:40:06Z,0,0,0,0.1,65.6,0.6,20.8,845.9,20.8,21.1,65.1,279,467,0,0.3,281,1.1,1.1,21,16.6,16.4
2026-02-26T14:55:12Z,0,0,0,0.1,65.6,0.6,20.3,845.9,20.2,20.4,73.4,282,469,0,0.3,324,0.7,0.7,20.4,17.1,15.9
2026-02-26T15:10:18Z,0,0,0.8,0.1,65.6,0.6,19.2,846.4,19.4,19.5,78.9,279,419,0,0.6,210,1.1,1.1,19.5,16.9,15.1
2026-02-26T15:25:24Z,0,0,1,0.1,65.6,0.6,18.4,846.7,18.6,18.6,84.9,267,309,0,0,212,0.2,0.2,18.7,16.8,14.4
2026-02-26T15:40:48Z,0,0,1.2,0,65.6,0.6,18.4,846.7,18.4,18.6,87,262,266,0,0.1,212,0.4,0.4,18.7,17.1,14.4
2026-02-26T15:55:54Z,0,0,1.4,0,65.6,0.6,18.6,846.7,18.6,18.8,89.2,261,255,0,0,212,0.2,0.2,19,17.5,14.6
2026-02-26T16:11:29Z,0,0,1.6,0,65.6,0.6,18.3,847.2,18.4,18.6,89.4,260,254,0,1.4,254,2.4,2.4,18.8,17.3,14.4
2026-02-26T16:27:04Z,0,0,1.6,0,65.6,0.6,18.3,847.4,18.5,18.7,87.7,259,253,0,1,240,2,2,18.9,17.3,14.5
2026-02-26T16:42:10Z,0,0,1.6,0,65.6,0.6,18.3,847.6,18.4,18.6,87.8,259,254,0,0.3,204,0.9,0.9,18.7,17.2,14.4
2026-02-26T16:57:16Z,0,0,1.6,0,65.6,0.6,18.3,847.6,18.4,18.6,88.4,258,254,0,0.4,204,0.9,0.9,18.7,17.2,14.4
2026-02-26T17:12:22Z,0,0,1.6,0,65.6,0.6,18.3,847.6,18.4,18.6,88.2,260,253,0,0.1,204,0.7,0.7,18.7,17.2,14.4
2026-02-26T17:27:29Z,0,0,1.6,0,65.6,0.6,18.1,847.7,18.2,18.4,88.6,260,253,0,0.2,204,0.7,0.7,18.5,17.1,14.2
2026-02-26T17:42:56Z,0,0,1.6,0,65.6,0.6,17.8,847.9,17.9,18.1,89,261,253,0,0.2,272,0.4,0.4,18.2,16.8,13.9
2026-02-26T17:58:03Z,0,0,1.6,0,65.6,0.6,17.6,847.9,17.8,18,89,260,253,0,0,325,0,0,18.1,16.7,13.8
2026-02-26T18:13:46Z,0,0,1.6,0,65.6,0.6,17.5,848.1,17.6,17.9,89.2,259,253,0,0.4,4,0.9,0.9,18,16.6,13.7
2026-02-26T18:29:12Z,0,0,1.6,0,65.6,0.6,17.6,848.5,17.7,17.9,89.5,259,254,0,0,5,0,0,18,16.7,13.7
2026-02-26T18:44:18Z,0,0,1.6,0,65.6,0.6,17.6,848.6,17.8,18,87.9,260,253,0,0.1,5,0.4,0.4,18.1,16.6,13.8
2026-02-26T19:00:04Z,0,0,1.6,0,65.6,0.6,17.7,848.9,17.9,18,87.4,260,254,0,0.1,23,0.4,0.4,18.1,16.5,13.8
2026-02-26T19:16:01Z,0,0,1.6,0,65.6,0.6,17.7,849.1,17.9,18.1,87.1,260,253,0,0,23,0,0,18.1,16.5,13.8
2026-02-26T19:31:13Z,0,0,1.6,0,65.6,0.6,17.8,849.2,17.9,18.2,87.8,259,252,0,0,23,0,0,18.2,16.7,14
2026-02-26T19:47:02Z,0,0,1.6,0,65.6,0.6,17.8,849.1,17.9,18.2,88.1,260,254,0,0,15,0.2,0.2,18.3,16.8,14
2026-02-26T20:02:08Z,0,0,1.6,0,65.6,0.6,17.9,848.9,18.1,18.3,87.8,261,253,0,0,317,0.2,0.2,18.4,16.8,14.1
2026-02-26T20:17:29Z,0,0,1.6,0,65.6,0.6,18,848.9,18.2,18.4,88.4,260,253,0,0,0,0,0,18.5,17,14.2
2026-02-26T20:32:53Z,0,0,1.6,0,65.6,0.6,18.1,848.8,18.2,18.5,88.4,260,253,0,0,0,0,0,18.6,17,14.2
2026-02-26T20:47:59Z,0,0,1.6,0,65.6,0.6,18.3,849,18.4,18.7,88.8,261,254,0,0,15,0,0,18.8,17.3,14.5
2026-02-26T21:03:05Z,0,0,1.6,0,65.6,0.6,18.4,848.9,18.5,18.7,88.5,260,253,0,0,15,0,0,18.9,17.3,14.5
2026-02-26T21:18:11Z,0,0,1.6,0,65.6,0.6,18.5,848.8,18.7,18.9,88.3,260,254,0,0,15,0,0,19,17.5,14.7
2026-02-26T21:33:17Z,0,0,1.6,0,65.6,0.6,18.5,848.6,18.7,18.9,87.6,262,254,0,0.6,262,0.9,0.9,19,17.4,14.6
2026-02-26T21:48:23Z,0,0,1.6,0,65.6,0.6,18.6,848.6,18.7,18.9,86.5,260,252,0,0.5,262,1.1,1.1,19,17.3,14.7
2026-02-26T22:03:28Z,0,0,1.6,0,65.6,0.6,18.5,848.8,18.7,18.9,87.8,261,253,0,0.5,250,0.9,0.9,19,17.4,14.6
2026-02-26T22:18:34Z,0,0,1.8,0,65.6,0.6,17,848.9,17.3,17.5,87.8,259,253,0,0.7,213,1.7,1.7,17.5,16,13.2
2026-02-26T22:34:03Z,0.2,0,3.4,0,65.6,0.6,16.2,848.7,16.4,16.6,91,259,254,0,1,191,1.7,1.7,16.7,15.6,12.5
2026-02-26T22:49:09Z,0,0,3.8,0,65.6,0.6,16.1,848.5,16.3,16.5,91.8,260,253,0,0.4,217,0.9,0.9,16.6,15.6,12.4
2026-02-26T23:05:06Z,0,0,4.4,0,65.6,0.6,16.1,848.4,16.2,16.5,92.1,259,254,0,0.5,193,1.5,1.5,16.5,15.5,12.3
2026-02-26T23:20:12Z,0.2,0,5,0,65.6,0.6,16.1,848.4,16.3,16.5,92.4,260,253,0,0,192,0,0,16.6,15.6,12.4
2026-02-26T23:35:18Z,0,0,5.8,0,65.6,0.6,16.2,848.4,16.3,16.6,92.8,261,252,0,0,192,0,0,16.7,15.7,12.5
2026-02-26T23:50:24Z,0.2,0,8.6,0,65.6,0.6,16.2,848.2,16.3,16.6,93.1,260,253,0,0.3,193,1.1,1.1,16.6,15.7,12.4
2026-02-27T00:00:29Z,0,0,10,0,65.6,0.6,16.3,848.3,16.4,16.7,93.4,258,253,0,0,193,0.2,0.2,16.8,15.9,12.6
2026-02-27T00:15:35Z,0.2,0,11,0,65.6,0.6,15.8,848.2,16.1,16.2,92.8,260,252,0,1.7,173,3.1,3.1,16.3,15.4,12.1
2026-02-27T00:30:42Z,0.2,0,12.6,0,65.6,0.6,15.7,848.2,16.1,16.1,92.9,259,253,0,0.5,195,1.7,1.7,16.2,15.3,12
2026-02-27T00:46:04Z,0,0,13.4,0,65.6,0.6,15.6,848.2,16,16,93.1,260,252,0,0.1,195,0.4,0.4,16,15.2,11.8
2026-02-27T01:01:10Z,0.2,0,15.2,0,65.6,0.6,15.5,848,15.9,16,93,262,254,0,0.4,195,0.9,0.9,16,15.1,11.8
2026-02-27T01:16:16Z,0.2,0,18.6,0,65.6,0.6,15.5,847.9,15.9,15.9,93.3,260,254,0,0.2,195,0.4,0.4,16,15.1,11.8
2026-02-27T01:31:22Z,0.2,0,20.6,0,65.6,0.6,15.4,847.9,15.8,15.8,93.6,260,253,0,0,195,0.2,0.2,15.9,15.1,11.7
2026-02-27T01:46:28Z,0,0,21.6,0,65.6,0.6,15.4,848.1,15.8,15.8,93.7,261,254,0,0,194,0,0,15.9,15.1,11.7
2026-02-27T02:01:34Z,0,0,22.8,0,65.6,0.6,15.4,848.2,15.7,15.8,93.9,260,253,0,0.2,195,0.4,0.4,15.8,15.1,11.6
2026-02-27T02:16:40Z,0,0,24,0,65.6,0.6,15.4,848.2,15.7,15.8,94.1,259,253,0,0.1,195,0.9,0.9,15.8,15.1,11.6
2026-02-27T02:31:46Z,0,0,24.4,0,65.6,0.6,15.3,848.4,15.6,15.8,94.1,259,253,0,0,194,0,0,15.8,15,11.6
2026-02-27T02:47:09Z,0,0,24.6,0,65.6,0.6,15.3,848.5,15.7,15.7,94.1,259,253,0,0,194,0,0,15.8,15,11.6
2026-02-27T03:02:15Z,0,0,25,0,65.6,0.6,15.4,848.6,15.7,15.8,94.2,261,253,0,0.6,195,1.1,1.1,15.9,15.1,11.7
2026-02-27T03:17:21Z,0,0,25.4,0,65.6,0.6,15.5,848.6,15.8,15.9,94.3,261,252,0,0,194,0,0,15.9,15.2,11.7
2026-02-27T03:32:27Z,0,0,25.6,0,65.6,0.6,15.6,848.8,15.9,16,94.4,260,252,0,0.4,195,0.8,0.8,16.1,15.4,11.9
2026-02-27T03:47:34Z,0,0,26,0,65.6,0.6,15.7,848.9,16,16,94.4,262,269,0,0.5,195,0.9,0.9,16.1,15.4,11.9
2026-02-27T04:02:40Z,0,0,26.4,0.1,65.6,0.6,15.8,849.1,16.1,16.2,94.5,266,325,0,0.2,195,0.7,0.7,16.3,15.5,12.1
2026-02-27T04:17:46Z,0,0,26.6,0.1,65.6,0.6,15.8,849.3,16.1,16.1,94.5,274,392,0,0,194,0,0,16.2,15.5,12
2026-02-27T04:32:53Z,0,0,26.6,0.1,65.6,0.6,15.7,849.7,16.1,16.1,94.5,266,312,0,0,194,0,0,16.1,15.4,11.9
2026-02-27T04:48:14Z,0,0,28.8,0.1,65.6,0.6,15.7,850,16,16.1,94.5,278,429,0,0,195,0.2,0.2,16.2,15.4,12
2026-02-27T05:03:20Z,0,0,29.4,0.2,65.6,0.6,15.9,850.1,16.2,16.3,94.6,298,639,0,0,194,0,0,16.4,15.7,12.2
2026-02-27T05:18:26Z,0,0,29.6,0.3,65.6,0.6,16.1,850.1,16.2,16.5,94.7,309,744,0,0,194,0,0,16.6,15.8,12.4
2026-02-27T05:33:33Z,0,0,29.6,0.3,65.6,0.6,16,850.1,16.3,16.4,94.6,308,725,0,0.9,195,1.5,1.5,16.5,15.7,12.3
2026-02-27T05:48:39Z,0,0,29.8,0.6,65.6,0.6,16.2,850.2,16.3,16.6,94.5,372,1422,0,0,195,0.4,0.4,16.7,15.9,12.5
2026-02-27T06:03:46Z,0,0,0,0.9,29.8,0,16.4,850.2,16.6,16.9,93.7,428,2024,0,0.8,257,2,2,17,16.1,12.7
2026-02-27T06:18:53Z,0,0,0,1.4,29.8,0,16.8,850.2,16.9,17.3,90.7,512,2915,0,0.7,271,1.5,1.5,17.3,16.1,13.1
2026-02-27T06:34:20Z,0,0,0,1.5,29.8,0,17.5,849.9,17.7,17.8,88.9,535,3152,0,1.7,252,2.6,2.6,17.9,16.5,13.6
2026-02-27T06:49:26Z,0,0,0,2,29.8,0,18.3,849.6,18.6,18.6,85.8,624,4090,0,1.4,234,2.2,2.2,18.7,16.9,14.4
2026-02-27T07:04:33Z,0,0,0,1.6,29.8,0,19.4,849.5,19.3,19.4,82.9,561,3385,0,0.4,339,0.9,0.9,19.5,17.3,15.1
2026-02-27T07:19:39Z,0,0,0,1.7,29.8,0,19.7,849.5,19.8,19.8,80.6,573,3511,0,0.3,265,0.9,0.9,19.9,17.4,15.5
2026-02-27T07:34:46Z,0,0,0,1.5,29.8,0,20.6,849.5,20.4,20.6,76.8,540,3162,0,0.5,347,1.1,1.1,20.6,17.7,16.1
2026-02-27T07:50:37Z,0,0,0,1.7,29.8,0,21.1,849.1,21.1,21,77.6,580,3611,0,0.1,150,0.7,0.7,21.1,18.2,16.5
2026-02-27T08:05:41Z,0,0,0,2.3,29.8,0,21.8,848.8,21.8,21.7,74.2,696,4806,0,0.4,322,1.1,1.1,21.8,18.4,17.1
2026-02-27T08:20:47Z,0,0,0,5.4,29.8,0,22.2,848.5,22.3,22,68.9,1265,10912,0,0.9,288,2.3,2.3,22,18,17.3
2026-02-27T08:35:53Z,0,0,0,3.3,29.8,0,23.8,848.3,23.8,23.7,66.9,879,6643,0,0,98,0,0,23.8,19.3,18.8
2026-02-27T08:51:00Z,0,0,0,4.6,29.8,0,24.1,848.1,24.3,23.8,62.4,1122,9240,0,0.6,228,0.9,0.9,23.8,18.7,18.8
2026-02-27T09:06:24Z,0,0,0,5,29.8,0,24.2,847.7,24.4,23.9,61.7,1185,9896,0,0.4,219,1.3,1.3,23.9,18.7,18.9
2026-02-27T09:21:31Z,0,0,0,4.2,29.8,0,25,847.3,25.1,24.7,57.2,1033,8231,0,1.1,304,2,2,24.7,18.8,19.5
2026-02-27T09:36:37Z,0,0,0,2.5,29.8,0,24.7,847,24.8,24.6,59.1,715,4924,0,0.4,227,1.3,1.3,24.6,19,19.4
2026-02-27T09:51:43Z,0,0,0,4.9,29.8,0,25.1,846.8,25.3,25.2,55.7,1171,9766,0,0.7,128,1.7,1.7,25.2,19,19.9
2026-02-27T10:06:49Z,0,0,0,4.9,29.8,0,25.2,846.5,25.7,25.9,58.3,1176,9815,0,0.2,168,1.3,1.3,26,20,20.5
2026-02-27T10:21:56Z,0,0,0,4.3,29.8,0,25.8,846.1,26.2,26.3,56.3,1058,8438,0,0.6,126,2,2,26.4,20.1,20.8
2026-02-27T10:37:02Z,0,0,0,4.5,29.8,0,26,845.7,26.5,26.6,50.6,1094,8915,0,0.5,126,1.2,1.2,26.6,19.5,21
2026-02-27T10:52:27Z,0,0,0,4.3,29.8,0,26.2,845.4,26.8,27.1,51.2,1058,8546,0,0.7,203,1.5,1.5,27.6,20,21.7
2026-02-27T11:07:33Z,0,0,0,4,29.8,0,25.9,845,26.4,26.8,50.2,998,7902,0,0.6,73,1.3,1.3,27.2,19.6,21.5
2026-02-27T11:22:40Z,0,0,0,3.8,29.8,0,26.6,844.6,26.9,27.6,49.7,957,7507,0,0.7,115,2.2,2.2,28,20.2,22
2026-02-27T11:37:46Z,0,0,0,3.6,29.8,0,27.6,844.3,28.1,28.7,45.6,930,7223,0,0.3,115,1.3,1.3,28.8,20.4,22.6
2026-02-27T11:52:53Z,0,0,0,3.4,29.8,0,27.2,844.1,27.7,28.1,44,898,6894,0,0.5,139,0.9,0.9,28,19.6,22
2026-02-27T12:07:59Z,0,0,0,3.2,29.8,0,28.5,843.8,29,29.9,44.2,851,6410,0,0.8,113,2,2,30.1,21.2,23.5
2026-02-27T12:23:06Z,0,0,0,3,29.8,0,27.5,843.7,28,28.8,44.7,818,6053,0,1.4,94,2.6,2.6,28.9,20.4,22.6
2026-02-27T12:38:31Z,0,0,0,2.8,29.8,0,27,843.5,27.6,27.9,48,776,5597,0,0.5,223,1.3,1.3,28.2,20.2,22.2
2026-02-27T12:53:37Z,0,0,0,2.8,29.8,0,27.1,843.4,27.6,28,45.9,775,5631,0,1.4,158,3.7,3.7,28.1,19.9,22.1
2026-02-27T13:08:43Z,0,0,0,2.3,29.8,0,26.9,843.5,27.2,27.6,46.3,691,4739,0,0.3,119,0.9,0.9,27.8,19.6,21.8
2026-02-27T13:23:49Z,0,0,0,1,29.8,0,26.1,843.5,26.4,26.9,48.4,452,2087,0,0.9,134,1.7,1.7,27.2,19.4,21.5
2026-02-27T13:38:55Z,0,0,0,1.3,29.8,0,26.8,843.4,27.2,27.8,47.9,494,2609,0,0.1,119,1.5,1.5,28.1,20.1,22.1
2026-02-27T13:54:02Z,0,0,0,1.4,29.8,0,26.5,843.5,27,27.5,48.2,523,2990,0,0.4,163,1.1,1.1,27.8,19.9,21.9
2026-02-27T14:09:08Z,0,0,0,1.2,29.8,0,26.3,843.4,26.8,27.3,46,477,2523,0,0.9,124,3.1,3.1,27.5,19.3,21.6
2026-02-27T14:24:15Z,0,0,0,0.4,29.8,0,25.9,843.5,26.1,26.3,51.8,341,983,0,0.6,128,1.7,1.7,26.3,19.4,20.8
2026-02-27T14:39:36Z,0,0,0,0.3,29.8,0,25.5,843.7,25.6,25.9,53.4,317,742,0,1,127,1.7,1.7,25.9,19.3,20.5
2026-02-27T14:54:43Z,0,0,0,0.3,29.8,0,25,843.9,25.2,25.4,55.7,309,683,0,0.2,121,0.7,0.7,25.4,19.2,20.1
2026-02-27T15:09:50Z,0,0,0,0.2,29.8,0,24.4,844,24.6,24.8,57,288,488,0,0.2,91,0.7,0.7,24.8,18.9,19.6
2026-02-27T15:24:56Z,0,0,0,0.1,29.8,0,23.9,844.2,24,24.2,58.9,277,393,0,1.2,75,2.2,2.2,24.2,18.7,19.2
2026-02-27T15:40:03Z,0,0,0,0,29.8,0,23.5,844.5,23.6,23.8,60.2,265,303,0,0.5,76,1.5,1.5,23.8,18.5,18.8
2026-02-27T15:55:09Z,0,0,0,0,29.8,0,23,844.7,23,23.1,64.7,260,257,0,0.3,333,0.7,0.7,23.2,18.5,18.3
2026-02-27T16:10:15Z,0,0,0,0,29.8,0,21.7,844.9,21.8,21.9,63.1,261,253,0,0.2,26,0.7,0.7,21.8,17.1,17.2
2026-02-27T16:25:40Z,0,0,0,0,29.8,0,20.8,845.1,20.9,21.1,65.7,262,253,0,0.2,64,0.4,0.4,21.1,16.8,16.5
2026-02-27T16:40:46Z,0,0,0,0,29.8,0,20.3,845.5,20.4,20.6,68.3,261,252,0,0.1,278,0.4,0.4,20.5,16.6,16
2026-02-27T16:55:52Z,0,0,0,0,29.8,0,19.8,845.7,19.9,20.1,70.8,260,254,0,0.1,58,0.4,0.4,20.1,16.5,15.6
2026-02-27T17:10:58Z,0,0,0,0,29.8,0,19.4,845.9,19.5,19.7,73.7,260,253,0,0,334,0.2,0.2,19.7,16.5,15.3
2026-02-27T17:26:55Z,0,0,0,0,29.8,0,19,845.8,19.1,19.3,76.2,260,253,0,0.3,284,0.7,0.7,19.3,16.4,14.9
2026-02-27T17:42:01Z,0,0,0,0,29.8,0,18.8,845.8,18.9,19.1,77.7,261,254,0,0,282,0,0,19.1,16.4,14.7
2026-02-27T17:57:51Z,0,0,0,0,29.8,0,18.5,846.1,18.7,18.9,77.3,259,254,0,0.2,277,0.7,0.7,18.9,16.2,14.6
2026-02-27T18:13:48Z,0,0,0,0,29.8,0,18.3,846.3,18.4,18.7,78.7,260,254,0,0,276,0,0,18.7,16.1,14.3
2026-02-27T18:30:09Z,0,0,0,0,29.8,0,18.3,846.9,18.4,18.6,80.1,261,254,0,0.6,166,2.4,2.4,18.6,16.2,14.3
2026-02-27T18:45:56Z,0,0,0,0,29.8,0,18.9,846.8,19.1,19.3,79.6,261,252,0,0,111,0,0,19.3,16.8,14.9
2026-02-27T19:01:52Z,0,0,0,0,29.8,0,19,847.2,19.1,19.4,80.7,259,253,0,0.2,104,0.4,0.4,19.4,17,15
2026-02-27T19:16:52Z,0,0,0,0,29.8,0,18.8,847.6,19,19.2,81.8,260,253,0,0.5,104,1.3,1.3,19.3,17,14.9
2026-02-27T19:32:28Z,0,0,0,0,29.8,0,18.6,847.6,18.8,19,81.9,261,253,0,0.3,159,1.1,1.1,19.1,16.8,14.7
2026-02-27T19:47:35Z,0,0,0,0,29.8,0,18.5,847.6,18.7,19,81.7,260,255,0,0,159,0.2,0.2,19,16.7,14.7
2026-02-27T20:03:31Z,0,0,0,0,29.8,0,18.3,847.6,18.5,18.7,81,261,253,0,0,159,0,0,18.7,16.4,14.4
2026-02-27T20:19:24Z,0,0,0,0,29.8,0,18.1,847.3,18.2,18.5,80.6,259,254,0,0,159,0,0,18.5,16.1,14.1
2026-02-27T20:34:30Z,0,0,0,0,29.8,0,18,847.4,18.1,18.3,82.1,261,253,0,0,159,0,0,18.3,16.2,14
2026-02-27T20:49:37Z,0,0,0,0,29.8,0,18,847.1,18.1,18.3,81.7,260,253,0,0,159,0,0,18.3,16.1,14
2026-02-27T21:04:44Z,0,0,0,0,29.8,0,18,846.9,18.2,18.4,82.4,260,254,0,0,159,0,0,18.5,16.3,14.1
2026-02-27T21:19:50Z,0,0,0,0,29.8,0,18.1,846.7,18.2,18.5,83.1,260,253,0,0,159,0,0,18.5,16.4,14.2
2026-02-27T21:34:57Z,0,0,0,0,29.8,0,18.2,846.8,18.4,18.6,83.4,261,254,0,0,159,0,0,18.6,16.6,14.3
2026-02-27T21:50:21Z,0,0,0,0,29.8,0,18.3,846.9,18.4,18.7,83.4,261,253,0,0,159,0.2,0.2,18.8,16.7,14.4
2026-02-27T22:05:27Z,0,0,0,0,29.8,0,18.4,846.9,18.5,18.8,84.2,260,253,0,0,159,0,0,18.8,16.9,14.5
2026-02-27T22:20:34Z,0,0,0,0,29.8,0,18.4,846.4,18.6,18.8,85.3,259,254,0,0,159,0,0,18.9,17,14.5
2026-02-27T22:35:43Z,0,0,0,0,29.8,0,18.1,846.3,18.1,18.3,87.3,260,253,0,0,159,0,0,18.3,16.7,14
2026-02-27T22:50:49Z,0,0,0,0,29.8,0,17.9,846.6,18,18.2,88.8,259,253,0,0,159,0,0,18.3,16.8,14
2026-02-27T23:05:55Z,0,0,0,0,29.8,0,17.9,846.6,17.9,18.2,89.6,260,253,0,0,159,0,0,18.3,16.9,14
2026-02-27T23:21:02Z,0,0,0.4,0,29.8,0,17.8,846.5,17.9,18.2,90.1,261,253,0,0,158,0,0,18.3,17,14
2026-02-27T23:36:23Z,0,0,0.6,0,29.8,0,17.8,846.7,17.9,18.1,90.7,260,253,0,1,81,2.6,2.6,18.2,17,14
2026-02-27T23:51:30Z,0.2,0,1.4,0,29.8,0,17.4,846.7,17.5,17.8,90.5,260,254,0,0.2,110,1.1,1.1,17.9,16.6,13.6
2026-02-28T00:00:34Z,0,0,2.6,0,29.8,0,17.2,846.4,17.2,17.6,90.8,260,253,0,0.8,110,1.3,1.3,17.7,16.5,13.5
2026-02-28T00:15:40Z,0,0,4.8,0,29.8,0,17.1,846.3,17.2,17.5,91.4,261,254,0,0,111,0,0,17.6,16.5,13.3
2026-02-28T00:30:47Z,0,0,5.4,0,29.8,0,17.1,846.1,17.2,17.5,92,260,252,0,0,111,0.2,0.2,17.6,16.6,13.4
2026-02-28T00:45:54Z,0,0,7,0,29.8,0,17.1,846.4,17.2,17.5,92.3,260,253,0,0,111,0,0,17.7,16.6,13.4
2026-02-28T01:01:01Z,0.2,0,8.6,0,29.8,0,17.1,846.5,17.2,17.5,92.6,262,253,0,0,111,0,0,17.6,16.6,13.3
2026-02-28T01:16:25Z,0.2,0,9.6,0,29.8,0,17.1,846.5,17.2,17.4,92.9,260,254,0,0,111,0,0,17.6,16.6,13.3
2026-02-28T01:31:32Z,0,0,9.8,0,29.8,0,17.1,846.5,17.2,17.4,93,259,253,0,0,111,0,0,17.5,16.6,13.3
2026-02-28T01:46:38Z,0,0,10,0,29.8,0,17.2,846.6,17.3,17.5,93.3,261,254,0,0,111,0.2,0.2,17.6,16.7,13.4
2026-02-28T02:01:45Z,0,0,10.6,0,29.8,0,17.1,846.7,17.2,17.5,93.5,262,253,0,0.9,182,2,2,17.6,16.7,13.3
2026-02-28T02:16:52Z,0.4,0,12.2,0,29.8,0,16.3,847,16.4,16.7,93.2,260,253,0,1.2,170,2.2,2.2,16.8,15.9,12.6
2026-02-28T02:32:46Z,0,0,15,0,29.8,0,16.1,847,16.2,16.5,93.4,260,254,0,0.6,200,1.5,1.5,16.6,15.8,12.4
2026-02-28T02:47:52Z,0,0,16.6,0,29.8,0,16,847.2,16.2,16.4,93.6,261,253,0,0,171,0,0,16.5,15.6,12.2
2026-02-28T03:02:58Z,0,0,17.8,0,29.8,0,15.8,847.4,16.2,16.2,93.6,260,254,0,0.2,170,0.7,0.7,16.3,15.5,12.1
2026-02-28T03:18:05Z,0.2,0,20.4,0,29.8,0,15.9,847.3,16.2,16.3,93.8,261,253,0,0,170,0.2,0.2,16.4,15.6,12.2
2026-02-28T03:33:30Z,0.2,0,22.2,0,29.8,0,15.9,847.3,16.2,16.3,94,261,254,0,1,170,1.7,1.7,16.4,15.6,12.2
2026-02-28T03:48:37Z,0.2,0,23,0,29.8,0,16,847.5,16.2,16.4,94,261,263,0,0.1,170,0.7,0.7,16.5,15.7,12.2
2026-02-28T04:03:44Z,0,0,23.4,0,29.8,0,15.9,847.6,16.2,16.3,94.1,265,297,0,0,170,0.2,0.2,16.4,15.6,12.2
2026-02-28T04:18:51Z,0,0,23.6,0.1,29.8,0,16,847.8,16.3,16.4,94.2,271,361,0,0,170,0,0,16.5,15.7,12.3
2026-02-28T04:33:57Z,0,0,23.8,0.1,29.8,0,15.9,847.9,16.2,16.3,94.2,279,443,0,0.3,170,0.9,0.9,16.4,15.6,12.2
2026-02-28T04:49:04Z,0,0,24,0.2,29.8,0,16.1,848,16.2,16.5,94.2,296,620,0,0,170,0.2,0.2,16.6,15.9,12.4
2026-02-28T05:04:11Z,0,0,24.2,0.3,29.8,0,16.3,848.1,16.4,16.7,94.3,318,856,0,0.1,170,0.4,0.4,16.8,16.1,12.6
2026-02-28T05:19:35Z,0,0,24.2,0.6,29.8,0,16.3,848.2,16.4,16.6,94.2,372,1440,0,0.6,170,0.9,0.9,16.7,15.9,12.5
2026-02-28T05:34:41Z,0,0,24.2,0.8,29.8,0,16.4,848.3,16.6,16.8,93.8,413,1877,0,0,170,0.2,0.2,16.9,16.1,12.7
2026-02-28T05:49:47Z,0,0,24.2,1.1,29.8,0,16.9,848.3,17.1,17.4,93.1,456,2351,0,0,170,0.2,0.2,17.5,16.5,13.2
2026-02-28T06:04:54Z,0,0,0,1.4,24.2,0.4,17.5,848.4,17.7,17.9,90.6,521,3029,0,0.3,170,1.1,1.1,18,16.8,13.7
2026-02-28T06:20:00Z,0,0,0,2,24.2,0.4,18.4,848.4,18.3,18.5,86.1,636,4254,0,0.4,202,0.9,0.9,18.6,16.8,14.3
2026-02-28T06:35:07Z,0,0,0,2.8,24.2,0.4,19.9,848.4,19.9,19.8,81.7,772,5685,0,0,202,0.4,0.4,19.9,17.5,15.4
2026-02-28T06:50:13Z,0,0,0,2.7,24.2,0.4,22.8,848.3,22.2,22.1,74.6,757,5416,0,0.1,202,0.4,0.4,22.3,18.9,17.5
2026-02-28T07:05:38Z,0,0,0,3.5,24.2,0.4,23.2,848.1,23.3,23.1,66.9,920,7195,0,1,202,1.3,1.3,23.1,18.7,18.2
2026-02-28T07:20:44Z,0,0,0,2.4,24.2,0.4,24.8,848.1,23.9,24.8,60.9,703,4779,0,1,202,1.3,1.3,24.8,19.4,19.6
2026-02-28T07:35:51Z,0,0,0,2.5,24.2,0.4,22.8,848,22.1,22.1,68.9,732,5145,0,0.1,202,0.4,0.4,22.2,18.1,17.4
2026-02-28T07:50:57Z,0,0,0,2.3,24.2,0.4,23.3,847.7,23.6,24,66.2,687,4689,0,0,201,0,0,24.1,19.5,19
2026-02-28T08:06:03Z,0,0,0,2.3,24.2,0.4,24.6,847.6,24.9,24.7,59.8,690,4678,0,0.2,202,0.4,0.4,24.8,19.2,19.6
2026-02-28T08:21:10Z,0,0,0,2.2,24.2,0.4,24.7,847.5,23.9,24,61.5,661,4387,0,0.3,202,0.9,0.9,24.1,18.8,19
2026-02-28T08:36:16Z,0,0,0,2,24.2,0.4,24.5,847.4,24.6,24.9,59.8,635,4130,0,1.1,167,2.2,2.2,25,19.4,19.7
2026-02-28T08:51:41Z,0,0,0,2,24.2,0.4,25,847.3,24.8,24.8,61.2,630,4098,0,0.2,94,1.1,1.1,24.8,19.5,19.6
2026-02-28T09:06:47Z,0,0,0,2.1,24.2,0.4,25.6,847.2,25.3,25.4,59.7,651,4301,0,0.9,50,1.3,1.3,25.5,19.9,20.2
2026-02-28T09:21:54Z,0,0,0,1.4,24.2,0.4,24.6,847,24.7,24.7,59.5,524,3014,0,0.1,108,0.4,0.4,24.8,19.2,19.6
2026-02-28T09:37:00Z,0,0,0,1.3,24.2,0.4,23.7,846.7,24.2,24,62,501,2775,0,0.1,108,0.7,0.7,24,18.9,19
2026-02-28T09:52:07Z,0,0,0,3,24.2,0.4,25.1,846.4,25.1,24.9,59.6,819,6133,0,0.5,108,1.1,1.1,24.9,19.3,19.7
2026-02-28T10:07:13Z,0,0,0,3.8,24.2,0.4,25.3,846,25.8,25.9,57,963,7557,0,0,108,0,0,25.9,19.8,20.5
2026-02-28T10:22:20Z,0,0,0,2.1,24.2,0.4,25.4,845.6,25.4,26.2,55.3,646,4227,0,0.8,108,1.3,1.3,26.3,19.9,20.7
2026-02-28T10:37:44Z,0,0,0,4.9,24.2,0.4,26.7,845.2,26.8,27.4,52.1,1177,9859,0,0.6,95,2.2,2.2,28,20.4,22
2026-02-28T10:52:50Z,0,0,0,1.6,24.2,0.4,26.4,845,26.9,27.3,52.9,549,3189,0,0,191,0.4,0.4,27.9,20.5,22
2026-02-28T11:07:56Z,0,0,0,4.6,24.2,0.4,26.9,844.7,27,28,50.3,1120,9302,0,1.5,85,2.6,2.6,28.5,20.6,22.3
2026-02-28T11:23:02Z,0,0,0,2,24.2,0.4,26.6,844.3,26.9,27.5,52.5,635,3987,0,0.6,65,1.3,1.3,28.1,20.5,22.1
2026-02-28T11:38:08Z,0,0,0,1.1,24.2,0.4,26.2,844.2,26.6,27.2,52.3,467,2195,0,1.1,129,2.4,2.4,27.8,20.3,21.8
2026-02-28T11:53:15Z,0,0,0,4,24.2,0.4,25.9,844.1,25.9,26.8,50.6,1004,8097,0,1.7,52,3.3,3.3,27.3,19.7,21.5
2026-02-28T12:09:45Z,0,0,0,1.2,24.2,0.4,26.3,843.9,26.8,27,55,488,2512,0,0.3,133,0.7,0.7,27.7,20.5,21.8
2026-02-28T12:24:51Z,0,0,0,3.4,24.2,0.4,26.1,843.8,26.4,26.9,55.1,884,6801,0,0.5,166,1.7,1.7,27.6,20.4,21.7
2026-02-28T12:39:57Z,0,0,0,0.9,24.2,0.4,27.5,843.5,27.8,28.6,48.5,435,1951,0,1.4,75,2.4,2.4,29,20.8,22.7
2026-02-28T12:55:03Z,0,0,0,1.6,24.2,0.4,25.4,843.5,25.6,26.2,54.4,549,3165,0,0.3,89,1.1,1.1,26.2,19.7,20.7
2026-02-28T13:10:09Z,0,0,0,2.6,24.2,0.4,26.6,843.4,26.9,27.7,52,738,5291,0,1.1,117,2.8,2.8,28.3,20.6,22.2
2026-02-28T13:25:15Z,0,0,0,0.9,24.2,0.4,25.5,843.4,25.8,26.3,52.5,433,1914,0,1.2,74,2.8,2.8,26.3,19.5,20.8
2026-02-28T13:40:42Z,0,0,0,0.6,24.2,0.4,25.6,843.5,25.9,26.4,52.2,370,1256,0,0.5,141,1.3,1.3,26.4,19.6,20.9
2026-02-28T13:55:48Z,0,0,0,1.6,24.2,0.4,25.6,843.5,25.8,26.3,50.2,557,3431,0,0.5,102,1.3,1.3,26.3,19.2,20.8
2026-02-28T14:10:55Z,0,0,0,0.7,24.2,0.4,25.2,843.6,25.4,25.9,53.2,381,1399,0,0.4,109,1.3,1.3,25.9,19.3,20.5
2026-02-28T14:26:01Z,0,0,0,0.5,24.2,0.4,24.7,843.8,24.9,25.2,53.2,351,1107,0,0.2,108,0.9,0.9,25.2,18.7,19.9
2026-02-28T14:41:08Z,0,0,0,0.4,24.2,0.4,24.7,843.9,24.8,25.1,60.2,337,948,0,0.3,149,0.9,0.9,25.2,19.6,19.9
2026-02-28T14:56:14Z,0,0,0,0.3,24.2,0.4,23.4,844,23.6,23.9,65.3,306,644,0,0.7,120,2.8,2.8,23.9,19.2,18.9
2026-02-28T15:11:21Z,0,0,0,0.2,24.2,0.4,23.1,844.3,23.2,23.4,67.2,287,476,0,0.2,87,0.9,0.9,23.5,19.1,18.5
2026-02-28T15:26:45Z,0,0,0,0.1,24.2,0.4,22.7,844.7,22.8,23.1,68.4,275,380,0,0.2,90,1.5,1.5,23.1,18.9,18.3
2026-02-28T15:41:51Z,0,0,0,0,24.2,0.4,22.4,845.1,22.6,22.7,69.6,263,267,0,0.7,89,1.3,1.3,22.8,18.8,18
2026-02-28T15:56:58Z,0,0,0,0,24.2,0.4,21.8,845.2,21.9,22.1,68.7,261,253,0,0.8,71,1.5,1.5,22.2,18.1,17.5
2026-02-28T16:12:04Z,0,0,0,0,24.2,0.4,21,845.5,21.1,21.4,70.8,260,253,0,0.3,73,0.7,0.7,21.4,17.6,16.8
2026-02-28T16:27:10Z,0,0,0,0,24.2,0.4,20.4,845.5,20.6,20.8,72.5,260,253,0,0.5,89,1.1,1.1,20.8,17.4,16.3
2026-02-28T16:42:17Z,0,0,0,0,24.2,0.4,20,845.8,20.1,20.4,75.3,262,254,0,0.2,44,0.8,0.8,20.4,17.3,15.9
2026-02-28T16:57:23Z,0,0,0,0,24.2,0.4,19.7,846.2,19.9,20.1,77.9,261,253,0,0,91,0.2,0.2,20.1,17.3,15.7
2026-02-28T17:12:47Z,0,0,0,0,24.2,0.4,19.7,846.4,19.8,20,78.4,260,252,0,0.2,74,0.9,0.9,20.1,17.3,15.6
2026-02-28T17:27:55Z,0,0,0,0,24.2,0.4,19.5,846.5,19.6,19.9,79.6,260,254,0,0,1,0,0,19.9,17.3,15.5
2026-02-28T17:43:02Z,0,0,0,0,24.2,0.4,19.2,846.6,19.2,19.5,81.4,261,253,0,0,1,0,0,19.6,17.2,15.2
2026-02-28T17:58:08Z,0,0,0,0,24.2,0.4,19.2,846.8,19.3,19.5,82.6,261,253,0,0,1,0,0,19.6,17.4,15.2
2026-02-28T18:13:34Z,0,0,0,0,24.2,0.4,19.3,846.9,19.5,19.7,81.3,260,253,0,0,1,0,0,19.8,17.4,15.4
2026-02-28T18:28:57Z,0,0,0,0,24.2,0.4,19.4,847.2,19.7,19.8,80.4,260,254,0,0.5,1,0.9,0.9,19.9,17.4,15.5
2026-02-28T18:44:06Z,0,0,0,0,24.2,0.4,18.9,847.2,19,19.2,82,259,252,0,0.2,286,0.7,0.7,19.3,17,14.9
2026-02-28T18:59:13Z,0,0,0,0,24.2,0.4,18.6,847.3,18.6,18.9,84.1,261,253,0,0.1,305,0.4,0.4,18.9,16.9,14.6
2026-02-28T19:14:19Z,0,0,0,0,24.2,0.4,18.5,847.2,18.6,18.8,85.1,260,254,0,0,337,0.2,0.2,18.9,17,14.5
2026-02-28T19:29:26Z,0,0,0,0,24.2,0.4,18.6,847.4,18.8,19,86,260,254,0,0.8,353,1.1,1.1,19.1,17.3,14.7
2026-02-28T19:44:33Z,0,0,1.8,0,24.2,0.4,17.1,848,17.2,17.7,88.5,260,254,0,0.8,75,1.3,1.3,17.8,16.3,13.5
2026-02-28T20:01:09Z,0,0,3.4,0,24.2,0.4,16.5,848.1,16.6,17,90.4,260,254,0,0.8,68,1.5,1.5,17.1,15.9,12.9
2026-02-28T20:16:43Z,0,0,5.2,0,24.2,0.4,16.6,848.3,16.6,17,91.4,259,254,0,0.9,118,1.7,1.7,17.1,16,12.9
2026-02-28T20:31:50Z,0.2,0,7,0,24.2,0.4,16.6,848.2,16.6,17,91.8,261,253,0,0.7,92,1.5,1.5,17.1,16,12.9
2026-02-28T20:46:57Z,0.2,0,8.6,0,24.2,0.4,16.8,848.2,16.9,17.2,92.4,260,253,0,0.2,90,0.8,0.8,17.3,16.3,13.1
2026-02-28T21:02:03Z,0,0,9.8,0,24.2,0.4,16.9,848.1,17.1,17.4,92.7,259,253,0,0,88,0,0,17.5,16.5,13.2
2026-02-28T21:17:10Z,0,0,11.2,0,24.2,0.4,16.9,848,17.1,17.4,92.9,261,253,0,0,88,0,0,17.5,16.5,13.2
2026-02-28T21:32:36Z,0.2,0,12.8,0,24.2,0.4,16.8,847.9,16.8,17.2,93.2,260,253,0,0.1,88,0.4,0.4,17.3,16.4,13
2026-02-28T21:47:43Z,0,0,14,0,24.2,0.4,16.7,847.7,16.8,17.1,93.4,260,252,0,0,88,0.2,0.2,17.2,16.3,13
2026-02-28T22:02:50Z,0.2,0,15.2,0,24.2,0.4,16.7,847.4,16.8,17.1,93.5,259,254,0,0,87,0,0,17.2,16.3,13
2026-02-28T22:17:57Z,0,0,15.6,0,24.2,0.4,16.8,847.2,16.9,17.1,93.7,261,253,0,0.1,87,0.7,0.7,17.2,16.4,13
2026-02-28T22:33:04Z,0,0,15.8,0,24.2,0.4,16.8,847.1,16.9,17.2,93.8,261,254,0,0,87,0.2,0.2,17.3,16.4,13
2026-02-28T22:48:44Z,0,0,15.8,0,24.2,0.4,16.8,847.1,16.9,17.2,93.9,261,253,0,0,87,0.2,0.2,17.3,16.5,13.1
2026-02-28T23:03:51Z,0,0,15.8,0,24.2,0.4,16.9,846.9,17,17.2,94,261,253,0,0,87,0,0,17.4,16.5,13.1
2026-02-28T23:18:57Z,0,0,15.8,0,24.2,0.4,16.9,847,16.9,17.2,94,260,253,0,0,87,0,0,17.3,16.5,13.1
2026-02-28T23:34:04Z,0.2,0,16,0,24.2,0.4,16.7,846.9,16.9,17.1,94,259,253,0,0,87,0,0,17.2,16.4,13
2026-02-28T23:49:55Z,0,0,16,0,24.2,0.4,16.8,846.9,16.8,17.1,94.1,260,253,0,0,87,0,0,17.3,16.4,13
2026-03-01T00:00:59Z,0,0,16,0,24.2,0.4,16.7,846.9,16.8,17,94.1,262,253,0,0,87,0,0,17.1,16.3,12.9
2026-03-01T00:16:06Z,0,0,16,0,24.2,0.4,16.6,846.8,16.6,17,94.1,260,254,0,0,87,0,0,17.1,16.3,12.8
2026-03-01T00:31:11Z,0,0,16,0,24.2,0.4,16.4,846.7,16.5,16.8,94.1,261,253,0,0,87,0,0,16.9,16.1,12.7
2026-03-01T00:46:18Z,0,0,16,0,24.2,0.4,16.4,846.7,16.5,16.8,94.1,261,253,0,0,87,0,0,16.9,16.1,12.6
2026-03-01T01:01:42Z,0,0,16,0,24.2,0.4,16.4,846.7,16.6,16.8,94.1,260,253,0,0,87,0,0,16.9,16.1,12.7
2026-03-01T01:16:48Z,0,0,16,0,24.2,0.4,16.6,846.8,16.7,17,94.2,259,253,0,0,87,0,0,17.1,16.3,12.8
2026-03-01T01:31:55Z,0,0,16,0,24.2,0.4,16.6,846.8,16.7,17,94.2,261,252,0,0,87,0,0,17.1,16.3,12.9
2026-03-01T01:47:01Z,0,0,16,0,24.2,0.4,16.7,847,16.8,17.1,94.2,259,254,0,0,87,0,0,17.2,16.4,12.9
2026-03-01T02:02:08Z,0,0,16,0,24.2,0.4,16.8,847,16.8,17.2,94.3,260,254,0,0,87,0,0,17.3,16.5,13.1
2026-03-01T02:17:14Z,0,0,16,0,24.2,0.4,16.7,847.2,16.8,17.1,94.3,261,254,0,0,87,0,0,17.2,16.5,13
2026-03-01T02:32:21Z,0,0,16,0,24.2,0.4,17,847.4,17.1,17.3,94.4,261,253,0,0,87,0,0,17.4,16.6,13.2
2026-03-01T02:47:46Z,0,0,16,0,24.2,0.4,16.9,847.5,17.1,17.3,94.5,259,253,0,0,87,0,0,17.4,16.6,13.2
2026-03-01T03:02:52Z,0,0,16,0,24.2,0.4,16.9,847.6,17,17.3,94.5,260,254,0,0,87,0,0,17.4,16.6,13.1
2026-03-01T03:17:52Z,0,0,16,0,24.2,0.4,16.9,847.7,17.1,17.3,94.6,261,254,0,0,87,0,0,17.4,16.6,13.2
2026-03-01T03:32:58Z,0,0,16,0,24.2,0.4,16.9,848,17,17.3,94.6,262,260,0,0,87,0,0,17.4,16.7,13.2
2026-03-01T03:48:05Z,0,0,16,0.1,24.2,0.4,16.9,848.1,17.1,17.3,94.7,267,361,0,0,87,0,0,17.4,16.6,13.2
2026-03-01T04:03:12Z,0,0,16,0.1,24.2,0.4,16.9,848.4,17.1,17.3,94.7,281,487,0,0,87,0,0,17.4,16.7,13.2
2026-03-01T04:18:18Z,0,0,16,0.2,24.2,0.4,17.1,848.5,17.2,17.4,94.7,291,608,0,0,87,0.2,0.2,17.6,16.8,13.3
2026-03-01T04:33:25Z,0,0,16,0.3,24.2,0.4,17.2,848.7,17.2,17.5,94.7,320,912,0,0,87,0,0,17.6,16.8,13.4
2026-03-01T04:48:52Z,0,0,16,0.6,24.2,0.4,17.3,848.8,17.3,17.6,94.6,360,1351,0,0.2,87,0.7,0.7,17.8,17,13.5
2026-03-01T05:03:58Z,0,0,16,0.7,24.2,0.4,17.5,849.1,17.6,17.9,94.5,388,1640,0,0.4,87,0.7,0.7,18,17.2,13.7
2026-03-01T05:19:05Z,0,0,16,0.8,24.2,0.4,18.2,849.2,18.3,18.5,94.3,413,1908,0,0,87,0,0,18.7,17.8,14.4
2026-03-01T05:35:00Z,0,0,16,1.6,24.2,0.4,18.2,849.5,18.3,18.6,90.7,560,3511,0,0.1,87,0.2,0.2,18.8,17.5,14.5
2026-03-01T05:50:06Z,0,0,16,0.7,24.2,0.4,18.6,849.5,18.6,19.2,86,392,1648,0,0.3,87,0.7,0.7,19.3,17.5,14.9
2026-03-01T06:05:13Z,0,0,0,1,16,0,19,849.6,19.1,19.5,85.7,438,2128,0,0,201,0,0,19.7,17.8,15.2
2026-03-01T06:20:20Z,0,0,0,0.4,16,0,19.5,849.8,19.5,20,84.1,326,936,0,0,202,0.4,0.4,20.1,18,15.7
2026-03-01T06:35:26Z,0,0,0,0.9,16,0,19.1,849.8,19.4,19.7,85.3,432,2063,0,0,201,0,0,19.8,17.9,15.4
2026-03-01T06:50:33Z,0,0,0,1.7,16,0,20,849.9,20.1,20.5,82.7,574,3480,0,0.3,202,0.9,0.9,20.6,18.3,16.1
2026-03-01T07:05:57Z,0,0,0,3.3,16,0,21.3,849.9,21.2,21.7,79,869,6918,0,0,85,0.4,0.4,21.8,19,17.2
2026-03-01T07:21:03Z,0,0,0,1.9,16,0,22.1,849.8,22,22.7,70.7,611,3871,0,0.9,86,2,2,22.8,18.9,18
2026-03-01T07:36:10Z,0,0,0,2.2,16,0,22.2,849.7,22.2,22.8,68.8,664,4383,0,0.9,67,2,2,22.9,18.7,18
2026-03-01T07:51:16Z,0,0,0,1.5,16,0,23.1,849.7,23.1,23.7,66.3,534,3050,0,0.6,74,1.5,1.5,23.7,19.2,18.8
2026-03-01T08:06:22Z,0,0,0,3.4,16,0,23.1,849.5,23,23.7,66.5,886,6842,0,1.6,67,2.4,2.4,23.8,19.3,18.8
2026-03-01T08:21:28Z,0,0,0,4.1,16,0,24.2,849.2,23.9,24.2,66.8,1012,8082,0,0.2,31,0.7,0.7,24.3,19.8,19.2
2026-03-01T08:36:34Z,0,0,0,4.3,16,0,25.7,849.1,25.2,25.4,62,1058,8590,0,0.6,36,1.5,1.5,25.5,20.2,20.2
2026-03-01T08:52:00Z,0,0,0,4.6,16,0,25,848.9,24.9,25.6,56.4,1122,9356,0,0.8,89,1.5,1.5,25.6,19.5,20.2
2026-03-01T09:07:17Z,0,0,0,2.1,16,0,24.7,848.7,24.6,25.1,61.8,652,4053,0,0.8,28,1.5,1.5,25.1,19.8,19.9
2026-03-01T09:22:23Z,0,0,0,1.4,16,0,24.1,848.3,24.4,24.8,61.4,511,2724,0,0.2,110,0.8,0.8,24.9,19.5,19.7
2026-03-01T09:37:29Z,0,0,0,1,16,0,25.5,848,25.5,26.2,56.5,454,2104,0,1,83,2.2,2.2,26.3,20.1,20.8
2026-03-01T09:52:35Z,0,0,0,5,16,0,24.7,847.6,24.8,25.2,58.4,1188,10199,0,0.8,48,1.7,1.7,25.3,19.5,20
2026-03-01T10:07:42Z,0,0,0,4,16,0,25.7,847.4,26.1,26.3,53.9,1004,8037,0,0.6,74,1.7,1.7,26.4,19.7,20.8
2026-03-01T10:23:03Z,0,0,0,3.4,16,0,24.3,847.2,24.2,25,56.1,886,6889,0,1.6,80,2.6,2.6,25,18.9,19.7
2026-03-01T10:38:10Z,0,0,0,1,16,0,25.3,847,25.4,25.7,56.1,448,2177,0,0.8,61,1.5,1.5,25.8,19.6,20.4
2026-03-01T10:53:16Z,0,0,0,4.1,16,0,24,846.8,24.1,24.5,61,1024,8311,0,0.8,63,1.3,1.3,24.6,19.2,19.4
2026-03-01T11:08:22Z,0,0,0,3.5,16,0,25.5,846.4,25.8,26.4,54.2,905,6873,0,1.1,148,3.1,3.1,26.4,19.8,20.9
2026-03-01T11:23:28Z,0,0,0,4.1,16,0,26.2,846.2,26.5,27.2,51.7,1023,8243,0,1.1,163,2.4,2.4,27.7,20.2,21.8
2026-03-01T11:38:34Z,0,0,0,1.5,16,0,26.2,845.9,26.2,27.2,51.7,542,2952,0,1.8,71,4.3,4.3,27.8,20.2,21.8
2026-03-01T11:53:41Z,0,0,0,4.1,16,0,26.1,845.7,26.1,27.1,52.2,1014,8268,0,1.2,87,2.2,2.2,27.7,20.2,21.8
2026-03-01T12:09:07Z,0,0,0,3.6,16,0,25.8,845.7,25.9,26.6,53.2,923,7214,0,0.6,96,1.5,1.5,26.6,19.9,21
2026-03-01T12:24:13Z,0,0,0,1.9,16,0,26.1,845.6,26.2,27.1,51.8,605,3664,0,0.6,109,1.3,1.3,27.6,20.1,21.8
2026-03-01T12:39:19Z,0,0,0,3.4,16,0,27.3,845.4,27.3,28.5,47.2,897,7020,0,1.9,69,2.6,2.6,28.8,20.6,22.6
2026-03-01T12:54:26Z,0,0,0,0.6,16,0,24.9,845.4,25.1,25.7,53.3,376,1279,0,0.4,62,1.3,1.3,25.8,19.2,20.3
2026-03-01T13:09:32Z,0,0,0,2.3,16,0,26.3,845.2,26.6,27.2,52.4,682,4684,0,1.1,70,2.2,2.2,27.8,20.3,21.9
2026-03-01T13:24:38Z,0,0,0,2,16,0,25.9,845.2,26.3,26.9,53.6,627,4106,0,0.5,131,2,2,27.5,20.2,21.7
2026-03-01T13:39:44Z,0,0,0,1.8,16,0,25.6,845.4,26.1,26.6,55.8,597,3820,0,0.5,162,1.3,1.3,26.6,20.3,21
2026-03-01T13:55:15Z,0,0,0,1.5,16,0,24.9,845.3,25.2,26,54,536,3182,0,0.4,115,1.5,1.5,26,19.5,20.6
2026-03-01T14:10:21Z,0,0,0,0.6,16,0,25.1,845.4,25.4,26,57.6,359,1232,0,0.4,97,1.5,1.5,26,20,20.6
2026-03-01T14:25:28Z,0,0,0,0.3,16,0,22.6,845.7,22.9,23.2,67.3,319,767,0,1.2,126,4.1,4.1,23.3,18.9,18.4
2026-03-01T14:40:33Z,0,0,0,0.5,16,0,22.8,845.8,23,23.2,67.9,345,1087,0,0.5,96,1.5,1.5,23.2,18.9,18.3
2026-03-01T14:55:40Z,0,0,0,0.4,16,0,23.1,845.8,23.2,23.4,63.8,328,979,0,0.6,97,1.5,1.5,23.5,18.6,18.5
2026-03-01T15:11:19Z,0,0,0,0.2,16,0,22.5,846,22.7,22.9,63.5,284,508,0,0.6,169,1.3,1.3,22.9,18.1,18.1
2026-03-01T15:26:25Z,0,0,0,0.1,16,0,22,846.3,22.1,22.4,67,269,334,0,0.3,133,0.9,0.9,22.4,18.1,17.6
2026-03-01T15:42:23Z,0,0,0,0,16,0,21.7,846.6,21.9,22,69.2,262,270,0,0.5,122,1.5,1.5,22.1,18.1,17.4
2026-03-01T15:57:29Z,0,0,0,0,16,0,21.5,846.8,21.6,21.8,70.2,261,254,0,0.3,188,0.9,0.9,21.9,18,17.2
2026-03-01T16:12:35Z,0,0,0,0,16,0,21.1,847.1,21.3,21.5,71.9,260,253,0,0.4,188,1.3,1.3,21.6,17.9,16.9
2026-03-01T16:28:24Z,0,0,0,0,16,0,20.8,847.2,20.9,21.2,73.5,260,253,0,0,187,0,0,21.2,17.8,16.6
2026-03-01T16:44:23Z,0,0,0,0,16,0,20.4,847.4,20.5,20.8,75.4,260,253,0,0,188,0,0,20.8,17.7,16.3
2026-03-01T17:00:50Z,0,0,0,0,16,0,20,847.9,20.2,20.3,78.1,261,253,0,0,188,0,0,20.4,17.6,15.9
2026-03-01T17:17:22Z,0,0,0,0,16,0,19.7,848.2,19.9,20,78.9,260,255,0,0.1,138,0.4,0.4,20.1,17.4,15.7
2026-03-01T17:32:28Z,0,0,0,0,16,0,19.5,848.3,19.7,19.8,81.8,261,253,0,0,138,0,0,19.9,17.5,15.4
2026-03-01T17:47:33Z,0,0,0,0,16,0,19.2,848.5,19.3,19.4,83.8,260,253,0,0,138,0,0,19.5,17.4,15.1
2026-03-01T18:02:39Z,0,0,0,0,16,0,18.9,848.7,18.9,19.1,84,260,253,0,0,138,0,0,19.2,17.2,14.8
2026-03-01T18:18:24Z,0,0,0,0,16,0,18.8,848.9,18.9,19.1,85.1,260,254,0,0,138,0,0,19.2,17.3,14.9
2026-03-01T18:33:29Z,0,0,0,0,16,0,18.9,848.9,19.1,19.3,85.5,262,253,0,0,138,0,0,19.4,17.5,15
2026-03-01T18:48:29Z,0,0,0,0,16,0,19,849.1,19.2,19.4,85.5,261,254,0,0,138,0,0,19.5,17.7,15.1
2026-03-01T19:03:36Z,0,0,0,0,16,0,18.8,849.3,18.9,19.1,85,259,253,0,0,138,0,0,19.2,17.3,14.8
2026-03-01T19:18:42Z,0,0,0,0,16,0,18.5,849.6,18.7,18.8,86.4,260,253,0,0,138,0,0,18.9,17.2,14.6
2026-03-01T19:33:48Z,0,0,0,0,16,0,18.6,849.6,18.8,19,86.2,260,253,0,0,138,0,0,19.1,17.3,14.7
2026-03-01T19:48:54Z,0,0,0,0,16,0,18.6,849.8,18.8,19,87.4,260,254,0,0,138,0,0,19.1,17.5,14.8
2026-03-01T20:04:20Z,0,0,0,0,16,0,18.5,849.7,18.6,18.9,86.5,259,254,0,0,138,0,0,19,17.2,14.6
2026-03-01T20:19:27Z,0,0,0,0,16,0,18.5,849.8,18.6,18.9,87.2,261,253,0,0.2,138,0.7,0.7,19,17.3,14.7
2026-03-01T20:34:34Z,0,0,0,0,16,0,18.4,849.9,18.5,18.8,87.8,261,253,0,0,138,0,0,18.9,17.3,14.6
2026-03-01T20:49:41Z,0,0,0,0,16,0,18.3,849.6,18.5,18.7,87.5,263,254,0,0,138,0.2,0.2,18.8,17.2,14.5
2026-03-01T21:04:47Z,0,0,0,0,16,0,18.2,849.5,18.4,18.6,87.4,260,253,0,0,138,0,0,18.7,17.1,14.4
2026-03-01T21:19:54Z,0,0,0,0,16,0,18.1,849.6,18.3,18.5,87.8,261,253,0,0,138,0,0,18.6,17,14.3
2026-03-01T21:35:01Z,0,0,0,0,16,0,18.2,849.2,18.4,18.7,87.9,260,253,0,0,138,0,0,18.8,17.2,14.4
2026-03-01T21:50:25Z,0,0,0,0,16,0,18.3,849.1,18.5,18.7,87.5,262,254,0,0,138,0,0,18.8,17.2,14.5
2026-03-01T22:05:32Z,0,0,0,0,16,0,18.3,849,18.5,18.7,87.7,261,254,0,0,138,0,0,18.8,17.2,14.4
2026-03-01T22:20:39Z,0,0,0,0,16,0,18.4,848.9,18.6,18.8,87.4,260,253,0,0,138,0,0,18.9,17.3,14.6
2026-03-01T22:35:45Z,0,0,0,0,16,0,18.4,848.6,18.6,18.8,87.4,261,254,0,0,138,0,0,18.9,17.3,14.6
2026-03-01T22:50:52Z,0,0,0,0,16,0,18.2,848.4,18.4,18.5,87.7,259,253,0,0,138,0,0,18.7,17.1,14.3
2026-03-01T23:05:59Z,0,0,0,0,16,0,18,848.5,18.1,18.2,88.7,259,253,0,0,138,0,0,18.3,16.8,14
2026-03-01T23:21:06Z,0,0,0,0,16,0,17.8,848.4,17.9,18.1,89.1,260,253,0,0,138,0,0,18.2,16.8,13.9
2026-03-01T23:36:30Z,0,0,0,0,16,0,18,848.4,18.1,18.3,89.4,260,254,0,0,138,0,0,18.4,17,14.1
2026-03-01T23:51:37Z,0,0,0,0,16,0,17.9,848.2,17.9,18.2,89.4,260,253,0,0,138,0,0,18.3,16.9,14
2026-03-02T00:00:40Z,0,0,0,0,16,0,17.8,848.3,17.9,18.2,89.8,260,254,0,0,138,0,0,18.3,16.9,14
2026-03-02T00:15:47Z,0,0,0,0,16,0,17.8,848.4,18,18.1,89.8,260,253,0,0,138,0,0,18.2,16.9,13.9
2026-03-02T00:30:53Z,0,0,0,0,16,0,17.8,848.4,17.9,18.1,89.7,259,253,0,0,138,0,0,18.2,16.9,13.9
2026-03-02T00:45:59Z,0,0,0,0,16,0,17.8,848.4,17.9,18.2,90.1,261,255,0,0,138,0.2,0.2,18.3,17,14
2026-03-02T01:01:06Z,0,0,0,0,16,0,18,848.5,18.1,18.4,90,261,254,0,0.1,138,0.4,0.4,18.5,17.2,14.2
2026-03-02T01:16:33Z,0,0,0,0,16,0,18.3,848.7,18.4,18.6,89.5,261,253,0,0.3,162,1,1,18.8,17.4,14.4
2026-03-02T01:31:39Z,0,0,0,0,16,0,18.2,848.6,18.4,18.6,89.8,260,253,0,0.3,162,0.9,0.9,18.7,17.3,14.4
2026-03-02T01:46:45Z,0,0,0,0,16,0,18.2,848.6,18.3,18.5,89.7,262,254,0,0.5,162,1.3,1.3,18.6,17.3,14.3
2026-03-02T02:01:50Z,0,0,0,0,16,0,18.1,848.8,18.3,18.5,89.8,261,254,0,0.2,163,0.7,0.7,18.6,17.3,14.3
2026-03-02T02:16:57Z,0,0,0,0,16,0,18.1,848.9,18.2,18.5,90.1,260,253,0,0,160,0.3,0.3,18.6,17.3,14.3
2026-03-02T02:32:03Z,0,0,0,0,16,0,18.1,849,18.2,18.5,90.2,260,253,0,0.2,160,0.4,0.4,18.6,17.3,14.3
2026-03-02T02:47:09Z,0,0,0,0,16,0,17.9,849.1,18.1,18.3,90.3,261,254,0,0.4,167,0.9,0.9,18.4,17.1,14.1
2026-03-02T03:02:33Z,0,0,0,0,16,0,17.9,849.3,18.1,18.3,90.4,260,254,0,1.2,190,3.1,3.1,18.4,17.1,14.1
2026-03-02T03:17:40Z,0,0,0,0,16,0,18,849.4,18.1,18.3,90.2,261,252,0,1,184,1.7,1.7,18.4,17.1,14.1
2026-03-02T03:32:46Z,0,0,0,0,16,0,17.9,849.5,18.1,18.2,90.2,261,275,0,1.2,179,3.5,3.5,18.4,17.1,14.1
2026-03-02T03:47:53Z,0,0,0,0.1,16,0,17.8,849.6,17.9,18.1,90.3,270,358,0,0,180,0,0,18.3,17,14
2026-03-02T04:03:00Z,0,0,0,0.2,16,0,17.8,849.9,17.9,18.1,90.7,284,513,0,0.1,181,0.4,0.4,18.2,17,14
2026-03-02T04:18:06Z,0,0,0,0.2,16,0,18,850,18.1,18.3,90.9,303,713,0,0.1,181,0.4,0.4,18.4,17.2,14.1
2026-03-02T04:33:12Z,0,0,0,0.4,16,0,18.3,850.1,18.4,18.6,89.9,332,1007,0,0.4,181,0.9,0.9,18.7,17.4,14.4
2026-03-02T04:48:38Z,0,0,0,0.7,16,0,18.7,850.1,18.9,18.9,87.8,383,1587,0,0.1,181,0.4,0.4,19.1,17.5,14.7
2026-03-02T05:03:44Z,0,0,0,0.7,16,0,19.2,850.2,19.5,19.5,85.1,383,1520,0,0.1,181,0.4,0.4,19.6,17.7,15.2
2026-03-02T05:18:51Z,0,0,0,0.5,16,0,19.5,850.4,19.9,20,83,344,1073,0,0.6,181,1.3,1.3,20.1,17.9,15.6
2026-03-02T05:33:57Z,0,0,0,0.7,16,0,19.3,850.5,19.6,19.7,84.7,391,1622,0,0.1,181,0.4,0.4,19.9,17.9,15.4
2026-03-02T05:49:03Z,0,0,0,0.6,16,0,19.5,850.6,19.9,20,82.8,377,1374,0,0.8,181,2,2,20.1,17.9,15.7
2026-03-02T06:04:09Z,0,0,0,0.7,0,0,19.6,850.7,19.9,20,83.6,392,1524,0,0.2,164,0.9,0.9,20.1,17.9,15.6
2026-03-02T06:19:16Z,0,0,0,1,0,0,20.8,850.7,21,20.9,80.5,449,2091,0,0.5,125,1.7,1.7,21,18.4,16.5
2026-03-02T06:34:40Z,0,0,0,1.5,0,0,21.1,850.5,21.5,21.5,80.5,541,3012,0,0,184,0.2,0.2,21.6,19,17
2026-03-02T06:49:47Z,0,0,0,1,0,0,21.7,850.5,22.2,22,75.8,441,1950,0,0.4,132,1.1,1.1,22.2,18.9,17.4
2026-03-02T07:04:52Z,0,0,0,1.2,0,0,21.4,850.4,21.8,21.8,74.3,482,2469,0,0.3,181,0.9,0.9,21.9,18.5,17.2
2026-03-02T07:19:59Z,0,0,0,1.1,0,0,21.4,850.3,21.8,21.8,73.9,462,2256,0,0.5,134,1.3,1.3,21.9,18.5,17.2
2026-03-02T07:35:05Z,0,0,0,1.4,0,0,22.6,850.3,23.1,23.1,67.9,512,2725,0,0.7,157,1.7,1.7,23.1,18.8,18.3
2026-03-02T07:50:11Z,0,0,0,0.9,0,0,22.6,850.1,23,23.2,66.8,432,1946,0,0.8,177,1.3,1.3,23.2,18.8,18.3
2026-03-02T08:05:18Z,0,0,0,4.3,0,0,23.6,849.9,24.2,24,63.8,1058,8683,0,0.4,178,0.7,0.7,24.1,19.2,19.1
2026-03-02T08:20:45Z,0,0,0,4.9,0,0,24,849.8,24.4,24.4,62.4,1172,9960,0,1.2,72,2.6,2.6,24.5,19.3,19.4
2026-03-02T08:35:51Z,0,0,0,1.2,0,0,24.3,849.7,24.2,25.1,60.4,484,2529,0,1.2,104,2.4,2.4,25.2,19.7,19.9
2026-03-02T08:50:58Z,0,0,0,2.2,0,0,24.8,849.5,24.8,25.2,58.7,675,4449,0,0.8,80,2.2,2.2,25.3,19.5,20
2026-03-02T09:06:04Z,0,0,0,1.4,0,0,24.3,849.1,24.7,25,60.2,512,2858,0,0.6,179,1.5,1.5,25,19.5,19.8
2026-03-02T09:21:11Z,0,0,0,1.6,0,0,24.3,848.9,24.4,24.8,61.5,554,3285,0,0.5,70,1.1,1.1,24.9,19.5,19.7
2026-03-02T09:36:17Z,0,0,0,3.3,0,0,23.4,848.7,23.4,24.1,63.5,872,6602,0,1.3,75,2.6,2.6,24.2,19.2,19.1
2026-03-02T09:51:23Z,0,0,0,1.3,0,0,23.9,848.4,24,24.6,60,506,2794,0,0.2,65,0.7,0.7,24.7,19.2,19.5
2026-03-02T10:06:48Z,0,0,0,0.8,0,0,23.3,848.3,23.3,23.9,62.3,406,1739,0,0.6,59,1.3,1.3,23.9,18.8,18.9
2026-03-02T10:21:55Z,0,0,0,1.2,0,0,23.4,848.1,23.6,23.9,61.6,485,2555,0,0.8,58,1.6,1.6,23.9,18.7,18.9
2026-03-02T10:37:01Z,0,0,0,2.3,0,0,24.7,847.8,24.8,25.3,58.8,689,4642,0,0.2,84,0.8,0.8,25.4,19.6,20.1
2026-03-02T10:52:07Z,0,0,0,2.4,0,0,24.4,847.6,24.6,25.3,58.3,702,4761,0,1.3,73,2.2,2.2,25.3,19.5,20
2026-03-02T11:07:14Z,0,0,0,1.8,0,0,25.2,847.1,24.9,25.5,57.1,598,3700,0,0.4,344,1.1,1.1,25.6,19.6,20.2
2026-03-02T11:22:58Z,0,0,0,3.2,0,0,25.4,846.7,25.9,26,53.1,849,6234,0,0.6,193,2.2,2.2,26.1,19.4,20.6
2026-03-02T11:38:04Z,0,0,0,1.5,0,0,27,846.5,26.9,28.1,50.2,543,3140,0,1.4,73,3.5,3.5,28.5,20.7,22.4
2026-03-02T11:53:10Z,0,0,0,2.9,0,0,26.3,846.4,26.4,27,52.8,804,5869,0,0.7,72,1.3,1.3,27.6,20.2,21.7
2026-03-02T12:08:17Z,0,0,0,2.4,0,0,26.4,846.2,26.6,27.3,51.9,706,4828,0,0.7,75,1.7,1.7,27.9,20.3,21.9
2026-03-02T12:23:23Z,0,0,0,2.4,0,0,26.2,846.1,26.8,27.2,53.9,703,4777,0,0.3,113,1.3,1.3,27.9,20.6,22
2026-03-02T12:38:29Z,0,0,0,1.4,0,0,26.5,845.9,26.8,27.4,50.3,522,2917,0,0.6,143,1.3,1.3,27.8,20.1,21.9
2026-03-02T12:53:54Z,0,0,0,1.1,0,0,25.7,846,25.9,26.5,52.2,471,2379,0,1.2,62,2,2,26.5,19.6,20.9
2026-03-02T13:09:01Z,0,0,0,1.1,0,0,25.6,845.9,25.8,26.3,50,463,2302,0,0.5,146,1.5,1.5,26.3,19.1,20.7
2026-03-02T13:24:07Z,0,0,0,0.3,0,0,25.4,845.8,25.6,26.1,52.7,319,862,0,0.1,108,0.4,0.4,26.1,19.4,20.6
2026-03-02T13:39:14Z,0,0,0,0.3,0,0,24.5,845.8,24.7,24.9,57.2,321,874,0,0.1,215,0.4,0.4,24.9,19,19.7
2026-03-02T13:54:20Z,0,0,0,0.7,0,0,24.6,845.8,24.8,24.9,56.3,382,1501,0,0.2,158,0.6,0.6,24.9,18.9,19.7
2026-03-02T14:09:27Z,0,0,0,0.6,0,0,25,845.9,25.1,25.4,54.6,375,1445,0,0.5,81,1.3,1.3,25.4,19,20.1
2026-03-02T14:24:33Z,0,0,0,0.6,0,0,24.7,845.9,24.8,25.2,55.8,360,1304,0,0.1,102,0.4,0.4,25.2,19,19.9
2026-03-02T14:40:03Z,0,0,0,0.3,0,0,24.7,846,24.9,25.1,61.2,321,907,0,0.1,184,0.7,0.7,25.2,19.8,19.9
2026-03-02T14:55:08Z,0,0,0,0.2,0,0,23.9,846.3,24.1,24.3,64.3,292,549,0,0.2,147,1,1,24.4,19.5,19.3
2026-03-02T15:10:14Z,0,0,0,0.1,0,0,22.9,846.6,23.1,23.2,71.7,270,326,0,0,189,0.2,0.2,23.3,19.5,18.4
2026-03-02T15:25:20Z,0,0,0,0.1,0,0,22.6,846.9,22.8,22.9,72.1,268,302,0,0.2,191,0.9,0.9,23,19.3,18.2
2026-03-02T15:40:27Z,0,0,0,0,0,0,22.6,847,22.8,22.9,69.6,263,270,0,0.3,197,0.9,0.9,22.9,18.9,18.1
2026-03-02T15:55:35Z,0,0,0,0,0,0,22.4,847.2,22.5,22.7,70.8,261,256,0,0.1,197,0.4,0.4,22.8,18.9,18
2026-03-02T16:11:00Z,0,0,0,0,0,0,22.2,847.2,22.3,22.5,71.4,262,253,0,0,196,0,0,22.6,18.8,17.8
2026-03-02T16:26:06Z,0,0,0,0,0,0,22.1,847.4,22.2,22.4,69.8,260,253,0,0.1,197,1.1,1.1,22.4,18.4,17.7
2026-03-02T16:41:12Z,0,0,0,0,0,0,22,847.6,22.1,22.3,70.6,260,253,0,0,196,0,0,22.3,18.5,17.6
2026-03-02T16:56:19Z,0,0,0,0,0,0,21.8,847.8,22,22.1,69.5,261,253,0,0.1,197,0.4,0.4,22.2,18.2,17.5
2026-03-02T17:12:08Z,0,0,0,0,0,0,21.6,847.8,21.8,21.9,70.6,260,254,0,0,196,0,0,22,18.1,17.3
2026-03-02T17:27:14Z,0,0,0,0,0,0,21.4,847.9,21.6,21.7,73.6,260,254,0,0,196,0,0,21.8,18.3,17.1
2026-03-02T17:42:21Z,0,0,0,0,0,0,21.1,848.1,21.2,21.4,70.8,262,253,0,0,196,0,0,21.4,17.7,16.8
2026-03-02T17:57:27Z,0,0,0,0,0,0,20.8,848.2,20.9,21,74.9,259,254,0,0,196,0,0,21.1,17.9,16.5
2026-03-02T18:12:34Z,0,0,0,0,0,0,20.4,848.4,20.4,20.6,80.1,260,254,0,0,196,0,0,20.7,18.1,16.1
2026-03-02T18:27:41Z,0,0,0,0,0,0,20.2,848.6,20.2,20.4,84.4,260,253,0,0,196,0,0,20.6,18.5,16.1
2026-03-02T18:43:05Z,0,0,0,0,0,0,20,848.7,20.1,20.4,84.1,262,254,0,0,197,0.2,0.2,20.5,18.4,16
2026-03-02T18:58:11Z,0,0,0,0,0,0,19.7,848.8,19.8,19.9,84.3,260,253,0,0.6,258,1.1,1.1,20.1,18,15.6
2026-03-02T19:13:18Z,0,0,0,0,0,0,19.3,848.8,19.5,19.6,84.5,260,253,0,0,257,0,0,19.7,17.7,15.3
2026-03-02T19:28:24Z,0,0,0,0,0,0,19,849,19,19.2,86.3,260,254,0,0,257,0,0,19.3,17.5,14.9
2026-03-02T19:43:30Z,0,0,0,0,0,0,18.5,849.1,18.6,18.8,87.1,261,254,0,0,257,0,0,18.9,17.3,14.6
2026-03-02T19:58:37Z,0,0,0,0,0,0,18.3,849.2,18.4,18.7,88.1,258,253,0,0,257,0,0,18.8,17.2,14.4
2026-03-02T20:13:44Z,0,0,0,0,0,0,18.5,849.1,18.7,18.9,88.2,261,251,0,0,257,0,0,19,17.5,14.7
2026-03-02T20:29:08Z,0,0,0,0,0,0,18.7,848.9,18.9,19.1,86.3,260,254,0,0,258,0.2,0.2,19.2,17.4,14.9
2026-03-02T20:44:15Z,0,0,0,0,0,0,19,849,19.2,19.4,83.1,260,252,0,0,258,0.2,0.2,19.5,17.3,15.1
2026-03-02T20:59:21Z,0,0,0,0,0,0,19.3,848.9,19.4,19.6,79.5,261,254,0,0.2,201,0.7,0.7,19.6,17.1,15.2
2026-03-02T21:14:27Z,0,0,0,0,0,0,19.4,848.8,19.5,19.8,84.8,260,254,0,0.9,201,2,2,19.9,17.9,15.4
2026-03-02T21:29:34Z,0,0,0,0,0,0,19.1,848.7,19.2,19.5,84.9,260,254,0,0.7,185,1.7,1.7,19.6,17.6,15.2
2026-03-02T21:44:40Z,0,0,0,0,0,0,18.9,848.6,19,19.3,85.9,260,253,0,0.3,187,0.9,0.9,19.4,17.5,15
2026-03-02T21:59:47Z,0,0,0,0,0,0,18.6,848.3,18.8,19,86.9,261,254,0,0.1,187,0.7,0.7,19.1,17.4,14.8
2026-03-02T22:15:13Z,0,0,0,0,0,0,18.5,848.4,18.6,18.8,88.2,260,253,0,0.2,187,0.4,0.4,19,17.4,14.6
2026-03-02T22:30:19Z,0,0,0,0,0,0,18.5,848,18.6,18.9,88.7,260,254,0,0.2,187,1.3,1.3,19,17.5,14.7
2026-03-02T22:45:26Z,0,0,0,0,0,0,18.5,848.1,18.7,18.9,89,261,254,0,0.2,211,0.7,0.7,19.1,17.6,14.7
2026-03-02T23:00:32Z,0,0,0,0,0,0,18.5,848.2,18.6,18.9,89.3,259,252,0,0.4,185,1.7,1.7,19,17.6,14.7
2026-03-02T23:15:39Z,0,0,0,0,0,0,18.5,848,18.6,18.9,89.3,259,254,0,0.6,185,1.5,1.5,19,17.6,14.7
2026-03-02T23:30:45Z,0,0,0,0,0,0,18.5,847.8,18.7,18.9,89.1,260,252,0,0.3,154,0.7,0.7,19,17.6,14.7
2026-03-02T23:45:52Z,0,0,0,0,0,0,18.5,847.7,18.6,18.9,87.8,260,253,0,0.9,192,1.3,1.3,19,17.4,14.7
2026-03-03T00:00:15Z,0,0,0,0,0,0,18.4,847.6,18.6,18.8,88,261,255,0,0.1,203,0.4,0.4,18.9,17.4,14.6
2026-03-03T00:15:33Z,0,0,0,0,0,0,18.4,847.6,18.6,18.7,88.3,261,253,0,0,203,0.2,0.2,18.9,17.3,14.5
2026-03-03T00:30:39Z,0,0,0,0,0,0,18.4,847.6,18.5,18.8,88.3,261,254,0,1,100,2.2,2.2,18.9,17.4,14.6
2026-03-03T00:45:45Z,0,0,0,0,0,0,18.4,847.6,18.6,18.8,88.3,261,253,0,0.2,185,0.7,0.7,18.9,17.4,14.6
2026-03-03T01:00:51Z,0,0,0,0,0,0,18.4,847.6,18.6,18.8,88.5,261,254,0,0.2,185,0.7,0.7,18.9,17.4,14.6
2026-03-03T01:15:58Z,0,0,0,0,0,0,18.2,847.6,18.4,18.6,88.7,259,253,0,0.1,185,0.4,0.4,18.8,17.3,14.4
2026-03-03T01:31:19Z,0,0,0,0,0,0,18.2,847.8,18.4,18.6,88.9,259,254,0,0.1,185,0.4,0.4,18.7,17.3,14.4
2026-03-03T01:46:25Z,0,0,0,0,0,0,18.3,847.9,18.4,18.6,89.1,260,253,0,0.2,143,1.3,1.3,18.8,17.3,14.4
2026-03-03T02:01:32Z,0,0,0,0,0,0,18.3,848,18.5,18.7,89.4,260,254,0,0,170,0,0,18.9,17.4,14.5
2026-03-03T02:16:38Z,0,0,0,0,0,0,18.3,848.1,18.4,18.7,89.7,260,255,0,0.1,170,0.4,0.4,18.8,17.4,14.5
2026-03-03T02:31:44Z,0,0,0,0,0,0,18.3,848.4,18.4,18.7,89.2,260,253,0,0.2,155,0.4,0.4,18.8,17.4,14.5
2026-03-03T02:46:50Z,0,0,0,0,0,0,18.3,848.4,18.5,18.7,89.4,260,253,0,0,155,0,0,18.9,17.4,14.5
2026-03-03T03:01:56Z,0,0,0,0,0,0,18.3,848.5,18.4,18.6,89.8,260,253,0,0.3,156,1.1,1.1,18.8,17.4,14.4
2026-03-03T03:17:41Z,0,0,0,0,0,0,18,848.5,18.2,18.5,90.4,261,253,0,0.2,156,0.7,0.7,18.6,17.3,14.3
2026-03-03T03:32:41Z,0,0,0,0,0,0,17.9,848.8,18.1,18.3,91.1,260,260,0,0.4,156,1.1,1.1,18.4,17.2,14.1
2026-03-03T03:47:53Z,0,0,0,0.1,0,0,18,848.7,18.1,18.3,90.9,267,308,0,0,156,0.2,0.2,18.5,17.2,14.1
2026-03-03T04:02:59Z,0,0,0,0.1,0,0,17.9,848.9,18,18.2,90.8,283,503,0,0,156,0,0,18.4,17.1,14.1
2026-03-03T04:18:25Z,0,0,0,0.3,0,0,18.1,849.1,18.2,18.4,90.6,313,811,0,0,156,0,0,18.5,17.2,14.2
2026-03-03T04:33:31Z,0,0,0,0.4,0,0,18.6,849,18.8,18.7,89.8,324,852,0,0.4,156,1.1,1.1,18.9,17.5,14.5
2026-03-03T04:48:38Z,0,0,0,0.8,0,0,18.7,849.2,18.9,18.9,89.1,399,1838,0,0.5,188,1.1,1.1,19.1,17.6,14.7
2026-03-03T05:04:33Z,0,0,0,0.9,0,0,19.2,849.3,19.3,19.4,87.3,434,2159,0,0.1,127,0.4,0.4,19.6,17.9,15.2
2026-03-03T05:19:39Z,0,0,0,0.6,0,0,19,849.5,19.3,19.5,85.9,360,1316,0,1.9,178,3.3,3.3,19.6,17.7,15.2
2026-03-03T05:34:45Z,0,0,0,0.7,0,0,19.3,849.6,19.5,19.6,86,394,1628,0,0.2,167,0.9,0.9,19.8,17.9,15.4
2026-03-03T05:49:52Z,0,0,0,2.3,0,0,21.7,849.6,21.8,21.6,79.4,689,4961,0,0.6,140,1.7,1.7,21.7,19,17.1
2026-03-03T06:04:59Z,0,0,0,0.9,0,0,20.3,849.8,20.9,20.8,81,433,2030,0,0.5,166,1.3,1.3,20.9,18.4,16.4
2026-03-03T06:20:05Z,0,0,0,0.6,0,0,20.9,849.9,21.1,21.3,78.8,379,1398,0,0.2,126,2,2,21.4,18.6,16.8
2026-03-03T06:35:30Z,0,0,0,0.9,0,0,20.1,849.9,20.4,20.6,81.4,416,1848,0,0.5,129,1.5,1.5,20.7,18.2,16.2
2026-03-03T06:50:36Z,0,0,0,0.8,0,0,20.3,850,20.4,20.8,82,406,1753,0,0.1,114,0.7,0.7,20.9,18.5,16.4
2026-03-03T07:05:43Z,0,0,0,0.8,0,0,20.1,850,20.2,20.6,82.5,414,1809,0,0.2,66,1.1,1.1,20.7,18.4,16.2
2026-03-03T07:20:50Z,0,0,0,1.1,0,0,20.8,849.9,20.8,21.4,80.2,463,2222,0,1,66,2,2,21.5,18.9,16.9
2026-03-03T07:35:56Z,0,0,0,4.7,0,0,22.7,850,22.6,23.1,74.6,1140,9729,0,0.8,79,1.5,1.5,23.3,19.8,18.4
2026-03-03T07:51:03Z,0,0,0,2.9,0,0,23.2,849.8,23.1,23.7,69.8,803,5780,0,0.9,52,2.2,2.2,23.8,19.7,18.8
2026-03-03T08:06:29Z,0,0,0,1.6,0,0,24.2,849.6,24.3,24.7,65.8,556,3200,0,0.7,50,1.1,1.1,24.9,20.1,19.6
2026-03-03T08:21:35Z,0,0,0,0.9,0,0,23.5,849.6,23.4,23.8,70.4,418,1908,0,0.2,301,1.3,1.3,23.9,19.9,18.9
2026-03-03T08:36:42Z,0,0,0,1,0,0,22.5,849.4,22.4,22.6,74.3,451,2234,0,0.6,33,1.3,1.3,22.7,19.2,17.9
2026-03-03T08:51:48Z,0,0,0,0.6,0,0,22.2,849.1,22.1,22.3,73.6,365,1377,0,0.5,1,1.3,1.3,22.4,18.9,17.6
2026-03-03T09:06:54Z,0,0,0,1.4,0,0,22.7,848.9,22.6,22.8,72.6,522,2923,0,0.8,32,1.5,1.5,22.9,19.3,18.1
2026-03-03T09:22:00Z,0,0,0,2.3,0,0,23.1,848.5,23.1,23.4,68.8,693,4680,0,0.1,47,0.4,0.4,23.5,19.3,18.6
2026-03-03T09:37:07Z,0,0,0,1.6,0,0,25.3,848.3,25.4,25.8,58.1,558,3271,0,0.5,71,1.1,1.1,25.9,19.9,20.4
2026-03-03T09:52:13Z,0,0,0,4.9,0,0,25.2,848,25.4,25.9,62,1171,9807,0,0.3,82,1.2,1.2,26.1,20.6,20.6
2026-03-03T10:07:35Z,0,0,0,4.5,0,0,25.1,847.8,25.4,26,60.3,1101,8966,0,0.2,148,0.9,0.9,26.1,20.4,20.6
2026-03-03T10:22:41Z,0,0,0,4.4,0,0,25.4,847.4,25.6,26.3,58.1,1078,8777,0,1.1,69,2.1,2.1,26.4,20.4,20.8
2026-03-03T10:37:48Z,0,0,0,4.5,0,0,25.4,847.1,25.4,26.2,58.6,1091,8967,0,0.8,73,1.7,1.7,26.3,20.3,20.7
2026-03-03T10:53:43Z,0,0,0,4.4,0,0,26.4,846.7,26.2,27,52.5,1071,8763,0,1,27,2.2,2.2,27.5,20.1,21.7
2026-03-03T11:08:49Z,0,0,0,4.1,0,0,26.8,846.4,26.9,27.6,49.8,1015,8110,0,0.7,111,2.2,2.2,28,20.2,22
2026-03-03T11:23:55Z,0,0,0,4.2,0,0,26.2,846.1,26.4,27.2,50.8,1041,8474,0,1.8,72,2.4,2.4,27.7,20,21.8
2026-03-03T11:39:01Z,0,0,0,1.9,0,0,26.1,846,26.4,27,51.1,608,3775,0,1.5,74,2.4,2.4,27.5,19.9,21.6
2026-03-03T11:54:07Z,0,0,0,3.4,0,0,26.9,845.7,27.2,27.7,50.4,899,6949,0,0.8,133,2,2,28.2,20.4,22.1
2026-03-03T12:09:13Z,0,0,0,1,0,0,26.6,845.5,26.8,27.4,51,449,2143,0,0.6,152,1.3,1.3,27.9,20.2,22
2026-03-03T12:24:39Z,0,0,0,3,0,0,25.7,845.3,26,26.4,55.3,817,6106,0,0.7,98,2.8,2.8,26.4,20,20.9
2026-03-03T12:39:45Z,0,0,0,3.1,0,0,27.9,845,28.2,29.1,48.5,830,6241,0,0.7,78,2.2,2.2,29.7,21.3,23.2
2026-03-03T12:54:51Z,0,0,0,0.6,0,0,25.8,845,26.2,26.7,54.6,362,1203,0,0.3,153,0.9,0.9,27.4,20.2,21.6
2026-03-03T13:09:57Z,0,0,0,0.8,0,0,26,844.8,26.2,26.6,53.9,409,1695,0,0.8,57,2.4,2.4,27.3,20,21.5
2026-03-03T13:25:03Z,0,0,0,0.6,0,0,24.8,844.8,24.9,25.4,58,378,1344,0,0.6,56,1,1,25.5,19.6,20.1
2026-03-03T13:40:50Z,0,0,0,1.7,0,0,25.6,844.8,25.9,26.3,52.4,575,3582,0,0.3,144,0.9,0.9,26.4,19.5,20.8
2026-03-03T13:55:56Z,0,0,0,1.2,0,0,26.9,844.7,27.2,28.2,49.9,473,2518,0,0.5,139,1.1,1.1,28.7,20.7,22.5
2026-03-03T14:11:02Z,0,0,0,0.4,0,0,25.1,845,25.3,25.8,54,328,870,0,1,92,2.4,2.4,25.8,19.3,20.4
2026-03-03T14:26:08Z,0,0,0,0.4,0,0,25.2,845.1,25.4,25.6,56.8,325,860,0,0.6,143,1.5,1.5,25.7,19.6,20.3
2026-03-03T14:41:14Z,0,0,0,0.3,0,0,24.7,845.3,24.9,25.2,57.7,322,831,0,0.6,79,2.8,2.8,25.2,19.3,19.9
2026-03-03T14:56:20Z,0,0,0,0.3,0,0,24.6,845.4,24.8,25,59.4,317,805,0,0.4,128,1.5,1.5,25,19.4,19.8
2026-03-03T15:11:44Z,0,0,0,0.2,0,0,24.2,845.4,24.2,24.6,61.3,296,608,0,0.7,64,1.5,1.5,24.6,19.3,19.5
2026-03-03T15:26:51Z,0,0,0,0.1,0,0,23.8,845.6,23.9,24.1,63,274,419,0,0.1,104,0.4,0.4,24.1,19.1,19.1
2026-03-03T15:41:51Z,0,0,0,0,0,0,23.3,845.8,23.5,23.7,64.9,265,286,0,0.2,86,0.9,0.9,23.7,19,18.7
2026-03-03T15:56:57Z,0,0,0,0,0,0,23,845.9,23.1,23.3,66.3,260,256,0,0.6,49,2,2,23.3,18.8,18.4
2026-03-03T16:12:04Z,0,0,0,0,0,0,22.7,846,22.8,23,68.1,261,253,0,0,126,0.4,0.4,23,18.8,18.2
2026-03-03T16:27:11Z,0,0,0,0,0,0,22.4,846.2,22.6,22.8,69,261,253,0,0.3,53,1.5,1.5,22.8,18.7,18
2026-03-03T16:42:17Z,0,0,0,0,0,0,22.3,846.5,22.4,22.6,69.9,260,253,0,0.1,89,0.7,0.7,22.7,18.7,17.9
2026-03-03T16:57:23Z,0,0,0,0,0,0,22.2,846.7,22.4,22.5,70.1,261,254,0,0.8,98,2.2,2.2,22.6,18.6,17.8
2026-03-03T17:12:47Z,0,0,0,0,0,0,22.1,847.2,22.2,22.4,71.2,259,253,0,0.3,60,1.1,1.1,22.5,18.7,17.7
2026-03-03T17:27:54Z,0,0,0,0,0,0,21.7,847.5,21.9,22.1,71.9,260,253,0,1.8,51,3.7,3.7,22.2,18.5,17.5
2026-03-03T17:43:00Z,0,0,0,0,0,0,21.1,847.7,21.2,21.5,75.2,260,253,0,1.4,53,2.6,2.6,21.6,18.4,17
2026-03-03T17:58:06Z,0,0,0,0,0,0,20.6,848.2,20.8,21,77.8,261,253,0,1.1,71,2.4,2.4,21.1,18.2,16.6
2026-03-03T18:13:12Z,0,0,0,0,0,0,20.3,848.4,20.4,20.7,79.7,260,254,0,0.5,65,0.9,0.9,20.8,18.1,16.3
2026-03-03T18:28:18Z,0,0,0,0,0,0,20,848.5,20.2,20.5,81.6,259,252,0,0.8,75,1.5,1.5,20.6,18.2,16.1
2026-03-03T18:43:24Z,0,0,0,0,0,0,19.9,848.6,20.1,20.3,83.4,259,253,0,0.2,86,0.7,0.7,20.4,18.2,15.9
2026-03-03T19:00:40Z,0,0,0,0,0,0,19.9,848.8,20,20.2,82.6,260,253,0,1.4,68,2.4,2.4,20.4,18.1,15.9
2026-03-03T19:15:46Z,0,0,0,0,0,0,19.8,848.8,20,20.2,85,260,254,0,0.1,4,0.9,0.9,20.3,18.3,15.9
2026-03-03T19:30:52Z,0,0,0,0,0,0,19.7,848.8,19.7,20,85.7,260,253,0,0.2,2,1.3,1.3,20.1,18.2,15.6
2026-03-03T19:45:58Z,0,0,0,0,0,0,19.3,848.9,19.4,19.6,86.6,259,254,0,0.1,105,0.4,0.4,19.8,18,15.4
2026-03-03T20:01:05Z,0,0,0,0,0,0,19.1,849,19.3,19.5,87.2,261,253,0,0,104,0,0,19.6,17.9,15.2
2026-03-03T20:16:11Z,0,0,0,0,0,0,19,848.8,19.2,19.4,87.2,260,255,0,0,309,0,0,19.5,17.8,15.1
2026-03-03T20:31:18Z,0,0,0,0,0,0,19,849,19.2,19.4,87.1,260,254,0,0.1,30,0.7,0.7,19.5,17.8,15.1
2026-03-03T20:46:24Z,0,0,0,0,0,0,19,849,19.2,19.4,86.6,261,254,0,0.6,17,1.3,1.3,19.5,17.7,15.1
2026-03-03T21:01:30Z,0,0,0,0,0,0,19,848.7,19.1,19.3,86.7,259,253,0,0.2,346,0.9,0.9,19.5,17.7,15.1
2026-03-03T21:16:52Z,0,0,0,0,0,0,18.8,848.7,19,19.2,86.9,259,254,0,0.4,7,1.1,1.1,19.3,17.6,14.9
2026-03-03T21:31:58Z,0,0,0,0,0,0,18.6,848.3,18.7,18.9,87,261,254,0,0,39,0,0,19,17.3,14.7
2026-03-03T21:47:05Z,0,0,0,0,0,0,18.4,848.1,18.6,18.8,87.8,262,253,0,0.1,348,0.4,0.4,18.9,17.3,14.5
2026-03-03T22:02:11Z,0,0,0,0,0,0,18.3,847.9,18.4,18.6,87.8,260,253,0,0,349,0,0,18.7,17.2,14.4
2026-03-03T22:17:18Z,0,0,0,0,0,0,18.1,847.6,18.2,18.5,88.2,261,254,0,0,349,0,0,18.6,17.1,14.3
2026-03-03T22:33:00Z,0,0,0,0,0,0,18.1,847.6,18.2,18.5,88.4,260,253,0,0,350,0.2,0.2,18.6,17.1,14.3
2026-03-03T22:48:06Z,0,0,0,0,0,0,18.4,847.5,18.4,18.6,87.7,260,254,0,0,103,0,0,18.7,17.1,14.4
2026-03-03T23:03:12Z,0,0,0,0,0,0,18.5,847.5,18.6,18.8,87.6,260,254,0,0,103,0,0,19,17.3,14.6
2026-03-03T23:18:18Z,0,0,0,0,0,0,18.8,847.4,18.9,19.1,87.6,261,253,0,0,104,0,0,19.2,17.6,14.9
2026-03-03T23:33:25Z,0,0,0,0,0,0,18.8,847.3,18.9,19.1,88,260,252,0,0,162,0.2,0.2,19.2,17.6,14.9
2026-03-03T23:48:31Z,0,0,0,0,0,0,18.7,847.4,18.9,19.1,89.8,260,254,0,0.3,162,0.7,0.7,19.2,17.8,14.9
2026-03-04T00:00:56Z,0,0,0,0,0,0,18.6,847.3,18.8,19,90.4,260,254,0,0.2,162,0.4,0.4,19.2,17.8,14.8
2026-03-04T00:16:02Z,0,0,0,0,0,0,18.4,847.3,18.6,18.8,90.7,260,254,0,0,162,0,0,18.9,17.6,14.6
2026-03-04T00:31:09Z,0,0,0,0,0,0,18.2,847.5,18.4,18.6,91.2,260,253,0,0,162,0,0,18.7,17.5,14.4
2026-03-04T00:46:15Z,0,0,0,0,0,0,18.2,847.5,18.3,18.5,91.4,259,254,0,0.1,162,0.2,0.2,18.6,17.5,14.3
2026-03-04T01:01:22Z,0,0,0,0,0,0,18.2,847.6,18.2,18.5,91.6,260,254,0,0,162,0,0,18.6,17.5,14.3
2026-03-04T01:16:28Z,0,0,0,0,0,0,18.2,847.6,18.3,18.5,91.4,260,254,0,0.2,162,0.7,0.7,18.7,17.5,14.3
2026-03-04T01:31:34Z,0,0,0,0,0,0,18.3,847.5,18.4,18.7,91.1,259,254,0,0.1,162,0.4,0.4,18.8,17.6,14.5
2026-03-04T01:46:59Z,0,0,0,0,0,0,18.4,847.6,18.5,18.8,90.9,260,252,0,0,161,0,0,18.9,17.7,14.6
2026-03-04T02:02:05Z,0,0,0,0,0,0,17.9,847.9,18.1,18.3,89.2,260,253,0,0.6,189,2,2,18.4,17,14.1
2026-03-04T02:17:12Z,0,0,0,0,0,0,17.6,848.4,17.8,18,89.8,260,254,0,0.5,197,0.9,0.9,18.1,16.8,13.9
2026-03-04T02:32:18Z,0.4,0,4,0,0,0,16.2,848.8,16.2,16.7,90.6,261,254,0,0.6,61,1.5,1.5,16.8,15.6,12.6
2026-03-04T02:47:25Z,0,0,8.4,0,0,0,15.9,848.9,16.2,16.4,92.5,260,254,0,0,111,0,0,16.5,15.5,12.3
2026-03-04T03:02:31Z,0.2,0,9.8,0,0,0,16,848.9,16.2,16.5,93,260,252,0,0.6,102,1.3,1.3,16.5,15.6,12.3
2026-03-04T03:18:09Z,0,0,11.6,0,0,0,16.1,848.8,16.3,16.5,93.3,259,253,0,0,6,0.2,0.2,16.6,15.7,12.3
2026-03-04T03:33:15Z,0.2,0,13.4,0,0,0,16,848.7,16.3,16.4,93.6,260,254,0,0,3,0.2,0.2,16.5,15.7,12.3
2026-03-04T03:48:21Z,0,0,14.4,0,0,0,16,848.9,16.2,16.5,93.8,261,259,0,0,3,0,0,16.5,15.7,12.3
2026-03-04T04:03:27Z,0,0,14.8,0,0,0,16.1,849,16.3,16.5,94,263,282,0,0.1,286,0.4,0.4,16.6,15.8,12.3
2026-03-04T04:18:33Z,0,0,15.2,0.1,0,0,16.1,849.1,16.3,16.5,94.2,267,330,0,0,232,0,0,16.6,15.8,12.3
2026-03-04T04:33:39Z,0,0,15.6,0.1,0,0,16.1,849.3,16.3,16.5,94.3,273,397,0,0.1,233,0.4,0.4,16.5,15.8,12.3
2026-03-04T04:49:05Z,0,0,16,0.1,0,0,16.1,849.3,16.2,16.5,94.3,283,480,0,0,232,0,0,16.6,15.9,12.4
2026-03-04T05:04:11Z,0.2,0,16.4,0.2,0,0,16.2,849.3,16.3,16.5,94.3,291,568,0,0,233,0.2,0.2,16.6,15.9,12.4
2026-03-04T05:19:17Z,0,0,16.4,0.3,0,0,16.3,849.6,16.4,16.6,94.3,322,891,0,0,232,0,0,16.7,16,12.5
2026-03-04T05:34:23Z,0,0,16.6,0.5,0,0,16.4,849.3,16.6,16.8,94.3,353,1218,0,0.3,233,0.4,0.4,16.9,16.1,12.7
2026-03-04T05:49:29Z,0,0,16.6,0.6,0,0,16.8,849.4,16.9,17.1,94.2,377,1473,0,0.4,233,1.1,1.1,17.2,16.4,13
2026-03-04T06:04:35Z,0,0,0,0.6,16.6,0,17,849.4,17.1,17.4,94,373,1437,0,0,232,0,0,17.5,16.7,13.3
2026-03-04T06:19:41Z,0,0,0,1.5,16.6,0,17.5,849.4,17.6,17.9,93.2,536,3198,0,0.3,261,0.7,0.7,18.1,17.1,13.8
2026-03-04T06:34:47Z,0,0,0,1.9,16.6,0,18.7,849.5,18.6,19,90.3,614,3983,0,0,258,0.2,0.2,19.1,17.8,14.8
2026-03-04T06:50:11Z,0,0,0,1.7,16.6,0,20.4,849.5,20.1,20.7,83.5,580,3597,0,0,258,0.2,0.2,20.9,18.7,16.3
2026-03-04T07:05:17Z,0,0,0,1.6,16.6,0,20.4,849.5,20.2,21.1,80.7,554,3315,0,0.2,93,0.7,0.7,21.2,18.6,16.6
2026-03-04T07:20:23Z,0,0,0,1.2,16.6,0,20.9,849.6,21,21.4,77.1,486,2624,0,0,93,0.2,0.2,21.5,18.5,16.9
2026-03-04T07:35:29Z,0,0,0,1.3,16.6,0,21,849.6,21.2,21.7,73.9,505,2807,0,0.1,93,0.4,0.4,21.8,18.4,17.1
2026-03-04T07:50:32Z,0,0,0.2,1.5,16.6,0,21.6,849.7,21.7,22.1,75.9,535,3105,0,0.2,92,0.7,0.7,22.2,19,17.5
2026-03-04T08:05:39Z,0,0,0.2,0.4,16.6,0,21.2,849.7,21.1,21.9,76.4,338,1089,0,0,359,0,0,22,18.9,17.3
2026-03-04T08:20:48Z,0,0,0.2,1.1,16.6,0,20.8,849.9,20.9,21.4,76.1,461,2342,0,0.3,0,0.9,0.9,21.5,18.4,16.9
2026-03-04T08:36:13Z,0,0,0.2,2,16.6,0,21.9,849.6,21.9,22.4,73.4,636,4113,0,0.6,0,0.9,0.9,22.5,18.9,17.7
2026-03-04T08:51:19Z,0,0,0.2,1.1,16.6,0,22.3,849.4,22.6,23,70.5,468,2384,0,0.3,0,0.9,0.9,23.1,19.1,18.2
2026-03-04T09:06:25Z,0,0,0.2,2.4,16.6,0,22.5,849.2,22.5,23.2,69.4,700,4859,0,0.3,0,1.1,1.1,23.3,19.2,18.4
2026-03-04T09:21:31Z,0,0,0.2,2.7,16.6,0,24.2,848.7,24.2,24.8,66.4,752,5316,0,0.1,0,0.4,0.4,24.9,20.2,19.7
2026-03-04T09:36:36Z,0,0,0.2,2.4,16.6,0,23.5,848.4,24.2,24,65.5,701,4741,0,0.4,187,0.9,0.9,24.1,19.4,19.1
2026-03-04T09:51:42Z,0,0,0.2,5.9,16.6,0,24.4,848.1,24.8,25,62.7,1365,11939,0,0.5,163,1.3,1.3,25.1,19.9,19.8
2026-03-04T10:06:48Z,0,0,0.2,4.8,16.6,0,25.7,847.9,25.8,26.1,61.3,1158,9466,0,1,145,1.5,1.5,26.2,20.7,20.7
2026-03-04T10:21:54Z,0,0,0.2,1.4,16.6,0,24.7,847.7,25.3,25.3,61.5,525,2887,0,0.8,182,1.7,1.7,25.4,20,20.1
2026-03-04T10:37:19Z,0,0,0.2,4.6,16.6,0,24.6,847.4,25.1,25.5,63.7,1115,9114,0,0.2,167,0.9,0.9,25.6,20.5,20.3
2026-03-04T10:52:26Z,0,0,0.2,4.4,16.6,0,25.1,847,25.8,25.9,57.6,1082,8730,0,0.1,171,0.6,0.6,26,20,20.5
2026-03-04T11:07:32Z,0,0,0.2,3.6,16.6,0,26.1,846.6,26.6,27.1,53.6,926,7081,0,0.1,161,0.4,0.4,27.7,20.4,21.8
2026-03-04T11:22:38Z,0,0,0.2,3.7,16.6,0,26.6,846.4,27.2,27.5,53.3,948,7352,0,0.8,189,1.7,1.7,28.2,20.7,22.1
2026-03-04T11:37:44Z,0,0,0.2,1.1,16.6,0,25.3,846.3,26,26.2,58.2,463,2254,0,0.3,169,0.9,0.9,26.3,20.3,20.7
2026-03-04T11:52:50Z,0,0,0.2,3.1,16.6,0,25.5,845.9,26,26.2,58.6,839,6245,0,0.5,164,1.3,1.3,26.3,20.4,20.8
2026-03-04T12:07:56Z,0,0,0.2,1.3,16.6,0,24.7,846,25.1,25.2,60.4,505,2689,0,1.1,158,2.4,2.4,25.2,19.7,20
2026-03-04T12:23:22Z,0,0,0.2,0.8,16.6,0,24.5,845.8,24.8,25,64.2,397,1616,0,0,140,0,0,25.2,20.2,19.9
2026-03-04T12:38:28Z,0,0,0.2,0.3,16.6,0,24.5,845.7,24.5,24.8,62.3,324,881,0,0.9,16,1.7,1.7,24.9,19.7,19.7
2026-03-04T12:53:34Z,0,0,0.2,0.4,16.6,0,24.1,845.8,24.2,24.4,64.8,328,935,0,0.7,58,2,2,24.5,19.6,19.4
2026-03-04T13:08:41Z,0,0,0.2,0.5,16.6,0,23.4,845.7,23.3,23.5,70.9,355,1234,0,0.8,16,1.3,1.3,23.6,19.7,18.7
2026-03-04T13:23:47Z,0,0,0.2,0.4,16.6,0,22.8,846,22.8,23.1,74.3,330,980,0,1.4,87,2.8,2.8,23.3,19.8,18.4
2026-03-04T13:39:14Z,0,0,0.2,0.4,16.6,0,20.6,846.3,20.6,21.1,79.8,334,1018,0,2.4,67,4.4,4.4,21.2,18.5,16.6
2026-03-04T13:54:38Z,0,0,0.2,0.4,16.6,0,20.5,846.5,20.6,20.8,79.2,341,1077,0,1.2,65,3.1,3.1,20.9,18.2,16.4
2026-03-04T14:09:44Z,0,0,0.2,0.5,16.6,0,20.5,846.5,20.6,20.9,78.4,351,1211,0,1,49,2,2,21,18.2,16.4
2026-03-04T14:24:50Z,0,0,0.2,0.5,16.6,0,20.5,846.5,20.7,20.9,77.9,343,1135,0,1,57,1.7,1.7,21,18.1,16.4
2026-03-04T14:39:56Z,0,0,0.2,0.3,16.6,0,20.6,846.7,20.8,21,78.4,316,850,0,0.2,73,0.4,0.4,21.1,18.3,16.6
2026-03-04T14:55:03Z,0,0,0.2,0.2,16.6,0,20.7,846.4,20.9,21,76.7,299,661,0,0.2,64,0.7,0.7,21.1,18.1,16.5
2026-03-04T15:10:08Z,0,0,0.2,0.2,16.6,0,20.6,846.3,20.8,20.9,77.7,287,538,0,0,31,0.2,0.2,21,18.1,16.5
2026-03-04T15:25:14Z,0,0,0.2,0.1,16.6,0,20.4,846.4,20.6,20.8,79.2,276,421,0,0.7,67,2,2,20.9,18.2,16.3
2026-03-04T15:40:21Z,0,0,0.2,0,16.6,0,20.3,847.3,20.4,20.6,80.1,263,295,0,0.1,89,0.8,0.8,20.7,18.2,16.2
2026-03-04T15:55:44Z,0,0,0.2,0,16.6,0,20.3,847.7,20.4,20.6,74.8,262,254,0,0.2,165,0.7,0.7,20.6,17.4,16.1
2026-03-04T16:10:50Z,0,0,0.2,0,16.6,0,20.2,847.8,20.3,20.5,77.4,261,253,0,0,165,0,0,20.6,17.7,16.1
2026-03-04T16:25:57Z,0,0,0.2,0,16.6,0,19.9,847.7,20.1,20.3,79.1,261,253,0,0.1,83,0.2,0.2,20.4,17.7,15.9
2026-03-04T16:41:03Z,0,0,0.2,0,16.6,0,19.7,848,19.8,20.1,80.5,259,254,0,0,83,0,0,20.2,17.7,15.7
2026-03-04T16:56:09Z,0,0,0.2,0,16.6,0,19.5,848.1,19.7,19.9,79.5,259,254,0,0.1,83,0.4,0.4,20,17.4,15.5
2026-03-04T17:11:52Z,0,0,0.2,0,16.6,0,19.4,848.2,19.6,19.8,80.3,261,254,0,0.2,144,0.7,0.7,19.9,17.4,15.4
2026-03-04T17:26:53Z,0,0,0.2,0,16.6,0,19.3,848.6,19.4,19.7,82.7,261,253,0,0.2,127,1.1,1.1,19.8,17.6,15.4
2026-03-04T17:41:58Z,0,0,0.2,0,16.6,0,19.1,848.8,19.2,19.5,83.7,261,253,0,0,146,0.2,0.2,19.6,17.5,15.2
2026-03-04T17:57:05Z,0,0,0.2,0,16.6,0,19,849,19.2,19.4,83.4,261,253,0,0.4,145,1.1,1.1,19.5,17.3,15.1
2026-03-04T18:12:11Z,0,0,0.2,0,16.6,0,19,849.2,19.1,19.4,83.3,261,254,0,0,146,0.2,0.2,19.4,17.3,15
2026-03-04T18:27:17Z,0,0,0.2,0,16.6,0,19,849.5,19.2,19.4,83.8,260,252,0,0,146,0,0,19.5,17.4,15.1
2026-03-04T18:42:24Z,0,0,0.2,0,16.6,0,19,849.7,19.1,19.4,84.3,261,253,0,0,146,0,0,19.4,17.4,15.1
2026-03-04T18:57:49Z,0,0,0.2,0,16.6,0,18.9,849.7,19.1,19.2,85.7,260,255,0,0,146,0,0,19.3,17.5,15
2026-03-04T19:12:56Z,0,0,0.2,0,16.6,0,18.8,849.9,18.9,19.1,86.5,261,253,0,0,146,0,0,19.2,17.4,14.8
2026-03-04T19:28:02Z,0,0,0.2,0,16.6,0,18.6,850.3,18.8,19,86.1,262,253,0,0,146,0,0,19.1,17.3,14.7
2026-03-04T19:43:08Z,0,0,0.2,0,16.6,0,18.7,850.4,18.8,19,86.3,260,253,0,0,146,0,0,19.1,17.4,14.8
2026-03-04T19:58:15Z,0,0,0.2,0,16.6,0,18.6,850.5,18.8,18.9,87.4,259,253,0,0,146,0,0,19,17.4,14.7
2026-03-04T20:13:21Z,0,0,0.2,0,16.6,0,18.4,850.7,18.6,18.7,89.1,261,253,0,0,146,0,0,18.9,17.4,14.5
2026-03-04T20:28:27Z,0,0,0.4,0,16.6,0,18.1,850.7,18.4,18.5,89.6,260,253,0,0,146,0,0,18.6,17.3,14.3
2026-03-04T20:43:52Z,0,0,0.4,0,16.6,0,18,850.5,18.1,18.4,90.3,259,253,0,0,146,0,0,18.5,17.2,14.2
2026-03-04T20:58:58Z,0,0,0.4,0,16.6,0,18,850.3,18.1,18.2,91.2,261,252,0,0,146,0,0,18.3,17.2,14
2026-03-04T21:14:05Z,0,0,0.4,0,16.6,0,17.8,850.2,17.9,18.1,91.4,260,254,0,0,146,0,0,18.2,17.1,13.9
2026-03-04T21:29:11Z,0,0,0.4,0,16.6,0,17.7,850,17.8,18,91.7,260,254,0,0,146,0,0,18.2,17,13.9
2026-03-04T21:44:17Z,0,0,0.4,0,16.6,0,17.7,850.1,17.8,18,91.8,259,253,0,0,146,0,0,18.1,17,13.9
2026-03-04T21:59:24Z,0,0,0.4,0,16.6,0,17.6,849.7,17.8,17.9,92.1,261,254,0,0,146,0,0,18.1,17,13.8
2026-03-04T22:15:03Z,0,0,0.4,0,16.6,0,17.5,849.6,17.6,17.8,92.3,260,253,0,0,146,0,0,17.9,16.9,13.7
2026-03-04T22:30:10Z,0,0,0.4,0,16.6,0,17.4,849.5,17.4,17.7,92.4,260,253,0,0,146,0,0,17.8,16.8,13.5
2026-03-04T22:45:16Z,0,0,0.4,0,16.6,0,17.4,849.4,17.5,17.7,92.6,260,253,0,0,146,0,0,17.8,16.8,13.6
2026-03-04T23:00:23Z,0,0,0.4,0,16.6,0,17.4,849.4,17.6,17.7,92.7,260,254,0,0,146,0,0,17.8,16.8,13.6
2026-03-04T23:15:29Z,0,0,0.6,0,16.6,0,17.3,849.2,17.4,17.6,92.7,260,253,0,0,146,0,0,17.8,16.8,13.5
2026-03-04T23:30:36Z,0,0,0.6,0,16.6,0,17.4,849.1,17.5,17.8,92.8,259,253,0,0,146,0,0,17.9,16.9,13.6
2026-03-04T23:45:59Z,0,0,0.6,0,16.6,0,17.3,848.8,17.4,17.6,92.8,260,253,0,0,146,0,0,17.8,16.8,13.5
2026-03-05T00:00:05Z,0,0,0.6,0,16.6,0,17.3,848.8,17.4,17.6,92.9,261,253,0,0,146,0,0,17.8,16.8,13.5
2026-03-05T00:15:12Z,0,0,0.6,0,16.6,0,17.2,848.7,17.4,17.5,92.9,262,253,0,0,146,0,0,17.7,16.7,13.4
2026-03-05T00:30:18Z,0,0,0.6,0,16.6,0,17.2,848.8,17.3,17.5,93,260,253,0,0,146,0,0,17.7,16.7,13.4
2026-03-05T00:45:24Z,0,0,0.6,0,16.6,0,17.2,848.7,17.4,17.6,93.1,261,254,0,0,146,0,0,17.7,16.8,13.5
2026-03-05T01:00:31Z,0,0,0.6,0,16.6,0,17.3,848.6,17.4,17.6,93.3,260,253,0,0,146,0,0,17.7,16.8,13.5
2026-03-05T01:15:38Z,0,0,0.6,0,16.6,0,17.3,848.5,17.4,17.6,93.4,260,253,0,0.6,146,0.9,0.9,17.7,16.8,13.4
2026-03-05T01:31:09Z,0,0,0.6,0,16.6,0,17.1,848.5,17.2,17.4,93.3,261,253,0,0,146,0,0,17.5,16.6,13.3
2026-03-05T01:46:15Z,0,0,0.6,0,16.6,0,16.9,848.6,17,17.3,93.4,261,254,0,0,146,0.2,0.2,17.4,16.5,13.1
2026-03-05T02:01:22Z,0,0,0.6,0,16.6,0,16.8,848.7,16.8,17.1,93.4,260,254,0,0,146,0,0,17.2,16.4,13
2026-03-05T02:16:28Z,0,0,0.6,0,16.6,0,16.7,848.8,16.8,17,93.5,261,253,0,0,146,0,0,17.1,16.3,12.9
2026-03-05T02:31:35Z,0,0,0.6,0,16.6,0,16.7,849,16.8,17,93.6,260,254,0,0,146,0.2,0.2,17.1,16.3,12.9
2026-03-05T02:46:41Z,0,0,0.6,0,16.6,0,16.7,849.1,16.8,17,93.7,258,253,0,0,146,0,0,17.1,16.2,12.9
2026-03-05T03:02:05Z,0,0,0.6,0,16.6,0,16.7,849,16.8,17.1,93.8,260,253,0,0,146,0,0,17.2,16.3,12.9
2026-03-05T03:17:11Z,0,0,0.6,0,16.6,0,16.7,849.2,16.8,17.1,93.8,262,253,0,0,146,0,0,17.2,16.3,12.9
2026-03-05T03:32:18Z,0,0,0.6,0,16.6,0,16.7,849.2,16.9,17.1,94,260,259,0,0,146,0,0,17.2,16.4,13
2026-03-05T03:47:24Z,0,0,0.6,0.1,16.6,0,16.7,849.2,16.7,17,94,266,293,0,0,146,0,0,17.1,16.3,12.9
2026-03-05T04:02:26Z,0,0,0.6,0.1,16.6,0,16.7,849.5,16.8,17.1,94,268,309,0,0,146,0,0,17.2,16.4,12.9
2026-03-05T04:17:33Z,0,0,0.6,0.1,16.6,0,16.9,849.5,16.9,17.2,94.1,271,367,0,0,146,0,0,17.3,16.5,13.1
2026-03-05T04:32:39Z,0,0,0.6,0.3,16.6,0,17.3,849.5,17.3,17.6,94.2,318,855,0,0,146,0,0,17.7,16.9,13.4
2026-03-05T04:47:46Z,0,0,0.6,0.3,16.6,0,17.7,849.7,17.7,17.8,94.2,308,680,0,0,146,0,0,17.9,17.1,13.6
2026-03-05T05:03:08Z,0,0,0.6,0.4,16.6,0,17.8,850,17.7,17.8,93.8,326,877,0,0,146,0,0,17.9,17,13.6
2026-03-05T05:18:15Z,0,0,0.6,0.4,16.6,0,17.9,850.3,17.9,18,93.2,327,906,0,0,146,0,0,18.2,17.2,13.9
2026-03-05T05:33:21Z,0,0,0.6,0.6,16.6,0,18.2,850.6,18.3,18.5,91.9,366,1392,0,0,146,0,0,18.6,17.5,14.3
2026-03-05T05:49:18Z,0,0,0.6,0.8,16.6,0,18.9,850.7,18.9,19.2,88.7,398,1696,0,0.3,146,0.9,0.9,19.3,17.8,15
2026-03-05T06:04:24Z,0,0,0,0.8,0.6,0,19.6,850.7,19.6,19.6,86.8,396,1599,0,0,146,0.2,0.2,19.8,18,15.3
2026-03-05T06:19:30Z,0,0,0,0.4,0.6,0,19.6,850.8,19.7,20,84.3,334,917,0,0.4,146,0.7,0.7,20.2,18.1,15.7
2026-03-05T06:34:37Z,0,0,0,0.8,0.6,0,19.8,850.9,19.9,20.1,84.4,403,1689,0,0,146,0.2,0.2,20.3,18.2,15.8
2026-03-05T06:49:43Z,0,0,0,1.4,0.6,0,21.8,850.8,21.8,21.8,79.4,509,2771,0,0,146,0,0,21.9,19.1,17.2
2026-03-05T07:05:07Z,0,0,0,1,0.6,0,21.4,850.6,21.8,21.5,79.6,438,2140,0,0.1,146,0.4,0.4,21.7,19,17
2026-03-05T07:20:14Z,0,0,0,0.5,0.6,0,22,850.5,22.3,22.3,77.5,346,1185,0,0,146,0,0,22.5,19.5,17.7
2026-03-05T07:35:20Z,0,0,0,0.4,0.6,0,21.8,850.5,21.8,22,77.9,331,944,0,0,146,0,0,22.2,19.2,17.4
2026-03-05T07:50:26Z,0,0,0,0.8,0.6,0,20.7,850.3,21.1,21.2,81.8,401,1688,0,1.3,146,1.9,1.9,21.3,18.9,16.7
2026-03-05T08:06:16Z,0,0,0,3.5,0.6,0,20.3,850.3,20.6,20.7,83.5,918,7673,0,1.2,190,2.4,2.4,20.9,18.7,16.3
2026-03-05T08:21:22Z,0,0,0,1.7,0.6,0,21.3,850,21.5,21.6,82.9,573,3560,0,0,185,0,0,21.8,19.4,17.1
2026-03-05T08:36:29Z,0,0,0,5.1,0.6,0,22.2,849.7,22.7,22.6,78.9,1215,10521,0,0.4,160,1.1,1.1,22.8,19.9,18
2026-03-05T08:52:17Z,0,0,0,2.5,0.6,0,22.5,849.4,23.1,23,76,716,4843,0,0.5,181,1.1,1.1,23.2,19.9,18.3
2026-03-05T09:07:24Z,0,0,0,5,0.6,0,25,849.2,25.2,25.5,66.8,1196,10090,0,0.8,129,1.7,1.7,25.7,20.9,20.3
2026-03-05T09:22:29Z,0,0,0,5.1,0.6,0,24.7,848.9,24.6,25.5,61.2,1201,10110,0,1.1,64,1.7,1.7,25.6,20.1,20.2
2026-03-05T09:37:36Z,0,0,0,3.2,0.6,0,25.3,848.6,25.3,25.9,61.1,847,6245,0,2.3,74,3.7,3.7,26,20.5,20.6
2026-03-05T09:52:42Z,0,0,0,1.5,0.6,0,25.4,848.3,25.6,26.1,57.7,537,3017,0,1.2,107,2.8,2.8,26.2,20.2,20.7
2026-03-05T10:07:49Z,0,0,0,1.5,0.6,0,24.8,848,25,25.6,62.5,536,3034,0,0.8,79,1.7,1.7,25.8,20.4,20.3
2026-03-05T10:23:14Z,0,0,0,3.2,0.6,0,26,847.6,26,26.6,54.3,861,6309,0,1.4,60,3.5,3.5,27.3,20.1,21.5
2026-03-05T10:38:20Z,0,0,0,1.7,0.6,0,26.1,847.1,26.2,26.9,56.7,569,3265,0,2.3,74,3.7,3.7,27.7,20.7,21.8
2026-03-05T10:53:26Z,0,0,0,2.4,0.6,0,26.2,846.7,26.6,26.9,58.3,704,4855,0,0.1,130,0.4,0.4,27.9,21,21.9
2026-03-05T11:08:33Z,0,0,0,4.7,0.6,0,26.3,846.5,26.4,27.1,58,1142,9495,0,0.6,76,1.5,1.5,28.1,21.1,22.1
2026-03-05T11:24:32Z,0,0,0,4.8,0.6,0,26.7,846,26.8,27.6,57,1152,9685,0,0.9,107,2.8,2.8,28.6,21.3,22.4
2026-03-05T11:39:38Z,0,0,0,4.9,0.6,0,26.5,845.9,26.8,27.3,55.8,1167,9795,0,1.2,82,2.8,2.8,28.1,20.9,22.1
2026-03-05T11:54:44Z,0,0,0,1.5,0.6,0,25.8,845.6,26,26.6,57.6,543,3130,0,1.7,64,3.5,3.5,27.4,20.5,21.6
2026-03-05T12:09:51Z,0,0,0,0.5,0.6,0,25.7,845.7,25.8,26.5,59.6,356,1292,0,0.8,88,2.2,2.2,26.6,20.8,21
2026-03-05T12:24:58Z,0,0,0,1.3,0.6,0,24.3,845.5,24.5,24.8,64.2,506,2822,0,0.4,128,1.3,1.3,24.9,19.9,19.7
2026-03-05T12:40:10Z,0,0,0,1.6,0.6,0,24.5,845.1,24.7,25,63.6,554,3309,0,0.7,129,1.5,1.5,25.1,20,19.9
2026-03-05T12:55:32Z,0,0,0,1.4,0.6,0,25,844.9,25.1,25.5,60.1,512,2882,0,2,66,3.7,3.7,25.6,20,20.2
2026-03-05T13:10:38Z,0,0,0,1.1,0.6,0,23.8,845.1,24.1,24.3,67.1,461,2348,0,0.8,109,2,2,24.5,19.9,19.3
2026-03-05T13:25:45Z,0,0,0,1.1,0.6,0,24,845.3,24.2,24.4,66.5,466,2395,0,0.5,76,1.3,1.3,24.5,19.9,19.4
2026-03-05T13:40:51Z,0,0,0,0.6,0.6,0,23.7,845.1,23.9,24.2,69,362,1301,0,1,164,3.1,3.1,24.3,20,19.2
2026-03-05T13:56:42Z,0,0,0,0.6,0.6,0,22.8,845.5,23,23.2,72.3,369,1363,0,0.5,146,2,2,23.3,19.6,18.4
2026-03-05T14:11:48Z,0,0,0,0.4,0.6,0,22.3,845.5,22.6,22.7,71.7,341,1082,0,0.4,138,1.5,1.5,22.8,19.1,18
2026-03-05T14:26:54Z,0,0,0,0.3,0.6,0,21.8,845.9,22.1,22.2,74.5,318,824,0,0.7,139,3.3,3.3,22.4,19,17.6
2026-03-05T14:42:01Z,0,0,0,0.1,0.6,0,21.5,846.2,21.7,21.9,75.9,282,472,0,0.2,108,0.8,0.8,22.1,18.9,17.4
2026-03-05T14:57:08Z,0,0,0,0,0.6,0,21.3,846.8,21.4,21.7,78.1,264,290,0,1.2,55,2.4,2.4,21.8,18.9,17.2
2026-03-05T15:12:46Z,0,0,0,0,0.6,0,19.5,847.1,19.6,19.9,75.3,261,262,0,0.6,55,1.4,1.4,19.9,16.9,15.5
2026-03-05T15:28:40Z,0,0,0,0,0.6,0,18.4,847.4,18.3,18.8,83.1,260,257,0,0.3,292,0.7,0.7,18.9,16.8,14.6
2026-03-05T15:43:47Z,0,0,1,0,0.6,0,17.4,847.8,17.4,17.8,89.3,260,254,0,0.1,25,0.4,0.4,17.9,16.5,13.6
2026-03-05T15:58:53Z,0,0,1,0,0.6,0,17.4,848.1,17.6,17.8,90.2,260,253,0,0,57,0,0,17.9,16.6,13.6
2026-03-05T16:13:59Z,0,0,1,0,0.6,0,17.6,848.3,17.7,18,90.8,260,254,0,0,57,0,0,18.1,16.8,13.8
2026-03-05T16:29:06Z,0,0,1.2,0,0.6,0,17.7,848.3,17.8,18,91.5,259,253,0,0.2,299,0.9,0.9,18.1,17,13.9
2026-03-05T16:44:13Z,0,0,1.2,0,0.6,0,17.2,848.4,17.2,17.4,91.3,260,252,0,0.2,298,0.7,0.7,17.5,16.4,13.3
2026-03-05T17:00:45Z,0,0,1.2,0,0.6,0,17,848.6,17.1,17.3,91.6,259,255,0,0.7,299,1.3,1.3,17.4,16.3,13.1
2026-03-05T17:15:51Z,0,0,1.2,0,0.6,0,17,848.8,17.1,17.4,91.7,259,253,0,0.4,21,0.7,0.7,17.4,16.4,13.2
2026-03-05T17:31:48Z,0,0,1.2,0,0.6,0,17,848.9,17.1,17.3,91.5,259,254,0,0.4,161,1.1,1.1,17.4,16.3,13.2
2026-03-05T17:46:54Z,0,0,1.2,0,0.6,0,17.1,849.2,17.2,17.4,91.3,260,253,0,0.6,161,1.5,1.5,17.5,16.4,13.3
2026-03-05T18:02:00Z,0,0,1.2,0,0.6,0,17.2,849.4,17.2,17.5,91.4,260,254,0,0,161,0,0,17.6,16.5,13.4
2026-03-05T18:17:06Z,0,0,2.8,0,0.6,0,17.1,849.4,17.2,17.4,92.1,259,254,0,0,161,0.2,0.2,17.5,16.5,13.3
2026-03-05T18:32:50Z,0,0,3.4,0,0.6,0,17.1,849.7,17.2,17.5,92.7,260,254,0,0,302,0,0,17.6,16.6,13.3
2026-03-05T18:48:49Z,0,0,4,0,0.6,0,17.4,849.7,17.5,17.7,93,259,253,0,0,302,0,0,17.8,16.9,13.6
2026-03-05T19:04:48Z,0,0,4.8,0,0.6,0,17.5,849.8,17.6,17.8,93.1,261,253,0,0,292,0,0,18,17,13.7
2026-03-05T19:19:54Z,0,0,5,0,0.6,0,17.6,849.9,17.7,17.9,93.2,259,254,0,0,292,0,0,18,17.1,13.7
2026-03-05T19:35:00Z,0,0,5.2,0,0.6,0,17.5,849.9,17.6,17.9,93.3,261,253,0,0,293,0.2,0.2,18,17.1,13.7
2026-03-05T19:50:07Z,0,0,5.2,0,0.6,0,17.6,850,17.8,18,93.5,261,252,0,0.2,293,0.4,0.4,18.1,17.2,13.8
2026-03-05T20:05:13Z,0,0,5.4,0,0.6,0,17.6,849.9,17.7,17.9,93.6,259,253,0,0,292,0,0,18,17.1,13.8
2026-03-05T20:20:19Z,0,0,6.2,0,0.6,0,17.9,849.8,18,18.2,93.8,261,254,0,0.7,164,1.4,1.4,18.4,17.4,14.1
2026-03-05T20:35:50Z,0,0,7,0,0.6,0,17.7,850,17.9,18,93.7,260,254,0,0,164,0.2,0.2,18.2,17.3,13.9
2026-03-05T20:50:56Z,0.2,0,11,0,0.6,0,17.4,850,17.5,17.7,93.7,261,253,0,0.3,164,0.7,0.7,17.9,17,13.6
2026-03-05T21:06:02Z,0,0,12.4,0,0.6,0,16.7,850.1,16.8,17,93.5,260,254,0,0.1,254,1,1,17.1,16.2,12.9
2026-03-05T21:21:58Z,0,0,13.6,0,0.6,0,16.2,850,16.3,16.6,93.6,261,254,0,0.7,29,1.3,1.3,16.6,15.8,12.4
2026-03-05T21:37:05Z,0.6,0,25.2,0,0.6,0,16,849.9,16.2,16.3,94.1,261,254,0,0.7,339,2.3,2.3,16.4,15.6,12.2
2026-03-05T21:52:57Z,0.6,0,37.4,0,0.6,0,15.8,849.8,16.1,16.1,94.5,259,252,0,0.6,18,2,2,16.2,15.4,12
2026-03-05T22:08:03Z,0.2,0,46.2,0,0.6,0,15.5,849.5,15.8,15.8,94.8,261,253,0,0,280,0.4,0.4,15.9,15.2,11.7
2026-03-05T22:23:09Z,0.2,0,49.6,0,0.6,0,15.7,849.5,16,16,95,261,253,0,0.5,260,1.1,1.1,16.1,15.5,11.9
2026-03-05T22:38:16Z,0.2,0,52.2,0,0.6,0,15.8,849.2,16.1,16.2,95.1,259,253,0,0.2,34,0.4,0.4,16.3,15.6,12.1
2026-03-05T22:53:22Z,0.6,0,56.2,0,0.6,0,15.7,849.4,16,16,95.1,260,253,0,0.8,66,2,2,16.1,15.5,11.9
2026-03-05T23:08:28Z,0,0,61.2,0,0.6,0,15.7,849.1,16,16.1,95.2,262,253,0,0,37,0,0,16.1,15.5,11.9
2026-03-05T23:23:54Z,0,0,62.2,0,0.6,0,15.6,848.9,15.9,16,95.3,261,253,0,0,72,0,0,16.1,15.4,11.9
2026-03-05T23:39:00Z,0,0,62.6,0,0.6,0,15.7,848.8,16,16.1,95.4,260,253,0,0,72,0,0,16.2,15.6,12
2026-03-05T23:54:06Z,0,0,62.8,0,0.6,0,15.8,848.6,16.1,16.2,95.5,260,254,0,0.2,326,0.4,0.4,16.3,15.6,12.1
2026-03-06T00:00:09Z,0,0,62.8,0,0.6,0,15.9,848.6,16.1,16.2,95.4,260,253,0,0.1,278,0.4,0.4,16.3,15.7,12.1
2026-03-06T00:15:15Z,0,0,62.8,0,0.6,0,16,848.7,16.2,16.4,95.5,262,254,0,0.1,278,0.3,0.3,16.5,15.8,12.2
2026-03-06T00:30:22Z,0,0,62.8,0,0.6,0,15.9,848.6,16.2,16.3,95.6,259,253,0,0,3,0.3,0.3,16.4,15.8,12.2
2026-03-06T00:45:29Z,0,0,62.8,0,0.6,0,16,848.8,16.3,16.4,95.7,261,253,0,0.1,79,0.4,0.4,16.5,15.9,12.3
2026-03-06T01:00:53Z,0,0,62.8,0,0.6,0,15.9,848.7,16.1,16.3,95.7,261,254,0,0,342,0,0,16.4,15.8,12.2
2026-03-06T01:16:00Z,0,0,62.8,0,0.6,0,16,848.5,16.2,16.3,95.8,260,253,0,0.1,289,0.4,0.4,16.4,15.8,12.2
2026-03-06T01:31:56Z,0,0,62.8,0,0.6,0,16,848.3,16.2,16.3,95.8,260,254,0,0,349,0,0,16.4,15.8,12.2
2026-03-06T01:47:03Z,0,0,62.8,0,0.6,0,16.1,848.3,16.2,16.4,95.8,262,253,0,0.1,240,0.4,0.4,16.5,15.9,12.3
2026-03-06T02:02:09Z,0,0,62.8,0,0.6,0,16.1,848.4,16.3,16.4,95.8,260,252,0,0.2,240,0.7,0.7,16.5,15.9,12.3
2026-03-06T02:18:05Z,0,0,62.8,0,0.6,0,16.1,848.6,16.3,16.5,95.8,260,253,0,0,239,0,0,16.6,16,12.3
2026-03-06T02:34:02Z,0,0,62.8,0,0.6,0,16.2,848.7,16.2,16.5,95.9,261,253,0,0,239,0,0,16.6,16,12.4
2026-03-06T02:49:04Z,0,0,62.8,0,0.6,0,16.2,848.9,16.2,16.5,95.9,261,253,0,0,239,0,0,16.6,16,12.4
2026-03-06T03:04:10Z,0,0,62.8,0,0.6,0,16.2,849,16.3,16.5,95.9,260,254,0,0,239,0,0,16.7,16.1,12.4
2026-03-06T03:19:17Z,0,0,62.8,0,0.6,0,16.1,849.1,16.3,16.5,95.9,260,253,0,0,239,0,0,16.7,16.1,12.4
2026-03-06T03:34:23Z,0,0,62.8,0,0.6,0,16.2,849.1,16.3,16.6,96,261,261,0,0,239,0,0,16.7,16.1,12.5
2026-03-06T03:49:30Z,0,0,62.8,0,0.6,0,16.2,849.2,16.3,16.6,96,261,273,0,0.1,240,0.4,0.4,16.7,16.1,12.5
2026-03-06T04:04:37Z,0,0,62.8,0.1,0.6,0,16.3,849.5,16.4,16.7,96,268,344,0,0.1,240,0.4,0.4,16.8,16.2,12.6
2026-03-06T04:20:02Z,0,0,62.8,0.1,0.6,0,16.4,849.8,16.6,16.8,96,274,390,0,0,239,0,0,16.9,16.3,12.7
2026-03-06T04:35:08Z,0,0,62.8,0.1,0.6,0,16.6,850,16.7,16.9,96,283,493,0,0.1,240,0.7,0.7,17,16.4,12.8
2026-03-06T04:50:15Z,0,0,62.8,0.2,0.6,0,16.6,850,16.6,16.9,96,304,733,0,0.1,240,0.2,0.2,17,16.4,12.8
2026-03-06T05:05:22Z,0,0,62.8,0.3,0.6,0,16.7,850.2,16.9,17.1,96,313,797,0,0.1,240,0.7,0.7,17.3,16.7,13
2026-03-06T05:20:28Z,0,0,62.8,0.3,0.6,0,16.7,850.4,16.8,17.1,96,323,899,0,0,216,0,0,17.2,16.6,13
2026-03-06T05:35:35Z,0,0,62.8,0.4,0.6,0,16.9,850.4,16.9,17.2,95.9,341,1073,0,0,217,0.2,0.2,17.4,16.7,13.1
2026-03-06T05:51:14Z,0,0,62.8,0.5,0.6,0,16.8,850.6,16.8,17.2,95.9,348,1132,0,0.7,265,1.6,1.6,17.3,16.7,13.1
2026-03-06T06:06:20Z,0,0,0,0.5,62.8,0,16.8,850.8,16.8,17.1,95.8,354,1198,0,0.1,266,0.4,0.4,17.2,16.6,13
2026-03-06T06:21:27Z,0,0,0,0.7,62.8,0,17.1,850.7,17.1,17.4,95.8,381,1476,0,0.1,204,0.2,0.2,17.6,16.9,13.3
2026-03-06T06:36:34Z,0,0,0,0.6,62.8,0,17.1,850.9,17.2,17.5,95.5,379,1442,0,0.6,59,1.1,1.1,17.6,16.9,13.3
2026-03-06T06:51:40Z,0,0,0,0.9,62.8,0,17.4,850.7,17.4,17.6,94.9,424,1915,0,0.1,22,0.4,0.4,17.8,17,13.5
2026-03-06T07:06:47Z,0,0,0,1.1,62.8,0,18.3,850.6,18.3,18.6,92.3,468,2373,0,0,27,0.2,0.2,18.7,17.6,14.4
2026-03-06T07:22:13Z,0,0,0,1.4,62.8,0,18.9,850.5,18.8,19.1,87.3,515,2895,0,0.1,73,0.4,0.4,19.3,17.6,14.9
2026-03-06T07:37:19Z,0,0,0,1.4,62.8,0,19.6,850.2,19.4,19.6,84.5,525,2995,0,0,343,0,0,19.7,17.7,15.3
2026-03-06T07:52:26Z,0,0,0,1.9,62.8,0,20.9,850.1,20.6,20.8,80.6,614,3932,0,0.6,13,1.3,1.3,20.9,18.3,16.3
2026-03-06T08:07:32Z,0,0,0,2.2,62.8,0,21.8,850,21.6,21.8,75.4,658,4410,0,0.3,46,0.7,0.7,21.9,18.6,17.2
2026-03-06T08:22:39Z,0,0,0,2.5,62.8,0,23.5,850,23.3,23.4,68.8,731,5129,0,0.3,59,0.9,0.9,23.5,19.3,18.5
2026-03-06T08:37:45Z,0,0,0,3,62.8,0,23.8,849.8,23.9,24.1,65.3,813,5987,0,0.1,72,0.4,0.4,24.2,19.5,19.1
2026-03-06T08:53:21Z,0,0,0,4.6,62.8,0,24.3,849.4,23.8,24,62.9,1116,9192,0,1,44,1.7,1.7,24,19,19
2026-03-06T09:08:28Z,0,0,0,4.6,62.8,0,25.2,849,25.1,25.5,62.1,1108,8992,0,0.6,70,1.3,1.3,25.7,20.3,20.3
2026-03-06T09:24:25Z,0,0,0,4.5,62.8,0,25.5,848.6,25.1,25.3,61.7,1103,8980,0,0.8,69,1.4,1.4,25.4,20.1,20.1
2026-03-06T09:39:31Z,0,0,0,1.2,62.8,0,24.2,848.3,24.2,24.9,66.2,483,2217,0,0.1,68,0.7,0.7,25.1,20.3,19.8
2026-03-06T09:54:37Z,0,0,0,4.6,62.8,0,24.8,848.1,24.8,25.1,62.7,1112,9094,0,1.1,67,2,2,25.3,20,20
2026-03-06T10:09:43Z,0,0,0,4.6,62.8,0,25,847.7,25,25.7,55.5,1118,9154,0,1.1,70,2,2,25.7,19.4,20.3
2026-03-06T10:24:50Z,0,0,0,3.8,62.8,0,25.6,847.3,25.2,25.5,58.3,969,7545,0,0.1,70,0.5,0.5,25.5,19.7,20.2
2026-03-06T10:39:56Z,0,0,0,5.3,62.8,0,26.4,847,26.2,26.7,57.7,1252,10615,0,0.7,75,1.5,1.5,27.6,20.7,21.7
2026-03-06T10:55:17Z,0,0,0,1.4,62.8,0,26,846.8,26.2,26.6,55,511,2735,0,0.4,93,1.1,1.1,26.6,20.1,21
2026-03-06T11:10:24Z,0,0,0,1.1,62.8,0,26.5,846.4,26.8,27.2,54.8,466,2307,0,0.5,73,1.1,1.1,28,20.7,22
2026-03-06T11:25:30Z,0,0,0,1.7,62.8,0,24.5,846.3,24.6,25.3,60.4,582,3523,0,1.3,72,2.4,2.4,25.3,19.8,20
2026-03-06T11:40:31Z,0,0,0,3.4,62.8,0,26.2,845.9,26.4,27.2,54.4,899,6754,0,0.9,77,1.7,1.7,27.9,20.6,22
2026-03-06T11:55:54Z,0,0,0,3.6,62.8,0,27.3,845.6,27.7,28.4,50,924,7035,0,1.3,70,2.8,2.8,29,21,22.7
2026-03-06T12:11:01Z,0,0,0,1.1,62.8,0,26.4,845.4,26.9,27.6,55,468,2340,0,0.3,71,0.9,0.9,28.5,21.1,22.3
2026-03-06T12:26:07Z,0,0,0,1,62.8,0,25.1,845.3,25.2,25.8,59,444,2121,0,0.2,72,0.7,0.7,25.9,20.1,20.5
2026-03-06T12:41:13Z,0,0,0,1.2,62.8,0,25.3,845,25.7,25.8,58.3,489,2526,0,0,152,0,0,25.9,20,20.5
2026-03-06T12:56:19Z,0,0,0,2.3,62.8,0,27.2,844.8,27.2,28.1,49.8,693,4704,0,1,38,2.4,2.4,28.6,20.6,22.4
2026-03-06T13:11:25Z,0,0,0,2.6,62.8,0,26.4,844.9,26.4,27.7,50.6,741,5303,0,0.6,80,1.4,1.4,28.2,20.4,22.2
2026-03-06T13:26:31Z,0,0,0,0.6,62.8,0,26.8,844.9,26.9,27.7,51.2,371,1261,0,0.1,71,0.4,0.4,28.2,20.5,22.2
2026-03-06T13:41:56Z,0,0,0,1,62.8,0,25.7,845.1,25.7,26.4,52.4,438,2077,0,1.3,70,2.4,2.4,26.5,19.6,20.9
2026-03-06T13:57:03Z,0,0,0,0.6,62.8,0,24.1,845.3,24.3,24.8,67.2,369,1352,0,0.9,97,2.6,2.6,24.9,20.3,19.7
2026-03-06T14:12:09Z,0,0,0,1.5,62.8,0,23.6,845.3,23.8,24.2,69.4,540,3314,0,1.4,68,2.6,2.6,24.4,20.2,19.3
2026-03-06T14:28:04Z,0,0,0,0.6,62.8,0,23.1,845.5,23.3,23.7,69.9,364,1224,0,0.7,134,2.2,2.2,23.8,19.7,18.8
2026-03-06T14:43:10Z,0,0,0,0.5,62.8,0,23,845.6,23.2,23.4,71.2,357,1197,0,0.2,65,0.7,0.7,23.6,19.6,18.6
2026-03-06T14:58:16Z,0,0,0,0.3,62.8,0,22.6,845.8,22.8,23.1,70.3,321,866,0,1,64,2,2,23.2,19.2,18.3
2026-03-06T15:13:22Z,0,0,0,0.1,62.8,0,22,846,22.1,22.4,73.5,282,496,0,1.2,66,3.3,3.3,22.5,19,17.7
2026-03-06T15:28:29Z,0,0,0,0.1,62.8,0,21.5,846.2,21.6,21.8,73.7,272,362,0,0.3,59,1.7,1.7,21.9,18.5,17.2
2026-03-06T15:43:36Z,0,0,0,0,62.8,0,21,846.7,21.1,21.4,75.4,262,269,0,0.5,101,2.4,2.4,21.5,18.3,16.8
2026-03-06T15:59:01Z,0,0,0,0,62.8,0,20.7,847.1,20.9,21.1,77.1,262,253,0,0.5,145,1.7,1.7,21.2,18.2,16.6
2026-03-06T16:14:07Z,0,0,0,0,62.8,0,20.5,847.4,20.7,20.9,78.4,262,253,0,0.5,75,2,2,21,18.1,16.4
2026-03-06T16:29:14Z,0,0,0,0,62.8,0,20.2,847.5,20.4,20.6,79.9,260,253,0,0.7,70,1.5,1.5,20.7,18.1,16.2
2026-03-06T16:45:11Z,0,0,0,0,62.8,0,20.2,848.1,20.3,20.5,81.4,261,252,0,0.1,113,1,1,20.7,18.2,16.2
2026-03-06T17:00:17Z,0,0,0,0,62.8,0,20,848.3,20.1,20.4,82,261,254,0,0.7,103,1.7,1.7,20.5,18.2,16
2026-03-06T17:15:24Z,0,0,0,0,62.8,0,19.9,848.5,20.1,20.2,82.4,260,252,0,0.4,64,0.7,0.7,20.4,18.1,15.9
2026-03-06T17:30:30Z,0,0,0,0,62.8,0,19.7,848.9,19.8,19.9,79.4,260,254,0,0.7,19,1.3,1.3,20,17.4,15.6
2026-03-06T17:45:37Z,0,0,0,0,62.8,0,18.5,848.9,18.6,18.7,83.9,259,252,0,0.2,298,0.9,0.9,18.7,16.7,14.4
2026-03-06T18:00:43Z,0,0,0,0,62.8,0,17.2,849.1,17.4,17.5,87.9,261,255,0,0.9,225,1.7,1.7,17.5,16,13.3
2026-03-06T18:16:11Z,0.2,0,2.6,0,62.8,0,16.6,849.3,16.7,16.9,90,261,254,0,1.2,243,2.2,2.2,17,15.8,12.8
2026-03-06T18:31:18Z,0,0,5.2,0,62.8,0,16.4,849.4,16.5,16.7,91.6,262,253,0,0.8,318,1.7,1.7,16.7,15.7,12.5
2026-03-06T18:46:24Z,0.2,0,11.6,0,62.8,0,16.1,849.6,16.2,16.5,92.6,261,253,0,0.4,262,1.3,1.3,16.6,15.6,12.4
2026-03-06T19:01:31Z,0.2,0,12.6,0,62.8,0,16.3,849.9,16.4,16.6,93.2,261,252,0,0,267,0.4,0.4,16.7,15.8,12.5
2026-03-06T19:16:37Z,0,0,14.2,0,62.8,0,16.2,849.8,16.2,16.5,93.5,260,253,0,1.2,262,2,2,16.6,15.7,12.3
2026-03-06T19:32:23Z,0,0,15.2,0,62.8,0,16.2,849.9,16.3,16.6,93.8,261,252,0,0.1,245,0.4,0.4,16.7,15.8,12.4
2026-03-06T19:47:30Z,0.2,0,16,0,62.8,0,16.3,849.9,16.4,16.7,93.9,260,253,0,0.1,265,0.4,0.4,16.8,16,12.6
2026-03-06T20:02:36Z,0,0,16.2,0,62.8,0,16.3,849.7,16.4,16.7,94.1,260,253,0,0.3,249,0.6,0.6,16.7,16,12.5
2026-03-06T20:17:43Z,0,0,16.2,0,62.8,0,16.4,849.8,16.5,16.8,94.2,259,254,0,0.4,267,0.9,0.9,16.9,16.1,12.6
2026-03-06T20:32:49Z,0,0,16.2,0,62.8,0,16.2,849.7,16.4,16.5,94.3,261,253,0,0.7,244,1.3,1.3,16.6,15.9,12.4
2026-03-06T20:48:11Z,0,0,16.4,0,62.8,0,16.3,849.5,16.4,16.6,94.4,261,254,0,0.2,255,0.7,0.7,16.7,16,12.5
2026-03-06T21:03:17Z,0.2,0,16.6,0,62.8,0,16.2,849.4,16.3,16.6,94.4,261,253,0,0.1,4,0.4,0.4,16.7,15.9,12.5
2026-03-06T21:18:24Z,0,0,18,0,62.8,0,16.2,849.3,16.3,16.6,94.5,260,253,0,0,247,0,0,16.6,15.9,12.4
2026-03-06T21:33:31Z,0.2,0,18.6,0,62.8,0,16.1,849.1,16.2,16.5,94.6,261,253,0,0,249,0,0,16.5,15.8,12.3
2026-03-06T21:48:38Z,0.2,0,20,0,62.8,0,16.1,849,16.2,16.5,94.7,260,253,0,0.2,343,0.4,0.4,16.6,15.9,12.4
2026-03-06T22:03:44Z,0.2,0,24,0,62.8,0,16,848.8,16.2,16.3,94.7,261,254,0,0.1,55,0.7,0.7,16.4,15.7,12.2
2026-03-06T22:18:51Z,0,0,26.6,0,62.8,0,15.6,848.8,15.9,16,94.7,262,253,0,0,244,0.2,0.2,16.1,15.4,11.9
2026-03-06T22:34:16Z,0,0,28,0,62.8,0,15.6,848.6,16,16,94.8,261,254,0,0.5,356,1.1,1.1,16.1,15.4,11.9
2026-03-06T22:49:23Z,0,0,28.6,0,62.8,0,15.6,848.9,15.9,16,94.8,259,254,0,0.9,78,1.3,1.3,16.1,15.4,11.9
2026-03-06T23:04:30Z,0.2,0,34.2,0,62.8,0,15.5,848.7,15.8,15.9,94.9,260,253,0,0,79,0,0,16,15.3,11.8
2026-03-06T23:19:36Z,0,0,34.8,0,62.8,0,15.4,849,15.8,15.8,95,261,254,0,0.3,79,1.1,1.1,15.9,15.2,11.7
2026-03-06T23:34:43Z,0,0,35,0,62.8,0,15.5,848.7,15.8,15.9,95,260,253,0,0.3,79,0.7,0.7,15.9,15.3,11.7
2026-03-06T23:49:50Z,0,0,35.4,0,62.8,0,15.5,848.7,15.8,15.9,95.1,260,253,0,0,79,0.2,0.2,15.9,15.3,11.7
2026-03-07T00:00:55Z,0.2,0,36,0,62.8,0,15.5,848.7,15.9,15.9,95.1,260,254,0,0,79,0.2,0.2,16,15.3,11.8
2026-03-07T00:16:19Z,0,0,36.2,0,62.8,0,15.7,848.4,16.1,16.1,95.2,262,254,0,0.6,79,1.3,1.3,16.2,15.5,12
2026-03-07T00:31:26Z,0,0,36.2,0,62.8,0,15.7,848.4,16,16,95.2,260,253,0,0.1,79,0.4,0.4,16.1,15.5,11.9
2026-03-07T00:46:33Z,0,0,36.2,0,62.8,0,15.6,848.3,15.9,15.9,95.2,259,254,0,0.7,130,1.3,1.3,16,15.4,11.8
2026-03-07T01:01:39Z,0,0,36.2,0,62.8,0,15.5,848.5,15.9,15.9,95.2,261,254,0,0,131,0.2,0.2,16,15.3,11.8
2026-03-07T01:16:46Z,0,0,36.2,0,62.8,0,15.6,848.3,15.9,15.9,95.1,261,254,0,0,131,0,0,16,15.4,11.8
2026-03-07T01:31:52Z,0,0,36.2,0,62.8,0,15.7,848.7,16,16.1,95.2,260,253,0,0.5,130,0.9,0.9,16.2,15.5,12
2026-03-07T01:46:58Z,0,0,36.4,0,62.8,0,15.7,848.7,16.1,16.1,95.2,261,253,0,0,131,0,0,16.2,15.5,12
2026-03-07T02:02:23Z,0,0,36.6,0,62.8,0,15.8,848.8,16.1,16.1,95.3,262,253,0,0,131,0,0,16.2,15.5,12
2026-03-07T02:17:30Z,0,0,36.6,0,62.8,0,15.7,848.8,16.1,16.1,95.3,259,254,0,0,131,0,0,16.2,15.5,12
2026-03-07T02:32:36Z,0,0,36.6,0,62.8,0,15.7,848.9,16,16,95.3,260,253,0,0,131,0,0,16.1,15.5,11.9
2026-03-07T02:47:43Z,0,0,36.6,0,62.8,0,15.7,848.9,16,16.1,95.3,260,253,0,0,131,0,0,16.2,15.5,12
2026-03-07T03:02:49Z,0,0,36.8,0,62.8,0,15.7,849.1,16,16,95.4,260,254,0,0,131,0,0,16.1,15.5,11.9
2026-03-07T03:17:56Z,0,0,36.8,0,62.8,0,15.8,849.2,16.1,16.2,95.4,261,254,0,0,131,0.4,0.4,16.3,15.6,12.1
2026-03-07T03:33:02Z,0,0,36.8,0,62.8,0,15.9,849.5,16.2,16.3,95.4,260,256,0,0.1,131,0.7,0.7,16.3,15.7,12.1
2026-03-07T03:48:27Z,0,0,36.8,0.1,62.8,0,16,849.3,16.2,16.3,95.4,266,281,0,0.1,131,0.2,0.2,16.4,15.8,12.2
2026-03-07T04:03:34Z,0,0,36.8,0.1,62.8,0,16,849.4,16.2,16.3,95.5,274,365,0,0,131,0,0,16.4,15.8,12.2
2026-03-07T04:18:40Z,0,0,36.8,0.2,62.8,0,16.1,849.6,16.2,16.5,95.5,300,684,0,0,131,0,0,16.6,15.9,12.3
2026-03-07T04:33:46Z,0,0,36.8,0.3,62.8,0,16.4,849.8,16.5,16.7,95.5,313,824,0,0,131,0,0,16.8,16.2,12.6
2026-03-07T04:48:53Z,0,0,36.8,0.4,62.8,0,16.7,850.1,16.8,17,95.5,340,1119,0,0,131,0,0,17.1,16.5,12.9
2026-03-07T05:03:59Z,0,0,36.8,1,62.8,0,17.1,850.1,17.2,17.3,95.5,438,2187,0,0,131,0,0,17.4,16.7,13.2
2026-03-07T05:19:06Z,0,0,36.8,0.6,62.8,0,17.2,850.4,17.2,17.5,95.3,370,1428,0,0,131,0.4,0.4,17.6,16.9,13.4
2026-03-07T05:34:32Z,0,0,36.8,0.9,62.8,0,17.2,850.7,17.3,17.5,94.9,425,1987,0,0,131,0,0,17.6,16.9,13.4
2026-03-07T05:49:38Z,0,0,36.8,0.9,62.8,0,17.7,850.8,17.8,18,93.4,424,1926,0,0,131,0.2,0.2,18.1,17.2,13.8
2026-03-07T06:04:45Z,0,0,0,0.9,36.8,0.2,18.3,851,18.3,18.6,89.3,435,2069,0,0,131,0,0,18.8,17.3,14.4
2026-03-07T06:20:40Z,0,0,0,1.3,36.8,0.2,18.6,850.8,18.8,19,85.8,504,2818,0,0.3,130,0.7,0.7,19.1,17.2,14.7
2026-03-07T06:35:46Z,0,0,0,1.3,36.8,0.2,19.4,850.7,19.5,19.6,85.7,504,2817,0,0,131,0,0,19.7,17.8,15.3
2026-03-07T06:50:52Z,0,0,0,1.6,36.8,0.2,19.8,850.6,20.1,19.9,83.3,552,3303,0,0,131,0.2,0.2,20.1,17.9,15.6
2026-03-07T07:05:58Z,0,0,0,2,36.8,0.2,21.2,850.6,21.4,21.1,78.8,626,4069,0,0,131,0,0,21.2,18.4,16.6
2026-03-07T07:21:41Z,0,0,0,2,36.8,0.2,22.2,850.4,22.3,22.2,73.8,625,3974,0,0.8,131,1.7,1.7,22.3,18.8,17.6
2026-03-07T07:36:47Z,0,0,0,1.4,36.8,0.2,22.6,850.2,22.9,22.1,70.1,524,2733,0,0.8,130,1.3,1.3,22.1,18.2,17.4
2026-03-07T07:51:54Z,0,0,0,3.9,36.8,0.2,23.8,849.9,23.2,22.8,68.5,989,7866,0,1.1,328,1.7,1.7,22.9,18.7,18
2026-03-07T08:07:00Z,0,0,0,3.7,36.8,0.2,24.8,849.8,24.7,24,63.9,941,7399,0,1.5,229,2.2,2.2,24.1,19.2,19
2026-03-07T08:22:06Z,0,0,0,2.3,36.8,0.2,23.8,849.6,24.3,23.9,66.6,681,4382,0,0,202,0.2,0.2,24,19.5,19
2026-03-07T08:37:13Z,0,0,0,2,36.8,0.2,24.7,849.3,24.9,24.7,67.8,631,3864,0,0.7,197,1.6,1.6,24.8,20.3,19.6
2026-03-07T08:52:45Z,0,0,0,4.8,36.8,0.2,24.5,849.1,24.3,24.5,62.8,1163,9833,0,0.7,97,2.2,2.2,24.5,19.4,19.4
2026-03-07T09:07:51Z,0,0,0,4.6,36.8,0.2,24.7,848.7,24.9,25.1,60.5,1111,9130,0,0.8,64,1.5,1.5,25.2,19.7,19.9
2026-03-07T09:23:44Z,0,0,0,2.1,36.8,0.2,25.8,848.4,25.6,25.6,59.8,645,4168,0,0,17,0,0,25.7,20,20.3
2026-03-07T09:38:50Z,0,0,0,1.6,36.8,0.2,24.8,848.2,25,25.2,59.7,558,3198,0,0.2,98,1.1,1.1,25.2,19.6,19.9
2026-03-07T09:53:56Z,0,0,0,4.5,36.8,0.2,25.7,847.9,25.8,26.3,55,1092,8906,0,1.3,71,2.4,2.4,26.4,19.9,20.8
2026-03-07T10:09:02Z,0,0,0,4.4,36.8,0.2,26,847.6,26.3,26.8,56,1070,8691,0,0,103,0.4,0.4,27.6,20.5,21.7
2026-03-07T10:24:09Z,0,0,0,5.1,36.8,0.2,26.9,847.2,27.2,27.7,51.3,1211,10252,0,1.4,127,2.4,2.4,28.2,20.5,22.2
2026-03-07T10:39:32Z,0,0,0,5.2,36.8,0.2,26.5,847,26.9,27.2,55,1220,10367,0,0.3,135,1.3,1.3,27.9,20.7,22
2026-03-07T10:55:11Z,0,0,0,4.7,36.8,0.2,27.1,846.7,27.5,28,50.5,1134,9460,0,0.2,127,1.3,1.3,28.5,20.7,22.4
2026-03-07T11:10:17Z,0,0,0,4.8,36.8,0.2,27.2,846.2,27.8,28.1,53.1,1144,9565,0,0.4,155,1.5,1.5,28.9,21.2,22.6
2026-03-07T11:26:00Z,0,0,0,0.8,36.8,0.2,25,845.9,25.4,25.8,57.3,402,1697,0,1.2,165,2.8,2.8,25.8,19.8,20.4
2026-03-07T11:41:06Z,0,0,0,0.2,36.8,0.2,23.9,845.8,23.9,24.3,64.5,293,571,0,0.9,46,2,2,24.4,19.5,19.3
2026-03-07T11:56:13Z,0,0,0,0.1,36.8,0.2,23.1,846,22.9,23.1,69.3,268,327,0,0.4,12,1.3,1.3,23.2,19.1,18.3
2026-03-07T12:11:19Z,0.8,0,6.8,0,36.8,0.2,18.5,847.1,17.9,18.5,86.9,264,288,0,0.8,54,1.5,1.5,18.6,16.9,14.3
2026-03-07T12:26:26Z,0.8,0,27.2,0,36.8,0.2,16.1,847.2,16.2,16.5,90.6,266,300,0,0.4,85,0.9,0.9,16.5,15.4,12.3
2026-03-07T12:41:32Z,0.4,0,32,0.1,36.8,0.2,16,846.8,16.2,16.5,91.9,268,325,0,0.2,91,0.7,0.7,16.5,15.5,12.3
2026-03-07T12:56:38Z,0,0,32.8,0.1,36.8,0.2,16.1,846.4,16.2,16.6,92.6,274,377,0,0.2,137,0.9,0.9,16.7,15.7,12.4
2026-03-07T13:12:01Z,0,0,33,0.2,36.8,0.2,16.2,846.6,16.3,16.6,93,293,572,0,0,137,0.2,0.2,16.7,15.8,12.5
2026-03-07T13:27:04Z,0,0,33.2,0.3,36.8,0.2,16.6,846.4,16.7,17,93.4,315,807,0,0.5,137,0.9,0.9,17.1,16.2,12.9
2026-03-07T13:42:10Z,0,0,33.2,0.4,36.8,0.2,16.8,846.4,16.8,17.1,93.5,332,964,0,0.2,137,0.7,0.7,17.2,16.3,13
2026-03-07T13:57:16Z,0,0,33.2,0.4,36.8,0.2,16.9,846.3,16.9,17.3,93.6,330,960,0,0.2,137,0.7,0.7,17.4,16.5,13.1
2026-03-07T14:12:22Z,0,0.2,33.2,0.4,36.8,0.2,17.1,846.6,17.1,17.4,93.6,338,1036,0,0.3,136,0.7,0.7,17.5,16.6,13.3
2026-03-07T14:27:29Z,0,0,33.2,0.3,36.8,0.2,17.1,846.9,17.1,17.5,93.6,311,783,0,0,137,0,0,17.6,16.7,13.4
2026-03-07T14:42:35Z,0,0,33.2,0.2,36.8,0.2,17,846.8,17.1,17.4,93.4,303,689,0,0.1,137,0.4,0.4,17.6,16.7,13.3
2026-03-07T14:57:41Z,0,0,33.2,0.2,36.8,0.2,17.1,847.1,17.1,17.5,93.3,285,500,0,0,137,0,0,17.7,16.7,13.4
2026-03-07T15:13:06Z,0,0,33.2,0.1,36.8,0.2,17.3,847.4,17.4,17.7,93.4,269,346,0,0,137,0,0,17.8,16.9,13.6
2026-03-07T15:28:12Z,0,0,33.2,0,36.8,0.2,17.3,847.5,17.4,17.7,93.6,264,289,0,0,137,0,0,17.8,16.9,13.5
2026-03-07T15:43:19Z,0,0,33.2,0,36.8,0.2,17.3,847.7,17.4,17.8,93.7,261,263,0,0,137,0,0,17.9,17,13.6
2026-03-07T15:58:25Z,0,0,33.2,0,36.8,0.2,17.3,847.9,17.4,17.7,93.8,261,254,0,0,137,0,0,17.9,17,13.6
2026-03-07T16:13:32Z,0,0,33.2,0,36.8,0.2,17.4,848,17.5,17.8,93.9,261,254,0,0,137,0,0,17.9,17.1,13.7
2026-03-07T16:28:38Z,0,0,33.2,0,36.8,0.2,17.4,848.2,17.4,17.8,94.1,261,253,0,0,137,0,0,17.9,17.1,13.6
2026-03-07T16:43:44Z,0,0,33.4,0,36.8,0.2,17.4,848.3,17.5,17.8,94.1,259,253,0,0,137,0,0,17.9,17.1,13.6
2026-03-07T16:59:08Z,0,0,33.4,0,36.8,0.2,17.2,848.6,17.3,17.6,94.2,262,252,0,0,137,0,0,17.7,16.9,13.5
2026-03-07T17:14:14Z,0,0,33.4,0,36.8,0.2,17.3,848.9,17.4,17.6,94.3,261,253,0,0,137,0,0,17.8,16.9,13.5
2026-03-07T17:29:21Z,0,0,33.4,0,36.8,0.2,17.3,849.1,17.4,17.6,94.4,260,254,0,0,137,0,0,17.8,17,13.5
2026-03-07T17:44:27Z,0,0,33.4,0,36.8,0.2,17.5,849.3,17.7,17.9,94.6,260,254,0,0,137,0,0,18.1,17.3,13.8
2026-03-07T17:59:33Z,0,0,33.4,0,36.8,0.2,17.6,849.5,17.8,18,94.7,260,253,0,0,137,0,0,18.1,17.3,13.8
2026-03-07T18:14:39Z,0,0,33.4,0,36.8,0.2,17.5,849.8,17.6,17.9,94.8,259,254,0,0,137,0,0,18,17.3,13.8
2026-03-07T18:29:46Z,0,0,33.4,0,36.8,0.2,17.4,849.8,17.4,17.7,94.7,261,253,0,0,137,0.2,0.2,17.8,17,13.6
2026-03-07T18:45:12Z,0,0,33.4,0,36.8,0.2,17.4,849.9,17.6,17.8,94.8,260,254,0,0,137,0,0,17.9,17.2,13.7
2026-03-07T19:00:18Z,0,0,33.4,0,36.8,0.2,17.4,849.9,17.4,17.7,94.8,261,254,0,0,137,0,0,17.9,17.1,13.6
2026-03-07T19:15:25Z,0,0,33.4,0,36.8,0.2,17.4,850,17.5,17.8,94.8,261,252,0,0,137,0,0,17.9,17.2,13.7
2026-03-07T19:30:31Z,0,0,33.4,0,36.8,0.2,17.6,849.8,17.8,18,94.9,260,254,0,0,137,0,0,18.1,17.4,13.9
2026-03-07T19:45:38Z,0,0,33.4,0,36.8,0.2,17.5,849.9,17.6,17.9,95,260,253,0,0,137,0,0,18,17.2,13.7
2026-03-07T20:00:44Z,0,0,33.4,0,36.8,0.2,17.6,849.8,17.8,18,95,259,253,0,0,137,0,0,18.1,17.3,13.8
2026-03-07T20:16:00Z,0,0,33.4,0,36.8,0.2,17.7,849.8,17.8,18,95.1,260,253,0,0,137,0,0,18.2,17.4,13.9
2026-03-07T20:31:15Z,0,0,33.4,0,36.8,0.2,17.6,849.7,17.8,18,95.1,260,253,0,0,137,0,0,18.1,17.4,13.8
2026-03-07T20:46:21Z,0,0,33.4,0,36.8,0.2,17.5,849.6,17.6,17.8,95.2,260,253,0,0,137,0,0,18,17.2,13.7
2026-03-07T21:01:27Z,0,0,33.4,0,36.8,0.2,17.4,849.4,17.6,17.8,95.2,260,254,0,0,137,0,0,18,17.2,13.7
2026-03-07T21:16:32Z,0,0,33.6,0,36.8,0.2,17.4,849.5,17.5,17.8,95.3,261,253,0,0,137,0,0,17.9,17.2,13.7
2026-03-07T21:31:38Z,0,0,33.6,0,36.8,0.2,17.4,849.4,17.4,17.7,95.3,260,253,0,0,137,0,0,17.9,17.1,13.6
2026-03-07T21:46:45Z,0,0,33.6,0,36.8,0.2,17.5,849.3,17.6,17.8,95.4,260,253,0,0,137,0,0,18,17.3,13.7
2026-03-07T22:01:51Z,0,0,33.6,0,36.8,0.2,17.5,849.1,17.6,17.8,95.4,259,254,0,0,137,0,0,18,17.3,13.7
2026-03-07T22:17:16Z,0,0,33.6,0,36.8,0.2,17.4,849.1,17.4,17.7,95.5,260,255,0,0,137,0,0,17.8,17.1,13.6
2026-03-07T22:32:22Z,0,0,33.6,0,36.8,0.2,17.3,849,17.4,17.6,95.5,261,254,0,0,137,0,0,17.8,17.1,13.5
2026-03-07T22:47:28Z,0,0,33.6,0,36.8,0.2,17.3,848.9,17.4,17.6,95.6,259,253,0,0,137,0,0,17.8,17.1,13.5
2026-03-07T23:02:34Z,0,0,33.6,0,36.8,0.2,17.4,848.9,17.4,17.7,95.6,259,253,0,0,137,0,0,17.9,17.2,13.6
2026-03-07T23:17:41Z,0,0,33.6,0,36.8,0.2,17.2,848.6,17.3,17.6,95.6,260,253,0,0,137,0,0,17.7,17,13.5
2026-03-07T23:32:47Z,0,0,33.6,0,36.8,0.2,17.1,848.5,17.2,17.5,95.6,260,253,0,0,137,0,0,17.6,16.9,13.4
2026-03-07T23:47:53Z,0,0,33.6,0,36.8,0.2,17.1,848.6,17.2,17.5,95.7,261,254,0,0,137,0,0,17.7,17,13.4
2026-03-08T00:00:58Z,0,0,33.6,0,36.8,0.2,17.1,848.3,17.1,17.5,95.7,261,252,0,0,137,0,0,17.6,17,13.4
2026-03-08T00:16:23Z,0,0,33.6,0,36.8,0.2,17,848.4,17.1,17.4,95.7,261,253,0,0,137,0,0,17.5,16.9,13.3
2026-03-08T00:31:30Z,0,0,33.6,0,36.8,0.2,16.9,848.5,17,17.3,95.8,260,253,0,0,137,0,0,17.4,16.8,13.2
2026-03-08T00:46:36Z,0,0,33.6,0,36.8,0.2,17,848.4,17.1,17.4,95.8,260,254,0,0,137,0,0,17.5,16.8,13.2
2026-03-08T01:01:43Z,0,0,33.6,0,36.8,0.2,17,848.4,17.1,17.4,95.8,261,253,0,0,137,0,0,17.5,16.8,13.2
2026-03-08T01:17:28Z,0,0,33.6,0,36.8,0.2,16.9,848.5,17,17.3,95.9,261,254,0,0,137,0,0,17.5,16.8,13.2
2026-03-08T01:32:34Z,0,0.2,33.6,0,36.8,0.2,17,848.5,17.1,17.4,96,261,252,0,0,137,0,0,17.5,16.9,13.3
2026-03-08T01:47:40Z,0,0,33.6,0,36.8,0.2,16.9,848.6,17.1,17.3,96,261,252,0,0,137,0,0,17.4,16.8,13.2
2026-03-08T02:03:28Z,0,0,33.6,0,36.8,0.2,16.8,848.7,16.9,17.1,96,260,252,0,0,137,0,0,17.3,16.6,13
2026-03-08T02:18:34Z,0,0,33.6,0,36.8,0.2,16.6,848.9,16.7,17,96,261,253,0,0,137,0,0,17.1,16.5,12.9
2026-03-08T02:33:40Z,0,0,33.6,0,36.8,0.2,16.6,848.9,16.7,17,96,260,253,0,0,137,0,0,17.1,16.5,12.9
2026-03-08T02:48:47Z,0,0,33.6,0,36.8,0.2,16.6,849.1,16.7,17,96.1,260,252,0,0,137,0,0,17.1,16.5,12.9
2026-03-08T03:03:53Z,0,0,33.6,0,36.8,0.2,16.6,849.1,16.6,16.9,96.1,260,254,0,0,137,0,0,17.1,16.5,12.8
2026-03-08T03:18:59Z,0,0,33.6,0,36.8,0.2,16.5,849.2,16.6,16.9,96.2,261,254,0,0.1,137,0.4,0.4,17,16.4,12.8
2026-03-08T03:34:25Z,0,0,33.8,0,36.8,0.2,16.5,849.3,16.6,16.8,96.2,262,273,0,0,137,0.2,0.2,17,16.4,12.7
2026-03-08T03:49:31Z,0,0,33.8,0.1,36.8,0.2,16.2,849.5,16.4,16.6,96.2,272,361,0,0,137,0,0,16.7,16.1,12.5
2026-03-08T04:04:38Z,0,0,33.8,0.1,36.8,0.2,16,849.5,16.3,16.4,96.2,283,444,0,0,137,0,0,16.5,15.9,12.3
2026-03-08T04:19:45Z,0,0,33.8,0.2,36.8,0.2,16.4,849.7,16.3,16.5,96.2,304,655,0,0,137,0,0,16.6,16,12.4
2026-03-08T04:34:52Z,0,0,33.8,0.5,36.8,0.2,17.7,849.7,17.4,17.2,96.3,358,1293,0,0,137,0.2,0.2,17.3,16.8,13.1
2026-03-08T04:49:57Z,0,0,33.8,0.8,36.8,0.2,17.8,849.8,17.2,17.2,96.2,402,1783,0,0.2,137,0.7,0.7,17.4,16.8,13.1
2026-03-08T05:05:04Z,0,0,33.8,1,36.8,0.2,19,849.9,18.8,18.6,95.9,452,2323,0,0,137,0,0,18.8,18.1,14.5
2026-03-08T05:20:29Z,0,0,33.8,1.3,36.8,0.2,20.6,849.9,20,20.1,88.9,498,2789,0,0.1,137,0.4,0.4,20.3,18.7,15.8
2026-03-08T05:35:35Z,0,0,33.8,1.6,36.8,0.2,21.3,849.9,20.9,21.2,81.9,564,3507,0,0,137,0.2,0.2,21.4,18.9,16.8
2026-03-08T05:50:42Z,0,0,33.8,2.4,36.8,0.2,23.9,850.1,23.4,23.3,74.3,697,5028,0,0.2,137,0.9,0.9,23.5,20,18.6
2026-03-08T06:05:48Z,0,0,0,2.8,33.8,4.6,23.4,850.1,23.7,23.2,74.7,779,5848,0,0,137,0.2,0.2,23.4,19.9,18.5
2026-03-08T06:20:55Z,0,0,0,1.3,33.8,4.6,22.5,850.2,22.8,23,72.8,494,2551,0,0.8,137,1.3,1.3,23.1,19.4,18.2
2026-03-08T06:36:01Z,0,0,0,2.6,33.8,4.6,21.5,850.1,21.6,22.1,75.1,740,5365,0,0.5,116,1.1,1.1,22.2,18.9,17.5
2026-03-08T06:51:07Z,0,0,0,3.2,33.8,4.6,22.8,850,22.9,23.1,71,850,6599,0,0.2,136,0.9,0.9,23.2,19.3,18.3
2026-03-08T07:06:33Z,0,0,0,3.5,33.8,4.6,23.4,849.9,23.5,23.5,67.7,917,7361,0,0.1,109,0.4,0.4,23.6,19.3,18.7
2026-03-08T07:21:40Z,0,0,0,1.2,33.8,4.6,23.1,849.6,23.8,23.4,67.2,486,2432,0,0.5,197,1.3,1.3,23.5,19.1,18.6
2026-03-08T07:36:46Z,0,0,0,2.8,33.8,4.6,24.4,849.3,24.6,24.8,64.1,776,5652,0,0.2,120,0.7,0.7,24.9,19.9,19.7
2026-03-08T07:51:52Z,0,0,0,3.8,33.8,4.6,24.5,849.2,24.9,24.9,63.1,968,7619,0,0.4,125,1.1,1.1,25,19.9,19.8
2026-03-08T08:06:59Z,0,0,0,1.2,33.8,4.6,24.9,849,25.7,25.1,66.2,475,2252,0,0,143,0.4,0.4,25.2,20.5,19.9
2026-03-08T08:22:05Z,0,0,0,1.1,33.8,4.6,25.2,848.9,25.2,25.3,61.4,471,2329,0,0.3,84,1.7,1.7,25.4,19.9,20
2026-03-08T08:37:11Z,0,0,0,4.3,33.8,4.6,25.3,848.8,25.4,25.8,61.1,1064,8667,0,0.2,57,0.7,0.7,25.9,20.4,20.5
2026-03-08T08:52:38Z,0,0,0,4.7,33.8,4.6,25.7,848.5,25.7,26.2,55.3,1129,9328,0,0.8,79,2.8,2.8,26.2,19.8,20.7
2026-03-08T09:07:44Z,0,0,0,4.8,33.8,4.6,25.3,848.3,25.3,25.9,53.8,1144,9522,0,0.8,131,1.5,1.5,25.9,19.4,20.5
2026-03-08T09:22:52Z,0,0,0,4.3,33.8,4.6,25.7,848.1,25.9,26.4,55.5,1066,8569,0,0.8,74,2.6,2.6,26.5,20.1,20.9
2026-03-08T09:38:17Z,0,0,0,4.6,33.8,4.6,25.2,847.9,25.2,25.8,56.8,1110,9126,0,0.4,122,1.3,1.3,25.9,19.8,20.4
2026-03-08T09:53:40Z,0,0,0,4.6,33.8,4.6,25.4,847.7,25.6,26,57.2,1122,9247,0,1.7,75,3.3,3.3,26.1,20,20.6
2026-03-08T10:08:46Z,0,0,0,4.6,33.8,4.6,26.4,847.6,26.6,26.9,53.6,1107,9064,0,1.6,145,3.1,3.1,27.6,20.2,21.7
2026-03-08T10:23:52Z,0,0,0,4.5,33.8,4.6,25.9,847.5,26.1,26.7,53.7,1105,9035,0,0.5,114,1.7,1.7,27.4,20.1,21.6
2026-03-08T10:38:59Z,0,0,0,4.4,33.8,4.6,26.1,847.2,26.2,26.9,54.8,1088,8872,0,1.1,83,2.4,2.4,27.6,20.4,21.7
2026-03-08T10:54:20Z,0,0,0,4.4,33.8,4.6,25.9,846.9,26.2,26.7,52.4,1088,8897,0,1,156,2.8,2.8,27.3,19.9,21.5
2026-03-08T11:09:26Z,0,0,0,4.5,33.8,4.6,26.6,846.7,26.7,27.3,52.4,1089,8908,0,1.7,71,3.7,3.7,27.9,20.4,21.9
2026-03-08T11:24:32Z,0,0,0,0.9,33.8,4.6,26.7,846.6,27.1,27.5,54.3,415,1670,0,1.1,102,2.2,2.2,28.2,20.9,22.2
2026-03-08T11:39:38Z,0,0,0,3.8,33.8,4.6,26.2,846.5,26.4,27,50.7,958,7480,0,1,87,3.5,3.5,27.5,19.8,21.6
2026-03-08T11:54:45Z,0,0,0,3.3,33.8,4.6,26.4,846.4,26.6,27.3,51.5,868,6544,0,1.4,52,3.5,3.5,27.8,20.2,21.9
2026-03-08T12:09:51Z,0,0,0,0.9,33.8,4.6,26.4,846.2,26.5,27.3,49.2,435,1925,0,1.7,98,3.5,3.5,27.6,19.8,21.7
2026-03-08T12:24:57Z,0,0,0,3.4,33.8,4.6,26.6,846,26.9,27.4,51.1,890,6874,0,0.8,109,1.7,1.7,27.9,20.2,21.9
2026-03-08T12:40:23Z,0,0,0,2.5,33.8,4.6,25.2,846,25.5,26,56.4,730,5154,0,0.2,124,0.7,0.7,26,19.8,20.6
2026-03-08T12:55:29Z,0,0,0,0.9,33.8,4.6,26.7,846,27.1,27.6,55.5,434,1942,0,0.4,150,2.1,2.1,28.5,21.2,22.4
2026-03-08T13:10:35Z,0,0.2,0,0.9,33.8,4.6,25.4,846,25.5,26.3,57.3,415,1721,0,1.9,67,3.5,3.5,26.4,20.3,20.8
2026-03-08T13:25:42Z,0,0,0,0.4,33.8,4.6,24.3,845.8,24.4,24.9,56.3,340,966,0,1.9,74,2.6,2.6,24.9,18.8,19.6
2026-03-08T13:41:31Z,0,0,0,0.6,33.8,4.6,24.9,845.9,25.2,25.7,55.9,378,1328,0,0.5,105,1.5,1.5,25.7,19.5,20.3
2026-03-08T13:56:38Z,0,0,0,1.4,33.8,4.6,25.5,845.9,25.7,26.5,54.8,518,2965,0,1,41,1.5,1.5,26.6,20.1,21
2026-03-08T14:11:44Z,0,0,0,0.6,33.8,4.6,24.8,846,25,25.7,59,369,1291,0,1.4,76,3.3,3.3,25.8,20,20.3
2026-03-08T14:26:50Z,0,0,0,0.6,33.8,4.6,23.6,846.4,23.7,24.2,66.2,378,1487,0,2.7,75,4.8,4.8,24.3,19.6,19.2
2026-03-08T14:42:33Z,0,0,0,0.2,33.8,4.6,21,846.8,21,21.6,76.4,286,501,0,2.4,78,5,5,21.7,18.6,17.1
2026-03-08T14:57:39Z,0,0,3.6,0.1,33.8,4.6,19.4,847.1,19.4,20,86.8,276,383,0,0.1,109,0.4,0.4,20.2,18.4,15.7
2026-03-08T15:12:46Z,0,0,3.6,0.1,33.8,4.6,19,847,19.1,19.6,87.9,279,433,0,0.4,56,0.9,0.9,19.8,18.1,15.3
2026-03-08T15:27:52Z,0,0,3.6,0.1,33.8,4.6,18.9,847.1,19.1,19.4,86.2,270,347,0,0.7,75,2.2,2.2,19.5,17.7,15.1
2026-03-08T15:42:59Z,0,0,3.6,0,33.8,4.6,18.8,847.2,18.9,19.3,87.6,263,269,0,0.4,79,1.1,1.1,19.4,17.8,15
2026-03-08T15:58:05Z,0,0,3.6,0,33.8,4.6,19,847.5,19.1,19.3,87.1,261,255,0,0.4,56,0.7,0.7,19.4,17.7,15
2026-03-08T16:14:04Z,0,0,3.6,0,33.8,4.6,19,847.8,19.2,19.4,86.7,260,254,0,0.9,67,2,2,19.5,17.7,15.1
2026-03-08T16:29:10Z,0,0,3.6,0,33.8,4.6,19.1,848,19.2,19.5,87.2,261,253,0,0.6,64,1.8,1.8,19.6,17.9,15.2
2026-03-08T16:44:33Z,0,0,3.6,0,33.8,4.6,19.2,848.3,19.4,19.6,86.9,260,253,0,0.8,74,1.9,1.9,19.7,18,15.3
2026-03-08T16:59:39Z,0,0,3.6,0,33.8,4.6,19.3,848.4,19.4,19.6,86.5,261,253,0,0.7,56,1.7,1.7,19.8,18,15.3
2026-03-08T17:14:46Z,0,0,3.6,0,33.8,4.6,19.3,848.7,19.4,19.6,87.4,260,253,0,0,58,0,0,19.8,18.1,15.4
2026-03-08T17:30:42Z,0,0,3.6,0,33.8,4.6,19.3,848.7,19.5,19.7,87.2,261,252,0,0.4,60,1.1,1.1,19.8,18.1,15.4
2026-03-08T17:45:48Z,0,0,3.6,0,33.8,4.6,19.2,848.8,19.4,19.6,87.7,258,254,0,0.1,84,0.4,0.4,19.8,18.1,15.4
2026-03-08T18:00:54Z,0,0,3.6,0,33.8,4.6,19.2,849.2,19.3,19.5,87.2,260,253,0,0.6,78,1.3,1.3,19.7,18,15.3
2026-03-08T18:16:00Z,0,0,3.6,0,33.8,4.6,19.2,849.2,19.3,19.5,86.3,260,253,0,1.1,86,2.4,2.4,19.6,17.8,15.2
2026-03-08T18:31:06Z,0,0,3.6,0,33.8,4.6,19.1,849.3,19.2,19.5,86.2,260,253,0,0.7,89,1.3,1.3,19.6,17.8,15.2
2026-03-08T18:46:13Z,0,0,3.6,0,33.8,4.6,19.1,849.4,19.2,19.5,86.9,259,253,0,0.1,60,0.7,0.7,19.6,17.9,15.2
2026-03-08T19:01:39Z,0,0,3.6,0,33.8,4.6,19,849.5,19.2,19.4,87.7,262,253,0,0.2,79,0.7,0.7,19.6,17.9,15.2
2026-03-08T19:16:46Z,0,0,3.6,0,33.8,4.6,19,849.8,19.1,19.3,88.3,260,254,0,0.3,61,0.9,0.9,19.5,17.9,15.1
2026-03-08T19:31:52Z,0,0,3.6,0,33.8,4.6,18.8,850.1,18.9,19.2,88.3,261,254,0,0.5,73,1.1,1.1,19.4,17.8,15
2026-03-08T19:46:59Z,0,0,3.6,0,33.8,4.6,18.6,850.3,18.8,19,88.6,260,254,0,0.5,88,1.1,1.1,19.2,17.6,14.8
2026-03-08T20:02:06Z,0,0,3.6,0,33.8,4.6,18.6,850.2,18.8,18.9,88,260,254,0,0.8,65,1.5,1.5,19.1,17.5,14.7
2026-03-08T20:17:12Z,0,0,3.6,0,33.8,4.6,18.5,850.2,18.7,18.9,88.6,260,255,0,0.2,109,0.4,0.4,19,17.5,14.6
2026-03-08T20:32:19Z,0,0,3.6,0,33.8,4.6,18.4,850.2,18.6,18.7,88.6,260,253,0,0.2,105,0.7,0.7,18.9,17.3,14.5
2026-03-08T20:47:43Z,0,0,3.6,0,33.8,4.6,18.4,850.1,18.4,18.7,89.2,261,253,0,0,105,0,0,18.8,17.4,14.5
2026-03-08T21:02:49Z,0,0,3.6,0,33.8,4.6,18.2,849.9,18.3,18.5,89.5,261,253,0,0,105,0,0,18.6,17.2,14.3
2026-03-08T21:17:56Z,0,0,3.6,0,33.8,4.6,18,849.8,18.1,18.3,90.3,260,254,0,0,105,0,0,18.5,17.2,14.1
2026-03-08T21:33:03Z,0,0,3.6,0,33.8,4.6,18,849.6,18.1,18.2,91,261,253,0,0,105,0,0,18.4,17.2,14.1
2026-03-08T21:48:10Z,0,0,3.6,0,33.8,4.6,18,849.4,18.2,18.4,91.2,259,253,0,0,105,0,0,18.5,17.3,14.2
2026-03-08T22:03:16Z,0,0,3.6,0,33.8,4.6,18,849.2,18.2,18.4,90.8,260,252,0,0,105,0,0,18.5,17.3,14.2
2026-03-08T22:18:22Z,0,0,3.6,0,33.8,4.6,18,848.9,18.1,18.4,90.6,259,254,0,0,105,0,0,18.5,17.3,14.2
2026-03-08T22:33:46Z,0,0,3.6,0,33.8,4.6,18.1,848.6,18.2,18.4,90.9,262,254,0,0,105,0,0,18.6,17.3,14.2
2026-03-08T22:48:54Z,0,0,3.6,0,33.8,4.6,17.9,848.3,18.1,18.2,91,261,253,0,0,105,0,0,18.3,17.1,14
2026-03-08T23:04:00Z,0,0,3.6,0,33.8,4.6,17.6,848.2,17.7,17.9,91,261,254,0,0,105,0,0,18,16.8,13.8
2026-03-08T23:19:07Z,0,0,3.6,0,33.8,4.6,17.3,847.9,17.4,17.7,91.5,260,254,0,0,105,0,0,17.8,16.7,13.5
2026-03-08T23:34:13Z,0,0,3.6,0,33.8,4.6,17.2,847.8,17.2,17.5,92,261,253,0,0,105,0,0,17.6,16.5,13.3
2026-03-08T23:49:21Z,0,0,3.6,0,33.8,4.6,17,847.5,17.1,17.3,92.3,259,255,0,0,105,0,0,17.4,16.4,13.2
2026-03-09T00:00:26Z,0,0,3.6,0,33.8,4.6,16.9,847.6,17.1,17.3,92.6,262,253,0,0,105,0,0,17.4,16.4,13.2
2026-03-09T00:15:48Z,0,0,3.6,0,33.8,4.6,16.8,847.6,16.9,17.2,92.8,260,253,0,0,105,0,0,17.3,16.3,13.1
2026-03-09T00:30:55Z,0,0,3.6,0,33.8,4.6,16.7,847.5,16.8,17,93.1,261,253,0,0,105,0,0,17.1,16.2,12.9
2026-03-09T00:46:03Z,0,0,3.6,0,33.8,4.6,16.5,847.5,16.6,16.9,93.2,259,253,0,0,105,0,0,17,16.1,12.8
2026-03-09T01:01:09Z,0,0,3.6,0,33.8,4.6,16.4,847.6,16.5,16.8,93.4,260,254,0,0,105,0,0,16.9,16,12.7
2026-03-09T01:16:16Z,0,0,3.6,0,33.8,4.6,16.3,847.7,16.4,16.7,93.5,261,253,0,0,105,0,0,16.8,15.9,12.5
2026-03-09T01:32:02Z,0,0,3.6,0,33.8,4.6,16.6,847.8,16.7,17,94.1,262,252,0,0,105,0,0,17.1,16.3,12.9
2026-03-09T01:47:09Z,0,0,3.6,0,33.8,4.6,16.7,847.7,16.8,17,94.1,261,252,0,0,105,0,0,17.1,16.3,12.9
2026-03-09T02:02:15Z,0,0,3.6,0,33.8,4.6,16.7,847.7,16.8,17.1,94.2,260,253,0,0,105,0,0,17.2,16.4,12.9
2026-03-09T02:18:08Z,0,0,3.6,0,33.8,4.6,16.4,847.8,16.5,16.8,94.3,260,254,0,0,105,0,0,16.9,16.1,12.6
2026-03-09T02:33:15Z,0,0,3.6,0,33.8,4.6,16.3,848,16.4,16.7,94.3,261,253,0,0,105,0,0,16.8,16,12.5
2026-03-09T02:48:22Z,0,0,3.6,0,33.8,4.6,16.4,848,16.6,16.8,94.4,260,253,0,0,105,0,0,16.9,16.1,12.7
2026-03-09T03:03:29Z,0,0,3.6,0,33.8,4.6,16.6,848.3,16.6,16.9,94.6,260,253,0,0,105,0,0,17,16.3,12.8
2026-03-09T03:18:35Z,0,0,3.6,0,33.8,4.6,16.6,848.4,16.6,16.9,94.6,261,253,0,0,105,0,0,17,16.3,12.8
2026-03-09T03:33:57Z,0,0,3.6,0,33.8,4.6,16.6,848.5,16.7,16.9,94.7,261,268,0,0,105,0,0,17.1,16.3,12.8
2026-03-09T03:49:04Z,0,0,3.6,0.1,33.8,4.6,16.6,848.7,16.6,16.9,94.8,266,307,0,0.1,58,0.4,0.4,17,16.3,12.8
2026-03-09T04:04:10Z,0,0,3.6,0.1,33.8,4.6,16.6,848.9,16.6,16.9,94.8,283,491,0,0,58,0,0,17.1,16.3,12.8
2026-03-09T04:19:17Z,0,0,3.6,0.2,33.8,4.6,16.6,849,16.6,16.9,94.7,291,522,0,0.4,58,0.9,0.9,17,16.2,12.8
2026-03-09T04:34:25Z,0,0,3.6,0.3,33.8,4.6,16.7,849.1,16.8,17,94.7,320,864,0,0,58,0,0,17.1,16.4,12.9
2026-03-09T04:49:32Z,0,0,3.6,0.5,33.8,4.6,17.2,849,17.1,17.3,94.6,343,1083,0,0,58,0,0,17.4,16.7,13.2
2026-03-09T05:04:39Z,0,0,3.6,0.8,33.8,4.6,17.5,849.2,17.4,17.6,94.4,402,1755,0,0.3,58,0.9,0.9,17.7,16.9,13.5
2026-03-09T05:20:02Z,0,0,3.6,1.4,33.8,4.6,20.2,848.9,19.6,19.1,91.6,525,3145,0,0.1,57,0.4,0.4,19.3,18.1,14.9
2026-03-09T05:35:08Z,0,0,3.6,0.6,33.8,4.6,20,849,19.6,20.1,83,360,1146,0,1.6,57,2.4,2.4,20.2,18,15.7
2026-03-09T05:50:15Z,0,0,3.6,0.6,33.8,4.6,19.7,849.3,19.6,20,83.3,366,1250,0,0.3,58,1.1,1.1,20.1,17.9,15.6
2026-03-09T06:05:22Z,0,0,0,2.2,3.6,3.6,22,849.3,21.8,21.8,78.2,669,4628,0,0.5,58,1.5,1.5,21.9,19,17.2
2026-03-09T06:20:29Z,0,0,0,0.8,3.6,3.6,21.1,849.4,21,21.4,78.8,400,1544,0,0.1,62,0.4,0.4,21.6,18.8,16.9
2026-03-09T06:35:36Z,0,0,0,1.3,3.6,3.6,21.8,849.4,21.9,22.1,75.7,495,2682,0,0.6,57,1.3,1.3,22.3,19,17.5
2026-03-09T06:50:42Z,0,0,0,1.1,3.6,3.6,20.9,849.5,21,21.4,76.4,472,2404,0,1,63,2.2,2.2,21.5,18.4,16.9
2026-03-09T07:06:04Z,0,0,0,3.4,3.6,3.6,22.3,849.4,22.2,22.6,72.6,886,6838,0,1.2,59,2,2,22.7,19,17.9
2026-03-09T07:21:11Z,0,0,0,3.7,3.6,3.6,22.8,849.3,22.8,23.2,73.1,955,7555,0,1.2,72,3.2,3.2,23.3,19.7,18.4
2026-03-09T07:36:17Z,0,0,0,1.2,3.6,3.6,23.5,849.2,23.6,24.1,68.9,478,2440,0,0.5,153,0.9,0.9,24.2,20,19.2
2026-03-09T07:52:12Z,0,0,0,3.6,3.6,3.6,23.2,849.1,23.2,23.9,65.9,932,7180,0,1.6,80,3.5,3.5,23.9,19.3,18.9
2026-03-09T08:07:19Z,0,0,0,4.9,3.6,3.6,24.2,848.9,24.2,24.8,63.4,1170,9868,0,1.1,54,2.2,2.2,24.8,19.8,19.6
2026-03-09T08:23:17Z,0,0,0,2.8,3.6,3.6,23.1,848.6,23.2,23.8,65.8,777,5519,0,1.1,95,3.1,3.1,23.9,19.3,18.9
2026-03-09T08:38:40Z,0,0,0,1.6,3.6,3.6,23,848.6,23.2,23.5,71.2,549,3207,0,0.4,61,1.1,1.1,23.6,19.7,18.7
2026-03-09T08:53:47Z,0,0,0,1.1,3.6,3.6,24,848.4,24,24.5,66.1,456,2259,0,0.4,60,1.2,1.2,24.6,19.9,19.4
2026-03-09T09:08:53Z,0,0,0,5.3,3.6,3.6,24.6,848.3,24.8,25,62.2,1241,10592,0,1.7,67,3.5,3.5,25.1,19.9,19.9
2026-03-09T09:23:59Z,0,0,0,5.2,3.6,3.6,24.4,848.2,24.4,25.1,59.2,1230,10459,0,1.5,86,2.6,2.6,25.1,19.4,19.9
2026-03-09T09:39:06Z,0,0,0,3.7,3.6,3.6,24.6,847.8,24.7,25.2,62.5,941,7236,0,1.2,81,3.5,3.5,25.3,20.1,20
2026-03-09T09:54:12Z,0,0.2,0,1.2,3.6,3.6,24.6,847.5,24.6,25.3,57.6,486,2526,0,3,88,5,5,25.4,19.4,20.1
2026-03-09T10:09:19Z,0,0,0,1.5,3.6,3.6,24,847.5,24.1,24.6,60.7,537,3079,0,0.6,102,2.4,2.4,24.7,19.3,19.5
2026-03-09T10:24:43Z,0,0,0,1.4,3.6,3.6,25,847.2,24.9,25.7,58.7,519,2896,0,1.1,67,2.6,2.6,25.7,19.9,20.3
2026-03-09T10:39:49Z,0,0,0,1.4,3.6,3.6,24.6,846.9,24.6,25.2,59.4,511,2758,0,1.7,73,2.8,2.8,25.3,19.6,20
2026-03-09T10:54:55Z,0,0,0,1.6,3.6,3.6,24.7,846.8,24.9,25.4,59.6,550,3250,0,0.9,82,2.2,2.2,25.5,19.8,20.2
2026-03-09T11:10:01Z,0,0,0,2.7,3.6,3.6,24.4,846.6,24.5,24.9,58.7,766,5500,0,1.1,84,2.4,2.4,24.9,19.2,19.7
2026-03-09T11:25:07Z,0,0,0,4.5,3.6,3.6,25.7,846.3,25.9,26.5,59.3,1092,9084,0,0.1,71,0.7,0.7,26.6,20.7,21
2026-03-09T11:40:14Z,0,0,0,1.2,3.6,3.6,25.7,846,26.2,26.5,55.7,482,2386,0,1.1,163,2,2,26.6,20.2,21
2026-03-09T11:55:20Z,0,0,0,1,3.6,3.6,25.1,845.9,25.3,25.9,56.9,443,2099,0,0.7,69,2,2,26,19.8,20.5
2026-03-09T12:10:48Z,0,0,0,1.7,3.6,3.6,25.4,845.8,25.6,26.1,57,570,3464,0,1.6,65,5.5,5.5,26.1,20,20.6
2026-03-09T12:25:54Z,0,0,0,1.2,3.6,3.6,24.7,845.7,24.9,25.4,60.2,479,2455,0,0.8,101,1.5,1.5,25.5,19.9,20.1
2026-03-09T12:41:01Z,0,0,0,3.6,3.6,3.6,25.2,845.5,25.4,25.9,57.2,935,7390,0,1.2,77,3.7,3.7,26,19.9,20.5
2026-03-09T12:56:55Z,0,0,0,0.8,3.6,3.6,25,845.5,25.1,25.9,57.5,402,1655,0,0.9,79,2,2,25.9,19.9,20.5
2026-03-09T13:12:02Z,0,0,0,0.6,3.6,3.6,25,845.4,25.4,25.7,58.1,377,1339,0,1.1,88,2.4,2.4,25.8,19.9,20.4
2026-03-09T13:27:09Z,0,0,0,2.4,3.6,3.6,24.8,845.3,25.1,25.6,58.4,698,4936,0,1.9,99,3.9,3.9,25.7,19.8,20.3
2026-03-09T13:43:03Z,0,0,0,1.9,3.6,3.6,25.4,845.2,25.8,26.5,57.6,616,4023,0,1.1,91,2.8,2.8,26.6,20.5,21
2026-03-09T13:58:10Z,0,0,0,0.6,3.6,3.6,24.8,845.2,24.9,25.5,58.2,366,1238,0,1.1,77,3.1,3.1,25.6,19.7,20.2
2026-03-09T14:13:17Z,0,0,0,1.3,3.6,3.6,24.7,845.3,24.9,25.3,59.2,504,2896,0,1.2,93,3.5,3.5,25.4,19.7,20.1
2026-03-09T14:28:23Z,0,0,0,0.3,3.6,3.6,24,845.5,24.1,24.5,63.1,317,727,0,0.2,84,1.3,1.3,24.5,19.5,19.4
2026-03-09T14:43:29Z,0,0,0,0.3,3.6,3.6,23.5,845.5,23.6,23.9,65.8,305,650,0,0.9,85,2.2,2.2,23.9,19.3,18.9
2026-03-09T14:58:53Z,0,0,0,0.1,3.6,3.6,22.9,845.7,23.1,23.3,68.5,279,381,0,0.8,82,2.6,2.6,23.4,19.2,18.5
2026-03-09T15:14:00Z,0,0,0,0.1,3.6,3.6,22.5,846,22.6,22.9,71.7,276,383,0,0.6,82,1.3,1.3,23,19.2,18.1
2026-03-09T15:29:06Z,0,0,0,0.1,3.6,3.6,22.2,846.2,22.3,22.5,72.2,269,330,0,0.6,78,1.1,1.1,22.6,18.9,17.8
2026-03-09T15:44:13Z,0,0,0,0,3.6,3.6,21.8,846.2,21.9,22.1,73.7,263,270,0,0.9,92,2.6,2.6,22.2,18.7,17.5
2026-03-09T15:59:19Z,0,0,0,0,3.6,3.6,21.4,846.5,21.5,21.7,75.8,261,255,0,0.5,78,1.1,1.1,21.8,18.6,17.1
2026-03-09T16:14:26Z,0,0,0,0,3.6,3.6,21,846.4,21.1,21.4,76.9,259,253,0,0.7,109,2,2,21.5,18.4,16.9
2026-03-09T16:29:33Z,0,0,0,0,3.6,3.6,20.7,846.6,20.8,21,77.5,259,254,0,1.5,76,2.6,2.6,21.1,18.2,16.5
2026-03-09T16:44:57Z,0,0,0,0,3.6,3.6,20.4,846.7,20.5,20.7,80,260,253,0,0.5,81,0.9,0.9,20.8,18.2,16.3
2026-03-09T17:00:04Z,0,0,0,0,3.6,3.6,20.2,847.1,20.4,20.6,81.9,259,253,0,0.9,77,2,2,20.7,18.3,16.2
2026-03-09T17:15:10Z,0,0,0,0,3.6,3.6,20,847.4,20.2,20.4,83.8,261,253,0,0.1,78,0.7,0.7,20.5,18.4,16
2026-03-09T17:30:17Z,0,0,0,0,3.6,3.6,19.7,847.6,19.9,20.1,84.9,260,253,0,0.9,68,2.4,2.4,20.2,18.2,15.8
2026-03-09T17:45:24Z,0,0,0,0,3.6,3.6,19.5,847.9,19.6,19.8,85.8,260,253,0,0.5,55,2.2,2.2,20,18.1,15.5
2026-03-09T18:00:30Z,0,0,0,0,3.6,3.6,19.5,848.3,19.7,19.8,86.6,259,253,0,0.4,73,0.9,0.9,20,18.2,15.5
2026-03-09T18:15:37Z,0,0,0,0,3.6,3.6,19.4,848.7,19.6,19.8,86.6,261,253,0,0.5,73,0.9,0.9,19.9,18.1,15.5
2026-03-09T18:31:02Z,0,0,0,0,3.6,3.6,19.3,848.7,19.4,19.6,87.2,260,254,0,0.4,73,1.1,1.1,19.8,18.1,15.4
2026-03-09T18:46:08Z,0,0,0,0,3.6,3.6,19.1,848.6,19.2,19.5,87.4,258,255,0,0.8,71,2.2,2.2,19.6,17.9,15.2
2026-03-09T19:01:15Z,0,0,0,0,3.6,3.6,19,848.7,19.1,19.3,88.1,261,255,0,0.4,77,2,2,19.5,17.9,15.1
2026-03-09T19:16:22Z,0,0,0,0,3.6,3.6,19,848.7,19.2,19.4,88.6,260,253,0,0.3,77,1.3,1.3,19.5,18,15.1
2026-03-09T19:31:28Z,0,0,0,0,3.6,3.6,19.1,849,19.2,19.5,88.4,260,253,0,0.2,72,0.7,0.7,19.7,18.1,15.2
2026-03-09T19:46:35Z,0,0,0,0,3.6,3.6,19.1,849.2,19.2,19.5,88.6,259,253,0,0.1,72,0.7,0.7,19.6,18.1,15.2
2026-03-09T20:01:40Z,0,0,0,0,3.6,3.6,19.1,849.4,19.2,19.5,88.8,261,253,0,0.1,72,0.7,0.7,19.7,18.1,15.3
2026-03-09T20:17:23Z,0,0,0,0,3.6,3.6,19,849.4,19.2,19.4,89.1,259,255,0,0,72,0.2,0.2,19.6,18.1,15.2
2026-03-09T20:32:29Z,0,0,0,0,3.6,3.6,18.9,849.5,19.1,19.3,89.2,260,253,0,0,72,0.2,0.2,19.4,18,15
2026-03-09T20:47:33Z,0,0,0,0,3.6,3.6,18.8,849.4,18.9,19.2,89.3,260,254,0,0.4,75,1.3,1.3,19.4,17.9,15
2026-03-09T21:04:07Z,0,0,0,0,3.6,3.6,18.8,849.2,18.9,19.2,89.2,261,253,0,0.2,75,0.7,0.7,19.3,17.9,15
2026-03-09T21:19:14Z,0,0,0,0,3.6,3.6,18.7,849.1,18.9,19.1,89.7,260,252,0,0.4,75,1.1,1.1,19.3,17.9,14.9
2026-03-09T21:34:15Z,0,0,0,0,3.6,3.6,18.6,848.8,18.8,19,89.7,261,252,0,0.1,75,0.4,0.4,19.1,17.7,14.8
2026-03-09T21:49:21Z,0,0,0,0,3.6,3.6,18.5,848.6,18.6,18.9,89.6,258,253,0,0.2,78,0.7,0.7,19,17.6,14.7
2026-03-09T22:04:28Z,0,0,0,0,3.6,3.6,18.4,848.4,18.6,18.8,89.7,260,253,0,0,78,0,0,18.9,17.5,14.6
2026-03-09T22:19:34Z,0,0,0,0,3.6,3.6,18.3,848.2,18.4,18.7,89.9,260,253,0,0,78,0,0,18.9,17.5,14.5
2026-03-09T22:34:41Z,0,0,0,0,3.6,3.6,18.1,848.2,18.2,18.5,90.1,259,253,0,0,78,0.2,0.2,18.6,17.3,14.3
2026-03-09T22:50:05Z,0,0,0,0,3.6,3.6,17.8,848.1,17.9,18.1,90.5,260,253,0,0.4,78,0.9,0.9,18.2,17,14
2026-03-09T23:05:11Z,0,0,0,0,3.6,3.6,17.6,848.2,17.7,18,91.2,261,254,0,0,78,0,0,18.1,16.9,13.8
2026-03-09T23:20:18Z,0,0,0,0,3.6,3.6,17.4,848.1,17.6,17.8,91.7,260,254,0,0,78,0,0,17.9,16.8,13.6
2026-03-09T23:35:24Z,0,0,0,0,3.6,3.6,17.4,848,17.5,17.7,92.7,258,253,0,0,78,0,0,17.8,16.8,13.6
2026-03-09T23:50:31Z,0,0,0,0,3.6,3.6,17.2,847.9,17.3,17.5,92.9,261,252,0,0,78,0,0,17.7,16.7,13.4
2026-03-10T00:00:35Z,0,0,0,0,3.6,3.6,17.1,847.9,17.2,17.5,93.1,260,253,0,0,78,0,0,17.6,16.6,13.3
2026-03-10T00:15:42Z,0,0,0,0,3.6,3.6,17.1,848,17.2,17.5,93.4,260,254,0,0,78,0,0,17.6,16.7,13.3
2026-03-10T00:30:48Z,0,0,0,0,3.6,3.6,17.1,848,17.2,17.4,93.7,260,254,0,0,78,0,0,17.5,16.6,13.3
2026-03-10T00:46:13Z,0,0,0,0,3.6,3.6,17.2,848,17.4,17.5,93.8,259,253,0,0,78,0,0,17.7,16.8,13.4
2026-03-10T01:01:20Z,0,0,0,0,3.6,3.6,17.3,847.9,17.5,17.7,94,260,253,0,0,78,0,0,17.8,17,13.5
2026-03-10T01:16:27Z,0,0,0,0,3.6,3.6,17.4,847.9,17.5,17.8,94.1,258,253,0,0,78,0,0,17.9,17,13.6
2026-03-10T01:31:34Z,0,0,0,0,3.6,3.6,17.5,848,17.6,17.8,94.2,261,253,0,0,78,0,0,17.9,17.1,13.7
2026-03-10T01:46:41Z,0,0,0,0,3.6,3.6,17.5,847.9,17.6,17.9,94.3,261,254,0,0,78,0,0,18,17.2,13.7
2026-03-10T02:01:48Z,0,0,0,0,3.6,3.6,17.4,847.9,17.5,17.7,94.3,260,254,0,0,78,0,0,17.9,17.1,13.6
2026-03-10T02:16:55Z,0,0,0,0,3.6,3.6,17.3,848,17.4,17.6,94.4,260,254,0,0,78,0,0,17.8,17,13.5
2026-03-10T02:32:19Z,0,0,0,0,3.6,3.6,17.3,848,17.4,17.6,94.5,260,253,0,0,78,0,0,17.8,17,13.5
2026-03-10T02:47:26Z,0,0,0,0,3.6,3.6,17.3,848.1,17.4,17.6,94.6,260,253,0,0,78,0,0,17.8,17,13.5
2026-03-10T03:02:32Z,0,0,0,0,3.6,3.6,17.3,848.2,17.3,17.5,94.6,260,253,0,0.2,78,0.7,0.7,17.7,16.9,13.4
2026-03-10T03:17:39Z,0,0,0,0,3.6,3.6,17.1,848.2,17.2,17.4,94.6,260,254,0,0,78,0.2,0.2,17.6,16.8,13.3
2026-03-10T03:32:45Z,0,0,0,0,3.6,3.6,17,848.6,17.1,17.3,94.5,261,258,0,0.1,78,0.4,0.4,17.4,16.7,13.2
2026-03-10T03:47:53Z,0,0,0,0,3.6,3.6,16.9,848.7,17.1,17.3,94.3,265,296,0,0,78,0.2,0.2,17.4,16.6,13.2
2026-03-10T04:03:17Z,0,0,0,0.1,3.6,3.6,17,848.8,17.1,17.3,94.3,275,390,0,0,78,0,0,17.5,16.7,13.2
2026-03-10T04:18:24Z,0,0,0,0.2,3.6,3.6,17,849.2,17.1,17.4,94.1,285,497,0,0,78,0.2,0.2,17.5,16.6,13.2
2026-03-10T04:33:29Z,0,0,0,0.2,3.6,3.6,17.1,849.4,17.2,17.5,93.7,297,648,0,0.1,78,0.4,0.4,17.6,16.7,13.4
2026-03-10T04:48:36Z,0,0,0,0.3,3.6,3.6,17.3,849.3,17.5,17.7,93.4,304,691,0,0,78,0,0,17.9,16.9,13.6
2026-03-10T05:03:42Z,0,0,0,0.2,3.6,3.6,17.5,849.6,17.6,17.8,92.8,290,543,0,0,78,0,0,17.9,16.9,13.7
2026-03-10T05:18:49Z,0,0,0.2,0.4,3.6,3.6,17.6,849.9,17.8,18,92.5,337,1042,0,0,78,0.2,0.2,18.1,17.1,13.8
2026-03-10T05:33:55Z,0,0,0.4,0.6,3.6,3.6,17.7,850.1,17.9,18.1,92.2,368,1346,0,0.2,78,0.7,0.7,18.3,17.2,14
2026-03-10T05:49:20Z,0.2,0,1.2,0.6,3.6,3.6,18,850.1,18.1,18.4,92.3,372,1414,0,0.4,78,0.9,0.9,18.6,17.5,14.3
2026-03-10T06:04:27Z,0,0,0,0.8,1.6,0.4,18.3,850.1,18.4,18.7,92.7,396,1640,0,0.2,78,0.9,0.9,18.9,17.9,14.6
2026-03-10T06:19:29Z,0,0,0.2,0.7,1.6,0.4,18.4,850.3,18.6,18.9,92.2,385,1541,0,0.1,78,0.7,0.7,19,17.9,14.7
2026-03-10T06:34:35Z,0,0,0.2,1.1,1.6,0.4,18.9,850.3,19.1,19.4,91.6,463,2340,0,0,78,0.2,0.2,19.5,18.3,15.1
2026-03-10T06:49:41Z,0,0,0.2,1.5,1.6,0.4,19.2,850.4,19.4,19.8,86.4,543,3208,0,0.4,77,1.1,1.1,19.9,18.1,15.5
2026-03-10T07:05:29Z,0,0,0.2,1.5,1.6,0.4,20.2,850.3,20.2,20.8,82.9,535,3112,0,0.9,78,1.3,1.3,21,18.7,16.4
2026-03-10T07:20:52Z,0,0,0.2,1.3,1.6,0.4,20,850.3,20.1,20.7,80.1,506,2811,0,1,78,1.5,1.5,20.8,18.2,16.3
2026-03-10T07:36:21Z,0,0,0.2,1.2,1.6,0.4,21,850.2,21.1,21.4,79.7,484,2593,0,0.4,78,0.9,0.9,21.6,18.9,16.9
2026-03-10T07:51:28Z,0,0,0.2,1.4,1.6,0.4,21.5,850,21.6,22,79.4,516,2934,0,0,78,0.2,0.2,22.2,19.4,17.4
2026-03-10T08:06:34Z,0,0,0.2,1.6,1.6,0.4,22.2,849.8,22,22.2,80.1,563,3396,0,0,78,0.2,0.2,22.4,19.7,17.7
2026-03-10T08:21:41Z,0,0,0.2,1.5,1.6,0.4,22.5,849.7,22.2,22.5,77,536,3109,0,0.2,78,0.7,0.7,22.6,19.5,17.9
2026-03-10T08:37:23Z,0,0,0.2,1.9,1.6,0.4,22.4,849.5,22.3,22.9,72.8,610,3842,0,1.6,78,2,2,23,19.4,18.2
2026-03-10T08:52:29Z,0,0,0.2,1.4,1.6,0.4,22.7,849.4,22.8,23.5,71.3,510,2867,0,0.8,78,1.2,1.2,23.6,19.7,18.7
2026-03-10T09:07:36Z,0,0,0.2,1.9,1.6,0.4,22.9,849.2,23.2,23.6,73.3,617,3942,0,0.3,78,1.3,1.3,23.7,20.1,18.8
2026-03-10T09:22:51Z,0,0,0.2,2.3,1.6,0.4,23.5,848.9,23.8,24.4,70.5,679,4605,0,0.1,78,0.4,0.4,24.5,20.4,19.4
2026-03-10T09:37:57Z,0,0,0.2,2.4,1.6,0.4,24,848.6,23.9,24.7,65.9,702,4823,0,0.1,78,0.7,0.7,24.8,20.1,19.6
2026-03-10T09:53:20Z,0,0,0.2,3,1.6,0.4,24.6,848.4,24.6,25.4,64.1,811,5951,0,0.5,86,1.5,1.5,25.5,20.4,20.1
2026-03-10T10:08:26Z,0,0,0.2,3.5,1.6,0.4,24.8,848.1,24.8,25.4,61.4,902,6862,0,0.5,84,1.1,1.1,25.5,20.1,20.2
2026-03-10T10:23:27Z,0,0,0.2,2.6,1.6,0.4,24.9,847.8,25,25.9,61.1,748,5299,0,0.6,77,2.2,2.2,26,20.4,20.5
2026-03-10T10:38:33Z,0,0,0.2,2.6,1.6,0.4,25.3,847.5,25.2,26,58.5,740,5193,0,1,77,2,2,26.1,20.2,20.6
2026-03-10T10:53:40Z,0,0,0.2,2.7,1.6,0.4,25.2,847.2,25.3,26.1,54.3,753,5320,0,2.1,67,3.3,3.3,26.1,19.6,20.6
2026-03-10T11:08:46Z,0,0,0.2,2.6,1.6,0.4,25.7,846.9,26.1,26.5,53.9,738,5167,0,0.7,113,1.5,1.5,26.6,20,21
2026-03-10T11:23:52Z,0,0,0.2,2.2,1.6,0.4,26.1,846.8,26.4,27,52.4,658,4326,0,1.1,57,2.2,2.2,27.5,20.1,21.7
2026-03-10T11:39:47Z,0,0,0.2,3.1,1.6,0.4,25.7,846.5,26.2,26.8,54.3,834,6211,0,0.3,169,1.1,1.1,27.4,20.2,21.6
2026-03-10T11:55:30Z,0,0,0.2,2.5,1.6,0.4,25.9,846.4,26.2,26.9,52,714,4897,0,1,64,2.2,2.2,27.4,19.9,21.6
2026-03-10T12:10:36Z,0,0,0.2,2.1,1.6,0.4,25.8,846.2,26.1,26.8,53.7,643,4161,0,0.7,61,1.3,1.3,27.4,20.1,21.6
2026-03-10T12:25:42Z,0,0,0.2,3.2,1.6,0.4,25.4,846.1,25.7,26.4,54.9,844,6321,0,0.8,152,1.7,1.7,26.4,19.9,20.8
2026-03-10T12:41:27Z,0,0,0.2,3.2,1.6,0.4,26.7,846,26.9,27.8,51.8,852,6493,0,1.2,64,2.5,2.5,28.4,20.7,22.3
2026-03-10T12:56:33Z,0,0,0.2,0.8,1.6,0.4,25.4,845.9,25.6,26.4,53.7,408,1700,0,1.2,84,3.3,3.3,26.4,19.8,20.9
2026-03-10T13:11:40Z,0,0,0.2,2.4,1.6,0.4,25.2,845.9,25.4,25.9,54.9,707,4951,0,1.8,98,4.1,4.1,25.9,19.5,20.5
2026-03-10T13:26:45Z,0,0,0.2,2,1.6,0.4,26.3,845.7,26.6,27.5,51.9,628,4060,0,0.9,89,2.4,2.4,28,20.4,22
2026-03-10T13:41:51Z,0,0,0.2,1.6,1.6,0.4,25.1,845.8,25.2,26.1,54,564,3403,0,0.5,111,2.2,2.2,26.1,19.6,20.6
2026-03-10T13:56:58Z,0,0,0.2,1.4,1.6,0.4,25.6,845.7,25.8,26.8,51.1,517,2926,0,0.9,74,1.7,1.7,27.3,19.8,21.5
2026-03-10T14:12:25Z,0,0,0.2,1.1,1.6,0.4,24.8,845.8,24.9,25.7,52,458,2344,0,2.2,80,5.5,5.5,25.7,19,20.3
2026-03-10T14:27:32Z,0,0,0.2,0.2,1.6,0.4,24.3,845.8,24.4,24.7,56.9,306,569,0,1.6,79,3.9,3.9,24.7,18.8,19.5
2026-03-10T14:42:38Z,0,0,0.2,0.2,1.6,0.4,24,845.9,24.1,24.3,57.8,300,521,0,0.9,93,2.6,2.6,24.3,18.6,19.2
2026-03-10T14:57:45Z,0,0,0.2,0.2,1.6,0.4,23.6,846.2,23.8,24,62.3,296,521,0,0.6,93,2.1,2.1,24,18.9,19
2026-03-10T15:12:51Z,0,0,0.2,0.1,1.6,0.4,22.6,846.6,22.7,23,69.1,282,399,0,2.3,76,5,5,23.1,18.9,18.2
2026-03-10T15:28:33Z,0,0,0.2,0.1,1.6,0.4,22.1,846.7,22.2,22.5,70.5,270,325,0,0.4,86,1.3,1.3,22.5,18.6,17.7
2026-03-10T15:43:40Z,0,0,0.2,0,1.6,0.4,21.7,846.8,21.9,22.1,70.9,265,269,0,0.5,75,1.2,1.2,22.1,18.3,17.4
2026-03-10T15:58:47Z,0,0,0.2,0,1.6,0.4,21.2,847.2,21.4,21.6,72,260,254,0,0,102,0.2,0.2,21.7,18,17
2026-03-10T16:14:40Z,0,0,0.2,0,1.6,0.4,20.8,847.5,20.9,21.2,74.3,261,254,0,0.2,41,0.7,0.7,21.2,17.9,16.7
2026-03-10T16:29:47Z,0,0,0.2,0,1.6,0.4,20.7,847.7,20.9,21.1,75.9,261,254,0,0,91,0.2,0.2,21.1,18,16.6
2026-03-10T16:45:37Z,0,0,0.2,0,1.6,0.4,20.5,848.1,20.6,20.8,78.5,261,253,0,0,81,0.2,0.2,20.9,18.1,16.3
2026-03-10T17:00:43Z,0,0,0.2,0,1.6,0.4,20.2,848.3,20.4,20.5,81.4,261,253,0,0,115,0.4,0.4,20.7,18.2,16.2
2026-03-10T17:15:50Z,0,0,0.2,0,1.6,0.4,20.1,848.4,20.2,20.4,83,259,253,0,0.7,88,1.5,1.5,20.5,18.3,16
2026-03-10T17:30:56Z,0,0,0.2,0,1.6,0.4,19.9,848.5,20,20.2,83,261,253,0,0.7,93,1.5,1.5,20.3,18.1,15.8
2026-03-10T17:46:03Z,0,0,0.2,0,1.6,0.4,19.6,848.6,19.8,20,83.9,260,253,0,0.6,77,1.3,1.3,20.1,18,15.6
2026-03-10T18:01:09Z,0,0,0.2,0,1.6,0.4,19.4,849,19.6,19.8,84.9,259,254,0,0.3,98,1.1,1.1,19.9,17.9,15.5
2026-03-10T18:16:35Z,0,0,0.2,0,1.6,0.4,19.3,849.1,19.4,19.6,86.1,260,253,0,0.4,78,0.9,0.9,19.7,17.9,15.3
2026-03-10T18:31:41Z,0,0,0.2,0,1.6,0.4,19.2,849.3,19.4,19.5,87,260,254,0,0.6,75,1.7,1.7,19.6,17.9,15.2
2026-03-10T18:46:48Z,0,0,0.2,0,1.6,0.4,19,849.4,19.1,19.4,87.8,260,253,0,0.8,102,1.3,1.3,19.5,17.9,15.1
2026-03-10T19:01:55Z,0,0,0.2,0,1.6,0.4,18.9,849.9,19.1,19.3,88.5,259,253,0,0.2,111,1.1,1.1,19.4,17.9,15
2026-03-10T19:17:01Z,0,0,0.2,0,1.6,0.4,18.8,850,19,19.2,88.6,260,254,0,0,81,0,0,19.3,17.8,14.9
2026-03-10T19:32:07Z,0,0,0.2,0,1.6,0.4,18.7,850.2,18.8,19,89,260,254,0,0.2,106,0.4,0.4,19.1,17.6,14.8
2026-03-10T19:47:14Z,0,0,0.2,0,1.6,0.4,18.5,850.2,18.6,18.8,89.2,259,254,0,0,88,0.2,0.2,19,17.5,14.6
2026-03-10T20:02:38Z,0,0,0.2,0,1.6,0.4,18.3,850.2,18.4,18.7,89.7,261,254,0,0,74,0,0,18.8,17.4,14.5
2026-03-10T20:17:46Z,0,0,0.2,0,1.6,0.4,18.1,850.2,18.2,18.4,90.7,262,253,0,0,73,0,0,18.5,17.3,14.2
2026-03-10T20:32:52Z,0,0,0.2,0,1.6,0.4,17.8,850.2,17.9,18.1,91.1,259,254,0,0,73,0,0,18.2,17,13.9
2026-03-10T20:47:58Z,0,0,0.2,0,1.6,0.4,17.6,850.1,17.7,17.8,91.8,259,253,0,0,73,0,0,17.9,16.8,13.6
2026-03-10T21:03:05Z,0,0,0.2,0,1.6,0.4,17.3,849.8,17.4,17.6,92.1,260,254,0,0,73,0,0,17.7,16.6,13.4
2026-03-10T21:18:12Z,0,0,0.2,0,1.6,0.4,17.1,849.5,17.2,17.4,92.4,260,252,0,0,74,0,0,17.5,16.5,13.3
2026-03-10T21:33:18Z,0,0,0.2,0,1.6,0.4,17,849.4,17.2,17.4,92.8,260,252,0,0,73,0,0,17.5,16.5,13.2
2026-03-10T21:48:42Z,0,0,0.2,0,1.6,0.4,17,849.6,17.2,17.4,93.1,262,254,0,0,74,0,0,17.5,16.6,13.2
2026-03-10T22:03:49Z,0,0,0.2,0,1.6,0.4,16.9,849.4,16.9,17.2,93.1,261,253,0,0,73,0,0,17.3,16.4,13.1
2026-03-10T22:18:55Z,0,0,0.2,0,1.6,0.4,16.7,849.5,16.8,17,93.2,260,254,0,0,73,0,0,17.1,16.2,12.9
2026-03-10T22:34:02Z,0,0,0.2,0,1.6,0.4,16.9,849.3,16.9,17.2,93.6,261,253,0,0,26,0,0,17.3,16.4,13.1
2026-03-10T22:49:09Z,0,0,0.2,0,1.6,0.4,17,849.2,17.1,17.3,93.7,261,253,0,0,26,0,0,17.4,16.6,13.2
2026-03-10T23:04:16Z,0,0,0.2,0,1.6,0.4,17.1,849.1,17.2,17.5,93.8,259,253,0,0,26,0,0,17.6,16.7,13.3
2026-03-10T23:19:23Z,0,0,0.2,0,1.6,0.4,17.1,849.2,17.2,17.4,93.7,261,254,0,0,26,0,0,17.5,16.6,13.2
2026-03-10T23:34:46Z,0,0,0.2,0,1.6,0.4,16.9,849,17,17.3,93.8,260,253,0,0,26,0,0,17.4,16.5,13.1
2026-03-10T23:49:53Z,0,0,0.2,0,1.6,0.4,16.8,849,16.9,17.1,93.8,260,253,0,0,26,0,0,17.2,16.4,13
2026-03-11T00:00:58Z,0,0,0.2,0,1.6,0.4,16.6,848.8,16.7,17,93.7,260,252,0,0,26,0,0,17.1,16.2,12.9
2026-03-11T00:16:04Z,0,0,0.2,0,1.6,0.4,16.6,848.8,16.6,16.9,94,260,254,0,0,26,0,0,17,16.2,12.8
2026-03-11T00:31:10Z,0,0,0.2,0,1.6,0.4,16.4,848.7,16.6,16.8,94.1,261,254,0,0,26,0,0,16.9,16.1,12.7
2026-03-11T00:46:17Z,0,0,0.2,0,1.6,0.4,16.4,848.8,16.5,16.8,94.3,260,252,0,0,26,0,0,16.9,16.1,12.7
2026-03-11T01:01:24Z,0,0,0.2,0,1.6,0.4,16.3,848.8,16.4,16.6,94.4,260,254,0,0,26,0,0,16.7,16,12.5
2026-03-11T01:16:48Z,0,0,0.2,0,1.6,0.4,16.3,848.9,16.4,16.7,94.5,261,253,0,0,26,0,0,16.8,16,12.6
2026-03-11T01:31:56Z,0,0,0.2,0,1.6,0.4,16.4,848.8,16.5,16.7,94.7,261,253,0,0,26,0,0,16.8,16.1,12.6
2026-03-11T01:47:32Z,0,0,0.2,0,1.6,0.4,16.6,848.9,16.7,16.9,94.8,261,253,0,0,26,0,0,17,16.3,12.8
2026-03-11T02:02:48Z,0,0,0.2,0,1.6,0.4,16.6,848.9,16.8,16.9,94.9,259,253,0,0,26,0,0,17.1,16.3,12.8
2026-03-11T02:17:55Z,0,0,0.2,0,1.6,0.4,16.7,849.1,16.8,17.1,94.9,261,252,0,0,26,0,0,17.2,16.5,13
2026-03-11T02:33:02Z,0,0,0.2,0,1.6,0.4,16.9,849.1,17.1,17.4,95,259,253,0,0,26,0,0,17.5,16.8,13.2
2026-03-11T02:48:08Z,0,0,0.2,0,1.6,0.4,16.8,849.2,16.8,17.1,95.1,259,253,0,0,26,0,0,17.2,16.5,13
2026-03-11T03:03:14Z,0,0,0.2,0,1.6,0.4,16.4,849.3,16.4,16.7,95,261,252,0,0,26,0,0,16.8,16.1,12.6
2026-03-11T03:18:21Z,0,0,0.2,0,1.6,0.4,16.3,849.4,16.4,16.6,95.1,260,254,0,0,26,0,0,16.7,16,12.5
2026-03-11T03:33:28Z,0,0,0.2,0,1.6,0.4,16.2,849.6,16.3,16.5,95.2,261,279,0,0,26,0,0,16.6,16,12.4
2026-03-11T03:48:53Z,0,0,0.2,0.1,1.6,0.4,16.1,849.8,16.2,16.5,95.2,269,345,0,0,26,0,0,16.6,15.9,12.3
2026-03-11T04:03:59Z,0,0,0.2,0.1,1.6,0.4,16.1,849.7,16.2,16.4,95.3,282,413,0,0,26,0,0,16.5,15.9,12.3
2026-03-11T04:19:06Z,0,0,0.2,0.3,1.6,0.4,16.2,850,16.3,16.5,95.3,310,748,0,0,26,0,0,16.6,16,12.4
2026-03-11T04:34:13Z,0,0,0.2,0.4,1.6,0.4,16.9,849.9,16.9,17.2,95.4,327,892,0,0.1,26,0.2,0.2,17.3,16.6,13.1
2026-03-11T04:49:19Z,0,0,0.2,0.7,1.6,0.4,19,850,18.6,18.3,95.5,386,1595,0,0,26,0.2,0.2,18.5,17.7,14.2
2026-03-11T05:04:26Z,0,0,0.2,1,1.6,0.4,20.4,850.2,19.5,19,94.9,445,2221,0,0.7,33,1.1,1.1,19.2,18.4,14.8
2026-03-11T05:19:32Z,0,0,0.2,0.6,1.6,0.4,22.4,850.3,21.6,21,84.4,369,1211,0,0.2,112,0.7,0.7,21.2,19.1,16.6
2026-03-11T05:34:57Z,0,0,0.2,0.8,1.6,0.4,21.8,850.4,21.2,21.5,79.3,414,1745,0,0.6,111,1.1,1.1,21.7,18.9,17
2026-03-11T05:50:03Z,0,0,0.2,1.1,1.6,0.4,22.2,850.5,22,22.2,76.6,461,2314,0,0.7,71,1.3,1.3,22.4,19.2,17.6
2026-03-11T06:05:10Z,0,0,0,0.6,0.2,0,23.6,850.4,23.4,23.4,73.7,378,1353,0,0,74,0,0,23.6,20,18.6
2026-03-11T06:20:39Z,0,0,0,2.1,0.2,0,22,850.5,22.2,22.5,74.6,643,4214,0,0.5,64,1.7,1.7,22.6,19.2,17.8
2026-03-11T06:36:04Z,0,0,0,2.9,0.2,0,25,850.4,24.6,24.8,68.4,805,6007,0,0.2,56,1.1,1.1,24.9,20.5,19.7
2026-03-11T06:51:10Z,0,0,0,3.4,0.2,0,24,850.3,23.8,24.5,63.6,895,6973,0,0.9,84,1.5,1.5,24.6,19.5,19.4
2026-03-11T07:06:17Z,0,0,0,4,0.2,0,24.9,850.2,24.9,25.4,60.7,1005,8216,0,0.4,105,1.1,1.1,25.4,19.9,20.1
2026-03-11T07:21:23Z,0,0,0,1.6,0.2,0,25.2,850.1,24.5,24.5,63.7,550,3079,0,0.4,310,0.7,0.7,24.6,19.6,19.4
2026-03-11T07:36:31Z,0,0,0,3.8,0.2,0,26.1,850.1,25.6,25.7,63.4,957,7563,0,0.5,68,1.1,1.1,25.8,20.6,20.4
2026-03-11T07:51:37Z,0,0,0,3.8,0.2,0,26.4,850,26.1,26.6,56.1,975,7687,0,0.5,89,0.9,0.9,27.4,20.4,21.6
2026-03-11T08:06:43Z,0,0,0,4.1,0.2,0,26.5,849.6,26.7,26.9,54.9,1015,8128,0,1,80,2,2,27.6,20.4,21.7
2026-03-11T08:22:07Z,0,0,0,4.5,0.2,0,25.2,849.6,25.4,25.5,58.2,1104,9194,0,0,105,0.4,0.4,25.6,19.7,20.2
2026-03-11T08:37:13Z,0,0,0,4.4,0.2,0,26.1,849.4,26.2,26.6,55.1,1074,8697,0,0.5,116,1.4,1.4,27.3,20.2,21.5
2026-03-11T08:52:19Z,0,0,0,4.4,0.2,0,26.7,849.1,26.6,27.3,53.2,1074,8729,0,0.1,109,0.8,0.8,27.9,20.5,22
2026-03-11T09:07:25Z,0,0,0,4.5,0.2,0,27.4,848.9,27.4,27.7,52.8,1092,8916,0,0.3,81,1.1,1.1,28.3,20.8,22.2
2026-03-11T09:22:35Z,0,0,0,4.5,0.2,0,27.3,848.6,27.6,27.8,49.5,1094,8922,0,0.7,97,2,2,28.2,20.3,22.1
2026-03-11T09:37:41Z,0,0,0,4.5,0.2,0,27.6,848.3,27.8,28.1,47.4,1101,8988,0,0.5,100,0.9,0.9,28.4,20.3,22.3
2026-03-11T09:52:47Z,0,0,0,4.4,0.2,0,27.3,848.1,27.6,27.9,44.8,1078,8776,0,1.4,204,2.4,2.4,27.9,19.6,22
2026-03-11T10:08:10Z,0,0,0,4.5,0.2,0,27.6,847.8,27.8,28,44.3,1089,8860,0,1.5,83,3.1,3.1,28,19.6,22
2026-03-11T10:23:20Z,0,0,0,4.4,0.2,0,27.8,847.6,27.9,28.3,43.5,1072,8688,0,0.7,112,1.7,1.7,28.2,19.7,22.2
2026-03-11T10:38:26Z,0,0,0,4.3,0.2,0,27.8,847.4,28.1,28.6,45.3,1056,8530,0,1,115,2,2,28.7,20.3,22.5
2026-03-11T10:53:32Z,0,0,0,4.2,0.2,0,27.9,847.2,28.2,28.7,43.8,1035,8289,0,2.3,77,4.4,4.4,28.6,20.1,22.5
2026-03-11T11:08:39Z,0,0,0,4,0.2,0,27.7,847,27.8,28.5,43.6,1008,8025,0,2,83,3.7,3.7,28.4,19.8,22.3
2026-03-11T11:23:45Z,0,0,0,3.8,0.2,0,27.5,846.6,27.7,28.4,47.4,972,7678,0,0.5,214,1.3,1.3,28.6,20.5,22.5
2026-03-11T11:38:51Z,0,0,0,3.7,0.2,0,27.9,846.5,28.2,28.9,45.7,938,7290,0,0.4,99,1.1,1.1,29,20.6,22.7
2026-03-11T11:54:13Z,0,0,0,3.5,0.2,0,27.9,846.3,28.2,28.9,46.2,907,6963,0,1.1,155,2,2,29,20.6,22.8
2026-03-11T12:09:19Z,0,0,0,3.3,0.2,0,27.9,846.1,28,28.7,49.3,874,6643,0,0.9,57,2.4,2.4,29.2,21.1,22.9
2026-03-11T12:24:25Z,0,0,0,3,0.2,0,28.2,845.8,28.6,29.1,44.8,827,6184,0,0.8,145,2.4,2.4,29.2,20.6,22.8
2026-03-11T12:39:31Z,0,0,0,2.7,0.2,0,28.3,845.7,28.5,29.2,46.6,758,5478,0,1,45,2,2,29.5,21,23.1
2026-03-11T12:54:37Z,0,0,0,1.8,0.2,0,28.3,845.7,28.4,29.6,46.5,587,3596,0,1.1,94,2.2,2.2,30,21.3,23.4
2026-03-11T13:09:43Z,0,0,0,2.4,0.2,0,27.6,845.6,27.8,28.5,45.3,700,4871,0,1.3,94,2.8,2.8,28.6,20.2,22.4
2026-03-11T13:24:49Z,0,0,0,2.3,0.2,0,28,845.4,28.2,29.2,46.2,690,4813,0,1.5,88,3.3,3.3,29.5,21,23.1
2026-03-11T13:39:56Z,0,0,0,0.5,0.2,0,27.2,845.6,27.6,28.3,49.7,352,1089,0,0.9,78,2.6,2.6,28.8,20.8,22.6
2026-03-11T13:55:18Z,0,0,0,1.5,0.2,0,26.7,845.6,27,27.7,52.4,541,3228,0,1,75,1.7,1.7,28.3,20.7,22.2
2026-03-11T14:10:24Z,0,0,0,1.2,0.2,0,26.6,845.6,26.8,27.7,51,479,2567,0,1.7,94,4.8,4.8,28.2,20.5,22.2
2026-03-11T14:25:30Z,0,0,0,0.3,0.2,0,25.7,845.7,25.8,26.2,54.4,323,782,0,1.3,61,2.8,2.8,26.3,19.8,20.8
2026-03-11T14:40:37Z,0,0,0,0.2,0.2,0,25.2,845.9,25.3,25.6,56.6,303,588,0,0.7,76,1.5,1.5,25.7,19.6,20.3
2026-03-11T14:55:43Z,0,0,0,0.2,0.2,0,24.7,846.3,24.9,25.1,55.6,292,482,0,0.9,137,2.8,2.8,25.1,18.9,19.8
2026-03-11T15:10:48Z,0,0,0,0.1,0.2,0,24.3,846.4,24.5,24.6,57.2,282,394,0,0,130,0.7,0.7,24.7,18.8,19.5
2026-03-11T15:25:54Z,0,0,0,0.1,0.2,0,23.9,846.6,24,24.2,61.2,270,334,0,0,10,0.2,0.2,24.3,19,19.2
2026-03-11T15:41:16Z,0,0,0,0,0.2,0,23.4,846.8,23.6,23.7,63.4,263,279,0,0.2,94,0.8,0.8,23.8,18.8,18.8
2026-03-11T15:56:23Z,0,0,0,0,0.2,0,23,847.1,23.1,23.3,66,260,254,0,0.2,147,1.1,1.1,23.4,18.8,18.5
2026-03-11T16:11:29Z,0,0,0,0,0.2,0,22.6,847.4,22.8,22.9,67.6,260,253,0,0.3,93,0.9,0.9,23,18.7,18.1
2026-03-11T16:27:26Z,0,0,0,0,0.2,0,22.4,847.6,22.6,22.7,68.7,260,253,0,0.6,83,1.7,1.7,22.7,18.6,17.9
2026-03-11T16:42:32Z,0,0,0,0,0.2,0,22.1,847.8,22.2,22.4,70.6,261,253,0,0.5,99,0.9,0.9,22.4,18.6,17.7
2026-03-11T16:57:39Z,0,0,0,0,0.2,0,21.9,848.2,22,22.1,72.4,260,253,0,0.4,67,1.1,1.1,22.2,18.6,17.5
2026-03-11T17:13:27Z,0,0,0,0,0.2,0,21.6,848.2,21.8,21.9,74.1,260,253,0,0.8,80,1.3,1.3,22,18.6,17.3
2026-03-11T17:28:34Z,0,0,0,0,0.2,0,21.4,848.4,21.5,21.7,76,260,254,0,0.4,87,1.3,1.3,21.8,18.6,17.1
2026-03-11T17:43:40Z,0,0,0,0,0.2,0,21.1,848.5,21.2,21.4,77.3,261,254,0,0.3,83,0.9,0.9,21.5,18.6,16.9
2026-03-11T17:58:46Z,0,0,0,0,0.2,0,20.8,848.7,20.9,21.1,77.7,260,252,0,0.2,68,0.9,0.9,21.2,18.3,16.6
2026-03-11T18:13:53Z,0,0,0,0,0.2,0,20.8,849,20.9,21,77.5,260,254,0,0.9,77,2.2,2.2,21.1,18.2,16.5
2026-03-11T18:28:59Z,0,0,0,0,0.2,0,20.5,848.9,20.7,20.9,78.4,262,254,0,0.6,61,1.5,1.5,21,18.2,16.4
2026-03-11T18:44:23Z,0,0,0,0,0.2,0,20.3,849.1,20.5,20.7,78.8,260,254,0,0.5,93,1.5,1.5,20.8,18,16.2
2026-03-11T18:59:30Z,0,0,0,0,0.2,0,20.1,849.2,20.2,20.4,79.8,261,253,0,0.7,91,1.3,1.3,20.5,17.9,16
2026-03-11T19:14:36Z,0,0,0,0,0.2,0,19.8,849.4,19.9,20.1,82,260,254,0,0,100,0.2,0.2,20.2,17.9,15.7
2026-03-11T19:29:42Z,0,0,0,0,0.2,0,19.4,849.6,19.4,19.6,83.7,260,253,0,0,94,0,0,19.7,17.6,15.3
2026-03-11T19:44:49Z,0,0,0,0,0.2,0,19,849.7,19,19.2,85.4,259,253,0,0,94,0,0,19.3,17.4,14.9
2026-03-11T19:59:55Z,0,0,0,0,0.2,0,18.9,849.8,19,19.3,85.6,260,254,0,0,94,0,0,19.4,17.5,15
2026-03-11T20:15:01Z,0,0,0,0,0.2,0,19.1,849.8,19.2,19.5,85.4,259,253,0,0,94,0,0,19.6,17.7,15.2
2026-03-11T20:30:24Z,0,0,0,0,0.2,0,19.1,849.9,19.3,19.5,85.5,260,254,0,0,94,0,0,19.6,17.7,15.2
2026-03-11T20:45:31Z,0,0,0,0,0.2,0,19.3,849.8,19.4,19.6,85.6,260,253,0,0,94,0.2,0.2,19.8,17.9,15.3
2026-03-11T21:00:37Z,0,0,0,0,0.2,0,19.7,849.7,19.8,20,85,260,253,0,0,137,0,0,20.1,18.1,15.6
2026-03-11T21:15:43Z,0,0,0,0,0.2,0,19.6,849.3,19.8,20,85,261,254,0,0.3,136,1.1,1.1,20.1,18.1,15.7
2026-03-11T21:30:50Z,0,0,0,0,0.2,0,19.3,849.4,19.4,19.7,86.5,259,254,0,0.3,59,0.7,0.7,19.8,18,15.4
2026-03-11T21:45:56Z,0,0,0,0,0.2,0,19.1,849.2,19.2,19.5,87.5,261,253,0,0.4,81,1.7,1.7,19.6,18,15.2
2026-03-11T22:01:03Z,0,0,0,0,0.2,0,19,848.9,19.2,19.4,88.3,261,254,0,0.5,87,1.3,1.3,19.5,17.9,15.1
2026-03-11T22:16:29Z,0,0,0,0,0.2,0,19.1,848.8,19.2,19.4,88.5,261,253,0,0.1,123,0.7,0.7,19.6,18,15.2
2026-03-11T22:31:36Z,0,0,0,0,0.2,0,19,848.7,19.1,19.4,88.7,260,254,0,0.1,196,0.4,0.4,19.5,18,15.1
2026-03-11T22:46:42Z,0,0,0,0,0.2,0,18.8,848.6,18.9,19.2,89.5,260,253,0,0.1,131,0.2,0.2,19.3,17.9,14.9
2026-03-11T23:01:49Z,0,0,0,0,0.2,0,18.6,848.6,18.8,19,89.9,262,253,0,0.1,102,0.4,0.4,19.1,17.8,14.8
2026-03-11T23:16:56Z,0,0,0,0,0.2,0,18.6,848.5,18.7,18.9,90.3,259,255,0,0.1,86,0.4,0.4,19.1,17.7,14.7
2026-03-11T23:32:03Z,0,0,0,0,0.2,0,18.5,848.5,18.6,18.9,90.6,260,254,0,0.2,105,0.7,0.7,19,17.7,14.7
2026-03-11T23:47:09Z,0,0,0,0,0.2,0,18.5,848.6,18.6,18.8,90.6,259,253,0,0.1,69,0.2,0.2,19,17.7,14.6
2026-03-12T00:00:33Z,0,0,0,0,0.2,0,18.4,848.4,18.6,18.8,90.7,260,253,0,0.1,69,0.7,0.7,18.9,17.7,14.6
2026-03-12T00:15:39Z,0,0,0,0,0.2,0,18.2,848.2,18.4,18.6,91,260,254,0,0.2,69,0.4,0.4,18.7,17.5,14.4
2026-03-12T00:30:46Z,0,0,0,0,0.2,0,18.2,848.1,18.2,18.5,91.3,259,253,0,0.3,69,1.1,1.1,18.7,17.5,14.4
2026-03-12T00:45:52Z,0,0,0,0,0.2,0,18,848.1,18.1,18.4,91.7,260,254,0,0,69,0,0,18.5,17.3,14.2
2026-03-12T01:00:59Z,0,0,0,0,0.2,0,17.9,848.1,18.1,18.2,92.1,260,253,0,0.1,67,0.4,0.4,18.4,17.3,14.1
2026-03-12T01:16:05Z,0,0,0,0,0.2,0,17.8,848.1,17.9,18.1,92.5,260,253,0,0,67,0,0,18.3,17.2,14
2026-03-12T01:31:38Z,0,0,0,0,0.2,0,17.9,848.2,18.1,18.2,92.9,259,254,0,0,67,0.2,0.2,18.4,17.4,14.1
2026-03-12T01:46:44Z,0,0,0,0,0.2,0,18,848.2,18.1,18.3,93,262,254,0,0,67,0,0,18.5,17.5,14.2
2026-03-12T02:01:50Z,0,0,0,0,0.2,0,17.9,848.2,18,18.2,92.9,261,254,0,0.1,67,0.4,0.4,18.4,17.4,14.1
2026-03-12T02:16:57Z,0,0,0,0,0.2,0,17.7,848.2,17.8,18,92.8,261,254,0,0,67,0,0,18.2,17.1,13.9
2026-03-12T02:32:03Z,0,0,0,0,0.2,0,17.7,848.2,17.8,18,93.2,260,253,0,0,67,0,0,18.1,17.2,13.8
2026-03-12T02:47:09Z,0,0,0,0,0.2,0,17.6,848.3,17.7,17.9,93.7,261,254,0,0,67,0,0,18.1,17.1,13.8
2026-03-12T03:02:16Z,0,0,0,0,0.2,0,17.5,848.3,17.6,17.8,93.8,259,254,0,0,67,0,0,17.9,17,13.7
2026-03-12T03:17:40Z,0,0,0,0,0.2,0,17.3,848.3,17.4,17.6,94,261,254,0,0,67,0,0,17.7,16.9,13.5
2026-03-12T03:32:46Z,0,0,0,0,0.2,0,17.1,848.6,17.2,17.4,94,263,285,0,0,67,0,0,17.6,16.7,13.3
2026-03-12T03:47:52Z,0,0,0,0.1,0.2,0,17.2,848.7,17.2,17.5,94.2,271,356,0,0,67,0,0,17.6,16.8,13.3
2026-03-12T04:03:39Z,0,0,0,0.1,0.2,0,17.2,848.8,17.2,17.5,94.3,283,468,0,0,67,0,0,17.6,16.8,13.3
2026-03-12T04:18:46Z,0,0,0,0.3,0.2,0,17.5,849,17.6,17.7,94.5,314,812,0,0,67,0,0,17.9,17.1,13.6
2026-03-12T04:33:52Z,0,0,0,0.3,0.2,0,17.9,849.3,17.9,18.1,94.4,319,770,0,0,67,0,0,18.3,17.4,14
2026-03-12T04:48:59Z,0,0,0,0.5,0.2,0,18.2,849.6,18.3,18.4,94.3,348,1172,0,0,67,0.2,0.2,18.6,17.7,14.3
2026-03-12T05:04:58Z,0,0,0,0.6,0.2,0,18.7,849.7,18.7,18.8,93.7,368,1377,0,0,67,0.2,0.2,19,18.1,14.7
2026-03-12T05:20:22Z,0,0,0,0.6,0.2,0,19.1,849.9,19.2,19.2,90.1,377,1440,0,0,67,0.2,0.2,19.3,18,15
2026-03-12T05:35:28Z,0,0,0,1.7,0.2,0,20,850,19.9,20,85.9,580,3863,0,0.6,53,1.1,1.1,20.1,18.2,15.7
2026-03-12T05:50:35Z,0,0,0,0.9,0.2,0,21,850.1,21,21.2,81.7,434,2051,0,0.2,62,0.7,0.7,21.3,18.9,16.7
2026-03-12T06:05:40Z,0,0,0,2.6,0,0.4,23.2,850.1,22.9,23,76.3,749,5653,0,0.4,21,1.3,1.3,23.2,20,18.3
2026-03-12T06:20:47Z,0,0,0,0.9,0,0.4,22.9,850.2,22.9,23.5,74,421,1890,0,0.4,52,0.7,0.7,23.7,20.1,18.7
2026-03-12T06:35:53Z,0,0,0,2.9,0,0.4,22.6,850,22.5,22.7,73.8,792,5929,0,0.8,54,1.5,1.5,22.8,19.3,18
2026-03-12T06:50:59Z,0,0,0,3.1,0,0.4,23.9,849.9,23.9,24.1,68.7,834,6307,0,0.1,91,0.4,0.4,24.2,19.9,19.1
2026-03-12T07:06:05Z,0,0,0,3.3,0,0.4,25.3,849.8,25.2,25.6,62.3,871,6670,0,0.6,41,1.5,1.5,25.7,20.4,20.3
2026-03-12T07:21:27Z,0,0,0,1.5,0,0.4,25.1,849.6,25.3,25.6,61.1,539,3076,0,0.6,101,1.7,1.7,25.7,20.2,20.3
2026-03-12T07:36:33Z,0,0,0,0.6,0,0.4,23.7,849.7,23.6,24.4,65.4,362,1282,0,0.7,64,1.7,1.7,24.5,19.7,19.4
2026-03-12T07:51:40Z,0,0,0,0.9,0,0.4,23.4,849.6,23.6,23.9,66.1,420,1766,0,0.2,121,0.8,0.8,24,19.4,18.9
2026-03-12T08:07:35Z,0,0,0,4.3,0,0.4,24.8,849.4,24.8,25.2,60.8,1066,8750,0,1.8,74,4.1,4.1,25.3,19.8,20
2026-03-12T08:22:41Z,0,0,0,4.2,0,0.4,26,849.1,25.9,26.4,56.9,1045,8475,0,1.1,56,2.6,2.6,26.5,20.3,20.9
2026-03-12T08:37:47Z,0,0,0,4.3,0,0.4,25.5,848.8,25.4,26.1,57.1,1066,8721,0,0.4,83,1.5,1.5,26.1,20,20.6
2026-03-12T08:52:53Z,0,0,0,5,0,0.4,26.8,848.7,26.9,27.5,54.4,1185,10052,0,0.6,108,2,2,28.2,20.8,22.2
2026-03-12T09:08:00Z,0,0,0,5.1,0,0.4,26.3,848.4,26.2,26.9,55.3,1203,10310,0,0.9,13,1.7,1.7,27.6,20.5,21.7
2026-03-12T09:23:06Z,0,0,0,1.1,0,0.4,25.2,848,25.3,26,55.3,467,2271,0,1.6,53,3.1,3.1,26.1,19.7,20.6
2026-03-12T09:38:36Z,0,0,0,4.8,0,0.4,26.6,847.7,26.6,26.9,55.7,1156,9715,0,0,12,0.2,0.2,27.7,20.5,21.8
2026-03-12T09:53:42Z,0,0,0,4.5,0,0.4,26.5,847.4,26.5,27,50.8,1105,9127,0,1.7,78,3.3,3.3,27.5,19.9,21.7
2026-03-12T10:08:48Z,0,0,0,4.5,0,0.4,26.9,847.1,27,27.6,50.1,1102,9069,0,1.2,53,2.2,2.2,28,20.2,22
2026-03-12T10:23:54Z,0,0,0,4.4,0,0.4,27.4,846.8,27.6,28,49.4,1079,8827,0,0.9,68,2,2,28.4,20.4,22.3
2026-03-12T10:39:00Z,0,0,0,4.3,0,0.4,28,846.4,28.2,28.5,49.1,1055,8553,0,0.3,113,1.7,1.7,29,20.9,22.7
2026-03-12T10:54:06Z,0,0,0,1.1,0,0.4,27.8,846.2,28.2,28.6,48.4,466,2167,0,0.4,139,0.9,0.9,29,20.9,22.8
2026-03-12T11:09:13Z,0,0,0,4,0,0.4,27.1,845.9,27.3,28,46.7,1011,8140,0,1.6,78,2.6,2.6,28.1,20,22.1
2026-03-12T11:24:36Z,0,0,0,4,0,0.4,28.1,845.8,28.2,28.8,52.2,994,7961,0,0,89,0,0,29.7,21.7,23.2
2026-03-12T11:39:42Z,0,0,0,3.6,0,0.4,27.7,845.5,28.1,28.6,48.2,927,7249,0,0.9,153,3.5,3.5,29,20.8,22.7
2026-03-12T11:54:49Z,0,0,0,3.4,0,0.4,27.8,845.3,28.2,28.9,48.9,885,6833,0,0.6,181,2.2,2.2,29.3,21.1,23
2026-03-12T12:09:55Z,0,0,0,3.2,0,0.4,28.4,845,28.9,29.6,45.8,859,6508,0,0.4,164,1.5,1.5,29.9,21.2,23.3
2026-03-12T12:25:01Z,0,0,0,2.9,0,0.4,28.3,844.9,28.7,29.5,44.2,806,5957,0,0.5,24,0.9,0.9,29.6,20.9,23.2
2026-03-12T12:40:07Z,0,0,0,2.7,0,0.4,28.8,844.8,28.8,30.3,42.5,765,5538,0,1.1,41,1.7,1.7,30.4,21.2,23.7
2026-03-12T12:55:13Z,0,0,0,2.5,0,0.4,28.5,844.8,28.8,29.9,45.6,730,5181,0,0.6,72,2.4,2.4,30.3,21.4,23.6
2026-03-12T13:10:39Z,0,0,0,2.3,0,0.4,28,844.5,28.4,29.4,47.2,695,4847,0,0.6,70,2,2,29.8,21.2,23.3
2026-03-12T13:25:45Z,0,0,0,2,0,0.4,27.2,844.4,27.7,28.3,49.8,621,4123,0,0.8,111,2.2,2.2,28.8,20.8,22.6
2026-03-12T13:40:51Z,0,0,0,1.6,0,0.4,27.2,844.6,27.5,28.4,48.4,558,3420,0,0.6,125,2.2,2.2,28.7,20.6,22.5
2026-03-12T13:55:57Z,0,0,0,1.3,0,0.4,27.3,844.8,27.8,28.6,49.1,507,2900,0,0.3,143,1.1,1.1,29.1,21,22.8
2026-03-12T14:11:51Z,0,0,0,1.2,0,0.4,26.4,844.9,26.8,27.4,51,486,2692,0,0.6,79,2.4,2.4,27.8,20.2,21.9
2026-03-12T14:26:57Z,0,0,0,0.3,0,0.4,26.1,845,26.3,26.6,52.6,312,655,0,0.5,156,1.1,1.1,26.7,19.8,21
2026-03-12T14:42:03Z,0,0,0,0.3,0,0.4,25.3,845,25.4,25.7,56.1,309,642,0,1.2,90,2.6,2.6,25.7,19.5,20.3
2026-03-12T14:57:10Z,0,0,0,0.2,0,0.4,24.7,845.2,24.9,25.1,56.1,295,507,0,0.6,152,1.1,1.1,25.1,19,19.8
2026-03-12T15:12:17Z,0,0,0,0.1,0,0.4,24.2,845.3,24.4,24.6,58.8,283,411,0,0.3,152,1.3,1.3,24.6,18.9,19.4
2026-03-12T15:27:23Z,0,0,0,0.1,0,0.4,23.6,845.4,23.8,24,59.6,270,315,0,0.1,78,0.4,0.4,24,18.5,18.9
2026-03-12T15:42:45Z,0,0,0,0,0,0.4,23.2,845.7,23.4,23.5,62,262,271,0,0.1,183,0.7,0.7,23.5,18.4,18.6
2026-03-12T15:57:50Z,0,0,0,0,0,0.4,22.7,846.1,22.8,23,65.4,259,254,0,0.2,76,0.9,0.9,23.1,18.5,18.2
2026-03-12T16:12:56Z,0,0,0,0,0,0.4,22.3,846.4,22.4,22.6,67.2,261,254,0,0.4,75,0.9,0.9,22.7,18.4,17.9
2026-03-12T16:28:03Z,0,0,0,0,0,0.4,22,846.7,22.2,22.3,69.8,260,255,0,0.3,79,1.3,1.3,22.4,18.4,17.6
2026-03-12T16:43:10Z,0,0,0,0,0,0.4,21.7,846.9,21.9,22,71.7,260,254,0,0.4,85,2,2,22.1,18.4,17.4
2026-03-12T16:58:16Z,0,0,0,0,0,0.4,21.6,847,21.7,21.9,72.8,260,254,0,0,171,0,0,21.9,18.4,17.3
2026-03-12T17:13:23Z,0,0,0,0,0,0.4,21.4,847.2,21.5,21.7,74.2,261,253,0,0.2,81,0.4,0.4,21.8,18.4,17.1
2026-03-12T17:28:49Z,0,0,0,0,0,0.4,21,847.4,21.2,21.4,75.9,261,254,0,0.9,84,1.7,1.7,21.4,18.3,16.8
2026-03-12T17:43:56Z,0,0,0,0,0,0.4,20.9,847.9,21.1,21.2,76.8,261,253,0,0.1,84,0.4,0.4,21.3,18.3,16.7
2026-03-12T17:59:03Z,0,0,0,0,0,0.4,20.9,848,21.1,21.2,77.8,261,254,0,0.1,84,0.4,0.4,21.3,18.4,16.7
2026-03-12T18:14:09Z,0,0,0,0,0,0.4,21.2,848.3,21.3,21.4,78.4,261,253,0,0,65,0,0,21.5,18.7,16.9
2026-03-12T18:29:16Z,0,0,0,0,0,0.4,21.3,848.3,21.4,21.6,79.4,260,254,0,0,147,0.4,0.4,21.7,19,17.1
2026-03-12T18:44:22Z,0,0,0,0,0,0.4,21.1,848.4,21.2,21.5,80.8,261,253,0,0.2,86,0.7,0.7,21.6,19,17
2026-03-12T18:59:28Z,0,0,0,0,0,0.4,20.8,848.5,20.9,21.2,81.9,261,253,0,0.5,93,1.3,1.3,21.3,18.9,16.7
2026-03-12T19:14:54Z,0,0,0,0,0,0.4,20.4,848.6,20.6,20.8,82.5,260,254,0,0.7,109,2.2,2.2,21,18.6,16.4
2026-03-12T19:30:01Z,0,0,0,0,0,0.4,20.1,848.5,20.3,20.5,83.8,258,252,0,0.1,169,0.7,0.7,20.6,18.5,16.1
2026-03-12T19:45:08Z,0,0,0,0,0,0.4,19.9,848.7,20,20.2,84.9,260,254,0,0.1,121,0.4,0.4,20.4,18.4,15.9
2026-03-12T20:00:15Z,0,0,0,0,0,0.4,19.7,848.7,19.8,20,85.7,261,253,0,0.1,143,0.7,0.7,20.2,18.3,15.7
2026-03-12T20:15:22Z,0,0,0,0,0,0.4,19.4,849,19.6,19.8,86.4,260,254,0,0,143,0.4,0.4,19.9,18.1,15.5
2026-03-12T20:30:29Z,0,0,0,0,0,0.4,19.4,849.1,19.6,19.8,86.9,260,253,0,0,143,0.2,0.2,20,18.2,15.5
2026-03-12T20:45:35Z,0,0,0,0,0,0.4,19.4,849.1,19.6,19.8,86.8,260,253,0,0,143,0,0,19.9,18.2,15.5
2026-03-12T21:00:58Z,0,0,0,0,0,0.4,19.4,848.7,19.5,19.7,87.3,260,252,0,0.1,143,0.4,0.4,19.9,18.2,15.5
2026-03-12T21:16:04Z,0,0,0,0,0,0.4,19.2,848.6,19.3,19.5,87.8,261,252,0,0,75,0,0,19.7,18.1,15.3
2026-03-12T21:31:10Z,0,0,0,0,0,0.4,19.2,848.5,19.2,19.5,88.6,261,252,0,0,135,0,0,19.7,18.1,15.3
2026-03-12T21:46:17Z,0,0,0,0,0,0.4,19.3,848.4,19.4,19.6,88.4,260,253,0,0,135,0.4,0.4,19.7,18.2,15.3
2026-03-12T22:01:24Z,0,0,0,0,0,0.4,19.3,848.1,19.4,19.7,87.9,259,254,0,0.1,134,0.4,0.4,19.9,18.2,15.4
2026-03-12T22:16:31Z,0,0,0,0,0,0.4,19.3,847.9,19.5,19.7,87.7,259,253,0,0.1,134,0.7,0.7,19.8,18.2,15.4
2026-03-12T22:31:55Z,0,0,0,0,0,0.4,19.3,847.8,19.5,19.7,87.6,260,253,0,0,134,0.4,0.4,19.8,18.2,15.4
2026-03-12T22:47:02Z,0,0,0,0,0,0.4,19.3,847.7,19.3,19.6,87.6,260,253,0,0.2,134,0.7,0.7,19.8,18.1,15.4
2026-03-12T23:02:08Z,0,0,0,0,0,0.4,18.9,847.4,19.1,19.3,88.5,260,252,0,0,75,0,0,19.4,17.9,15
2026-03-12T23:17:15Z,0,0,0,0,0,0.4,18.6,847.4,18.6,18.9,89.9,262,254,0,0,75,0,0,19,17.7,14.7
2026-03-12T23:32:22Z,0,0,0,0,0,0.4,18.3,847.3,18.4,18.7,90.7,261,253,0,0,75,0,0,18.8,17.5,14.5
2026-03-12T23:47:29Z,0,0,0,0,0,0.4,18.3,847.5,18.5,18.7,91.4,259,253,0,0,75,0,0,18.9,17.7,14.5
2026-03-13T00:00:34Z,0,0,0,0,0,0.4,18.5,847.4,18.6,18.8,91.4,261,254,0,0,75,0,0,19,17.8,14.7
2026-03-13T00:15:41Z,0,0,0,0,0,0.4,18.5,847.4,18.6,18.8,91.3,260,253,0,0,75,0,0,19,17.7,14.6
2026-03-13T00:31:05Z,0,0,0,0,0,0.4,18.3,847.2,18.4,18.7,91.6,260,254,0,0,75,0.2,0.2,18.8,17.6,14.5
2026-03-13T00:46:12Z,0,0,0,0,0,0.4,18.1,847,18.2,18.4,91.9,261,254,0,0,75,0.4,0.4,18.5,17.4,14.2
2026-03-13T01:01:19Z,0,0,0,0,0,0.4,17.9,846.8,17.9,18.2,92.2,261,254,0,0,75,0,0,18.4,17.3,14.1
2026-03-13T01:16:26Z,0,0,0,0,0,0.4,17.8,846.9,17.9,18.1,92.6,260,253,0,0,75,0,0,18.3,17.2,14
2026-03-13T01:31:33Z,0,0,0,0,0,0.4,17.6,847,17.8,17.9,93,261,253,0,0,75,0,0,18.1,17.1,13.8
2026-03-13T01:46:39Z,0,0,0,0,0,0.4,17.5,847.2,17.7,17.9,93.3,260,254,0,0,75,0,0,18,17.1,13.7
2026-03-13T02:02:11Z,0,0,0,0,0,0.4,17.4,847.3,17.5,17.7,93.5,260,253,0,0,75,0,0,17.9,17,13.6
2026-03-13T02:17:18Z,0,0,0,0,0,0.4,17.4,847.6,17.6,17.8,93.8,260,254,0,0,75,0,0,17.9,17,13.7
2026-03-13T02:32:24Z,0,0,0,0,0,0.4,17.5,847.6,17.7,17.8,93.7,260,253,0,0.5,349,0.7,0.7,18,17.1,13.7
2026-03-13T02:47:30Z,0,0,0,0,0,0.4,17.4,847.8,17.4,17.7,92.5,259,254,0,0.3,349,0.8,0.8,17.8,16.8,13.5
2026-03-13T03:02:37Z,0,0,0,0,0,0.4,17.2,847.8,17.4,17.6,90.5,260,254,0,0,349,0.3,0.3,17.7,16.5,13.5
2026-03-13T03:17:44Z,0,0,0,0,0,0.4,17.1,847.8,17.3,17.5,89.6,261,254,0,0,348,0,0,17.6,16.3,13.3
2026-03-13T03:33:08Z,0,0,0,0,0,0.4,16.9,847.9,17,17.2,89.4,262,273,0,0.1,349,0.4,0.4,17.3,16,13
2026-03-13T03:48:25Z,0,0,0,0.1,0,0.4,16.6,848.2,16.7,17,90.1,271,356,0,0,348,0,0,17,15.8,12.8
2026-03-13T04:03:50Z,0,0,0,0.2,0,0.4,16.7,848.3,16.8,17,90.6,285,464,0,0,348,0,0,17.1,15.9,12.9
2026-03-13T04:18:57Z,0,0,0,0.2,0,0.4,16.8,848.5,16.9,17.1,90.5,297,559,0,0,348,0,0,17.1,16,12.9
2026-03-13T04:34:04Z,0,0,0,0.3,0,0.4,17.2,848.8,17.2,17.5,91.1,320,889,0,0,348,0,0,17.5,16.4,13.3
2026-03-13T04:49:10Z,0,0,0,0.5,0,0.4,17.9,848.9,18.1,18.2,90.2,352,1239,0,0.1,349,0.4,0.4,18.3,17,14
2026-03-13T05:05:08Z,0,0,0,0.6,0,0.4,18.8,849,19.1,19.1,88.8,374,1454,0,0.7,350,1.5,1.5,19.2,17.7,14.9
2026-03-13T05:20:15Z,0,0,0,0.6,0,0.4,18.8,849.2,19.1,19.2,88.8,362,1327,0,0.2,198,1.1,1.1,19.4,17.8,15
2026-03-13T05:35:22Z,0,0,0,0.8,0,0.4,19.7,849.2,20,19.9,87.1,397,1608,0,0,197,0,0,20.1,18.3,15.6
2026-03-13T05:50:28Z,0,0,0,1.5,0,0.4,21.4,849.2,21.2,20.7,83,529,3082,0,1,200,1.5,1.5,20.8,18.6,16.3
2026-03-13T06:05:55Z,0,0,0,2.3,0,0,24.8,849,24.8,24.1,74.4,686,4852,0,0,200,0.2,0.2,24.3,20.7,19.2
2026-03-13T06:21:02Z,0,0,0,2.6,0,0,25.3,849,25.2,25.3,64.9,741,5436,0,0,216,0.2,0.2,25.5,20.5,20.1
2026-03-13T06:36:09Z,0,0,0,3,0,0,27.4,849,27.6,27.1,56.3,809,6204,0,0.1,60,0.7,0.7,28,20.9,22
2026-03-13T06:51:15Z,0,0,0,0.8,0,0,25.2,848.9,24.6,24.3,64.3,414,1786,0,0.4,208,1.1,1.1,24.4,19.5,19.3
2026-03-13T07:06:21Z,0,0,0,0.9,0,0,23.4,849,23.6,23.5,69.1,429,1939,0,0,204,0,0,23.6,19.4,18.6
2026-03-13T07:21:28Z,0,0,0,3.4,0,0,23.9,848.9,24.6,24,67.5,885,6876,0,0.1,205,0.4,0.4,24.1,19.6,19
2026-03-13T07:36:34Z,0,0,0,1.1,0,0,27.3,848.7,27.4,27.2,56.7,471,2292,0,0.3,51,0.7,0.7,28.1,21,22.1
2026-03-13T07:51:59Z,0,0,0,4.2,0,0,24.4,848.6,25.2,24.7,62.2,1045,8723,0,0.2,182,0.7,0.7,24.8,19.6,19.6
2026-03-13T08:07:05Z,0,0,0,4.1,0,0,26.6,848.2,27.2,26.9,56.1,1025,8329,0,0.3,182,0.9,0.9,27.7,20.6,21.8
2026-03-13T08:22:12Z,0,0,0,4.4,0,0,26.9,848,27.1,26.9,54.9,1071,8829,0,0.2,293,0.7,0.7,27.6,20.4,21.7
2026-03-13T08:37:18Z,0,0,0,2,0,0,25.8,847.8,25.8,26.2,55,640,4110,0,0.6,126,1.1,1.1,26.3,19.8,20.7
2026-03-13T08:52:25Z,0,0,0,4.5,0,0,26.6,847.5,27.2,27.2,53.8,1100,9108,0,0,126,0.2,0.2,27.8,20.5,21.9
2026-03-13T09:07:32Z,0,0,0,4.5,0,0,27.8,847.2,27.4,27.3,49.3,1105,9159,0,0.7,296,1.1,1.1,27.6,19.8,21.8
2026-03-13T09:22:39Z,0,0,0,4.4,0,0,27.2,846.8,27.2,27.8,50.7,1071,8761,0,0,155,0,0,28.2,20.5,22.2
2026-03-13T09:38:02Z,0,0,0,4.5,0,0,27.5,846.5,27.2,27.1,48.3,1100,9126,0,1,271,1.5,1.5,27.4,19.5,21.6
2026-03-13T09:53:09Z,0,0,0,4.4,0,0,27.8,846.1,27.9,28,45.7,1086,8947,0,1.7,47,3.1,3.1,28.1,19.9,22.1
2026-03-13T10:08:16Z,0,0,0,4.4,0,0,28.2,845.8,28.4,28.4,47.2,1079,8841,0,0.1,264,0.7,0.7,28.7,20.5,22.5
2026-03-13T10:23:22Z,0,0,0,4.3,0,0,29.3,845.5,29.1,29.3,40.3,1053,8593,0,1,337,1.7,1.7,28.9,19.9,22.7
2026-03-13T10:38:28Z,0,0,0,3.9,0,0,29.6,845.3,29.2,29.4,40.7,987,7865,0,0.5,351,1.3,1.3,29,20,22.8
2026-03-13T10:54:07Z,0,0,0,4.1,0,0,30.7,845,30.5,30.7,42.1,1020,8208,0,0.8,34,1.5,1.5,30.8,21.4,24
2026-03-13T11:09:13Z,0,0,0,3.9,0,0,29.2,844.7,29.6,29.7,39.6,988,7907,0,0.3,213,0.9,0.9,29.3,20.1,23
2026-03-13T11:24:19Z,0,0,0,3.8,0,0,29.7,844.4,30.3,30.6,37.1,962,7627,0,0.3,213,1.1,1.1,30.1,20.4,23.5
2026-03-13T11:39:26Z,0,0,0,3.6,0,0,30.3,844.1,30.3,31.5,36.9,935,7337,0,0.9,213,1.5,1.5,31.1,21,24.1
2026-03-13T11:54:32Z,0,0,0,3.5,0,0,32.2,843.8,32.1,32.7,34.9,901,6974,0,0.2,19,0.7,0.7,32.4,21.5,24.9
2026-03-13T12:09:39Z,0,0,0,3.1,0,0,29.7,843.6,30.4,30.7,37,841,6395,0,0,155,0.2,0.2,30.1,20.4,23.5
2026-03-13T12:24:45Z,0,0,0,3,0,0,30.5,843.4,30.6,31.5,34.5,812,6065,0,1.7,75,3.7,3.7,30.8,20.6,24
2026-03-13T12:40:09Z,0,0,0,2.7,0,0,30.1,843.1,30.2,31.4,36.3,753,5456,0,1.1,80,2,2,30.9,20.8,24
2026-03-13T12:55:16Z,0,0,0,2.5,0,0,29.7,842.9,30.2,30.7,40,714,5030,0,0.6,69,1.3,1.3,30.5,21,23.7
2026-03-13T13:10:22Z,0,0,0,2.2,0,0,29.7,843.1,30.2,31,38.3,661,4505,0,0.7,181,1.7,1.7,30.6,20.9,23.8
2026-03-13T13:25:28Z,0,0,0,1.9,0,0,29.5,843.1,29.6,31,39.4,615,4026,0,1.7,76,4.2,4.2,30.9,21.2,24
2026-03-13T13:40:34Z,0,0,0,1.4,0,0,29.2,843.2,29.6,30.5,40.8,523,3073,0,0.4,152,1.1,1.1,30.4,21,23.7
2026-03-13T13:55:40Z,0,0,0,1.4,0,0,28.5,843.2,28.7,29.8,41.1,507,2912,0,1.4,78,2.8,2.8,29.6,20.5,23.1
2026-03-13T14:10:47Z,0,0,0,1,0,0,28.3,843.3,28.7,29.6,42.3,447,2273,0,0.8,112,2.2,2.2,29.5,20.5,23
2026-03-13T14:25:53Z,0,0,0,0.3,0,0,27.4,843.6,27.6,27.9,46,323,767,0,0.4,141,0.9,0.9,28,19.8,22
2026-03-13T14:41:15Z,0,0,0,0.3,0,0,26.7,843.7,26.8,27.1,48.5,315,724,0,0.3,92,1.1,1.1,27.4,19.6,21.6
2026-03-13T14:56:21Z,0,0,0,0.3,0,0,26.3,843.9,26.4,26.7,54.8,310,709,0,1.8,68,3.1,3.1,27.4,20.2,21.6
2026-03-13T15:11:28Z,0,0,0,0.1,0,0,25.1,844.2,25.2,25.5,58.9,280,374,0,0.9,77,2.8,2.8,25.5,19.8,20.2
2026-03-13T15:26:35Z,0,0,0,0.1,0,0,24.5,844.3,24.7,24.8,58.5,272,326,0,0.9,113,2.6,2.6,24.8,19.1,19.6
2026-03-13T15:42:25Z,0,0,0,0,0,0,24.1,844.5,24.2,24.4,59.5,264,274,0,0.2,109,0.7,0.7,24.5,18.9,19.3
2026-03-13T15:57:32Z,0,0,0,0,0,0,23.8,844.8,24,24.1,60.7,261,256,0,0.3,95,1.3,1.3,24.1,18.8,19.1
2026-03-13T16:12:39Z,0,0,0,0,0,0,23.4,845,23.5,23.7,62.4,260,253,0,1.2,80,2.2,2.2,23.7,18.7,18.7
2026-03-13T16:27:45Z,0,0,0,0,0,0,23.2,845.2,23.3,23.4,64.2,260,254,0,0.4,92,0.9,0.9,23.5,18.7,18.5
2026-03-13T16:42:52Z,0,0,0,0,0,0,22.9,845.5,23.1,23.1,65.6,260,253,0,0.1,99,0.4,0.4,23.2,18.6,18.3
2026-03-13T16:58:29Z,0,0,0,0,0,0,22.6,845.5,22.8,22.9,67.7,260,254,0,0.2,115,1.1,1.1,22.9,18.7,18.1
2026-03-13T17:13:35Z,0,0,0,0,0,0,22.3,845.8,22.5,22.6,69.6,261,254,0,0.6,154,1.3,1.3,22.7,18.7,17.9
2026-03-13T17:28:42Z,0,0,0,0,0,0,22.1,846,22.2,22.5,72.4,261,254,0,0.7,84,1.7,1.7,22.5,18.9,17.8
2026-03-13T17:43:49Z,0,0,0,0,0,0,21.9,846.2,22.1,22.2,75.1,259,253,0,0.3,74,0.9,0.9,22.4,19,17.6
2026-03-13T17:59:33Z,0,0,0,0,0,0,21.7,846.3,21.9,22,77.3,259,254,0,0.4,217,1.3,1.3,22.2,19.1,17.4
2026-03-13T18:14:43Z,0,0,0,0,0,0,21.5,846.6,21.6,21.8,78.4,261,254,0,0.8,70,1.7,1.7,22,19.1,17.3
2026-03-13T18:30:33Z,0,0,0,0,0,0,21.4,847,21.6,21.7,79.2,260,253,0,0.6,66,0.9,0.9,21.9,19.1,17.2
2026-03-13T18:46:31Z,0,0,0,0,0,0,21.3,846.9,21.5,21.6,79.5,260,253,0,1.4,77,2.8,2.8,21.8,19,17.1
2026-03-13T19:01:38Z,0,0,0,0,0,0,21.1,846.7,21.2,21.5,79.9,261,254,0,0.2,92,0.7,0.7,21.6,18.9,17
2026-03-13T19:16:45Z,0,0,0,0,0,0,20.8,846.8,20.9,21.1,81.1,261,253,0,0.3,130,0.9,0.9,21.3,18.8,16.7
2026-03-13T19:32:08Z,0,0,0,0,0,0,20.8,847.2,20.9,21.1,82.1,262,254,0,0.6,72,1.7,1.7,21.3,18.9,16.7
2026-03-13T19:47:32Z,0,0,0,0,0,0,20.7,847.3,20.8,21,83.6,262,255,0,0.2,92,0.9,0.9,21.2,19,16.6
2026-03-13T20:02:40Z,0,0,0,0,0,0,20.6,847.3,20.7,21,84.9,261,253,0,0.5,84,1.7,1.7,21.2,19.1,16.6
2026-03-13T20:18:06Z,0,0,0,0,0,0,20.6,847.4,20.7,20.9,85.6,261,255,0,0.5,103,1.3,1.3,21.1,19.1,16.5
2026-03-13T20:33:29Z,0,0,0,0,0,0,20.5,847.5,20.6,20.9,85.7,261,254,0,0.6,120,1.1,1.1,21.1,19.1,16.5
2026-03-13T20:48:36Z,0,0.2,0,0,0,0,20.4,847.5,20.6,20.8,86.3,260,253,0,0.6,79,1.3,1.3,20.9,19,16.4
2026-03-13T21:03:43Z,0,0,0,0,0,0,20.2,847,20.4,20.6,86.5,261,253,0,0.3,156,1.7,1.7,20.8,18.9,16.2
2026-03-13T21:18:49Z,0,0,0,0,0,0,20.1,847.2,20.3,20.5,86.6,260,254,0,0.7,94,2.4,2.4,20.7,18.8,16.2
2026-03-13T21:33:56Z,0,0,0,0,0,0,20.1,847.1,20.2,20.5,86.8,259,254,0,0.4,127,0.9,0.9,20.7,18.8,16.1
2026-03-13T21:49:03Z,0,0,0,0,0,0,20,847,20.1,20.4,87.3,261,255,0,0.4,88,1.1,1.1,20.5,18.8,16
2026-03-13T22:06:31Z,0,0,0,0,0,0,20,847,20.1,20.3,87.8,260,253,0,0.2,130,0.7,0.7,20.5,18.8,16
2026-03-13T22:21:38Z,0,0,0,0,0,0,19.8,846.8,20,20.2,85.2,261,253,0,0.6,65,1.5,1.5,20.4,18.4,15.9
2026-03-13T22:36:45Z,0,0,0,0,0,0,19.3,846.7,19.3,19.6,83.9,262,254,0,0.2,74,0.9,0.9,19.7,17.7,15.3
2026-03-13T22:52:25Z,0.2,0,0.2,0,0,0,18.6,846.8,18.6,18.8,87.9,260,251,0,0.3,77,0.4,0.4,18.9,17.4,14.6
2026-03-13T23:07:32Z,0.2,0,1,0,0,0,18.1,847,18.1,18.4,89.9,259,254,0,0.1,76,0.4,0.4,18.5,17.2,14.2
2026-03-13T23:22:39Z,0.2,0,3,0,0,0,17.8,847,17.8,18.1,91.6,261,253,0,0.1,81,0.4,0.4,18.3,17.1,14
2026-03-13T23:37:46Z,0,0,4,0,0,0,17.5,846.7,17.6,17.8,92.6,261,255,0,0.1,81,0.4,0.4,17.9,16.9,13.6
2026-03-13T23:52:49Z,0,0,4.2,0,0,0,17.4,846.6,17.4,17.7,93,260,253,0,0,331,0,0,17.8,16.9,13.6
2026-03-14T00:00:52Z,0,0,4.4,0,0,0,17.4,846.5,17.4,17.6,93,260,253,0,0,331,0,0,17.8,16.8,13.5
2026-03-14T00:15:59Z,0,0,4.4,0,0,0,17.3,846.4,17.3,17.6,93.1,261,253,0,0,332,0,0,17.7,16.8,13.5
2026-03-14T00:31:06Z,0,0,4.4,0,0,0,17.2,846.5,17.3,17.6,93.2,260,254,0,0,332,0,0,17.7,16.8,13.4
2026-03-14T00:46:12Z,0,0,4.4,0,0,0,17.3,846.3,17.3,17.6,93.4,262,253,0,0,332,0,0,17.8,16.8,13.5
2026-03-14T01:01:39Z,0,0,4.4,0,0,0,17.2,846.4,17.2,17.5,93.2,259,252,0,0,341,0.2,0.2,17.6,16.7,13.4
2026-03-14T01:16:47Z,0,0,4.4,0,0,0,17.2,846.5,17.3,17.5,93.1,260,253,0,0,343,0,0,17.7,16.7,13.4
2026-03-14T01:31:53Z,0,0,4.4,0,0,0,17.2,846.6,17.2,17.5,93.2,259,254,0,0,343,0,0,17.7,16.7,13.4
2026-03-14T01:47:00Z,0,0,4.4,0,0,0,17.3,846.7,17.4,17.6,93.5,260,253,0,0,343,0,0,17.8,16.9,13.5
2026-03-14T02:02:06Z,0,0,4.4,0,0,0,17.2,846.6,17.3,17.5,93.5,261,253,0,0,343,0,0,17.7,16.8,13.4
2026-03-14T02:17:13Z,0,0,4.4,0,0,0,17.3,846.8,17.4,17.7,93.6,262,254,0,0,343,0,0,17.8,16.9,13.5
2026-03-14T02:32:20Z,0,0,4.4,0,0,0,17.5,846.8,17.6,17.8,93.8,260,253,0,0,343,0,0,18,17.1,13.7
2026-03-14T02:47:42Z,0,0,4.4,0,0,0,17.4,847.1,17.5,17.8,93.9,260,253,0,0,343,0,0,17.9,17,13.6
2026-03-14T03:03:04Z,0,0,4.4,0,0,0,17.3,847.3,17.4,17.7,93.9,259,255,0,0,343,0,0,17.8,17,13.6
2026-03-14T03:18:27Z,0,0,4.4,0,0,0,17.5,847.6,17.5,17.8,94.1,259,254,0,0,343,0,0,18,17.1,13.7
2026-03-14T03:33:34Z,0,0,4.4,0,0,0,17.4,847.7,17.6,17.7,94.2,261,275,0,0,343,0,0,17.9,17,13.6
2026-03-14T03:48:42Z,0,0,4.4,0.1,0,0,17.5,847.8,17.6,17.8,94.3,268,341,0,0,343,0,0,18,17.2,13.7
2026-03-14T04:03:48Z,0,0,4.4,0.2,0,0,17.6,847.7,17.8,17.9,94.4,288,566,0,0,343,0,0,18.1,17.2,13.8
2026-03-14T04:18:55Z,0,0,4.4,0.3,0,0,18,847.9,18.2,18.4,94.5,307,776,0,0,343,0,0,18.6,17.7,14.3
2026-03-14T04:34:02Z,0,0,4.4,0.2,0,0,18.3,848.3,18.4,18.6,94.3,302,718,0,0,343,0,0,18.8,17.9,14.5
2026-03-14T04:49:09Z,0,0,4.4,0.4,0,0,18.3,848.5,18.5,18.7,93.7,325,947,0,0,344,0.2,0.2,18.9,17.9,14.5
2026-03-14T05:04:32Z,0,0,4.4,0.6,0,0,18.6,848.8,18.8,19.1,93.1,359,1300,0,0,343,0,0,19.3,18.2,14.9
2026-03-14T05:19:39Z,0,0,4.4,1,0,0,20,848.7,19.9,20,89.9,449,2284,0,0,343,0,0,20.2,18.8,15.7
2026-03-14T05:34:46Z,0,0,4.4,1.1,0,0,21.4,848.7,21.2,21.2,86.2,463,2417,0,0,67,0,0,21.4,19.5,16.8
2026-03-14T05:49:52Z,0,0,4.4,0.6,0,0,21.9,848.8,22.1,22,81.8,360,1309,0,0,91,0,0,22.2,19.7,17.5
2026-03-14T06:04:59Z,0,0,0,0.8,4.4,1.2,21.7,848.9,21.6,21.6,83.4,399,1725,0,0,91,0,0,21.8,19.5,17.1
2026-03-14T06:20:06Z,0,0,0,1.1,4.4,1.2,21.8,848.9,22,22,82.5,465,2392,0,0,119,0,0,22.3,19.8,17.5
2026-03-14T06:35:13Z,0,0,0,1.1,4.4,1.2,21.9,848.7,22.1,22.3,80.2,471,2402,0,0,83,0.2,0.2,22.5,19.8,17.7
2026-03-14T06:50:38Z,0,0,0,2,4.4,1.2,22.8,848.6,22.9,23.2,76.5,624,4101,0,0.4,118,0.7,0.7,23.4,20.1,18.5
2026-03-14T07:05:43Z,0,0,0,2.3,4.4,1.2,22.6,848.6,22.9,22.9,77.2,688,4868,0,0.1,178,0.4,0.4,23.1,20,18.2
2026-03-14T07:21:23Z,0,0.2,0,0.9,4.4,1.2,22.9,848.5,23.4,23.3,73.4,434,2097,0,0.5,178,1.5,1.5,23.5,19.8,18.5
2026-03-14T07:36:39Z,0,0,0,1.1,4.4,1.2,22.4,848.5,22.5,23.1,74.7,471,2481,0,0.6,85,1.3,1.3,23.2,19.8,18.3
2026-03-14T07:51:46Z,0,0,0,1.5,4.4,1.2,24.6,848.3,24.6,24.9,69.4,542,3178,0,1,75,1.5,1.5,25.1,20.7,19.8
2026-03-14T08:06:48Z,0,0,0,3,4.4,1.2,24,848.2,23.9,24.5,69.5,819,6213,0,0.2,71,1.2,1.2,24.7,20.4,19.5
2026-03-14T08:21:55Z,0,0,0,2.2,4.4,1.2,24.6,848.2,24.6,25.3,65.8,666,4428,0,0.8,97,1.7,1.7,25.4,20.6,20.1
2026-03-14T08:37:01Z,0,0,0,3.6,4.4,1.2,24.6,847.7,24.6,25.4,64.1,928,7273,0,1.3,114,3,3,25.5,20.4,20.1
2026-03-14T08:52:08Z,0,0,0,4,4.4,1.2,25,847.6,25.3,25.8,63,1009,8171,0,0.5,96,1.7,1.7,25.9,20.7,20.5
2026-03-14T09:07:14Z,0,0,0,4.3,4.4,1.2,26.3,847.3,26.2,26.8,58.1,1057,8659,0,0.9,71,1.7,1.7,27.7,20.8,21.8
2026-03-14T09:22:21Z,0,0,0,4.6,4.4,1.2,26.3,847,26.4,26.9,60,1119,9296,0,0.5,115,1.1,1.1,28,21.2,22
2026-03-14T09:37:45Z,0,0,0,3.3,4.4,1.2,25.9,846.8,25.9,26.6,57,874,6571,0,1.7,67,3.1,3.1,27.4,20.5,21.6
2026-03-14T09:52:52Z,0,0,0,4,4.4,1.2,26.6,846.5,26.6,27.3,55,1005,8070,0,1.5,65,2.4,2.4,28,20.8,22
2026-03-14T10:07:59Z,0,0,0,3.5,4.4,1.2,25.9,846.3,26,26.5,59.6,902,6993,0,0.7,96,2.2,2.2,26.6,20.8,21
2026-03-14T10:23:05Z,0,0,0,3.9,4.4,1.2,27.2,845.8,27.2,27.6,55.8,983,7862,0,0,301,0.2,0.2,28.5,21.2,22.4
2026-03-14T10:38:11Z,0,0,0,3.2,4.4,1.2,27.1,845.5,27.4,28,53.5,849,6435,0,0.4,114,1.1,1.1,28.8,21.2,22.6
2026-03-14T10:53:18Z,0,0,0,3.2,4.4,1.2,26.2,845.3,26.6,26.9,56.6,857,6532,0,0.6,124,2.2,2.2,27.7,20.7,21.8
2026-03-14T11:08:25Z,0,0,0,3.8,4.4,1.2,26.2,845.3,26.6,27,55.5,956,7625,0,0.5,133,1.8,1.8,27.8,20.6,21.9
2026-03-14T11:23:49Z,0,0,0,1.3,4.4,1.2,26.2,844.9,26.2,27.2,54.5,500,2597,0,0.3,70,1.1,1.1,27.9,20.6,21.9
2026-03-14T11:38:55Z,0,0,0,1.8,4.4,1.2,27.1,844.7,27.3,27.9,54.6,588,3511,0,0.5,141,1.5,1.5,28.7,21.2,22.5
2026-03-14T11:54:38Z,0,0,0,1.2,4.4,1.2,26.8,844.8,26.9,27.8,53.6,489,2560,0,1.2,84,2.6,2.6,28.6,21,22.4
2026-03-14T12:09:50Z,0,0,0,3.5,4.4,1.2,27.3,844.5,27.3,28.4,52.5,905,7089,0,2.3,78,3.3,3.3,29.1,21.3,22.8
2026-03-14T12:24:57Z,0,0,0,3.2,4.4,1.2,27.4,844.4,27.7,28.5,51.5,853,6553,0,0.4,159,2.4,2.4,29.3,21.3,22.9
2026-03-14T12:40:03Z,0,0,0,2.9,4.4,1.2,27.1,844.3,27.3,28.1,53.8,805,6029,0,0,119,0.2,0.2,29,21.3,22.7
2026-03-14T12:55:09Z,0,0,0,1,4.4,1.2,26.8,844.5,27.3,27.9,54.2,445,2074,0,0.8,130,3.7,3.7,28.7,21.2,22.5
2026-03-14T13:10:16Z,0,0,0,2.4,4.4,1.2,26,844.4,26.2,26.8,58,709,5095,0,1.4,84,2.8,2.8,27.7,20.8,21.8
2026-03-14T13:25:22Z,0,0,0,2,4.4,1.2,26.6,844.4,26.8,27.6,57,623,4193,0,0.2,84,1.1,1.1,28.6,21.3,22.4
2026-03-14T13:40:29Z,0,0,0,1.5,4.4,1.2,26.6,844.4,27,27.7,55.3,529,3049,0,0.1,115,0.4,0.4,28.5,21.2,22.4
2026-03-14T13:55:54Z,0,0,0,1.7,4.4,1.2,27,844.6,27.2,28.3,52.6,571,3704,0,0.6,101,1.7,1.7,29,21.2,22.7
2026-03-14T14:11:00Z,0,0,0,0.8,4.4,1.2,25.6,844.7,25.8,26.6,55.6,399,1742,0,0.8,92,2.2,2.2,27.4,20.3,21.6
2026-03-14T14:26:07Z,0,0,0,0.4,4.4,1.2,25.1,844.9,25.4,25.7,57.8,333,922,0,0.1,109,0.4,0.4,25.8,19.8,20.4
2026-03-14T14:41:13Z,0,0,0,0.3,4.4,1.2,24.6,845.1,24.8,25,55.1,313,707,0,0.6,120,1.3,1.3,25,18.8,19.8
2026-03-14T14:57:03Z,0,0,0,0.2,4.4,1.2,24.5,845.2,24.6,24.8,56.8,303,631,0,0.3,121,0.7,0.7,24.8,18.9,19.6
2026-03-14T15:12:10Z,0,0,0,0.1,4.4,1.2,24,845.6,24.2,24.4,59,283,419,0,0.4,119,1.5,1.5,24.4,18.8,19.3
2026-03-14T15:27:16Z,0,0,0,0.1,4.4,1.2,23.5,846,23.7,23.9,62.5,271,333,0,0.7,74,2.8,2.8,23.9,18.8,18.9
2026-03-14T15:42:59Z,0,0,0,0,4.4,1.2,23,845.9,23.1,23.3,66.8,262,269,0,0,102,0.2,0.2,23.4,18.9,18.4
2026-03-14T15:58:05Z,0,0,0,0,4.4,1.2,22.6,846.2,22.8,22.9,69.1,259,254,0,0,103,0.2,0.2,23,18.9,18.1
2026-03-14T16:13:12Z,0,0,0,0,4.4,1.2,22.1,846.3,22.2,22.5,71.4,260,254,0,0.3,82,0.9,0.9,22.6,18.8,17.8
2026-03-14T16:28:18Z,0,0,0,0,4.4,1.2,21.9,846.7,22.1,22.2,73.1,260,254,0,0.1,113,0.4,0.4,22.2,18.7,17.5
2026-03-14T16:43:24Z,0,0,0,0,4.4,1.2,21.6,846.8,21.7,21.9,74.4,261,253,0,0.1,89,0.4,0.4,22,18.6,17.3
2026-03-14T16:58:30Z,0,0,0,0,4.4,1.2,21.6,847,21.8,21.9,76.2,260,254,0,0.6,72,0.9,0.9,22,18.8,17.3
2026-03-14T17:14:00Z,0,0,0,0,4.4,1.2,21.5,847,21.7,21.9,77.7,261,252,0,1.2,87,2.6,2.6,22,19,17.3
2026-03-14T17:29:57Z,0,0,0,0,4.4,1.2,21.3,847.1,21.4,21.6,81.1,260,252,0,0.6,78,1.3,1.3,21.8,19.2,17.1
2026-03-14T17:45:03Z,0,0,0,0,4.4,1.2,21,847.3,21.2,21.4,82.6,260,253,0,0.6,80,1.3,1.3,21.6,19.2,17
2026-03-14T18:00:09Z,0,0,0,0,4.4,1.2,21,847.6,21.2,21.4,83.4,259,253,0,0.8,63,1.3,1.3,21.5,19.3,16.9
2026-03-14T18:16:03Z,0,0,0,0,4.4,1.2,20.9,847.8,21,21.2,84.2,260,254,0,0,96,0.2,0.2,21.4,19.3,16.8
2026-03-14T18:31:09Z,0,0,0,0,4.4,1.2,20.7,848.1,20.9,21.1,84.6,260,254,0,0.1,101,0.4,0.4,21.3,19.1,16.7
2026-03-14T18:46:16Z,0,0,0,0,4.4,1.2,20.7,848.4,20.8,21,84.6,259,254,0,1,77,5,5,21.2,19.1,16.6
2026-03-14T19:01:22Z,0,0,0,0,4.4,1.2,19.8,848.7,19.9,20.2,89.1,261,254,0,0.5,92,1.3,1.3,20.5,18.9,16
2026-03-14T19:16:28Z,0,0,0,0,4.4,1.2,19.4,848.7,19.6,19.9,90.1,260,253,0,0.8,75,2.8,2.8,20,18.6,15.6
2026-03-14T19:31:34Z,0,0,0,0,4.4,1.2,19.3,848.7,19.4,19.7,90.2,260,253,0,0.1,169,0.4,0.4,19.9,18.5,15.4
2026-03-14T19:47:00Z,0,0,0,0,4.4,1.2,19.3,848.9,19.4,19.6,90.5,260,252,0,0.1,84,0.4,0.4,19.8,18.5,15.4
2026-03-14T20:02:14Z,0,0,0,0,4.4,1.2,19.1,849.1,19.2,19.5,90,260,253,0,0.1,141,0.4,0.4,19.7,18.3,15.3
2026-03-14T20:17:20Z,0,0,0,0,4.4,1.2,19.1,849.1,19.2,19.4,90.1,261,253,0,0.1,81,0.9,0.9,19.6,18.2,15.2
2026-03-14T20:33:11Z,0,0,0,0,4.4,1.2,19.1,848.9,19.2,19.4,88.9,260,254,0,0.6,117,1.5,1.5,19.6,18.1,15.2
2026-03-14T20:48:17Z,0,0,0,0,4.4,1.2,19,848.7,19.1,19.3,89.1,260,254,0,0.2,105,0.9,0.9,19.5,18,15.1
2026-03-14T21:04:12Z,0,0,0,0,4.4,1.2,18.9,848.3,19,19.2,89.5,261,253,0,0.1,116,0.4,0.4,19.4,17.9,15
2026-03-14T21:19:18Z,0,0,0,0,4.4,1.2,18.6,848,18.8,19,89.5,261,253,0,0.5,97,1.3,1.3,19.1,17.7,14.7
2026-03-14T21:34:25Z,0,0,0,0,4.4,1.2,18.4,848,18.6,18.8,90,260,255,0,0.2,88,0.9,0.9,18.9,17.6,14.6
2026-03-14T21:49:32Z,0,0,0,0,4.4,1.2,18.4,848.1,18.6,18.7,90,260,253,0,0,100,0.2,0.2,18.9,17.5,14.5
2026-03-14T22:04:39Z,0,0,0,0,4.4,1.2,18.4,848,18.6,18.7,90.1,258,253,0,0,88,0,0,18.9,17.5,14.5
2026-03-14T22:19:45Z,0,0,0,0,4.4,1.2,18.3,848,18.5,18.7,89.7,260,254,0,0.5,110,1.1,1.1,18.8,17.4,14.5
2026-03-14T22:35:09Z,0,0,0,0,4.4,1.2,18.4,847.7,18.6,18.7,89.1,261,254,0,0.1,64,1.1,1.1,18.8,17.4,14.5
2026-03-14T22:50:15Z,0,0,0,0,4.4,1.2,18.3,847.4,18.4,18.6,89.2,260,253,0,0.1,85,0.2,0.2,18.8,17.3,14.4
2026-03-14T23:05:22Z,0,0,0,0,4.4,1.2,18.2,847.2,18.3,18.5,89.2,261,253,0,0.1,78,0.7,0.7,18.6,17.2,14.3
2026-03-14T23:21:17Z,0,0,0,0,4.4,1.2,17.9,847.1,18,18.2,89.9,259,253,0,0,105,0,0,18.4,17,14.1
2026-03-14T23:36:24Z,0,0,0,0,4.4,1.2,17.6,847.1,17.7,17.8,91,259,253,0,0,105,0,0,17.9,16.8,13.7
2026-03-14T23:51:30Z,0,0,0,0,4.4,1.2,17.3,847.3,17.4,17.6,91.8,259,254,0,0,105,0,0,17.7,16.7,13.5
