ts,rg1,rg2,rg1tt,rg2tt,rg1tp,rg2tp,temp_bmx,press_bmx,temp_mcp,temp_sht,humidity_sht,si1145_vis,si1145_ir,si1145_uv,wind_spd,wind_dir,wind_gust,wind_gust_dir,heat_idx,wet_bulb_temp,wet_bulb_globe_temp
2026-06-14T00:01:00Z,0,0,0,0,0,0,15.5,852.6,15.8,15.9,88.3,259,253,0,0,194,0,0,15.9,14.5,11.7
2026-06-14T00:16:07Z,0,0,0,0,0,0,15.4,852.5,15.7,15.8,88.9,262,255,0,0,194,0,0,15.8,14.5,11.6
2026-06-14T00:31:15Z,0,0,0,0,0,0,15.2,852.4,15.6,15.7,88.9,260,252,0,0,194,0,0,15.6,14.4,11.4
2026-06-14T00:46:23Z,0,0,0,0,0,0,15.1,852.4,15.4,15.4,89.8,260,252,0,0,194,0,0,15.4,14.3,11.2
2026-06-14T01:01:31Z,0,0,0,0,0,0,15,852.5,15.2,15.4,89.9,260,254,0,0,194,0,0,15.4,14.2,11.2
2026-06-14T01:16:39Z,0,0,0,0,0,0,15.1,852.5,15.4,15.5,89.9,260,254,0,0,194,0,0,15.5,14.3,11.3
2026-06-14T01:32:03Z,0,0,0,0,0,0,15.1,852.4,15.4,15.5,89.7,261,253,0,0,194,0,0,15.4,14.3,11.2
2026-06-14T01:47:30Z,0,0,0,0,0,0,14.8,852.4,15.2,15.2,90.9,261,253,0,0,194,0,0,15.2,14.2,11
2026-06-14T02:02:37Z,0,0,0,0,0,0,14.8,852.4,15.1,15.2,91.3,260,254,0,0,194,0,0,15.2,14.2,11
2026-06-14T02:17:45Z,0,0,0,0,0,0,14.7,852.5,14.9,15,91.8,261,253,0,0,194,0,0,15,14.1,10.8
2026-06-14T02:33:06Z,0,0,0,0,0,0,14.7,852.6,15,15.2,91.9,262,253,0,0,194,0,0,15.1,14.2,11
2026-06-14T02:48:14Z,0,0,0,0,0,0,14.9,852.6,15.2,15.3,91.3,260,254,0,0,194,0,0,15.3,14.3,11.1
2026-06-14T03:03:22Z,0,0,0,0,0,0,15.1,852.6,15.4,15.4,91,261,254,0,0,194,0,0,15.4,14.4,11.2
2026-06-14T03:18:30Z,0,0,0,0,0,0,15.1,852.7,15.4,15.5,90.8,260,255,0,0,194,0,0,15.5,14.5,11.3
2026-06-14T03:33:37Z,0,0,0,0,0,0,15.2,852.8,15.6,15.6,90.2,261,268,0,0,194,0,0,15.6,14.4,11.4
2026-06-14T03:48:45Z,0,0,0,0,0,0,15.4,852.9,15.6,15.7,90.3,264,292,0,0,194,0,0,15.7,14.6,11.5
2026-06-14T04:04:10Z,0,0,0,0.1,0,0,15.5,853.1,15.8,15.9,89.5,270,348,0,0,194,0,0,15.9,14.7,11.7
2026-06-14T04:19:18Z,0,0,0,0.1,0,0,15.7,853.2,16,16.1,87.6,277,415,0,0.4,195,0.9,0.9,16.1,14.6,11.9
2026-06-14T04:34:26Z,0,0,0,0.1,0,0,15.9,853.4,16.2,16.3,87.2,283,504,0,0,194,0,0,16.3,14.8,12.1
2026-06-14T04:49:34Z,0,0,0,0.2,0,0,16.1,853.5,16.2,16.4,87.2,294,641,0,0.6,195,1.7,1.7,16.4,14.9,12.2
2026-06-14T05:04:42Z,0,0,0,0.2,0,0,16,853.7,16.2,16.4,86.2,290,581,0,0.5,195,1.3,1.3,16.3,14.7,12.1
2026-06-14T05:19:49Z,0,0,0,0.3,0,0,15.9,853.9,16.2,16.2,86.6,320,924,0,0.4,211,0.9,0.9,16.2,14.7,12
2026-06-14T05:35:15Z,0,0,0,0.5,0,0,16.2,854,16.4,16.5,84.8,356,1319,0,0.9,211,1.7,1.7,16.4,14.7,12.2
2026-06-14T05:50:23Z,0,0,0,0.8,0,0,16.6,854.2,16.9,16.9,82.6,408,1879,0,0.9,211,1.5,1.5,16.8,14.8,12.6
2026-06-14T06:05:31Z,0,0,0,0.9,0,0,16.9,854.3,17.2,17.3,80.8,426,2049,0,0.7,152,2.4,2.4,17.2,15,13
2026-06-14T06:20:38Z,0,0,0,0.9,0,0,17.5,854.3,17.7,17.7,81.4,415,1884,0,0,225,0,0,17.7,15.5,13.4
2026-06-14T06:35:46Z,0,0,0,1.1,0,0,18.1,854.4,18.4,18.2,77.5,466,2492,0,0.7,226,1.7,1.7,18.2,15.5,13.9
2026-06-14T06:50:54Z,0,0,0,1,0,0,17.9,854.4,18.2,18,77.1,448,2283,0,0.1,226,0.4,0.4,18,15.3,13.7
2026-06-14T07:06:19Z,0,0,0,0.9,0,0,18.1,854.4,18.4,18.6,75.5,430,2102,0,0.2,226,1.1,1.1,18.5,15.6,14.2
2026-06-14T07:21:27Z,0,0,0,1,0,0,18.5,854.3,18.8,18.8,73.8,444,2284,0,0.3,136,0.9,0.9,18.8,15.6,14.4
2026-06-14T07:36:35Z,0,0,0,1.4,0,0,19.4,854.4,19.9,19.8,70.7,521,3054,0,0.2,133,0.7,0.7,19.8,16.2,15.3
2026-06-14T07:51:43Z,0,0,0,1.3,0,0,19.3,854.3,19.9,19.9,70.2,498,2838,0,0.2,188,0.7,0.7,19.8,16.2,15.4
2026-06-14T08:06:51Z,0,0,0,1.8,0,0,20.7,854.1,20.9,20.7,67.6,592,3835,0,0.1,188,0.4,0.4,20.6,16.6,16.1
2026-06-14T08:21:59Z,0,0,0,1.3,0,0,21.3,853.9,22.1,21.6,67,504,2910,0,0,219,0.2,0.2,21.6,17.4,16.9
2026-06-14T08:37:24Z,0,0,0,1.3,0,0,20.9,853.7,21.6,21.1,65.7,503,2896,0,0.1,219,0.4,0.4,21,16.7,16.5
2026-06-14T08:52:33Z,0,0,0,1.2,0,0,21,853.6,21.4,21,64.2,491,2759,0,0.2,219,0.7,0.7,20.9,16.4,16.3
2026-06-14T09:07:40Z,0,0,0,1.1,0,0,20.5,853.3,21.1,20.5,67,465,2497,0,1.2,224,1.5,1.5,20.5,16.4,16
2026-06-14T09:22:48Z,0,0,0,3.9,0,0,21.7,853.2,22.1,21.8,65.2,985,8435,0,0.3,224,1.1,1.1,21.8,17.3,17.1
2026-06-14T09:37:56Z,0,0,0,1.4,0,0,21.8,852.9,22.4,22.3,59.3,508,2880,0,0.8,160,2,2,22.2,16.9,17.5
2026-06-14T09:53:04Z,0,0,0,1,0,0,21.5,852.8,21.8,21.5,62.5,437,2124,0,0.2,222,0.4,0.4,21.5,16.7,16.9
2026-06-14T10:08:29Z,0,0,0,2.3,0,0,23.8,852.5,24.2,24.4,53.2,695,4816,0,0.1,140,0.2,0.2,24.3,18,19.2
2026-06-14T10:23:36Z,0,0,0,0.8,0,0,21.9,852.4,22.6,22.5,57.9,405,1692,0,0,211,0,0,22.4,16.9,17.6
2026-06-14T10:38:43Z,0,0,0,1.2,0,0,22.3,852.2,22.9,22.6,52.8,480,2514,0,0,163,0,0,22.5,16.4,17.7
2026-06-14T10:53:51Z,0,0,0,1,0,0,23.3,852,23.5,23.7,51.3,442,2236,0,0.1,132,0.7,0.7,23.6,17.1,18.7
2026-06-14T11:08:59Z,0,0,0,1,0,0,22.3,852,22.8,22.7,56,452,2306,0,0,152,0.2,0.2,22.6,16.9,17.8
2026-06-14T11:24:06Z,0,0,0,3.2,0,0,23.6,851.8,24.1,24.4,51.8,862,7002,0,0.9,181,1.9,1.9,24.3,17.7,19.2
2026-06-14T11:39:32Z,0,0,0,0.8,0,0,22.4,851.6,23.1,22.9,54.2,403,1795,0,1.9,200,4.4,4.4,22.8,16.8,18
2026-06-14T11:54:38Z,0,0,0,2.6,0,0,22.2,851.5,22.5,22.8,55.9,745,5630,0,0.1,104,0.7,0.7,22.7,16.9,17.9
2026-06-14T12:09:45Z,0,0,0,2.5,0,0,24.3,851.2,24.7,25.1,50.4,731,5638,0,0.2,184,0.9,0.9,25,18.1,19.8
2026-06-14T12:24:53Z,0,0,0,0.6,0,0,22.3,851.2,22.8,22.9,55.5,365,1397,0,0.7,200,2.8,2.8,22.8,17,18
2026-06-14T12:40:00Z,0,0,0,0.8,0,0,22.1,851,22.4,22.6,56.7,398,1716,0,0.3,165,0.9,0.9,22.5,16.9,17.7
2026-06-14T12:55:08Z,0,0,0,0.8,0,0,22.2,851,22.4,22.7,56.2,397,1628,0,0,122,0.5,0.5,22.6,16.9,17.8
2026-06-14T13:10:36Z,0,0,0,0.8,0,0,22.4,851,22.9,23,54.7,397,1717,0,0.4,216,1.5,1.5,22.8,16.9,18
2026-06-14T13:25:43Z,0,0,0,0.5,0,0,22.5,851.1,22.9,23.1,53.5,350,1183,0,0.1,105,0.7,0.7,23,16.9,18.1
2026-06-14T13:40:51Z,0,0,0,0.4,0,0,21.9,851.1,22.2,22.4,54.3,330,861,0,0.7,169,1.7,1.7,22.3,16.4,17.5
2026-06-14T13:55:59Z,0,0,0,0.9,0,0,22.4,851.1,23.1,23.1,52.3,424,2103,0,0.2,184,1.1,1.1,23,16.7,18.1
2026-06-14T14:11:06Z,0,0,0,0.5,0,0,23.1,851.1,23.8,24,48.5,352,1237,0,0.6,217,1.7,1.7,23.8,16.9,18.8
2026-06-14T14:26:56Z,0,0,0,0.2,0,0,21.9,851.2,22.2,22.5,51.6,302,604,0,0.4,196,1.3,1.3,22.3,16.1,17.6
2026-06-14T14:42:03Z,0,0,0,0.2,0,0,21.4,851.2,21.8,21.9,54.8,293,549,0,0,195,0,0,21.7,16,17
2026-06-14T14:57:11Z,0,0,0,0.2,0,0,20.9,851.4,21.2,21.2,57.5,287,517,0,0,195,0,0,21,15.7,16.4
2026-06-14T15:12:19Z,0,0,0,0.1,0,0,20.8,851.6,20.9,21.1,58.2,273,355,0,0,196,0.1,0.1,21,15.8,16.4
2026-06-14T15:27:41Z,0,0,0,0,0,0,20.8,851.6,20.9,21.1,58.1,265,289,0,0,195,0,0,20.9,15.7,16.4
2026-06-14T15:42:48Z,0,0,0,0,0,0,20,851.7,20.2,20.5,65.9,261,258,0,0.5,196,1.7,1.7,20.4,16.2,15.9
2026-06-14T15:57:56Z,0,0,0,0,0,0,19.4,851.9,19.6,19.8,69.8,260,255,0,0,193,0,0,19.7,16.1,15.3
2026-06-14T16:13:04Z,0,0,0,0,0,0,19.2,852,19.4,19.5,70.8,260,253,0,0.4,176,1.5,1.5,19.5,15.9,15.1
2026-06-14T16:28:11Z,0,0,0,0,0,0,19,852.1,19.2,19.3,71.1,260,253,0,0.7,184,1.3,1.3,19.3,15.8,14.9
2026-06-14T16:43:19Z,0,0,0,0,0,0,18.6,852.2,18.8,19,72.1,261,254,0,1,185,2.6,2.6,19,15.6,14.6
2026-06-14T16:58:45Z,0,0,0,0,0,0,18.4,852.4,18.6,18.8,73.3,262,254,0,0.3,183,1.3,1.3,18.7,15.6,14.4
2026-06-14T17:13:53Z,0,0,0,0,0,0,18.2,852.4,18.4,18.5,74.5,261,254,0,0,197,0.2,0.2,18.5,15.5,14.2
2026-06-14T17:29:00Z,0,0,0,0,0,0,18,852.6,18.1,18.4,75.2,260,253,0,0.1,194,0.8,0.8,18.3,15.4,14
2026-06-14T17:44:46Z,0,0,0,0,0,0,17.4,852.8,17.7,17.8,77.1,261,254,0,0,194,0.4,0.4,17.7,15.1,13.5
2026-06-14T18:00:09Z,0,0,0,0,0,0,16.9,852.8,17,17.2,79.8,260,253,0,0,193,0,0,17.1,14.8,12.9
2026-06-14T18:15:17Z,0,0,0,0,0,0,16.5,853,16.7,16.8,81,262,254,0,0,193,0,0,16.8,14.6,12.5
2026-06-14T18:30:25Z,0,0,0,0,0,0,16.2,853.2,16.3,16.5,82.3,260,253,0,0,193,0,0,16.5,14.5,12.2
2026-06-14T18:45:33Z,0,0,0,0,0,0,16,853.3,16.2,16.4,83.7,261,253,0,0,193,0,0,16.3,14.5,12.1
2026-06-14T19:01:20Z,0,0,0,0,0,0,15.9,853.4,16.2,16.3,84.1,260,253,0,0,193,0,0,16.3,14.5,12.1
2026-06-14T19:16:27Z,0,0,0,0,0,0,15.9,853.4,16.2,16.4,83.8,260,253,0,0,193,0,0,16.3,14.5,12.1
2026-06-14T19:31:34Z,0,0,0,0,0,0,15.9,853.4,16.2,16.3,84.7,260,253,0,0,193,0,0,16.2,14.5,12
2026-06-14T19:46:42Z,0,0,0,0,0,0,15.6,853.4,15.9,16,85.6,260,253,0,0,193,0,0,16,14.3,11.8
2026-06-14T20:01:49Z,0,0,0,0,0,0,15.4,853.4,15.6,15.7,87,259,253,0,0,193,0,0,15.7,14.2,11.5
2026-06-14T20:17:14Z,0,0,0,0,0,0,15.1,853.3,15.4,15.5,87.8,259,252,0,0,193,0,0,15.5,14.1,11.3
2026-06-14T20:32:22Z,0,0,0,0,0,0,15.1,853.3,15.6,15.6,87.2,261,253,0,0,193,0,0,15.6,14.1,11.4
2026-06-14T20:47:29Z,0,0,0,0,0,0,16.1,853.3,16.2,16.3,83.6,259,253,0,0,157,0,0,16.3,14.4,12.1
2026-06-14T21:02:36Z,0,0,0,0,0,0,16.3,853.3,16.4,16.6,82.4,260,253,0,0,157,0.2,0.2,16.6,14.6,12.3
2026-06-14T21:17:44Z,0,0,0,0,0,0,15.8,853.2,16.2,16.2,84,260,254,0,0,157,0,0,16.2,14.4,12
2026-06-14T21:32:51Z,0,0,0,0,0,0,15.7,853.1,16,16,85.8,260,254,0,0.6,183,1.3,1.3,16,14.4,11.8
2026-06-14T21:48:17Z,0,0,0,0,0,0,15.6,853.2,15.9,16,86,259,254,0,0,182,0,0,15.9,14.4,11.7
2026-06-14T22:03:25Z,0,0,0,0,0,0,15.6,853,15.9,16,86.1,259,253,0,0,182,0,0,16,14.4,11.8
2026-06-14T22:18:32Z,0,0,0,0,0,0,15.5,852.8,15.9,16,86.8,262,253,0,0,183,0.2,0.2,15.9,14.4,11.7
2026-06-14T22:33:40Z,0,0,0,0,0,0,15.4,852.7,15.7,15.8,87.8,259,254,0,0.2,133,0.7,0.7,15.8,14.4,11.6
2026-06-14T22:48:47Z,0,0,0,0,0,0,15.1,852.7,15.4,15.5,89.1,261,253,0,0,137,0,0,15.4,14.2,11.2
2026-06-14T23:03:55Z,0,0,0,0,0,0,14.8,852.6,15.1,15.3,90.5,260,254,0,0,137,0,0,15.2,14.2,11
2026-06-14T23:19:21Z,0,0,0,0,0,0,14.9,852.6,15.2,15.4,91.1,261,253,0,0,137,0,0,15.4,14.3,11.2
2026-06-14T23:34:29Z,0,0,0,0,0,0,15.1,852.5,15.4,15.5,90.8,260,253,0,0,137,0,0,15.5,14.4,11.3
2026-06-14T23:49:37Z,0,0,0,0,0,0,15.1,852.5,15.4,15.5,90.4,261,252,0,0,137,0,0,15.5,14.4,11.3
2026-06-15T00:00:42Z,0,0,0,0,0,0,15.2,852.5,15.5,15.6,90.4,261,253,0,0.1,137,0.7,0.7,15.6,14.5,11.4
2026-06-15T00:16:27Z,0,0,0,0,0,0,15.2,852.4,15.5,15.6,90.4,260,253,0,0,137,0,0,15.6,14.5,11.4
2026-06-15T00:31:35Z,0,0,0,0,0,0,15.2,852.4,15.4,15.6,90.3,260,254,0,0,137,0,0,15.5,14.4,11.3
2026-06-15T00:46:42Z,0,0,0,0,0,0,15.2,852.4,15.5,15.6,90.7,260,254,0,0.1,137,0.4,0.4,15.6,14.5,11.4
2026-06-15T01:01:50Z,0,0,0,0,0,0,15.1,852.3,15.4,15.5,90.8,261,254,0,0,137,0,0,15.5,14.4,11.3
2026-06-15T01:16:58Z,0,0,0,0,0,0,14.9,852.4,15.2,15.3,91.4,261,253,0,0,137,0,0,15.2,14.3,11
2026-06-15T01:32:25Z,0,0,0,0,0,0,14.6,852.4,14.8,15,92.2,260,254,0,0,137,0,0,14.9,14.1,10.8
2026-06-15T01:47:32Z,0,0,0,0,0,0,14.4,852.4,14.6,14.7,93.2,260,253,0,0,137,0,0,14.7,13.9,10.5
2026-06-15T02:02:40Z,0,0,0,0,0,0,14.3,852.4,14.6,14.6,93.6,261,252,0,0,137,0,0,14.6,13.9,10.4
2026-06-15T02:17:47Z,0,0,0,0,0,0,14.2,852.4,14.5,14.6,93.8,260,253,0,0,137,0,0,14.5,13.8,10.3
2026-06-15T02:32:55Z,0,0,0,0,0,0,14.1,852.4,14.4,14.5,94.2,260,253,0,0,137,0,0,14.5,13.8,10.3
2026-06-15T02:48:03Z,0,0,0,0,0,0,13.8,852.4,14.1,14.2,94.2,260,253,0,0,137,0,0,14.1,13.5,9.9
2026-06-15T03:03:28Z,0,0,0,0,0,0,13.5,852.5,13.7,13.9,94.2,260,254,0,0,137,0,0,13.8,13.2,9.6
2026-06-15T03:18:36Z,0,0,0,0,0,0,13.2,852.7,13.5,13.6,94.6,260,263,0,0,137,0,0,13.6,13,9.4
2026-06-15T03:33:43Z,0,0,0,0,0,0,13,852.9,13.4,13.4,94.9,264,299,0,0,137,0,0,13.4,12.8,9.1
2026-06-15T03:48:50Z,0,0,0,0.1,0,0,13,853.1,13.3,13.4,95.2,275,416,0,0,137,0,0,13.3,12.8,9.1
2026-06-15T04:03:58Z,0,0,0,0.2,0,0,13.3,853.1,13.6,13.6,95.6,289,555,0,0,137,0,0,13.6,13.1,9.3
2026-06-15T04:19:04Z,0,0,0,0.2,0,0,14.2,853.3,14.4,14.1,95.9,304,707,0,0,137,0.2,0.2,14.1,13.6,9.9
2026-06-15T04:34:30Z,0,0,0,0.4,0,0,14.8,853.6,15.3,14.6,94.7,341,1193,0,0,137,0.2,0.2,14.6,13.9,10.4
2026-06-15T04:49:37Z,0,0,0,0.6,0,0,16.5,853.7,16.7,15.6,90.4,379,1651,0,0,137,0,0,15.5,14.4,11.3
2026-06-15T05:04:44Z,0,0,0,0.9,0,0,17.5,853.9,17.8,16.6,85.8,414,2043,0,0,137,0.2,0.2,16.6,15,12.4
2026-06-15T05:19:51Z,0,0,0,1,0,0,19.5,853.9,19.4,18.5,78.3,453,2443,0,0.2,33,0.7,0.7,18.5,15.9,14.2
2026-06-15T05:34:58Z,0,0,0,1.3,0,0,18.8,854.1,19.8,18.1,78.8,495,2899,0,0.2,282,1.1,1.1,18,15.5,13.7
2026-06-15T05:50:05Z,0,0,0,1.2,0,0,20.9,854.3,21.1,20.1,72.2,489,2768,0,0,99,0.2,0.2,20.1,16.7,15.6
2026-06-15T06:05:12Z,0,0,0,1.7,0,0,20.8,854.3,21.8,20.2,70.7,573,3735,0,0,134,0,0,20.1,16.5,15.7
2026-06-15T06:20:35Z,0,0,0,1.9,0,0,19.9,854.5,20.9,19.3,71.9,618,4280,0,0,197,0,0,19.3,15.9,14.9
2026-06-15T06:35:41Z,0,0,0,2.1,0,0,21.6,854.4,22.4,21.6,61,649,4631,0,0.4,198,0.7,0.7,21.5,16.6,16.9
2026-06-15T06:50:49Z,0,0,0,2.3,0,0,19.8,854.3,20.6,20,62.8,695,5083,0,0.3,177,1.1,1.1,19.9,15.4,15.4
2026-06-15T07:05:56Z,0,0,0,2.5,0,0,21.2,854.1,21.8,21.4,54.8,730,5434,0,0.1,138,0.4,0.4,21.2,15.6,16.6
2026-06-15T07:21:03Z,0,0,0,2.7,0,0,21.3,854.2,21.9,22,53.3,760,5765,0,0,116,0.2,0.2,21.9,15.9,17.2
2026-06-15T07:36:10Z,0,0,0,2.9,0,0,21.7,854.2,22.3,22.2,50.3,790,6062,0,0.5,117,2.6,2.6,22,15.6,17.3
2026-06-15T07:51:18Z,0,0,0,3,0,0,20.8,854.1,21.8,21.5,52,811,6312,0,0.6,190,1.6,1.6,21.3,15.3,16.7
2026-06-15T08:06:40Z,0,0,0,3,0,0,21.4,853.9,22.3,21.9,50.9,825,6468,0,1.1,183,3.3,3.3,21.7,15.5,17
2026-06-15T08:21:48Z,0,0,0,3.3,0,0,21.6,853.9,22.4,22,48.8,873,6950,0,0.6,196,1.3,1.3,21.8,15.3,17.1
2026-06-15T08:36:54Z,0,0,0,3.3,0,0,22.8,853.5,23.4,23.3,42.2,882,7033,0,0.6,159,1.7,1.7,23,15.3,18.2
2026-06-15T08:52:02Z,0,0,0,3.4,0,0,22.8,853.4,23.6,23.3,39.1,889,7121,0,0.5,198,1.5,1.5,23,14.8,18.1
2026-06-15T09:07:09Z,0,0,0,3.5,0,0,23.7,853.3,24.2,24.4,36.8,903,7260,0,0.4,63,1.2,1.2,24.1,15.3,19.1
2026-06-15T09:22:36Z,0,0,0,3.5,0,0,23.7,853.1,24.1,24.3,37.4,913,7387,0,0.7,115,1.5,1.5,24.1,15.4,19
2026-06-15T09:37:45Z,0,0,0,3.4,0,0,23.5,852.8,24.1,24,40.2,898,7194,0,0.7,151,1.5,1.5,23.8,15.6,18.8
2026-06-15T09:52:53Z,0,0,0,3.5,0,0,24,852.5,24.4,24.8,37.1,906,7283,0,1,159,2.2,2.2,24.5,15.7,19.4
2026-06-15T10:08:39Z,0,0,0,3.5,0,0,25,852.3,25.6,25.7,36.4,900,7189,0,0.5,93,1.5,1.5,25.5,16.3,20.1
2026-06-15T10:23:47Z,0,0,0,3.3,0,0,24.5,852,25.2,25.1,38.3,883,7010,0,0,179,0.2,0.2,24.9,16.2,19.7
2026-06-15T10:39:46Z,0,0,0,3.2,0,0,24.7,851.8,25.1,25.5,35.8,859,6776,0,0.1,102,0.9,0.9,25.3,16.1,20
2026-06-15T10:54:54Z,0,0,0,3.1,0,0,25.3,851.6,25.8,25.9,36.2,836,6503,0,0.1,148,0.9,0.9,25.7,16.5,20.3
2026-06-15T11:10:02Z,0,0,0,3.2,0,0,25,851.6,25.6,25.8,35.3,861,6796,0,0.1,119,0.4,0.4,25.6,16.2,20.2
2026-06-15T11:25:09Z,0,0,0,1,0,0,25.1,851.3,25.3,25.9,37.8,442,2054,0,0.3,112,1.3,1.3,25.7,16.7,20.3
2026-06-15T11:40:17Z,0,0,0,0.9,0,0,24.3,851.2,24.9,24.9,38.4,420,1742,0,0.5,208,2.2,2.2,24.7,16,19.5
2026-06-15T11:55:41Z,0,0,0,2.5,0,0,24.6,851.1,25.1,25.3,35.1,721,5282,0,0.2,140,1.3,1.3,25.1,15.8,19.8
2026-06-15T12:10:49Z,0,0,0,2.3,0,0,25,850.8,25.4,25.7,34.9,685,4901,0,0,197,0.2,0.2,25.4,16,20.1
2026-06-15T12:25:56Z,0,0,0,2.1,0,0,25.2,850.7,25.8,26,31.8,655,4552,0,1.4,189,3.3,3.3,25.7,15.7,20.3
2026-06-15T12:41:04Z,0,0,0,1.9,0,0,24.7,850.6,25.5,25.5,32.4,616,4140,0,1.9,163,3.9,3.9,25.2,15.4,19.9
2026-06-15T12:56:11Z,0,0,0,1.7,0,0,25.2,850.6,25.9,26.4,31,578,3739,0,0.6,117,2,2,26.1,15.8,20.6
2026-06-15T13:11:19Z,0,0,0,1.5,0,0,24.5,850.5,25.3,25.3,36.1,533,3243,0,0.9,174,3.5,3.5,25.1,16,19.8
2026-06-15T13:26:51Z,0,0,0,1.3,0,0,24.6,850.7,25.6,25.8,37.4,492,2792,0,0,134,0.2,0.2,25.6,16.6,20.2
2026-06-15T13:41:51Z,0,0,0,1.1,0,0,24.4,850.6,25.4,25.5,37.2,456,2403,0,0.2,141,1.1,1.1,25.2,16.3,20
2026-06-15T13:56:59Z,0,0,0,0.9,0,0,24.1,850.6,25,25.1,38.8,418,2002,0,0.3,185,0.9,0.9,24.9,16.3,19.7
2026-06-15T14:12:06Z,0,0,0,0.6,0,0,23.1,850.7,23.8,23.8,41.2,377,1558,0,0.7,193,1.7,1.7,23.5,15.6,18.6
2026-06-15T14:27:12Z,0,0,0,0.3,0,0,22.8,850.8,23.2,23.5,43.2,307,700,0,0.5,131,1.1,1.1,23.3,15.7,18.4
2026-06-15T14:42:19Z,0,0,0,0.2,0,0,22.3,850.9,22.6,22.8,44.8,295,553,0,0.3,139,1.1,1.1,22.5,15.3,17.7
2026-06-15T14:57:27Z,0,0,0,0.1,0,0,21.8,851,22,22.2,45.6,283,451,0,0,130,0.2,0.2,21.9,15,17.3
2026-06-15T15:12:50Z,0,0,0,0.1,0,0,21.5,851.1,21.7,21.8,44.6,272,359,0,0.4,161,2.6,2.6,21.5,14.5,16.9
2026-06-15T15:27:57Z,0,0,0,0,0,0,21,851.1,21.2,21.4,46.8,265,293,0,0,185,0.2,0.2,21.1,14.4,16.5
2026-06-15T15:43:05Z,0,0,0,0,0,0,20.6,851.2,20.7,20.9,47,261,256,0,0.4,194,1.7,1.7,20.6,14.1,16.1
2026-06-15T15:58:12Z,0,0,0,0,0,0,20,851.4,20.1,20.3,49,261,253,0,0,197,0.4,0.4,20,13.8,15.5
2026-06-15T16:13:20Z,0,0,0,0,0,0,19.6,851.6,19.7,19.9,50.4,260,253,0,0,128,0,0,19.6,13.7,15.2
2026-06-15T16:28:46Z,0,0,0,0,0,0,19.1,851.9,19.2,19.5,52.6,260,254,0,0,128,0,0,19.2,13.6,14.8
2026-06-15T16:44:15Z,0,0,0,0,0,0,18.3,852.1,18.4,18.6,54.2,260,253,0,0,128,0,0,18.3,13,14
2026-06-15T16:59:22Z,0,0,0,0,0,0,18,852.3,18.1,18.3,55.7,261,253,0,0,128,0,0,17.9,12.9,13.7
2026-06-15T17:14:29Z,0,0,0,0,0,0,17.9,852.4,18.1,18.2,56.1,262,252,0,0,128,0,0,17.8,12.9,13.6
2026-06-15T17:29:36Z,0,0,0,0,0,0,17.8,852.6,18,18,57.1,262,254,0,0,128,0,0,17.7,12.9,13.5
2026-06-15T17:44:44Z,0,0,0,0,0,0,18,852.7,18.1,18.2,56.8,260,253,0,0.1,128,0.9,0.9,17.9,13,13.6
2026-06-15T17:59:52Z,0,0,0,0,0,0,18,852.8,18.1,18.3,57.6,260,252,0,0.2,127,1.1,1.1,18,13.2,13.7
2026-06-15T18:15:14Z,0,0,0,0,0,0,17.9,852.9,18.1,18.2,60.2,260,254,0,0.4,178,0.9,0.9,17.9,13.4,13.6
2026-06-15T18:30:21Z,0,0,0,0,0,0,17.6,853.2,17.8,18,63.2,260,254,0,0.1,190,0.7,0.7,17.7,13.6,13.4
2026-06-15T18:45:28Z,0,0,0,0,0,0,17.1,853.3,17.2,17.5,65,261,254,0,0,130,0.2,0.2,17.3,13.4,13
2026-06-15T19:00:36Z,0,0,0,0,0,0,16.6,853.5,16.7,16.9,67.5,262,253,0,0,130,0,0,16.7,13.1,12.5
2026-06-15T19:16:22Z,0,0,0,0,0,0,16.3,853.4,16.4,16.6,70.1,261,253,0,0,130,0.2,0.2,16.4,13.2,12.2
2026-06-15T19:31:29Z,0,0,0,0,0,0,16,853.5,16.2,16.4,72.4,262,253,0,0.1,130,0.7,0.7,16.2,13.2,12
2026-06-15T19:46:36Z,0,0,0,0,0,0,15.9,853.6,16.2,16.3,73.3,260,253,0,0,130,0,0,16.1,13.2,11.9
2026-06-15T20:01:44Z,0,0,0,0,0,0,15.6,853.6,16.1,16,75.4,260,253,0,0,130,0.2,0.2,15.8,13.2,11.6
2026-06-15T20:16:52Z,0,0,0,0,0,0,15.3,853.7,15.6,15.6,77.5,260,253,0,0,130,0,0,15.4,13,11.2
2026-06-15T20:32:23Z,0,0,0,0,0,0,15,853.7,15.3,15.4,79.3,261,254,0,0,130,0.2,0.2,15.2,13,11
2026-06-15T20:54:34Z,0,0,0,0,0,0,14.8,853.8,15,15.1,80.4,259,254,0,0,130,0,0,15,12.9,10.8
2026-06-15T21:09:42Z,0,0,0,0,0,0,14.7,853.8,14.9,15.1,81.4,261,254,0,0.6,163,2,2,15,13,10.8
2026-06-15T21:24:49Z,0,0,0,0,0,0,14.6,853.9,15,15.1,81.4,261,254,0,0,172,0,0,15,13,10.8
2026-06-15T21:39:57Z,0,0,0,0,0,0,14.1,853.9,14.2,14.4,82.7,261,253,0,0,172,0,0,14.2,12.4,10
2026-06-15T21:55:04Z,0,0,0,0,0,0,13.5,853.9,13.6,13.8,84.6,260,253,0,0,172,0,0,13.6,12,9.4
2026-06-15T22:10:26Z,0,0,0,0,0,0,13,853.7,13.2,13.3,85.6,260,254,0,0,172,0,0,13.2,11.7,8.9
2026-06-15T22:25:34Z,0,0,0,0,0,0,12.6,853.6,12.8,13,87.4,259,254,0,0,172,0.2,0.2,12.8,11.6,8.6
2026-06-15T22:40:41Z,0,0,0,0,0,0,12.4,853.6,12.7,12.9,88.2,258,254,0,0,172,0,0,12.7,11.6,8.4
2026-06-15T22:55:48Z,0,0,0,0,0,0,12.4,853.6,12.7,12.9,88.7,260,253,0,0,172,0,0,12.7,11.6,8.4
2026-06-15T23:10:55Z,0,0,0,0,0,0,12.2,853.5,12.4,12.6,89.3,261,254,0,0,172,0,0,12.4,11.4,8.2
2026-06-15T23:26:02Z,0,0,0,0,0,0,12.1,853.3,12.4,12.6,89.5,259,253,0,0,172,0,0,12.4,11.4,8.1
2026-06-15T23:41:09Z,0,0,0,0,0,0,11.8,853.1,12.1,12.3,89.7,259,254,0,0,172,0,0,12.1,11.1,7.8
2026-06-15T23:56:31Z,0,0,0,0,0,0,11.6,852.9,11.9,12.1,90.8,259,253,0,0,172,0,0,11.9,11,7.5
2026-06-16T00:00:33Z,0,0,0,0,0,0,11.6,853,11.8,12,91.1,261,253,0,0,172,0,0,11.8,11,7.5
2026-06-16T00:15:41Z,0,0,0,0,0,0,11.2,852.9,11.5,11.7,91.4,260,254,0,0,172,0,0,11.5,10.8,7.2
2026-06-16T00:30:48Z,0,0,0,0,0,0,11.2,852.9,11.5,11.7,92.4,261,253,0,0,172,0,0,11.5,10.8,7.1
2026-06-16T00:45:56Z,0,0,0,0,0,0,11.2,852.8,11.4,11.7,93.2,260,253,0,0,172,0,0,11.5,10.9,7.2
2026-06-16T01:01:03Z,0,0,0,0,0,0,11.1,852.9,11.4,11.6,93.2,261,253,0,0,172,0,0,11.5,10.9,7.1
2026-06-16T01:16:28Z,0,0,0,0,0,0,11.1,852.8,11.4,11.6,93.4,261,253,0,0,172,0,0,11.4,10.8,7
2026-06-16T01:31:35Z,0,0,0,0,0,0,11,853,11.3,11.4,93.2,259,253,0,0,172,0,0,11.3,10.7,6.9
2026-06-16T01:46:43Z,0,0,0,0,0,0,10.8,852.9,11.1,11.3,93.4,262,253,0,0,172,0,0,11.1,10.6,6.7
2026-06-16T02:01:50Z,0,0,0,0,0,0,10.7,852.9,11.1,11.2,93.9,259,254,0,0,172,0.2,0.2,11,10.5,6.6
2026-06-16T02:16:58Z,0,0,0,0,0,0,10.6,853.1,10.9,11.1,93.8,259,253,0,0,172,0,0,10.9,10.4,6.5
2026-06-16T02:32:05Z,0,0,0,0,0,0,10.6,853,10.9,11.1,93.9,260,253,0,0,172,0,0,10.9,10.4,6.5
2026-06-16T02:47:32Z,0,0,0,0,0,0,10.5,853.2,10.8,11,93.9,260,254,0,0,172,0,0,10.8,10.3,6.4
2026-06-16T03:02:39Z,0,0,0,0,0,0,10.5,853.3,10.8,11,94.2,260,254,0,0,172,0,0,10.8,10.3,6.4
2026-06-16T03:17:47Z,0,0,0,0,0,0,10.5,853.5,10.8,11,94.6,261,256,0,0,172,0,0,10.8,10.4,6.4
2026-06-16T03:32:55Z,0,0,0,0,0,0,10.4,853.7,10.7,10.9,94.5,264,291,0,0,172,0,0,10.7,10.3,6.3
2026-06-16T03:48:02Z,0,0,0,0.1,0,0,10.4,853.9,10.7,10.8,94.5,275,397,0,0,173,0,0,10.6,10.2,6.2
2026-06-16T04:03:39Z,0,0,0,0.2,0,0,10.6,854.1,10.9,11,94.7,285,507,0,0,173,0,0,10.8,10.4,6.4
2026-06-16T04:18:40Z,0,0,0,0.2,0,0,11.8,854.3,12.3,11.6,94.9,298,645,0,0,173,0,0,11.5,11,7.1
2026-06-16T04:33:47Z,0,0,0,0.5,0,0,12.6,854.4,13.2,12.7,90,342,1220,0,0.2,270,0.7,0.7,12.6,11.6,8.3
2026-06-16T04:48:54Z,0,0,0,0.6,0,0,13.7,854.4,14.5,13.6,85.4,379,1624,0,0.1,270,0.4,0.4,13.4,12,9.2
2026-06-16T05:04:02Z,0,0,0,0.8,0,0,14.6,854.7,15.4,14.5,83.2,407,1935,0,0.6,270,1.1,1.1,14.3,12.6,10.1
2026-06-16T05:19:09Z,0,0,0,1,0,0,15.4,854.8,16.2,15.3,81.1,445,2354,0,0.9,270,1.3,1.3,15.2,13.1,11
2026-06-16T05:34:16Z,0,0,0,1.2,0,0,16.7,855,17.3,16.5,77.4,488,2814,0,0.8,248,1.3,1.3,16.3,13.9,12.1
2026-06-16T05:49:38Z,0,0,0,1.5,0,0,18.1,855.1,18.8,17.6,72.7,543,3398,0,1,248,2,2,17.5,14.4,13.2
2026-06-16T06:04:46Z,0,0,0,1.7,0,0,18.2,855.3,19.1,18,72.5,582,3833,0,0,227,0.4,0.4,17.9,14.7,13.6
2026-06-16T06:19:53Z,0,0,0,1.9,0,0,18.8,855.3,19.3,18.6,69,608,4127,0,1.4,243,2,2,18.4,14.8,14.1
2026-06-16T06:35:01Z,0,0,0,2.1,0,0,20.2,855.4,20.4,20,65.4,656,4595,0,0,237,0,0,19.9,15.7,15.4
2026-06-16T06:50:09Z,0,0,0,2.4,0,0,20.2,855.4,20.6,20.3,61.5,699,5055,0,0.2,235,0.4,0.4,20.1,15.5,15.7
2026-06-16T07:05:17Z,0,0,0,2.5,0,0,20.2,855.4,20.6,20.2,62.6,717,5282,0,0.4,231,1.7,1.7,20,15.5,15.6
2026-06-16T07:20:43Z,0,0,0,2.7,0,0,21.2,855.3,21.6,21.3,58.1,760,5714,0,0.6,231,1.5,1.5,21.2,15.9,16.6
2026-06-16T07:35:50Z,0,0,0,2.9,0,0,21.7,855.2,22.3,21.7,54.1,797,6071,0,1.6,232,2,2,21.5,15.7,16.9
2026-06-16T07:50:58Z,0,0,0,3.1,0,0,23.4,855.1,23.4,23,51,834,6466,0,0.3,274,1.3,1.3,22.8,16.4,18
2026-06-16T08:06:05Z,0,0,0,0.8,0,0,22.7,855,23.6,23,49,397,1578,0,0.3,136,1.1,1.1,22.8,16.1,18
2026-06-16T08:21:13Z,0,0,0,0.7,0,0,21.8,855,22.4,22.2,50.6,385,1468,0,0.4,136,1.1,1.1,22,15.7,17.3
2026-06-16T08:36:20Z,0,0,0,3.7,0,0,22.6,854.8,23.5,22.7,49.3,941,7658,0,1.3,235,2,2,22.5,15.9,17.7
2026-06-16T08:51:52Z,0,0,0,3.7,0,0,22.9,854.8,23.7,23.5,46.7,948,7705,0,0.9,159,2.6,2.6,23.3,16.2,18.4
2026-06-16T09:07:00Z,0,0,0,1,0,0,24,854.5,24.7,24.5,46,447,2142,0,0.2,212,0.7,0.7,24.3,16.9,19.2
2026-06-16T09:22:07Z,0,0,0,3.7,0,0,23.7,854.4,24.3,24.3,46,946,7653,0,0.7,147,2,2,24.1,16.8,19.1
2026-06-16T09:37:15Z,0,0,0,4,0,0,24.5,854.1,24.9,25,45.2,1007,8356,0,0.2,166,1.1,1.1,24.8,17.2,19.6
2026-06-16T09:52:23Z,0,0,0,3.8,0,0,24.8,854,25.1,25.4,46.4,972,7911,0,0.4,117,1.3,1.3,25.3,17.8,20
2026-06-16T10:07:49Z,0,0,0,3.7,0,0,25.8,853.7,26.6,26.4,44.1,949,7709,0,0.6,117,1.7,1.7,26.3,18.2,20.8
2026-06-16T10:22:57Z,0,0,0,3.7,0,0,25.9,853.5,25.9,26.6,40.5,940,7608,0,1.3,66,2,2,26.5,17.8,20.9
2026-06-16T10:38:04Z,0,0,0,3.5,0,0,26.6,853.2,27.2,27.6,40,919,7407,0,0.4,124,1.6,1.6,27.3,18.5,21.5
2026-06-16T10:53:08Z,0,0,0,3.5,0,0,25.9,853.1,26.4,26.1,42.4,919,7398,0,0.3,194,1.5,1.5,26,17.7,20.5
2026-06-16T11:08:16Z,0,0,0,1,0,0,25.2,853,25.6,25.8,42,450,2280,0,0,197,0,0,25.7,17.4,20.3
2026-06-16T11:23:24Z,0,0,0,0.7,0,0,24.9,852.9,25.3,25.7,42.9,392,1605,0,0,127,0.2,0.2,25.6,17.4,20.2
2026-06-16T11:38:32Z,0,0,0,3.2,0,0,24.9,852.8,25.3,25.5,44.7,844,6630,0,0.5,129,2,2,25.4,17.5,20
2026-06-16T11:53:53Z,0,0,0,3,0,0,27.1,852.5,27.2,27.2,42,805,6187,0,0,121,0.2,0.2,27.1,18.5,21.4
2026-06-16T12:08:59Z,0,0,0,2.6,0,0,26.2,852.4,27.1,27,41.2,748,5613,0,0.5,191,2.2,2.2,27,18.3,21.3
2026-06-16T12:24:06Z,0,0,0,2.2,0,0,26.4,852.3,26.9,27.4,39.9,667,4679,0,0.1,82,1.1,1.1,27.2,18.3,21.4
2026-06-16T12:40:02Z,0,0,0,2,0,0,25.5,852.2,26.4,25.8,44.2,635,4318,0,0.7,251,1.3,1.3,25.7,17.7,20.3
2026-06-16T12:55:09Z,0,0,0,2,0,0,26.3,852,26.9,27.3,42.3,624,4220,0,0.3,122,1.1,1.1,27.2,18.7,21.5
2026-06-16T13:10:16Z,0,0,0,1.6,0,0,26.5,851.8,27.6,27.8,39.6,558,3490,0,0.1,127,0.7,0.7,27.5,18.6,21.6
2026-06-16T13:25:23Z,0,0,0,1.6,0,0,25.8,851.8,27,27.1,41.3,551,3546,0,0.2,127,0.7,0.7,27,18.3,21.3
2026-06-16T13:40:30Z,0,0,0,0.4,0,0,24.9,851.9,25.7,25.5,44.1,335,1096,0,0,180,0,0,25.4,17.5,20.1
2026-06-16T13:56:06Z,0,0,0,0.3,0,0,24.1,852,24.4,24.5,44.4,314,808,0,0.7,181,2,2,24.3,16.7,19.2
2026-06-16T14:11:13Z,0,0,0,0.2,0,0,24,852,24.2,24.5,45.5,295,571,0,0.2,141,1.3,1.3,24.3,16.8,19.2
2026-06-16T14:26:21Z,0,0,0,0.2,0,0,23.5,852.1,23.8,24,47.8,290,522,0,0,143,0.2,0.2,23.8,16.8,18.8
2026-06-16T14:42:07Z,0,0,0,0.2,0,0,23.3,852.2,23.5,23.7,49,297,586,0,0,143,0.2,0.2,23.5,16.7,18.6
2026-06-16T14:57:14Z,0,0,0,0.2,0,0,22.9,852.4,23,23.3,50.1,288,524,0,0,142,0.4,0.4,23.1,16.6,18.3
2026-06-16T15:13:10Z,0,0,0,0.1,0,0,22.4,852.4,22.6,22.8,50.4,274,364,0,0.6,120,2.6,2.6,22.6,16.2,17.8
2026-06-16T15:28:53Z,0,0,0,0.1,0,0,21.9,852.4,22.1,22.3,52.4,266,294,0,0,114,0,0,22.1,16,17.4
2026-06-16T15:44:17Z,0,0,0,0,0,0,21.3,852.6,21.5,21.6,54.2,262,266,0,0,114,0,0,21.5,15.7,16.8
2026-06-16T15:59:24Z,0,0,0,0,0,0,20.9,852.8,21.1,21.2,56,261,252,0,0,114,0,0,21,15.6,16.5
2026-06-16T16:14:31Z,0,0,0,0,0,0,20.8,853.2,20.9,21.2,60.5,262,253,0,0.3,195,0.9,0.9,21,16.1,16.5
2026-06-16T16:29:38Z,0,0,0,0,0,0,20.4,853.4,20.5,20.7,63.2,260,254,0,0.3,195,1.1,1.1,20.6,16,16.1
2026-06-16T16:44:46Z,0,0,0,0,0,0,20.1,853.5,20.3,20.5,65.1,260,254,0,0.1,209,0.4,0.4,20.4,16.1,15.9
2026-06-16T16:59:54Z,0,0,0,0,0,0,19.9,853.7,20.1,20.3,66.3,260,253,0,0,193,0.4,0.4,20.2,16.1,15.7
2026-06-16T17:15:20Z,0,0,0,0,0,0,19.9,853.9,20,20.2,66.1,259,253,0,0.3,179,1.7,1.7,20.1,16,15.7
2026-06-16T17:30:28Z,0,0,0,0,0,0,19.6,854.1,19.7,19.9,66.7,261,253,0,0,146,0.2,0.2,19.8,15.8,15.4
2026-06-16T17:45:36Z,0,0,0,0,0,0,19.3,854.3,19.4,19.7,67.7,260,254,0,0.1,144,0.7,0.7,19.6,15.7,15.2
2026-06-16T18:00:43Z,0,0,0,0,0,0,19.4,854.6,19.5,19.7,67.3,260,251,0,0.9,120,2.4,2.4,19.6,15.7,15.2
2026-06-16T18:15:52Z,0,0,0,0,0,0,19.3,854.8,19.5,19.7,67.7,260,254,0,0,183,0.2,0.2,19.6,15.7,15.2
2026-06-16T18:31:00Z,0,0,0,0,0,0,19,855,19.2,19.4,68.7,260,254,0,0.3,143,0.9,0.9,19.3,15.5,14.9
2026-06-16T18:46:25Z,0,0,0,0,0,0,18.7,855,18.9,19.1,69.9,260,253,0,0,143,0,0,19,15.4,14.6
2026-06-16T19:01:33Z,0,0,0,0,0,0,18.4,855.3,18.5,18.7,72,259,254,0,0,143,0,0,18.6,15.3,14.3
2026-06-16T19:16:40Z,0,0,0,0,0,0,18,855.3,18.1,18.3,72.9,260,254,0,0,143,0,0,18.2,15,13.9
2026-06-16T19:31:48Z,0,0,0,0,0,0,17.9,855.4,18.1,18.2,73.7,261,253,0,0.1,135,0.7,0.7,18.2,15.1,13.9
2026-06-16T19:47:33Z,0,0,0,0,0,0,18.1,855.4,18.2,18.4,71.5,260,254,0,0.7,179,3.3,3.3,18.3,15,14
2026-06-16T20:02:41Z,0,0,0,0,0,0,17.6,855.4,17.8,18,75.5,261,254,0,0.3,196,1.1,1.1,17.9,15.1,13.6
2026-06-16T20:17:48Z,0,0,0,0,0,0,17.3,855.4,17.4,17.6,77.9,260,254,0,0,197,0,0,17.6,15,13.3
2026-06-16T20:32:55Z,0,0,0,0,0,0,17.2,855.4,17.3,17.5,78.3,261,253,0,0,135,0,0,17.4,15,13.2
2026-06-16T20:48:03Z,0,0,0,0,0,0,17.2,855.3,17.4,17.6,79,260,253,0,0,135,0.2,0.2,17.5,15.1,13.3
2026-06-16T21:03:35Z,0,0,0,0,0,0,17.1,855.1,17.3,17.5,80.8,261,252,0,0.6,119,1.7,1.7,17.5,15.2,13.2
2026-06-16T21:18:42Z,0,0,0,0,0,0,16.9,855.1,17.1,17.4,81.8,261,254,0,0.6,125,1.7,1.7,17.4,15.3,13.1
2026-06-16T21:33:49Z,0,0,0,0,0,0,16.7,855,16.9,17.2,82.9,260,252,0,0,120,0.2,0.2,17.1,15.2,12.9
2026-06-16T21:48:56Z,0,0,0,0,0,0,16.6,855,16.8,17,83.4,259,254,0,0.2,120,0.7,0.7,17,15.1,12.8
2026-06-16T22:04:04Z,0,0,0,0,0,0,16.6,854.8,16.8,17,83.8,260,254,0,0,120,0,0,17,15.1,12.7
2026-06-16T22:19:12Z,0,0,0,0,0,0,16.6,854.5,16.8,17,84,260,254,0,0,120,0,0,17,15.1,12.8
2026-06-16T22:34:34Z,0,0,0,0,0,0,16.7,854.4,16.8,17.1,83.4,261,254,0,0.4,93,1.3,1.3,17.1,15.1,12.8
2026-06-16T22:49:42Z,0,0,0,0,0,0,16.6,854.3,16.7,17,83.4,260,254,0,0.1,137,0.7,0.7,16.9,15,12.7
2026-06-16T23:05:42Z,0,0,0,0,0,0,16.5,854.2,16.7,16.9,84,261,254,0,0.1,137,0.7,0.7,16.9,15,12.7
2026-06-16T23:20:49Z,0,0,0,0,0,0,16.4,854.1,16.6,16.8,84.1,260,253,0,0,137,0.4,0.4,16.8,15,12.6
2026-06-16T23:35:57Z,0,0,0,0,0,0,16.4,854.1,16.6,16.9,84.6,260,254,0,0,137,0.4,0.4,16.8,15.1,12.6
2026-06-16T23:51:05Z,0,0,0,0,0,0,16.4,853.8,16.6,16.8,85.1,261,254,0,0,137,0,0,16.8,15,12.5
2026-06-17T00:00:10Z,0,0,0,0,0,0,16.4,853.8,16.6,16.7,85.1,259,254,0,0,137,0,0,16.7,15,12.5
2026-06-17T00:15:36Z,0,0,0,0,0,0,16.3,853.8,16.4,16.7,85.8,261,254,0,0,137,0.2,0.2,16.7,15,12.5
2026-06-17T00:30:45Z,0,0,0,0,0,0,16.3,853.7,16.4,16.7,86.2,261,253,0,0,137,0,0,16.7,15.1,12.5
2026-06-17T00:45:53Z,0,0,0,0,0,0,16.2,853.6,16.4,16.7,86.6,260,252,0,0,137,0,0,16.7,15.1,12.4
2026-06-17T01:01:01Z,0,0,0,0,0,0,16.2,853.6,16.3,16.6,87.2,260,254,0,0,137,0,0,16.6,15.1,12.4
2026-06-17T01:16:09Z,0,0,0,0,0,0,16.1,853.6,16.3,16.5,87.3,260,254,0,0,137,0,0,16.5,15,12.3
2026-06-17T01:31:17Z,0,0,0,0,0,0,16,853.6,16.3,16.4,87.6,259,253,0,0,137,0,0,16.4,14.9,12.2
2026-06-17T01:46:38Z,0,0,0,0,0,0,15.8,853.5,16.1,16.1,88.2,260,254,0,0,137,0,0,16.1,14.8,11.9
2026-06-17T02:01:46Z,0,0,0,0,0,0,15.6,853.6,15.9,16,89.3,261,254,0,0,137,0.2,0.2,16,14.7,11.8
2026-06-17T02:16:54Z,0,0,0,0,0,0,15.6,853.5,15.9,16,89.9,260,254,0,0.1,137,0.4,0.4,16,14.8,11.8
2026-06-17T02:32:01Z,0,0,0,0,0,0,15.3,853.5,15.7,15.7,90.6,260,254,0,0,137,0,0,15.7,14.6,11.5
2026-06-17T02:47:09Z,0,0,0,0,0,0,15,853.9,15.3,15.4,91.3,260,254,0,0,137,0,0,15.4,14.4,11.2
2026-06-17T03:02:16Z,0,0,0,0,0,0,15,853.8,15.3,15.4,92.1,261,254,0,0,137,0,0,15.4,14.5,11.2
2026-06-17T03:17:42Z,0,0,0,0,0,0,15.1,853.8,15.4,15.5,92.1,260,255,0,0,137,0,0,15.5,14.6,11.3
2026-06-17T03:32:49Z,0,0,0,0,0,0,15.2,853.9,15.6,15.6,92.2,261,264,0,0,137,0,0,15.6,14.7,11.4
2026-06-17T03:47:56Z,0,0,0,0.1,0,0,15.3,854,15.7,15.7,91.9,267,306,0,0,137,0,0,15.8,14.8,11.6
2026-06-17T04:03:04Z,0,0,0,0.1,0,0,15.6,854.1,15.9,16,91.3,280,481,0,0,137,0,0,16,15,11.8
2026-06-17T04:18:11Z,0,0,0,0.3,0,0,16.2,854.2,16.4,16.6,88.6,315,921,0,0.4,136,1.1,1.1,16.6,15.3,12.4
2026-06-17T04:33:18Z,0,0,0,0.3,0,0,16.6,854.2,16.8,16.9,87.7,306,658,0,0,137,0,0,16.9,15.4,12.7
2026-06-17T04:48:44Z,0,0,0,0.3,0,0,16.6,854.3,16.8,16.9,86.2,317,853,0,0.1,137,0.9,0.9,16.9,15.3,12.7
2026-06-17T05:03:52Z,0,0,0,0.7,0,0,17,854.4,17.3,17.3,81.6,388,1646,0,0.6,137,1.5,1.5,17.2,15.1,13
2026-06-17T05:19:00Z,0,0,0,0.7,0,0,17.7,854.6,18.2,17.9,79.2,389,1648,0,0.9,137,1.7,1.7,17.8,15.4,13.6
2026-06-17T05:34:13Z,0,0,0,0.9,0,0,17.9,854.8,18.4,18.2,78.2,416,1942,0,0.4,178,0.7,0.7,18.2,15.6,13.9
2026-06-17T05:49:21Z,0,0,0,0.8,0,0,18.2,855,18.7,18.7,76.7,414,1937,0,0.8,174,1.7,1.7,18.7,15.9,14.3
2026-06-17T06:04:47Z,0,0,0,1,0,0,18.3,855.1,18.7,18.6,76,437,2165,0,0.2,192,0.7,0.7,18.6,15.7,14.3
2026-06-17T06:19:55Z,0,0,0,0.6,0,0,17.9,855.2,18.3,18.4,76.6,369,1428,0,0.4,141,1.3,1.3,18.3,15.6,14
2026-06-17T06:35:02Z,0,0,0,0.7,0,0,18,855.2,18.3,18.5,75.4,388,1618,0,1.1,169,3.3,3.3,18.4,15.5,14.1
2026-06-17T06:50:10Z,0,0,0,0.9,0,0,18.3,855.2,18.6,18.7,75.4,423,2022,0,0.4,176,1.1,1.1,18.7,15.7,14.3
2026-06-17T07:05:17Z,0,0,0,1,0,0,18.7,855.2,19,19.2,73.5,440,2198,0,0,125,0.2,0.2,19.1,15.9,14.8
2026-06-17T07:20:24Z,0,0,0,1.1,0,0,18.8,855.3,19.2,19.4,72.5,462,2441,0,0,169,0,0,19.4,16.1,15
2026-06-17T07:35:51Z,0,0,0,1,0,0,19.4,855.2,19.8,20,70.9,451,2338,0,0,169,0.2,0.2,20,16.4,15.5
2026-06-17T07:50:58Z,0,0,0,2.4,0,0,19.7,855.1,20.1,20.3,68.4,709,5077,0,0.2,169,0.9,0.9,20.2,16.3,15.7
2026-06-17T08:05:58Z,0,0,0,1.2,0,0,20.3,855,20.6,20.8,64.4,481,2642,0,1.1,121,1.7,1.7,20.8,16.3,16.2
2026-06-17T08:21:06Z,0,0,0,0.8,0,0,19.9,854.9,20.2,20.4,67.1,401,1779,0,0,177,0.2,0.2,20.3,16.3,15.8
2026-06-17T08:36:13Z,0,0,0,0.4,0,0,19.3,854.9,19.8,19.9,69.7,337,1111,0,0.2,160,0.7,0.7,19.8,16.2,15.4
2026-06-17T08:52:02Z,0,0,0,0.4,0,0,19,854.7,19.4,19.4,70.2,341,1158,0,0.1,211,0.4,0.4,19.4,15.8,15
2026-06-17T09:07:57Z,0,0,0,0.8,0,0,19.5,854.5,19.8,20,69.3,402,1782,0,0.2,211,0.7,0.7,19.9,16.1,15.5
2026-06-17T09:23:04Z,0,0,0,0.9,0,0,20.2,854.4,20.2,20.5,67.6,419,1974,0,0,210,0,0,20.5,16.5,16
2026-06-17T09:38:11Z,0,0,0,1.4,0,0,20.2,854.2,20.5,20.5,65.7,507,2923,0,1.1,182,2.4,2.4,20.4,16.2,16
2026-06-17T09:53:18Z,0,0,0,1.2,0,0,20.9,854.2,21,21.5,63,476,2587,0,0.5,115,1.3,1.3,21.4,16.7,16.8
2026-06-17T10:08:26Z,0,0,0,1.4,0,0,21.1,853.9,21.5,21.4,63,519,3061,0,0.5,115,0.9,0.9,21.3,16.7,16.7
2026-06-17T10:23:33Z,0,0,0,1.7,0,0,21.2,853.7,21.9,21.8,60.3,575,3661,0,0.1,115,0.4,0.4,21.7,16.6,17
2026-06-17T10:38:57Z,0,0,0,1.7,0,0,21.1,853.4,21.7,21.5,60.3,565,3559,0,0.9,152,2,2,21.4,16.4,16.8
2026-06-17T10:54:04Z,0,0,0,2.1,0,0,22.4,853.1,22.9,22.7,59.6,641,4328,0,0.5,130,1.3,1.3,22.6,17.4,17.8
2026-06-17T11:09:11Z,0,0,0,1.7,0,0,22.6,853.1,23.1,22.8,56,572,3603,0,0.5,132,1.1,1.1,22.7,17,17.9
2026-06-17T11:24:19Z,0,0,0,1.4,0,0,23,852.9,23.5,23.7,56.6,509,2948,0,0.2,114,0.9,0.9,23.6,17.8,18.6
2026-06-17T11:39:25Z,0,0,0,1.6,0,0,22.3,852.8,22.9,23,57.3,553,3373,0,0.2,118,0.9,0.9,22.9,17.3,18
2026-06-17T11:54:33Z,0,0,0,1.3,0,0,22.7,852.5,23.3,23.3,56.1,497,2632,0,0.6,198,1.7,1.7,23.2,17.4,18.3
2026-06-17T12:10:01Z,0,0,0,1.4,0,0,22.4,852.4,22.9,23.1,56.5,526,3127,0,0.3,114,1.1,1.1,23,17.3,18.2
2026-06-17T12:25:08Z,0,0,0,1.4,0,0,23,852.2,23.5,23.7,55,518,3025,0,0.4,134,2,2,23.6,17.6,18.6
2026-06-17T12:40:14Z,0,0,0,2.2,0,0,23.3,852.2,24,23.9,53.7,669,4727,0,0.9,160,2,2,23.9,17.6,18.9
2026-06-17T12:55:21Z,0,0,0,1.9,0,0,23.4,851.9,24.4,24.3,52.5,609,4061,0,0.5,189,1.3,1.3,24.2,17.7,19.1
2026-06-17T13:10:28Z,0,0,0,0.7,0,0,23.3,851.9,24.2,24.3,52.4,381,1440,0,0.3,154,1.3,1.3,24.2,17.7,19.1
2026-06-17T13:25:35Z,0,0,0,0.5,0,0,22.1,851.9,22.6,22.7,54.7,347,1060,0,0.6,174,1.7,1.7,22.6,16.7,17.8
2026-06-17T13:41:03Z,0,0,0,1.2,0,0,22.5,851.8,23.1,23.2,53.1,485,2781,0,1.3,173,2.8,2.8,23,16.9,18.2
2026-06-17T13:56:10Z,0,0,0,0.5,0,0,22.3,851.9,22.8,23,52.8,348,1136,0,0.8,145,2,2,22.9,16.7,18
2026-06-17T14:11:17Z,0,0,0,0.4,0,0,22,852,22.4,22.5,55.4,334,1041,0,0,201,0,0,22.4,16.6,17.6
2026-06-17T14:26:46Z,0,0,0,0.3,0,0,21.8,852,22,22.2,56.4,305,729,0,0.3,130,1.1,1.1,22,16.5,17.3
2026-06-17T14:42:18Z,0,0,0,0.3,0,0,21.6,852,21.8,22,56.3,307,754,0,0.4,141,1.5,1.5,21.9,16.3,17.2
2026-06-17T14:58:17Z,0,0,0,0.1,0,0,21.4,852.1,21.6,21.8,57.7,283,507,0,0.1,113,0.7,0.7,21.7,16.3,17
2026-06-17T15:13:25Z,0,0,0,0.1,0,0,21.2,852.2,21.4,21.6,59.2,276,438,0,0,117,0.2,0.2,21.5,16.3,16.8
2026-06-17T15:28:32Z,0,0,0,0,0,0,20.8,852.5,21,21.2,60.6,264,297,0,0,117,0,0,21.1,16.2,16.5
2026-06-17T15:43:39Z,0,0,0,0,0,0,20.7,852.4,20.8,21,60.6,262,278,0,0.7,186,1.7,1.7,20.9,16,16.4
2026-06-17T15:58:46Z,0,0,0,0,0,0,20.3,852.5,20.4,20.7,61.7,259,253,0,0.6,188,2.4,2.4,20.5,15.8,16
2026-06-17T16:14:20Z,0,0,0,0,0,0,20,852.6,20.1,20.4,64,259,253,0,0,187,0,0,20.3,15.9,15.8
2026-06-17T16:29:27Z,0,0,0,0,0,0,19.9,852.7,20.1,20.2,64.9,261,253,0,0,183,0,0,20.1,15.8,15.7
2026-06-17T16:44:34Z,0,0,0,0,0,0,19.7,852.8,19.8,20,65.7,260,253,0,0,183,0,0,19.9,15.8,15.5
2026-06-17T16:59:42Z,0,0,0,0,0,0,19.5,853,19.6,19.8,66.5,261,254,0,0,183,0,0,19.7,15.7,15.3
2026-06-17T17:14:49Z,0,0,0,0,0,0,19.4,853.1,19.5,19.7,67.2,261,253,0,0,183,0,0,19.6,15.7,15.2
2026-06-17T17:30:17Z,0,0,0,0,0,0,19.2,853.3,19.3,19.5,67.7,259,253,0,0,183,0,0,19.4,15.6,15
2026-06-17T17:45:26Z,0,0,0,0,0,0,19.1,853.5,19.3,19.5,68.2,260,255,0,0,183,0,0,19.4,15.6,15
2026-06-17T18:00:33Z,0,0,0,0,0,0,19.1,853.6,19.2,19.4,68.9,259,253,0,0,183,0,0,19.3,15.6,15
2026-06-17T18:16:25Z,0,0,0,0,0,0,18.7,853.5,18.8,19,69.8,260,254,0,0.2,184,0.4,0.4,18.9,15.4,14.6
2026-06-17T18:31:33Z,0,0,0,0,0,0,18.2,853.7,18.2,18.3,73.4,259,253,0,0,183,0,0,18.2,15.1,13.9
2026-06-17T18:46:40Z,0,0,0,0,0,0,17.7,853.7,17.8,18,74.7,261,254,0,0,183,0,0,17.9,15,13.6
2026-06-17T19:01:48Z,0,0,0,0,0,0,17.5,853.7,17.6,17.8,76.9,261,253,0,0,183,0,0,17.7,15,13.5
2026-06-17T19:16:55Z,0,0,0,0,0,0,17.3,853.6,17.6,17.7,76.7,261,253,0,0,183,0,0,17.6,15,13.4
2026-06-17T19:32:21Z,0,0,0,0,0,0,17.3,853.5,17.5,17.7,75.9,260,254,0,0,183,0,0,17.6,14.9,13.4
2026-06-17T19:47:29Z,0,0,0,0,0,0,17,853.3,17.2,17.4,77.7,260,254,0,0,183,0,0,17.3,14.7,13.1
2026-06-17T20:02:37Z,0,0,0,0,0,0,16.6,853.3,16.8,17,78.2,258,252,0,0,183,0,0,16.9,14.4,12.7
2026-06-17T20:17:44Z,0,0,0,0,0,0,16.4,853.5,16.6,16.8,79.1,260,253,0,0.2,184,0.7,0.7,16.7,14.4,12.5
2026-06-17T20:32:52Z,0,0,0,0,0,0,16.9,853.4,17,17.2,77.8,259,253,0,0,183,0,0,17.1,14.5,12.8
2026-06-17T20:47:59Z,0,0,0,0,0,0,16.6,853.3,16.7,16.9,79.2,261,253,0,0.1,184,1.1,1.1,16.8,14.5,12.6
2026-06-17T21:03:26Z,0,0,0,0,0,0,16.3,853.3,16.5,16.7,81,261,254,0,0,139,0,0,16.7,14.5,12.4
2026-06-17T21:18:34Z,0,0,0,0,0,0,16.2,853.3,16.4,16.6,84.3,260,253,0,0,111,0.2,0.2,16.5,14.7,12.3
2026-06-17T21:33:42Z,0,0,0,0,0,0,16.1,853.2,16.3,16.5,86,260,252,0,0.2,111,0.4,0.4,16.5,14.9,12.3
2026-06-17T21:48:50Z,0,0,0,0,0,0,16.2,852.9,16.3,16.6,86.1,261,253,0,0,111,0,0,16.5,14.9,12.3
2026-06-17T22:03:56Z,0,0,0,0,0,0,16.4,852.9,16.5,16.7,86.2,259,252,0,0.1,111,0.7,0.7,16.7,15.1,12.5
2026-06-17T22:19:04Z,0,0,0,0,0,0,16.4,852.8,16.6,16.8,86.1,260,253,0,0,197,0,0,16.7,15.1,12.5
2026-06-17T22:34:29Z,0,0,0,0,0,0,16.3,852.7,16.5,16.7,86.8,260,252,0,0.2,94,0.7,0.7,16.7,15.2,12.5
2026-06-17T22:49:37Z,0,0,0,0,0,0,16.2,852.4,16.3,16.6,87.4,262,253,0,0,94,0,0,16.6,15.1,12.4
2026-06-17T23:04:44Z,0,0,0,0,0,0,16.1,852.3,16.3,16.4,88.3,260,253,0,0,94,0,0,16.4,15,12.2
2026-06-17T23:19:52Z,0,0,0,0,0,0,16.1,852.3,16.3,16.4,89.3,261,254,0,0,94,0,0,16.4,15.2,12.2
2026-06-17T23:35:37Z,0,0,0,0,0,0,16.2,852.5,16.3,16.6,89.6,260,253,0,0,111,0,0,16.6,15.3,12.4
2026-06-17T23:50:45Z,0,0,0,0,0,0,16.2,852.4,16.3,16.6,89.8,260,253,0,0,111,0,0,16.6,15.4,12.4
2026-06-18T00:00:49Z,0,0,0,0,0,0,16.1,852.5,16.2,16.5,88.5,262,254,0,0.3,76,0.9,0.9,16.5,15.2,12.3
2026-06-18T00:15:57Z,0,0,0,0,0,0,15.9,852.5,16.2,16.4,89,260,252,0,0.5,95,1.1,1.1,16.4,15.1,12.2
2026-06-18T00:31:05Z,0,0,0,0,0,0,15.9,852.4,16.2,16.3,89.8,259,254,0,0,98,0,0,16.4,15.1,12.1
2026-06-18T00:46:34Z,0,0,0,0,0,0,15.9,852,16.2,16.3,90.9,259,254,0,0,98,0,0,16.3,15.2,12.1
2026-06-18T01:01:41Z,0,0,0,0,0,0,15.5,851.7,15.8,15.8,92.9,259,253,0,0,98,0.4,0.4,15.8,15,11.6
2026-06-18T01:16:48Z,0,0,0,0,0,0,15.5,851.9,15.7,15.8,93.7,259,254,0,0,98,0,0,15.9,15.1,11.7
2026-06-18T01:31:55Z,0,0,0,0,0,0,15.4,852,15.6,15.7,93.8,259,254,0,0,98,0,0,15.8,15,11.6
2026-06-18T01:47:02Z,0,0,0,0,0,0,15.4,852.2,15.7,15.8,93.9,260,253,0,0,98,0,0,15.8,15.1,11.6
2026-06-18T02:02:10Z,0,0,0,0,0,0,15.4,852.1,15.8,15.8,93.9,260,253,0,0,98,0,0,15.9,15.1,11.7
2026-06-18T02:17:34Z,0,0,0,0,0,0,15.5,852.3,15.8,15.8,93.9,259,255,0,0,98,0,0,15.9,15.1,11.7
2026-06-18T02:32:41Z,0,0,0,0,0,0,15.3,852.3,15.6,15.7,93.8,261,253,0,0,98,0,0,15.7,15,11.6
2026-06-18T02:47:49Z,0,0,0,0,0,0,15.3,852.4,15.6,15.7,94.1,260,252,0,0,98,0,0,15.8,15,11.6
2026-06-18T03:02:56Z,0,0,0,0,0,0,15.4,852.6,15.7,15.8,94.4,260,253,0,0,98,0,0,15.8,15.1,11.6
2026-06-18T03:18:04Z,0,0,0,0,0,0,15.4,852.7,15.8,15.8,94.2,259,254,0,0,98,0,0,15.8,15.1,11.6
2026-06-18T03:33:43Z,0,0,0,0,0,0,15.5,852.7,15.8,15.9,94.2,262,266,0,0,98,0,0,15.9,15.2,11.7
2026-06-18T03:48:43Z,0,0,0,0,0,0,15.5,852.8,15.9,15.9,93.9,264,299,0,0,98,0,0,16,15.2,11.8
2026-06-18T04:03:50Z,0,0,0,0.1,0,0,15.7,852.9,16,16.1,93.6,272,374,0,0,98,0,0,16.2,15.4,12
2026-06-18T04:18:57Z,0,0,0,0.1,0,0,15.8,853.1,16.1,16.2,92.9,275,418,0,0.1,98,0.6,0.6,16.3,15.4,12.1
2026-06-18T04:34:47Z,0,0,0,0.1,0,0,15.9,853.2,16.2,16.3,91.7,283,497,0,0.4,107,1.1,1.1,16.3,15.3,12.1
2026-06-18T04:49:54Z,0,0,0,0.2,0,0,16,853.3,16.3,16.4,91.3,294,623,0,0,107,0,0,16.5,15.4,12.3
2026-06-18T05:05:01Z,0,0,0,0.2,0,0,16.3,853.5,16.5,16.7,90.9,299,681,0,0,107,0.4,0.4,16.7,15.6,12.5
2026-06-18T05:20:08Z,0,0,0,0.3,0,0,16.3,853.4,16.5,16.7,90,320,901,0,0.1,107,0.7,0.7,16.8,15.5,12.5
2026-06-18T05:35:35Z,0,0,0,0.5,0,0,16.5,853.4,16.8,16.9,89.2,346,1200,0,0.4,108,1.1,1.1,17,15.7,12.7
2026-06-18T05:50:41Z,0,0,0,0.5,0,0,17.1,853.5,17.3,17.5,87.5,357,1320,0,0.2,111,0.9,0.9,17.5,16,13.3
2026-06-18T06:05:56Z,0,0,0,1,0,0,17.1,853.5,17.4,17.6,86.4,437,2186,0,0.2,114,1.1,1.1,17.6,16,13.3
2026-06-18T06:21:03Z,0,0,0,1,0,0,17.7,853.5,17.9,17.9,84.8,440,2216,0,0.2,114,0.8,0.8,18,16.1,13.7
2026-06-18T06:36:10Z,0,0,0,1.4,0,0,18.4,853.6,18.8,18.5,80.7,525,3081,0,0.5,114,1.1,1.1,18.5,16.2,14.2
2026-06-18T06:51:17Z,0,0,0,0.8,0,0,18.6,853.4,19.1,19,78.8,398,1618,0,0.3,195,1,1,19,16.4,14.6
2026-06-18T07:06:40Z,0,0,0,0.9,0,0,18.8,853.4,19.1,19,77.4,432,2069,0,0.8,228,1.7,1.7,19,16.3,14.7
2026-06-18T07:21:47Z,0,0,0,3.2,0,0,19.4,853.2,19.8,19.4,75.7,847,6891,0,1.1,259,1.7,1.7,19.4,16.5,15
2026-06-18T07:36:53Z,0,0,0,0.9,0,0,20.8,853.1,21.2,20.6,72.8,433,2126,0,0.2,29,0.9,0.9,20.6,17.2,16.1
2026-06-18T07:52:01Z,0,0,0,0.9,0,0,20.1,853.2,20.4,20,73.7,429,2109,0,0,225,0,0,20,16.8,15.6
2026-06-18T08:07:08Z,0,0,0,1,0,0,19.9,853,20.2,20,73.9,449,2266,0,0.2,247,0.7,0.7,20,16.8,15.6
2026-06-18T08:22:15Z,0,0,0,0.7,0,0,20.1,852.9,20.4,20.4,71.4,394,1731,0,0,196,0,0,20.4,16.8,15.9
2026-06-18T08:37:22Z,0,0,0,3.5,0,0,21.3,852.6,21.9,21.7,67.4,919,7671,0,0.2,204,0.9,0.9,21.7,17.5,17
2026-06-18T08:52:49Z,0,0,0,3.6,0,0,21.9,852.3,22.8,22.2,64.9,929,7515,0,0.2,176,0.7,0.7,22.2,17.7,17.5
2026-06-18T09:07:56Z,0,0,0,1.9,0,0,23.6,852,24.4,24.1,58.3,609,3787,0,0.1,124,0.7,0.7,24.1,18.5,19
2026-06-18T09:23:04Z,0,0,0,3.7,0,0,23.5,851.7,24.2,24.1,55.6,942,7773,0,0.8,165,2.6,2.6,24,18,19
2026-06-18T09:38:11Z,0,0,0,3.9,0,0,22.6,851.4,23,23.2,59,979,8199,0,0.3,110,0.9,0.9,23.2,17.8,18.3
2026-06-18T09:53:19Z,0,0,0,3.8,0,0,24.5,851.2,25.1,25.2,53,959,8014,0,0.5,110,0.9,0.9,25.2,18.7,19.9
2026-06-18T10:08:26Z,0,0,0,0.9,0,0,23,851.1,23.6,23.5,56.8,430,2025,0,0.1,21,0.4,0.4,23.4,17.7,18.5
2026-06-18T10:23:48Z,0,0,0,1.7,0,0,23.2,851,23.2,23.7,56.9,568,3366,0,0.7,21,1.3,1.3,23.6,17.9,18.7
2026-06-18T10:38:55Z,0,0,0,3.5,0,0,23.9,850.8,24.4,24.5,55.3,908,7338,0,0.1,21,1.1,1.1,24.5,18.4,19.4
2026-06-18T10:54:02Z,0,0,0,3.6,0,0,25.6,850.6,25.7,26.5,49.5,927,7557,0,0.6,31,1.5,1.5,26.5,19.2,20.9
2026-06-18T11:09:09Z,0,0,0,1,0,0,23.9,850.4,24.6,24.8,53.1,445,2221,0,1.1,190,2.7,2.7,24.7,18.3,19.5
2026-06-18T11:24:16Z,0,0,0,0.9,0,0,23.4,850.2,24.1,24.1,54.9,424,1863,0,1.2,169,2.2,2.2,24.1,18,19
2026-06-18T11:39:55Z,0,0,0,0.9,0,0,23.2,849.9,23.6,23.7,56.6,425,1938,0,0.2,168,0.9,0.9,23.7,17.8,18.7
2026-06-18T11:54:56Z,0,0,0,0.8,0,0,23.1,849.8,23.5,23.6,56.6,400,1693,0,0.3,112,0.9,0.9,23.5,17.8,18.6
2026-06-18T12:10:03Z,0,0,0,2.8,0,0,24.7,849.6,24.8,25.4,51.7,774,5875,0,1.8,82,3.7,3.7,25.4,18.6,20.1
2026-06-18T12:25:59Z,0,0,0,0.8,0,0,24.4,849.4,24.6,25.3,52.2,401,1579,0,0.2,92,0.7,0.7,25.2,18.6,19.9
2026-06-18T12:41:06Z,0,0,0,1.9,0,0,24.5,849.3,24.8,25.5,51.3,611,4032,0,0.4,22,1.1,1.1,25.5,18.6,20.1
2026-06-18T12:56:13Z,0,0,0,1.7,0,0,24.2,849.1,24.7,25.3,50.7,569,3588,0,0.9,115,1.7,1.7,25.3,18.4,20
2026-06-18T13:11:20Z,0,0,0,1.5,0,0,24.5,849.1,25,25.7,50,532,3180,0,0.9,93,2.1,2.1,25.7,18.6,20.3
2026-06-18T13:27:05Z,0,0,0,1.3,0,0,25.1,848.9,25.6,26.4,48.5,493,2775,0,0.8,34,2.3,2.3,26.3,18.9,20.8
2026-06-18T13:42:29Z,0,0,0,1.1,0,0,25.4,849.1,26.1,27,46,456,2391,0,0.1,68,0.9,0.9,27.2,19.1,21.4
2026-06-18T13:57:37Z,0,0,0,0.3,0,0,24.7,849.1,24.9,26.1,48.2,320,816,0,0,29,0.2,0.2,26.1,18.7,20.6
2026-06-18T14:12:45Z,0,0,0,0.4,0,0,23.6,849.4,23.8,24.4,52.9,340,1143,0,0.1,29,0.4,0.4,24.3,17.9,19.2
2026-06-18T14:27:53Z,0,0,0,0.5,0,0,23.7,849.3,23.9,24.4,53.5,343,1143,0,0.1,28,0.7,0.7,24.4,18,19.3
2026-06-18T14:43:01Z,0,0,0,0.2,0,0,22.9,849.5,23,23.4,54.9,290,531,0,1.4,76,2,2,23.3,17.3,18.4
2026-06-18T14:58:08Z,0,0,0,0.1,0,0,22.4,849.6,22.6,22.8,57.1,278,400,0,0.2,31,0.7,0.7,22.7,17.1,17.9
2026-06-18T15:13:38Z,0,0,0,0.1,0,0,22,849.7,22.1,22.4,58,274,396,0,0.1,108,0.4,0.4,22.3,16.9,17.5
2026-06-18T15:28:45Z,0,0,0,0,0,0,21.7,849.6,21.8,22,59.4,265,285,0,0,110,0.2,0.2,21.9,16.7,17.2
2026-06-18T15:44:41Z,0,0,0,0,0,0,21.1,849.8,21.2,21.5,61.1,260,256,0,0,100,0,0,21.4,16.5,16.8
2026-06-18T15:59:48Z,0,0,0,0,0,0,21.1,849.8,21.2,21.3,61.4,260,253,0,0.3,116,1.3,1.3,21.2,16.4,16.6
2026-06-18T16:15:42Z,0,0,0,0,0,0,21.1,849.9,21.2,21.4,61.9,260,253,0,0.2,116,1.1,1.1,21.3,16.5,16.7
2026-06-18T16:31:41Z,0,0,0,0,0,0,21,850,21.1,21.3,62,260,254,0,0.1,116,0.4,0.4,21.2,16.5,16.7
2026-06-18T16:46:49Z,0,0,0,0,0,0,20.9,850.1,21,21.2,62.5,261,253,0,0,116,0.4,0.4,21.1,16.4,16.5
2026-06-18T17:01:56Z,0,0,0,0,0,0,20.7,850,20.8,21,63.3,260,254,0,0.2,118,0.7,0.7,20.9,16.4,16.4
2026-06-18T17:17:03Z,0,0,0,0,0,0,20.4,850.2,20.5,20.7,65.5,259,253,0,0.3,177,1.1,1.1,20.6,16.4,16.1
2026-06-18T17:32:10Z,0,0,0,0,0,0,20,850.4,20.2,20.4,66.8,261,253,0,0,188,0.2,0.2,20.3,16.2,15.8
2026-06-18T17:47:17Z,0,0,0,0,0,0,19.6,850.4,19.8,20,68.3,261,253,0,0,182,0,0,19.9,16.1,15.5
2026-06-18T18:02:39Z,0,0,0,0,0,0,19.1,850.6,19.3,19.5,70,260,254,0,0,183,0,0,19.5,15.9,15.1
2026-06-18T18:17:46Z,0,0,0,0,0,0,18.5,850.6,18.6,18.9,72.4,260,253,0,0,184,0.4,0.4,18.8,15.6,14.5
2026-06-18T18:32:54Z,0,0,0,0,0,0,18.1,850.8,18.2,18.5,74.3,261,253,0,0,183,0,0,18.4,15.4,14.1
2026-06-18T18:48:00Z,0,0,0,0,0,0,18.1,851,18.3,18.4,75.2,261,254,0,0,183,0,0,18.4,15.4,14.1
2026-06-18T19:03:08Z,0,0,0,0,0,0,18.2,851.1,18.4,18.6,75.3,261,254,0,0.2,53,0.7,0.7,18.5,15.6,14.2
2026-06-18T19:18:48Z,0,0,0,0,0,0,18.2,851,18.4,18.6,75.1,260,254,0,0,52,0,0,18.5,15.6,14.2
2026-06-18T19:33:55Z,0,0,0,0,0,0,18.5,851.1,18.7,18.8,73.7,260,253,0,0.5,114,1.3,1.3,18.8,15.6,14.4
2026-06-18T19:49:03Z,0,0,0,0,0,0,18.5,851.1,18.7,18.9,73.4,259,253,0,0.3,116,1.1,1.1,18.8,15.7,14.5
2026-06-18T20:04:10Z,0,0,0,0,0,0,18.3,851.1,18.6,18.7,74.4,258,253,0,0.7,114,1.3,1.3,18.7,15.6,14.4
2026-06-18T20:19:17Z,0,0,0,0,0,0,18.1,851.3,18.2,18.5,75.9,260,254,0,0.5,121,1.5,1.5,18.4,15.6,14.1
2026-06-18T20:34:44Z,0,0,0,0,0,0,17.8,851.2,18.1,18.2,77.4,260,254,0,0.6,121,1.5,1.5,18.2,15.5,13.9
2026-06-18T20:49:52Z,0,0,0,0,0,0,17.7,851.3,17.8,18,79,261,254,0,0,109,0.2,0.2,18,15.5,13.7
2026-06-18T21:04:59Z,0,0,0,0,0,0,17.5,851.3,17.6,17.9,80.1,260,254,0,0.3,110,1.1,1.1,17.8,15.5,13.5
2026-06-18T21:20:06Z,0,0,0,0,0,0,17.4,851.1,17.6,17.8,80.4,261,253,0,0.1,111,0.4,0.4,17.8,15.5,13.5
2026-06-18T21:35:14Z,0,0,0,0,0,0,17.3,850.9,17.4,17.7,80.8,260,253,0,0.3,148,1.1,1.1,17.7,15.5,13.4
2026-06-18T21:51:00Z,0,0,0,0,0,0,17.1,850.9,17.2,17.5,81.6,260,253,0,0,156,0.5,0.5,17.5,15.3,13.2
2026-06-18T22:06:07Z,0,0,0,0,0,0,17.1,850.7,17.2,17.5,81.9,260,254,0,0.2,156,0.7,0.7,17.4,15.3,13.2
2026-06-18T22:21:14Z,0,0,0,0,0,0,17,850.7,17.1,17.4,82.4,260,253,0,0.1,106,0.7,0.7,17.3,15.3,13.1
2026-06-18T22:36:22Z,0,0,0,0,0,0,16.9,850.7,17.1,17.3,83.1,259,253,0,0,99,0.2,0.2,17.3,15.3,13.1
2026-06-18T22:51:43Z,0,0,0,0,0,0,16.8,850.5,16.9,17.2,83.9,260,253,0,0.4,106,1.3,1.3,17.2,15.3,13
2026-06-18T23:06:51Z,0,0,0,0,0,0,16.7,850.3,16.9,17.1,84.2,260,254,0,0.4,113,0.9,0.9,17.1,15.2,12.9
2026-06-18T23:21:59Z,0,0,0,0,0,0,16.6,850.2,16.8,17,84.8,261,253,0,0,113,0.2,0.2,17,15.2,12.8
2026-06-18T23:37:07Z,0,0,0,0,0,0,16.5,850.2,16.7,16.9,85.5,260,253,0,0.1,191,0.6,0.6,16.9,15.2,12.7
2026-06-18T23:52:14Z,0,0,0,0,0,0,16.4,850.3,16.6,16.8,85.6,261,253,0,0.1,191,0.4,0.4,16.8,15.1,12.6
2026-06-19T00:00:18Z,0,0,0,0,0,0,16.4,850.3,16.6,16.8,85.8,259,253,0,0,191,0.2,0.2,16.8,15.1,12.6
2026-06-19T00:15:26Z,0,0,0,0,0,0,16.4,850.1,16.5,16.7,86.2,259,253,0,0,119,0,0,16.7,15.1,12.5
2026-06-19T00:30:51Z,0,0,0,0,0,0,16.2,849.9,16.4,16.7,86.5,260,253,0,0.4,119,1.1,1.1,16.7,15.1,12.4
2026-06-19T00:45:59Z,0,0,0,0,0,0,16.1,849.8,16.2,16.5,87.3,260,253,0,0,119,0.2,0.2,16.5,15.1,12.3
2026-06-19T01:01:07Z,0,0,0,0,0,0,16.1,849.8,16.3,16.5,87.5,262,252,0,0,119,0,0,16.5,15,12.3
2026-06-19T01:16:14Z,0,0,0,0,0,0,16,850,16.2,16.5,87.8,260,254,0,0,119,0.2,0.2,16.4,15,12.2
2026-06-19T01:31:22Z,0,0,0,0,0,0,16.1,850.2,16.2,16.5,88.1,260,253,0,0,119,0,0,16.5,15.1,12.3
2026-06-19T01:46:30Z,0,0,0,0,0,0,16.2,850.2,16.3,16.6,88,261,254,0,0,119,0,0,16.6,15.2,12.4
2026-06-19T02:01:55Z,0,0,0,0,0,0,16.2,850.3,16.4,16.6,88,260,254,0,0,119,0,0,16.6,15.2,12.4
2026-06-19T02:17:03Z,0,0,0,0,0,0,16.2,850.3,16.3,16.6,88.1,261,254,0,0,119,0,0,16.6,15.2,12.4
2026-06-19T02:32:11Z,0,0,0,0,0,0,16.2,850.5,16.4,16.6,88.4,260,254,0,0,119,0,0,16.6,15.3,12.4
2026-06-19T02:48:03Z,0,0,0,0,0,0,16.3,850.6,16.4,16.7,88.5,259,255,0,0,119,0.2,0.2,16.7,15.3,12.5
2026-06-19T03:03:10Z,0,0,0,0,0,0,16.2,850.6,16.4,16.6,88.6,261,254,0,0,119,0.2,0.2,16.7,15.3,12.4
2026-06-19T03:18:18Z,0,0,0,0,0,0,16.2,850.7,16.4,16.6,89.4,260,256,0,0,119,0,0,16.6,15.4,12.4
2026-06-19T03:33:25Z,0,0,0,0,0,0,16,850.8,16.3,16.4,90.1,262,277,0,0,119,0,0,16.4,15.2,12.2
2026-06-19T03:48:33Z,0,0,0,0.1,0,0,16,850.9,16.2,16.3,90.5,272,359,0,0,119,0,0,16.3,15.2,12.1
2026-06-19T04:03:59Z,0,0,0,0.2,0,0,16.1,851.1,16.3,16.4,90.4,286,533,0,0,119,0,0,16.4,15.3,12.2
2026-06-19T04:19:07Z,0,0,0,0.2,0,0,16.3,851,16.5,16.7,89.7,284,518,0,0,119,0.2,0.2,16.7,15.5,12.5
2026-06-19T04:34:15Z,0,0,0,0.2,0,0,16.5,851.2,16.7,16.9,88.9,296,665,0,0,119,0,0,17,15.6,12.7
2026-06-19T04:49:22Z,0,0,0,0.3,0,0,16.9,851.3,17,17.3,87.4,321,950,0,0,119,0,0,17.3,15.8,13.1
2026-06-19T05:04:29Z,0,0,0,0.3,0,0,17.2,851.5,17.4,17.6,86.6,312,840,0,0,119,0,0,17.6,16,13.4
2026-06-19T05:19:37Z,0,0,0,0.4,0,0,17.1,851.6,17.2,17.6,86,332,1049,0,0.1,119,0.7,0.7,17.6,15.9,13.4
2026-06-19T05:35:02Z,0,0,0,0.4,0,0,17.5,851.6,17.8,18,84.1,341,1173,0,0.2,120,0.4,0.4,18,16.1,13.7
2026-06-19T05:50:10Z,0,0,0,0.5,0,0,17.5,851.7,17.8,18,84.5,348,1232,0,0.4,120,1.3,1.3,18.1,16.2,13.8
2026-06-19T06:05:17Z,0,0,0,0.5,0,0,17.6,851.7,17.9,17.9,84.6,345,1169,0,0,183,0,0,17.9,16.1,13.7
2026-06-19T06:20:24Z,0,0,0,0.4,0,0,17.9,851.7,18.2,18.2,84.3,333,1053,0,0,184,0.2,0.2,18.2,16.3,14
2026-06-19T06:35:31Z,0,0,0,0.4,0,0,18,851.7,18.2,18.3,82.3,339,1108,0,0,184,0.4,0.4,18.3,16.2,14
2026-06-19T06:50:59Z,0,0,0,0.6,0,0,18.1,851.8,18.4,18.5,81.4,367,1408,0,0,206,0.2,0.2,18.6,16.3,14.3
2026-06-19T07:06:06Z,0,0,0,1.1,0,0,18.6,851.7,18.9,19.2,77.9,456,2356,0,0.5,159,1.5,1.5,19.2,16.5,14.8
2026-06-19T07:21:13Z,0,0,0,1.3,0,0,19.4,851.6,19.8,19.8,75.4,505,2797,0,0.2,193,1.1,1.1,19.8,16.8,15.4
2026-06-19T07:36:20Z,0,0,0,1.3,0,0,20.7,851.6,21.2,21.1,71.5,492,2737,0,0.1,188,0.3,0.3,21.1,17.5,16.6
2026-06-19T07:51:27Z,0,0,0,1.2,0,0,20.2,851.6,20.7,20.7,72,489,2675,0,0,119,0,0,20.7,17.2,16.2
2026-06-19T08:06:34Z,0,0,0,2.6,0,0,21.5,851.4,22.2,22,67.7,749,5531,0,0,127,0.2,0.2,22,17.8,17.3
2026-06-19T08:21:41Z,0,0,0,1.2,0,0,21.5,851.3,22.2,21.9,66,483,2620,0,1,226,2,2,21.9,17.5,17.2
2026-06-19T08:37:03Z,0,0,0,3.5,0,0,22.3,851,22.9,22.4,63.6,917,7442,0,0.9,215,1.5,1.5,22.3,17.6,17.6
2026-06-19T08:52:09Z,0,0,0,1.2,0,0,21.6,850.7,22.2,22.1,64.1,483,2524,0,0.6,181,2.4,2.4,22.1,17.5,17.4
2026-06-19T09:07:16Z,0,0,0,3.5,0,0,22.8,850.7,23.6,23.4,61.1,912,7606,0,0.1,196,0.7,0.7,23.4,18.2,18.5
2026-06-19T09:23:14Z,0,0,0,3.5,0,0,23.6,850.4,24.3,24.3,57,920,7736,0,0.2,116,1.1,1.1,24.3,18.4,19.2
2026-06-19T09:38:21Z,0,0,0,1.6,0,0,24,850.2,24.5,24.7,54.6,558,3100,0,0.9,106,1.7,1.7,24.7,18.5,19.5
2026-06-19T09:53:28Z,0,0,0,1.8,0,0,23.8,850.1,24.4,24.5,54.8,588,3537,0,0.6,203,1.5,1.5,24.5,18.3,19.4
2026-06-19T10:08:35Z,0,0,0,2.3,0,0,24,850,24.8,24.5,54.7,683,4688,0,0.3,173,1.1,1.1,24.5,18.3,19.3
2026-06-19T10:23:42Z,0,0,0,1.3,0,0,24.2,849.8,24.9,24.7,53.8,498,2713,0,0,172,0,0,24.7,18.3,19.5
2026-06-19T10:39:07Z,0,0,0,0.9,0,0,23.6,849.6,24.1,24.1,55,422,1893,0,0.1,200,1.1,1.1,24.1,18,19
2026-06-19T10:54:15Z,0,0,0,1.3,0,0,24.4,849.5,24.8,24.9,53.1,495,2660,0,0.5,178,1.1,1.1,24.8,18.4,19.6
2026-06-19T11:09:22Z,0,0,0,0.7,0,0,23.9,849.6,24.1,24.6,55.4,386,1560,0,1.1,99,3.1,3.1,24.6,18.5,19.4
2026-06-19T11:25:15Z,0,0,0,0.7,0,0,22.9,849.5,23.1,23.4,60.8,392,1530,0,1.3,29,2.6,2.6,23.4,18.2,18.5
2026-06-19T11:40:23Z,0,0,0,0.8,0,0,22.7,849.4,22.8,23.1,62.4,405,1754,0,0.1,21,0.4,0.4,23.1,18.1,18.2
2026-06-19T11:56:15Z,0,0,0,2.6,0,0,23.5,849.2,23.7,24,60,749,5688,0,1,71,2.4,2.4,24.1,18.6,19
2026-06-19T12:11:23Z,0,0,0,2.6,0,0,24.7,848.9,24.8,25.4,56,739,5720,0,0.8,85,2,2,25.5,19.3,20.1
2026-06-19T12:26:57Z,0,0,0,0.6,0,0,23.4,849,23.8,24,59.2,374,1463,0,0.2,93,0.7,0.7,24,18.5,19
2026-06-19T12:42:22Z,0,0,0,0.3,0,0,22.7,849.1,22.9,23.2,62,318,870,0,0.8,129,2.2,2.2,23.2,18.2,18.3
2026-06-19T12:57:29Z,0,0,0,0.3,0,0,22.4,849.1,22.6,22.8,63.7,311,812,0,0,33,0.2,0.2,22.8,18,18
2026-06-19T13:12:37Z,0,0,0,0.4,0,0,22.3,849.1,22.5,22.7,63.4,325,955,0,0,113,0.2,0.2,22.6,17.9,17.9
2026-06-19T13:27:44Z,0,0,0,0.4,0,0,22.2,849.2,22.4,22.6,63.5,326,993,0,0.3,109,1.3,1.3,22.5,17.8,17.8
2026-06-19T13:42:52Z,0,0,0,0.3,0,0,22,849.2,22.1,22.4,63.5,313,833,0,0.4,112,0.9,0.9,22.4,17.6,17.6
2026-06-19T13:57:59Z,0,0,0,0.3,0,0,22,849.3,22.1,22.4,63.4,306,740,0,0.8,20,1.5,1.5,22.4,17.6,17.6
2026-06-19T14:13:24Z,0,0,0,0.6,0,0,22.5,849.2,22.9,23.2,61.7,366,1494,0,0,108,0.4,0.4,23.2,18.1,18.3
2026-06-19T14:28:32Z,0,0,0,0.3,0,0,22,849.4,22.2,22.6,62.9,313,852,0,0.6,89,1.5,1.5,22.6,17.8,17.8
2026-06-19T14:43:40Z,0,0,0,0.5,0,0,22,849.4,22.2,22.5,63.6,345,1271,0,0.5,110,1.3,1.3,22.5,17.7,17.7
2026-06-19T14:58:47Z,0,0,0,0.1,0,0,21.6,849.5,21.8,22,63.5,280,418,0,0.6,129,2.2,2.2,22,17.3,17.3
2026-06-19T15:13:55Z,0,0,0,0,0,0,21.2,849.7,21.4,21.6,64.7,265,283,0,0.2,94,0.7,0.7,21.6,17.1,16.9
2026-06-19T15:29:34Z,0,0,0,0,0,0,21.1,849.8,21.4,21.5,64.6,260,257,0,0.6,49,2,2,21.4,17,16.8
2026-06-19T15:44:41Z,0,0,0,0,0,0,21,850.1,21.2,21.4,65.1,261,253,0,0.2,87,0.9,0.9,21.3,16.9,16.7
2026-06-19T15:59:48Z,0,0,0,0,0,0,20.9,850.2,21.1,21.2,65.5,259,255,0,0.2,109,1.3,1.3,21.2,16.8,16.6
2026-06-19T16:14:55Z,0,0,0,0,0,0,20.7,850.1,20.9,21.1,66.4,260,253,0,0.1,112,0.4,0.4,21,16.8,16.5
2026-06-19T16:30:03Z,0,0,0,0,0,0,20.5,850.4,20.6,20.9,67.6,261,254,0,0,110,0,0,20.8,16.8,16.3
2026-06-19T16:45:31Z,0,0,0,0,0,0,20.3,850.4,20.4,20.6,68.2,261,253,0,0,216,0,0,20.6,16.7,16.1
2026-06-19T17:00:38Z,0,0,0,0,0,0,20.1,850.4,20.2,20.5,68.8,260,254,0,0,110,0.2,0.2,20.4,16.6,16
2026-06-19T17:15:46Z,0,0,0,0,0,0,20,850.6,20.2,20.4,69,261,253,0,0.6,134,1.7,1.7,20.3,16.5,15.9
2026-06-19T17:30:54Z,0,0,0,0,0,0,19.8,850.6,19.9,20.2,70.1,261,254,0,0,102,0.2,0.2,20.1,16.4,15.7
2026-06-19T17:46:01Z,0,0,0,0,0,0,19.5,850.8,19.8,19.9,70.2,260,253,0,0.2,107,0.9,0.9,19.8,16.2,15.4
2026-06-19T18:01:39Z,0,0,0,0,0,0,19.4,851,19.6,19.8,70.5,260,254,0,0,109,0,0,19.7,16.1,15.3
2026-06-19T18:16:46Z,0,0,0,0,0,0,19.4,851,19.6,19.7,70.5,260,254,0,1.1,173,3.5,3.5,19.7,16.1,15.2
2026-06-19T18:31:53Z,0,0,0,0,0,0,19.3,851,19.4,19.6,70.9,260,253,0,0.2,188,1.5,1.5,19.6,16,15.2
2026-06-19T18:47:01Z,0,0,0,0,0,0,19.1,851.1,19.2,19.4,71.8,261,254,0,0.3,167,1.5,1.5,19.4,16,15
2026-06-19T19:02:42Z,0,0,0,0,0,0,18.8,851,18.9,19.2,73.3,261,253,0,0,88,0.3,0.3,19.1,15.9,14.8
2026-06-19T19:17:49Z,0,0,0,0,0,0,18.6,851.1,18.8,19,74.3,259,253,0,0.5,128,2.2,2.2,18.9,15.8,14.6
2026-06-19T19:32:56Z,0,0,0,0,0,0,18.4,851.3,18.6,18.8,75.5,260,254,0,0.3,123,1,1,18.8,15.9,14.5
2026-06-19T19:48:04Z,0,0,0,0,0,0,18.4,851.5,18.6,18.8,76.2,259,253,0,0.3,187,0.8,0.8,18.7,15.9,14.4
2026-06-19T20:03:30Z,0,0,0,0,0,0,18.2,851.4,18.4,18.6,77.5,260,253,0,0.1,182,0.7,0.7,18.5,15.9,14.2
2026-06-19T20:19:32Z,0,0,0,0,0,0,18,851.5,18.2,18.5,78.6,261,254,0,1,109,1.5,1.5,18.5,15.9,14.2
2026-06-19T20:34:39Z,0,0,0,0,0,0,17.9,851.6,18.1,18.3,79.9,260,253,0,0.2,119,1.3,1.3,18.2,15.8,14
2026-06-19T20:49:46Z,0,0,0,0,0,0,17.8,851.6,18,18.2,80.7,261,254,0,0.2,118,1.1,1.1,18.2,15.9,13.9
2026-06-19T21:04:54Z,0,0,0,0,0,0,17.6,851.6,17.8,18,81.2,260,253,0,0.6,120,1.7,1.7,18,15.8,13.8
2026-06-19T21:20:01Z,0,0,0,0,0,0,17.5,851.4,17.7,17.9,81.8,260,253,0,1,127,1.7,1.7,17.9,15.7,13.6
2026-06-19T21:35:08Z,0,0,0,0,0,0,17.3,851.3,17.5,17.7,82.7,260,253,0,0.8,121,1.7,1.7,17.7,15.7,13.5
2026-06-19T21:50:33Z,0,0,0,0,0,0,17.2,851.1,17.4,17.6,83.8,260,253,0,0.3,122,0.9,0.9,17.6,15.7,13.4
2026-06-19T22:05:41Z,0,0,0,0,0,0,17,851.1,17.1,17.4,84.5,260,253,0,0.3,96,1.1,1.1,17.4,15.5,13.1
2026-06-19T22:20:48Z,0,0,0,0,0,0,16.9,851,17.1,17.3,85,261,255,0,0,176,0.2,0.2,17.3,15.5,13.1
2026-06-19T22:35:55Z,0,0,0,0,0,0,16.8,850.9,16.9,17.2,85.3,260,253,0,0.6,170,1.3,1.3,17.2,15.4,12.9
2026-06-19T22:51:43Z,0,0,0,0,0,0,16.7,850.9,16.8,17.1,85.6,259,252,0,0,170,0,0,17.1,15.4,12.9
2026-06-19T23:06:50Z,0,0,0,0,0,0,16.7,850.9,16.8,17,85.6,260,253,0,0.1,176,0.4,0.4,17,15.3,12.8
2026-06-19T23:21:58Z,0,0,0,0,0,0,16.6,850.9,16.7,17,85.9,261,253,0,0.3,153,0.7,0.7,17,15.3,12.8
2026-06-19T23:37:06Z,0,0,0,0,0,0,16.5,850.9,16.6,16.9,86.3,261,254,0,0.3,102,1.3,1.3,16.9,15.3,12.7
2026-06-19T23:52:14Z,0,0,0,0,0,0,16.3,850.9,16.5,16.7,87.1,260,253,0,0.2,196,1.3,1.3,16.7,15.2,12.5
2026-06-20T00:00:17Z,0,0,0,0,0,0,16.3,850.9,16.5,16.7,87.3,261,253,0,0.4,138,0.9,0.9,16.7,15.2,12.5
2026-06-20T00:15:43Z,0,0,0,0,0,0,16.3,851,16.4,16.7,87.5,259,252,0,0.3,119,1.1,1.1,16.7,15.2,12.5
2026-06-20T00:30:51Z,0,0,0,0,0,0,16.2,851.1,16.3,16.6,88.1,260,252,0,0.1,174,0.7,0.7,16.6,15.2,12.4
2026-06-20T00:45:58Z,0,0,0,0,0,0,16.1,851.1,16.2,16.5,88.8,259,252,0,0.5,133,1.1,1.1,16.5,15.2,12.3
2026-06-20T01:01:06Z,0,0,0,0,0,0,16,851.1,16.2,16.4,89.7,260,252,0,0,122,0,0,16.4,15.2,12.2
2026-06-20T01:16:14Z,0,0,0,0,0,0,15.9,851.3,16.2,16.3,90.3,261,253,0,0,122,0.2,0.2,16.4,15.2,12.1
2026-06-20T01:31:21Z,0,0,0,0,0,0,15.9,851.2,16.1,16.3,90.1,261,252,0,0.1,122,0.6,0.6,16.3,15.2,12.1
2026-06-20T01:46:47Z,0,0,0,0,0,0,15.8,851.2,16.1,16.2,89.8,259,252,0,0.3,192,1.3,1.3,16.2,15,12
2026-06-20T02:01:54Z,0,0,0,0,0,0,15.8,851.2,16.1,16.2,90,261,253,0,0.1,202,0.7,0.7,16.2,15,12
2026-06-20T02:17:02Z,0,0,0,0,0,0,15.7,851.6,16,16.1,90.3,261,253,0,0,201,0,0,16.1,14.9,11.9
2026-06-20T02:32:09Z,0,0,0,0,0,0,15.7,851.7,16.1,16.1,90.3,260,253,0,0,201,0,0,16.1,15,11.9
2026-06-20T02:47:17Z,0,0,0,0,0,0,15.8,851.7,16.1,16.2,90.2,261,252,0,0,201,0,0,16.2,15,12
2026-06-20T03:02:43Z,0,0,0,0,0,0,15.8,851.8,16.1,16.2,90.1,260,253,0,0.1,202,0.4,0.4,16.2,15,12
2026-06-20T03:17:51Z,0,0,0,0,0,0,15.8,852,16.1,16.2,90.2,261,254,0,0,202,0.2,0.2,16.2,15,12
2026-06-20T03:32:58Z,0,0,0,0,0,0,15.8,852.1,16,16.2,90.6,261,256,0,0,201,0,0,16.2,15.1,12
2026-06-20T03:48:06Z,0,0,0,0,0,0,15.8,852.2,16,16.1,91.5,262,270,0,0,201,0,0,16.1,15.1,11.9
2026-06-20T04:03:14Z,0,0,0,0.1,0,0,15.6,852.4,15.9,16,92.7,266,316,0,0,201,0,0,16,15.1,11.8
2026-06-20T04:18:21Z,0,0,0,0.1,0,0,15.6,852.4,15.9,16,92.8,273,382,0,0,202,0.2,0.2,16,15.1,11.8
2026-06-20T04:33:47Z,0,0,0,0.3,0,0,15.8,852.4,16.1,16.1,92.5,308,792,0,0,200,0,0,16.2,15.3,12
2026-06-20T04:48:54Z,0,0,0,0.2,0,0,16,852.6,16.2,16.4,91.1,289,544,0,0,123,0,0,16.4,15.3,12.2
2026-06-20T05:04:01Z,0,0,0,0.2,0,0,16.1,852.8,16.2,16.5,90.5,297,653,0,0,123,0,0,16.6,15.4,12.3
2026-06-20T05:19:08Z,0,0,0,0.2,0,0,16.2,852.9,16.3,16.6,90.1,298,668,0,0,123,0.2,0.2,16.6,15.4,12.4
2026-06-20T05:34:16Z,0,0,0,0.3,0,0,16.4,853,16.4,16.8,89.4,314,821,0,0.1,123,0.7,0.7,16.8,15.5,12.6
2026-06-20T05:49:23Z,0,0,0,0.4,0,0,16.7,853.1,16.8,17.1,88.2,327,978,0,0,123,0.2,0.2,17.1,15.7,12.9
2026-06-20T06:04:49Z,0,0,0,0.6,0,0,17,853.1,17.1,17.4,87,373,1465,0,0.1,123,0.4,0.4,17.4,15.9,13.2
2026-06-20T06:19:56Z,0,0,0,0.7,0,0,17.5,853.2,17.7,18,84.5,392,1684,0,0,132,0,0,18,16.1,13.7
2026-06-20T06:35:04Z,0,0,0,1.1,0,0,18.1,853.2,18.4,18.5,81.6,454,2350,0,0.1,108,0.4,0.4,18.6,16.3,14.3
2026-06-20T06:50:11Z,0,0,0,1.2,0,0,19.3,853,19.9,19.7,77.2,487,2583,0,0,108,0.2,0.2,19.7,16.9,15.3
2026-06-20T07:05:18Z,0,0,0,3.2,0,0,19.6,853,20.2,20.1,74.6,861,7007,0,0.3,167,1.1,1.1,20.1,16.9,15.6
2026-06-20T07:20:25Z,0,0,0,2,0,0,21.6,853,22.2,22.5,65.1,635,4228,0,0,107,0.2,0.2,22.5,18,17.7
2026-06-20T07:35:33Z,0,0,0,2.6,0,0,21.2,852.8,22,22,68.6,740,5488,0,0.1,186,0.4,0.4,22,17.9,17.3
2026-06-20T07:50:55Z,0,0,0,1.5,0,0,21.7,852.7,22.1,22.4,66,547,3138,0,0.5,85,1.3,1.3,22.4,18,17.7
2026-06-20T08:06:02Z,0,0,0,3.4,0,0,23,852.6,23.2,23.5,61.1,893,7151,0,1.1,84,2.4,2.4,23.5,18.3,18.6
2026-06-20T08:21:10Z,0,0,0,3.6,0,0,21.7,852.5,22.2,22.6,61.6,933,7585,0,1.2,92,2.2,2.2,22.6,17.6,17.8
2026-06-20T08:36:18Z,0,0,0,3.7,0,0,23.1,852.3,23.2,23.8,59.7,955,7922,0,0.6,59,1.1,1.1,23.8,18.4,18.8
2026-06-20T08:51:25Z,0,0,0,3.3,0,0,23.5,852.3,23.4,23.9,59.6,881,6966,0,0.6,58,1.3,1.3,23.9,18.5,18.9
2026-06-20T09:06:33Z,0,0,0,3.7,0,0,24.4,852.1,24.2,24.6,58.4,940,7647,0,0.3,68,1.5,1.5,24.6,18.9,19.5
2026-06-20T09:21:59Z,0,0,0,2.9,0,0,23.9,851.9,24.1,24.5,58.2,792,5949,0,0,21,0.2,0.2,24.5,18.8,19.4
2026-06-20T09:37:06Z,0,0,0,3.9,0,0,24.4,851.7,25,25.1,55.6,982,8253,0,0.3,100,1.1,1.1,25.1,19,19.9
2026-06-20T09:52:13Z,0,0,0,0.8,0,0,22.4,851.6,22.9,22.3,62.3,401,1811,0,1,199,1.5,1.5,22.2,17.4,17.5
2026-06-20T10:08:09Z,0,0,0,1,0,0,21.9,851.5,22.2,22,65.6,444,2243,0,0.1,228,0.4,0.4,22,17.6,17.3
2026-06-20T10:23:16Z,0,0,0,0.8,0,0,22.9,851.3,23.3,23.1,61.5,397,1788,0,0,179,0.2,0.2,23.1,18,18.2
2026-06-20T10:38:24Z,0,0,0,0.9,0,0,22.6,851.1,23.1,22.9,61.3,435,2163,0,0.1,207,1.1,1.1,22.9,17.8,18.1
2026-06-20T10:53:31Z,0,0,0,1,0,0,22.5,851,22.9,22.9,60.6,454,2297,0,0,200,0,0,22.8,17.7,18
2026-06-20T11:10:02Z,0,0,0,3.2,0,0,22.5,850.6,23,22.9,60,860,7144,0,0.1,177,0.4,0.4,22.8,17.6,18
2026-06-20T11:25:27Z,0,0,0,0.8,0,0,22.6,850.5,22.9,23.1,60.7,403,1781,0,0,95,0.2,0.2,23,17.9,18.2
2026-06-20T11:41:39Z,0,0,0,1.3,0,0,23.5,850.2,23.9,24,57.2,501,2693,0,0.4,153,1.3,1.3,24,18.2,18.9
2026-06-20T11:56:46Z,0,0,0,0.9,0,0,23.9,850.1,24.2,24.6,55.3,426,1972,0,0.7,84,2.2,2.2,24.6,18.4,19.4
2026-06-20T12:12:32Z,0,0,0,0.9,0,0,22.9,850,23.1,23.5,57.6,434,1953,0,0.3,127,1.3,1.3,23.5,17.8,18.6
2026-06-20T12:27:37Z,0,0,0,1,0,0,23.5,849.9,23.7,24.2,54.7,450,2246,0,0,105,0,0,24.2,18,19.1
2026-06-20T12:42:45Z,0,0,0,0.6,0,0,23.4,850,23.6,24.2,55.9,369,1326,0,0.7,73,2,2,24.1,18.2,19.1
2026-06-20T12:57:52Z,0,0,0,2,0,0,23,850,23.5,23.7,58.5,621,4429,0,0.3,141,0.9,0.9,23.6,18.1,18.7
2026-06-20T13:12:59Z,0,0,0,0.4,0,0,22.5,850.1,22.9,22.9,60.5,334,1006,0,0,177,0.2,0.2,22.9,17.7,18
2026-06-20T13:28:07Z,0,0,0,0.6,0,0,22.5,850.2,22.7,22.9,59.5,376,1476,0,0.7,157,2,2,22.9,17.6,18
2026-06-20T13:43:33Z,0,0,0,0.6,0,0,22.6,850.3,22.9,23,59.5,359,1338,0,0.5,141,0.9,0.9,23,17.7,18.1
2026-06-20T13:58:40Z,0,0,0,0.5,0,0,22.9,850.3,23.2,23.6,57.6,346,1104,0,1.3,88,3.3,3.3,23.5,17.9,18.6
2026-06-20T14:13:47Z,0,0,0,0.4,0,0,22.3,850.5,22.4,22.8,59.3,326,920,0,0.8,13,2.2,2.2,22.7,17.4,17.9
2026-06-20T14:29:42Z,0,0,0,0.4,0,0,21.9,850.6,22.1,22.3,60.2,327,960,0,0.5,114,1.4,1.4,22.2,17.1,17.5
2026-06-20T14:44:50Z,0,0,0,0.2,0,0,21.6,850.6,21.8,22,61.4,304,742,0,0.1,116,0.9,0.9,22,17,17.3
2026-06-20T15:00:48Z,0,0,0,0.2,0,0,21.3,850.7,21.5,21.7,62.2,286,537,0,0.6,83,1.3,1.3,21.7,16.9,17
2026-06-20T15:15:54Z,0,0,0,0.1,0,0,20.8,850.8,20.9,21.2,65.4,269,342,0,0.7,104,2,2,21.2,16.8,16.6
2026-06-20T15:31:00Z,0,0,0,0,0,0,20.4,850.9,20.6,20.8,67.6,263,277,0,0.8,109,1.3,1.3,20.7,16.7,16.2
2026-06-20T15:46:08Z,0,0,0,0,0,0,19.9,851,20.1,20.3,68.9,260,256,0,0.8,194,2.4,2.4,20.3,16.4,15.8
2026-06-20T16:01:15Z,0,0,0,0,0,0,19.7,851,19.8,20.1,69.7,260,253,0,0.2,105,1.1,1.1,20,16.3,15.6
2026-06-20T16:16:44Z,0,0,0,0,0,0,19.4,851.4,19.6,19.8,70.3,259,254,0,0.2,144,0.9,0.9,19.7,16.1,15.3
2026-06-20T16:31:51Z,0,0,0,0,0,0,19.1,851.4,19.3,19.5,70.9,259,253,0,0,96,0.2,0.2,19.5,16,15.1
2026-06-20T16:46:58Z,0,0,0,0,0,0,18.9,851.6,19.1,19.3,71,260,253,0,0.4,178,1.1,1.1,19.3,15.8,14.9
2026-06-20T17:02:06Z,0,0,0,0,0,0,18.6,851.7,18.8,19,72.1,261,254,0,0.3,110,1.1,1.1,19,15.6,14.6
2026-06-20T17:17:13Z,0,0,0,0,0,0,18.1,851.7,18.3,18.5,73.9,261,253,0,0.3,106,1.1,1.1,18.4,15.4,14.1
2026-06-20T17:32:20Z,0,0,0,0,0,0,17.8,851.9,17.9,18.2,75.2,261,253,0,0,201,0,0,18.1,15.2,13.8
2026-06-20T17:47:43Z,0,0,0,0,0,0,17.6,852,17.8,18,76,259,252,0,0.5,105,1.1,1.1,17.9,15.1,13.6
2026-06-20T18:02:50Z,0,0,0,0,0,0,17.5,852.2,17.6,17.9,76.3,261,253,0,0,95,0,0,17.8,15.1,13.5
2026-06-20T18:17:57Z,0,0,0,0,0,0,17.3,852.2,17.4,17.7,76.8,259,254,0,0.2,103,0.9,0.9,17.6,14.9,13.3
2026-06-20T18:33:04Z,0,0,0,0,0,0,17.6,852.4,17.7,17.9,75.8,261,254,0,0.2,210,0.9,0.9,17.8,15,13.5
2026-06-20T18:48:12Z,0,0,0,0,0,0,17.6,852.5,17.8,18,75,261,254,0,0.3,98,0.9,0.9,17.9,15,13.6
2026-06-20T19:03:18Z,0,0,0,0,0,0,17.6,852.5,17.8,18,74.8,261,254,0,0.2,61,1,1,17.9,15,13.6
2026-06-20T19:18:25Z,0,0,0,0,0,0,17.5,852.6,17.7,17.9,74.6,260,253,0,0.9,91,2.6,2.6,17.8,14.9,13.6
2026-06-20T19:33:47Z,0,0,0,0,0,0,17.6,852.6,17.8,17.9,74.7,260,253,0,0.1,98,0.4,0.4,17.8,14.9,13.6
2026-06-20T19:48:55Z,0,0,0,0,0,0,17.6,852.6,17.8,17.9,74.3,261,254,0,1.3,78,2.6,2.6,17.8,14.8,13.5
2026-06-20T20:04:02Z,0,0,0,0,0,0,17.5,852.6,17.7,17.9,74.4,260,253,0,0.1,95,0.4,0.4,17.8,14.8,13.5
2026-06-20T20:19:10Z,0,0,0,0,0,0,17.4,852.4,17.6,17.8,74.7,260,253,0,0.1,96,0.7,0.7,17.7,14.8,13.4
2026-06-20T20:34:17Z,0,0,0,0,0,0,17.2,852.4,17.4,17.6,75.2,260,253,0,0,102,0.2,0.2,17.5,14.7,13.2
2026-06-20T20:49:24Z,0,0,0,0,0,0,17,852.4,17.2,17.4,76.1,261,253,0,0.4,102,1.1,1.1,17.3,14.6,13.1
2026-06-20T21:04:50Z,0,0,0,0,0,0,17.1,852.3,17.3,17.5,75.6,261,254,0,0,102,0.2,0.2,17.4,14.6,13.1
2026-06-20T21:19:57Z,0,0,0,0,0,0,17.1,852.2,17.2,17.5,76.2,260,252,0,0.7,126,2.2,2.2,17.3,14.6,13.1
2026-06-20T21:35:04Z,0,0,0,0,0,0,17,852.2,17.2,17.4,77.1,261,253,0,0.3,101,1.3,1.3,17.3,14.7,13.1
2026-06-20T21:50:12Z,0,0,0,0,0,0,17,852.1,17.2,17.4,77.6,260,254,0,0,101,0,0,17.3,14.8,13.1
2026-06-20T22:05:19Z,0,0,0,0,0,0,16.8,851.7,16.9,17.2,79,260,253,0,0,101,0.2,0.2,17.1,14.7,12.9
2026-06-20T22:20:27Z,0,0,0,0,0,0,16.3,851.5,16.4,16.7,80.6,259,253,0,0,101,0,0,16.6,14.4,12.4
2026-06-20T22:35:34Z,0,0,0,0,0,0,15.8,851.5,16.1,16.1,83,260,252,0,0,101,0,0,16,14.2,11.8
2026-06-20T22:50:56Z,0,0,0,0,0,0,15.3,851.6,15.5,15.6,85.1,260,254,0,0,101,0,0,15.6,13.9,11.4
2026-06-20T23:06:03Z,0,0,0,0,0,0,15.2,851.6,15.6,15.6,86.3,259,253,0,0.2,101,0.7,0.7,15.5,14,11.3
2026-06-20T23:21:10Z,0,0,0,0,0,0,15.6,851.6,15.9,15.9,85.2,261,254,0,0,101,0.2,0.2,15.9,14.2,11.7
2026-06-20T23:36:17Z,0,0,0,0,0,0,15.7,851.6,16,16,84.9,259,254,0,0,101,0,0,16,14.3,11.8
2026-06-20T23:51:24Z,0,0,0,0,0,0,15.7,851.5,16,16.1,84.4,260,255,0,0.6,96,1.1,1.1,16,14.3,11.8
2026-06-21T00:00:29Z,0,0,0,0,0,0,15.7,851.6,16,16.1,84.5,261,253,0,0,96,0.4,0.4,16.1,14.3,11.9
2026-06-21T00:15:36Z,0,0,0,0,0,0,15.7,851.6,16,16.1,84.5,260,253,0,0,96,0,0,16,14.3,11.8
2026-06-21T00:30:58Z,0,0,0,0,0,0,15.6,851.3,15.9,16,85.2,259,253,0,0,96,0,0,15.9,14.3,11.7
2026-06-21T00:46:06Z,0,0,0,0,0,0,15.5,851.2,15.8,15.9,85,259,255,0,0,96,0,0,15.8,14.2,11.6
2026-06-21T01:01:13Z,0,0,0,0,0,0,15.4,851.2,15.6,15.7,86.2,259,253,0,0,96,0,0,15.6,14.1,11.4
2026-06-21T01:16:20Z,0,0,0,0,0,0,14.9,851.4,15.1,15.3,87.2,261,254,0,0,96,0,0,15.2,13.8,11
2026-06-21T01:32:06Z,0,0,0,0,0,0,14.4,851.5,14.6,14.8,89.3,260,253,0,0,96,0,0,14.7,13.5,10.5
2026-06-21T01:47:13Z,0,0,0,0,0,0,13.9,851.6,14.2,14.3,90.2,260,254,0,0,96,0,0,14.2,13.2,10
2026-06-21T02:02:21Z,0,0,0,0,0,0,13.7,851.6,13.9,14.1,91.6,260,255,0,0,96,0,0,14,13.1,9.8
2026-06-21T02:17:28Z,0,0,0,0,0,0,13.6,851.8,13.9,14,92.9,260,253,0,0,96,0,0,14,13.2,9.8
2026-06-21T02:32:35Z,0,0,0,0,0,0,13.9,852,14.2,14.4,93.1,260,253,0,0,96,0,0,14.3,13.6,10.1
2026-06-21T02:47:42Z,0,0,0,0,0,0,14.2,852.1,14.5,14.6,92.8,261,254,0,0,96,0,0,14.6,13.8,10.4
2026-06-21T03:03:04Z,0,0,0,0,0,0,14.5,852.1,14.9,14.9,92,261,252,0,0.1,84,0.4,0.4,14.9,14,10.7
2026-06-21T03:18:11Z,0,0,0,0,0,0,14.7,852.2,15,15.1,90.9,261,254,0,0.3,15,1.1,1.1,15,14,10.9
2026-06-21T03:33:18Z,0,0,0,0,0,0,14.8,852.3,15,15.2,90.5,262,264,0,0.3,95,1.1,1.1,15.1,14.1,10.9
2026-06-21T03:48:25Z,0,0,0,0,0,0,14.8,852.4,15.1,15.2,90.4,264,286,0,0,82,0.4,0.4,15.2,14.1,11
2026-06-21T04:03:33Z,0,0,0,0.1,0,0,14.9,852.6,15.1,15.3,90.3,266,305,0,0,83,0,0,15.2,14.1,11
2026-06-21T04:18:40Z,0,0,0,0.1,0,0,14.9,852.7,15.2,15.3,90.2,271,363,0,0.1,82,0.7,0.7,15.2,14.1,11
2026-06-21T04:34:07Z,0,0,0,0.1,0,0,14.9,852.9,15.2,15.4,90.1,277,427,0,0.6,92,1.3,1.3,15.3,14.2,11.1
2026-06-21T04:49:13Z,0,0,0,0.2,0,0,15.1,853,15.4,15.5,90,285,529,0,0.3,94,0.7,0.7,15.5,14.3,11.3
2026-06-21T05:04:21Z,0,0,0,0.2,0,0,15.2,853,15.4,15.6,89.6,293,606,0,0,94,0.2,0.2,15.6,14.4,11.4
2026-06-21T05:19:28Z,0,0,0,0.2,0,0,15.4,853.1,15.8,15.9,89.5,293,610,0,0.3,94,1.1,1.1,15.8,14.6,11.6
2026-06-21T05:34:35Z,0,0,0,0.4,0,0,15.7,853.2,16,16.1,88.7,340,1115,0,0.1,96,0.9,0.9,16.1,14.8,11.9
2026-06-21T05:49:42Z,0,0,0,0.6,0,0,16.4,853.3,16.6,16.8,86.1,377,1516,0,0,96,0,0,16.8,15.2,12.6
2026-06-21T06:04:50Z,0,0,0,0.9,0,0,16.6,853.3,16.8,17.2,84.1,418,1985,0,0.1,96,0.4,0.4,17.2,15.3,12.9
2026-06-21T06:20:18Z,0,0,0,1.1,0,0,17.4,853.4,17.4,17.9,80.1,471,2571,0,0.6,101,1.1,1.1,17.8,15.5,13.6
2026-06-21T06:35:25Z,0,0,0,1.1,0,0,17.8,853.3,17.8,18.3,78.1,459,2388,0,0.3,78,0.7,0.7,18.2,15.6,13.9
2026-06-21T06:50:32Z,0,0,0,1.5,0,0,18.5,853.3,18.5,18.8,75.4,527,3194,0,0.3,99,0.9,0.9,18.7,15.8,14.4
2026-06-21T07:05:40Z,0,0,0,2,0,0,19,853.1,19.6,19.4,74.7,638,4306,0,0.1,99,1.3,1.3,19.3,16.3,14.9
2026-06-21T07:20:47Z,0,0,0,1,0,0,20.2,852.9,20.7,20.3,69.8,450,2341,0,0,9,0,0,20.2,16.5,15.8
2026-06-21T07:36:14Z,0,0,0,2.7,0,0,19.3,852.7,19.6,19.2,73.2,759,5782,0,0,9,0.2,0.2,19.1,15.9,14.8
2026-06-21T07:51:21Z,0,0,0,3.5,0,0,20.3,852.5,20.8,20.4,69.4,916,7545,0,0.7,245,1.5,1.5,20.3,16.6,15.9
2026-06-21T08:06:28Z,0,0,0,0.8,0,0,20.7,852.3,20.9,20.5,65.2,402,1688,0,0.2,272,0.9,0.9,20.4,16.1,15.9
2026-06-21T08:21:35Z,0,0,0,2,0,0,21.1,852,21.5,21.2,64.3,621,4060,0,0,229,0,0,21.1,16.7,16.6
2026-06-21T08:36:43Z,0,0,0,3.9,0,0,21.1,851.9,21.8,20.6,63.5,977,8228,0,0.7,243,1.3,1.3,20.5,16,16
2026-06-21T08:52:22Z,0,0,0,1.3,0,0,22.5,851.6,22.4,22.1,59.2,496,2721,0,0.9,242,1.7,1.7,22,16.8,17.3
2026-06-21T09:07:29Z,0,0,0,1.1,0,0,21.9,851.4,22.1,22.5,58.8,457,2312,0,0.1,177,0.4,0.4,22.4,17,17.6
2026-06-21T09:22:36Z,0,0,0,3.1,0,0,22.6,851.3,22.9,22.6,59.3,833,6498,0,1,244,2.2,2.2,22.6,17.3,17.8
2026-06-21T09:37:43Z,0,0,0,2.3,0,0,22.1,851.1,22.2,22.2,59.8,689,4777,0,0.1,14,0.7,0.7,22.1,17,17.4
2026-06-21T09:52:50Z,0,0,0,1.7,0,0,24.1,851,24.1,24.6,50.3,573,3452,0,0.5,98,1.1,1.1,24.5,17.7,19.4
2026-06-21T10:08:31Z,0,0,0,0.9,0,0,22.8,850.8,23.3,22.9,55.6,432,2149,0,0.3,191,0.9,0.9,22.8,17,18
2026-06-21T10:23:54Z,0,0,0,1.2,0,0,22.8,850.8,23.5,23.4,53,491,2546,0,0.1,189,0.9,0.9,23.3,17.1,18.4
2026-06-21T10:39:01Z,0,0,0,3.8,0,0,25,850.4,25.4,25.3,48.7,961,7906,0,0.7,72,2,2,25.2,18,19.9
2026-06-21T10:54:08Z,0,0,0,1.2,0,0,24.9,850.2,25,25.7,49,479,2551,0,0,92,0.4,0.4,25.6,18.4,20.2
2026-06-21T11:09:15Z,0,0,0,0.8,0,0,24.5,850.2,25.1,25.3,47.1,400,1630,0,0.1,101,0.4,0.4,25.2,17.8,19.9
2026-06-21T11:24:22Z,0,0,0,3.2,0,0,23.8,849.8,24.2,24.5,48.7,844,6696,0,0.7,9,1.5,1.5,24.3,17.3,19.2
2026-06-21T11:39:29Z,0,0,0,3.1,0,0,26.1,849.6,25.8,26.1,46.8,836,6571,0,0.4,14,1.1,1.1,26.1,18.4,20.6
2026-06-21T11:54:56Z,0,0,0,2.5,0,0,26.3,849.4,26.2,27,44.7,729,5335,0,0.2,16,0.7,0.7,27.1,18.8,21.4
2026-06-21T12:10:04Z,0,0,0,2.6,0,0,26.2,849.2,26.5,27.2,43.5,743,5524,0,0.1,32,0.4,0.4,27.2,18.8,21.4
2026-06-21T12:25:10Z,0,0,0,2.6,0,0,26,849.2,26.6,26.7,46.6,741,5569,0,0,98,0,0,26.7,18.9,21
2026-06-21T12:40:17Z,0,0,0,2.3,0,0,25.7,849.1,26.6,27,45,693,5135,0,0.6,124,1.3,1.3,27.1,18.9,21.4
2026-06-21T12:55:24Z,0,0,0,1,0,0,24.4,849.2,24.9,25.3,48.5,453,2241,0,0.8,73,1.7,1.7,25.2,18,19.9
2026-06-21T13:10:30Z,0,0,0,0.8,0,0,24.4,849.2,24.8,25.4,49,399,1675,0,1.1,102,3.5,3.5,25.3,18.2,20
2026-06-21T13:25:38Z,0,0,0,1.3,0,0,25,849.2,25.8,26.1,48.6,502,2960,0,0,103,0.2,0.2,26.1,18.7,20.6
2026-06-21T13:41:01Z,0,0,0,0.8,0,0,24.7,849.2,25.2,25.9,47,399,1705,0,0.6,87,1.5,1.5,25.8,18.3,20.4
2026-06-21T13:56:08Z,0,0,0,0.9,0,0,23.9,849.4,24.2,25,49.2,420,2034,0,0.4,98,1.3,1.3,25,17.9,19.7
2026-06-21T14:11:15Z,0,0,0,0.3,0,0,23.9,849.4,24.2,25,48.3,323,804,0,0.7,94,2.2,2.2,24.9,17.7,19.7
2026-06-21T14:26:22Z,0,0,0,0.3,0,0,22.8,849.6,23.1,23.5,52.8,313,726,0,0.6,85,1.3,1.3,23.4,17.1,18.5
2026-06-21T14:41:29Z,0,0,0,0.2,0,0,22.2,849.6,22.4,22.8,54.6,301,614,0,0,72,0,0,22.6,16.7,17.9
2026-06-21T14:56:37Z,0,0,0,0.2,0,0,22,849.7,22.2,22.4,55.8,290,568,0,0.3,93,0.7,0.7,22.3,16.6,17.5
2026-06-21T15:12:06Z,0,0,0,0.1,0,0,21.7,850,21.9,22.1,56.7,271,350,0,0,79,0,0,22,16.4,17.3
2026-06-21T15:27:13Z,0,0,0,0,0,0,21.4,850,21.6,21.8,58.5,264,293,0,0,216,0,0,21.6,16.4,17
2026-06-21T15:42:20Z,0,0,0,0,0,0,20.8,850.4,21,21.2,61.5,261,261,0,0,158,0.2,0.2,21.1,16.3,16.5
2026-06-21T15:57:28Z,0,0,0,0,0,0,20.5,850.4,20.7,20.9,62.7,260,254,0,0.1,181,0.9,0.9,20.7,16.1,16.2
2026-06-21T16:12:35Z,0,0,0,0,0,0,20.3,850.6,20.5,20.6,63.5,259,253,0,0.7,149,1.5,1.5,20.5,16,16
2026-06-21T16:27:41Z,0,0,0,0,0,0,19.9,850.8,20.1,20.3,63.9,260,252,0,1,111,3.5,3.5,20.2,15.8,15.7
2026-06-21T16:43:07Z,0,0,0,0,0,0,19.7,851,19.9,20.1,65.3,260,254,0,0.2,95,1.1,1.1,20,15.8,15.5
2026-06-21T16:58:14Z,0,0,0,0,0,0,19.5,851.1,19.7,19.9,66.4,261,252,0,0.5,189,2.2,2.2,19.8,15.7,15.4
2026-06-21T17:13:22Z,0,0,0,0,0,0,19.2,851.3,19.4,19.6,67.9,259,253,0,1.2,174,2.6,2.6,19.5,15.7,15.1
2026-06-21T17:29:14Z,0,0,0,0,0,0,19,851.6,19.2,19.4,69.3,261,253,0,0,105,0.2,0.2,19.3,15.6,14.9
2026-06-21T17:44:21Z,0,0,0,0,0,0,18.8,851.7,19,19.2,70.2,260,253,0,1.2,166,2.2,2.2,19.1,15.6,14.7
2026-06-21T17:59:29Z,0,0,0,0,0,0,18.6,851.9,18.8,19,70.8,262,254,0,1,181,2.8,2.8,18.9,15.5,14.6
2026-06-21T18:15:16Z,0,0,0,0,0,0,18.3,852.1,18.6,18.7,72,261,253,0,0.5,201,2.2,2.2,18.6,15.3,14.3
2026-06-21T18:30:23Z,0,0,0,0,0,0,18.3,852.3,18.5,18.7,72.2,261,254,0,1.3,191,2.4,2.4,18.6,15.3,14.3
2026-06-21T18:45:31Z,0,0,0,0,0,0,18.1,852.5,18.2,18.5,73,261,254,0,0.4,185,1.5,1.5,18.4,15.2,14.1
2026-06-21T19:00:37Z,0,0,0,0,0,0,17.9,852.7,18.1,18.3,73.6,262,254,0,0,98,0.2,0.2,18.2,15.1,13.9
2026-06-21T19:16:15Z,0,0,0,0,0,0,17.8,852.5,17.9,18.1,74.1,261,254,0,0.5,102,1.3,1.3,18.1,15,13.8
2026-06-21T19:31:22Z,0,0,0,0,0,0,17.6,852.6,17.8,18,74.5,262,253,0,0.2,98,1.1,1.1,17.9,15,13.6
2026-06-21T19:46:29Z,0,0,0,0,0,0,17.5,852.6,17.7,18,74.9,261,253,0,0.1,94,0.9,0.9,17.9,15,13.6
2026-06-21T20:01:37Z,0,0,0,0,0,0,17.4,852.5,17.6,17.8,74.8,260,253,0,0.3,100,1.1,1.1,17.7,14.8,13.4
2026-06-21T20:16:44Z,0,0,0,0,0,0,17.3,852.3,17.5,17.7,74.7,260,252,0,0.7,191,2,2,17.6,14.7,13.3
2026-06-21T20:31:52Z,0,0,0,0,0,0,17.3,852.2,17.4,17.7,74.6,259,254,0,0.1,172,0.2,0.2,17.6,14.7,13.3
2026-06-21T20:47:17Z,0,0,0,0,0,0,17.2,852.1,17.3,17.6,74.7,261,253,0,0.5,125,2.3,2.3,17.5,14.6,13.2
2026-06-21T21:02:24Z,0,0,0,0,0,0,17.1,852.1,17.2,17.5,74.3,260,254,0,0.8,102,2.4,2.4,17.3,14.4,13.1
2026-06-21T21:17:31Z,0,0,0,0,0,0,17,852,17.1,17.4,74.6,260,253,0,0.4,111,1.7,1.7,17.2,14.4,13
2026-06-21T21:32:39Z,0,0,0,0,0,0,16.9,851.9,17.1,17.4,74.7,260,253,0,0,117,0.2,0.2,17.2,14.4,13
2026-06-21T21:47:46Z,0,0,0,0,0,0,16.8,851.7,17,17.2,74.7,261,253,0,0,143,0.2,0.2,17.1,14.3,12.9
2026-06-21T22:03:25Z,0,0,0,0,0,0,16.7,851.6,16.9,17.2,74.9,260,254,0,0.3,132,1.1,1.1,17,14.2,12.8
2026-06-21T22:18:32Z,0,0,0,0,0,0,16.6,851.5,16.8,17,74.8,261,253,0,0.2,99,1.1,1.1,16.8,14,12.6
2026-06-21T22:33:40Z,0,0,0,0,0,0,16.3,851.5,16.5,16.8,75.6,261,254,0,0.3,140,1.3,1.3,16.6,13.9,12.4
2026-06-21T22:48:47Z,0,0,0,0,0,0,16.2,851.3,16.4,16.6,76.3,261,253,0,0.5,97,1.5,1.5,16.4,13.8,12.2
2026-06-21T23:03:55Z,0,0,0,0,0,0,16,851.3,16.2,16.5,77.1,261,253,0,0,98,0,0,16.3,13.8,12.1
2026-06-21T23:19:22Z,0,0,0,0,0,0,15.8,851.3,16.2,16.3,77.4,260,254,0,0.3,141,1.5,1.5,16.1,13.7,11.9
2026-06-21T23:34:30Z,0,0,0,0,0,0,15.6,851.2,16,16,78.1,260,254,0,0.3,96,1.1,1.1,15.9,13.5,11.7
2026-06-21T23:49:38Z,0,0,0,0,0,0,15.5,851.1,15.9,15.9,78.4,260,254,0,0.3,96,1.1,1.1,15.8,13.4,11.6
2026-06-22T00:00:44Z,0,0,0,0,0,0,15.4,851.1,15.8,15.8,78.8,260,252,0,0,96,0,0,15.7,13.4,11.5
2026-06-22T00:15:51Z,0,0,0,0,0,0,15.1,851,15.4,15.5,79.4,261,253,0,0,198,0.1,0.1,15.4,13.2,11.2
2026-06-22T00:30:59Z,0,0,0,0,0,0,15,851.1,15.2,15.4,79.8,260,254,0,0.2,198,0.5,0.5,15.2,13.1,11
2026-06-22T00:46:29Z,0,0,0,0,0,0,14.9,851.1,15.2,15.3,80.2,260,254,0,0,197,0,0,15.2,13.1,11
2026-06-22T01:01:37Z,0,0,0,0,0,0,14.8,851.1,15,15.2,81.4,261,253,0,0.1,198,0.4,0.4,15,13.1,10.8
2026-06-22T01:16:44Z,0,0,0,0,0,0,14.7,851.2,15,15.1,82.3,260,253,0,0,198,0.2,0.2,15,13.1,10.8
2026-06-22T01:31:52Z,0,0,0,0,0,0,14.7,851.4,15,15.1,82.2,261,252,0,0,197,0,0,15,13.1,10.8
2026-06-22T01:46:59Z,0,0,0,0,0,0,14.7,851.5,15.1,15.2,82.5,260,254,0,0,197,0,0,15,13.2,10.8
2026-06-22T02:02:27Z,0,0,0,0,0,0,14.7,851.5,15.1,15.2,82.5,261,253,0,0,198,0.2,0.2,15,13.2,10.8
2026-06-22T02:17:34Z,0,0,0,0,0,0,14.7,851.6,14.9,15.1,82.3,261,253,0,0,197,0,0,15,13.1,10.8
2026-06-22T02:32:42Z,0,0,0,0,0,0,14.6,851.7,14.9,15.1,82.8,260,254,0,0,198,0.2,0.2,14.9,13.1,10.7
2026-06-22T02:47:50Z,0,0,0,0,0,0,14.6,852,14.9,15.1,83,260,253,0,0,197,0,0,14.9,13.1,10.7
2026-06-22T03:02:57Z,0,0,0,0,0,0,14.6,852.1,14.9,15.1,83.4,260,253,0,0,197,0,0,14.9,13.2,10.7
2026-06-22T03:18:05Z,0,0,0,0,0,0,14.7,852.2,15.1,15.1,83.3,260,256,0,0,197,0,0,15,13.2,10.8
2026-06-22T03:33:30Z,0,0,0,0,0,0,14.6,852.2,14.9,15.1,82.5,261,276,0,0,77,0,0,14.9,13.1,10.7
2026-06-22T03:48:38Z,0,0,0,0.1,0,0,14.6,852.4,14.9,15.1,82.6,270,351,0,0.2,80,0.4,0.4,14.9,13.1,10.7
2026-06-22T04:03:45Z,0,0,0,0.1,0,0,14.7,852.7,14.9,15.1,81.6,273,396,0,0,11,0,0,14.9,13,10.8
2026-06-22T04:18:52Z,0,0,0,0.2,0,0,14.8,852.7,15.1,15.2,81.1,293,611,0,0.8,10,1.1,1.1,15,13,10.8
2026-06-22T04:33:59Z,0,0,0,0.2,0,0,15,852.9,15.3,15.4,81.4,300,672,0,0.1,11,0.4,0.4,15.3,13.3,11.1
2026-06-22T04:49:06Z,0,0,0,0.4,0,0,15.3,853,15.6,15.7,79.5,327,983,0,0.2,11,0.7,0.7,15.5,13.3,11.3
2026-06-22T05:04:37Z,0,0,0,0.4,0,0,15.6,853.1,15.8,15.9,78.3,327,986,0,0,11,0,0,15.8,13.5,11.6
2026-06-22T05:19:44Z,0,0,0,0.6,0,0,16,853.2,16.2,16.3,76.8,361,1346,0,0.2,10,0.9,0.9,16.1,13.6,11.9
2026-06-22T05:34:51Z,0,0,0,0.5,0,0,16.3,853.4,16.3,16.5,75.8,346,1184,0,0.1,11,0.7,0.7,16.4,13.7,12.2
2026-06-22T05:49:59Z,0,0,0,0.5,0,0,16.4,853.4,16.4,16.7,75.8,354,1289,0,0,12,0,0,16.5,13.9,12.3
2026-06-22T06:05:06Z,0,0,0,0.9,0,0,16.9,853.5,17,17.2,74.4,419,2002,0,0,12,0,0,17.1,14.2,12.9
2026-06-22T06:20:14Z,0,0,0,1.3,0,0,18.1,853.5,18.4,18.4,70.6,498,2811,0,0.1,104,0.4,0.4,18.3,14.9,14
2026-06-22T06:35:42Z,0,0,0,2.2,0,0,18.8,853.5,18.6,18.9,68.6,660,4680,0,0.1,169,0.7,0.7,18.8,15.1,14.5
2026-06-22T06:50:48Z,0,0,0,2.2,0,0,19.4,853.5,19.7,19.4,68.4,668,4762,0,0.6,213,1.5,1.5,19.2,15.5,14.9
2026-06-22T07:05:56Z,0,0,0,1.1,0,0,18.5,853.4,19.1,18.5,70.7,462,2259,0,0.2,236,0.7,0.7,18.4,15,14.1
2026-06-22T07:21:03Z,0,0,0,1.2,0,0,18.2,853.4,18.3,18.1,70.4,490,2717,0,0.5,332,1.3,1.3,18,14.6,13.7
2026-06-22T07:36:10Z,0,0,0,1.3,0,0,18.7,853.2,19.1,19.3,67.4,492,2783,0,0.5,141,1.5,1.5,19.2,15.3,14.8
2026-06-22T07:51:18Z,0,0,0,2,0,0,20.2,853.1,20.8,20.7,64.3,627,4148,0,0.4,147,0.9,0.9,20.6,16.2,16.1
2026-06-22T08:06:39Z,0,0,0,1.1,0,0,19.5,852.9,20,19.8,66.1,458,2377,0,0,250,0.2,0.2,19.7,15.6,15.3
2026-06-22T08:21:46Z,0,0,0,0.7,0,0,19.4,852.8,19.9,19.6,67.6,383,1638,0,0.3,237,1.1,1.1,19.5,15.6,15.1
2026-06-22T08:36:53Z,0,0,0,0.6,0,0,18.9,852.6,19.1,19,68.9,373,1524,0,0.2,240,0.7,0.7,18.9,15.3,14.6
2026-06-22T08:52:00Z,0,0,0,0.9,0,0,19,852.5,19.2,19.1,68.2,431,2052,0,1.1,246,1.5,1.5,18.9,15.2,14.6
2026-06-22T09:07:30Z,0,0,0,3.8,0,0,20.2,852.2,20.8,20.7,63.1,968,8380,0,0,215,0,0,20.5,16,16
2026-06-22T09:22:54Z,0,0,0,1.5,0,0,21.8,851.9,22.3,21.9,59.4,527,2977,0,0,224,0,0,21.8,16.6,17.1
2026-06-22T09:38:01Z,0,0,0,1.1,0,0,21.3,851.8,21.6,21.4,61.2,468,2540,0,0.1,222,0.7,0.7,21.3,16.4,16.7
2026-06-22T09:53:08Z,0,0,0,0.7,0,0,20.9,851.7,21.3,21,61,388,1684,0,0.1,106,0.9,0.9,20.9,16,16.3
2026-06-22T10:08:16Z,0,0,0,0.7,0,0,20.4,851.6,20.8,20.8,63.3,397,1745,0,0,122,0,0,20.7,16.2,16.2
2026-06-22T10:24:11Z,0,0,0,1,0,0,20.2,851.5,20.6,20.7,62.1,440,2222,0,0.5,122,1.7,1.7,20.6,15.9,16.1
2026-06-22T10:39:18Z,0,0,0,1.1,0,0,20.2,851.3,20.6,20.8,62.7,456,2361,0,0.9,122,2.2,2.2,20.7,16.1,16.2
2026-06-22T10:55:06Z,0,0,0,1.2,0,0,20.8,851.1,21.2,21.4,62.3,476,2565,0,0,122,0.2,0.2,21.3,16.6,16.7
2026-06-22T11:10:13Z,0,0,0,1.3,0,0,21.3,850.9,21.8,22,59.9,504,2887,0,0.4,122,1.3,1.3,21.9,16.8,17.2
2026-06-22T11:25:20Z,0,0,0,1.6,0,0,22.2,850.7,22.8,22.9,58.4,564,3504,0,0.3,122,1.3,1.3,22.8,17.4,18
2026-06-22T11:40:27Z,0,0,0,1.4,0,0,22,850.6,22.4,22.5,57.4,511,2964,0,0.2,122,0.9,0.9,22.4,16.9,17.7
2026-06-22T11:55:35Z,0,0,0,1.4,0,0,22.5,850.4,23.1,23.3,55,523,3055,0,0.5,122,2,2,23.2,17.2,18.3
2026-06-22T12:10:42Z,0,0,0,0.9,0,0,21.6,850.2,21.9,21.8,59.4,434,2148,0,0.3,122,1.7,1.7,21.6,16.5,17
2026-06-22T12:26:03Z,0,0,0,1.2,0,0,21.2,850.1,21.6,21.8,58.9,485,2709,0,0.8,122,1.7,1.7,21.7,16.4,17
2026-06-22T12:41:10Z,0,0,0,0.8,0,0,21.3,850.1,21.6,21.9,58.1,409,1853,0,1.1,122,2,2,21.8,16.5,17.2
2026-06-22T12:56:18Z,0,0,0,0.6,0,0,21.2,850.1,21.5,21.8,59.8,359,1327,0,0.2,122,1.1,1.1,21.7,16.6,17.1
2026-06-22T13:11:25Z,0,0,0,0.3,0,0,21,850,21.2,21.6,60.3,317,882,0,0.1,122,0.7,0.7,21.5,16.5,16.8
2026-06-22T13:26:33Z,0,0,0,0.4,0,0,20.9,849.9,21.2,21.4,60.7,331,1023,0,0,122,0,0,21.3,16.4,16.7
2026-06-22T13:41:40Z,0,0,0,0.5,0,0,20.9,849.9,21,21.3,61.3,344,1166,0,0,122,0,0,21.2,16.3,16.6
2026-06-22T13:57:06Z,0,0,0,0.3,0,0,21,850.1,21.1,21.4,60,320,891,0,0,122,0,0,21.3,16.3,16.7
2026-06-22T14:12:14Z,0,0,0,0.2,0,0,20.7,850.1,20.9,21.2,59.7,296,642,0,0,122,0,0,21,16,16.5
2026-06-22T14:27:21Z,0,0,0,0.2,0,0,20.6,850.2,20.8,21,59.7,296,629,0,0.1,122,0.8,0.8,20.9,15.9,16.3
2026-06-22T14:42:27Z,0,0,0,0.2,0,0,20.5,850.2,20.8,20.9,60.5,285,540,0,0,122,0,0,20.8,15.9,16.3
2026-06-22T14:57:35Z,0,0,0,0.1,0,0,20.4,850.3,20.6,20.8,60.3,275,406,0,0,122,0.4,0.4,20.7,15.8,16.1
2026-06-22T15:12:42Z,0,0,0,0.1,0,0,20.2,850.5,20.4,20.6,60.9,266,292,0,0,122,0,0,20.5,15.7,16
2026-06-22T15:27:49Z,0,0,0,0,0,0,20,850.6,20.2,20.4,61.2,261,258,0,0.4,122,0.9,0.9,20.3,15.5,15.8
2026-06-22T15:43:12Z,0,0,0,0,0,0,20,850.8,20.2,20.4,61.2,260,256,0,0.3,122,1.1,1.1,20.2,15.5,15.8
2026-06-22T15:58:19Z,0,0,0,0,0,0,19.9,850.9,20.1,20.2,61.7,261,253,0,0,122,0.7,0.7,20.1,15.4,15.6
2026-06-22T16:13:26Z,0,0,0,0,0,0,19.7,851,19.9,20.1,62.2,259,253,0,0,122,0.2,0.2,19.9,15.4,15.5
2026-06-22T16:28:34Z,0,0,0,0,0,0,19.7,851.2,19.8,20,61.6,260,253,0,0.3,122,1.1,1.1,19.8,15.2,15.4
2026-06-22T16:43:41Z,0,0,0,0,0,0,19.6,851.3,19.7,19.9,60.8,260,253,0,0.1,122,0.7,0.7,19.8,15.1,15.3
2026-06-22T16:58:47Z,0,0,0,0,0,0,19.4,851.4,19.6,19.8,61.3,260,254,0,0.1,122,0.7,0.7,19.6,15,15.2
2026-06-22T17:14:14Z,0,0,0,0,0,0,19.3,851.6,19.4,19.6,62.2,263,253,0,0.1,122,0.4,0.4,19.5,15,15.1
2026-06-22T17:29:19Z,0,0,0,0,0,0,19.1,851.8,19.2,19.4,63.1,262,253,0,0,122,0,0,19.3,14.9,14.9
2026-06-22T17:44:27Z,0,0,0,0,0,0,19,852,19.2,19.4,62,260,254,0,0.2,122,0.9,0.9,19.2,14.7,14.8
2026-06-22T17:59:34Z,0,0,0,0,0,0,18.8,852.1,18.9,19.2,62.2,259,254,0,0,122,0.2,0.2,19,14.6,14.7
2026-06-22T18:14:42Z,0,0,0,0,0,0,18.7,852.3,18.9,19.1,62.2,261,253,0,0,122,0.2,0.2,18.9,14.5,14.6
2026-06-22T18:29:50Z,0,0,0,0,0,0,18.6,852.4,18.7,19,62.1,261,253,0,0.2,122,0.7,0.7,18.8,14.3,14.4
2026-06-22T18:45:17Z,0,0,0,0,0,0,18.4,852.5,18.6,18.8,62.6,260,254,0,0.1,122,0.9,0.9,18.6,14.2,14.3
2026-06-22T19:00:25Z,0,0,0,0,0,0,18.3,852.6,18.5,18.7,62.4,261,252,0,0.1,122,0.7,0.7,18.5,14.1,14.2
2026-06-22T19:15:32Z,0,0,0,0,0,0,18.1,852.8,18.3,18.5,63,259,254,0,0.4,122,1.1,1.1,18.3,14,14
2026-06-22T19:30:40Z,0,0,0,0,0,0,17.9,852.7,18.1,18.3,63.5,260,254,0,0,122,0,0,18.1,13.9,13.8
2026-06-22T19:45:47Z,0,0,0,0,0,0,17.8,852.6,17.9,18.2,64.2,261,253,0,0,122,0,0,18,13.9,13.7
2026-06-22T20:01:12Z,0,0,0,0,0,0,17.9,852.5,18,18.2,63.3,260,255,0,0.8,122,2,2,18,13.8,13.7
2026-06-22T20:16:20Z,0,0,0,0,0,0,17.7,852.6,17.9,18.1,63.9,262,253,0,0.1,122,0.2,0.2,17.9,13.8,13.6
2026-06-22T20:31:28Z,0,0,0,0,0,0,17.6,852.5,17.8,18,64.3,260,253,0,0.2,122,1.1,1.1,17.8,13.7,13.5
2026-06-22T20:46:35Z,0,0,0,0,0,0,17.4,852.5,17.6,17.8,65.3,261,254,0,0.3,122,1.1,1.1,17.6,13.7,13.3
2026-06-22T21:01:43Z,0,0,0,0,0,0,17.3,852.3,17.4,17.6,66.4,260,253,0,0.1,122,0.4,0.4,17.4,13.7,13.2
2026-06-22T21:16:51Z,0,0,0,0,0,0,17,852.3,17.2,17.4,67.4,261,253,0,0.3,122,0.9,0.9,17.2,13.6,13
2026-06-22T21:32:16Z,0,0,0,0,0,0,16.9,852.5,17,17.3,68.8,261,253,0,0,122,0,0,17.1,13.6,12.8
2026-06-22T21:47:24Z,0,0,0,0,0,0,16.7,852.2,16.8,17.1,70.1,259,253,0,0.6,122,1.1,1.1,16.9,13.6,12.7
2026-06-22T22:02:33Z,0,0,0,0,0,0,16.5,852.1,16.6,16.9,71.8,260,253,0,0.1,122,0.4,0.4,16.7,13.6,12.5
2026-06-22T22:17:41Z,0,0,0,0,0,0,16.3,852,16.4,16.7,72.4,260,253,0,0.2,122,0.7,0.7,16.5,13.5,12.3
2026-06-22T22:32:49Z,0,0,0,0,0,0,16.1,851.9,16.3,16.5,74,259,253,0,0.5,122,2,2,16.3,13.5,12.1
2026-06-22T22:48:20Z,0,0,0,0,0,0,15.9,851.8,16.2,16.3,74.8,260,253,0,1.1,122,1.7,1.7,16.2,13.4,12
2026-06-22T23:03:27Z,0,0,0,0,0,0,15.8,851.7,16.2,16.2,76.1,260,254,0,0,122,0,0,16,13.4,11.8
2026-06-22T23:18:35Z,0,0,0,0,0,0,15.6,851.6,16,16.1,76.5,261,254,0,0,122,0,0,15.9,13.4,11.7
2026-06-22T23:34:22Z,0,0,0,0,0,0,15.4,851.5,15.8,15.9,77.5,259,254,0,0,122,0,0,15.7,13.3,11.5
2026-06-22T23:49:29Z,0,0,0,0,0,0,15.1,851.5,15.4,15.5,78,259,252,0,0,122,0,0,15.4,13,11.2
2026-06-23T00:00:35Z,0,0,0,0,0,0,14.8,851.5,15.1,15.3,79.6,260,253,0,0,122,0,0,15.1,13,10.9
2026-06-23T00:15:43Z,0,0,0,0,0,0,14.5,851.4,14.9,15,80.8,262,253,0,0,122,0,0,14.8,12.8,10.6
2026-06-23T00:30:51Z,0,0,0,0,0,0,14.3,851.3,14.6,14.8,81.8,261,254,0,0,122,0,0,14.6,12.7,10.4
2026-06-23T00:45:58Z,0,0,0,0,0,0,13.9,851.4,14.2,14.4,83.2,260,254,0,0,122,0,0,14.2,12.5,10
2026-06-23T01:01:22Z,0,0,0,0,0,0,13.6,851.4,14,14.1,84.7,261,253,0,0,122,0,0,13.9,12.4,9.7
2026-06-23T01:16:30Z,0,0,0,0,0,0,13.6,851.4,13.9,14,86.1,260,253,0,0,122,0,0,13.9,12.4,9.6
2026-06-23T01:31:38Z,0,0,0,0,0,0,13.5,851.5,13.8,13.9,86.5,261,253,0,0,122,0,0,13.8,12.4,9.6
2026-06-23T01:46:46Z,0,0,0,0,0,0,13.4,851.6,13.8,13.9,87,261,254,0,0,122,0,0,13.7,12.4,9.5
2026-06-23T02:01:54Z,0,0,0,0,0,0,13.4,851.8,13.8,13.9,87.4,261,253,0,0,122,0,0,13.7,12.5,9.5
2026-06-23T02:17:02Z,0,0,0,0,0,0,13.5,852,13.8,13.9,87,261,254,0,0,122,0,0,13.8,12.5,9.6
2026-06-23T02:32:25Z,0,0,0,0,0,0,13.2,852.2,13.5,13.6,87.9,260,254,0,0,122,0,0,13.5,12.3,9.2
2026-06-23T02:47:33Z,0,0,0,0,0,0,12.9,852.3,13.1,13.3,89.4,261,253,0,0,122,0,0,13.1,12.1,8.9
2026-06-23T03:03:31Z,0,0,0,0,0,0,12.7,852.5,12.9,13.1,90.1,261,253,0,0,122,0,0,12.9,12,8.7
2026-06-23T03:18:38Z,0,0,0,0,0,0,12.4,852.8,12.6,12.8,90.3,260,255,0,0,122,0,0,12.7,11.7,8.4
2026-06-23T03:33:46Z,0,0,0,0,0,0,12.2,852.9,12.4,12.6,91.2,264,278,0,0,122,0,0,12.5,11.6,8.2
2026-06-23T03:48:53Z,0,0,0,0.1,0,0,12.1,852.8,12.4,12.6,91.9,270,358,0,0,122,0,0,12.5,11.7,8.2
2026-06-23T04:04:36Z,0,0,0,0.2,0,0,12.6,852.9,12.9,13.1,92.3,294,674,0,0,122,0,0,13,12.2,8.7
2026-06-23T04:19:43Z,0,0,0,0.3,0,0,13.6,852.9,14.1,13.9,89.8,320,959,0,0,122,0,0,13.8,12.8,9.6
2026-06-23T04:34:50Z,0,0,0,0.4,0,0,15,853,15.4,15.1,86.1,339,1218,0,0,122,0,0,15,13.5,10.9
2026-06-23T04:50:38Z,0,0,0,0.5,0,0,16,853.1,16.2,16,82.3,342,1184,0,0,122,0.2,0.2,15.9,13.9,11.7
2026-06-23T05:05:45Z,0,0,0,0.5,0,0,15.9,853.2,16.2,16,81.1,355,1309,0,0,122,0,0,15.9,13.9,11.7
2026-06-23T05:20:53Z,0,0,0,1.1,0,0,16.4,853.4,16.6,16.4,78.5,457,2593,0,0.1,122,0.4,0.4,16.3,13.9,12.1
2026-06-23T05:36:00Z,0,0,0,0.6,0,0,16.9,853.4,17.2,16.7,77.6,363,1170,0,0,122,0,0,16.6,14.1,12.4
2026-06-23T05:51:08Z,0,0,0,1,0,0,17.9,853.6,18.2,17.4,75.7,444,2285,0,0,122,0,0,17.3,14.5,13.1
2026-06-23T06:06:35Z,0,0,0,0.5,0,0,17.6,853.8,18.2,17.8,73.8,344,1203,0,0,122,0.4,0.4,17.7,14.7,13.4
2026-06-23T06:21:42Z,0,0,0,0.5,0,0,16.8,853.9,17.2,17.1,76,346,1232,0,0.3,122,0.9,0.9,17,14.3,12.7
2026-06-23T06:36:50Z,0,0,0,0.7,0,0,16.7,854,16.9,16.9,77.5,383,1627,0,0,122,0,0,16.8,14.3,12.6
2026-06-23T06:51:58Z,0,0,0,1,0,0,17.1,853.9,17.3,17.3,75.9,450,2313,0,0.7,122,1.5,1.5,17.2,14.4,12.9
2026-06-23T07:07:05Z,0,0,0,2.5,0,0,17.9,853.8,18.4,17.9,73.7,720,5355,0,0,122,0.4,0.4,17.8,14.8,13.5
2026-06-23T07:22:13Z,0,0,0,2.9,0,0,19.6,853.7,19.9,19.3,67.4,800,6365,0,1.1,122,1.5,1.5,19.2,15.3,14.8
2026-06-23T07:37:38Z,0,0,0,1.5,0,0,20.6,853.5,21.5,21,63.6,530,3095,0,0,122,0,0,20.9,16.4,16.4
2026-06-23T07:52:45Z,0,0,0,1.4,0,0,21,853.4,21.6,21.2,62,514,2850,0,0,122,0.2,0.2,21.1,16.3,16.5
2026-06-23T08:08:15Z,0,0,0,3.5,0,0,21.6,853.3,22.4,22.1,59.8,918,7747,0,0,122,0.2,0.2,22,16.9,17.3
2026-06-23T08:23:38Z,0,0,0,1.1,0,0,21.5,853.1,22,21.4,60.8,467,2422,0,0,122,0.2,0.2,21.3,16.4,16.7
2026-06-23T08:38:46Z,0,0,0,1.5,0,0,20.9,852.8,21.2,21.5,59.2,530,3194,0,0.4,122,1.3,1.3,21.4,16.3,16.8
2026-06-23T08:53:53Z,0,0,0,1.1,0,0,21.4,852.8,21.8,21.5,59.8,468,2515,0,0.1,122,0.7,0.7,21.4,16.4,16.8
2026-06-23T09:09:01Z,0,0,0,1.2,0,0,20.8,852.6,21.2,21.1,60.2,491,2767,0,0.1,122,1.1,1.1,21,16,16.4
2026-06-23T09:24:08Z,0,0,0,1.4,0,0,20.9,852.5,21.4,21.2,60.7,526,3167,0,0.1,122,0.7,0.7,21.1,16.2,16.5
2026-06-23T09:39:15Z,0,0,0,1.7,0,0,21.6,852.3,21.7,21.9,59.9,578,3673,0,0,122,0.2,0.2,21.8,16.7,17.2
2026-06-23T09:54:41Z,0,0,0,1.7,0,0,22.1,852.1,22.4,22.7,55.8,569,3584,0,0,122,0,0,22.6,16.8,17.8
2026-06-23T10:09:49Z,0,0,0,1,0,0,22,852,22.3,22.7,54.9,452,2322,0,0.6,122,1.3,1.3,22.6,16.7,17.8
2026-06-23T10:24:56Z,0,0,0,1.6,0,0,21.7,851.8,22.1,21.9,58.3,548,3341,0,0.1,122,0.6,0.6,21.8,16.5,17.1
2026-06-23T10:40:03Z,0,0,0,0.7,0,0,21.4,851.6,21.9,21.9,59.1,380,1541,0,0,122,0,0,21.8,16.6,17.1
2026-06-23T10:55:11Z,0,0,0,0.7,0,0,21.1,851.4,21.6,21.6,59.4,385,1613,0,0,122,0.2,0.2,21.5,16.4,16.9
2026-06-23T11:10:18Z,0,0,0,0.8,0,0,20.9,851.3,21.2,21.5,60.2,413,1899,0,0.5,122,1.5,1.5,21.3,16.4,16.7
2026-06-23T11:25:44Z,0,0,0,0.9,0,0,21.4,851.2,21.5,22,58.2,420,1987,0,1,76,1.7,1.7,21.9,16.6,17.2
2026-06-23T11:40:51Z,0,0,0,1.2,0,0,21.6,851.2,21.8,22.2,59.2,477,2580,0,0.1,92,0.7,0.7,22.2,16.9,17.4
2026-06-23T11:55:58Z,0,0,0,1,0,0,21.4,851,21.5,22,60,439,2191,0,0.1,120,0.7,0.7,22,16.8,17.3
2026-06-23T12:11:06Z,0,0,0,1,0,0,21.2,850.9,21.4,21.8,60.2,442,2255,0,0.3,121,1.7,1.7,21.7,16.7,17.1
2026-06-23T12:26:54Z,0,0,0,1,0,0,21.3,850.7,21.6,21.8,60.8,450,2347,0,0,98,0.4,0.4,21.7,16.8,17.1
2026-06-23T12:42:01Z,0,0,0,1.1,0,0,21.7,850.7,22.1,22.3,59.2,456,2373,0,0,115,0.2,0.2,22.3,17,17.5
2026-06-23T12:57:09Z,0,0,0,0.9,0,0,21.5,850.7,22,22.1,59.4,432,2116,0,0.1,123,0.7,0.7,22.1,16.9,17.4
2026-06-23T13:12:16Z,0,0,0,0.6,0,0,21.6,850.6,22,22.2,60,376,1536,0,0.3,123,1.1,1.1,22.2,17,17.4
2026-06-23T13:27:42Z,0,0,0,0.4,0,0,21.1,850.6,21.4,21.7,61,338,1093,0,0.1,123,0.6,0.6,21.6,16.7,17
2026-06-23T13:42:49Z,0,0,0,0.3,0,0,20.7,850.6,21,21.2,62.5,308,758,0,0.1,123,0.4,0.4,21.1,16.4,16.5
2026-06-23T13:57:56Z,0,0,0,0.2,0,0,20.5,850.7,20.7,21,62.8,292,592,0,0.8,115,2.2,2.2,20.9,16.2,16.3
2026-06-23T14:13:50Z,0,0,0,0.2,0,0,20.1,850.7,20.4,20.6,64.3,292,583,0,0.8,115,2,2,20.5,16.1,16
2026-06-23T14:28:57Z,0,0,0,0.2,0,0,19.9,850.9,20.1,20.4,65,291,595,0,0.1,116,0.4,0.4,20.3,16,15.8
2026-06-23T14:44:05Z,0,0,0,0.1,0,0,19.8,850.9,20,20.2,65.8,274,389,0,0,116,0,0,20.1,16,15.7
2026-06-23T14:59:12Z,0,0,0,0,0,0,19.6,851.1,19.8,20,66.8,265,295,0,0.2,116,0.7,0.7,19.9,15.9,15.5
2026-06-23T15:14:19Z,0,0,0,0,0,0,19.3,851.4,19.5,19.8,67.6,264,274,0,0.2,117,0.7,0.7,19.6,15.7,15.2
2026-06-23T15:29:45Z,0,0,0,0,0,0,19.1,851.4,19.3,19.5,68.5,263,264,0,0.2,117,0.9,0.9,19.4,15.7,15.1
2026-06-23T15:44:53Z,0,0,0,0,0,0,19,851.5,19.2,19.5,68.8,261,254,0,0.1,118,0.4,0.4,19.4,15.6,15
2026-06-23T16:00:00Z,0,0,0,0,0,0,18.9,851.6,19.1,19.3,69.3,260,253,0,0.1,118,0.2,0.2,19.2,15.5,14.8
2026-06-23T16:15:07Z,0,0,0,0,0,0,18.8,851.6,18.9,19.2,68.9,258,253,0,0.4,117,1.3,1.3,19.1,15.4,14.7
2026-06-23T16:30:15Z,0,0,0,0,0,0,18.7,851.8,18.8,19.1,69.4,260,253,0,0.1,118,1.1,1.1,18.9,15.3,14.6
2026-06-23T16:45:22Z,0,0,0,0,0,0,18.5,851.8,18.7,18.9,69.5,260,253,0,0.3,118,0.9,0.9,18.8,15.2,14.5
2026-06-23T17:00:49Z,0,0,0,0,0,0,18.4,852,18.6,18.8,70.2,260,255,0,0.2,118,0.9,0.9,18.6,15.2,14.3
2026-06-23T17:15:57Z,0,0,0,0,0,0,18.2,852.2,18.4,18.6,70.8,260,253,0,0.2,118,0.9,0.9,18.5,15.1,14.2
2026-06-23T17:31:04Z,0,0,0,0,0,0,18.1,852.2,18.3,18.5,70.7,261,253,0,0.2,118,1.1,1.1,18.4,15,14.1
2026-06-23T17:46:11Z,0,0,0,0,0,0,18,852.3,18.2,18.4,71.7,260,254,0,0,118,0,0,18.3,15,14
2026-06-23T18:01:19Z,0,0,0,0,0,0,17.9,852.3,18.1,18.3,71.5,259,254,0,0,118,0,0,18.2,14.9,13.9
2026-06-23T18:16:26Z,0,0,0,0,0,0,17.9,852.4,18,18.2,72.3,259,253,0,0,118,0,0,18.1,14.9,13.8
2026-06-23T18:31:52Z,0,0,0,0,0,0,17.8,852.4,17.9,18.1,72.7,261,253,0,0,118,0,0,18,14.9,13.7
2026-06-23T18:46:59Z,0,0,0,0,0,0,17.6,852.6,17.8,18,73,260,254,0,0,118,0,0,17.9,14.8,13.6
2026-06-23T19:02:06Z,0,0,0,0,0,0,17.5,852.7,17.7,17.9,73.7,259,252,0,0,118,0,0,17.8,14.7,13.5
2026-06-23T19:17:14Z,0,0,0,0,0,0,17.5,852.7,17.6,17.9,74.6,260,254,0,0,118,0,0,17.8,14.9,13.5
2026-06-23T19:32:22Z,0,0,0,0,0,0,17.5,852.8,17.6,17.8,74.8,260,254,0,0,118,0,0,17.7,14.8,13.4
2026-06-23T19:47:29Z,0,0,0,0,0,0,17.5,852.7,17.7,17.9,74.9,261,252,0,0,118,0,0,17.8,14.9,13.5
2026-06-23T20:02:56Z,0,0,0,0,0,0,17.5,852.7,17.7,17.9,73,260,254,0,0,118,0,0,17.8,14.7,13.5
2026-06-23T20:18:03Z,0,0,0,0,0,0,17.7,852.6,17.8,18,71.9,260,252,0,0,118,0.2,0.2,17.9,14.7,13.6
2026-06-23T20:33:11Z,0,0,0,0,0,0,17.7,852.5,17.8,18,72.8,261,253,0,0.2,118,0.7,0.7,17.9,14.8,13.6
2026-06-23T20:48:19Z,0,0,0,0,0,0,17.5,852.4,17.7,17.9,73.8,260,253,0,0,118,0.2,0.2,17.8,14.8,13.5
2026-06-23T21:03:27Z,0,0,0,0,0,0,17.4,852.4,17.6,17.8,75,261,253,0,0,118,0,0,17.7,14.8,13.4
2026-06-23T21:18:35Z,0,0,0,0,0,0,17.3,852.1,17.4,17.6,75.3,260,253,0,0,118,0,0,17.5,14.7,13.3
2026-06-23T21:33:59Z,0,0,0,0,0,0,17.1,852.3,17.3,17.5,76.4,260,253,0,0.1,118,0.4,0.4,17.4,14.7,13.2
2026-06-23T21:49:06Z,0,0,0,0,0,0,17,852,17.2,17.4,77.6,261,253,0,0,118,0,0,17.3,14.8,13.1
2026-06-23T22:04:14Z,0,0,0,0,0,0,16.9,851.9,17,17.3,78.2,261,254,0,0,118,0,0,17.2,14.7,13
2026-06-23T22:19:21Z,0,0,0,0,0,0,16.7,851.9,16.9,17.2,79,260,254,0,0,118,0,0,17.1,14.7,12.8
2026-06-23T22:34:29Z,0,0,0,0,0,0,16.5,851.7,16.6,16.9,79.6,258,254,0,0.4,128,1.1,1.1,16.8,14.5,12.6
2026-06-23T22:49:36Z,0,0,0,0,0,0,16.4,851.7,16.5,16.8,80.2,261,253,0,0.1,128,0.4,0.4,16.7,14.5,12.5
2026-06-23T23:05:03Z,0,0,0,0,0,0,16.3,851.6,16.4,16.7,80.8,260,254,0,0,128,0,0,16.6,14.5,12.4
2026-06-23T23:20:12Z,0,0,0,0,0,0,16.2,851.5,16.3,16.6,81.5,261,255,0,0,128,0.2,0.2,16.5,14.4,12.3
2026-06-23T23:35:19Z,0,0,0,0,0,0,16.1,851.5,16.3,16.5,82,261,253,0,0.1,128,0.4,0.4,16.5,14.4,12.2
2026-06-23T23:50:26Z,0,0,0,0,0,0,16,851.5,16.2,16.5,82.5,261,254,0,0,128,0.2,0.2,16.4,14.4,12.2
2026-06-24T00:00:31Z,0,0,0,0,0,0,16,851.5,16.3,16.4,82.7,261,253,0,0.1,128,0.7,0.7,16.3,14.4,12.1
2026-06-24T00:15:38Z,0,0,0,0,0,0,15.9,851.5,16.2,16.3,83.1,260,255,0,0,128,0,0,16.3,14.4,12.1
2026-06-24T00:31:05Z,0,0,0,0,0,0,15.9,851.4,16.2,16.3,83.8,261,254,0,0,128,0,0,16.2,14.4,12
2026-06-24T00:46:12Z,0,0,0,0,0,0,15.8,851.5,16.1,16.3,84.1,261,254,0,0,128,0,0,16.2,14.4,12
2026-06-24T01:01:20Z,0,0,0,0,0,0,15.8,851.3,16.1,16.2,84.4,259,253,0,0,128,0,0,16.1,14.4,11.9
2026-06-24T01:16:27Z,0,0,0,0,0,0,15.7,851.4,16,16.1,84.9,260,253,0,0,128,0,0,16.1,14.4,11.9
2026-06-24T01:31:34Z,0,0,0,0,0,0,15.6,851.6,16,16,85,260,254,0,0,128,0,0,16,14.3,11.8
2026-06-24T01:46:41Z,0,0,0,0,0,0,15.6,851.8,15.9,16,85.7,261,253,0,0,128,0,0,16,14.4,11.8
2026-06-24T02:02:08Z,0,0,0,0,0,0,15.6,852,16,16,86.2,261,253,0,0,128,0,0,16,14.4,11.8
2026-06-24T02:17:15Z,0,0,0,0,0,0,15.5,852.1,15.9,16,86.3,260,254,0,0,128,0,0,15.9,14.4,11.7
2026-06-24T02:32:23Z,0,0,0,0,0,0,15.5,852.2,15.8,15.9,86.8,261,253,0,0,128,0.2,0.2,15.9,14.4,11.7
2026-06-24T02:47:30Z,0,0,0,0,0,0,15.5,852.3,15.8,15.9,86.6,259,253,0,0,128,0,0,15.9,14.4,11.7
2026-06-24T03:02:38Z,0,0,0,0,0,0,15.5,852.4,15.9,15.9,86.7,260,253,0,0,128,0,0,15.9,14.4,11.7
2026-06-24T03:17:45Z,0,0,0,0,0,0,15.5,852.4,15.9,16,86.6,260,253,0,0,128,0,0,15.9,14.4,11.7
2026-06-24T03:33:11Z,0,0,0,0,0,0,15.5,852.5,15.8,15.9,86.7,261,261,0,0.3,128,1,1,15.9,14.4,11.7
2026-06-24T03:48:18Z,0,0,0,0,0,0,15.5,852.6,15.8,15.9,86.9,263,281,0,0,128,0,0,15.9,14.4,11.7
2026-06-24T04:03:25Z,0,0,0,0,0,0,15.5,852.8,15.8,15.9,86.9,265,315,0,0,128,0,0,15.9,14.4,11.7
2026-06-24T04:18:33Z,0,0,0,0.1,0,0,15.5,852.9,15.8,15.9,87.8,274,417,0,0,128,0.2,0.2,15.9,14.5,11.7
2026-06-24T04:33:40Z,0,0,0,0.1,0,0,15.5,853.1,15.8,15.9,88.1,277,464,0,0,128,0,0,15.9,14.6,11.7
2026-06-24T04:48:48Z,0,0,0,0.2,0,0,15.6,853.3,15.9,16,88.2,286,539,0,0,128,0,0,16,14.6,11.8
2026-06-24T05:04:13Z,0,0,0,0.3,0,0,15.8,853.6,16.1,16.2,87.6,314,853,0,0.1,128,0.7,0.7,16.2,14.8,12
2026-06-24T05:19:21Z,0,0,0,0.5,0,0,16.2,853.7,16.3,16.6,86.6,344,1185,0,0.2,128,0.7,0.7,16.6,15.1,12.4
2026-06-24T05:34:29Z,0,0,0,0.4,0,0,16.6,854,16.8,16.9,85.7,341,1146,0,0,128,0.2,0.2,16.9,15.2,12.7
2026-06-24T05:50:23Z,0,0,0,0.7,0,0,16.9,853.9,16.9,17.1,84.1,386,1625,0,0.1,128,0.7,0.7,17.1,15.3,12.9
2026-06-24T06:05:30Z,0,0,0,1,0,0,17.7,854,17.8,18,80.9,450,2322,0,0.1,128,0.4,0.4,17.9,15.7,13.7
2026-06-24T06:20:38Z,0,0,0,1.1,0,0,18.1,854,18.1,18.5,78.7,458,2393,0,0.2,128,0.7,0.7,18.5,16,14.2
2026-06-24T06:36:24Z,0,0,0,0.9,0,0,18.8,854,19,19.3,76.4,427,2078,0,0,128,0.2,0.2,19.3,16.4,14.9
2026-06-24T06:51:58Z,0,0,0,1.1,0,0,19,853.9,19,19.4,75.2,462,2461,0,0.2,128,0.7,0.7,19.4,16.4,15
2026-06-24T07:07:21Z,0,0,0,0.8,0,0,19.2,853.9,19.5,19.5,73.6,414,1918,0,0,128,0,0,19.5,16.3,15.1
2026-06-24T07:22:29Z,0,0,0,0.4,0,0,18.8,853.9,19.1,19.3,74.7,327,1008,0,0,128,0.4,0.4,19.3,16.2,14.9
2026-06-24T07:37:36Z,0,0,0,0.4,0,0,18.5,853.8,18.8,19,75.6,331,1034,0,0,128,0.2,0.2,19,16,14.6
2026-06-24T07:52:44Z,0,0,0,0.4,0,0,18.3,853.8,18.6,18.9,76.4,336,1113,0,0.3,128,0.7,0.7,18.8,16,14.5
2026-06-24T08:07:52Z,0,0,0,0.7,0,0,18.7,853.7,18.9,19.2,75.8,389,1711,0,0,128,0,0,19.2,16.3,14.8
2026-06-24T08:22:59Z,0,0,0,1.1,0,0,19.2,853.5,19.4,19.7,73.9,469,2519,0,0.2,128,1.1,1.1,19.7,16.5,15.3
2026-06-24T08:38:24Z,0,0,0,1.3,0,0,19.8,853.3,20.1,20.5,71.9,501,2873,0,0.4,128,1.3,1.3,20.4,16.9,15.9
2026-06-24T08:53:32Z,0,0,0,1.4,0,0,20.1,853.2,20.4,20.8,69.8,518,3035,0,0.1,128,0.7,0.7,20.8,17,16.3
2026-06-24T09:08:39Z,0,0,0,2.2,0,0,21.4,853.2,21.5,22,67.8,670,4600,0,0.2,128,0.7,0.7,22,17.8,17.3
2026-06-24T09:24:34Z,0,0,0,1.8,0,0,21.2,853,21.4,22,65.7,600,3794,0,0.3,97,0.9,0.9,22,17.6,17.3
2026-06-24T09:39:42Z,0,0,0,1.2,0,0,22,852.7,22.4,22.4,66.3,488,2702,0,0,111,0.2,0.2,22.4,18,17.7
2026-06-24T09:54:49Z,0,0,0,0.9,0,0,20.9,852.6,21.4,21.5,67.3,426,2094,0,0.3,104,1.3,1.3,21.5,17.4,16.9
2026-06-24T10:09:57Z,0,0,0,0.8,0,0,20.4,852.5,20.6,21.1,68.3,414,1928,0,1,83,2.6,2.6,21.1,17.1,16.5
2026-06-24T10:25:05Z,0,0,0,1,0,0,20.4,852.3,20.6,21,68.9,445,2262,0,0,99,0,0,21,17.1,16.4
2026-06-24T10:40:29Z,0,0,0,0.7,0,0,20.6,852.2,21,21.2,69.2,385,1610,0,0,95,0.4,0.4,21.1,17.3,16.6
2026-06-24T10:55:37Z,0,0,0,0.2,0,0,19.9,852,20.4,20.4,71.2,301,718,0,0,117,0.2,0.2,20.4,16.8,15.9
2026-06-24T11:10:45Z,0,0,0,0.2,0,0,20,851.8,20.3,20.4,72.2,303,743,0,0,117,0,0,20.4,16.9,15.9
2026-06-24T11:25:53Z,0,0,0,0.3,0,0,19.7,851.6,20,20.1,71,314,863,0,0.1,117,0.7,0.7,20,16.5,15.6
2026-06-24T11:41:00Z,0,0,0,0.6,0,0,20,851.5,20.2,20.3,71.9,378,1566,0,0,117,0,0,20.3,16.8,15.8
2026-06-24T11:56:06Z,0,0,0,1.2,0,0,21,851.4,21.2,21.4,67,481,2689,0,0.1,117,0.7,0.7,21.4,17.2,16.8
2026-06-24T12:11:32Z,0,0,0,1.4,0,0,21.7,851.3,21.8,21.9,65.1,521,3115,0,0,117,0,0,21.9,17.4,17.2
2026-06-24T12:26:40Z,0,0,0,1.2,0,0,22.3,851.1,22.7,22.8,62.2,487,2646,0,0.1,117,0.7,0.7,22.7,17.8,17.9
2026-06-24T12:41:46Z,0,0,0,0.8,0,0,22.4,851.1,22.8,22.7,61.7,404,1812,0,0,117,0,0,22.6,17.7,17.9
2026-06-24T12:56:54Z,0,0,0,0.7,0,0,22.4,851,22.9,23.1,62.5,394,1698,0,0,117,0.2,0.2,23.1,18.1,18.2
2026-06-24T13:12:01Z,0,0,0,0.9,0,0,22,850.9,22.2,22.8,60.9,415,1971,0,0.2,117,1.1,1.1,22.7,17.6,17.9
2026-06-24T13:27:09Z,0,0,0,0.8,0,0,22.2,851,22.2,22.8,60.6,411,2039,0,0,117,0.2,0.2,22.7,17.6,17.9
2026-06-24T13:42:36Z,0,0,0,0.3,0,0,22,851.1,22.1,22.5,62.3,307,771,0,0,117,0.2,0.2,22.5,17.6,17.7
2026-06-24T13:57:44Z,0,0,0,0.3,0,0,21.1,851.2,21.2,21.6,66.4,305,735,0,0,117,0,0,21.6,17.3,17
2026-06-24T14:12:51Z,0,0,0,0.4,0,0,21.1,851.2,21.2,21.5,66.1,332,1034,0,0.6,117,1.3,1.3,21.5,17.2,16.9
2026-06-24T14:28:44Z,0,0,0,0.3,0,0,21,851.2,21.2,21.5,67.2,306,715,0,0.1,117,0.4,0.4,21.5,17.3,16.9
2026-06-24T14:43:52Z,0,0,0,0.2,0,0,20.5,851.2,20.8,21,69.2,285,532,0,0.5,116,2.2,2.2,20.9,17.1,16.4
2026-06-24T14:58:59Z,0,0,0,0.1,0,0,20.2,851.4,20.3,20.6,70.7,270,351,0,0.8,117,1.7,1.7,20.6,16.9,16.1
2026-06-24T15:14:06Z,0,0,0,0,0,0,19.6,851.6,19.8,20,73,263,287,0,0.1,117,0.4,0.4,20,16.7,15.6
2026-06-24T15:29:14Z,0,0,0,0,0,0,19.3,851.7,19.5,19.7,73.7,261,259,0,0.4,117,1,1,19.7,16.5,15.3
2026-06-24T15:44:41Z,0,0,0,0,0,0,19.2,851.9,19.4,19.6,74.5,260,254,0,0.4,117,1.7,1.7,19.5,16.4,15.2
2026-06-24T15:59:49Z,0,0,0,0,0,0,19,852,19.2,19.5,75.2,260,254,0,1.3,117,2.8,2.8,19.4,16.4,15.1
2026-06-24T16:14:56Z,0,0,0,0,0,0,18.6,852,18.8,19,78.1,261,254,0,0.1,117,0.9,0.9,19,16.3,14.6
2026-06-24T16:30:04Z,0,0,0,0,0,0,18.3,852.2,18.4,18.7,79.1,260,254,0,0.2,117,1.1,1.1,18.7,16.1,14.3
2026-06-24T16:45:11Z,0,0,0,0,0,0,18.1,852.4,18.3,18.5,79.5,260,252,0,0.4,117,1.7,1.7,18.5,16.1,14.2
2026-06-24T17:00:19Z,0,0,0,0,0,0,17.9,852.4,18.1,18.3,80,260,253,0,0,117,0.2,0.2,18.3,15.9,14
2026-06-24T17:15:49Z,0,0,0,0,0,0,17.9,852.6,18.1,18.3,79.4,260,253,0,0.1,117,0.7,0.7,18.3,15.8,14
2026-06-24T17:30:57Z,0,0,0,0,0,0,17.9,852.8,18,18.2,79.4,260,255,0,0,117,0,0,18.2,15.8,13.9
2026-06-24T17:46:04Z,0,0,0,0,0,0,17.7,852.9,17.9,18.1,79.6,260,253,0,0.4,117,1.3,1.3,18,15.6,13.8
2026-06-24T18:01:11Z,0,0,0,0,0,0,17.4,853,17.6,17.8,82,260,253,0,0.2,117,0.7,0.7,17.8,15.6,13.5
2026-06-24T18:16:18Z,0,0,0,0,0,0,17.1,852.9,17.3,17.5,83.2,260,254,0,0.6,117,2,2,17.5,15.5,13.2
2026-06-24T18:31:41Z,0,0,0,0,0,0,17,853,17.2,17.4,83.7,261,254,0,0,117,0,0,17.4,15.5,13.1
2026-06-24T18:46:48Z,0,0,0,0,0,0,17.1,853,17.2,17.4,84.3,261,254,0,0,117,0,0,17.4,15.6,13.2
2026-06-24T19:01:55Z,0,0,0,0,0,0,17.1,853.2,17.2,17.4,83.6,260,254,0,0,117,0,0,17.4,15.5,13.2
2026-06-24T19:17:03Z,0,0,0,0,0,0,17.1,853.2,17.2,17.4,83.2,261,253,0,0,117,0,0,17.4,15.4,13.2
2026-06-24T19:32:11Z,0,0,0,0,0,0,17.1,853.2,17.2,17.4,83.6,259,253,0,0,117,0,0,17.4,15.5,13.2
2026-06-24T19:47:18Z,0,0,0,0,0,0,17.1,853.3,17.2,17.5,84,260,253,0,0,117,0,0,17.4,15.6,13.2
2026-06-24T20:02:44Z,0,0,0,0,0,0,17.1,853.3,17.2,17.5,84.2,260,254,0,0,117,0,0,17.5,15.6,13.2
2026-06-24T20:17:51Z,0,0,0,0,0,0,17.1,853.1,17.2,17.5,84.5,262,254,0,0,117,0,0,17.5,15.6,13.2
2026-06-24T20:32:59Z,0,0,0,0,0,0,17,853.1,17.1,17.4,85,260,253,0,0,117,0,0,17.4,15.6,13.2
2026-06-24T20:48:07Z,0,0,0,0,0,0,17,853,17.1,17.4,85.4,261,254,0,0,117,0,0,17.4,15.6,13.1
2026-06-24T21:03:14Z,0,0,0,0,0,0,17,852.9,17.1,17.4,85.5,260,253,0,0,117,0.2,0.2,17.4,15.7,13.1
2026-06-24T21:18:21Z,0,0,0,0,0,0,16.9,852.9,16.9,17.2,87,261,255,0,0,117,0,0,17.3,15.7,13
2026-06-24T21:33:48Z,0,0,0,0,0,0,16.7,852.7,16.8,17.1,88.2,262,255,0,0,117,0,0,17.1,15.7,12.9
2026-06-24T21:48:55Z,0,0,0,0,0,0,16.6,852.6,16.7,17,89,260,253,0,0,117,0,0,17,15.7,12.8
2026-06-24T22:04:03Z,0,0,0,0,0,0,16.5,852.5,16.6,16.9,88.8,260,253,0,0,117,0,0,17,15.6,12.7
2026-06-24T22:19:11Z,0,0,0,0,0,0,16.5,852.5,16.7,16.9,88.9,260,254,0,0,117,0,0,17,15.6,12.7
2026-06-24T22:34:19Z,0,0,0,0,0,0,16.5,852.3,16.7,16.9,88.4,260,253,0,0,117,0,0,17,15.6,12.7
2026-06-24T22:49:27Z,0,0,0,0,0,0,16.5,852.2,16.6,16.9,88,260,253,0,0,117,0,0,16.9,15.5,12.7
2026-06-24T23:04:51Z,0,0,0,0,0,0,16.6,852.2,16.7,16.9,88.1,260,253,0,0,117,0,0,17,15.5,12.7
2026-06-24T23:19:59Z,0,0,0,0,0,0,16.6,852.1,16.8,17,87.3,259,254,0,0,117,0,0,17,15.5,12.8
2026-06-24T23:35:07Z,0,0,0,0,0,0,16.6,852.1,16.8,17,87.4,259,253,0,0,117,0,0,17,15.5,12.8
2026-06-24T23:50:14Z,0,0,0,0,0,0,16.5,852.1,16.6,16.9,85.7,260,252,0,0.2,117,0.9,0.9,16.9,15.2,12.6
2026-06-25T00:00:19Z,0,0,0,0,0,0,16.3,852,16.5,16.7,86.7,261,253,0,0,117,0.2,0.2,16.7,15.2,12.5
2026-06-25T00:15:26Z,0,0,0,0,0,0,16.1,852,16.3,16.5,88,259,252,0,0,117,0.4,0.4,16.5,15.1,12.3
2026-06-25T00:30:34Z,0,0,0,0,0,0,15.8,852.1,16.2,16.3,90.6,261,254,0,0,117,0.2,0.2,16.3,15.2,12.1
2026-06-25T00:45:59Z,0,0,0,0,0,0,15.6,852.3,16,16,92.2,260,253,0,0,117,0,0,16.1,15.1,11.9
2026-06-25T01:01:07Z,0,0,0,0,0,0,15.4,852.4,15.8,15.7,92.6,259,254,0,0,117,0,0,15.8,14.9,11.6
2026-06-25T01:16:14Z,0,0,0,0,0,0,15.3,852.1,15.6,15.7,93.4,260,252,0,0,117,0,0,15.7,14.9,11.5
2026-06-25T01:31:22Z,0,0,0,0,0,0,15.3,852.2,15.6,15.6,93.4,261,254,0,0,117,0,0,15.7,14.9,11.5
2026-06-25T01:46:30Z,0,0,0,0,0,0,15.3,852.2,15.6,15.6,93.4,260,254,0,0,117,0,0,15.7,14.9,11.5
2026-06-25T02:01:54Z,0,0,0,0,0,0,15.3,852.5,15.6,15.7,92.9,260,254,0,0,117,0,0,15.7,14.9,11.5
2026-06-25T02:17:02Z,0,0,0,0,0,0,15.5,852.5,15.8,15.9,92.9,262,252,0,0,117,0,0,15.9,15,11.7
2026-06-25T02:32:09Z,0,0,0,0,0,0,15.5,852.8,15.9,15.9,92.9,260,254,0,0,117,0,0,15.9,15.1,11.7
2026-06-25T02:47:16Z,0,0,0,0,0,0,15.5,852.8,15.9,15.9,93.1,260,253,0,0,117,0.2,0.2,16,15.1,11.8
2026-06-25T03:02:24Z,0,0,0,0,0,0,15.4,853,15.8,15.8,92.9,260,253,0,0,117,0,0,15.8,15,11.6
2026-06-25T03:17:31Z,0,0,0,0,0,0,15.5,853.1,15.8,15.9,92.3,259,254,0,0.5,117,0.7,0.7,15.9,15,11.7
2026-06-25T03:32:58Z,0,0,0,0,0,0,15.6,853.2,15.9,15.9,91.7,261,261,0,0,117,0,0,16,15,11.8
2026-06-25T03:48:06Z,0,0,0,0.1,0,0,15.6,853.3,15.9,16,91.1,268,316,0,0.2,117,0.7,0.7,16,14.9,11.8
2026-06-25T04:03:14Z,0,0,0,0.1,0,0,15.7,853.4,16,16.1,90.1,276,421,0,0.4,117,0.9,0.9,16.1,14.9,11.9
2026-06-25T04:18:22Z,0,0,0,0.2,0,0,15.7,853.5,16,16.1,89.1,289,574,0,0.4,117,0.9,0.9,16.1,14.8,11.9
2026-06-25T04:33:30Z,0,0,0,0.2,0,0,15.8,853.6,16.1,16.1,89.3,285,514,0,0.3,117,1.1,1.1,16.1,14.9,11.9
2026-06-25T04:48:38Z,0,0,0,0.2,0,0,15.7,854,16.1,16.1,88.8,290,590,0,0,117,0.4,0.4,16.1,14.8,11.9
2026-06-25T05:04:02Z,0,0,0,0.2,0,0,15.9,854.2,16.2,16.2,88.9,300,677,0,0,117,0,0,16.2,14.9,12
2026-06-25T05:19:10Z,0,0,0,0.3,0,0,16,854.3,16.3,16.3,87.9,312,819,0,0.1,117,0.7,0.7,16.3,14.9,12.1
2026-06-25T05:35:02Z,0,0,0,0.3,0,0,16.2,854.3,16.4,16.6,87.2,307,762,0,0.1,117,0.4,0.4,16.6,15.1,12.4
2026-06-25T05:50:26Z,0,0,0,0.4,0,0,16.4,854.4,16.6,16.8,86.9,331,1022,0,0.1,117,0.3,0.3,16.8,15.3,12.6
2026-06-25T06:05:35Z,0,0,0,0.4,0,0,16.7,854.5,16.8,16.9,86.3,325,969,0,0,117,0,0,16.9,15.3,12.7
2026-06-25T06:21:36Z,0,0,0,0.3,0,0,16.8,854.5,17.1,17.2,85.5,317,881,0,0,117,0,0,17.2,15.5,12.9
2026-06-25T06:36:43Z,0,0,0,0.6,0,0,16.8,854.6,17.1,17.1,85.8,360,1371,0,0,117,0,0,17.1,15.5,12.9
2026-06-25T06:51:51Z,0,0,0,1,0,0,17.4,854.4,17.8,17.8,83.4,445,2292,0,0.3,117,1.3,1.3,17.8,15.8,13.6
2026-06-25T07:06:59Z,0,0,0,1.6,0,0,18.2,854.2,18.6,18.6,81,565,3436,0,1.2,206,2.2,2.2,18.6,16.3,14.3
2026-06-25T07:22:06Z,0,0,0,2.1,0,0,18.5,854.2,19.1,18.8,79.1,641,4358,0,1.2,198,2.8,2.8,18.8,16.3,14.5
2026-06-25T07:37:31Z,0,0,0,2.6,0,0,19.3,854.2,19.9,19.6,75.7,740,5597,0,1.6,173,3.5,3.5,19.6,16.6,15.2
2026-06-25T07:52:39Z,0,0,0,2.2,0,0,19.7,853.9,20.4,20,73,670,4660,0,0.4,175,1.1,1.1,20,16.7,15.6
2026-06-25T08:08:37Z,0,0,0,3.7,0,0,20.9,853.9,21.7,21.3,69.8,951,8030,0,0.7,134,1.3,1.3,21.3,17.4,16.7
2026-06-25T08:23:44Z,0,0,0,1.7,0,0,21.1,853.7,22.1,21.5,68,566,3527,0,0.1,134,0.9,0.9,21.5,17.4,16.9
2026-06-25T08:38:51Z,0,0,0,1.3,0,0,21,853.7,21.5,21.3,67.8,502,2872,0,0,134,0,0,21.3,17.2,16.7
2026-06-25T08:53:58Z,0,0,0,1.2,0,0,21.3,853.6,21.8,21.5,67.8,490,2755,0,0,134,0,0,21.5,17.4,16.8
2026-06-25T09:09:05Z,0,0,0,2,0,0,21.6,853.3,21.9,21.7,68.5,627,4218,0,0.3,134,1.1,1.1,21.7,17.6,17
2026-06-25T09:24:12Z,0,0,0,1.6,0,0,22.2,853.1,22.7,22.4,64,551,3417,0,0.4,232,1.3,1.3,22.4,17.7,17.6
2026-06-25T09:39:37Z,0,0,0,1.5,0,0,22.3,853,22.9,22.8,63,534,3231,0,0,170,0,0,22.7,17.9,17.9
2026-06-25T09:54:43Z,0,0,0,2.1,0,0,22.8,852.7,22.9,23.1,62.8,655,4488,0,0.1,175,1.3,1.3,23.1,18.2,18.3
2026-06-25T10:09:50Z,0,0,0,4.1,0,0,23.9,852.6,24.7,24.3,57.8,1019,8852,0,0.9,151,1.7,1.7,24.3,18.6,19.2
2026-06-25T10:25:47Z,0,0,0,2.3,0,0,23.4,852.4,23.9,23.3,60.5,684,5020,0,0.1,244,0.4,0.4,23.3,18.1,18.4
2026-06-25T10:41:44Z,0,0,0,1.7,0,0,23.7,852.2,24,23.7,60.4,581,3717,0,0.7,226,1.7,1.7,23.7,18.4,18.7
2026-06-25T10:56:51Z,0,0,0,1.8,0,0,23.1,852,23.8,23.7,58.7,591,3856,0,0.1,191,1.5,1.5,23.7,18.2,18.7
2026-06-25T11:11:58Z,0,0,0,2.7,0,0,23.8,851.6,24.6,24.6,56.8,766,5843,0,0.1,199,0.7,0.7,24.6,18.7,19.4
2026-06-25T11:27:05Z,0,0,0,2.8,0,0,23.9,851.5,24.3,24.2,56.9,789,6185,0,0,224,0.2,0.2,24.2,18.3,19.1
2026-06-25T11:42:12Z,0,0,0,2.4,0,0,24.5,851.3,25.1,24.7,55.3,698,5236,0,0.4,186,2,2,24.7,18.6,19.5
2026-06-25T11:57:19Z,0,0,0,2.5,0,0,25.3,851.1,25.4,25.5,53.8,724,5422,0,0.3,221,1.3,1.3,25.5,19,20.1
2026-06-25T12:12:42Z,0,0,0,0.6,0,0,23.5,851,24.1,24,57.3,376,1328,0,0.6,207,1.6,1.6,24,18.2,18.9
2026-06-25T12:27:50Z,0,0,0,0.8,0,0,23.3,851,23.6,23.6,57.4,407,1657,0,0,230,0.2,0.2,23.5,17.9,18.6
2026-06-25T12:42:57Z,0,0,0,1.8,0,0,24.3,850.7,24.8,24.9,55.6,601,4062,0,0,145,0.2,0.2,24.8,18.7,19.6
2026-06-25T12:58:04Z,0,0,0,1.4,0,0,25.3,850.5,26,25.8,52.4,525,3172,0,0,330,0,0,25.8,19.1,20.4
2026-06-25T13:13:12Z,0,0,0,0.7,0,0,25.8,850.4,26.7,26.7,50.9,380,1458,0,0,141,0,0,27.2,19.6,21.4
2026-06-25T13:28:20Z,0,0,0,0.8,0,0,24.9,850.5,25.2,25.9,52.5,405,1735,0,0,142,0.2,0.2,25.9,19.1,20.4
2026-06-25T13:43:46Z,0,0,0,0.6,0,0,25,850.5,25.6,25.8,52.4,362,1254,0,0,142,0,0,25.8,19,20.4
2026-06-25T13:58:53Z,0,0,0,0.6,0,0,25.3,850.4,25.7,25.8,53,376,1474,0,0,142,0,0,25.8,19.2,20.4
2026-06-25T14:14:01Z,0,0,0,0.7,0,0,25.5,850.5,26,26.3,50.7,395,1824,0,0.8,92,2,2,26.3,19.2,20.8
2026-06-25T14:29:07Z,0,0,0,0.4,0,0,23.9,850.6,24,24.8,57.1,334,993,0,1.2,98,2.3,2.3,24.8,18.9,19.6
2026-06-25T14:44:14Z,0,0,0,0.3,0,0,23.1,850.6,23.1,23.6,62.3,308,726,0,0.7,54,1.3,1.3,23.6,18.6,18.7
2026-06-25T14:59:21Z,0,0,0,0.2,0,0,22.1,850.8,22.2,22.6,65.5,291,527,0,1,73,1.7,1.7,22.6,18.1,17.8
2026-06-25T15:14:28Z,0,0,0,0.1,0,0,21.6,850.9,21.8,22,67.1,275,401,0,0.3,123,0.7,0.7,22,17.8,17.3
2026-06-25T15:30:08Z,0,0,0,0.1,0,0,21,851.2,21.1,21.4,69.1,266,296,0,0.4,66,1.5,1.5,21.4,17.5,16.8
2026-06-25T15:45:15Z,0,0,0,0,0,0,20.5,851.3,20.7,20.9,70.5,260,260,0,0.7,80,1.3,1.3,20.9,17.2,16.4
2026-06-25T16:00:23Z,0,0,0,0,0,0,20.1,851.3,20.2,20.5,71.9,261,254,0,0.3,96,0.9,0.9,20.5,17,16
2026-06-25T16:15:31Z,0,0,0,0,0,0,19.8,851.5,20,20.2,73,261,252,0,0,90,0,0,20.1,16.8,15.7
2026-06-25T16:30:54Z,0,0,0,0,0,0,19.9,851.8,20,20.2,74.8,260,254,0,0.8,109,1.7,1.7,20.2,17.1,15.8
2026-06-25T16:46:02Z,0,0,0,0,0,0,19.6,851.9,19.8,20,76.4,261,253,0,0.6,80,2,2,20,17.1,15.6
2026-06-25T17:01:10Z,0,0,0,0,0,0,19.4,852.1,19.5,19.8,78.5,260,253,0,0.2,98,0.7,0.7,19.8,17.1,15.4
2026-06-25T17:16:17Z,0,0,0,0,0,0,19.4,852.3,19.5,19.7,78.5,260,253,0,0.2,101,0.9,0.9,19.7,17.1,15.3
2026-06-25T17:31:25Z,0,0,0,0,0,0,19.4,852.5,19.6,19.8,78.3,260,253,0,0.1,88,0.9,0.9,19.8,17.1,15.4
2026-06-25T17:46:33Z,0,0,0,0,0,0,19.4,852.6,19.5,19.8,78.8,261,252,0,0,88,0,0,19.8,17.2,15.4
2026-06-25T18:02:06Z,0,0,0,0,0,0,19.3,852.8,19.5,19.7,77.3,259,254,0,0.2,90,0.7,0.7,19.7,16.9,15.3
2026-06-25T18:17:13Z,0,0,0,0,0,0,19.3,852.9,19.4,19.6,74.7,260,253,0,0.6,117,1.7,1.7,19.6,16.5,15.2
2026-06-25T18:32:21Z,0,0,0,0,0,0,19,853.1,19.2,19.4,75,260,253,0,0,117,0.2,0.2,19.4,16.3,15
2026-06-25T18:47:29Z,0,0,0,0,0,0,18.7,853.3,18.9,19.1,76.1,260,253,0,0,117,0,0,19.1,16.2,14.7
2026-06-25T19:03:07Z,0,0,0,0,0,0,18.4,853.1,18.6,18.8,76.7,261,254,0,0.3,117,1.1,1.1,18.8,16,14.4
2026-06-25T19:18:15Z,0,0,0,0,0,0,18,853.1,18.2,18.5,78,261,253,0,0,117,0,0,18.4,15.8,14.1
2026-06-25T19:33:22Z,0,0,0,0,0,0,17.9,853.2,18.1,18.2,79.3,261,254,0,0,117,0,0,18.2,15.8,13.9
2026-06-25T19:49:16Z,0,0,0,0,0,0,17.7,853.1,17.9,18.1,79.8,260,252,0,0.1,117,0.4,0.4,18.1,15.7,13.8
2026-06-25T20:04:22Z,0,0,0,0,0,0,17.5,852.9,17.5,17.8,80.5,260,253,0,0,117,0,0,17.7,15.5,13.5
2026-06-25T20:19:30Z,0,0,0,0,0,0,16.9,852.8,17.1,17.2,84.1,260,254,0,0,117,0,0,17.1,15.3,12.9
2026-06-25T20:35:11Z,0,0,0,0,0,0,16.6,853,16.7,17,83.8,259,253,0,0.3,117,0.7,0.7,16.9,15.1,12.7
2026-06-25T20:50:18Z,0,0,0,0,0,0,17.3,853.1,17.2,17.5,80.4,259,253,0,0.7,117,1.3,1.3,17.5,15.2,13.3
2026-06-25T21:05:25Z,0,0,0,0,0,0,17.4,853,17.5,17.7,78.7,258,252,0,0.5,117,1.7,1.7,17.7,15.2,13.4
2026-06-25T21:21:15Z,0,0,0,0,0,0,17.4,852.9,17.5,17.7,77.7,260,253,0,1.1,117,2.4,2.4,17.6,15.1,13.4
2026-06-25T21:36:22Z,0,0,0,0,0,0,17.2,852.8,17.4,17.5,77.6,260,253,0,0.3,117,1.3,1.3,17.5,14.9,13.2
2026-06-25T21:51:30Z,0,0,0,0,0,0,17,852.7,17.2,17.4,77.8,260,253,0,0,117,0.2,0.2,17.3,14.7,13
2026-06-25T22:06:38Z,0,0,0,0,0,0,16.5,852.5,16.6,16.9,79.2,261,254,0,0,117,0,0,16.8,14.5,12.6
2026-06-25T22:22:04Z,0,0,0,0,0,0,16.1,852.5,16.2,16.5,81,260,253,0,0,117,0,0,16.4,14.2,12.2
2026-06-25T22:37:11Z,0,0,0,0,0,0,16,852.4,16.2,16.5,81.8,260,253,0,0,117,0,0,16.4,14.4,12.2
2026-06-25T22:52:18Z,0,0,0,0,0,0,16.3,852.2,16.4,16.7,81.7,260,253,0,0,117,0.2,0.2,16.6,14.5,12.4
2026-06-25T23:07:26Z,0,0,0,0,0,0,16.4,851.9,16.5,16.8,79.9,261,253,0,0.2,117,0.9,0.9,16.7,14.4,12.5
2026-06-25T23:22:33Z,0,0,0,0,0,0,16.5,852,16.6,16.9,79.7,260,253,0,0,117,0,0,16.8,14.5,12.6
2026-06-25T23:37:41Z,0,0,0,0,0,0,16.4,851.8,16.6,16.8,79.8,261,254,0,0,117,0,0,16.7,14.5,12.5
2026-06-25T23:53:07Z,0,0,0,0,0,0,16.2,851.7,16.4,16.6,80.7,260,253,0,0,117,0,0,16.6,14.4,12.3
2026-06-26T00:00:10Z,0,0,0,0,0,0,16.1,851.7,16.3,16.5,81.6,261,253,0,0,117,0,0,16.4,14.4,12.2
2026-06-26T00:15:18Z,0,0,0,0,0,0,15.9,851.8,16.2,16.3,82.5,260,253,0,0,117,0,0,16.2,14.2,12
2026-06-26T00:30:25Z,0,0,0,0,0,0,15.9,851.6,16.2,16.3,83.6,260,253,0,0,117,0,0,16.3,14.4,12
2026-06-26T00:45:33Z,0,0,0,0,0,0,15.9,851.6,16.2,16.3,83.7,260,254,0,0,117,0,0,16.3,14.4,12.1
2026-06-26T01:00:40Z,0,0,0,0,0,0,16,851.6,16.3,16.5,83.6,260,254,0,0,117,0,0,16.4,14.5,12.2
2026-06-26T01:15:49Z,0,0,0,0,0,0,16.3,851.7,16.4,16.7,81.8,261,252,0,0.6,116,1.1,1.1,16.7,14.6,12.5
2026-06-26T01:31:13Z,0,0,0,0,0,0,16.4,851.7,16.6,16.8,82.2,260,253,0,0.6,117,1.3,1.3,16.7,14.7,12.5
2026-06-26T01:46:21Z,0,0,0,0,0,0,16.2,851.6,16.3,16.5,83.5,260,254,0,0.1,117,0.7,0.7,16.5,14.6,12.3
2026-06-26T02:01:28Z,0,0,0,0,0,0,15.7,851.8,16.1,16.1,85.9,260,253,0,0.1,117,0.4,0.4,16,14.4,11.8
2026-06-26T02:16:36Z,0,0,0,0,0,0,15.5,852,15.8,15.9,87.1,260,254,0,0,117,0,0,15.8,14.4,11.6
2026-06-26T02:31:44Z,0,0,0,0,0,0,15.1,851.9,15.4,15.5,87.6,260,253,0,0,117,0,0,15.4,14.1,11.3
2026-06-26T02:46:52Z,0,0,0,0,0,0,14.9,852.1,15.2,15.3,90.1,261,254,0,0,117,0,0,15.2,14.1,11
2026-06-26T03:02:17Z,0,0,0,0,0,0,14.7,852.1,14.9,15.1,90.3,259,254,0,0,117,0,0,15.1,14,10.9
2026-06-26T03:17:24Z,0,0,0,0,0,0,14.5,852.4,14.8,14.9,90.4,260,256,0,0,117,0,0,14.8,13.7,10.6
2026-06-26T03:32:32Z,0,0,0,0,0,0,14.4,852.6,14.7,14.8,91.1,264,277,0,0,117,0,0,14.7,13.8,10.5
2026-06-26T03:47:39Z,0,0,0,0.1,0,0,14.7,852.4,14.9,15.1,89.7,271,363,0,0,117,0,0,15,13.9,10.8
2026-06-26T04:02:47Z,0,0,0,0.2,0,0,14.8,852.5,15.1,15.1,88.5,284,464,0,0.3,116,0.9,0.9,15,13.8,10.8
2026-06-26T04:17:54Z,0,0,0,0.3,0,0,15,852.7,15.5,15.2,87.7,307,779,0,0.1,117,0.7,0.7,15.2,13.8,11
2026-06-26T04:32:59Z,0,0,0,0.4,0,0,15.5,852.8,16.1,15.7,86.4,333,1101,0,0.4,117,1.3,1.3,15.6,14.1,11.4
2026-06-26T04:48:23Z,0,0,0,0.6,0,0,16.6,853,17.3,16.4,83.7,366,1473,0,0.1,117,0.9,0.9,16.4,14.5,12.1
2026-06-26T05:03:31Z,0,0,0,0.8,0,0,16.8,853.2,17.8,16.7,82,397,1853,0,0.3,117,0.9,0.9,16.7,14.6,12.5
2026-06-26T05:18:38Z,0,0,0,0.5,0,0,16.8,853.4,17.4,17.1,80.4,358,1200,0,0.1,117,0.4,0.4,17,14.7,12.8
2026-06-26T05:33:46Z,0,0,0,1.1,0,0,18.5,853.4,19.4,18.1,76.3,471,2656,0,0.4,117,1.3,1.3,18.1,15.3,13.8
2026-06-26T05:48:54Z,0,0,0,1.4,0,0,18.8,853.5,19.8,18.8,73.2,512,3087,0,0.9,117,1.7,1.7,18.7,15.6,14.4
2026-06-26T06:04:32Z,0,0,0,1.6,0,0,18,853.6,19.2,18.4,75,552,3526,0,0.3,117,0.9,0.9,18.4,15.4,14.1
2026-06-26T06:19:39Z,0,0,0,1.8,0,0,20.8,853.6,21.6,20.7,68.8,585,3892,0,0,117,0.2,0.2,20.6,16.7,16.1
2026-06-26T06:34:46Z,0,0,0,2,0,0,20.1,853.6,20.9,20.2,68.5,629,4458,0,0.2,117,0.7,0.7,20.2,16.3,15.7
2026-06-26T06:49:53Z,0,0,0,1.2,0,0,19.8,853.6,20.4,20,69.4,485,2748,0,0,117,0,0,20,16.2,15.5
2026-06-26T07:05:01Z,0,0,0,1.3,0,0,21.1,853.5,21.4,21.2,67.2,498,2904,0,0,117,0,0,21.1,17,16.6
2026-06-26T07:20:29Z,0,0,0,2.5,0,0,20.3,853.5,21.1,20.8,67.6,729,5488,0,0.1,117,0.6,0.6,20.7,16.7,16.2
2026-06-26T07:35:37Z,0,0,0,1.6,0,0,21.7,853.5,22.1,22,64,549,3415,0,0.2,117,0.9,0.9,22,17.4,17.3
2026-06-26T07:50:44Z,0,0,0,2.9,0,0,22.4,853.4,22.4,22.5,63.4,791,6400,0,0.2,117,0.7,0.7,22.5,17.7,17.7
2026-06-26T08:05:51Z,0,0,0,2,0,0,22.7,853.2,22.9,22.6,62.7,620,4078,0,0,117,0,0,22.6,17.7,17.8
2026-06-26T08:20:59Z,0,0,0,3,0,0,22.4,853.2,23.2,22.5,62.7,826,6631,0,0.7,117,1.5,1.5,22.5,17.6,17.7
2026-06-26T08:36:06Z,0,0,0,3.2,0,0,22.9,853,23.6,23.1,61.3,863,7028,0,0.6,117,2.4,2.4,23.1,18,18.2
2026-06-26T08:51:31Z,0,0,0,3.2,0,0,23.6,852.8,24.1,23.4,61.8,852,6774,0,0.5,117,1.5,1.5,23.4,18.4,18.5
2026-06-26T09:06:39Z,0,0,0,1.4,0,0,23.5,852.6,23.9,23.3,59.4,511,2717,0,0.8,117,1.7,1.7,23.3,17.9,18.4
2026-06-26T09:21:47Z,0,0,0,3.5,0,0,24.2,852.3,24.5,24.1,57.5,900,7363,0,1.3,117,2.6,2.6,24.1,18.4,19.1
2026-06-26T09:36:54Z,0,0,0,3.4,0,0,25.6,852.1,25.5,25.4,54.8,893,7360,0,0.3,117,0.9,0.9,25.4,19.1,20.1
2026-06-26T09:52:02Z,0,0,0,3.5,0,0,25.2,851.9,25.6,25.3,56.1,919,7631,0,0.2,117,0.9,0.9,25.4,19.2,20
2026-06-26T10:07:08Z,0,0,0,1.4,0,0,26.6,851.7,26.7,26.4,52.1,513,2808,0,0.2,117,0.7,0.7,26.4,19.5,20.8
2026-06-26T10:22:35Z,0,0,0,3.4,0,0,25.6,851.4,26,25.6,53.6,894,7495,0,0.1,117,0.9,0.9,25.6,19.1,20.2
2026-06-26T10:37:43Z,0,0,0,1.3,0,0,26.1,851.2,26.6,26.9,49.1,502,2594,0,0.2,117,1.1,1.1,27.3,19.5,21.5
2026-06-26T10:52:50Z,0,0,0,0.9,0,0,25.7,851.1,26.1,25.7,51.2,421,1919,0,0.2,117,0.7,0.7,25.7,18.8,20.3
2026-06-26T11:07:57Z,0,0,0,2.9,0,0,25.7,850.8,26.2,26.2,50.6,805,6554,0,0.4,117,1.3,1.3,26.2,19.1,20.7
2026-06-26T11:23:04Z,0,0,0,2,0,0,26.7,850.6,27.3,27.1,46.7,632,4204,0,1.3,117,2.4,2.4,27.4,19.3,21.5
2026-06-26T11:38:11Z,0,0,0,1,0,0,26.5,850.3,27.1,26.9,47,447,2008,0,0.1,148,0.7,0.7,27.2,19.1,21.4
2026-06-26T11:53:44Z,0,0,0,2.4,0,0,26.5,850.1,26.9,27,45.4,705,5206,0,0.2,198,0.9,0.9,27.2,19,21.4
2026-06-26T12:08:50Z,0,0,0,1.8,0,0,26.5,849.9,27.1,26.8,44.5,583,3886,0,0.8,119,1.7,1.7,27,18.7,21.3
2026-06-26T12:23:57Z,0,0,0,0.8,0,0,26.6,849.8,26.9,27.2,44.8,403,1738,0,0.7,115,2.2,2.2,27.3,19,21.5
2026-06-26T12:39:05Z,0,0,0,0.8,0,0,25.1,849.9,25.4,25.6,51.3,409,1849,0,1.1,112,3.7,3.7,25.5,18.7,20.2
2026-06-26T12:54:11Z,0,0,0,1.6,0,0,25.7,849.5,26.3,26.3,47.5,561,3614,0,0.7,120,2.6,2.6,26.3,18.7,20.7
2026-06-26T13:09:18Z,0,0,0,1.4,0,0,26.1,849.4,26.8,27.1,46.7,518,3228,0,0.2,114,1.1,1.1,27.3,19.2,21.5
2026-06-26T13:24:42Z,0,0,0,1.5,0,0,26.4,849.5,27,27.4,49.1,527,3442,0,0.1,123,0.4,0.4,27.7,19.9,21.8
2026-06-26T13:39:49Z,0,0,0,0.6,0,0,26.1,849.5,26.8,27.1,49.9,376,1474,0,0.1,116,0.4,0.4,27.5,19.8,21.7
2026-06-26T13:54:56Z,0,0,0,0.2,0,0,24.7,849.6,25,25.3,52.8,302,681,0,0.1,120,0.9,0.9,25.2,18.6,19.9
2026-06-26T14:10:03Z,0,0,0,0.3,0,0,24.2,849.6,24.3,24.6,55.5,322,932,0,0.4,76,1.1,1.1,24.6,18.5,19.4
2026-06-26T14:25:52Z,0,0,0,0.3,0,0,23.8,849.6,24.1,24.4,56.9,308,736,0,0.4,86,1.7,1.7,24.3,18.5,19.2
2026-06-26T14:40:59Z,0,0,0,0.2,0,0,23.2,849.8,23.4,23.7,58.9,284,485,0,0.3,77,0.7,0.7,23.6,18.1,18.7
2026-06-26T14:56:07Z,0,0,0,0.2,0,0,23,850.1,23.1,23.4,60.3,295,640,0,0.7,99,1.5,1.5,23.4,18.1,18.5
2026-06-26T15:11:14Z,0,0,0,0.1,0,0,22.7,850.1,22.8,23.1,61,276,416,0,0.1,63,0.4,0.4,23,17.9,18.2
2026-06-26T15:26:22Z,0,0,0,0.1,0,0,22.1,850.2,22.2,22.5,61.9,266,283,0,0.3,81,0.9,0.9,22.5,17.5,17.7
2026-06-26T15:41:47Z,0,0,0,0,0,0,21.7,850.5,21.9,22.1,63.1,261,260,0,0,127,0.2,0.2,22,17.3,17.3
2026-06-26T15:56:54Z,0,0,0,0,0,0,21.2,850.5,21.4,21.6,64.5,262,254,0,0.1,127,0.4,0.4,21.5,17,16.9
2026-06-26T16:12:02Z,0,0,0,0,0,0,20.9,850.8,21.1,21.2,65.5,259,253,0,0,125,0.2,0.2,21.2,16.8,16.6
2026-06-26T16:27:09Z,0,0,0,0,0,0,20.8,850.9,21,21.1,65.2,259,253,0,0,125,0,0,21,16.7,16.5
2026-06-26T16:42:17Z,0,0,0,0,0,0,20.6,851,20.7,20.9,65.4,261,254,0,0.1,125,0.9,0.9,20.8,16.5,16.3
2026-06-26T16:57:24Z,0,0,0,0,0,0,20.3,851.3,20.4,20.6,66.1,260,254,0,0.1,125,0.4,0.4,20.5,16.4,16
2026-06-26T17:12:51Z,0,0,0,0,0,0,20.4,851.4,20.5,20.7,65.6,259,253,0,0,125,0,0,20.6,16.4,16.1
2026-06-26T17:27:59Z,0,0,0,0,0,0,20.4,851.6,20.5,20.7,64.5,260,254,0,0,125,0,0,20.6,16.3,16.1
2026-06-26T17:43:07Z,0,0,0,0,0,0,20.4,851.7,20.5,20.7,63.9,259,255,0,0,125,0,0,20.6,16.1,16.1
2026-06-26T17:58:14Z,0,0,0,0,0,0,20.3,851.8,20.5,20.6,63.8,259,253,0,0.1,125,0.4,0.4,20.5,16.1,16
2026-06-26T18:14:05Z,0,0,0,0,0,0,20.2,851.9,20.3,20.5,63.8,260,253,0,0.4,125,1.1,1.1,20.4,16,15.9
2026-06-26T18:29:12Z,0,0,0,0,0,0,20.1,851.9,20.2,20.4,64,259,253,0,0.1,125,0.7,0.7,20.3,15.9,15.8
2026-06-26T18:44:21Z,0,0,0,0,0,0,20,852,20.1,20.4,63,260,253,0,0.2,125,0.4,0.4,20.2,15.7,15.8
2026-06-26T18:59:28Z,0,0,0,0,0,0,19.7,852.2,19.8,20,63.9,262,253,0,0,125,0,0,19.8,15.5,15.4
2026-06-26T19:14:57Z,0,0,0,0,0,0,19.5,852.3,19.6,19.8,64.7,262,253,0,0,125,0,0,19.7,15.4,15.2
2026-06-26T19:30:06Z,0,0,0,0,0,0,19.6,852.3,19.8,19.9,62.7,261,253,0,0.1,125,0.9,0.9,19.7,15.2,15.3
2026-06-26T19:45:15Z,0,0,0,0,0,0,19.6,852.2,19.8,19.9,64.2,260,254,0,0.1,125,0.4,0.4,19.8,15.5,15.4
2026-06-26T20:00:23Z,0,0,0,0,0,0,19.2,852.3,19.4,19.6,66.7,260,253,0,1,87,2.2,2.2,19.4,15.5,15.1
2026-06-26T20:15:31Z,0,0,0,0,0,0,18.7,852.5,18.9,19.1,65.5,261,253,0,0.3,115,0.7,0.7,19,14.9,14.6
2026-06-26T20:30:39Z,0,0,0,0,0,0,17.9,852.6,18.1,18.3,67.7,260,253,0,0,120,0,0,18.1,14.4,13.8
2026-06-26T20:46:01Z,0,0,0,0,0,0,17.4,852.7,17.6,17.8,69.7,261,254,0,0.6,120,2.4,2.4,17.6,14.2,13.4
2026-06-26T21:01:09Z,0,0,0,0,0,0,17.2,852.6,17.4,17.6,70.7,260,252,0,0.1,121,0.4,0.4,17.5,14.2,13.2
2026-06-26T21:16:17Z,0,0,0,0,0,0,17,852.6,17.2,17.5,71.8,260,254,0,0.5,153,1.3,1.3,17.3,14.1,13
2026-06-26T21:31:25Z,0,0,0,0,0,0,16.6,852.6,16.8,17.1,72.9,260,253,0,0.3,147,0.7,0.7,16.9,13.9,12.7
2026-06-26T21:46:33Z,0,0,0,0,0,0,16.4,852.4,16.6,16.8,74.2,261,252,0,0,147,0.4,0.4,16.6,13.8,12.4
2026-06-26T22:01:56Z,0,0,0,0,0,0,16.4,852.3,16.6,16.8,74.9,260,253,0,0,147,0.2,0.2,16.6,13.9,12.4
2026-06-26T22:17:04Z,0,0,0,0,0,0,16.2,852.3,16.4,16.6,75.9,261,254,0,0,198,0.4,0.4,16.5,13.8,12.3
2026-06-26T22:32:11Z,0,0,0,0,0,0,15.7,852.1,16.1,16.2,77.5,261,253,0,0,197,0,0,16,13.6,11.8
2026-06-26T22:47:20Z,0,0,0,0,0,0,15.4,852.1,15.8,15.9,78.9,258,253,0,0,197,0.2,0.2,15.7,13.4,11.5
2026-06-26T23:02:28Z,0,0,0,0,0,0,15.5,852,15.9,15.9,79.3,261,253,0,0,197,0,0,15.8,13.5,11.6
2026-06-26T23:17:36Z,0,0,0,0,0,0,15.1,851.8,15.6,15.6,80,261,254,0,0.7,198,1.3,1.3,15.5,13.3,11.3
2026-06-26T23:32:58Z,0,0,0,0,0,0,14.9,851.8,15.3,15.4,81,261,254,0,0,196,0,0,15.2,13.2,11
2026-06-26T23:48:06Z,0,0,0,0,0,0,14.7,851.7,15,15.1,82.2,261,255,0,0,197,0.2,0.2,15,13.1,10.8
2026-06-27T00:00:12Z,0,0,0,0,0,0,14.7,851.7,15.1,15.2,82.6,261,254,0,0,196,0,0,15,13.2,10.8
2026-06-27T00:15:20Z,0,0,0,0,0,0,14.7,851.7,15.1,15.2,82.5,261,252,0,0,196,0,0,15,13.2,10.8
2026-06-27T00:30:27Z,0,0,0,0,0,0,14.7,851.7,14.9,15.1,82.5,259,253,0,0,196,0,0,15,13.1,10.8
2026-06-27T00:45:35Z,0,0,0,0,0,0,14.6,851.6,14.9,15.1,83.2,259,252,0,0.3,197,1.3,1.3,14.9,13.2,10.8
2026-06-27T01:00:42Z,0,0,0,0,0,0,14.6,851.6,14.8,15,83.4,261,254,0,0.5,117,1.3,1.3,14.9,13.1,10.7
2026-06-27T01:16:08Z,0,0,0,0,0,0,14.3,851.7,14.6,14.8,83.7,262,254,0,0.1,117,0.7,0.7,14.6,12.9,10.4
2026-06-27T01:31:16Z,0,0,0,0,0,0,14.2,851.7,14.4,14.6,84.3,260,254,0,0.1,117,0.7,0.7,14.4,12.8,10.2
2026-06-27T01:46:24Z,0,0,0,0,0,0,13.9,851.8,14.1,14.3,85.5,260,254,0,0.1,117,0.4,0.4,14.2,12.7,10
2026-06-27T02:01:32Z,0,0,0,0,0,0,13.5,851.8,13.8,13.9,86.9,260,253,0,0,117,0.4,0.4,13.7,12.4,9.5
2026-06-27T02:16:40Z,0,0,0,0,0,0,13.2,852.1,13.4,13.6,88,259,254,0,0,117,0,0,13.4,12.2,9.2
2026-06-27T02:32:04Z,0,0,0,0,0,0,12.8,852.3,13.1,13.3,88.9,261,254,0,0,117,0,0,13.1,12,8.9
2026-06-27T02:47:12Z,0,0,0,0,0,0,12.6,852.4,12.9,13.1,90.1,260,254,0,0,117,0,0,12.9,12,8.7
2026-06-27T03:03:18Z,0,0,0,0,0,0,12.5,852.5,12.8,12.9,91.2,259,254,0,0,117,0,0,12.8,11.9,8.5
2026-06-27T03:18:25Z,0,0,0,0,0,0,12.4,852.7,12.6,12.8,91.9,260,256,0,0,117,0,0,12.7,11.9,8.4
2026-06-27T03:33:42Z,0,0,0,0,0,0,12.2,852.8,12.4,12.6,92,262,280,0,0,117,0,0,12.5,11.7,8.2
2026-06-27T03:49:06Z,0,0,0,0.1,0,0,12.2,853,12.5,12.6,92.7,272,382,0,0,117,0,0,12.5,11.8,8.2
2026-06-27T04:04:14Z,0,0,0,0.2,0,0,12.5,852.9,12.8,12.9,92.9,285,536,0,0,117,0,0,12.8,12.1,8.5
2026-06-27T04:19:21Z,0,0,0,0.2,0,0,13.2,852.9,13.5,13.5,90.2,297,653,0,0,117,0.4,0.4,13.4,12.4,9.2
2026-06-27T04:34:29Z,0,0,0,0.3,0,0,13.3,853.3,13.7,13.7,89.1,306,759,0,0.4,117,1.1,1.1,13.6,12.5,9.4
2026-06-27T04:49:36Z,0,0,0,0.3,0,0,13.6,853.5,13.9,14,88.7,306,754,0,0.1,117,0.4,0.4,13.9,12.7,9.6
2026-06-27T05:04:44Z,0,0,0,0.3,0,0,13.8,853.7,14.1,14.1,87.9,315,860,0,0,117,0.2,0.2,14,12.8,9.8
2026-06-27T05:20:10Z,0,0,0,0.4,0,0,14.1,853.9,14.5,14.6,86.7,329,1017,0,0,117,0,0,14.4,13,10.2
2026-06-27T05:35:17Z,0,0,0,0.4,0,0,14.2,853.9,14.6,14.5,87,339,1117,0,0.6,117,1.1,1.1,14.4,13,10.2
2026-06-27T05:50:25Z,0,0,0,0.7,0,0,14.9,853.8,15.2,15.3,85.1,383,1620,0,0,117,0,0,15.2,13.6,11
2026-06-27T06:05:32Z,0,0,0,0.9,0,0,15.6,853.8,16.1,15.9,82.2,420,2038,0,0,117,0.4,0.4,15.8,13.9,11.6
2026-06-27T06:20:40Z,0,0,0,0.6,0,0,16.5,853.9,16.7,16.9,79.1,376,1557,0,0,117,0.2,0.2,16.8,14.4,12.6
2026-06-27T06:35:47Z,0,0,0,0.7,0,0,16.5,854,16.8,17.1,77.2,380,1593,0,0.6,117,1.3,1.3,17,14.4,12.8
2026-06-27T06:51:15Z,0,0,0,0.9,0,0,16.6,854,16.8,16.8,78.2,430,2148,0,0.2,117,0.7,0.7,16.7,14.2,12.5
2026-06-27T07:06:22Z,0,0,0,1.3,0,0,17,853.8,17.5,17.2,77.3,504,2787,0,0.8,117,1.1,1.1,17.1,14.5,12.9
2026-06-27T07:21:29Z,0,0,0,1.2,0,0,18.3,853.6,18.8,18.5,74.5,478,2344,0,0,117,0,0,18.4,15.4,14.1
2026-06-27T07:37:24Z,0,0,0,2.8,0,0,19.3,853.3,19.8,19.3,70.7,785,6165,0,0.6,117,1.1,1.1,19.3,15.7,14.9
2026-06-27T07:52:31Z,0,0,0,2.6,0,0,20,853.2,20.6,20.2,67.6,732,5523,0,0.4,117,0.9,0.9,20.2,16.2,15.7
2026-06-27T08:07:38Z,0,0,0,2.8,0,0,21.3,853.1,21.9,21.7,64.5,788,6065,0,0.1,118,0.4,0.4,21.6,17.1,17
2026-06-27T08:22:45Z,0,0,0,2.4,0,0,20.8,852.9,21.4,20.8,68.2,712,5175,0,0,118,0.2,0.2,20.8,16.8,16.3
2026-06-27T08:38:28Z,0,0,0,1.6,0,0,22,852.7,22.8,22.3,60.6,557,3317,0,0.7,118,1.5,1.5,22.3,17.2,17.5
2026-06-27T08:53:35Z,0,0,0,3,0,0,21.7,852.6,22.3,22.3,61.4,815,6595,0,0.1,118,0.7,0.7,22.3,17.3,17.5
2026-06-27T09:08:43Z,0,0,0,3.3,0,0,22.7,852.3,23.1,23,58.3,874,7039,0,0.6,118,1.7,1.7,22.9,17.5,18.1
2026-06-27T09:23:50Z,0,0,0,3,0,0,23,852.1,23.7,23.6,56.7,827,6685,0,0.2,118,1.1,1.1,23.5,17.8,18.6
2026-06-27T09:39:15Z,0,0,0,3.3,0,0,23.4,851.7,23.8,23.3,57.8,870,7008,0,1.8,117,3.3,3.3,23.2,17.7,18.4
2026-06-27T09:54:23Z,0,0,0,1.7,0,0,25.1,851.6,25.3,25.1,53.9,568,3418,0,0,117,0,0,25.1,18.7,19.8
2026-06-27T10:09:30Z,0,0,0,2.8,0,0,23.8,851.5,24.1,23.9,55.8,779,6193,0,0.9,117,1.5,1.5,23.9,17.9,18.9
2026-06-27T10:24:38Z,0,0,0,1.5,0,0,24.8,851.2,25.3,25,54.3,540,3313,0,0.3,117,2,2,24.9,18.6,19.7
2026-06-27T10:39:45Z,0,0,0,1.6,0,0,23.8,851,24.3,24.5,53.9,548,3146,0,0.5,117,1.7,1.7,24.4,18.1,19.3
2026-06-27T10:54:53Z,0,0,0,2.9,0,0,24.9,850.6,25.2,25.7,52.1,792,6350,0,0.3,117,1.1,1.1,25.7,18.9,20.3
2026-06-27T11:10:19Z,0,0,0,3.1,0,0,25.1,850.3,25.8,25.7,49.2,839,6863,0,1.7,194,3.5,3.5,25.6,18.5,20.3
2026-06-27T11:25:26Z,0,0,0,1.6,0,0,26,850.2,26.4,26.7,48.9,548,3365,0,0,129,0.2,0.2,27.1,19.3,21.3
2026-06-27T11:40:33Z,0,0,0,1.2,0,0,25.1,850.1,25.6,25.8,48.3,473,2576,0,0.7,121,2,2,25.8,18.4,20.4
2026-06-27T11:55:40Z,0,0,0,0.9,0,0,26.4,849.7,26.6,27,46.6,428,2072,0,0,121,0.4,0.4,27.2,19.1,21.4
2026-06-27T12:10:48Z,0,0,0,2.2,0,0,25.8,849.5,25.9,26.5,49.6,677,5134,0,0.1,102,0.2,0.2,26.6,19.3,21
2026-06-27T12:25:55Z,0,0,0,2.2,0,0,26.6,849.3,27.1,27.6,44.4,659,4768,0,0.1,115,0.4,0.4,27.6,19.2,21.7
2026-06-27T12:41:23Z,0,0,0,1.9,0,0,26,849.2,26.7,26.9,45.9,613,4337,0,0.2,136,0.4,0.4,27.1,19,21.4
2026-06-27T12:56:30Z,0,0,0,0.7,0,0,25.2,849.1,25.3,26.3,51,395,1535,0,1.9,69,3.1,3.1,26.4,19.3,20.8
2026-06-27T13:11:38Z,0,0,0,1.3,0,0,25.9,849.2,26.4,27,51.2,503,2955,0,0.5,128,1.1,1.1,27.4,19.9,21.6
2026-06-27T13:26:45Z,0,0,0,1.1,0,0,24.4,849.2,24.6,25.6,55.4,471,2612,0,0.9,108,1.7,1.7,25.6,19.3,20.2
2026-06-27T13:41:53Z,0,0,0,1,0,0,24.8,849.4,25.1,26,54.2,439,2298,0,1.6,82,2.4,2.4,26,19.5,20.5
2026-06-27T13:57:00Z,0,0,0,0.8,0,0,23.6,849.4,23.9,24.8,57,397,1806,0,0.4,45,1.1,1.1,24.8,18.9,19.6
2026-06-27T14:12:26Z,0,0,0,0.5,0,0,23.3,849.5,23.6,24.5,58.2,346,1175,0,0.9,112,2.4,2.4,24.5,18.8,19.4
2026-06-27T14:27:33Z,0,0,0,0.3,0,0,22.2,849.7,22.4,23,63.5,314,740,0,0.7,68,1.3,1.3,23,18.2,18.2
2026-06-27T14:42:41Z,0,0,0,0.2,0,0,21.4,849.8,21.5,21.9,67,286,448,0,0.6,104,1.3,1.3,21.9,17.7,17.2
2026-06-27T14:57:47Z,0,0,0,0.1,0,0,20.4,850.1,20.4,20.8,70.6,283,492,0,0.3,105,0.7,0.7,20.7,17.1,16.2
2026-06-27T15:12:54Z,0,0,0,0.1,0,0,19.9,850.3,20.1,20.3,71.9,276,404,0,0.8,110,1.3,1.3,20.3,16.8,15.8
2026-06-27T15:28:02Z,0,0,0,0,0,0,19.4,850.6,19.6,19.8,73.6,265,279,0,0.5,43,1.5,1.5,19.8,16.5,15.4
2026-06-27T15:43:32Z,0,0,0,0,0,0,18.9,850.8,19,19.3,75.7,260,262,0,0.2,62,0.7,0.7,19.3,16.3,14.9
2026-06-27T15:58:40Z,0,0,0,0,0,0,18.5,850.9,18.6,18.8,77.5,260,254,0,0.1,58,0.7,0.7,18.8,16.1,14.5
2026-06-27T16:13:47Z,0,0,0,0,0,0,18.1,851,18.2,18.5,78.8,261,253,0,0.1,313,0.7,0.7,18.4,15.9,14.1
2026-06-27T16:28:55Z,0,0,0,0,0,0,17.8,851.1,17.9,18.1,80.1,259,254,0,0,104,0,0,18.1,15.7,13.8
2026-06-27T16:44:02Z,0,0,0,0,0,0,17.4,851.2,17.5,17.8,81.5,260,253,0,0,104,0.2,0.2,17.8,15.6,13.5
2026-06-27T16:59:09Z,0,0,0,0,0,0,17.2,851.3,17.3,17.5,82.8,262,253,0,0.1,104,0.9,0.9,17.5,15.5,13.3
2026-06-27T17:14:33Z,0,0,0,0,0,0,17,851.5,17.1,17.3,83.5,261,253,0,0.1,104,0.4,0.4,17.3,15.4,13.1
2026-06-27T17:29:40Z,0,0,0,0,0,0,17,851.8,17.1,17.4,83.7,260,254,0,0,10,0.2,0.2,17.3,15.4,13.1
2026-06-27T17:44:48Z,0,0,0,0,0,0,16.7,851.9,16.9,17.1,84.5,261,254,0,0,12,0,0,17.1,15.2,12.8
2026-06-27T17:59:56Z,0,0,0,0,0,0,16.5,852.2,16.6,16.9,85.5,260,253,0,0,11,0,0,16.9,15.2,12.6
2026-06-27T18:15:04Z,0,0,0,0,0,0,16.3,852.3,16.5,16.7,86.4,261,254,0,0,11,0,0,16.7,15.1,12.5
2026-06-27T18:30:11Z,0,0,0,0,0,0,16.1,852.4,16.4,16.6,86.6,260,252,0,0,11,0,0,16.5,15,12.3
2026-06-27T18:45:37Z,0,0,0,0,0,0,15.9,852.5,16.2,16.4,87.3,260,253,0,0,11,0,0,16.3,14.9,12.1
2026-06-27T19:00:44Z,0,0,0,0,0,0,15.8,852.6,16.1,16.2,88,260,253,0,0,11,0,0,16.2,14.8,12
2026-06-27T19:15:51Z,0,0,0,0,0,0,15.9,852.7,16.2,16.3,88.3,260,254,0,0,11,0,0,16.3,14.9,12.1
2026-06-27T19:30:58Z,0,0,0,0,0,0,16,852.5,16.3,16.4,87.9,260,253,0,0,11,0,0,16.4,15,12.2
2026-06-27T19:46:47Z,0,0,0,0,0,0,16,852.6,16.3,16.4,88,259,253,0,0,11,0,0,16.4,15,12.2
2026-06-27T20:02:46Z,0,0,0,0,0,0,16.2,852.4,16.4,16.6,87.4,259,253,0,0,11,0,0,16.6,15.1,12.3
2026-06-27T20:17:53Z,0,0,0,0,0,0,16.2,852.5,16.4,16.6,87.5,260,254,0,0,11,0,0,16.6,15.2,12.4
2026-06-27T20:33:01Z,0,0,0,0,0,0,16.5,852.3,16.7,16.9,86.6,260,253,0,0,11,0,0,16.9,15.3,12.6
2026-06-27T20:48:09Z,0,0,0,0,0,0,16.6,852.3,16.8,17,86.2,260,253,0,0,11,0,0,17,15.4,12.8
2026-06-27T21:03:17Z,0,0,0,0,0,0,16.7,852.3,16.9,17.1,85.3,259,254,0,0,11,0,0,17.1,15.4,12.9
2026-06-27T21:18:44Z,0,0,0,0,0,0,16.8,852,16.9,17.1,84.7,261,254,0,0,11,0,0,17.1,15.3,12.9
2026-06-27T21:33:52Z,0,0,0,0,0,0,16.4,852.1,16.6,16.8,86.2,260,253,0,0,11,0,0,16.8,15.1,12.5
2026-06-27T21:48:59Z,0,0,0,0,0,0,16.5,852.1,16.5,16.8,78.4,260,253,0,0,115,0,0,16.7,14.3,12.5
2026-06-27T22:04:06Z,0,0,0,0,0,0,16.5,851.9,16.7,16.9,73.7,260,254,0,0,115,0,0,16.7,13.8,12.5
2026-06-27T22:19:14Z,0,0,0,0,0,0,16.4,851.7,16.6,16.8,69.2,261,254,0,0.2,115,1.3,1.3,16.6,13.2,12.4
2026-06-27T22:34:22Z,0,0,0,0,0,0,16.2,851.6,16.3,16.6,66.4,259,254,0,0.1,115,0.9,0.9,16.3,12.7,12.1
2026-06-27T22:49:46Z,0,0,0,0,0,0,15.7,851.5,16,16.1,67.3,260,254,0,0,115,0.4,0.4,15.8,12.3,11.6
2026-06-27T23:04:54Z,0,0,0,0,0,0,15.2,851.5,15.5,15.6,67.8,261,253,0,0.4,115,1.7,1.7,15.3,11.9,11.1
2026-06-27T23:20:02Z,0,0,0,0,0,0,14.8,851.3,15.1,15.2,69,260,254,0,0.1,115,0.7,0.7,14.9,11.7,10.7
2026-06-27T23:35:10Z,0,0,0,0,0,0,14.5,851.2,14.8,14.9,70.7,261,253,0,0,115,0,0,14.6,11.6,10.4
2026-06-27T23:50:17Z,0,0,0,0,0,0,14.3,851.3,14.6,14.7,70.8,260,254,0,0,115,0.2,0.2,14.4,11.4,10.2
2026-06-28T00:00:23Z,0,0,0,0,0,0,14.3,851.2,14.6,14.8,71.7,260,253,0,0,115,0,0,14.5,11.6,10.3
2026-06-28T00:15:48Z,0,0,0,0,0,0,14.5,851.2,14.8,14.8,71.2,260,252,0,0,115,0,0,14.5,11.6,10.3
2026-06-28T00:30:56Z,0,0,0,0,0,0,14.5,851.2,14.8,14.9,72.4,260,255,0,0,115,0,0,14.6,11.8,10.4
2026-06-28T00:46:04Z,0,0,0,0,0,0,14.5,851.2,14.8,14.9,71.8,261,253,0,0,115,0,0,14.6,11.7,10.4
2026-06-28T01:01:12Z,0,0,0,0,0,0,14.5,851.3,14.9,15,73.3,261,253,0,0,115,0,0,14.7,12,10.5
2026-06-28T01:16:20Z,0,0,0,0,0,0,14.5,851.4,14.9,15,72.1,260,253,0,0,115,0,0,14.7,11.8,10.5
2026-06-28T01:31:29Z,0,0,0,0,0,0,14.5,851.3,14.8,14.9,72.6,260,253,0,0,115,0,0,14.6,11.8,10.4
2026-06-28T01:46:51Z,0,0,0,0,0,0,14,851.6,14.2,14.3,75.2,259,255,0,0,115,0,0,14,11.5,9.8
2026-06-28T02:01:59Z,0,0,0,0,0,0,13.6,851.7,13.8,14,77.3,260,252,0,0,115,0,0,13.7,11.5,9.5
2026-06-28T02:17:22Z,0,0,0,0,0,0,13.1,851.6,13.4,13.5,79.6,260,253,0,0,115,0,0,13.2,11.2,9
2026-06-28T02:32:46Z,0,0,0,0,0,0,12.7,851.7,12.9,13,80.7,261,253,0,0,115,0,0,12.8,10.9,8.5
2026-06-28T02:47:54Z,0,0,0,0,0,0,12.5,851.9,12.7,13,81.9,261,255,0,0,115,0,0,12.7,11,8.4
2026-06-28T03:03:01Z,0,0,0,0,0,0,12.4,852.1,12.8,13,83.3,260,253,0,0,115,0,0,12.7,11.1,8.5
2026-06-28T03:18:09Z,0,0,0,0,0,0,12.7,852.2,13.1,13.1,82.1,262,254,0,0,115,0,0,12.9,11.2,8.7
2026-06-28T03:33:17Z,0,0,0,0,0,0,12.9,852.2,13.2,13.4,82.3,263,273,0,0,115,0,0,13.2,11.4,8.9
2026-06-28T03:48:25Z,0,0,0,0.1,0,0,12.8,852.2,13.1,13.2,81.4,271,338,0,0,115,0,0,13,11.2,8.8
2026-06-28T04:03:57Z,0,0,0,0.1,0,0,12.9,852.3,13.2,13.4,83.2,279,418,0,0,115,0,0,13.2,11.5,8.9
2026-06-28T04:19:04Z,0,0,0,0.2,0,0,13.2,852.5,13.6,13.6,83.5,297,631,0,0,115,0,0,13.5,11.8,9.2
2026-06-28T04:34:12Z,0,0,0,0.3,0,0,13.8,852.7,14.3,14.1,83.6,318,845,0,0,115,0,0,14,12.3,9.7
2026-06-28T04:49:19Z,0,0,0,0.6,0,0,15.4,852.9,15.9,15.3,78,377,1737,0,0,115,0.2,0.2,15.1,12.8,10.9
2026-06-28T05:04:27Z,0,0,0,0.4,0,0,16.2,852.9,16.3,16.2,73.4,337,1041,0,0.2,115,0.9,0.9,16,13.1,11.8
2026-06-28T05:19:54Z,0,0,0,0.6,0,0,16,853.3,16.1,16.1,74.1,365,1406,0,0.1,115,0.4,0.4,15.9,13.1,11.7
2026-06-28T05:35:01Z,0,0,0,0.7,0,0,16.6,853.3,16.7,16.7,71.8,381,1560,0,0.1,115,0.7,0.7,16.5,13.4,12.3
2026-06-28T05:50:09Z,0,0,0,1.8,0,0,17.3,853.4,17.5,17.4,69.9,591,4206,0,0,115,0,0,17.2,13.9,13
2026-06-28T06:05:16Z,0,0,0,1.2,0,0,18.7,853.5,18.6,18.6,63.2,478,2660,0,0,115,0,0,18.4,14.2,14.1
2026-06-28T06:20:24Z,0,0,0,1.1,0,0,18.7,853.5,19.1,18.8,61.8,457,2199,0,0.2,115,0.7,0.7,18.6,14.2,14.3
2026-06-28T06:35:31Z,0,0,0,2,0,0,20,853.5,20.1,19.7,60.6,624,4320,0,0.3,115,0.7,0.7,19.5,14.8,15.1
2026-06-28T06:50:57Z,0,0,0,2.2,0,0,21.1,853.6,20.9,20.8,58.5,658,4680,0,0.2,115,0.7,0.7,20.6,15.5,16.1
2026-06-28T07:06:05Z,0,0,0,2.3,0,0,19.1,853.5,19.2,18.8,63.4,681,4975,0,1.1,251,1.8,1.8,18.6,14.4,14.3
2026-06-28T07:21:13Z,0,0,0,2.4,0,0,19,853.4,19.6,19,64,715,5335,0,0.8,235,1.5,1.5,18.8,14.6,14.5
2026-06-28T07:36:20Z,0,0,0,2.6,0,0,20.4,853.2,20.9,20.4,58.1,736,5556,0,0.4,299,0.7,0.7,20.2,15.2,15.8
2026-06-28T07:51:28Z,0,0,0,2.7,0,0,20.3,853.1,21.2,20.8,57.4,757,5799,0,0.7,161,1.5,1.5,20.6,15.4,16.1
2026-06-28T08:06:36Z,0,0,0,2.8,0,0,21.4,852.9,22.2,22,54.8,782,6047,0,0.1,161,0.4,0.4,21.9,16.1,17.2
2026-06-28T08:22:01Z,0,0,0,3,0,0,21.2,852.7,22.2,21.8,55.6,812,6335,0,0.1,164,0.7,0.7,21.6,16,17
2026-06-28T08:37:09Z,0,0,0,3.2,0,0,22.6,852.6,22.8,22.3,55.2,855,6751,0,0.5,278,1.3,1.3,22.2,16.4,17.4
2026-06-28T08:52:16Z,0,0,0,3.3,0,0,22.3,852.4,23.1,22.7,54.4,874,6975,0,1.1,172,2.8,2.8,22.6,16.6,17.8
2026-06-28T09:07:23Z,0,0,0,2.2,0,0,22.8,852,23.5,23,53.8,672,4566,0,0.2,208,0.9,0.9,22.9,16.9,18.1
2026-06-28T09:22:31Z,0,0,0,3.3,0,0,22.9,851.9,23.2,22.9,52.2,872,6937,0,1.5,105,2.4,2.4,22.7,16.5,17.9
2026-06-28T09:37:38Z,0,0,0,3.3,0,0,22.8,851.6,23.1,22.5,53.1,880,7034,0,1.4,260,1.7,1.7,22.4,16.3,17.6
2026-06-28T09:53:05Z,0,0,0,1.5,0,0,22.8,851.6,23.4,23.2,51.7,529,2916,0,0.9,212,1.3,1.3,23.1,16.7,18.2
2026-06-28T10:08:12Z,0,0,0,3.8,0,0,23.2,851.3,23.8,23.5,51.4,963,8173,0,0.3,227,0.7,0.7,23.4,16.9,18.5
2026-06-28T10:23:19Z,0,0,0,1.1,0,0,23.5,851.1,24.2,24,51.4,467,2403,0,0.2,133,0.7,0.7,24,17.4,18.9
2026-06-28T10:38:27Z,0,0,0,1.8,0,0,24.1,851,24.6,24.5,50,596,3892,0,0.1,188,0.4,0.4,24.4,17.5,19.2
2026-06-28T10:53:35Z,0,0,0,1.2,0,0,24.5,850.7,24.9,25.1,48.9,486,2733,0,0.2,226,0.9,0.9,25,17.9,19.8
2026-06-28T11:08:43Z,0,0,0,1.6,0,0,23.8,850.5,24.2,23.9,51.1,557,3422,0,0.3,247,0.7,0.7,23.8,17.2,18.8
2026-06-28T11:24:08Z,0,0,0,2.5,0,0,24.7,850.2,25.4,25.3,47.6,725,5390,0,1,210,1.5,1.5,25.2,17.9,19.9
2026-06-28T11:39:15Z,0,0,0,1.5,0,0,25.5,850,26.1,25.4,46,547,3104,0,1.3,242,2.2,2.2,25.3,17.7,20
2026-06-28T11:54:22Z,0,0,0,1.4,0,0,24.9,849.7,25.2,24.7,48.9,525,3179,0,0,246,0.4,0.4,24.6,17.6,19.5
2026-06-28T12:09:29Z,0,0,0,0.9,0,0,24.8,849.6,24.9,24.7,48.3,431,2140,0,0.3,305,0.9,0.9,24.6,17.5,19.4
2026-06-28T12:25:18Z,0,0,0,1.4,0,0,25.5,849.4,25.6,25.7,47.1,509,3029,0,0.2,83,0.7,0.7,25.6,18.1,20.3
2026-06-28T12:40:24Z,0,0,0,1.2,0,0,25.8,849.3,26.2,26.1,46.5,488,2715,0,0,194,0,0,26.1,18.4,20.6
2026-06-28T12:55:32Z,0,0,0,1,0,0,25.4,849.1,26,26,46.3,441,2212,0,0,192,0,0,26,18.3,20.5
2026-06-28T13:10:40Z,0,0,0,1.6,0,0,25.4,848.9,26,26.2,45.2,548,3663,0,0.3,141,1.7,1.7,26.1,18.2,20.6
2026-06-28T13:25:47Z,0,0,0,0.8,0,0,24.8,848.9,25.6,25.6,46.7,402,1656,0,0.5,164,2,2,25.5,18,20.2
2026-06-28T13:41:18Z,0,0,0,0.6,0,0,23.8,849,24.2,24.3,50.1,359,1185,0,0.9,170,2.6,2.6,24.2,17.4,19.1
2026-06-28T13:56:25Z,0,0,0,0.5,0,0,24.3,848.9,24.7,25.1,48.2,344,1071,0,0.4,139,1.3,1.3,25,17.8,19.8
2026-06-28T14:11:33Z,0,0,0,0.5,0,0,24.7,849,25.2,25.5,47,352,1226,0,0.1,159,0.9,0.9,25.4,18,20.1
2026-06-28T14:26:40Z,0,0,0,0.3,0,0,23.7,849.1,24,24.2,50.4,309,715,0,0.4,106,2,2,24.1,17.4,19
2026-06-28T14:41:47Z,0,0,0,0.3,0,0,23,849.3,23.2,23.5,52.8,313,836,0,0.4,129,1.7,1.7,23.3,17.1,18.4
2026-06-28T14:56:54Z,0,0,0,0.2,0,0,23,849.4,23.1,23.3,53.6,296,642,0,0,104,0.2,0.2,23.2,17.1,18.3
2026-06-28T15:12:17Z,0,0,0,0.1,0,0,22.6,849.7,22.8,23,54.7,276,415,0,0.2,93,0.9,0.9,22.9,17,18
2026-06-28T15:27:25Z,0,0,0,0.1,0,0,22.1,849.7,22.3,22.5,56,267,301,0,0.1,132,0.4,0.4,22.4,16.7,17.6
2026-06-28T15:42:25Z,0,0,0,0,0,0,21.6,849.9,21.8,22,57.3,260,265,0,0.7,125,2,2,21.9,16.4,17.2
2026-06-28T15:57:33Z,0,0,0,0,0,0,21,850,21.2,21.4,59.6,260,253,0,0,111,0.4,0.4,21.3,16.3,16.7
2026-06-28T16:12:40Z,0,0,0,0,0,0,20.7,850.1,20.9,21,60.5,262,253,0,0,129,0.2,0.2,20.9,16,16.4
2026-06-28T16:27:48Z,0,0,0,0,0,0,20.5,850.3,20.7,20.9,60.9,259,254,0,0.1,129,0.4,0.4,20.7,15.9,16.2
2026-06-28T16:42:55Z,0,0,0,0,0,0,20.4,850.6,20.6,20.7,61.7,260,254,0,0,130,0,0,20.6,15.9,16.1
2026-06-28T16:58:21Z,0,0,0,0,0,0,20.3,850.8,20.5,20.7,62.1,261,253,0,0,130,0.2,0.2,20.5,15.9,16
2026-06-28T17:13:29Z,0,0,0,0,0,0,20.4,850.9,20.6,20.7,61.8,260,253,0,0,54,0,0,20.6,15.9,16.1
2026-06-28T17:28:36Z,0,0,0,0,0,0,20.3,851,20.4,20.6,63.7,260,253,0,0,54,0,0,20.5,16.1,16
2026-06-28T17:43:43Z,0,0,0,0,0,0,20.2,851.3,20.4,20.6,63.5,261,254,0,0,54,0,0,20.4,16,16
2026-06-28T17:58:51Z,0,0,0,0,0,0,20.1,851.5,20.3,20.5,62.6,259,254,0,0,54,0,0,20.4,15.8,15.9
2026-06-28T18:13:58Z,0,0,0,0,0,0,20.4,851.6,20.5,20.7,59.5,259,253,0,0,196,0,0,20.6,15.6,16.1
2026-06-28T18:29:24Z,0,0,0,0,0,0,20.6,851.8,20.7,20.9,58.3,260,253,0,0,138,0.2,0.2,20.7,15.6,16.2
2026-06-28T18:44:31Z,0,0,0,0,0,0,20.5,851.9,20.7,20.8,57.9,259,254,0,0.3,176,0.7,0.7,20.7,15.5,16.2
2026-06-28T18:59:39Z,0,0,0,0,0,0,20.2,852,20.4,20.6,58.5,260,254,0,1.5,175,3.7,3.7,20.4,15.4,15.9
2026-06-28T19:14:45Z,0,0,0,0,0,0,19.9,852.3,20.1,20.3,60.2,260,254,0,0.3,170,0.9,0.9,20.1,15.3,15.7
2026-06-28T19:29:52Z,0,0,0,0,0,0,19.6,852.4,19.8,20,61.5,260,253,0,0.2,204,0.9,0.9,19.8,15.2,15.4
2026-06-28T19:44:58Z,0,0,0,0,0,0,19.3,852.6,19.4,19.7,63.1,259,254,0,0.2,156,0.7,0.7,19.5,15.1,15.1
2026-06-28T20:00:22Z,0,0,0,0,0,0,19,852.5,19.2,19.4,64.6,259,254,0,0.4,124,0.9,0.9,19.3,15.1,14.9
2026-06-28T20:15:29Z,0,0,0,0,0,0,18.5,852.5,18.6,18.9,66.6,260,253,0,0.5,113,1.3,1.3,18.8,14.9,14.4
2026-06-28T20:30:37Z,0,0,0,0,0,0,18,852.7,18.1,18.4,69,261,253,0,0.1,165,0.7,0.7,18.3,14.7,14
2026-06-28T20:45:44Z,0,0,0,0,0,0,17.5,852.6,17.6,17.9,71.3,262,253,0,0,165,0,0,17.7,14.4,13.4
2026-06-28T21:00:52Z,0,0,0,0,0,0,17.1,852.4,17.3,17.5,73.5,261,253,0,0,50,0,0,17.4,14.4,13.1
2026-06-28T21:15:59Z,0,0,0,0,0,0,16.9,852.4,17.1,17.3,74.4,260,253,0,0,133,0,0,17.2,14.3,12.9
2026-06-28T21:31:26Z,0,0,0,0,0,0,16.7,852.3,16.8,17,75.9,259,254,0,0.1,133,1.1,1.1,16.9,14.2,12.7
2026-06-28T21:46:32Z,0,0,0,0,0,0,16.5,852.2,16.7,16.9,76.8,259,253,0,0.1,123,0.4,0.4,16.8,14.2,12.6
2026-06-28T22:01:40Z,0,0,0,0,0,0,16.3,852.1,16.4,16.7,77.5,260,254,0,0,132,0,0,16.6,14.1,12.4
2026-06-28T22:16:47Z,0,0,0,0,0,0,16.2,852.2,16.4,16.6,78.5,260,254,0,0,132,0,0,16.5,14.1,12.2
2026-06-28T22:31:54Z,0,0,0,0,0,0,16.2,852,16.3,16.6,78.6,261,254,0,0,132,0,0,16.5,14.1,12.2
2026-06-28T22:47:01Z,0,0,0,0,0,0,16.1,851.9,16.3,16.5,79.2,260,253,0,0,132,0,0,16.4,14.1,12.2
2026-06-28T23:02:09Z,0,0,0,0,0,0,15.9,851.8,16.2,16.3,80.2,261,252,0,0.4,132,0.9,0.9,16.2,14,12
2026-06-28T23:17:30Z,0,0,0,0,0,0,15.7,851.7,16.1,16.2,81.3,260,253,0,0.1,132,0.7,0.7,16.1,14,11.9
2026-06-28T23:32:43Z,0,0,0,0,0,0,15.7,851.7,16,16.1,82.6,261,253,0,0,132,0,0,16,14.1,11.8
2026-06-28T23:47:50Z,0,0,0,0,0,0,15.6,851.6,16,16.1,83.1,260,253,0,0,132,0,0,16,14.1,11.8
2026-06-29T00:00:57Z,0,0,0,0,0,0,15.6,851.6,15.9,16,84.6,260,253,0,0,132,0,0,15.9,14.2,11.7
2026-06-29T00:16:04Z,0,0,0,0,0,0,15.7,851.5,16,16.1,84.9,259,253,0,0,132,0.2,0.2,16,14.3,11.8
2026-06-29T00:31:11Z,0,0,0,0,0,0,15.6,851.3,15.9,16,83.9,260,252,0,0,132,0,0,15.9,14.2,11.7
2026-06-29T00:46:33Z,0,0,0,0,0,0,15.5,851.4,15.9,16,85.1,261,253,0,0,132,0,0,15.9,14.2,11.7
2026-06-29T01:01:40Z,0,0,0,0,0,0,15.5,851.4,15.9,16,85.4,260,254,0,0,132,0.2,0.2,15.9,14.3,11.7
2026-06-29T01:17:28Z,0,0,0,0,0,0,15.5,851.4,15.9,15.9,85.8,261,253,0,0,166,0,0,15.9,14.3,11.7
2026-06-29T01:32:52Z,0,0,0,0,0,0,15.4,851.5,15.8,15.8,85.6,260,253,0,0.2,166,0.4,0.4,15.7,14.1,11.5
2026-06-29T01:47:59Z,0,0,0,0,0,0,15.2,851.5,15.6,15.6,87.3,260,254,0,0,166,0,0,15.5,14.1,11.3
2026-06-29T02:03:06Z,0,0,0,0,0,0,15.2,851.5,15.6,15.6,88.2,259,253,0,0,166,0.2,0.2,15.5,14.2,11.3
2026-06-29T02:18:14Z,0,0,0,0,0,0,15.2,851.8,15.6,15.6,88.3,261,253,0,0.1,166,0.4,0.4,15.6,14.3,11.4
2026-06-29T02:33:21Z,0,0,0,0,0,0,15.2,852.1,15.5,15.6,88.2,261,254,0,0,166,0.2,0.2,15.5,14.2,11.4
2026-06-29T02:48:29Z,0,0,0,0,0,0,15.2,852.1,15.5,15.6,87.8,260,253,0,0,166,0.2,0.2,15.6,14.2,11.4
2026-06-29T03:03:55Z,0,0,0,0,0,0,15.2,852.1,15.5,15.6,88,260,253,0,0,166,0.2,0.2,15.6,14.2,11.4
2026-06-29T03:19:02Z,0,0,0,0,0,0,15.1,852.2,15.4,15.5,88.4,261,254,0,0.1,166,0.7,0.7,15.5,14.2,11.3
2026-06-29T03:34:10Z,0,0,0,0,0,0,15,852.3,15.4,15.5,88.7,261,262,0,0,166,0,0,15.4,14.2,11.2
2026-06-29T03:49:17Z,0,0,0,0,0,0,15,852.4,15.3,15.4,88.8,265,289,0,0.1,166,0.4,0.4,15.4,14.1,11.2
2026-06-29T04:04:25Z,0,0,0,0.1,0,0,15,852.5,15.3,15.4,89.3,273,398,0,0,166,0,0,15.4,14.2,11.2
2026-06-29T04:20:59Z,0,0,0,0.2,0,0,15.2,852.6,15.5,15.6,89.1,285,523,0,0,166,0,0,15.6,14.3,11.4
2026-06-29T04:36:06Z,0,0,0,0.2,0,0,15.4,852.6,15.8,15.8,88.5,297,652,0,0,166,0,0,15.8,14.4,11.6
2026-06-29T04:51:13Z,0,0,0,0.2,0,0,15.5,852.7,15.9,15.9,87.9,299,671,0,0.1,166,0.8,0.8,15.8,14.5,11.7
2026-06-29T05:06:21Z,0,0,0,0.2,0,0,15.5,853,16,15.9,88,298,677,0,0,166,0,0,15.9,14.5,11.7
2026-06-29T05:21:29Z,0,0,0,0.3,0,0,15.6,853.1,16.1,16.1,87.3,318,883,0,0.1,166,0.4,0.4,16,14.6,11.8
2026-06-29T05:36:55Z,0,0,0,0.5,0,0,15.7,853.2,16.2,16.2,86,345,1165,0,0,166,0,0,16.2,14.6,12
2026-06-29T05:52:03Z,0,0,0,0.6,0,0,16.3,853.2,16.6,16.8,83.9,363,1383,0,0.1,166,0.7,0.7,16.8,14.9,12.5
2026-06-29T06:07:58Z,0,0,0,0.6,0,0,16.7,853.4,17,17.2,82.5,362,1366,0,0.1,166,0.2,0.2,17.1,15.1,12.9
2026-06-29T06:23:05Z,0,0,0,0.6,0,0,16.8,853.5,17.1,17.2,81.4,374,1514,0,0,166,0,0,17.1,15,12.9
2026-06-29T06:38:12Z,0,0,0,0.6,0,0,17.2,853.6,17.5,17.5,79.4,370,1494,0,0.6,166,1.3,1.3,17.4,15,13.1
2026-06-29T06:53:19Z,0,0,0,0.6,0,0,17.6,853.7,17.8,18,77.6,367,1441,0,0,166,0,0,17.9,15.3,13.6
2026-06-29T07:08:26Z,0,0,0,0.9,0,0,17.8,853.6,18.1,18.2,76.3,424,2058,0,0.3,166,0.9,0.9,18.1,15.3,13.8
2026-06-29T07:23:34Z,0,0,0,1,0,0,18.5,853.6,18.7,19,73.3,434,2167,0,0.1,166,0.4,0.4,19,15.8,14.6
2026-06-29T07:38:59Z,0,0,0,1,0,0,18.6,853.5,18.8,18.9,73.6,447,2296,0,0.1,166,0.4,0.4,18.8,15.7,14.5
2026-06-29T07:54:06Z,0,0,0,1,0,0,18.6,853.3,19.1,19,72.1,448,2318,0,0,166,0,0,18.9,15.6,14.6
2026-06-29T08:09:14Z,0,0,0,0.8,0,0,18.7,853.1,18.8,19.1,73.2,409,1887,0,0,64,0,0,19.1,15.9,14.7
2026-06-29T08:25:08Z,0,0,0,0.7,0,0,19.8,853,19.8,20,69.1,388,1666,0,0,106,0.2,0.2,19.9,16.2,15.5
2026-06-29T08:40:15Z,0,0,0,0.8,0,0,19.4,852.8,19.6,19.5,70.2,406,1868,0,0,168,0,0,19.4,15.8,15
2026-06-29T08:55:22Z,0,0,0,1,0,0,19.7,852.6,19.9,20,67.9,436,2194,0,0.7,168,1.3,1.3,19.9,16,15.5
2026-06-29T09:10:30Z,0,0,0,0.9,0,0,19.6,852.4,20,19.9,68.1,433,2164,0,0.4,168,0.9,0.9,19.8,15.9,15.3
2026-06-29T09:26:09Z,0,0,0,1.3,0,0,19.8,852.3,19.9,19.9,69.2,501,2880,0,0.6,265,1.3,1.3,19.8,16,15.4
2026-06-29T09:41:17Z,0,0,0,1.4,0,0,20.1,852.1,20.4,20.2,67.7,524,3144,0,0.1,253,0.9,0.9,20.1,16.2,15.6
2026-06-29T09:56:23Z,0,0,0,1.5,0,0,19.8,851.9,20.1,19.9,69,545,3403,0,0.5,238,1.1,1.1,19.8,16,15.4
2026-06-29T10:11:31Z,0,0,0,1.4,0,0,20.6,851.7,21.1,20.8,66.4,515,3083,0,0,226,0.2,0.2,20.8,16.6,16.2
2026-06-29T10:26:38Z,0,0,0,1.8,0,0,21.1,851.5,21.6,21.7,62.9,587,3835,0,0.3,141,0.7,0.7,21.6,16.9,17
2026-06-29T10:41:45Z,0,0,0,1.7,0,0,21.3,851.2,21.8,22.1,61.9,577,3734,0,0.1,133,0.7,0.7,22.1,17.2,17.4
2026-06-29T10:57:08Z,0,0,0,1.5,0,0,21.8,851.1,22.4,22.6,60.2,538,3147,0,0.3,111,1.1,1.1,22.6,17.4,17.8
2026-06-29T11:12:15Z,0,0,0,2.9,0,0,22.6,850.9,23.2,23.4,57,790,6126,0,1,76,2,2,23.4,17.7,18.5
2026-06-29T11:27:23Z,0,0,0,2.6,0,0,23.2,850.6,23.8,24.2,54.8,745,5715,0,0.3,111,1.6,1.6,24.2,18,19.1
2026-06-29T11:42:30Z,0,0,0,2.3,0,0,23.4,850.3,23.1,23.2,57,692,5060,0,0.5,330,0.9,0.9,23.2,17.5,18.3
2026-06-29T11:58:16Z,0,0,0,1.2,0,0,23.6,850,23.9,24.4,54.3,485,2422,0,0.4,97,1.1,1.1,24.4,18.1,19.3
2026-06-29T12:13:23Z,0,0,0,2,0,0,24,849.9,23.9,24.5,53.7,620,4280,0,0.2,105,0.7,0.7,24.5,18.1,19.3
2026-06-29T12:28:31Z,0,0,0,2.1,0,0,24.4,849.7,25,25.4,51.5,653,4830,0,1,200,2,2,25.3,18.5,20
2026-06-29T12:43:39Z,0,0,0,0.7,0,0,23.4,849.7,24,24.3,56,384,1516,0,0.2,152,0.9,0.9,24.3,18.3,19.2
2026-06-29T12:59:21Z,0,0,0,1.2,0,0,22.5,849.7,22.6,23.3,57.9,475,2574,0,0.7,86,1.3,1.3,23.2,17.7,18.4
2026-06-29T13:14:28Z,0,0,0,1.3,0,0,22.8,849.7,23.1,23.6,58.9,506,3062,0,0.2,114,0.7,0.7,23.6,18.1,18.6
2026-06-29T13:29:36Z,0,0,0,1.2,0,0,23.5,849.7,23.8,24.6,57,473,2763,0,0.6,70,1.4,1.4,24.6,18.7,19.4
2026-06-29T13:45:21Z,0,0,0,0.8,0,0,22.3,849.8,22.4,23.2,60,411,1918,0,2,82,3.3,3.3,23.2,17.9,18.3
2026-06-29T14:00:28Z,0,0,0,0.8,0,0,22.9,849.7,23.4,24,58.9,405,1930,0,0.1,98,0.4,0.4,24,18.4,19
2026-06-29T14:15:36Z,0,0,0,0.5,0,0,21.8,849.7,22.1,22.7,61.6,349,1311,0,0.5,156,1.3,1.3,22.7,17.7,17.9
2026-06-29T14:30:44Z,0,0,0,0.3,0,0,21,849.7,21.2,21.6,64.7,322,917,0,1.2,84,3.1,3.1,21.6,17.1,17
2026-06-29T14:45:52Z,0,0,0,0.2,0,0,20.4,849.9,20.6,20.9,66.8,295,569,0,0.6,104,2,2,20.9,16.7,16.3
2026-06-29T15:01:17Z,0,0,0,0.1,0,0,20.1,850,20.2,20.5,68.1,273,341,0,0.8,56,2.8,2.8,20.4,16.5,15.9
2026-06-29T15:16:25Z,0,0,0,0,0,0,19.8,850.1,19.9,20.2,68.8,264,279,0,1.3,77,2.6,2.6,20.1,16.3,15.7
2026-06-29T15:31:33Z,0,0,0,0,0,0,19.7,850,19.8,20,69.8,262,266,0,0.3,81,1.3,1.3,20,16.3,15.5
2026-06-29T15:46:42Z,0,0,0,0,0,0,19.5,850.3,19.6,19.9,70.8,260,257,0,0.1,139,0.7,0.7,19.8,16.2,15.4
2026-06-29T16:02:27Z,0,0,0,0,0,0,19.3,850.5,19.5,19.7,71.6,262,253,0,0,135,0.4,0.4,19.7,16.2,15.3
2026-06-29T16:17:35Z,0,0,0,0,0,0,19.2,850.7,19.4,19.6,72.3,262,253,0,0.1,135,0.2,0.2,19.6,16.2,15.2
2026-06-29T16:32:43Z,0,0,0,0,0,0,19,850.8,19.2,19.4,72.5,260,253,0,0.1,134,0.9,0.9,19.4,16.1,15
2026-06-29T16:47:51Z,0,0,0,0,0,0,18.9,851,19.1,19.3,71.8,261,252,0,0.6,157,1.7,1.7,19.3,15.9,14.9
2026-06-29T17:03:00Z,0,0,0,0,0,0,18.8,851.2,18.9,19.3,72.5,258,254,0,0,134,0.4,0.4,19.2,15.9,14.8
2026-06-29T17:18:23Z,0,0,0,0,0,0,18.8,851.4,19,19.2,72.6,260,252,0,0.2,127,1.1,1.1,19.1,15.8,14.8
2026-06-29T17:33:31Z,0,0,0,0,0,0,18.8,851.6,18.9,19.1,72.3,261,254,0,0,127,0,0,19.1,15.8,14.7
2026-06-29T17:48:38Z,0,0,0,0,0,0,18.7,851.6,18.9,19.1,72.5,260,254,0,0,127,0,0,19,15.7,14.7
2026-06-29T18:04:33Z,0,0,0,0,0,0,18.7,851.7,18.9,19.1,71.9,261,253,0,0,111,0,0,19,15.7,14.7
2026-06-29T18:20:33Z,0,0,0,0,0,0,18.8,851.8,18.9,19.1,71.9,260,253,0,0,125,0,0,19.1,15.7,14.7
2026-06-29T18:35:41Z,0,0,0,0,0,0,18.7,851.9,18.9,19.1,72.5,260,253,0,0,125,0,0,19,15.7,14.6
2026-06-29T18:51:28Z,0,0,0,0,0,0,18.6,852.1,18.8,19,72.7,260,253,0,0.4,125,0.9,0.9,18.9,15.7,14.6
2026-06-29T19:06:35Z,0,0,0,0,0,0,18.6,852.1,18.8,19,73.5,261,253,0,0,125,0,0,18.9,15.8,14.6
2026-06-29T19:21:43Z,0,0,0,0,0,0,18.6,852,18.8,18.9,73.6,259,253,0,0,125,0,0,18.9,15.7,14.5
2026-06-29T19:36:51Z,0,0,0,0,0,0,18.5,852,18.7,18.9,73.6,260,254,0,0,125,0,0,18.8,15.7,14.5
2026-06-29T19:52:00Z,0,0,0,0,0,0,18.4,851.9,18.6,18.8,75.1,259,253,0,0,125,0,0,18.8,15.8,14.4
2026-06-29T20:07:23Z,0,0,0,0,0,0,18.3,852,18.3,18.6,77.4,260,254,0,0,125,0,0,18.6,15.9,14.2
2026-06-29T20:22:31Z,0,0,0,0,0,0,18.1,851.8,18.2,18.4,78.6,260,254,0,0,125,0,0,18.4,15.9,14.1
2026-06-29T20:37:38Z,0,0,0,0,0,0,18,851.8,18.1,18.3,79.6,259,253,0,0,125,0,0,18.3,15.9,14
2026-06-29T20:52:45Z,0,0,0,0,0,0,17.9,851.7,18,18.2,80.3,260,253,0,0,125,0,0,18.2,15.9,13.9
2026-06-29T21:07:53Z,0,0,0,0,0,0,17.8,851.6,18,18.2,81,260,253,0,0,125,0,0,18.2,15.9,13.9
2026-06-29T21:23:00Z,0,0,0,0,0,0,17.7,851.5,17.9,18.1,81.2,260,253,0,0,125,0,0,18.1,15.8,13.8
2026-06-29T21:38:27Z,0,0,0,0,0,0,17.7,851.4,17.9,18,81.1,260,254,0,0,125,0,0,18,15.8,13.8
2026-06-29T21:53:35Z,0,0,0,0,0,0,17.6,851.1,17.8,18,81.8,262,253,0,0,125,0,0,18,15.8,13.7
2026-06-29T22:08:43Z,0,0,0,0,0,0,17.5,851.2,17.7,17.9,82.5,259,254,0,0,125,0,0,17.9,15.9,13.7
2026-06-29T22:23:51Z,0,0,0,0,0,0,17.5,851.2,17.6,17.9,82.7,259,254,0,0,125,0,0,17.8,15.8,13.6
2026-06-29T22:38:58Z,0,0,0,0,0,0,17.5,851.1,17.7,17.9,82.2,262,253,0,0.3,134,1.1,1.1,17.9,15.8,13.6
2026-06-29T22:54:06Z,0,0,0,0,0,0,17.5,851.2,17.6,17.9,81.4,261,253,0,0,143,0.2,0.2,17.8,15.6,13.6
2026-06-29T23:09:31Z,0,0,0,0,0,0,17.4,851.2,17.5,17.7,81.5,261,253,0,0.5,165,1.5,1.5,17.7,15.5,13.5
2026-06-29T23:24:39Z,0,0,0,0,0,0,17.3,851.1,17.4,17.6,82.1,260,253,0,0.1,196,0.9,0.9,17.6,15.5,13.3
2026-06-29T23:39:47Z,0,0,0,0,0,0,17.1,850.9,17.2,17.5,82.8,260,252,0,0.2,110,1.4,1.4,17.5,15.5,13.3
2026-06-29T23:54:55Z,0,0,0,0,0,0,17,850.8,17.1,17.4,83.7,260,253,0,0.5,97,1.7,1.7,17.4,15.4,13.1
2026-06-30T00:04:00Z,0,0,0,0,0,0,16.9,850.7,17.1,17.3,84.1,261,254,0,0.3,133,1.1,1.1,17.3,15.4,13.1
2026-06-30T00:19:24Z,0,0,0,0,0,0,16.8,850.8,17,17.2,84.7,259,253,0,0.1,130,0.5,0.5,17.2,15.4,13
2026-06-30T00:34:32Z,0,0,0,0,0,0,16.8,850.9,16.9,17.2,85.1,260,254,0,0,130,0,0,17.2,15.4,12.9
2026-06-30T00:49:40Z,0,0,0,0,0,0,16.8,850.8,16.9,17.2,85.2,260,254,0,0.2,130,0.8,0.8,17.2,15.4,12.9
2026-06-30T01:04:47Z,0,0,0,0,0,0,16.7,850.9,16.8,17.1,85.6,260,254,0,0.1,130,0.4,0.4,17.1,15.4,12.9
2026-06-30T01:19:55Z,0,0,0,0,0,0,16.7,851.1,16.8,17.1,85.8,260,254,0,0.3,123,1.1,1.1,17.1,15.4,12.8
2026-06-30T01:35:02Z,0,0,0,0,0,0,16.6,851.1,16.8,17,86,259,253,0,0.4,89,0.9,0.9,17,15.4,12.8
2026-06-30T01:50:28Z,0,0,0,0,0,0,16.6,851.2,16.7,17,86.2,260,253,0,0,52,0,0,17,15.4,12.8
2026-06-30T02:05:36Z,0,0,0,0,0,0,16.6,851.2,16.7,17,86.1,261,253,0,0,52,0.2,0.2,17,15.3,12.7
2026-06-30T02:20:44Z,0,0,0,0,0,0,16.6,851.4,16.7,17,86.5,260,254,0,0.2,99,0.4,0.4,17,15.4,12.8
2026-06-30T02:35:52Z,0,0,0,0,0,0,16.5,851.5,16.7,16.9,86.7,260,253,0,0.1,92,0.4,0.4,16.9,15.3,12.7
2026-06-30T02:51:00Z,0,0,0,0,0,0,16.5,851.6,16.6,16.9,88,260,253,0,0.1,82,0.7,0.7,17,15.5,12.7
2026-06-30T03:06:08Z,0,0,0,0,0,0,16.4,851.6,16.5,16.8,88.9,260,252,0,0.3,75,0.7,0.7,16.8,15.5,12.6
2026-06-30T03:21:31Z,0,0,0,0,0,0,16.3,851.6,16.4,16.7,89.4,260,254,0,0.1,116,0.7,0.7,16.8,15.5,12.6
2026-06-30T03:36:38Z,0,0,0,0,0,0,16.3,851.7,16.5,16.7,89.7,262,268,0,0,116,0,0,16.8,15.5,12.5
2026-06-30T03:51:46Z,0,0,0,0.1,0,0,16.3,851.8,16.4,16.7,89.9,266,304,0,0.5,116,0.9,0.9,16.7,15.5,12.5
2026-06-30T04:06:54Z,0,0,0,0.1,0,0,16.3,852,16.4,16.7,90.2,270,366,0,0,116,0,0,16.7,15.5,12.5
2026-06-30T04:22:01Z,0,0,0,0.1,0,0,16.4,852.1,16.5,16.8,90,274,407,0,0,116,0,0,16.8,15.6,12.6
2026-06-30T04:37:09Z,0,0,0,0.1,0,0,16.5,852.3,16.6,16.9,89.4,283,514,0,0,116,0.2,0.2,16.9,15.6,12.7
2026-06-30T04:52:35Z,0,0,0,0.2,0,0,16.6,852.4,16.8,17,88.5,288,554,0,0.1,116,0.2,0.2,17,15.6,12.8
2026-06-30T05:07:43Z,0,0,0,0.2,0,0,16.8,852.7,16.9,17.2,88.1,295,610,0,0,75,0,0,17.2,15.8,13
2026-06-30T05:22:51Z,0,0,0,0.2,0,0,16.9,852.8,17,17.3,87.3,298,659,0,0,98,0.1,0.1,17.3,15.8,13.1
2026-06-30T05:37:58Z,0,0,0,0.2,0,0,17.1,852.9,17.2,17.5,86.2,293,617,0,0,68,0,0,17.5,15.8,13.3
2026-06-30T05:53:06Z,0,0,0,0.2,0,0,17.1,853,17.2,17.5,85.1,301,691,0,0.1,133,0.4,0.4,17.5,15.8,13.3
2026-06-30T06:08:13Z,0,0,0,0.3,0,0,17.1,853.1,17.3,17.6,85.2,313,809,0,0,133,0.2,0.2,17.6,15.8,13.3
2026-06-30T06:23:39Z,0,0,0,0.4,0,0,17.3,853.2,17.4,17.7,84.6,338,1089,0,0.1,132,0.4,0.4,17.8,15.9,13.5
2026-06-30T06:38:47Z,0,0,0,0.4,0,0,17.4,853.2,17.6,17.9,83.9,340,1135,0,0.8,133,1.7,1.7,17.9,16,13.6
2026-06-30T06:53:55Z,0,0,0,0.5,0,0,17.7,853.3,17.9,18.2,82.8,350,1244,0,0.3,125,1.1,1.1,18.2,16.1,13.9
2026-06-30T07:09:03Z,0,0,0,0.6,0,0,17.8,853.3,18.1,18.3,82.8,365,1388,0,0,187,0.4,0.4,18.3,16.2,14
2026-06-30T07:24:10Z,0,0,0,0.6,0,0,18,853.2,18.3,18.5,81.3,365,1406,0,0.1,178,0.4,0.4,18.5,16.2,14.2
2026-06-30T07:39:18Z,0,0,0,0.6,0,0,18.6,853.2,18.9,19.1,79.1,362,1380,0,0.1,178,0.7,0.7,19.1,16.5,14.7
2026-06-30T07:54:43Z,0,0,0,0.5,0,0,18.6,853.2,18.9,19.2,79.4,352,1277,0,0.2,132,0.7,0.7,19.2,16.7,14.8
2026-06-30T08:09:51Z,0,0,0,0.7,0,0,18.7,853.1,19,19.2,78.1,386,1626,0,0.3,167,1.3,1.3,19.2,16.5,14.9
2026-06-30T08:24:58Z,0,0,0,0.8,0,0,19,853.1,19.4,19.5,77.2,406,1825,0,0,172,0,0,19.5,16.7,15.1
2026-06-30T08:40:06Z,0,0,0,0.8,0,0,19.3,852.8,19.6,19.9,74.9,410,1901,0,0.1,130,0.7,0.7,19.9,16.8,15.5
2026-06-30T08:55:15Z,0,0,0,1.1,0,0,19.5,852.7,20,20.1,74.6,472,2558,0,0.1,130,0.2,0.2,20.1,17,15.7
2026-06-30T09:10:22Z,0,0,0,1.5,0,0,21,852.4,21.3,21.5,71.4,528,3155,0,0,130,0.2,0.2,21.6,17.9,16.9
2026-06-30T09:25:47Z,0,0,0,2,0,0,21.5,852.3,21.9,22.1,68.5,635,4280,0,0.4,133,1.1,1.1,22.1,18,17.4
2026-06-30T09:40:55Z,0,0,0,0.8,0,0,20.8,852,21.5,21.1,70.1,396,1776,0,0.6,132,0.9,0.9,21.1,17.3,16.5
2026-06-30T09:56:03Z,0,0,0,0.8,0,0,19.6,851.9,19.8,19.7,76.1,413,1945,0,0.6,253,2,2,19.7,16.8,15.3
2026-06-30T10:11:11Z,0,0,0,1.1,0,0,20,851.8,20.1,20.2,74.1,465,2521,0,0.6,232,1.1,1.1,20.2,17,15.8
2026-06-30T10:26:19Z,0,0,0,1.4,0,0,20.6,851.6,21.1,21,71,522,3120,0,0,224,0.2,0.2,21,17.4,16.5
2026-06-30T10:41:26Z,0,0,0,1.5,0,0,21.5,851.4,21.9,21.4,68.3,546,3310,0,0.8,248,1.7,1.7,21.4,17.4,16.8
2026-06-30T10:56:52Z,0,0,0,3.3,0,0,23,851.2,23.3,23.3,60.9,882,7178,0,0.5,358,0.9,0.9,23.3,18.1,18.4
2026-06-30T11:12:00Z,0,0,0,3.4,0,0,24.9,850.8,25.1,24.4,55.9,893,7357,0,0.8,248,1.3,1.3,24.4,18.4,19.3
2026-06-30T11:27:58Z,0,0,0,1.1,0,0,23.4,850.5,24.1,24.2,56.6,466,2483,0,0.4,135,0.7,0.7,24.2,18.3,19.1
2026-06-30T11:43:06Z,0,0,0,0.9,0,0,22.8,850.3,23.6,23.3,58.3,435,2170,0,0.4,135,0.9,0.9,23.2,17.7,18.3
2026-06-30T11:58:13Z,0,0,0,0.9,0,0,22.9,850.2,23.4,23.4,59.3,435,2133,0,0,136,0.4,0.4,23.3,17.9,18.4
2026-06-30T12:13:20Z,0,0,0,1.1,0,0,23.3,850,23.5,23.4,57.9,460,2393,0,0.3,136,0.9,0.9,23.4,17.8,18.5
2026-06-30T12:28:27Z,0,0,0,2.4,0,0,23.1,850,23.6,23.5,58.7,708,5431,0,0.3,230,0.9,0.9,23.5,18,18.6
2026-06-30T12:43:34Z,0,0,0,2.1,0,0,24.6,849.8,25.5,25.4,52.1,643,4621,0,0.7,184,1.5,1.5,25.4,18.7,20.1
2026-06-30T12:58:58Z,0,0,0,1.5,0,0,24.6,849.6,25.7,25.6,52.2,541,3529,0,0.1,182,0.9,0.9,25.6,18.9,20.2
2026-06-30T13:14:04Z,0,0,0,1.3,0,0,23.5,849.6,24.6,24.6,53.2,501,3034,0,0.2,162,0.7,0.7,24.5,18.1,19.4
2026-06-30T13:29:12Z,0,0,0,1.1,0,0,24.3,849.3,24.9,25.8,50.8,459,2492,0,0.5,86,1.1,1.1,25.8,18.8,20.3
2026-06-30T13:44:19Z,0,0,0,1,0,0,24.4,849.3,25.4,25.1,52.6,452,2496,0,0,222,0.4,0.4,25.1,18.5,19.8
2026-06-30T13:59:27Z,0,0,0,0.9,0,0,24.3,849.3,25.3,25.2,51.7,418,2199,0,0.2,222,0.9,0.9,25.2,18.5,19.9
2026-06-30T14:14:35Z,0,0,0,0.5,0,0,23.2,849.5,23.9,24,56.1,351,1409,0,0.6,162,1.7,1.7,23.9,18,18.9
2026-06-30T14:30:02Z,0,0,0,0.2,0,0,22.8,849.5,23.3,23.8,56,296,598,0,0.3,114,1.5,1.5,23.7,17.8,18.7
2026-06-30T14:45:08Z,0,0,0,0.2,0,0,21.9,849.6,22.2,22.4,61.6,291,525,0,0.7,114,2.2,2.2,22.4,17.4,17.6
2026-06-30T15:00:15Z,0,0,0,0.1,0,0,21.4,849.7,21.6,21.9,63.5,279,436,0,0.4,120,1.5,1.5,21.9,17.2,17.2
2026-06-30T15:15:23Z,0,0,0,0.1,0,0,21.1,849.8,21.3,21.5,65.4,270,332,0,0.1,193,0.4,0.4,21.5,17.1,16.9
2026-06-30T15:30:30Z,0,0,0,0,0,0,20.8,849.9,21,21.2,65.8,265,297,0,0.1,209,0.7,0.7,21.2,16.9,16.6
2026-06-30T15:45:38Z,0,0,0,0,0,0,20.5,850,20.7,20.9,66.8,261,261,0,0.3,179,1.5,1.5,20.8,16.7,16.3
2026-06-30T16:01:10Z,0,0,0,0,0,0,20.2,850.1,20.4,20.5,67.4,262,254,0,0.1,201,0.7,0.7,20.5,16.4,16
2026-06-30T16:16:10Z,0,0,0,0,0,0,19.8,850.2,20,20.2,69.2,261,254,0,0.2,127,1.3,1.3,20.2,16.4,15.7
2026-06-30T16:31:17Z,0,0,0,0,0,0,19.6,850.3,19.8,20,70.5,260,254,0,0.3,129,1.1,1.1,20,16.3,15.5
2026-06-30T16:46:24Z,0,0,0,0,0,0,19.5,850.2,19.7,19.9,71.1,260,254,0,0,179,0,0,19.8,16.3,15.4
2026-06-30T17:01:31Z,0,0,0,0,0,0,19.3,850.5,19.5,19.7,72,260,253,0,0.2,223,0.9,0.9,19.6,16.2,15.2
2026-06-30T17:16:39Z,0,0,0,0,0,0,19.1,850.8,19.2,19.5,72.8,261,253,0,0.7,156,2,2,19.5,16.2,15.1
2026-06-30T17:32:07Z,0,0,0,0,0,0,18.9,850.9,19.1,19.3,73.8,260,254,0,0.1,168,0.9,0.9,19.3,16.1,14.9
2026-06-30T17:47:15Z,0,0,0,0,0,0,18.7,851,18.9,19.1,73.9,260,254,0,0.2,177,0.7,0.7,19.1,15.9,14.7
2026-06-30T18:02:23Z,0,0,0,0,0,0,18.7,851.1,18.9,19.1,73.6,259,252,0,0.5,155,1.3,1.3,19,15.9,14.7
2026-06-30T18:17:30Z,0,0,0,0,0,0,18.6,851.1,18.8,19,74.1,261,252,0,0.1,129,0.4,0.4,18.9,15.8,14.6
2026-06-30T18:32:37Z,0,0,0,0,0,0,18.6,851.3,18.8,18.9,74.5,259,253,0,0.1,146,0.9,0.9,18.9,15.8,14.5
2026-06-30T18:48:21Z,0,0,0,0,0,0,18.6,851.3,18.8,19,74.4,261,254,0,0.1,201,0.9,0.9,19,15.9,14.6
2026-06-30T19:03:29Z,0,0,0,0,0,0,18.5,851.2,18.6,18.8,74.7,260,253,0,0.3,116,1.5,1.5,18.8,15.8,14.5
2026-06-30T19:18:37Z,0,0,0,0,0,0,18.3,851.3,18.5,18.7,75.3,260,253,0,0,116,0,0,18.6,15.7,14.3
2026-06-30T19:33:45Z,0,0,0,0,0,0,18.2,851.4,18.4,18.6,76.9,261,253,0,0,116,0,0,18.5,15.8,14.2
2026-06-30T19:49:13Z,0,0,0,0,0,0,18.1,851.4,18.2,18.5,76.9,260,254,0,0,116,0,0,18.4,15.7,14.1
2026-06-30T20:04:21Z,0,0,0,0,0,0,18,851.4,18.2,18.4,76.9,260,253,0,0,116,0,0,18.4,15.6,14.1
2026-06-30T20:19:28Z,0,0,0,0,0,0,17.9,851.5,18.1,18.3,77.2,260,254,0,0,116,0,0,18.3,15.6,14
2026-06-30T20:34:36Z,0,0,0,0,0,0,17.9,851.6,18,18.2,77.6,260,253,0,0,116,0.2,0.2,18.2,15.5,13.9
2026-06-30T20:49:43Z,0,0,0,0,0,0,17.9,851.7,18.1,18.3,76.4,260,253,0,0.1,116,0.2,0.2,18.2,15.4,13.9
2026-06-30T21:05:09Z,0,0,0,0,0,0,17.6,851.7,17.8,18,76.2,259,253,0,0.1,116,0.9,0.9,18,15.2,13.7
2026-06-30T21:20:17Z,0,0,0,0,0,0,17.4,851.6,17.6,17.8,77.1,259,253,0,0,116,0.2,0.2,17.7,15.1,13.5
2026-06-30T21:35:25Z,0,0,0,0,0,0,17.2,851.5,17.4,17.5,77.7,260,253,0,0.2,116,0.9,0.9,17.5,14.9,13.2
2026-06-30T21:50:31Z,0,0,0,0,0,0,16.9,851.4,17.1,17.4,78.6,261,253,0,0.2,116,0.7,0.7,17.3,14.8,13
2026-06-30T22:05:39Z,0,0,0,0,0,0,16.7,851.3,16.9,17.1,79.8,261,254,0,0,116,0,0,17.1,14.8,12.8
2026-06-30T22:20:46Z,0,0,0,0,0,0,16.5,851.2,16.6,16.9,80.6,260,253,0,0.2,116,0.7,0.7,16.8,14.6,12.6
2026-06-30T22:36:13Z,0,0,0,0,0,0,16.2,851.2,16.4,16.7,81.1,261,254,0,0.1,130,0.2,0.2,16.6,14.5,12.4
2026-06-30T22:51:20Z,0,0,0,0,0,0,16.1,851.1,16.2,16.5,81.2,261,253,0,0,118,0.4,0.4,16.4,14.3,12.2
2026-06-30T23:06:30Z,0,0,0,0,0,0,16,851.1,16.2,16.4,80.7,261,253,0,0.5,119,2.2,2.2,16.3,14.2,12.1
2026-06-30T23:21:54Z,0,0,0,0,0,0,15.9,850.9,16.2,16.3,80.8,261,253,0,0.3,104,1.5,1.5,16.2,14,12
2026-06-30T23:37:02Z,0,0,0,0,0,0,15.8,850.8,16.1,16.2,81,259,254,0,0,104,0,0,16.1,14,11.9
2026-06-30T23:52:10Z,0,0,0,0,0,0,15.8,850.7,16.1,16.2,80.1,260,253,0,0.7,112,1.3,1.3,16.1,13.9,11.9
2026-07-01T00:00:14Z,0,0,0,0,0,0,15.8,850.7,16.1,16.2,80.4,260,253,0,0,112,0.2,0.2,16,13.9,11.8
2026-07-01T00:15:22Z,0,0,0,0,0,0,15.6,850.8,15.9,16,80.1,259,253,0,0.8,112,2,2,15.9,13.7,11.7
2026-07-01T00:30:30Z,0,0,0,0,0,0,15.5,850.9,15.9,15.9,80.5,261,254,0,0.5,112,1.7,1.7,15.8,13.7,11.6
2026-07-01T00:45:55Z,0,0,0,0,0,0,15.5,850.8,15.9,15.9,80.9,260,253,0,0.2,112,0.7,0.7,15.8,13.7,11.6
2026-07-01T01:01:03Z,0,0,0,0,0,0,15.5,850.9,15.8,15.9,81.1,260,254,0,0,112,0,0,15.8,13.7,11.6
2026-07-01T01:16:11Z,0,0,0,0,0,0,15.3,851,15.7,15.8,81.2,260,253,0,0,112,0,0,15.7,13.6,11.5
2026-07-01T01:31:20Z,0,0,0,0,0,0,15.2,851,15.6,15.7,81.3,258,253,0,0,112,0,0,15.6,13.5,11.4
2026-07-01T01:46:28Z,0,0,0,0,0,0,15.2,851,15.5,15.6,81.4,259,254,0,0.1,112,1,1,15.5,13.5,11.3
2026-07-01T02:01:36Z,0,0,0,0,0,0,15.1,851.3,15.5,15.6,81.6,259,255,0,0.4,112,1.1,1.1,15.5,13.5,11.3
2026-07-01T02:16:58Z,0,0,0,0,0,0,15.1,851.4,15.4,15.5,81.8,261,252,0,0,112,0,0,15.4,13.4,11.2
2026-07-01T02:32:06Z,0,0,0,0,0,0,14.9,851.6,15.2,15.4,82.6,259,254,0,0,112,0,0,15.2,13.4,11
2026-07-01T02:47:14Z,0,0,0,0,0,0,14.8,851.6,15.1,15.2,82.7,259,253,0,0.3,112,0.9,0.9,15.1,13.3,10.9
2026-07-01T03:02:22Z,0,0,0,0,0,0,14.7,851.6,15.1,15.2,83.3,260,253,0,0.1,112,0.9,0.9,15,13.2,10.8
2026-07-01T03:17:30Z,0,0,0,0,0,0,14.5,851.7,14.8,15,83.7,262,254,0,0.1,112,0.4,0.4,14.9,13.1,10.7
2026-07-01T03:32:38Z,0,0,0,0,0,0,14.4,851.7,14.7,14.9,84.1,261,261,0,0.8,112,1.7,1.7,14.8,13.1,10.6
2026-07-01T03:48:01Z,0,0,0,0,0,0,14.4,851.8,14.7,14.8,84.6,263,287,0,0.1,112,0.9,0.9,14.7,13.1,10.5
2026-07-01T04:03:09Z,0,0,0,0.1,0,0,14.4,851.9,14.8,14.9,85,266,311,0,0,112,0,0,14.7,13.2,10.5
2026-07-01T04:18:17Z,0,0,0,0.1,0,0,14.4,852,14.8,14.9,85.3,270,367,0,0,112,0.2,0.2,14.8,13.2,10.6
2026-07-01T04:33:25Z,0,0,0,0.1,0,0,14.4,852.2,14.8,14.9,85.1,274,416,0,0,112,0,0,14.8,13.2,10.6
2026-07-01T04:48:33Z,0,0,0,0.1,0,0,14.6,852.4,14.9,15,85,278,442,0,0,112,0.2,0.2,14.9,13.3,10.7
2026-07-01T05:03:42Z,0,0,0,0.1,0,0,14.7,852.5,14.9,15,85.3,281,468,0,0.3,111,0.7,0.7,14.9,13.3,10.7
2026-07-01T05:19:04Z,0,0,0,0.2,0,0,14.7,852.7,14.9,15.1,85.5,298,667,0,0,112,0.2,0.2,15,13.4,10.8
2026-07-01T05:34:12Z,0,0,0,0.3,0,0,14.9,852.9,15.1,15.3,85.3,308,774,0,0.1,112,0.7,0.7,15.2,13.6,11
2026-07-01T05:49:19Z,0,0,0,0.3,0,0,15.1,853,15.4,15.6,84.1,314,854,0,0.4,112,1.5,1.5,15.5,13.8,11.3
2026-07-01T06:04:27Z,0,0,0,0.4,0,0,15.3,853.2,15.6,15.6,83.8,324,948,0,0.3,112,0.9,0.9,15.5,13.8,11.3
2026-07-01T06:19:34Z,0,0,0,0.5,0,0,15.8,853.3,16.1,16.1,82,358,1313,0,0,112,0.2,0.2,16,14,11.8
2026-07-01T06:34:42Z,0,0,0,0.5,0,0,16,853.4,16.2,16.5,80.9,353,1273,0,0,112,0,0,16.4,14.3,12.2
2026-07-01T06:50:08Z,0,0,0,0.5,0,0,16.4,853.5,16.5,16.7,80.7,357,1321,0,0,112,0.2,0.2,16.6,14.4,12.4
2026-07-01T07:05:16Z,0,0,0,0.9,0,0,16.8,853.3,17,17.2,78.8,435,2166,0,0.3,112,0.9,0.9,17.1,14.7,12.9
2026-07-01T07:20:24Z,0,0,0,0.6,0,0,17,853.3,17.2,17.2,78.4,374,1489,0,0,112,0.2,0.2,17.1,14.7,12.9
2026-07-01T07:35:32Z,0,0,0,0.6,0,0,16.9,853.1,17.2,17.2,79.3,372,1475,0,0,112,0,0,17.1,14.7,12.9
2026-07-01T07:51:18Z,0,0,0,0.8,0,0,16.8,853,17.2,17.1,78.3,400,1767,0,0.1,112,0.4,0.4,17,14.6,12.8
2026-07-01T08:06:25Z,0,0,0,0.6,0,0,16.8,853,17.1,17,79.8,362,1390,0,0.2,112,0.6,0.6,16.9,14.6,12.7
2026-07-01T08:21:33Z,0,0,0,1.1,0,0,17.8,852.8,17.9,18.3,76.3,460,2474,0,0.1,112,1.1,1.1,18.3,15.5,14
2026-07-01T08:36:41Z,0,0,0,1.3,0,0,18.6,852.5,18.8,18.7,73.5,492,2846,0,0.1,112,0.4,0.4,18.6,15.5,14.3
2026-07-01T08:51:49Z,0,0,0,1.7,0,0,18.9,852.4,19.1,19.1,73.5,582,3819,0,0.2,112,0.7,0.7,19,15.8,14.7
2026-07-01T09:07:28Z,0,0,0,1.9,0,0,20.2,852.1,20.3,20.1,68.8,603,4000,0,0.1,112,0.4,0.4,20.1,16.3,15.6
2026-07-01T09:22:35Z,0,0,0,1.6,0,0,20,852,20.4,20.2,69.2,558,3516,0,0,112,0.4,0.4,20.1,16.3,15.6
2026-07-01T09:37:43Z,0,0,0,1.5,0,0,20,851.6,20.4,20.1,68.4,532,3257,0,0.8,112,2,2,20,16.2,15.6
2026-07-01T09:52:51Z,0,0,0,0.9,0,0,19.9,851.6,20.3,20,69.1,435,2182,0,0.5,112,1.1,1.1,19.9,16.2,15.5
2026-07-01T10:08:15Z,0,0,0,1,0,0,19.9,851.4,20.2,20.1,69.4,448,2319,0,0.2,112,0.4,0.4,20,16.3,15.6
2026-07-01T10:23:22Z,0,0,0,1.1,0,0,20,851.3,20.5,20.3,67.2,456,2410,0,0.7,111,1.7,1.7,20.2,16.2,15.7
2026-07-01T10:38:30Z,0,0,0,1,0,0,20.6,851.2,21.1,21.1,64.6,452,2388,0,0.3,112,0.9,0.9,21,16.6,16.4
2026-07-01T10:54:24Z,0,0,0,1.3,0,0,20.9,850.9,21.4,21.3,64.7,501,2899,0,1.2,111,2.6,2.6,21.2,16.8,16.6
2026-07-01T11:09:32Z,0,0,0,1.5,0,0,21.3,850.7,21.7,21.6,63.3,533,3235,0,0.3,111,0.7,0.7,21.6,16.9,16.9
2026-07-01T11:24:39Z,0,0,0,1.3,0,0,21.8,850.5,22.2,22.2,62.2,497,2846,0,0.1,112,0.4,0.4,22.2,17.3,17.4
2026-07-01T11:39:46Z,0,0,0,1.2,0,0,21.4,850.4,21.8,22.2,59.9,473,2549,0,0.3,112,0.9,0.9,22.1,17,17.4
2026-07-01T11:55:27Z,0,0,0,1,0,0,21.7,850,22.2,22,61.4,436,1985,0,0,112,0,0,22,17,17.3
2026-07-01T12:10:35Z,0,0,0,2.6,0,0,22.9,849.8,23.4,23.5,57,740,5652,0,0.2,111,0.7,0.7,23.4,17.7,18.5
2026-07-01T12:26:21Z,0,0,0,2,0,0,22.8,849.6,23.4,23.5,57,633,4399,0,0,112,0.2,0.2,23.4,17.7,18.5
2026-07-01T12:41:28Z,0,0,0,2.2,0,0,24.1,849.6,24.8,24.6,54.1,663,4898,0,1.2,110,3.3,3.3,24.6,18.3,19.4
2026-07-01T12:57:17Z,0,0,0,0.7,0,0,22.5,849.5,23.1,22.8,57.7,388,1559,0,0.6,112,1.1,1.1,22.7,17.2,17.9
2026-07-01T13:12:25Z,0,0,0,1.1,0,0,22.6,849.5,23.2,23,57.8,471,2641,0,0,112,0,0,23,17.4,18.1
2026-07-01T13:27:32Z,0,0,0,1.3,0,0,23.8,849.2,24.4,24.6,53.7,501,3015,0,0,112,0,0,24.6,18.2,19.4
2026-07-01T13:42:40Z,0,0,0,0.8,0,0,24.1,849.1,24.5,25.4,50.5,405,1886,0,0.8,112,1.7,1.7,25.4,18.5,20.1
2026-07-01T13:57:48Z,0,0,0,0.4,0,0,22.5,849.3,23,23.3,57.9,340,1103,0,0,104,0.5,0.5,23.3,17.7,18.4
2026-07-01T14:12:55Z,0,0,0,0.4,0,0,21.8,849.3,22.1,22.5,61,337,1060,0,0.7,86,2.8,2.8,22.4,17.4,17.7
2026-07-01T14:28:20Z,0,0,0,0.3,0,0,21.3,849.3,21.6,21.9,62.9,315,765,0,0.3,105,2,2,21.9,17.1,17.2
2026-07-01T14:43:28Z,0,0,0,0.3,0,0,21.1,849.5,21.2,21.6,64.1,307,745,0,0.4,92,1.5,1.5,21.5,17,16.9
2026-07-01T14:58:36Z,0,0,0,0.2,0,0,20.8,849.9,20.9,21.2,65.7,283,510,0,0.7,111,1.3,1.3,21.2,16.9,16.6
2026-07-01T15:13:44Z,0,0,0,0.1,0,0,20.5,849.8,20.7,21,66.7,271,364,0,0.7,103,2,2,20.9,16.8,16.4
2026-07-01T15:29:29Z,0,0,0,0,0,0,20.3,849.8,20.4,20.7,66.8,263,276,0,0.7,112,3.1,3.1,20.6,16.5,16.1
2026-07-01T15:44:37Z,0,0,0,0,0,0,20,849.9,20.2,20.4,67.6,259,258,0,0.4,112,0.9,0.9,20.3,16.3,15.8
2026-07-01T15:59:44Z,0,0,0,0,0,0,19.7,850,19.9,20,68.2,260,253,0,0.3,113,0.9,0.9,19.9,16.1,15.5
2026-07-01T16:14:53Z,0,0,0,0,0,0,19.3,850.1,19.4,19.6,69.7,260,254,0,0,113,0.2,0.2,19.5,15.9,15.1
2026-07-01T16:30:01Z,0,0,0,0,0,0,19.2,850.3,19.4,19.5,69.8,261,255,0,0.3,113,1.3,1.3,19.4,15.8,15.1
2026-07-01T16:45:26Z,0,0,0,0,0,0,19.1,850.5,19.2,19.5,68.8,260,253,0,0.2,113,1.1,1.1,19.4,15.7,15
2026-07-01T17:00:34Z,0,0,0,0,0,0,19,850.7,19.2,19.4,68.9,260,253,0,0,113,0,0,19.3,15.6,14.9
2026-07-01T17:15:42Z,0,0,0,0,0,0,19,850.9,19.1,19.4,69.2,260,252,0,0,113,0,0,19.3,15.6,14.9
2026-07-01T17:30:49Z,0,0,0,0,0,0,18.8,851,19,19.2,73.4,260,254,0,0,113,0,0,19.2,16,14.8
2026-07-01T17:45:57Z,0,0,0,0,0,0,18.6,851.2,18.8,19,75.7,259,254,0,0,113,0,0,18.9,16,14.6
2026-07-01T18:01:05Z,0,0,0,0,0,0,18.4,851.1,18.6,18.8,76.9,261,254,0,0,113,0,0,18.8,16,14.4
2026-07-01T18:16:36Z,0,0,0,0,0,0,18.3,851.1,18.4,18.7,77.8,261,253,0,0,113,0,0,18.6,16,14.3
2026-07-01T18:31:43Z,0,0,0,0,0,0,18.2,851.1,18.4,18.6,78.2,260,253,0,0,113,0,0,18.6,16,14.3
2026-07-01T18:46:51Z,0,0,0,0,0,0,18.1,851.3,18.3,18.5,78.9,259,255,0,0,113,0,0,18.5,16,14.2
2026-07-01T19:01:59Z,0,0,0,0,0,0,18.1,851.4,18.2,18.5,79,260,254,0,0,113,0,0,18.5,16,14.2
2026-07-01T19:17:07Z,0,0,0,0,0,0,18,851.5,18.2,18.4,79.4,260,252,0,0,113,0,0,18.4,15.9,14.1
2026-07-01T19:32:41Z,0,0,0,0,0,0,17.9,851.6,18.1,18.3,80,260,253,0,0,113,0,0,18.3,15.9,14
2026-07-01T19:47:49Z,0,0,0,0,0,0,17.8,851.5,18,18.2,80.6,258,253,0,0,113,0,0,18.2,15.9,13.9
2026-07-01T20:02:58Z,0,0,0,0,0,0,17.8,851.6,17.9,18.2,80.3,260,254,0,0.6,148,2.2,2.2,18.2,15.8,13.9
2026-07-01T20:18:06Z,0,0,0,0,0,0,17.9,851.7,18.1,18.2,73.9,261,253,0,0.2,117,1.3,1.3,18.2,15.1,13.9
2026-07-01T20:33:15Z,0,0,0,0,0,0,17.8,851.6,18,18.2,73.3,260,253,0,0.6,174,2.2,2.2,18.1,15,13.8
2026-07-01T20:48:38Z,0,0,0,0,0,0,17.6,851.6,17.8,18,74.4,259,252,0,0.1,132,0.5,0.5,17.9,14.9,13.6
2026-07-01T21:03:46Z,0,0,0,0,0,0,17.2,851.6,17.4,17.7,75.9,261,254,0,0.2,132,0.7,0.7,17.6,14.8,13.3
2026-07-01T21:18:54Z,0,0,0,0,0,0,17,851.4,17.2,17.4,77.1,260,254,0,0,132,0.2,0.2,17.3,14.7,13.1
2026-07-01T21:34:03Z,0,0,0,0,0,0,16.7,851.3,16.9,17.1,77.7,259,253,0,1.3,169,3.1,3.1,17,14.5,12.8
2026-07-01T21:49:34Z,0,0,0,0,0,0,16.4,851.1,16.6,16.8,79.2,260,253,0,0,168,0.2,0.2,16.7,14.4,12.5
2026-07-01T22:04:58Z,0,0,0,0,0,0,16.3,851.1,16.4,16.6,78.8,260,254,0,0,185,0,0,16.5,14.2,12.3
2026-07-01T22:20:07Z,0,0,0,0,0,0,16.1,851,16.3,16.5,79.6,260,253,0,0,185,0,0,16.4,14.2,12.2
2026-07-01T22:35:15Z,0,0,0,0,0,0,16,850.9,16.3,16.4,80,260,254,0,0,185,0,0,16.3,14.1,12.1
2026-07-01T22:50:23Z,0,0,0,0,0,0,15.9,850.9,16.2,16.3,80.4,261,252,0,0,185,0,0,16.2,14.1,12
2026-07-01T23:05:31Z,0,0,0,0,0,0,15.7,850.7,16,16.1,80.2,261,252,0,0.5,186,1.9,1.9,16,13.8,11.8
2026-07-01T23:20:40Z,0,0,0,0,0,0,15.5,850.6,15.9,16,80.7,261,253,0,0.2,186,1,1,15.9,13.8,11.7
2026-07-01T23:36:03Z,0,0,0,0,0,0,15.4,850.5,15.8,15.8,81.4,261,253,0,0.1,186,0.9,0.9,15.7,13.7,11.5
2026-07-01T23:51:11Z,0,0,0,0,0,0,15.1,850.6,15.5,15.6,82.5,260,253,0,0,186,0.2,0.2,15.5,13.6,11.3
2026-07-02T00:00:16Z,0,0,0,0,0,0,14.9,850.6,15.3,15.3,83.4,260,253,0,0,185,0,0,15.2,13.4,11
2026-07-02T00:15:24Z,0,0,0,0,0,0,14.4,850.7,14.8,14.8,85.6,261,252,0,0,186,0.2,0.2,14.7,13.2,10.5
2026-07-02T00:30:32Z,0,0,0,0,0,0,14.2,850.7,14.5,14.6,86.7,260,253,0,0,185,0,0,14.5,13.1,10.3
2026-07-02T00:46:15Z,0,0,0,0,0,0,13.9,850.5,14.2,14.3,87.7,260,253,0,0,185,0,0,14.2,12.9,10
2026-07-02T01:01:23Z,0,0,0,0,0,0,13.7,850.5,13.9,14.1,88.7,260,252,0,0,185,0,0,14,12.8,9.8
2026-07-02T01:16:31Z,0,0,0,0,0,0,13.7,850.6,14,14.1,89,260,254,0,0.7,186,1.1,1.1,14,12.9,9.8
2026-07-02T01:31:39Z,0,0,0,0,0,0,13.5,850.6,13.8,13.9,89.3,260,252,0,0,185,0,0,13.8,12.7,9.5
2026-07-02T01:46:47Z,0,0,0,0,0,0,13.2,850.8,13.3,13.5,90.5,257,253,0,0,185,0,0,13.4,12.4,9.2
2026-07-02T02:02:30Z,0,0,0,0,0,0,13.1,850.8,13.2,13.5,91.7,259,254,0,0,185,0,0,13.4,12.6,9.2
2026-07-02T02:17:37Z,0,0,0,0,0,0,13.4,850.9,13.7,13.8,91.6,260,253,0,0,185,0,0,13.7,12.8,9.5
2026-07-02T02:32:45Z,0,0,0,0,0,0,13.7,850.9,14,14.1,91.1,258,254,0,0,185,0,0,14,13,9.8
2026-07-02T02:48:13Z,0,0,0,0,0,0,13.9,851.1,14.2,14.2,89.9,258,253,0,0.2,186,0.7,0.7,14.2,13.1,10
2026-07-02T03:03:21Z,0,0,0,0,0,0,13.8,851.2,14.1,14.3,89.7,261,254,0,0,186,0.2,0.2,14.2,13.1,10
2026-07-02T03:18:29Z,0,0,0,0,0,0,13.9,851.2,14.2,14.3,89.4,260,255,0,0,186,0.4,0.4,14.2,13.1,10
2026-07-02T03:33:37Z,0,0,0,0,0,0,14,851.2,14.2,14.4,89.3,261,264,0,0.1,186,0.7,0.7,14.3,13.2,10.1
2026-07-02T03:49:20Z,0,0,0,0.1,0,0,14,851.3,14.3,14.4,89.5,267,316,0,0,185,0,0,14.3,13.2,10.1
2026-07-02T04:04:28Z,0,0,0,0.1,0,0,14.2,851.5,14.5,14.6,89.2,276,426,0,0,185,0,0,14.5,13.4,10.3
2026-07-02T04:19:36Z,0,0,0,0.2,0,0,14.4,851.6,14.7,14.8,88.6,289,553,0,0.3,186,0.9,0.9,14.7,13.5,10.5
2026-07-02T04:34:43Z,0,0,0,0.3,0,0,14.6,851.7,14.9,15,87.7,308,786,0,0.5,191,0.9,0.9,15,13.6,10.8
2026-07-02T04:50:11Z,0,0,0,0.3,0,0,15,851.9,15.4,15.4,86.5,322,950,0,0,190,0,0,15.3,13.8,11.1
2026-07-02T05:05:18Z,0,0,0,0.4,0,0,15.5,852,15.9,15.9,84,336,1120,0,0,191,0.2,0.2,15.8,14.1,11.6
2026-07-02T05:20:26Z,0,0,0,0.5,0,0,15.9,852.3,16.2,16.2,82.4,349,1240,0,0,191,0.2,0.2,16.1,14.2,11.9
2026-07-02T05:36:19Z,0,0,0,0.8,0,0,16.4,852.5,16.7,16.7,80.7,412,1944,0,0,190,0,0,16.6,14.5,12.4
2026-07-02T05:51:27Z,0,0,0,1,0,0,16.8,852.6,17.3,17.1,78.9,440,2253,0,0.1,191,0.9,0.9,17,14.6,12.8
2026-07-02T06:06:35Z,0,0,0,0.9,0,0,17,852.8,17.6,17.3,78.3,434,2133,0,0.1,191,0.4,0.4,17.2,14.7,12.9
2026-07-02T06:21:43Z,0,0,0,1,0,0,17.5,852.8,18.1,17.8,75.9,443,2193,0,0,191,0.4,0.4,17.7,15,13.5
2026-07-02T06:36:51Z,0,0,0,1,0,0,17.6,852.9,18.4,18.1,74.1,438,2086,0,0.3,111,0.9,0.9,18,15,13.7
2026-07-02T06:52:17Z,0,0,0,2.2,0,0,18,853,18.6,18.4,73.6,673,5013,0,0.3,111,1.1,1.1,18.3,15.2,14
2026-07-02T07:07:25Z,0,0,0,2.3,0,0,19.5,853,20.1,19.9,68.7,692,5080,0,0.1,111,0.4,0.4,19.8,16,15.4
2026-07-02T07:22:33Z,0,0,0,2.5,0,0,18.8,853,19.7,19.4,69.8,723,5403,0,0.6,111,1.5,1.5,19.3,15.7,15
2026-07-02T07:37:40Z,0,0,0,2.6,0,0,20.1,852.8,21.2,20.6,65.7,736,5563,0,1.1,111,2.4,2.4,20.6,16.3,16.1
2026-07-02T07:52:47Z,0,0,0,2.7,0,0,20.4,852.6,21.4,20.8,65.1,768,5900,0,1,111,1.7,1.7,20.8,16.4,16.2
2026-07-02T08:07:54Z,0,0,0,2.9,0,0,21,852.4,21.9,21.5,63.3,790,6142,0,1,111,3.5,3.5,21.4,16.8,16.8
2026-07-02T08:23:21Z,0,0,0,2.9,0,0,21.5,852.3,22.4,21.9,61.9,804,6292,0,0.8,111,2.2,2.2,21.8,17,17.2
2026-07-02T08:38:25Z,0,0,0,3.1,0,0,21.6,852.2,22.6,22,61.3,831,6559,0,0.6,111,1.3,1.3,21.9,17,17.2
2026-07-02T08:53:32Z,0,0,0,3,0,0,22.1,852.1,22.9,22.5,61,824,6503,0,0.6,111,2.2,2.2,22.5,17.4,17.7
2026-07-02T09:08:39Z,0,0,0,3.1,0,0,22.9,852,23.5,22.8,59.2,833,6578,0,0,111,0,0,22.7,17.4,17.9
2026-07-02T09:23:46Z,0,0,0,3.2,0,0,23.4,851.7,23.7,23.3,60,848,6713,0,0,111,0.4,0.4,23.3,18,18.4
2026-07-02T09:38:53Z,0,0,0,3.2,0,0,23.9,851.5,24.5,24.1,56.2,848,6690,0,0,208,0.4,0.4,24.1,18.2,19
2026-07-02T09:54:00Z,0,0,0,3.2,0,0,24.5,851.2,25.1,25.1,54,846,6656,0,0.2,110,0.7,0.7,25.1,18.7,19.8
2026-07-02T10:09:26Z,0,0,0,3,0,0,24.3,851,25,24.3,54,827,6499,0,1.6,110,2.4,2.4,24.3,18,19.2
2026-07-02T10:24:34Z,0,0,0,3,0,0,24.8,850.9,25.4,25.4,51.4,824,6445,0,0.5,173,1.5,1.5,25.3,18.5,20
2026-07-02T10:39:41Z,0,0,0,2.9,0,0,25.9,850.5,26.6,26.3,50.9,802,6232,0,0.3,207,1.1,1.1,26.3,19.2,20.7
2026-07-02T10:54:49Z,0,0,0,2.9,0,0,25.6,850.4,25.9,25.9,52,801,6210,0,0.2,192,0.9,0.9,25.9,19.1,20.5
2026-07-02T11:09:56Z,0,0,0,2.8,0,0,26.1,850.1,26.7,26.8,47.6,785,6005,0,0.5,195,2,2,27.1,19.1,21.3
2026-07-02T11:25:31Z,0,0,0,2.6,0,0,26.1,849.9,26.6,26.7,48.8,744,5615,0,0.3,101,0.7,0.7,27.1,19.3,21.4
2026-07-02T11:40:38Z,0,0,0,2.5,0,0,26.6,849.6,27.1,26.7,46.6,725,5397,0,1.5,236,2.8,2.8,27,18.9,21.3
2026-07-02T11:55:45Z,0,0,0,2.4,0,0,26.4,849.2,26.9,26.9,47.5,710,5240,0,0.2,197,0.7,0.7,27.1,19.2,21.4
2026-07-02T12:10:53Z,0,0,0,2.2,0,0,27,849,27.4,27.5,43.7,660,4631,0,0.3,194,1.3,1.3,27.5,19.1,21.7
2026-07-02T12:26:01Z,0,0,0,2.1,0,0,28.4,848.7,28.6,28.7,40.8,651,4566,0,0.7,194,1.7,1.7,28.4,19.5,22.3
2026-07-02T12:41:36Z,0,0,0,2,0,0,27.6,848.6,28.3,28.4,44.2,624,4338,0,0.4,143,2.4,2.4,28.4,19.9,22.3
2026-07-02T12:56:40Z,0,0,0,0.6,0,0,26.4,848.6,26.7,27.5,45.8,374,1407,0,0.6,126,1.5,1.5,27.6,19.5,21.8
2026-07-02T13:12:40Z,0,0,0,0.7,0,0,26.4,848.6,26.9,27.1,48,390,1597,0,1,179,2,2,27.4,19.5,21.6
2026-07-02T13:27:47Z,0,0,0,0.9,0,0,25.7,848.8,26,26.4,49.9,426,2020,0,0.8,95,2.8,2.8,26.4,19.2,20.8
2026-07-02T13:42:55Z,0,0,0,0.8,0,0,25.7,848.7,26,26.5,50.7,397,1717,0,1.2,90,3.5,3.5,26.5,19.4,20.9
2026-07-02T13:58:03Z,0,0,0,0.5,0,0,24.9,848.9,25.3,25.5,53.4,345,1128,0,0.2,109,1.5,1.5,25.5,19,20.2
2026-07-02T14:13:10Z,0,0,0,0.4,0,0,24.5,849.1,24.8,25.1,54.6,336,1115,0,0.7,89,2,2,25.1,18.8,19.8
2026-07-02T14:28:45Z,0,0,0,0.4,0,0,24.1,849.2,24.2,24.5,55.9,332,1131,0,1.7,60,3.3,3.3,24.5,18.5,19.4
2026-07-02T14:43:53Z,0,0,0,0.2,0,0,23.5,849.2,23.8,24,57.5,288,510,0,0.2,77,1.3,1.3,23.9,18.2,18.9
2026-07-02T14:59:01Z,0,0,0,0.1,0,0,22.9,849.5,23.1,23.3,59.3,279,431,0,0.5,124,1.3,1.3,23.2,17.9,18.3
2026-07-02T15:14:08Z,0,0,0,0,0,0,22.6,849.6,22.8,23,60.2,263,275,0,1.2,105,2.4,2.4,22.9,17.7,18.1
2026-07-02T15:29:55Z,0,0,0,0,0,0,22.3,849.8,22.5,22.7,60.6,262,261,0,0.2,167,0.4,0.4,22.6,17.5,17.8
2026-07-02T15:45:02Z,0,0,0,0,0,0,22.2,849.9,22.3,22.6,61.1,259,253,0,0.1,159,0.8,0.8,22.5,17.5,17.7
2026-07-02T16:00:49Z,0,0,0,0,0,0,21.9,850,22.1,22.3,60.9,260,253,0,0.5,92,1.3,1.3,22.2,17.2,17.5
2026-07-02T16:16:48Z,0,0,0,0,0,0,21.8,850.1,22,22.1,61.2,259,253,0,0.2,106,1.1,1.1,22.1,17.1,17.4
2026-07-02T16:31:55Z,0,0,0,0,0,0,21.7,850.4,21.9,22,61.2,260,253,0,0.2,158,0.9,0.9,21.9,17,17.3
2026-07-02T16:47:03Z,0,0,0,0,0,0,21.6,850.6,21.8,21.9,61.9,260,254,0,0.1,91,0.4,0.4,21.8,17,17.2
2026-07-02T17:02:11Z,0,0,0,0,0,0,21.3,850.8,21.4,21.6,67.9,260,253,0,0,95,0,0,21.6,17.5,17
2026-07-02T17:17:18Z,0,0,0,0,0,0,20.9,851.2,21.1,21.3,70,260,253,0,0,80,0,0,21.3,17.5,16.7
2026-07-02T17:32:25Z,0,0,0,0,0,0,20.7,851.4,20.9,21,64.2,260,253,0,0,142,0,0,21,16.5,16.4
2026-07-02T17:47:47Z,0,0,0,0,0,0,21,851.6,21.1,21.3,60.5,259,253,0,0.2,185,0.9,0.9,21.2,16.2,16.6
2026-07-02T18:02:54Z,0,0,0,0,0,0,20.1,851.3,20.5,20.7,68.2,259,253,0,0.2,193,1.3,1.3,20.6,16.7,16.1
2026-07-02T18:18:02Z,0,0,0.2,0,0,0,18.2,851.3,18.5,18.7,77.7,259,252,0,0.2,161,0.9,0.9,18.6,16,14.3
2026-07-02T18:33:09Z,0,0,0.2,0,0,0,17.8,851.7,17.9,18.1,79.3,260,255,0,0.2,166,0.7,0.7,18.1,15.6,13.8
2026-07-02T18:48:57Z,0,0,0.2,0,0,0,17.4,851.9,17.6,17.7,80.8,260,253,0,0,166,0,0,17.7,15.4,13.4
2026-07-02T19:04:05Z,0,0,0.2,0,0,0,17.7,852,17.9,18.1,75.6,260,254,0,0,189,0,0,18,15.2,13.7
2026-07-02T19:19:12Z,0,0,0.4,0,0,0,18.9,852,18.9,19.1,70.7,261,254,0,0.2,190,0.7,0.7,19,15.5,14.7
2026-07-02T19:34:19Z,0,0,0.4,0,0,0,19.3,852.2,19.3,19.5,68.1,261,253,0,0.2,189,0.9,0.9,19.4,15.6,15
2026-07-02T19:49:26Z,0,0,0.4,0,0,0,19.2,852.4,19.3,19.5,65.1,259,255,0,0.3,85,1.5,1.5,19.4,15.2,15
2026-07-02T20:04:52Z,0,0,0.4,0,0,0,19.2,852.4,19.4,19.5,64.2,260,253,0,0.5,182,1.3,1.3,19.4,15.1,15
2026-07-02T20:20:00Z,0,0,0.4,0,0,0,18.8,852.3,18.9,19.1,64.4,260,254,0,1.1,134,3.1,3.1,19,14.8,14.6
2026-07-02T20:35:08Z,0,0,0.4,0,0,0,18.5,852.4,18.6,18.9,66.2,261,253,0,0,188,0,0,18.7,14.8,14.4
2026-07-02T20:50:57Z,0,0,0.4,0,0,0,18.2,852.5,18.3,18.6,66.2,260,253,0,0.6,109,2.2,2.2,18.4,14.5,14.1
2026-07-02T21:06:20Z,0,0,0.4,0,0,0,17.7,852.4,17.9,18.1,68.1,262,251,0,0.4,160,1.7,1.7,17.9,14.3,13.7
2026-07-02T21:21:28Z,0,0,0.4,0,0,0,17.3,852.4,17.5,17.7,69.7,260,254,0,0,206,0.2,0.2,17.6,14.1,13.3
2026-07-02T21:36:36Z,0,0,0.4,0,0,0,17.1,852.2,17.2,17.5,70.6,261,253,0,0.5,146,1.3,1.3,17.3,14,13.1
2026-07-02T21:51:43Z,0,0,0.4,0,0,0,16.8,852.3,16.9,17.2,71.8,259,254,0,0.1,130,0.7,0.7,17.1,13.9,12.8
2026-07-02T22:06:51Z,0,0,0.4,0,0,0,16.4,852.1,16.6,16.8,73,258,253,0,0.1,142,0.4,0.4,16.7,13.7,12.4
2026-07-02T22:21:59Z,0,0,0.4,0,0,0,16,852.1,16.3,16.5,74.8,260,253,0,0.1,142,0.4,0.4,16.3,13.5,12.1
2026-07-02T22:37:24Z,0,0,0.4,0,0,0,15.8,851.9,16.1,16.2,75.7,260,253,0,0.1,142,0.7,0.7,16,13.4,11.8
2026-07-02T22:52:32Z,0,0,0.4,0,0,0,15.6,851.8,16.1,16.1,76.3,260,254,0,0.1,142,0.7,0.7,15.9,13.3,11.7
2026-07-02T23:07:40Z,0,0,0.4,0,0,0,15.4,851.5,15.8,15.8,77.1,259,254,0,0,142,0,0,15.7,13.2,11.5
2026-07-02T23:22:47Z,0,0,0.4,0,0,0,15,851.4,15.3,15.4,78.4,259,253,0,0.1,142,0.4,0.4,15.3,13,11.1
2026-07-02T23:38:32Z,0,0,0.4,0,0,0,14.6,851.4,14.8,15,81.2,261,254,0,0,142,0,0,14.8,12.8,10.6
2026-07-02T23:53:39Z,0,0,0.4,0,0,0,14.1,851.4,14.4,14.6,83,260,252,0,0,142,0,0,14.4,12.6,10.2
2026-07-03T00:00:42Z,0,0,0.4,0,0,0,14,851.4,14.2,14.4,84.3,260,253,0,0,142,0,0,14.2,12.6,10
2026-07-03T00:15:49Z,0,0,0.4,0,0,0,13.7,851.4,14,14.1,85.2,259,254,0,0,142,0,0,14,12.5,9.8
2026-07-03T00:30:57Z,0,0,0.4,0,0,0,13.6,851.2,13.9,14,85.9,260,253,0,0,142,0,0,13.9,12.4,9.7
2026-07-03T00:46:04Z,0,0,0.4,0,0,0,13.5,851.1,13.8,14,85.8,260,253,0,0,142,0,0,13.8,12.4,9.6
2026-07-03T01:01:32Z,0,0,0.4,0,0,0,13.5,851,13.8,13.9,86.3,259,253,0,0,142,0,0,13.8,12.4,9.6
2026-07-03T01:16:39Z,0,0,0.4,0,0,0,13.3,851.3,13.6,13.7,87.6,260,253,0,0,142,0,0,13.6,12.3,9.3
2026-07-03T01:31:47Z,0,0,0.4,0,0,0,13,851.3,13.2,13.4,88.1,259,253,0,0,142,0,0,13.3,12.1,9.1
2026-07-03T01:46:55Z,0,0,0.4,0,0,0,12.9,851.5,13.2,13.4,89,261,252,0,0,142,0,0,13.2,12.1,9
2026-07-03T02:02:02Z,0,0,0.4,0,0,0,12.8,851.7,13.1,13.2,89.9,260,254,0,0,142,0,0,13.1,12.1,8.8
2026-07-03T02:17:10Z,0,0,0.4,0,0,0,12.7,851.7,13,13.1,90.2,261,253,0,0,142,0,0,13,12,8.8
2026-07-03T02:32:35Z,0,0,0.4,0,0,0,12.7,851.9,13,13.1,90.4,260,254,0,0,142,0,0,13,12,8.7
2026-07-03T02:47:43Z,0,0,0.4,0,0,0,12.5,852,12.8,13,90.6,261,253,0,0,142,0,0,12.8,11.9,8.6
2026-07-03T03:02:51Z,0,0,0.4,0,0,0,12.3,852.1,12.6,12.8,90.9,261,253,0,0,142,0,0,12.6,11.7,8.4
2026-07-03T03:17:59Z,0,0,0.4,0,0,0,12.2,852.3,12.4,12.6,91.8,261,256,0,0,142,0,0,12.5,11.7,8.2
2026-07-03T03:33:07Z,0,0,0.4,0,0,0,12.1,852.4,12.4,12.6,92.3,263,270,0,0,142,0,0,12.4,11.7,8.1
2026-07-03T03:48:15Z,0,0,0.4,0.1,0,0,12.1,852.5,12.4,12.6,92.5,272,392,0,0,142,0.2,0.2,12.5,11.8,8.2
2026-07-03T04:03:40Z,0,0,0.4,0.2,0,0,12.3,852.7,12.7,12.8,92.1,288,576,0,0,142,0,0,12.7,11.9,8.4
2026-07-03T04:18:48Z,0,0,0.4,0.2,0,0,12.9,852.8,13.2,13.2,91.2,302,746,0,0,142,0.2,0.2,13,12.2,8.8
2026-07-03T04:33:56Z,0,0,0.4,0.3,0,0,13.6,852.8,13.9,13.7,89.2,319,929,0,0,142,0,0,13.6,12.5,9.3
2026-07-03T04:49:04Z,0,0,0.4,0.6,0,0,14.4,853.1,14.7,14.4,86.8,372,1668,0,0,324,0.2,0.2,14.2,12.9,10
2026-07-03T05:04:12Z,0,0,0.4,0.9,0,0,15.9,853.1,16.2,15.6,82.7,425,2266,0,0.2,78,0.7,0.7,15.5,13.6,11.3
2026-07-03T05:19:19Z,0,0,0.4,0.9,0,0,17.5,853.2,17.5,16.9,77.2,433,2271,0,0.3,74,1.1,1.1,16.7,14.2,12.5
2026-07-03T05:34:44Z,0,0,0.4,1.1,0,0,18.8,853.4,18.6,17.9,73,462,2589,0,0.5,63,1.5,1.5,17.7,14.6,13.5
2026-07-03T05:49:51Z,0,0,0.4,1.3,0,0,18.1,853.5,18.4,18.1,71,497,2960,0,0.2,72,0.7,0.7,18,14.7,13.7
2026-07-03T06:04:59Z,0,0,0,1.5,0.4,0,19,853.5,20,19.2,68.6,540,3404,0,0,132,0,0,19,15.3,14.7
2026-07-03T06:20:06Z,0,0,0,1.8,0.4,0,19.2,853.5,19.8,19.3,68.6,583,3889,0,0.2,66,0.9,0.9,19.2,15.5,14.8
2026-07-03T06:35:13Z,0,0,0,1.9,0.4,0,18.9,853.6,20.1,19.3,66.9,619,4266,0,0.7,154,1.3,1.3,19.2,15.3,14.8
2026-07-03T06:50:40Z,0,0,0,2.1,0.4,0,19.2,853.5,19.6,19.4,68.4,653,4641,0,0.6,119,1.5,1.5,19.3,15.6,15
2026-07-03T07:05:48Z,0,0,0,2.3,0.4,0,20.7,853.6,20.9,21,63.6,684,4975,0,0.5,93,1.2,1.2,20.9,16.4,16.4
2026-07-03T07:20:55Z,0,0,0,2.4,0.4,0,20,853.7,20.6,20.1,65.7,712,5286,0,1.2,199,2.4,2.4,20,15.8,15.6
2026-07-03T07:36:50Z,0,0,0,2.5,0.4,0,20.8,853.5,21.6,21.4,62.7,732,5505,0,0.5,188,1.3,1.3,21.3,16.6,16.7
2026-07-03T07:51:57Z,0,0,0,2.7,0.4,0,22.4,853.3,23,22.7,60.2,758,5794,0,0,182,0,0,22.6,17.5,17.9
2026-07-03T08:07:04Z,0,0,0,2.8,0.4,0,22.1,853.2,23,22.5,59.7,783,6077,0,0.1,178,0.4,0.4,22.4,17.2,17.7
2026-07-03T08:22:11Z,0,0,0,2.9,0.4,0,22.9,853.1,23.6,23.2,57.2,806,6289,0,0.1,235,0.4,0.4,23.2,17.5,18.3
2026-07-03T08:37:18Z,0,0,0,3,0.4,0,22.7,853,23.4,22.6,60,824,6460,0,0.1,235,0.4,0.4,22.5,17.3,17.7
2026-07-03T08:52:44Z,0,0,0,3.1,0.4,0,22.8,852.9,23.4,23,58.6,831,6562,0,0.9,184,2,2,22.9,17.5,18.1
2026-07-03T09:07:51Z,0,0,0,3.1,0.4,0,23.5,852.6,24.4,24.1,55.7,832,6607,0,0.4,203,1.1,1.1,24.1,18.1,19
2026-07-03T09:22:58Z,0,0,0,3.1,0.4,0,24,852.4,24.6,24.1,56.4,829,6590,0,0,233,0,0,24,18.2,19
2026-07-03T09:38:04Z,0,0,0,3,0.4,0,24,852.1,24.3,24.7,54,824,6538,0,0.7,170,2.6,2.6,24.7,18.4,19.5
2026-07-03T09:53:11Z,0,0,0,3.1,0.4,0,25.4,851.9,25.9,25.5,50.8,828,6521,0,0.5,215,1.3,1.3,25.5,18.6,20.1
2026-07-03T10:08:17Z,0,0,0,3,0.4,0,25.3,851.6,25.9,25.4,52.7,823,6475,0,0.2,171,0.7,0.7,25.4,18.8,20.1
2026-07-03T10:23:24Z,0,0,0,2.9,0.4,0,26.2,851.4,26.9,27,47.2,792,6131,0,0.7,176,2,2,27.3,19.3,21.5
2026-07-03T10:38:49Z,0,0,0,2.8,0.4,0,25.8,851.1,26.6,26,50.3,783,6043,0,0.7,234,2.4,2.4,26,19,20.6
2026-07-03T10:53:56Z,0,0,0,2.8,0.4,0,26,851,26.4,26.2,49.8,786,6133,0,1.2,182,2.6,2.6,26.2,19,20.7
2026-07-03T11:09:04Z,0,0,0,2.7,0.4,0,26,850.7,26.6,26.3,48.2,769,5871,0,0.7,169,1.7,1.7,26.3,18.8,20.8
2026-07-03T11:24:11Z,0,0,0,2.7,0.4,0,27.3,850.2,27.8,27.5,44.4,764,5775,0,0.3,182,1.5,1.5,27.5,19.2,21.7
2026-07-03T11:39:56Z,0,0,0,2.6,0.4,0,26.8,850.1,27.2,27.2,45.1,736,5513,0,0.7,123,1.3,1.3,27.3,19,21.5
2026-07-03T11:55:03Z,0,0,0,2.4,0.4,0,27.5,849.8,28.2,27.7,45.2,713,5450,0,0.3,226,1.1,1.1,27.7,19.5,21.8
2026-07-03T12:10:11Z,0,0,0,0.7,0.4,0,26.5,849.7,27.1,27,45.9,382,1393,0,0,199,0,0,27.1,19,21.4
2026-07-03T12:25:19Z,0,0,0,0.7,0.4,0,26.2,849.5,26.6,26.7,44.1,392,1545,0,0.1,134,0.9,0.9,26.6,18.4,21
2026-07-03T12:41:00Z,0,0,0,1.4,0.4,0,26.3,849.6,26.4,26.9,49.6,508,2921,0,1.3,67,3.3,3.3,27.3,19.5,21.5
2026-07-03T12:56:58Z,0,0,0,1.6,0.4,0,26.1,849.5,26.2,27.1,50.2,552,3525,0,0.9,98,2,2,27.5,19.8,21.6
2026-07-03T13:11:58Z,0,0,0,1.2,0.4,0,26.2,849.4,26.5,27.2,49.5,487,2802,0,0.8,67,2,2,27.6,19.8,21.7
2026-07-03T13:27:06Z,0,0,0,1.1,0.4,0,26.3,849.4,26.6,27.3,48.6,464,2560,0,1,65,1.5,1.5,27.6,19.7,21.7
2026-07-03T13:42:13Z,0,0,0,0.8,0.4,0,25.8,849.6,26.1,26.8,48.2,411,1884,0,2.4,81,3.9,3.9,27.2,19.3,21.4
2026-07-03T13:57:21Z,0,0,0,0.5,0.4,0,25.6,849.6,26.2,26.5,49.6,350,1184,0,0.2,143,1.1,1.1,26.5,19.2,20.9
2026-07-03T14:12:28Z,0,0,0,0.3,0.4,0,24.7,849.7,24.9,25.2,52.2,312,747,0,0.4,76,1.5,1.5,25.2,18.5,19.9
2026-07-03T14:27:36Z,0,0,0,0.2,0.4,0,24.2,849.7,24.4,24.6,54.4,303,694,0,0.5,106,2,2,24.6,18.3,19.4
2026-07-03T14:43:05Z,0,0,0,0.3,0.4,0,23.9,849.9,24.1,24.3,56.1,306,742,0,0,118,0,0,24.3,18.3,19.2
2026-07-03T14:58:13Z,0,0,0,0.2,0.4,0,23.5,850.1,23.7,23.9,56.7,289,568,0,0.4,130,0.9,0.9,23.8,18,18.8
2026-07-03T15:13:20Z,0,0,0,0.1,0.4,0,23.1,850.2,23.3,23.5,57.9,271,354,0,0,153,0,0,23.5,17.9,18.5
2026-07-03T15:28:28Z,0,0,0,0,0.4,0,22.8,850.3,22.9,23.1,58.3,264,284,0,0.6,128,1.7,1.7,23.1,17.6,18.2
2026-07-03T15:44:07Z,0,0,0,0,0.4,0,22.6,850.5,22.8,22.9,58.9,260,258,0,0.3,142,2,2,22.8,17.5,18
2026-07-03T15:59:15Z,0,0,0,0,0.4,0,22.4,850.6,22.5,22.7,59,260,254,0,0.2,139,1.1,1.1,22.6,17.3,17.8
2026-07-03T16:14:22Z,0,0,0,0,0.4,0,22.2,851,22.3,22.5,61.6,261,253,0,0.6,69,1.3,1.3,22.5,17.5,17.7
2026-07-03T16:29:30Z,0,0,0,0,0.4,0,21.6,851.3,21.8,22,63.5,260,254,0,1,95,2.2,2.2,22,17.3,17.3
2026-07-03T16:44:37Z,0,0,0,0,0.4,0,21.4,851.5,21.6,21.8,64.3,261,254,0,0.1,90,0.4,0.4,21.7,17.2,17.1
2026-07-03T17:00:03Z,0,0,0,0,0.4,0,21.3,851.5,21.4,21.6,63.7,259,255,0,0.2,162,1.1,1.1,21.6,17,17
2026-07-03T17:15:11Z,0,0,0,0,0.4,0,21.2,851.6,21.4,21.5,60.2,260,253,0,0.2,110,1.3,1.3,21.4,16.4,16.8
2026-07-03T17:30:19Z,0,0,0,0,0.4,0,21.1,851.9,21.2,21.4,59.4,261,254,0,0.2,149,0.7,0.7,21.3,16.2,16.7
2026-07-03T17:46:10Z,0,0,0,0,0.4,0,21.1,852.1,21.2,21.5,59.1,260,254,0,0.6,108,1.5,1.5,21.3,16.2,16.7
2026-07-03T18:02:08Z,0,0,0,0,0.4,0,21,852.2,21.2,21.3,59.4,259,253,0,0.2,123,0.9,0.9,21.2,16.1,16.6
2026-07-03T18:17:13Z,0,0,0,0,0.4,0,20.8,852.5,21,21.2,60.3,259,252,0,0.1,170,0.7,0.7,21,16.1,16.5
2026-07-03T18:33:13Z,0,0,0,0,0.4,0,20.4,852.6,20.6,20.8,62.3,260,253,0,0,128,0.1,0.1,20.7,16.1,16.2
2026-07-03T18:48:20Z,0,0,0,0,0.4,0,20.1,852.5,20.3,20.5,62.3,261,253,0,0.3,179,0.7,0.7,20.4,15.8,15.9
2026-07-03T19:03:27Z,0,0,0,0,0.4,0,20,852.6,20.2,20.4,61.7,259,251,0,0.4,140,1.1,1.1,20.2,15.5,15.7
2026-07-03T19:18:34Z,0,0,0,0,0.4,0,19.8,852.6,19.9,20.2,61,259,253,0,0.2,187,0.9,0.9,20,15.3,15.6
2026-07-03T19:33:42Z,0,0,0,0,0.4,0,19.4,852.7,19.6,19.9,62.5,261,254,0,0.6,121,1.3,1.3,19.7,15.2,15.3
2026-07-03T19:50:22Z,0,0,0,0,0.4,0,19.1,852.9,19.3,19.5,63.7,260,253,0,0.2,147,0.9,0.9,19.4,15.1,15
2026-07-03T20:05:47Z,0,0,0,0,0.4,0,18.8,852.9,19,19.2,65.7,260,253,0,0.8,170,3.3,3.3,19.1,15,14.7
2026-07-03T20:20:54Z,0,0,0,0,0.4,0,18.5,852.8,18.7,18.9,67.1,259,254,0,0.1,197,0.7,0.7,18.8,14.9,14.5
2026-07-03T20:36:02Z,0,0,0,0,0.4,0,18.2,852.9,18.4,18.6,68.3,261,254,0,0.5,136,1.3,1.3,18.4,14.8,14.1
2026-07-03T20:51:10Z,0,0,0,0,0.4,0,17.9,852.8,18.1,18.3,69.6,261,253,0,0.4,198,1.7,1.7,18.2,14.7,13.9
2026-07-03T21:06:18Z,0,0,0,0,0.4,0,17.7,852.8,17.9,18.1,70.9,259,254,0,0.1,233,0.7,0.7,17.9,14.6,13.7
2026-07-03T21:21:25Z,0,0,0,0,0.4,0,17.4,852.7,17.6,17.8,72.5,260,254,0,0.5,155,1.7,1.7,17.7,14.5,13.4
2026-07-03T21:36:51Z,0,0,0,0,0.4,0,17.2,852.8,17.4,17.6,73.8,261,254,0,0.1,149,0.7,0.7,17.4,14.5,13.2
2026-07-03T21:51:58Z,0,0,0,0,0.4,0,17,852.8,17.1,17.4,74.6,261,254,0,0,149,0.2,0.2,17.3,14.4,13
2026-07-03T22:07:06Z,0,0,0,0,0.4,0,16.8,852.5,16.9,17.2,75.3,260,253,0,0,149,0,0,17.1,14.3,12.8
2026-07-03T22:22:14Z,0,0,0,0,0.4,0,16.6,852.3,16.8,17,76.1,259,253,0,0,149,0,0,16.9,14.2,12.7
2026-07-03T22:37:22Z,0,0,0,0,0.4,0,16.4,852.1,16.6,16.8,77.1,259,253,0,0,149,0,0,16.7,14.2,12.5
2026-07-03T22:52:29Z,0,0,0,0,0.4,0,16.3,852,16.5,16.7,78.3,261,255,0,0.1,149,0.7,0.7,16.6,14.2,12.4
2026-07-03T23:07:55Z,0,0,0,0,0.4,0,16.1,851.9,16.3,16.6,80.3,261,254,0,0.6,149,1.3,1.3,16.5,14.3,12.3
2026-07-03T23:23:03Z,0,0,0,0,0.4,0,15.9,851.8,16.2,16.4,81.4,261,253,0,0.2,202,1.1,1.1,16.3,14.2,12.1
2026-07-03T23:38:10Z,0,0,0,0,0.4,0,15.8,851.8,16.1,16.2,82.1,259,254,0,0,201,0,0,16.1,14.1,11.9
2026-07-03T23:53:17Z,0,0,0,0,0.4,0,15.6,851.6,15.9,16,83,261,253,0,0,201,0,0,15.9,14,11.7
2026-07-04T00:00:21Z,0,0,0,0,0.4,0,15.4,851.6,15.7,15.9,83.7,261,253,0,0,201,0,0,15.8,14,11.6
2026-07-04T00:15:28Z,0,0,0,0,0.4,0,15.1,851.6,15.5,15.6,84.9,261,254,0,0.1,202,0.4,0.4,15.5,13.8,11.3
2026-07-04T00:30:35Z,0,0,0,0,0.4,0,14.9,851.7,15.2,15.3,86,261,254,0,0,202,0.2,0.2,15.2,13.7,11
2026-07-04T00:46:01Z,0,0,0,0,0.4,0,14.7,851.7,15,15.1,87,261,253,0,0,201,0,0,15,13.6,10.8
2026-07-04T01:01:09Z,0,0,0,0,0.4,0,14.6,851.8,14.9,15,87.7,260,252,0,0.1,202,0.7,0.7,15,13.6,10.8
2026-07-04T01:16:17Z,0,0,0,0,0.4,0,14.6,851.9,15,15,88,259,252,0,0,201,0,0,14.9,13.6,10.7
2026-07-04T01:31:24Z,0,0,0,0,0.4,0,14.5,851.9,14.8,14.9,88.4,260,253,0,0,201,0,0,14.8,13.6,10.6
2026-07-04T01:46:32Z,0,0,0,0,0.4,0,14.5,852,14.8,14.9,88.7,259,253,0,0.1,202,0.4,0.4,14.8,13.6,10.6
2026-07-04T02:01:40Z,0,0,0,0,0.4,0,14.4,852,14.7,14.8,88.8,260,254,0,0,201,0,0,14.8,13.5,10.6
2026-07-04T02:17:06Z,0,0,0,0,0.4,0,14.3,852.1,14.6,14.7,89.5,261,254,0,0,201,0,0,14.6,13.5,10.4
2026-07-04T02:32:13Z,0,0,0,0,0.4,0,14.1,852.2,14.4,14.5,90.4,260,254,0,0,201,0,0,14.5,13.4,10.3
2026-07-04T02:47:21Z,0,0,0,0,0.4,0,13.9,852.3,14.2,14.3,91.1,260,254,0,0,201,0,0,14.2,13.3,10
2026-07-04T03:02:29Z,0,0,0,0,0.4,0,13.7,852.4,13.9,14.1,91.8,259,253,0,0,201,0,0,14,13.1,9.8
2026-07-04T03:17:38Z,0,0,0,0,0.4,0,13.6,852.5,13.9,14,92.8,260,256,0,0,201,0,0,13.9,13.2,9.7
2026-07-04T03:32:46Z,0,0,0,0,0.4,0,13.7,852.6,14,14.2,93.2,261,261,0,0,201,0,0,14.1,13.4,9.9
2026-07-04T03:48:08Z,0,0,0,0,0.4,0,13.9,852.8,14.1,14.3,92.9,264,298,0,0.2,202,0.4,0.4,14.3,13.5,10
2026-07-04T04:03:16Z,0,0,0,0.1,0.4,0,13.9,852.9,14.2,14.4,92.7,266,323,0,0.2,89,0.7,0.7,14.3,13.5,10.1
2026-07-04T04:18:23Z,0,0,0,0.1,0.4,0,14,853.1,14.4,14.5,92.6,269,328,0,0,91,0.2,0.2,14.4,13.6,10.2
2026-07-04T04:33:31Z,0,0,0,0.1,0.4,0,14.2,853.3,14.5,14.7,92.5,280,477,0,0.1,322,0.4,0.4,14.7,13.8,10.5
2026-07-04T04:48:38Z,0,0,0,0.2,0.4,0,14.4,853.6,14.7,14.9,91.9,284,506,0,0,40,0,0,14.8,13.9,10.6
2026-07-04T05:03:46Z,0,0,0,0.2,0.4,0,14.7,853.6,15,15.1,90.8,291,606,0,0,40,0,0,15.1,14.1,10.9
2026-07-04T05:19:12Z,0,0,0,0.3,0.4,0,15,853.8,15.3,15.4,89.8,314,840,0,0,39,0,0,15.4,14.3,11.2
2026-07-04T05:34:19Z,0,0,0,0.4,0.4,0,15.6,853.9,15.9,16,87.8,334,1090,0,0,40,0,0,15.9,14.6,11.7
2026-07-04T05:49:27Z,0,0,0,0.5,0.4,0,16.1,853.9,16.4,16.5,84.9,350,1252,0,0.2,150,0.7,0.7,16.5,14.8,12.3
2026-07-04T06:04:34Z,0,0,0,0.4,0,0,16.3,853.9,16.6,16.8,83.5,330,1057,0,0.2,187,1.1,1.1,16.7,14.8,12.5
2026-07-04T06:19:42Z,0,0,0,0.4,0,0,16.2,854,16.5,16.6,83.2,325,998,0,0.1,187,0.4,0.4,16.6,14.7,12.4
2026-07-04T06:34:49Z,0,0,0,0.7,0,0,16.6,853.8,16.7,17.1,81.4,389,1686,0,0,186,0,0,17,14.9,12.8
2026-07-04T06:50:15Z,0,0,0,0.7,0,0,17.1,854,17.3,17.5,79.9,386,1665,0,0.6,187,0.9,0.9,17.5,15.1,13.2
2026-07-04T07:05:22Z,0,0,0,0.9,0,0,17.5,853.9,17.6,18.1,76.7,428,2093,0,0.6,187,0.9,0.9,18,15.3,13.7
2026-07-04T07:20:30Z,0,0,0,0.8,0,0,17.7,853.8,18.2,18,76.9,397,1753,0,0,186,0,0,18,15.3,13.7
2026-07-04T07:35:37Z,0,0,0,0.5,0,0,17.9,853.7,18.3,18.4,77.1,349,1224,0,0,186,0,0,18.3,15.6,14
2026-07-04T07:50:45Z,0,0,0,0.6,0,0,18.3,853.6,18.6,18.8,74.1,362,1389,0,0.3,187,0.9,0.9,18.8,15.7,14.4
2026-07-04T08:06:12Z,0,0,0,0.8,0,0,18.5,853.5,18.4,18.6,73.9,407,1889,0,0.1,187,0.4,0.4,18.6,15.5,14.2
2026-07-04T08:21:20Z,0,0,0,1.1,0,0,19,853.4,19.1,19.4,71.7,469,2556,0,0,186,0,0,19.3,15.9,14.9
2026-07-04T08:37:21Z,0,0,0,1.2,0,0,19.2,853.2,19.6,19.9,70.3,478,2638,0,0,187,0.2,0.2,19.9,16.3,15.5
2026-07-04T08:52:29Z,0,0,0,1.4,0,0,19.6,853,20.2,19.9,70,522,3121,0,0,187,0.4,0.4,19.9,16.2,15.4
2026-07-04T09:07:36Z,0,0,0,1.4,0,0,20.2,852.8,20.8,20.8,66.1,514,3011,0,0.3,187,1.3,1.3,20.7,16.5,16.2
2026-07-04T09:22:44Z,0,0,0,1.1,0,0,20,852.7,20.6,20.5,68.4,462,2476,0,0.2,192,1.2,1.2,20.5,16.6,16
2026-07-04T09:37:52Z,0,0,0,1.3,0,0,20.6,852.6,21.1,21.1,66.8,497,2867,0,0.1,194,0.9,0.9,21.1,16.9,16.5
2026-07-04T09:53:17Z,0,0,0,1.5,0,0,21,852.4,21.5,21.6,64.8,528,3203,0,0.5,151,1.1,1.1,21.5,17.1,16.9
2026-07-04T10:08:24Z,0,0,0,2,0,0,20.8,852.1,21.4,21.3,64.9,623,4212,0,1,174,1.7,1.7,21.2,16.8,16.7
2026-07-04T10:23:32Z,0,0,0,2.2,0,0,21.9,851.9,22.3,21.8,64.1,660,4552,0,0.4,208,1.1,1.1,21.8,17.2,17.1
2026-07-04T10:38:39Z,0,0,0,3,0,0,22.2,851.7,23.1,22.5,63.1,822,6614,0,0.9,233,1.7,1.7,22.4,17.6,17.7
2026-07-04T10:53:46Z,0,0,0,2.9,0,0,22.2,851.5,22.5,23.2,62.9,799,6225,0,0,106,0,0,23.2,18.3,18.3
2026-07-04T11:08:54Z,0,0,0,2.6,0,0,23.9,851.2,24.1,24.7,55.3,747,5645,0,1.1,105,1.7,1.7,24.7,18.6,19.5
2026-07-04T11:24:21Z,0,0,0,2.5,0,0,23.2,850.9,23.9,23.3,59.5,718,5349,0,0.3,220,0.7,0.7,23.3,17.9,18.4
2026-07-04T11:39:28Z,0,0,0,1.5,0,0,23.5,850.7,24.1,24.3,56.4,541,3008,0,0.8,218,1.5,1.5,24.2,18.3,19.2
2026-07-04T11:54:36Z,0,0,0,1.2,0,0,23.9,850.6,24.3,24.6,55.4,476,2374,0,0.1,219,0.4,0.4,24.6,18.5,19.4
2026-07-04T12:09:44Z,0,0,0,1.7,0,0,22.7,850.4,23.5,22.9,60.6,580,3759,0,0.6,219,1.1,1.1,22.8,17.7,18
2026-07-04T12:25:29Z,0,0,0,1.8,0,0,24.4,850.2,24.9,25.4,54.2,598,4199,0,0.3,218,1.3,1.3,25.4,19,20.1
2026-07-04T12:41:29Z,0,0,0,1.5,0,0,25.1,850.1,25.8,26.2,51.8,534,3208,0,0.5,218,1.1,1.1,26.2,19.3,20.7
2026-07-04T12:56:36Z,0,0,0,1.4,0,0,24.9,849.9,25.2,25.9,53.8,522,3343,0,0.7,211,1.3,1.3,25.9,19.3,20.4
2026-07-04T13:11:43Z,0,0,0,0.9,0,0,22.9,849.9,23.1,23.8,60.1,430,2018,0,1.3,85,2.6,2.6,23.8,18.4,18.8
2026-07-04T13:27:29Z,0,0,0,1.1,0,0,22.6,849.9,23,23.6,60.8,458,2497,0,0.9,50,2.2,2.2,23.6,18.4,18.7
2026-07-04T13:42:37Z,0,0,0,0.8,0,0,22.4,850,22.9,23.5,61.7,412,1966,0,0.1,114,0.7,0.7,23.5,18.4,18.6
2026-07-04T13:57:44Z,0,0,0,0.7,0,0,21.5,850.1,21.8,22.5,63.7,390,1718,0,1.8,77,3.5,3.5,22.5,17.7,17.7
2026-07-04T14:12:51Z,0,0,0,0.6,0,0,21,850.2,21.2,21.9,65.4,361,1383,0,1.5,72,3.1,3.1,21.9,17.5,17.2
2026-07-04T14:27:59Z,0,0,0,0.4,0,0,20.7,850.4,20.9,21.5,67.6,333,1045,0,0.4,87,2.2,2.2,21.4,17.3,16.8
2026-07-04T14:43:07Z,0,0,0,0.2,0,0,20.4,850.4,20.6,20.9,68.9,291,609,0,0.8,75,2.2,2.2,20.9,17,16.4
2026-07-04T14:58:31Z,0,0,0,0.1,0,0,19.8,850.6,20,20.3,70.7,270,349,0,0.8,46,1.7,1.7,20.3,16.6,15.8
2026-07-04T15:13:39Z,0,0,0,0,0,0,19.5,850.7,19.6,19.9,72.5,264,306,0,0.9,69,3.5,3.5,19.8,16.5,15.4
2026-07-04T15:29:37Z,0,0,0,0,0,0,19.1,850.9,19.2,19.5,74.1,262,262,0,0.6,67,0.9,0.9,19.5,16.3,15.1
2026-07-04T15:44:39Z,0,0,0,0,0,0,18.8,851,18.9,19.2,74.9,261,255,0,0.8,84,1.5,1.5,19.2,16.2,14.8
2026-07-04T15:59:46Z,0,0,0,0,0,0,18.7,851,18.9,19.1,75.4,259,253,0,0.7,73,1.3,1.3,19.1,16.1,14.7
2026-07-04T16:15:43Z,0,0,0,0,0,0,18.7,851.2,18.8,19.1,75.7,262,252,0,0.1,147,0.6,0.6,19,16.1,14.7
2026-07-04T16:30:51Z,0,0,0,0,0,0,18.6,851.4,18.8,19,74.5,260,254,0,0.8,82,2,2,19,15.9,14.6
2026-07-04T16:45:59Z,0,0,0,0,0,0,18.6,851.4,18.8,19,75.6,260,254,0,0.4,66,0.9,0.9,19,16,14.6
2026-07-04T17:01:06Z,0,0,0,0,0,0,18.5,851.4,18.6,18.9,74.2,259,254,0,0.2,138,0.8,0.8,18.8,15.8,14.5
2026-07-04T17:16:15Z,0,0,0,0,0,0,18.5,851.5,18.6,18.9,73.2,260,251,0,0.7,71,1.5,1.5,18.8,15.6,14.5
2026-07-04T17:31:37Z,0,0,0,0,0,0,18.4,851.6,18.6,18.8,74.2,260,253,0,0.6,79,2.2,2.2,18.8,15.7,14.4
2026-07-04T17:46:45Z,0,0,0,0,0,0,18.4,851.6,18.5,18.8,75.2,261,253,0,0,28,0,0,18.7,15.8,14.4
2026-07-04T18:01:52Z,0,0,0,0,0,0,18.3,851.8,18.4,18.6,77,260,254,0,0.1,72,0.4,0.4,18.6,15.9,14.3
2026-07-04T18:17:00Z,0,0,0,0,0,0,18.1,851.8,18.3,18.5,77.8,261,253,0,0,353,0.4,0.4,18.5,15.8,14.2
2026-07-04T18:32:08Z,0,0,0,0,0,0,18,851.8,18.1,18.3,79.4,261,253,0,0.1,354,0.9,0.9,18.3,15.8,14
2026-07-04T18:47:56Z,0,0,0,0,0,0,17.8,851.9,17.9,18.2,80,259,252,0,0,112,0.2,0.2,18.1,15.8,13.9
2026-07-04T19:03:20Z,0,0,0,0,0,0,17.7,852,17.8,18,80.9,260,254,0,0,326,0,0,18,15.8,13.8
2026-07-04T19:18:28Z,0,0,0,0,0,0,17.6,852.1,17.7,17.9,81.5,260,254,0,0.1,21,0.4,0.4,17.9,15.7,13.7
2026-07-04T19:34:27Z,0,0,0,0,0,0,17.5,852.2,17.6,17.9,81.9,259,254,0,0,320,0,0,17.9,15.7,13.6
2026-07-04T19:49:34Z,0,0,0,0,0,0,17.5,852.2,17.7,17.9,82.1,260,253,0,0.1,321,0.4,0.4,17.9,15.7,13.6
2026-07-04T20:04:42Z,0,0,0,0,0,0,17.5,852.1,17.6,17.9,82,259,254,0,0,353,0,0,17.9,15.7,13.6
2026-07-04T20:19:49Z,0,0,0,0,0,0,17.5,852.1,17.7,17.9,81.9,260,253,0,0,353,0,0,17.9,15.7,13.6
2026-07-04T20:34:57Z,0,0,0,0,0,0,17.5,852,17.6,17.8,80.3,261,254,0,0,118,0,0,17.8,15.5,13.5
2026-07-04T20:50:25Z,0,0,0,0,0,0,17.4,851.8,17.6,17.8,78,262,253,0,0.2,160,1.3,1.3,17.8,15.2,13.5
2026-07-04T21:05:33Z,0,0,0,0,0,0,17.3,851.7,17.5,17.7,77.8,260,254,0,0,179,0.2,0.2,17.6,15.1,13.4
2026-07-04T21:20:40Z,0,0,0,0,0,0,17.1,851.7,17.3,17.5,78,260,254,0,0,179,0,0,17.5,14.9,13.2
2026-07-04T21:35:47Z,0,0,0,0,0,0,17,851.5,17.1,17.4,78.4,259,254,0,0.1,123,0.4,0.4,17.3,14.9,13.1
2026-07-04T21:50:55Z,0,0,0,0,0,0,16.9,851.5,17,17.3,78.6,260,254,0,0,156,0.4,0.4,17.2,14.8,13
2026-07-04T22:06:03Z,0,0,0,0,0,0,16.8,851.6,17,17.2,79.1,261,253,0,0,156,0.2,0.2,17.2,14.8,12.9
2026-07-04T22:21:28Z,0,0,0,0,0,0,16.6,851.4,16.8,17,79.1,260,252,0,0.6,173,1.5,1.5,17,14.6,12.7
2026-07-04T22:36:36Z,0,0,0,0,0,0,16.4,851.4,16.6,16.8,80,260,254,0,0.2,173,0.7,0.7,16.7,14.5,12.5
2026-07-04T22:51:43Z,0,0,0,0,0,0,16.3,851.2,16.4,16.7,80.7,260,253,0,0.6,173,2,2,16.6,14.5,12.4
2026-07-04T23:06:51Z,0,0,0,0,0,0,16.2,850.9,16.4,16.6,81.3,261,254,0,0.6,173,1.3,1.3,16.5,14.4,12.3
2026-07-04T23:21:58Z,0,0,0,0,0,0,16,850.8,16.2,16.5,82,261,253,0,0.1,173,0.7,0.7,16.4,14.4,12.2
2026-07-04T23:37:06Z,0,0,0,0,0,0,16,850.9,16.3,16.5,82,260,253,0,0.5,173,1.3,1.3,16.4,14.4,12.2
2026-07-04T23:52:32Z,0,0,0,0,0,0,16,850.8,16.3,16.4,82.4,259,253,0,0,173,0,0,16.3,14.4,12.1
2026-07-05T00:00:36Z,0,0,0,0,0,0,15.9,850.8,16.2,16.3,82.9,260,253,0,0,173,0,0,16.2,14.3,12
2026-07-05T00:15:44Z,0,0,0,0,0,0,15.8,850.8,16.2,16.3,83.2,260,253,0,0,173,0,0,16.2,14.3,12
2026-07-05T00:30:51Z,0,0,0,0,0,0,15.7,850.8,16.1,16.2,83.7,260,253,0,0,173,0,0,16.1,14.3,11.9
2026-07-05T00:46:00Z,0,0,0,0,0,0,15.8,850.7,16.1,16.2,84,259,254,0,0,173,0.2,0.2,16.1,14.3,11.9
2026-07-05T01:01:08Z,0,0,0,0,0,0,15.7,850.7,16.1,16.2,84.2,261,253,0,0,173,0,0,16.1,14.3,11.9
2026-07-05T01:16:31Z,0,0,0,0,0,0,15.6,850.8,16,16.1,84.3,260,253,0,0,173,0,0,16,14.2,11.8
2026-07-05T01:31:39Z,0,0,0,0,0,0,15.6,850.9,16,16.1,84.8,261,254,0,0,173,0,0,16,14.3,11.8
2026-07-05T01:46:40Z,0,0,0,0,0,0,15.7,851.1,16,16.1,84.9,261,253,0,0,173,0,0,16,14.3,11.8
2026-07-05T02:01:47Z,0,0,0,0,0,0,15.6,851,16,16,85.1,259,253,0,0,173,0,0,16,14.3,11.8
2026-07-05T02:16:55Z,0,0,0,0,0,0,15.7,851.2,16.1,16.1,85.6,261,254,0,0,173,0,0,16,14.4,11.8
2026-07-05T02:32:03Z,0,0,0,0,0,0,15.6,851.3,16,16,85.1,261,254,0,0,173,0,0,16,14.3,11.8
2026-07-05T02:47:10Z,0,0,0,0,0,0,15.6,851.4,15.9,16,85.5,261,253,0,0,173,0,0,15.9,14.3,11.7
2026-07-05T03:02:36Z,0,0,0,0,0,0,15.6,851.5,15.9,16,85.7,259,252,0,0,173,0.2,0.2,16,14.4,11.8
2026-07-05T03:17:44Z,0,0,0,0,0,0,15.6,851.5,15.9,16,85.8,261,254,0,0,173,0.2,0.2,16,14.4,11.8
2026-07-05T03:32:51Z,0,0,0,0,0,0,15.6,851.7,16,16,85.8,261,259,0,0,173,0,0,16,14.4,11.8
2026-07-05T03:47:59Z,0,0,0,0,0,0,15.6,851.8,16,16.1,85.8,263,282,0,0,173,0,0,16,14.4,11.8
2026-07-05T04:03:06Z,0,0,0,0.1,0,0,15.6,852,15.9,16,86,267,328,0,0,173,0,0,16,14.4,11.8
2026-07-05T04:18:14Z,0,0,0,0.1,0,0,15.6,852.1,15.9,16.1,87.3,268,338,0,0.2,173,0.7,0.7,16,14.6,11.8
2026-07-05T04:33:40Z,0,0,0,0.1,0,0,15.3,852.5,15.6,15.8,88.9,273,412,0,0,173,0,0,15.8,14.5,11.6
2026-07-05T04:48:48Z,0,0,0,0.1,0,0,15.3,852.8,15.6,15.8,89.9,277,451,0,0,173,0.2,0.2,15.8,14.6,11.6
2026-07-05T05:03:55Z,0,0,0,0.1,0,0,15.4,852.9,15.8,15.9,90.1,282,483,0,0,173,0,0,15.8,14.7,11.6
2026-07-05T05:19:03Z,0,0,0,0.2,0,0,15.3,853,15.6,15.9,90.6,291,589,0,0,173,0.2,0.2,15.9,14.7,11.7
2026-07-05T05:34:11Z,0,0,0,0.3,0,0,15.5,853.2,15.8,16,90.8,313,813,0,0,173,0,0,16,14.9,11.8
2026-07-05T05:49:18Z,0,0,0,0.2,0,0,15.7,853.4,15.9,16.1,90.7,290,584,0,0,173,0,0,16.1,15,11.9
2026-07-05T06:04:42Z,0,0,0,0.2,0,0,15.5,853.3,15.8,16,90,292,598,0,0,173,0,0,16,14.8,11.8
2026-07-05T06:19:50Z,0,0,0,0.2,0,0,15.6,853.4,15.9,16.1,90.3,291,585,0,0,173,0,0,16.1,15,11.9
2026-07-05T06:34:57Z,0,0,0,0.2,0,0,15.5,853.4,15.9,16,90.6,297,647,0,0.2,173,1,1,16,14.9,11.8
2026-07-05T06:50:04Z,0,0,0,0.3,0,0,15.6,853.4,15.9,16.1,91.1,307,758,0,0.2,173,0.4,0.4,16.1,15.1,11.9
2026-07-05T07:05:12Z,0,0,0,0.3,0,0,15.6,853.3,15.9,16.1,90.9,316,843,0,0.5,173,0.9,0.9,16.1,15,11.9
2026-07-05T07:20:19Z,0,0,0,0.2,0,0,15.7,853.3,15.9,16.2,91.1,303,722,0,0,206,0,0,16.2,15.1,12
2026-07-05T07:35:45Z,0,0,0,0.3,0,0,15.8,853.3,16.1,16.3,90.3,315,842,0,0.3,207,0.9,0.9,16.3,15.1,12.1
2026-07-05T07:50:53Z,0,0,0,0.3,0,0,16,853.3,16.2,16.4,89.5,318,900,0,0.1,207,0.4,0.4,16.4,15.2,12.2
2026-07-05T08:06:00Z,0,0,0,0.4,0,0,16.1,853.2,16.4,16.5,87.6,329,981,0,0,206,0,0,16.5,15.1,12.3
2026-07-05T08:21:08Z,0,0,0,0.5,0,0,16.9,853.1,17,17.2,85.9,344,1169,0,0,207,0.4,0.4,17.2,15.5,13
2026-07-05T08:36:16Z,0,0,0,0.5,0,0,17,853,17.1,17.4,83.9,352,1251,0,0,207,0.2,0.2,17.4,15.5,13.2
2026-07-05T08:51:23Z,0,0,0,0.5,0,0,17.5,852.9,17.6,17.9,82.3,356,1311,0,0.2,207,0.7,0.7,17.9,15.8,13.6
2026-07-05T09:06:49Z,0,0,0,0.7,0,0,17.6,852.8,17.6,18.1,81.6,383,1606,0,0.1,207,0.7,0.7,18.1,15.9,13.8
2026-07-05T09:21:56Z,0,0,0,0.8,0,0,18.1,852.6,18.1,18.5,81.3,410,1890,0,0,207,0.4,0.4,18.5,16.3,14.2
2026-07-05T09:37:04Z,0,0,0,0.8,0,0,17.9,852.4,18.2,18.5,79.2,407,1859,0,0,135,0.4,0.4,18.5,16,14.2
2026-07-05T09:52:11Z,0,0,0,0.9,0,0,18.5,852.2,18.6,19,77.9,428,2090,0,0.3,83,1.3,1.3,19,16.3,14.7
2026-07-05T10:07:18Z,0,0,0,0.4,0,0,18.6,852.2,18.8,19.2,77.3,341,1122,0,0,128,0,0,19.2,16.5,14.9
2026-07-05T10:22:26Z,0,0,0,0.2,0,0,17.7,852.2,18.1,18.3,80.2,295,622,0,0.8,122,1.7,1.7,18.3,15.9,14
2026-07-05T10:37:53Z,0,0,0,0.3,0,0,17.2,852.2,17.4,17.7,83.1,306,740,0,0,68,0,0,17.7,15.7,13.4
2026-07-05T10:53:01Z,0,0,0,0.4,0,0,17.2,851.9,17.4,17.8,83.4,337,1073,0,0,96,0,0,17.8,15.8,13.5
2026-07-05T11:08:08Z,0,0,0,0.8,0,0,17.6,851.8,17.8,18.2,81.3,399,1780,0,0.6,61,1.5,1.5,18.2,15.9,13.9
2026-07-05T11:24:02Z,0,0,0,0.8,0,0,18.3,851.7,18.4,18.9,78.8,402,1805,0,0.3,91,0.7,0.7,18.9,16.3,14.5
2026-07-05T11:39:09Z,0,0,0,0.7,0,0,17.9,851.6,18,18.5,79.9,394,1721,0,0.6,87,1.7,1.7,18.5,16.1,14.2
2026-07-05T11:54:17Z,0,0,0,0.9,0,0,18.4,851.5,18.4,19,77.8,418,1973,0,0.1,72,1.1,1.1,19,16.3,14.6
2026-07-05T12:10:03Z,0,0,0,0.7,0,0,18.4,851.3,18.6,19,77.6,394,1708,0,0.1,101,0.4,0.4,19,16.3,14.6
2026-07-05T12:25:11Z,0,0,0,0.5,0,0,18.4,851.3,18.7,19,77.2,344,1171,0,0,126,0.2,0.2,19,16.2,14.6
2026-07-05T12:40:18Z,0,0,0,0.6,0,0,18.3,851,18.6,18.8,77.9,378,1563,0,0.4,113,1.5,1.5,18.8,16.2,14.5
2026-07-05T12:55:25Z,0,0,0,0.8,0,0,18.7,851,19,19.3,76.1,406,1847,0,0,143,0.4,0.4,19.3,16.4,14.9
2026-07-05T13:10:33Z,0,0,0,0.8,0,0,18.7,851,19.1,19.3,76,400,1788,0,0.3,143,1.3,1.3,19.3,16.3,14.9
2026-07-05T13:25:59Z,0,0,0,0.8,0,0,19.4,851,19.6,20,72.6,396,1730,0,0.6,79,1.1,1.1,20,16.6,15.5
2026-07-05T13:41:07Z,0,0,0,0.6,0,0,19.1,851,19.4,19.8,73.2,366,1424,0,0,136,0.2,0.2,19.7,16.4,15.3
2026-07-05T13:56:14Z,0,0,0,0.4,0,0,19.2,851.1,19.6,19.9,73.7,337,1073,0,0,151,0,0,19.8,16.6,15.4
2026-07-05T14:11:22Z,0,0,0,0.2,0,0,18.9,851.1,19.1,19.5,74.1,289,569,0,0.2,99,0.9,0.9,19.5,16.3,15.1
2026-07-05T14:26:29Z,0,0,0,0.2,0,0,18.4,851.1,18.6,18.9,76.2,291,591,0,0.1,187,0.7,0.7,18.9,16,14.5
2026-07-05T14:41:36Z,0,0,0,0.1,0,0,18.3,851.1,18.5,18.8,76.7,280,483,0,0.7,121,1.7,1.7,18.7,15.9,14.4
2026-07-05T14:57:03Z,0,0,0,0.1,0,0,18.2,851.4,18.4,18.7,77.4,274,397,0,0,132,0,0,18.6,15.9,14.3
2026-07-05T15:12:10Z,0,0,0,0.1,0,0,18.2,851.5,18.4,18.6,77.8,269,329,0,0,132,0.2,0.2,18.6,15.9,14.3
2026-07-05T15:27:18Z,0,0,0,0,0,0,18,851.5,18.1,18.4,78.7,262,260,0,0.1,144,0.7,0.7,18.4,15.9,14.1
2026-07-05T15:42:25Z,0,0,0,0,0,0,17.8,851.7,17.9,18.2,79,260,253,0,0.4,144,0.9,0.9,18.2,15.7,13.9
2026-07-05T15:57:28Z,0,0,0,0,0,0,17.6,851.9,17.8,18,79.6,261,254,0,0,144,0.2,0.2,18,15.6,13.7
2026-07-05T16:12:36Z,0,0,0,0,0,0,17.5,852,17.6,17.9,79.6,260,253,0,0,123,0,0,17.8,15.4,13.6
2026-07-05T16:28:23Z,0,0,0,0,0,0,17.4,852.1,17.6,17.8,79.8,260,253,0,0.1,119,0.4,0.4,17.8,15.4,13.5
2026-07-05T16:43:30Z,0,0,0,0,0,0,17.4,852.1,17.5,17.7,79.8,259,254,0,0.5,152,1.5,1.5,17.7,15.3,13.4
2026-07-05T16:58:38Z,0,0,0,0,0,0,17.3,852.4,17.4,17.6,80.4,261,253,0,0,152,0,0,17.6,15.3,13.3
2026-07-05T17:15:09Z,0,0,0,0,0,0,17.2,852.5,17.3,17.5,80.9,261,254,0,0.1,152,1.1,1.1,17.5,15.3,13.3
2026-07-05T17:30:16Z,0,0,0,0,0,0,17.1,852.6,17.3,17.5,80.6,259,252,0,0,152,0,0,17.5,15.2,13.2
2026-07-05T17:45:49Z,0,0,0,0,0,0,17.1,852.7,17.2,17.5,80.2,261,253,0,0,152,0.2,0.2,17.4,15.1,13.2
2026-07-05T18:01:13Z,0,0,0,0,0,0,17,852.8,17.1,17.4,81.1,262,253,0,0,152,0,0,17.4,15.2,13.1
2026-07-05T18:16:21Z,0,0,0,0,0,0,17,852.8,17.1,17.4,81.1,260,254,0,0,152,0,0,17.3,15.1,13.1
2026-07-05T18:31:28Z,0,0,0,0,0,0,16.9,852.8,17.1,17.3,80.8,261,253,0,0,152,0,0,17.2,15,13
2026-07-05T18:46:36Z,0,0,0,0,0,0,16.9,853,17.1,17.3,81.2,260,252,0,0,152,0,0,17.2,15.1,13
2026-07-05T19:02:22Z,0,0,0,0,0,0,16.9,852.8,17,17.2,80.5,259,253,0,0,152,0,0,17.2,14.9,12.9
2026-07-05T19:17:30Z,0,0,0,0,0,0,16.8,852.8,16.9,17.2,80.9,261,254,0,0,152,0,0,17.2,15,12.9
2026-07-05T19:32:37Z,0,0,0,0,0,0,16.8,852.9,17,17.2,80.8,261,254,0,0,152,0,0,17.1,14.9,12.9
2026-07-05T19:47:45Z,0,0,0,0,0,0,16.9,852.9,17,17.2,80.5,260,254,0,0,152,0,0,17.1,14.9,12.9
2026-07-05T20:02:53Z,0,0,0,0,0,0,16.8,852.9,16.9,17.2,80.8,260,254,0,0,152,0,0,17.2,15,12.9
2026-07-05T20:18:18Z,0,0,0,0,0,0,16.8,853.2,16.9,17.2,82.4,260,255,0,0,152,0,0,17.2,15.1,12.9
2026-07-05T20:33:26Z,0,0,0,0,0,0,16.7,853.1,16.8,17,84.7,260,253,0,0,152,0.4,0.4,17,15.2,12.8
2026-07-05T20:48:34Z,0,0,0,0,0,0,16.5,853.1,16.6,16.8,86.1,260,252,0,0,152,0,0,16.8,15.2,12.6
2026-07-05T21:03:42Z,0,0,0,0,0,0,16.4,853,16.6,16.8,86.4,259,254,0,0,152,0,0,16.8,15.2,12.6
2026-07-05T21:18:51Z,0,0,0,0,0,0,16.4,853,16.5,16.7,87,261,254,0,0,152,0,0,16.7,15.2,12.5
2026-07-05T21:33:59Z,0,0,0,0,0,0,16.4,852.9,16.4,16.7,87.5,259,254,0,0,152,0,0,16.7,15.2,12.5
2026-07-05T21:49:21Z,0,0,0,0,0,0,16.3,852.9,16.4,16.7,87.7,260,253,0,0,152,0,0,16.7,15.2,12.4
2026-07-05T22:04:29Z,0,0,0,0,0,0,16.2,852.8,16.4,16.6,87.7,259,253,0,0,152,0,0,16.6,15.1,12.4
2026-07-05T22:19:37Z,0,0,0,0,0,0,16.2,852.7,16.3,16.6,87.8,260,254,0,0,152,0,0,16.6,15.2,12.4
2026-07-05T22:34:45Z,0,0,0,0,0,0,16.2,852.5,16.3,16.5,87.5,260,253,0,0,114,0,0,16.5,15.1,12.3
2026-07-05T22:49:53Z,0,0,0,0,0,0,16.1,852.3,16.3,16.5,87.1,262,254,0,0,114,0,0,16.5,15,12.3
2026-07-05T23:05:01Z,0,0,0,0,0,0,16.1,852.4,16.3,16.4,87,260,253,0,0,114,0,0,16.4,14.9,12.2
2026-07-05T23:20:27Z,0,0,0,0,0,0,16,852.5,16.2,16.4,87.1,261,255,0,0,114,0,0,16.4,14.9,12.2
2026-07-05T23:35:34Z,0,0,0,0,0,0,16,852.4,16.2,16.4,87.4,260,254,0,0,114,0,0,16.3,14.9,12.1
2026-07-05T23:50:42Z,0,0,0,0,0,0,15.9,852.4,16.2,16.3,87.4,261,253,0,0,114,0,0,16.3,14.8,12.1
2026-07-06T00:00:48Z,0,0,0,0,0,0,15.9,852.4,16.2,16.3,87.5,261,254,0,0,114,0,0,16.3,14.8,12.1
2026-07-06T00:15:56Z,0,0,0,0,0,0,15.9,852.4,16.2,16.3,87.1,260,254,0,0.1,114,0.4,0.4,16.3,14.8,12.1
2026-07-06T00:31:04Z,0,0,0,0,0,0,15.8,852.5,16.1,16.2,84,260,254,0,0.1,124,0.7,0.7,16.1,14.3,11.9
2026-07-06T00:46:30Z,0,0,0,0,0,0,15.7,852.5,16,16.1,83.5,259,253,0,0,99,0,0,16,14.2,11.8
2026-07-06T01:01:38Z,0,0,0,0,0,0,15.6,852.5,15.9,16,82.9,262,253,0,0,89,0,0,15.9,14,11.7
2026-07-06T01:16:46Z,0,0,0,0,0,0,15.5,852.7,15.8,15.9,82.1,259,253,0,0.5,130,1.5,1.5,15.8,13.9,11.6
2026-07-06T01:31:54Z,0,0,0,0,0,0,15.5,852.8,15.8,15.9,82.5,259,254,0,0,134,0,0,15.8,13.9,11.6
2026-07-06T01:47:02Z,0,0,0,0,0,0,15.4,852.9,15.7,15.8,83.2,260,254,0,0,134,0,0,15.7,13.8,11.5
2026-07-06T02:02:10Z,0,0,0,0,0,0,15.2,853.1,15.5,15.6,84.5,259,254,0,0,134,0,0,15.5,13.8,11.3
2026-07-06T02:17:32Z,0,0,0,0,0,0,15.1,853.2,15.4,15.5,84.9,261,253,0,0,134,0,0,15.4,13.7,11.2
2026-07-06T02:32:39Z,0,0,0,0,0,0,15.1,853.2,15.4,15.6,84.7,261,254,0,0,134,0,0,15.5,13.8,11.3
2026-07-06T02:47:47Z,0,0,0,0,0,0,15.1,853.4,15.4,15.5,84.4,260,253,0,0.1,134,0.4,0.4,15.4,13.7,11.2
2026-07-06T03:02:55Z,0,0,0,0,0,0,15,853.6,15.4,15.4,84.2,260,253,0,0,134,0,0,15.3,13.6,11.1
2026-07-06T03:18:03Z,0,0,0,0,0,0,15,853.8,15.3,15.4,84.9,259,254,0,0,134,0,0,15.3,13.6,11.1
2026-07-06T03:33:11Z,0,0,0,0,0,0,14.8,853.8,15.1,15.2,85.5,262,273,0,0,134,0,0,15.1,13.6,10.9
2026-07-06T03:48:36Z,0,0,0,0.1,0,0,14.5,854,14.8,15,86.5,269,358,0,0,134,0,0,14.9,13.4,10.7
2026-07-06T04:03:45Z,0,0,0,0.1,0,0,14.4,854.1,14.8,14.8,88.1,279,442,0,0,134,0,0,14.7,13.4,10.5
2026-07-06T04:18:52Z,0,0,0,0.2,0,0,14.7,854.2,15.1,15,88.3,302,743,0,0,134,0,0,14.9,13.6,10.7
2026-07-06T04:34:00Z,0,0,0,0.4,0,0,15.4,854.1,15.9,15.5,87.1,326,1034,0,0.4,133,0.9,0.9,15.5,14,11.3
2026-07-06T04:49:07Z,0,0,0,0.5,0,0,16.4,854.3,16.6,16.2,83.7,355,1369,0,0.3,249,0.9,0.9,16.2,14.3,11.9
2026-07-06T05:04:15Z,0,0,0,0.7,0,0,16.5,854.5,16.8,16.5,79.7,389,1751,0,1.6,253,2.6,2.6,16.4,14.1,12.2
2026-07-06T05:19:39Z,0,0,0,0.9,0,0,17.2,854.7,17.9,17,78.8,420,2127,0,0.2,234,0.9,0.9,16.9,14.5,12.7
2026-07-06T05:34:45Z,0,0,0,1,0,0,17.2,854.9,17.7,17,77.1,453,2488,0,1.1,236,2.4,2.4,16.9,14.3,12.7
2026-07-06T05:49:52Z,0,0,0,0.8,0,0,17.8,855,18.3,17.5,76.1,405,1743,0,0,270,0.2,0.2,17.4,14.7,13.2
2026-07-06T06:04:59Z,0,0,0,1,0,0,18,855.1,18.8,18.1,73.7,438,2186,0,0.6,178,1.7,1.7,18,15,13.7
2026-07-06T06:20:07Z,0,0,0,1.9,0,0,18.2,855.2,18.8,18.2,74.1,608,4281,0,0.2,212,1.3,1.3,18.1,15.1,13.8
2026-07-06T06:35:49Z,0,0,0,1.4,0,0,18.7,855.2,19.4,19.2,70.3,523,3253,0,0.3,148,1.1,1.1,19.1,15.5,14.7
2026-07-06T06:50:56Z,0,0,0,1.3,0,0,20,855.1,20.8,20.4,66.3,496,2905,0,0.3,148,1.1,1.1,20.3,16.2,15.9
2026-07-06T07:06:04Z,0,0,0,1.2,0,0,20.5,855.2,21.2,20.8,65,481,2667,0,0,148,0.2,0.2,20.7,16.4,16.2
2026-07-06T07:21:11Z,0,0,0,0.4,0,0,19.7,855,20.4,20,65.3,331,1162,0,0.7,140,1.3,1.3,19.9,15.7,15.5
2026-07-06T07:36:19Z,0,0,0,0.3,0,0,19.9,855.1,20.5,20.2,65,313,971,0,0.1,135,0.7,0.7,20.1,15.9,15.7
2026-07-06T07:51:49Z,0,0,0,0.8,0,0,21.1,854.9,21.5,21.5,60.6,412,2306,0,0.3,138,1.1,1.1,21.4,16.4,16.8
2026-07-06T08:06:57Z,0,0,0,0.7,0,0,20.7,855,21.2,21.1,57.8,391,1769,0,0.9,206,1.7,1.7,20.9,15.7,16.4
2026-07-06T08:22:04Z,0,0,0,1.2,0,0,21.2,854.7,21.6,21.5,58.6,485,2644,0,0.5,241,1.1,1.1,21.4,16.2,16.8
2026-07-06T08:37:12Z,0,0,0,1,0,0,20.9,854.5,21.5,21.2,58.1,446,2218,0,0.3,166,0.9,0.9,21,15.8,16.4
2026-07-06T08:52:19Z,0,0,0,3.6,0,0,21.1,854.3,21.4,21.5,56.1,924,7781,0,0.4,143,1.2,1.2,21.3,15.8,16.7
2026-07-06T09:07:26Z,0,0,0,3.7,0,0,23.2,854.2,23.2,23.8,50.2,954,8006,0,0.7,101,1.8,1.8,23.6,17,18.7
2026-07-06T09:22:48Z,0,0,0,1.1,0,0,23.7,854.1,24.4,24.4,48.6,469,2377,0,0.6,123,2.2,2.2,24.2,17.2,19.2
2026-07-06T09:37:55Z,0,0,0,1.1,0,0,22.7,853.9,23.3,22.8,51.4,459,2246,0,0.4,166,1.1,1.1,22.7,16.3,17.9
2026-07-06T09:53:02Z,0,0,0,3.5,0,0,24.3,853.7,24.8,25,46.9,906,7399,0,0.6,166,1.4,1.4,24.9,17.5,19.7
2026-07-06T10:08:56Z,0,0,0,3.3,0,0,24.2,853.6,25,24.8,45.2,868,6898,0,0.3,118,1.7,1.7,24.6,17,19.5
2026-07-06T10:24:03Z,0,0,0,3.2,0,0,24.3,853.4,24.9,24.9,42.5,862,6841,0,1.5,177,3.3,3.3,24.7,16.7,19.5
2026-07-06T10:39:10Z,0,0,0,3.1,0,0,24.9,853.1,25.1,25.7,40.6,838,6616,0,1.2,38,2.2,2.2,25.5,17.1,20.2
2026-07-06T10:54:18Z,0,0,0,3,0,0,25,852.8,25.3,25.8,41.1,814,6341,0,0.8,101,1.7,1.7,25.6,17.2,20.2
2026-07-06T11:09:47Z,0,0,0,2.9,0,0,25.2,852.6,25.5,25.9,39.2,793,6089,0,0.1,121,0.8,0.8,25.8,17,20.4
2026-07-06T11:24:54Z,0,0,0,2.7,0,0,25.5,852.5,25.8,26.5,37.4,767,5815,0,1.1,65,2.4,2.4,26.4,17.2,20.8
2026-07-06T11:40:54Z,0,0,0,2.6,0,0,25.5,852.2,25.9,26.3,38.2,736,5473,0,0.5,184,1.3,1.3,26.1,17.1,20.6
2026-07-06T11:56:01Z,0,0,0,2.4,0,0,25.6,852.1,25.9,26.4,39.3,707,5153,0,0.4,131,2.4,2.4,26.3,17.4,20.8
2026-07-06T12:11:08Z,0,0,0,2.2,0,0,25.1,852,25.5,25.9,40,674,4822,0,0.1,183,0.4,0.4,25.7,17.1,20.3
2026-07-06T12:26:15Z,0,0,0,2.1,0,0,25.3,851.9,25.9,26.1,39.5,642,4461,0,0.7,175,2.2,2.2,25.9,17.2,20.5
2026-07-06T12:41:22Z,0,0,0,1.9,0,0,25.6,851.9,26.1,26.6,38.3,607,4101,0,0.6,182,1.3,1.3,26.4,17.4,20.9
2026-07-06T12:56:30Z,0,0,0,1.7,0,0,25.3,851.9,25.6,26.3,39.3,569,3646,0,2.1,68,3.7,3.7,26.2,17.3,20.7
2026-07-06T13:11:52Z,0,0,0,1.5,0,0,25.4,851.8,25.7,26.5,39.7,530,3272,0,0.8,140,2,2,26.4,17.6,20.9
2026-07-06T13:27:00Z,0,0,0,1.2,0,0,25.3,851.9,26.1,26.7,38.7,488,2783,0,1.6,117,3.9,3.9,26.6,17.5,21
2026-07-06T13:42:07Z,0,0,0,1,0,0,24.9,852,25.6,25.9,40,451,2400,0,0.5,149,1.7,1.7,25.8,17.1,20.4
2026-07-06T13:57:14Z,0,0,0,0.8,0,0,24.7,852.1,25.3,25.8,39.6,411,1968,0,0.9,77,1.5,1.5,25.6,16.9,20.2
2026-07-06T14:12:21Z,0,0,0,0.7,0,0,24.6,852.1,25.4,25.8,40.4,390,1729,0,0.5,53,1.5,1.5,25.6,17.1,20.3
2026-07-06T14:27:28Z,0,0,0,0.5,0,0,24.4,852.1,25.2,25.6,41.3,348,1246,0,0.8,178,1.7,1.7,25.4,17.1,20.1
2026-07-06T14:42:55Z,0,0,0,0.2,0,0,23.6,852.2,23.9,24.1,45,304,679,0,0.1,112,0.4,0.4,23.9,16.4,18.9
2026-07-06T14:58:02Z,0,0,0,0.2,0,0,23.1,852.2,23.4,23.5,45.7,287,492,0,0.2,167,0.9,0.9,23.3,16.1,18.4
2026-07-06T15:13:09Z,0,0,0,0.1,0,0,22.7,852.4,22.9,23,47.3,276,409,0,0.3,171,2,2,22.8,15.9,18
2026-07-06T15:28:16Z,0,0,0,0.1,0,0,22.3,852.4,22.4,22.6,47.7,266,303,0,0.2,153,0.9,0.9,22.4,15.6,17.6
2026-07-06T15:43:24Z,0,0,0,0,0,0,21.8,852.5,21.9,22.2,48.4,262,261,0,0.2,126,1.5,1.5,21.9,15.3,17.2
2026-07-06T15:58:31Z,0,0,0,0,0,0,21.3,852.7,21.4,21.7,49,260,254,0,0.3,184,1.3,1.3,21.4,15,16.8
2026-07-06T16:14:05Z,0,0,0,0,0,0,21,852.9,21.1,21.3,50.9,260,253,0,0,183,0,0,21.1,15,16.5
2026-07-06T16:29:13Z,0,0,0,0,0,0,20.8,853,20.9,21.1,52.2,259,253,0,0,200,0,0,20.9,14.9,16.3
2026-07-06T16:44:27Z,0,0,0,0,0,0,20.7,853.1,20.9,21,52.5,260,253,0,0.2,163,0.9,0.9,20.8,14.9,16.3
2026-07-06T16:59:51Z,0,0,0,0,0,0,20.6,853.3,20.8,21,53.6,260,254,0,0,166,0,0,20.7,15,16.2
2026-07-06T17:14:59Z,0,0,0,0,0,0,20.4,853.4,20.6,20.7,55.9,260,254,0,0,166,0,0,20.5,15.1,16
2026-07-06T17:30:58Z,0,0,0,0,0,0,20.1,853.6,20.3,20.5,55.9,260,253,0,0,166,0,0,20.3,14.9,15.8
2026-07-06T17:46:06Z,0,0,0,0,0,0,20.1,853.7,20.2,20.4,55.6,259,253,0,0.1,175,0.4,0.4,20.2,14.8,15.7
2026-07-06T18:01:13Z,0,0,0,0,0,0,19.8,853.9,20,20.2,56.1,260,253,0,0.3,193,1.1,1.1,20,14.7,15.5
2026-07-06T18:16:20Z,0,0,0,0,0,0,19.3,854.1,19.4,19.6,57.9,260,254,0,0,164,0.2,0.2,19.4,14.4,15
2026-07-06T18:32:00Z,0,0,0,0,0,0,18.7,854.1,18.9,19.1,59.8,261,252,0,0.2,164,0.7,0.7,18.9,14.2,14.5
2026-07-06T18:47:07Z,0,0,0,0,0,0,18.3,854.2,18.4,18.6,61.2,261,254,0,0,145,0.2,0.2,18.4,13.9,14.1
2026-07-06T19:03:02Z,0,0,0,0,0,0,18.2,854.3,18.4,18.6,62.6,260,253,0,1,176,3.9,3.9,18.3,14,14
2026-07-06T19:18:09Z,0,0,0,0,0,0,18.2,854.2,18.4,18.6,64.4,261,254,0,0.5,191,1.5,1.5,18.4,14.3,14.1
2026-07-06T19:33:17Z,0,0,0,0,0,0,18,854.3,18.1,18.4,66.2,260,254,0,1,192,3.7,3.7,18.2,14.3,13.9
2026-07-06T19:48:24Z,0,0,0,0,0,0,17.7,854.5,17.9,18.1,67.7,262,253,0,0.1,184,0.7,0.7,17.9,14.2,13.6
2026-07-06T20:03:31Z,0,0,0,0,0,0,17.5,854.5,17.6,17.8,69.1,261,254,0,0,142,0.4,0.4,17.6,14.1,13.4
2026-07-06T20:18:53Z,0,0,0,0,0,0,17.2,854.6,17.3,17.5,71.3,259,253,0,0.2,201,0.7,0.7,17.4,14.2,13.1
2026-07-06T20:34:01Z,0,0,0,0,0,0,16.9,854.8,17.1,17.3,73.8,259,253,0,0.3,149,1.1,1.1,17.2,14.2,12.9
2026-07-06T20:49:08Z,0,0,0,0,0,0,16.6,854.9,16.8,17,76.4,262,253,0,0.3,205,0.8,0.8,16.9,14.2,12.7
2026-07-06T21:04:15Z,0,0,0,0,0,0,16.7,854.9,16.8,17,77,260,254,0,0,183,0.2,0.2,16.9,14.3,12.7
2026-07-06T21:19:23Z,0,0,0,0,0,0,16.6,855,16.7,16.9,78,261,253,0,0,203,0,0,16.8,14.3,12.6
2026-07-06T21:34:30Z,0,0,0,0,0,0,16.5,855.1,16.6,16.8,78.9,259,255,0,0,203,0,0,16.7,14.3,12.5
2026-07-06T21:49:57Z,0,0,0,0,0,0,16.3,854.9,16.4,16.6,80,260,254,0,0,203,0,0,16.5,14.3,12.3
2026-07-06T22:05:05Z,0,0,0,0,0,0,16,854.8,16.2,16.3,80.8,261,253,0,0,203,0,0,16.2,14.1,12
2026-07-06T22:20:12Z,0,0,0,0,0,0,15.5,854.7,15.7,15.7,83.1,260,253,0,0,203,0,0,15.6,13.8,11.4
2026-07-06T22:36:05Z,0,0,0,0,0,0,14.9,854.5,15.2,15.2,85.1,259,253,0,0,203,0,0,15.1,13.5,10.9
2026-07-06T22:51:12Z,0,0,0,0,0,0,14.5,854.5,14.8,14.9,86,260,253,0,0,203,0,0,14.8,13.3,10.6
2026-07-06T23:06:20Z,0,0,0,0,0,0,14.1,854.4,14.3,14.5,87.4,260,253,0,0,203,0,0,14.4,13.1,10.2
2026-07-06T23:21:27Z,0,0,0,0,0,0,13.9,854.4,14.2,14.3,88.4,260,254,0,0,204,0.2,0.2,14.2,13,10
2026-07-06T23:36:35Z,0,0,0,0,0,0,13.7,854.4,14.1,14.2,88.3,260,253,0,0,203,0,0,14.1,12.8,9.9
2026-07-06T23:52:01Z,0,0,0,0,0,0,13.4,854.3,13.6,13.9,88.9,260,254,0,0,203,0,0,13.7,12.6,9.5
2026-07-07T00:00:05Z,0,0,0,0,0,0,13.3,854.4,13.5,13.7,90.1,260,254,0,0,203,0,0,13.6,12.6,9.3
2026-07-07T00:15:13Z,0,0,0,0,0,0,13.1,854.4,13.4,13.6,91.1,261,253,0,0,203,0,0,13.4,12.5,9.2
2026-07-07T00:30:20Z,0,0,0,0,0,0,12.9,854.5,13.2,13.3,91.5,261,253,0,0,203,0,0,13.2,12.4,9
2026-07-07T00:45:28Z,0,0,0,0,0,0,12.7,854.5,13,13.1,91.9,261,253,0,0,203,0,0,13,12.2,8.8
2026-07-07T01:00:36Z,0,0,0,0,0,0,12.5,854.6,12.7,12.9,92.3,260,253,0,0,203,0,0,12.8,12,8.5
2026-07-07T01:15:43Z,0,0,0,0,0,0,12.3,854.6,12.6,12.7,93.2,262,253,0,0,203,0,0,12.6,11.9,8.3
2026-07-07T01:31:10Z,0,0,0,0,0,0,12.1,854.6,12.4,12.5,93.4,260,253,0,0,203,0,0,12.4,11.8,8.1
2026-07-07T01:46:17Z,0,0,0,0,0,0,11.8,854.6,12.1,12.3,93.5,261,254,0,0,203,0,0,12.1,11.5,7.8
2026-07-07T02:01:25Z,0,0,0,0,0,0,11.7,854.7,11.9,12.1,93.8,259,253,0,0,203,0,0,12,11.4,7.7
2026-07-07T02:16:33Z,0,0,0,0,0,0,11.6,854.8,11.9,12.1,94.2,258,253,0,0,203,0,0,12,11.4,7.7
2026-07-07T02:31:41Z,0,0,0,0,0,0,11.9,854.9,12.2,12.4,94.9,260,252,0,0,203,0,0,12.3,11.9,8.1
2026-07-07T02:46:49Z,0,0,0,0,0,0,11.7,855.1,11.9,12.1,94.7,261,253,0,0,203,0,0,12,11.5,7.7
2026-07-07T03:02:13Z,0,0,0,0,0,0,11.5,855.1,11.8,11.9,94.9,260,253,0,0,203,0,0,11.8,11.3,7.4
2026-07-07T03:17:21Z,0,0,0,0,0,0,11.4,855.2,11.7,11.9,95.1,260,254,0,0,203,0,0,11.8,11.3,7.4
2026-07-07T03:32:28Z,0,0,0,0,0,0,11.3,855.3,11.6,11.8,95.3,261,275,0,0,203,0,0,11.6,11.2,7.3
2026-07-07T03:47:36Z,0,0,0,0.1,0,0,11.3,855.4,11.6,11.8,95.5,268,324,0,0,203,0,0,11.7,11.3,7.3
2026-07-07T04:02:44Z,0,0,0,0.1,0,0,11.7,855.3,12,12.2,95.9,277,418,0,0,203,0,0,12.1,11.7,7.8
2026-07-07T04:18:10Z,0,0,0,0.2,0,0,12,855.4,12.3,12.5,95.9,303,721,0,0,204,0.2,0.2,12.4,12,8.1
2026-07-07T04:33:18Z,0,0,0,0.4,0,0,12.9,855.6,13.1,12.9,95,326,1037,0,0,204,0.4,0.4,12.9,12.4,8.6
2026-07-07T04:48:26Z,0,0,0,0.6,0,0,14.9,855.9,15.4,14,92.5,360,1418,0,0,203,0,0,14,13.2,9.7
2026-07-07T05:03:33Z,0,0,0,0.8,0,0,17.4,856,18.7,15.8,87.4,400,1885,0,0,204,0.2,0.2,15.8,14.4,11.6
2026-07-07T05:18:41Z,0,0,0,0.6,0,0,17.5,856.2,18.4,16.7,83.8,369,1477,0,0,203,0,0,16.7,14.8,12.4
2026-07-07T05:34:21Z,0,0,0,0.8,0,0,17.6,856.3,17.9,17.8,79.6,398,1819,0,0,203,0,0,17.7,15.3,13.5
2026-07-07T05:49:28Z,0,0,0,1.4,0,0,18.7,856.2,18.6,18.4,77.5,510,3091,0,0.2,204,0.5,0.5,18.3,15.7,14
2026-07-07T06:04:35Z,0,0,0,1.3,0,0,19.9,856.3,20.1,19.5,71.9,500,2873,0,0,146,0.2,0.2,19.4,16,15.1
2026-07-07T06:19:43Z,0,0,0,0.9,0,0,20,856.4,20.2,19.7,67.7,417,1976,0,0.8,150,2.2,2.2,19.6,15.7,15.2
2026-07-07T06:35:24Z,0,0,0,1.4,0,0,18.7,856.5,19.1,18.8,69,513,3007,0,0.3,203,1.1,1.1,18.7,15.1,14.4
2026-07-07T06:50:31Z,0,0,0,1,0,0,19.1,856.5,19.8,19.5,66.6,439,2233,0,0,193,0,0,19.4,15.4,15
2026-07-07T07:05:38Z,0,0,0,0.9,0,0,19.7,856.5,20.2,20.2,63.5,426,2083,0,0,140,0.2,0.2,20.1,15.6,15.6
2026-07-07T07:20:45Z,0,0,0,1.1,0,0,19.7,856.4,20.1,20.2,62.1,472,2587,0,0.2,141,1.3,1.3,20,15.4,15.6
2026-07-07T07:36:25Z,0,0,0,3.9,0,0,21.1,856.3,21.6,21.4,60,990,8658,0,0,174,0.2,0.2,21.3,16.3,16.7
2026-07-07T07:51:32Z,0,0,0,1.5,0,0,21,856.1,21.8,21.6,58.7,534,3232,0,0.1,167,0.2,0.2,21.5,16.3,16.9
2026-07-07T08:06:39Z,0,0,0,2.6,0,0,21.1,856.2,21.9,21.5,59,738,5410,0,0.2,177,0.9,0.9,21.3,16.2,16.7
2026-07-07T08:21:47Z,0,0,0,1.6,0,0,21.4,855.9,22.1,22,56.6,563,3517,0,0.2,157,1.1,1.1,21.9,16.4,17.2
2026-07-07T08:36:54Z,0,0,0,3.6,0,0,22.1,855.6,23.1,22.7,54.7,928,7631,0,0.7,182,1.7,1.7,22.6,16.7,17.8
2026-07-07T08:52:01Z,0,0,0,3.7,0,0,22.8,855.4,23.8,23.3,52.9,941,7820,0,0.4,190,1.3,1.3,23.2,17,18.3
2026-07-07T09:07:22Z,0,0,0,3.9,0,0,24,855.3,24.5,24.5,49.3,980,8208,0,0.8,87,2.2,2.2,24.4,17.5,19.3
2026-07-07T09:22:30Z,0,0,0,3.8,0,0,24.4,855.1,25.1,25,47.5,967,8023,0,0.1,152,0.7,0.7,24.9,17.6,19.7
2026-07-07T09:37:37Z,0,0,0,3.9,0,0,24.6,854.9,24.9,25.4,46.1,981,8209,0,0.9,102,2.6,2.6,25.3,17.7,20
2026-07-07T09:52:45Z,0,0,0,0.9,0,0,23.2,854.7,23.9,23.8,49.8,424,2009,0,0.4,201,1.5,1.5,23.7,16.9,18.7
2026-07-07T10:07:52Z,0,0,0,3.7,0,0,23.7,854.5,24.3,24.2,49.9,955,8034,0,0,221,0,0,24.1,17.3,19.1
2026-07-07T10:23:00Z,0,0,0,2.6,0,0,23.4,854.3,24.1,23.9,51,744,5532,0,0.5,158,1.7,1.7,23.8,17.2,18.8
2026-07-07T10:38:25Z,0,0,0,1.2,0,0,24.1,854,24.6,24.8,47,474,2560,0,0.5,119,1.5,1.5,24.7,17.3,19.5
2026-07-07T10:53:33Z,0,0,0,1.4,0,0,24.3,854,24.6,25,45.7,522,3055,0,0.8,126,2.2,2.2,24.9,17.4,19.7
2026-07-07T11:08:40Z,0,0,0,1.2,0,0,23.7,853.7,24.2,24.4,47.5,473,2554,0,1.4,106,3.1,3.1,24.3,17.1,19.2
2026-07-07T11:23:47Z,0,0,0,1.9,0,0,24.6,853.4,25.1,25.2,46.4,604,4082,0,0,163,0.4,0.4,25.1,17.6,19.9
2026-07-07T11:38:55Z,0,0,0,0.9,0,0,24.4,853.1,25.1,25.1,46.6,423,1954,0,0,200,0.2,0.2,25,17.5,19.7
2026-07-07T11:54:02Z,0,0,0,3,0,0,25.3,853,25.7,26,44.3,825,6553,0,0.8,93,2.8,2.8,25.9,17.9,20.4
2026-07-07T12:09:29Z,0,0,0,2.5,0,0,24.1,853,24.5,24.9,45.8,726,5466,0,0,98,0.2,0.2,24.8,17.2,19.6
2026-07-07T12:24:37Z,0,0,0,2.3,0,0,25,852.7,25.4,25.9,44.6,695,5074,0,0.4,131,1.1,1.1,25.8,17.9,20.4
2026-07-07T12:39:37Z,0,0,0,2,0,0,25,852.6,25.7,25.8,44.3,633,4407,0,0.8,171,4.1,4.1,25.7,17.8,20.3
2026-07-07T12:54:38Z,0,0,0,1.8,0,0,25.2,852.5,26.1,26.1,42.7,590,3939,0,1,183,2.2,2.2,26,17.8,20.5
2026-07-07T13:09:45Z,0,0,0,1.6,0,0,25.2,852.5,25.8,26.3,43.5,560,3638,0,0.4,77,2.3,2.3,26.2,18,20.7
2026-07-07T13:24:53Z,0,0,0,0.9,0,0,25,852.5,25.6,26,43.5,425,2023,0,0.3,121,1.7,1.7,25.9,17.8,20.5
2026-07-07T13:40:00Z,0,0,0,1.2,0,0,24,852.4,24.4,24.7,44.2,473,2674,0,0.5,123,2,2,24.6,16.8,19.4
2026-07-07T13:55:07Z,0,0,0,0.5,0,0,24.4,852.4,25,25.4,45.4,351,1194,0,0.1,109,0.4,0.4,25.2,17.6,20
2026-07-07T14:10:33Z,0,0,0,0.6,0,0,23.2,852.5,23.6,23.9,49.1,377,1558,0,1.1,127,2.8,2.8,23.7,16.9,18.7
2026-07-07T14:25:40Z,0,0,0,0.5,0,0,23.1,852.6,23.7,24,49.1,351,1244,0,0.2,95,1.7,1.7,23.9,17,18.9
2026-07-07T14:40:47Z,0,0,0,0.3,0,0,22.7,852.7,23.1,23.4,50.6,307,731,0,0.6,132,1.7,1.7,23.2,16.7,18.3
2026-07-07T14:55:55Z,0,0,0,0.2,0,0,22.1,852.8,22.3,22.6,53.8,295,573,0,0.6,130,1.5,1.5,22.4,16.5,17.7
2026-07-07T15:11:02Z,0,0,0,0.1,0,0,21.7,852.9,21.9,22.1,54.9,280,461,0,0.1,130,0.4,0.4,22,16.2,17.3
2026-07-07T15:26:09Z,0,0,0,0.1,0,0,21.3,853,21.4,21.6,57.1,269,341,0,0.1,131,0.7,0.7,21.5,16.1,16.9
2026-07-07T15:41:16Z,0,0,0,0,0,0,20.8,853.1,20.9,21.2,59.5,263,262,0,0.1,131,0.9,0.9,21,16,16.5
2026-07-07T15:56:45Z,0,0,0,0,0,0,20.3,853.3,20.5,20.7,61.3,260,254,0,0.1,131,0.4,0.4,20.6,15.8,16.1
2026-07-07T16:11:53Z,0,0,0,0,0,0,19.9,853.5,20.1,20.3,62.5,259,252,0,0,131,0.2,0.2,20.1,15.6,15.7
2026-07-07T16:27:00Z,0,0,0,0,0,0,19.5,853.6,19.6,19.9,63.8,261,253,0,0,131,0,0,19.7,15.4,15.3
2026-07-07T16:42:49Z,0,0,0,0,0,0,19.2,853.6,19.3,19.5,65.5,259,253,0,0,131,0,0,19.4,15.3,15
2026-07-07T16:57:58Z,0,0,0,0,0,0,18.8,853.8,18.9,19.2,66.8,259,253,0,0,131,0,0,19.1,15.1,14.7
2026-07-07T17:13:06Z,0,0,0,0,0,0,18.7,854,18.8,19.1,67.6,260,253,0,0.1,131,0.4,0.4,18.9,15.1,14.6
2026-07-07T17:28:13Z,0,0,0,0,0,0,18.6,854.1,18.8,19,68.2,260,255,0,0.1,131,0.9,0.9,18.9,15.1,14.5
2026-07-07T17:43:38Z,0,0,0,0,0,0,18.4,854.3,18.6,18.8,69.2,260,254,0,0,131,0,0,18.7,15.1,14.3
2026-07-07T17:59:47Z,0,0,0,0,0,0,18.2,854.4,18.4,18.6,70.4,260,254,0,0,131,0,0,18.4,15,14.1
2026-07-07T18:14:55Z,0,0,0,0,0,0,18.3,854.7,18.5,18.7,70.7,260,254,0,0,131,0,0,18.6,15.1,14.2
2026-07-07T18:30:02Z,0,0,0,0,0,0,18.1,854.7,18.2,18.5,71.6,259,254,0,0,131,0.4,0.4,18.3,15,14
2026-07-07T18:45:49Z,0,0,0,0,0,0,17.6,854.7,17.8,18,73.2,259,254,0,0,131,0,0,17.9,14.8,13.6
2026-07-07T19:00:56Z,0,0,0,0,0,0,17.3,854.7,17.4,17.6,75.9,260,253,0,0,131,0,0,17.5,14.8,13.3
2026-07-07T19:16:03Z,0,0,0,0,0,0,17,854.7,17.1,17.3,77,261,253,0,0,131,0,0,17.2,14.6,13
2026-07-07T19:31:11Z,0,0,0,0,0,0,16.8,855,16.9,17.2,79,260,253,0,0,131,0,0,17.1,14.7,12.8
2026-07-07T19:46:18Z,0,0,0,0,0,0,17.2,854.9,17.4,17.6,78.7,259,254,0,0.6,131,1.5,1.5,17.5,15,13.3
2026-07-07T20:01:45Z,0,0,0,0,0,0,17.1,855,17.3,17.5,79,260,253,0,0.1,131,1.3,1.3,17.4,15,13.2
2026-07-07T20:16:52Z,0,0,0,0,0,0,16.9,854.9,17,17.3,80.8,260,254,0,0,131,0.2,0.2,17.3,15,13
2026-07-07T20:32:05Z,0,0,0,0,0,0,16.7,854.9,16.9,17.1,82.6,260,254,0,0,131,0,0,17.1,15.1,12.9
2026-07-07T20:47:12Z,0,0,0,0,0,0,16.8,854.8,16.9,17.1,83.5,260,253,0,0,131,0.4,0.4,17.1,15.2,12.9
2026-07-07T21:02:19Z,0,0,0,0,0,0,16.6,854.8,16.8,17,84,260,253,0,0.7,130,1.3,1.3,17,15.1,12.8
2026-07-07T21:17:26Z,0,0,0,0,0,0,16.5,854.6,16.6,16.9,85.2,260,254,0,0.2,131,0.7,0.7,16.9,15.2,12.7
2026-07-07T21:32:48Z,0,0,0,0,0,0,16.4,854.6,16.6,16.8,85.8,261,254,0,0,131,0,0,16.8,15.2,12.6
2026-07-07T21:47:55Z,0,0,0,0,0,0,16.3,854.5,16.4,16.7,86.5,261,254,0,0,131,0,0,16.7,15.1,12.5
2026-07-07T22:03:03Z,0,0,0,0,0,0,16.3,854.5,16.4,16.7,87.1,262,254,0,0,131,0,0,16.7,15.2,12.5
2026-07-07T22:18:11Z,0,0,0,0,0,0,16.4,854.4,16.5,16.8,87.1,261,254,0,0,131,0.2,0.2,16.8,15.3,12.6
2026-07-07T22:33:19Z,0,0,0,0,0,0,16.4,854.3,16.6,16.8,87,261,254,0,0,130,0.2,0.2,16.8,15.3,12.6
2026-07-07T22:48:26Z,0,0,0,0,0,0,16.4,854.3,16.5,16.8,86.8,261,253,0,0.1,131,0.7,0.7,16.8,15.2,12.6
2026-07-07T23:03:52Z,0,0,0,0,0,0,16.4,854.3,16.6,16.8,87,260,254,0,0,131,0,0,16.8,15.3,12.6
2026-07-07T23:18:59Z,0,0,0,0,0,0,16.4,854.3,16.5,16.8,87,259,254,0,0.1,131,0.7,0.7,16.8,15.3,12.6
2026-07-07T23:34:07Z,0,0,0,0,0,0,16.3,854,16.4,16.7,87.3,261,253,0,0,131,0,0,16.7,15.2,12.5
2026-07-07T23:49:15Z,0,0,0,0,0,0,16.3,854,16.4,16.7,87,261,253,0,0,131,0.4,0.4,16.7,15.2,12.5
2026-07-08T00:00:21Z,0,0,0,0,0,0,16.4,854,16.5,16.8,86.9,259,254,0,0.2,131,0.7,0.7,16.8,15.2,12.6
2026-07-08T00:15:28Z,0,0,0,0,0,0,16.3,853.8,16.5,16.7,87.1,260,253,0,0,131,0,0,16.7,15.2,12.5
2026-07-08T00:30:53Z,0,0,0,0,0,0,16.1,853.6,16.2,16.5,87.2,260,254,0,0,131,0,0,16.5,15,12.3
2026-07-08T00:46:01Z,0,0,0,0,0,0,15.8,853.7,16.1,16.2,88,260,253,0,0,131,0,0,16.2,14.8,12
2026-07-08T01:01:08Z,0,0,0,0,0,0,15.5,853.7,15.8,15.8,89.8,260,253,0,0,131,0,0,15.8,14.6,11.6
2026-07-08T01:16:15Z,0,0,0,0,0,0,15.4,853.7,15.6,15.7,90.2,260,253,0,0,131,0,0,15.7,14.6,11.5
2026-07-08T01:31:22Z,0,0,0,0,0,0,15.5,853.6,15.9,15.9,90.5,261,253,0,0,131,0,0,15.9,14.8,11.7
2026-07-08T01:46:30Z,0,0,0,0,0,0,15.7,853.7,16.1,16.1,90.2,261,253,0,0,131,0.2,0.2,16.1,15,11.9
2026-07-08T02:01:56Z,0,0,0,0,0,0,15.8,853.8,16.1,16.2,90.1,259,254,0,0,131,0.2,0.2,16.2,15,12
2026-07-08T02:17:03Z,0,0,0,0,0,0,15.7,854,16.1,16.1,90.8,260,253,0,0,131,0,0,16.1,15,11.9
2026-07-08T02:32:11Z,0,0,0,0,0,0,15.7,854.1,16.1,16.1,90.8,259,253,0,0,131,0,0,16.1,15,11.9
2026-07-08T02:47:18Z,0,0,0,0,0,0,15.4,854.4,15.8,15.8,90.8,260,254,0,0,131,0,0,15.8,14.8,11.6
2026-07-08T03:02:26Z,0,0,0,0,0,0,15.2,854.3,15.4,15.6,92,260,254,0,0,131,0,0,15.6,14.6,11.4
2026-07-08T03:17:34Z,0,0,0,0,0,0,15,854.4,15.2,15.3,93.1,261,255,0,0,131,0,0,15.3,14.5,11.1
2026-07-08T03:33:00Z,0,0,0,0,0,0,14.6,854.4,14.9,15,93.2,263,272,0,0,131,0,0,15,14.2,10.8
2026-07-08T03:48:08Z,0,0,0,0.1,0,0,14.4,854.5,14.7,14.8,94,270,361,0,0,131,0,0,14.8,14.1,10.6
2026-07-08T04:03:15Z,0,0,0,0.2,0,0,14.5,854.5,14.7,14.8,94.7,288,580,0,0,131,0,0,14.8,14.1,10.6
2026-07-08T04:18:23Z,0,0,0,0.2,0,0,15,854.5,15.2,15.2,95.1,297,693,0,0,131,0,0,15.3,14.6,11.1
2026-07-08T04:33:30Z,0,0,0,0.3,0,0,15.4,854.5,15.7,15.6,94.8,308,722,0,0,131,0,0,15.7,15,11.5
2026-07-08T04:48:38Z,0,0,0,0.6,0,0,16.9,854.6,17.2,16.5,91.9,359,1402,0,0,131,0,0,16.5,15.5,12.3
2026-07-08T05:04:04Z,0,0,0,1,0,0,19.4,854.7,19.9,18.4,83.2,448,2549,0,0.2,131,0.7,0.7,18.4,16.4,14.1
2026-07-08T05:19:11Z,0,0,0,0.3,0,0,17.8,854.8,18,17.4,84.3,319,854,0,0,131,0,0,17.4,15.5,13.1
2026-07-08T05:34:19Z,0,0,0,0.5,0,0,16.9,854.8,17.3,17.1,83.8,355,1267,0,0.7,130,1.3,1.3,17,15.2,12.8
2026-07-08T05:49:26Z,0,0,0,1.2,0,0,17.5,855.1,17.8,17.6,81.2,477,2767,0,0.4,130,1.1,1.1,17.6,15.4,13.4
2026-07-08T06:04:34Z,0,0,0,0.6,0,0,18.3,855.2,18.6,18.3,79.2,367,1394,0,0.6,131,1.1,1.1,18.3,15.8,14
2026-07-08T06:19:41Z,0,0,0,0.8,0,0,17.8,855.2,18.1,17.8,80.6,404,1766,0,0,131,0,0,17.8,15.5,13.5
2026-07-08T06:35:06Z,0,0,0,2.1,0,0,19.6,855.1,19.7,19.4,73.8,654,4762,0,1,131,2.4,2.4,19.3,16.2,15
2026-07-08T06:50:14Z,0,0,0,0.8,0,0,18.8,855,19.2,18.6,74.7,401,1653,0,0.1,131,0.4,0.4,18.6,15.6,14.3
2026-07-08T07:05:21Z,0,0,0,0.6,0,0,19.4,855,19.9,19.5,70.3,379,1390,0,0.2,131,0.7,0.7,19.5,15.9,15.1
2026-07-08T07:20:29Z,0,0,0,2.8,0,0,21.2,854.8,21.5,21.4,64.7,786,6347,0,0.1,131,0.4,0.4,21.3,16.9,16.7
2026-07-08T07:35:36Z,0,0,0,0.7,0,0,20.4,854.8,21.2,20.9,63.8,396,1531,0,1.2,131,2.2,2.2,20.8,16.3,16.2
2026-07-08T07:50:43Z,0,0,0,2.9,0,0,21.4,854.5,22.4,21.7,61.4,794,6141,0,0.3,130,1.1,1.1,21.6,16.7,17
2026-07-08T08:06:10Z,0,0,0,3,0,0,22.3,854.4,22.9,22.2,58.1,819,6438,0,0.1,131,0.4,0.4,22.1,16.7,17.4
2026-07-08T08:21:17Z,0,0,0,3.3,0,0,23.2,854.2,24.1,23.3,54.6,870,6919,0,0,131,0,0,23.2,17.2,18.3
2026-07-08T08:36:25Z,0,0,0,3.5,0,0,24.2,853.9,24.6,24.5,50.6,908,7482,0,0.3,130,0.7,0.7,24.4,17.6,19.3
2026-07-08T08:51:32Z,0,0,0,3.6,0,0,23.5,853.7,24.3,23.3,53.2,931,7808,0,0.5,130,2.2,2.2,23.2,17,18.3
2026-07-08T09:06:40Z,0,0,0,0.9,0,0,23.2,853.6,23.6,23.2,54.3,426,1871,0,1.1,243,1.7,1.7,23.1,17.1,18.2
2026-07-08T09:21:47Z,0,0,0,3.2,0,0,23.5,853.4,23.8,23.4,49.7,864,6971,0,0.2,141,0.7,0.7,23.3,16.6,18.4
2026-07-08T09:37:12Z,0,0,0,3.5,0,0,24.3,853.1,24.8,24.7,44.8,912,7438,0,1.1,165,2,2,24.5,16.9,19.4
2026-07-08T09:52:20Z,0,0,0,3.6,0,0,25.4,852.9,25.8,26,45.2,921,7628,0,0,46,0.2,0.2,26,18.1,20.5
2026-07-08T10:07:28Z,0,0,0,3.4,0,0,25.9,852.7,26.5,26.3,44.1,897,7345,0,0.4,162,0.9,0.9,26.2,18.2,20.7
2026-07-08T10:22:35Z,0,0,0,3.3,0,0,26.1,852.5,26.3,26.3,43.4,881,7083,0,0.1,276,1.1,1.1,26.2,18,20.7
2026-07-08T10:37:43Z,0,0,0,3.2,0,0,25.7,852.2,25.9,26.9,42.5,858,6840,0,0.4,103,0.9,0.9,26.9,18.3,21.2
2026-07-08T10:52:50Z,0,0,0,3,0,0,25.1,851.9,25.8,25.6,42.5,817,6328,0,0.4,124,1.1,1.1,25.5,17.3,20.1
2026-07-08T11:08:18Z,0,0,0,2.9,0,0,26.3,851.6,26.4,27.4,39.3,798,6178,0,0.1,106,0.7,0.7,27.1,18.2,21.4
2026-07-08T11:23:25Z,0,0,0,2.9,0,0,26.7,851.4,27.1,26.6,39.3,800,6177,0,0.6,256,1.2,1.2,26.5,17.5,20.9
2026-07-08T11:38:33Z,0,0,0,2.8,0,0,26.6,851,26.2,26.6,38,785,6001,0,0.9,321,1.7,1.7,26.5,17.4,20.9
2026-07-08T11:53:40Z,0,0,0,2.9,0,0,26.7,850.8,27.1,27.3,37.3,799,6204,0,0.1,240,0.7,0.7,26.9,17.7,21.2
2026-07-08T12:08:47Z,0,0,0,0.7,0,0,26.5,850.7,26.8,27.4,38.3,394,1671,0,0.3,78,0.7,0.7,27.1,18.1,21.4
2026-07-08T12:23:55Z,0,0,0,0.5,0,0,25.3,850.5,25.6,25.9,41.4,353,1193,0,0.3,176,1.5,1.5,25.8,17.4,20.4
2026-07-08T12:39:21Z,0,0,0,0.6,0,0,25,850.4,25.1,25.5,43.2,377,1424,0,0.1,68,0.6,0.6,25.3,17.3,20
2026-07-08T12:54:29Z,0,0,0,1.9,0,0,26.2,850.2,26.5,27.1,42.7,611,4212,0,1.4,75,2.6,2.6,27.1,18.6,21.4
2026-07-08T13:09:36Z,0,0,0,1.6,0,0,26.3,850.3,26.8,27.3,44.5,563,3738,0,0.4,150,1.7,1.7,27.3,19,21.5
2026-07-08T13:24:44Z,0,0,0,0.5,0,0,25.1,850.2,25.7,25.8,47.7,342,1026,0,0.9,193,5,5,25.8,18.3,20.4
2026-07-08T13:39:51Z,0,0,0,0.5,0,0,24.4,850.2,24.9,25.1,49.5,345,1034,0,1.1,177,2.4,2.4,25,18,19.8
2026-07-08T13:54:58Z,0,0,0,0.4,0,0,24.6,850.3,25.1,25.5,49.3,341,1076,0,0.1,120,0.4,0.4,25.4,18.3,20.1
2026-07-08T14:10:23Z,0,0,0,0.6,0,0,24.5,850.4,24.9,25.4,50.2,379,1627,0,0.3,161,2.2,2.2,25.3,18.3,20
2026-07-08T14:25:27Z,0,0,0,0.3,0,0,23.6,850.5,24,24.2,52.3,317,813,0,0.3,141,1.5,1.5,24.2,17.7,19.1
2026-07-08T14:40:52Z,0,0,0,0.2,0,0,23.1,850.7,23.5,23.6,55,294,547,0,1.1,182,2.4,2.4,23.5,17.5,18.6
2026-07-08T14:56:03Z,0,0,0,0.2,0,0,22.7,850.8,22.9,23,56.6,285,432,0,0.6,134,2.2,2.2,22.9,17.3,18.1
2026-07-08T15:11:10Z,0,0,0,0.1,0,0,22.1,850.8,22.2,22.5,58.9,277,403,0,0,182,0,0,22.4,17.1,17.7
2026-07-08T15:26:18Z,0,0,0,0.1,0,0,21.7,850.8,21.9,22.1,60,269,342,0,0,116,0,0,22,16.9,17.3
2026-07-08T15:41:25Z,0,0,0,0,0,0,21.3,851.1,21.5,21.7,61.5,262,263,0,0,106,0.2,0.2,21.6,16.8,17
2026-07-08T15:56:32Z,0,0,0,0,0,0,20.9,851.1,21.1,21.3,63.2,260,255,0,0,106,0,0,21.2,16.6,16.6
2026-07-08T16:12:00Z,0,0,0,0,0,0,20.6,851.2,20.8,21,64.3,260,252,0,0.1,107,0.7,0.7,20.9,16.4,16.3
2026-07-08T16:27:01Z,0,0,0,0,0,0,20.3,851.3,20.4,20.6,65.7,260,253,0,0,107,0,0,20.6,16.3,16.1
2026-07-08T16:42:08Z,0,0,0,0,0,0,20.1,851.3,20.3,20.5,66.1,261,254,0,0,107,0,0,20.4,16.2,15.9
2026-07-08T16:57:15Z,0,0,0,0,0,0,20.1,851.5,20.2,20.5,66.4,260,253,0,0,107,0,0,20.4,16.2,15.9
2026-07-08T17:12:23Z,0,0,0,0,0,0,20,851.7,20.2,20.4,66.8,260,253,0,0,107,0,0,20.3,16.2,15.8
2026-07-08T17:27:30Z,0,0,0,0,0,0,20,851.8,20.1,20.3,66.6,261,253,0,0.1,107,0.4,0.4,20.2,16.1,15.8
2026-07-08T17:42:57Z,0,0,0,0,0,0,19.9,852,20.1,20.3,66.2,260,253,0,0,114,0.4,0.4,20.2,16,15.7
2026-07-08T17:58:04Z,0,0,0,0,0,0,19.7,852.1,19.9,20.1,66.6,260,255,0,0.2,182,1.1,1.1,20,15.9,15.5
2026-07-08T18:13:11Z,0,0,0,0,0,0,19.8,852.2,19.9,20.1,66.4,260,254,0,0,181,0,0,20,16,15.6
2026-07-08T18:28:18Z,0,0,0,0,0,0,19.8,852.3,19.9,20.1,65.9,259,253,0,0,103,0.2,0.2,20,15.9,15.6
2026-07-08T18:43:26Z,0,0,0,0,0,0,19.7,852.4,19.9,20.1,65.5,260,253,0,0.4,181,1.3,1.3,19.9,15.8,15.5
2026-07-08T18:58:33Z,0,0,0,0,0,0,19.6,852.4,19.8,20,66.8,261,253,0,0,99,0.2,0.2,19.8,15.8,15.4
2026-07-08T19:14:01Z,0,0,0,0,0,0,19.3,852.5,19.5,19.8,68.1,259,253,0,0,140,0,0,19.7,15.8,15.2
2026-07-08T19:29:08Z,0,0,0,0,0,0,19.1,852.6,19.3,19.5,69.6,260,253,0,1.1,202,2.4,2.4,19.4,15.8,15
2026-07-08T19:44:15Z,0,0,0,0,0,0,18.9,852.4,19.1,19.3,71.1,260,252,0,0.2,187,1.1,1.1,19.2,15.8,14.9
2026-07-08T19:59:22Z,0,0,0,0,0,0,18.7,852.6,18.8,19.1,72,259,252,0,0,126,0,0,19,15.7,14.7
2026-07-08T20:14:30Z,0,0,0,0,0,0,18.3,852.5,18.4,18.7,74,261,253,0,0.1,106,0.7,0.7,18.7,15.6,14.3
2026-07-08T20:29:37Z,0,0,0,0,0,0,18.1,852.5,18.2,18.5,75.1,260,254,0,0.3,81,1.7,1.7,18.4,15.5,14.1
2026-07-08T20:45:04Z,0,0,0,0,0,0,17.7,852.4,17.9,18.1,76.2,260,253,0,0,104,0.2,0.2,18,15.3,13.8
2026-07-08T21:00:12Z,0,0,0,0,0,0,17.3,852.5,17.5,17.7,77.8,260,253,0,0,195,0,0,17.6,15.1,13.4
2026-07-08T21:15:19Z,0,0,0,0,0,0,17,852.3,17.2,17.4,79.3,261,254,0,0,195,0,0,17.3,14.9,13
2026-07-08T21:30:27Z,0,0,0,0,0,0,16.7,852.2,16.9,17.1,81.4,259,253,0,0,195,0,0,17,14.9,12.8
2026-07-08T21:45:35Z,0,0,0,0,0,0,16.7,852.1,16.8,17,81.4,260,254,0,0,195,0,0,17,14.8,12.7
2026-07-08T22:00:43Z,0,0,0,0,0,0,16.4,851.9,16.5,16.8,82,259,254,0,0,196,0.2,0.2,16.7,14.7,12.5
2026-07-08T22:16:13Z,0,0,0,0,0,0,16,851.7,16.2,16.3,83.7,259,252,0,0,195,0,0,16.3,14.4,12.1
2026-07-08T22:31:21Z,0,0,0,0,0,0,15.8,851.8,16.2,16.2,84.7,260,254,0,0,195,0,0,16.1,14.4,11.9
2026-07-08T22:46:29Z,0,0,0,0,0,0,15.8,851.7,16.2,16.3,84.7,260,254,0,0,195,0,0,16.2,14.5,12
2026-07-08T23:01:37Z,0,0,0,0,0,0,15.8,851.6,16.1,16.2,85.1,261,253,0,0,196,0,0,16.2,14.5,12
2026-07-08T23:16:45Z,0,0,0,0,0,0,16.2,851.5,16.2,16.6,83.9,260,253,0,0,196,0,0,16.6,14.7,12.3
2026-07-08T23:32:11Z,0,0,0,0,0,0,16.3,851.5,16.4,16.7,83.3,261,254,0,0,197,0.2,0.2,16.6,14.7,12.4
2026-07-08T23:47:19Z,0,0,0,0,0,0,16.4,851.4,16.6,16.7,83.3,260,253,0,0,196,0,0,16.7,14.8,12.5
2026-07-09T00:00:26Z,0,0,0,0,0,0,16.4,851.2,16.5,16.8,83.5,260,254,0,0,196,0,0,16.8,14.9,12.5
2026-07-09T00:15:34Z,0,0,0,0,0,0,16.4,851.2,16.6,16.8,83.3,260,254,0,0,196,0,0,16.8,14.8,12.5
2026-07-09T00:30:42Z,0,0,0,0,0,0,16.5,851.1,16.6,16.9,82.9,259,254,0,0,196,0,0,16.9,14.9,12.6
2026-07-09T00:45:50Z,0,0,0,0,0,0,16.6,851.1,16.7,17,82.5,259,253,0,0,196,0,0,16.9,14.9,12.7
2026-07-09T01:01:14Z,0,0,0,0,0,0,16.6,851,16.7,17,82.3,260,254,0,0,196,0,0,16.9,14.9,12.7
2026-07-09T01:16:21Z,0,0,0,0,0,0,16.5,851,16.7,16.9,82.5,260,253,0,0.1,197,0.4,0.4,16.9,14.9,12.6
2026-07-09T01:31:29Z,0,0,0,0,0,0,16.5,851.1,16.7,16.9,82.7,260,253,0,0.1,207,0.7,0.7,16.8,14.8,12.6
2026-07-09T01:46:37Z,0,0,0,0,0,0,16.4,851.2,16.6,16.8,82.8,260,253,0,0,207,0.2,0.2,16.8,14.8,12.6
2026-07-09T02:01:45Z,0,0,0,0,0,0,16.4,851.4,16.6,16.8,83.3,262,254,0,0.2,207,1.1,1.1,16.7,14.8,12.5
2026-07-09T02:16:52Z,0,0,0,0,0,0,16.3,851.5,16.4,16.7,83.4,260,253,0,0,206,0,0,16.6,14.7,12.4
2026-07-09T02:32:18Z,0,0,0,0,0,0,16.2,851.6,16.4,16.6,83.8,260,253,0,0.1,207,0.4,0.4,16.6,14.7,12.4
2026-07-09T02:47:26Z,0,0,0,0,0,0,16.1,851.8,16.2,16.5,84.7,260,254,0,0.3,207,0.7,0.7,16.4,14.7,12.2
2026-07-09T03:02:34Z,0,0,0,0,0,0,16.1,851.8,16.3,16.4,84.5,260,253,0,0,206,0,0,16.4,14.6,12.2
2026-07-09T03:17:41Z,0,0,0,0,0,0,16.1,851.9,16.2,16.5,84.6,259,253,0,0,206,0,0,16.5,14.7,12.3
2026-07-09T03:32:49Z,0,0,0,0,0,0,16.1,851.8,16.3,16.5,84.6,261,258,0,0,206,0,0,16.5,14.7,12.3
2026-07-09T03:47:57Z,0,0,0,0.1,0,0,16.2,851.8,16.3,16.6,84.7,267,327,0,0,207,0.2,0.2,16.6,14.8,12.3
2026-07-09T04:03:21Z,0,0,0,0.1,0,0,16.3,851.8,16.5,16.7,84.6,280,485,0,0,206,0,0,16.7,14.9,12.5
2026-07-09T04:18:29Z,0,0,0,0.2,0,0,16.7,851.8,16.9,17,83.7,297,658,0,0.1,207,0.2,0.2,17,15.1,12.8
2026-07-09T04:33:36Z,0,0,0,0.3,0,0,16.9,851.9,17.1,17.2,82.8,310,812,0,0,206,0,0,17.2,15.2,12.9
2026-07-09T04:48:44Z,0,0,0,0.4,0,0,17.4,852,17.6,17.6,81.9,328,1005,0,0,206,0,0,17.6,15.5,13.4
2026-07-09T05:05:24Z,0,0,0,0.7,0,0,18.1,852.1,18.4,18.1,80.1,384,1668,0,0,206,0,0,18.1,15.7,13.8
2026-07-09T05:20:31Z,0,0,0,0.7,0,0,19.4,852.1,20.3,19.2,75.5,390,1680,0,0.1,207,0.7,0.7,19.1,16.2,14.8
2026-07-09T05:35:38Z,0,0,0,1,0,0,19.4,852.2,20.2,19,76.6,451,2473,0,0,206,0,0,18.9,16.1,14.6
2026-07-09T05:50:46Z,0,0,0,1.2,0,0,20.6,852.1,20.9,20.1,72.5,474,2705,0,0,206,0,0,20.1,16.7,15.7
2026-07-09T06:05:53Z,0,0,0,1,0,0,20.4,852.2,20.2,19.9,72.1,449,2348,0,0,206,0,0,19.9,16.4,15.4
2026-07-09T06:21:00Z,0,0,0,1.5,0,0,20.6,852.3,20.3,20.4,69.9,528,3370,0,0.4,207,0.7,0.7,20.3,16.6,15.8
2026-07-09T06:36:32Z,0,0,0,0.9,0,0,20.5,852.5,20.9,21,67.9,429,2024,0,0,135,0,0,20.9,16.9,16.4
2026-07-09T06:51:39Z,0,0,0,2.5,0,0,21.4,852.6,21.6,21.7,65.8,720,5550,0,0.5,80,2.6,2.6,21.6,17.3,17
2026-07-09T07:06:46Z,0,0,0,1.8,0,0,22.1,852.6,22,22.8,61.7,595,3829,0,0.7,73,3.3,3.3,22.7,17.7,17.9
2026-07-09T07:22:31Z,0,0,0,1.1,0,0,21.9,852.6,22.2,22.7,60.7,463,2508,0,1,78,1.5,1.5,22.7,17.5,17.9
2026-07-09T07:37:39Z,0,0,0,1.3,0,0,21.4,852.3,22.1,22,63.4,493,2777,0,0.3,107,0.9,0.9,22,17.3,17.3
2026-07-09T07:53:33Z,0,0,0,2.7,0,0,23.3,852.1,23.8,23.7,58.4,761,5805,0,0.2,166,0.9,0.9,23.6,18.1,18.7
2026-07-09T08:08:40Z,0,0,0,2.4,0,0,23.2,852,23.2,24,55.5,711,5258,0,0.9,80,1.5,1.5,24,18,18.9
2026-07-09T08:24:33Z,0,0,0,1.3,0,0,22.4,851.9,22.8,23.1,58,494,2828,0,0.1,112,0.7,0.7,23,17.5,18.2
2026-07-09T08:39:41Z,0,0,0,1.5,0,0,23.1,851.8,23.5,23.7,55.5,534,3254,0,0.8,150,1.5,1.5,23.6,17.7,18.7
2026-07-09T08:54:48Z,0,0,0,2.9,0,0,23.2,851.7,23.6,23.7,56.4,799,6243,0,0,178,0,0,23.7,17.9,18.7
2026-07-09T09:09:56Z,0,0,0,3.1,0,0,25,851.5,24.8,25.6,51,835,6879,0,0.5,86,1.1,1.1,25.6,18.7,20.2
2026-07-09T09:25:04Z,0,0,0,2.9,0,0,24,851.4,24,24.8,52.8,790,6044,0,1.2,102,2,2,24.7,18.2,19.5
2026-07-09T09:40:29Z,0,0,0,1.1,0,0,23.1,851.2,23.6,23.8,56.5,456,2432,0,0.4,205,1.3,1.3,23.7,17.9,18.7
2026-07-09T09:55:37Z,0,0,0,1.3,0,0,23.6,851,24.1,24.3,56.2,499,2799,0,0.5,102,2,2,24.3,18.3,19.2
2026-07-09T10:11:36Z,0,0,0,3.2,0,0,23.9,850.8,24.3,24.5,56.1,848,6860,0,0.2,148,0.7,0.7,24.5,18.5,19.3
2026-07-09T10:26:43Z,0,0,0,1.3,0,0,23.9,850.6,24.2,24.7,55.3,507,2931,0,0.1,129,0.4,0.4,24.7,18.5,19.5
2026-07-09T10:41:51Z,0,0,0,2,0,0,23.9,850.4,24,24.5,55.8,621,4225,0,0.4,40,1.7,1.7,24.4,18.4,19.3
2026-07-09T10:56:58Z,0,0,0,2.6,0,0,24.2,850.2,24.1,25,53.1,737,5553,0,1.3,80,2,2,24.9,18.4,19.7
2026-07-09T11:12:06Z,0,0,0,1.8,0,0,24.7,850,24.6,25.4,52.1,583,3621,0,1.4,68,3.1,3.1,25.4,18.7,20.1
2026-07-09T11:27:33Z,0,0,0,2.6,0,0,25.1,849.8,25.6,25.9,51.9,739,5645,0,0.3,58,1.3,1.3,25.9,19,20.4
2026-07-09T11:42:41Z,0,0,0,1.2,0,0,25.6,849.6,25.8,26.4,50.1,482,2502,0,0.3,112,1.3,1.3,26.4,19.2,20.8
2026-07-09T11:57:49Z,0,0,0,1.2,0,0,24.9,849.5,25.1,25.8,52.3,479,2626,0,0.6,95,1.5,1.5,25.7,19,20.3
2026-07-09T12:12:57Z,0,0,0,2.2,0,0,25.6,849.2,26.1,26.4,50.5,673,4879,0,0.1,120,0.7,0.7,26.4,19.2,20.8
2026-07-09T12:28:04Z,0,0,0,1,0,0,25.4,849.2,25.2,25.9,50.1,443,2154,0,0.9,87,2.4,2.4,25.9,18.8,20.4
2026-07-09T12:43:11Z,0,0,0,1.6,0,0,24.5,849,24.9,25.2,52.1,554,3711,0,0.6,212,1.5,1.5,25.2,18.5,19.9
2026-07-09T12:58:37Z,0,0,0,0.7,0,0,24.3,849,25.1,25.1,51.4,389,1385,0,0.9,155,1.7,1.7,25.1,18.3,19.8
2026-07-09T13:13:45Z,0,0,0,1.4,0,0,25.1,848.9,25.5,26,51.2,515,3101,0,0.6,61,1.1,1.1,26,19,20.5
2026-07-09T13:29:40Z,0,0,0,1,0,0,25.7,848.9,26.1,27.1,47.6,451,2466,0,0.7,77,1.1,1.1,27.3,19.4,21.5
2026-07-09T13:45:15Z,0,0,0,0.6,0,0,25.2,848.6,25.3,26.1,50.3,369,1454,0,0.2,99,0.8,0.8,26.1,19,20.6
2026-07-09T14:00:23Z,0,0,0,0.4,0,0,24.1,848.7,24.2,24.8,54.3,336,1046,0,0.1,103,0.4,0.4,24.7,18.4,19.6
2026-07-09T14:16:03Z,0,0,0,0.3,0,0,23.5,848.9,23.7,24,56.4,315,767,0,0.2,105,0.7,0.7,24,18.1,18.9
2026-07-09T14:31:14Z,0,0,0,0.3,0,0,22.9,849,23.1,23.4,57.7,308,673,0,0.1,85,0.4,0.4,23.3,17.7,18.4
2026-07-09T14:46:22Z,0,0,0,0.2,0,0,22.5,849,22.7,22.9,59.3,298,635,0,0,177,0,0,22.9,17.5,18
2026-07-09T15:01:30Z,0,0,0,0.1,0,0,22.5,849.2,22.8,22.9,59.6,279,454,0,0,100,0.2,0.2,22.9,17.6,18
2026-07-09T15:16:37Z,0,0,0,0.1,0,0,22.1,849.3,22.2,22.5,60.5,267,305,0,0.4,157,1.3,1.3,22.4,17.3,17.6
2026-07-09T15:31:59Z,0,0,0,0,0,0,21.7,849.5,21.9,22.1,61.8,263,279,0,0.1,103,0.4,0.4,22,17.1,17.3
2026-07-09T15:47:06Z,0,0,0,0,0,0,21.5,849.6,21.6,21.8,62.2,261,257,0,1.1,119,4.2,4.2,21.7,16.9,17.1
2026-07-09T16:02:13Z,0,0,0,0,0,0,21.3,849.9,21.4,21.6,63.1,261,253,0,0.1,101,0.4,0.4,21.6,16.9,16.9
2026-07-09T16:17:21Z,0,0,0,0,0,0,21.1,850,21.2,21.4,63.4,260,254,0,0.4,109,1.7,1.7,21.4,16.8,16.8
2026-07-09T16:32:28Z,0,0,0,0,0,0,20.8,850.1,20.9,21.2,64.7,260,253,0,0,101,0.4,0.4,21.1,16.7,16.5
2026-07-09T16:47:55Z,0,0,0,0,0,0,20.5,850.2,20.6,20.9,64.8,259,254,0,0.2,102,0.7,0.7,20.8,16.4,16.2
2026-07-09T17:03:03Z,0,0,0,0,0,0,20.3,850.3,20.4,20.7,65.4,260,252,0,0.1,103,0.7,0.7,20.6,16.3,16.1
2026-07-09T17:18:11Z,0,0,0,0,0,0,20.1,850.4,20.3,20.5,66,261,253,0,0,103,0,0,20.4,16.2,15.9
2026-07-09T17:33:19Z,0,0,0,0,0,0,20,850.5,20.2,20.4,66.5,261,254,0,0,103,0,0,20.3,16.2,15.9
2026-07-09T17:48:26Z,0,0,0,0,0,0,20,850.8,20.2,20.3,66.8,260,254,0,0,103,0,0,20.2,16.2,15.8
2026-07-09T18:03:33Z,0,0,0,0,0,0,20,850.9,20.1,20.3,66.5,260,254,0,0,103,0,0,20.2,16.1,15.8
2026-07-09T18:18:59Z,0,0,0,0,0,0,19.7,851,19.9,20.1,67.1,260,253,0,0,103,0,0,20,16,15.6
2026-07-09T18:34:06Z,0,0,0,0,0,0,19.8,851.2,19.9,20.1,66.8,259,254,0,0.3,98,1.5,1.5,20,16,15.6
2026-07-09T18:49:13Z,0,0,0,0,0,0,19.7,851.4,19.9,20.1,66.5,260,254,0,0.1,196,0.7,0.7,20,15.9,15.6
2026-07-09T19:04:20Z,0,0,0,0,0,0,19.7,851.5,19.8,20,66,261,254,0,0.2,172,0.8,0.8,19.9,15.8,15.5
2026-07-09T19:20:08Z,0,0,0,0,0,0,19.5,851.5,19.7,19.9,66.7,260,253,0,0.1,118,0.4,0.4,19.8,15.8,15.4
2026-07-09T19:35:08Z,0,0,0,0,0,0,19.3,851.5,19.5,19.7,67.3,260,254,0,0.9,147,1.7,1.7,19.6,15.7,15.2
2026-07-09T19:50:15Z,0,0,0,0,0,0,19.1,851.5,19.2,19.5,68.1,262,254,0,0.4,108,1.1,1.1,19.4,15.6,15
2026-07-09T20:06:12Z,0,0,0,0,0,0,18.9,851.3,19.1,19.2,68.9,260,252,0,0.2,207,0.7,0.7,19.1,15.4,14.8
2026-07-09T20:21:18Z,0,0,0,0,0,0,18.7,851.3,18.9,19.2,69.1,261,253,0,0.6,136,1.7,1.7,19,15.4,14.7
2026-07-09T20:36:26Z,0,0,0,0,0,0,18.5,851.3,18.6,18.9,69.6,260,253,0,0.3,99,1.3,1.3,18.8,15.2,14.5
2026-07-09T20:51:33Z,0,0,0,0,0,0,18.3,851.3,18.5,18.7,70.2,260,254,0,0.7,99,2.4,2.4,18.6,15.1,14.3
2026-07-09T21:07:10Z,0,0,0,0,0,0,18.2,851.2,18.4,18.6,71.1,260,254,0,0.1,91,0.4,0.4,18.5,15.1,14.2
2026-07-09T21:22:17Z,0,0,0,0,0,0,18.1,851.2,18.3,18.5,71.6,261,253,0,0.4,123,2.6,2.6,18.4,15.1,14.1
2026-07-09T21:37:25Z,0,0,0,0,0,0,18,851.2,18.2,18.4,72.3,260,254,0,0,98,0,0,18.3,15.1,14
2026-07-09T21:52:33Z,0,0,0,0,0,0,17.9,851.1,18.1,18.3,72.9,261,254,0,0.4,197,1.1,1.1,18.2,15.1,13.9
2026-07-09T22:07:40Z,0,0,0,0,0,0,17.9,850.9,18,18.3,73.1,261,254,0,0.3,175,0.9,0.9,18.2,15,13.9
2026-07-09T22:22:48Z,0,0,0,0,0,0,17.8,850.8,18,18.2,73.6,261,254,0,0.3,152,1.5,1.5,18.1,15,13.8
2026-07-09T22:38:17Z,0,0,0,0,0,0,17.7,850.9,17.9,18.1,74,260,253,0,0,187,0,0,18,15,13.7
2026-07-09T22:53:24Z,0,0,0,0,0,0,17.5,850.7,17.7,17.9,74.7,261,253,0,0.2,121,1.3,1.3,17.8,14.9,13.6
2026-07-09T23:08:31Z,0,0,0,0,0,0,17.4,850.8,17.6,17.8,75.1,260,254,0,0,100,0,0,17.7,14.8,13.5
2026-07-09T23:23:39Z,0,0,0,0,0,0,17.3,850.6,17.4,17.7,75.6,260,254,0,0.1,100,0.4,0.4,17.6,14.8,13.4
2026-07-09T23:38:47Z,0,0,0,0,0,0,17.2,850.5,17.4,17.6,76.5,260,252,0,0,100,0,0,17.5,14.8,13.3
2026-07-09T23:54:12Z,0,0,0,0,0,0,17.1,850.5,17.2,17.5,76.8,261,254,0,0,100,0,0,17.4,14.8,13.2
2026-07-10T00:00:15Z,0,0,0,0,0,0,17.1,850.5,17.2,17.5,76.8,261,253,0,0,100,0,0,17.4,14.7,13.1
2026-07-10T00:15:22Z,0,0,0,0,0,0,17,850.6,17.1,17.4,77.3,260,253,0,0,100,0,0,17.3,14.7,13.1
2026-07-10T00:30:29Z,0,0,0,0,0,0,16.8,850.5,16.9,17.2,78.2,261,254,0,0,100,0.2,0.2,17.1,14.7,12.9
2026-07-10T00:45:37Z,0,0,0,0,0,0,16.6,850.5,16.7,17,79.5,261,254,0,0,99,0.2,0.2,16.9,14.6,12.7
2026-07-10T01:00:44Z,0,0,0,0,0,0,16.4,850.6,16.6,16.8,80.3,260,253,0,0.1,99,0.4,0.4,16.8,14.5,12.5
2026-07-10T01:15:51Z,0,0,0,0,0,0,16.3,850.7,16.4,16.7,81,261,252,0,0,99,0,0,16.6,14.5,12.4
2026-07-10T01:31:17Z,0,0,0,0,0,0,16.2,850.6,16.3,16.6,82,260,253,0,0,99,0,0,16.5,14.5,12.3
2026-07-10T01:46:25Z,0,0,0,0,0,0,16.1,850.8,16.3,16.5,82.5,260,254,0,0,99,0.2,0.2,16.5,14.5,12.3
2026-07-10T02:01:32Z,0,0,0,0,0,0,16.1,850.9,16.2,16.5,83.1,261,252,0,0,99,0,0,16.4,14.5,12.2
2026-07-10T02:16:40Z,0,0,0,0,0,0,16.1,851,16.3,16.5,83.8,260,253,0,0,99,0,0,16.4,14.6,12.2
2026-07-10T02:31:47Z,0,0,0,0,0,0,15.9,851.1,16.2,16.3,84.2,260,252,0,0.2,99,1.1,1.1,16.3,14.5,12.1
2026-07-10T02:46:54Z,0,0,0,0,0,0,15.9,851.3,16.2,16.3,84.7,261,252,0,0.1,99,0.4,0.4,16.3,14.5,12.1
2026-07-10T03:02:21Z,0,0,0,0,0,0,15.9,851.5,16.2,16.3,85,260,253,0,0.1,99,0.4,0.4,16.3,14.6,12
2026-07-10T03:17:28Z,0,0,0,0,0,0,15.9,851.5,16.2,16.3,85.2,262,254,0,0,99,0,0,16.2,14.6,12
2026-07-10T03:32:36Z,0,0,0,0,0,0,15.9,851.6,16.2,16.3,85.7,261,262,0,0,99,0,0,16.3,14.6,12
2026-07-10T03:47:44Z,0,0,0,0,0,0,15.9,851.7,16.2,16.3,86,263,298,0,0,99,0,0,16.3,14.7,12.1
2026-07-10T04:02:51Z,0,0,0,0.1,0,0,15.9,852,16.2,16.3,86.2,273,384,0,0.1,99,0.7,0.7,16.3,14.7,12.1
2026-07-10T04:18:18Z,0,0,0,0.1,0,0,15.9,852.2,16.2,16.4,86.2,277,438,0,0,99,0,0,16.4,14.8,12.1
2026-07-10T04:33:25Z,0,0,0,0.1,0,0,16.1,852.5,16.2,16.5,86,281,506,0,0,99,0.2,0.2,16.5,14.9,12.3
2026-07-10T04:48:33Z,0,0,0,0.2,0,0,16.2,852.6,16.3,16.6,85.6,288,571,0,0.2,99,0.6,0.6,16.6,15,12.4
2026-07-10T05:03:41Z,0,0,0,0.2,0,0,16.4,852.8,16.5,16.8,85.5,293,625,0,0.1,99,0.4,0.4,16.8,15.1,12.6
2026-07-10T05:18:48Z,0,0,0,0.2,0,0,16.3,852.9,16.4,16.8,85.4,304,742,0,0.2,99,0.7,0.7,16.8,15.1,12.6
2026-07-10T05:34:29Z,0,0,0,0.3,0,0,16.5,852.9,16.6,17,84.8,315,855,0,0.1,99,0.4,0.4,17,15.2,12.7
2026-07-10T05:49:36Z,0,0,0,0.3,0,0,16.8,853.1,17,17.3,84.1,318,884,0,0,99,0.4,0.4,17.3,15.4,13
2026-07-10T06:04:44Z,0,0,0,0.4,0,0,17,853.1,17.2,17.5,82.8,326,979,0,0,99,0,0,17.5,15.5,13.3
2026-07-10T06:19:51Z,0,0,0,0.3,0,0,17.1,853.1,17.2,17.6,82.7,308,790,0,0.3,99,0.7,0.7,17.6,15.5,13.3
2026-07-10T06:34:59Z,0,0,0,0.2,0,0,17,853.1,17.1,17.5,82.9,303,731,0,0.1,99,0.7,0.7,17.5,15.5,13.2
2026-07-10T06:50:25Z,0,0,0,0.3,0,0,17.1,853.3,17.2,17.6,82.2,308,804,0,0,99,0,0,17.5,15.5,13.3
2026-07-10T07:05:32Z,0,0,0,0.8,0,0,17.4,853.1,17.4,17.8,81.5,399,1799,0,0.3,99,0.7,0.7,17.8,15.6,13.5
2026-07-10T07:20:40Z,0,0,0,1.3,0,0,19,853,19.1,19.4,76.2,503,2921,0,0.4,99,1.1,1.1,19.4,16.5,15
2026-07-10T07:35:49Z,0,0,0,1,0,0,19.3,852.8,19.3,19.8,73.8,448,2350,0,0,99,0.2,0.2,19.8,16.6,15.4
2026-07-10T07:50:56Z,0,0,0,1.5,0,0,20.1,852.7,20.5,20.5,72.7,529,3198,0,0,99,0.4,0.4,20.6,17.1,16.1
2026-07-10T08:06:32Z,0,0,0,1.3,0,0,20.8,852.7,20.6,21,69,499,2888,0,0.3,25,1.1,1.1,21,17.1,16.4
2026-07-10T08:21:40Z,0,0,0,1.5,0,0,21.3,852.5,20.9,21,68,530,3215,0,0.7,341,1.5,1.5,21,17,16.5
2026-07-10T08:36:46Z,0,0,0,1.2,0,0,21,852.5,21,21.4,66.2,487,2751,0,0.6,91,1.3,1.3,21.4,17.1,16.8
2026-07-10T08:51:54Z,0,0,0,2.2,0,0,22,852.3,22.1,22.6,65.1,664,4726,0,0.4,51,1.5,1.5,22.6,18,17.8
2026-07-10T09:07:02Z,0,0,0,1.8,0,0,23,852,22.8,23.2,62.3,600,3959,0,0.1,96,0.4,0.4,23.2,18.2,18.3
2026-07-10T09:22:09Z,0,0,0,1.2,0,0,22,852,21.9,22.8,61.4,478,2657,0,0.8,86,1.7,1.7,22.8,17.7,17.9
2026-07-10T09:37:31Z,0,0,0,1.1,0,0,22.6,851.9,22.8,23.1,62.9,467,2544,0,0,165,0,0,23.1,18.2,18.3
2026-07-10T09:52:39Z,0,0,0,1.4,0,0,21.8,851.7,21.9,22.6,64.4,515,3019,0,0.3,64,1.1,1.1,22.6,18,17.8
2026-07-10T10:07:46Z,0,0,0,1.2,0,0,22.2,851.6,22.2,22.6,64,483,2699,0,0.1,2,0.4,0.4,22.6,17.9,17.8
2026-07-10T10:22:54Z,0,0,0,0.6,0,0,21.6,851.5,21.7,22.2,64.3,370,1483,0,1.2,27,2.2,2.2,22.2,17.6,17.5
2026-07-10T10:38:01Z,0,0,0,0.4,0,0,20.6,851.4,20.9,21.2,68.8,328,1029,0,0.5,10,1.1,1.1,21.2,17.2,16.6
2026-07-10T10:53:09Z,0,0,0,0.7,0,0,20.6,851.3,20.9,21.1,70.2,385,1656,0,0.1,11,0.7,0.7,21.1,17.3,16.5
2026-07-10T11:08:40Z,0,0,0,1.9,0,0,22,851,22.2,22.6,66.1,604,4000,0,0.3,100,1.3,1.3,22.6,18.2,17.8
2026-07-10T11:23:45Z,0,0,0,1.6,0,0,21.8,850.8,22,22.6,64.5,554,3406,0,0.8,62,2,2,22.6,17.9,17.8
2026-07-10T11:38:53Z,0,0,0,1.1,0,0,21.7,850.5,22.1,22.3,65.1,455,2362,0,0.8,125,1.7,1.7,22.3,17.8,17.6
2026-07-10T11:54:48Z,0,0,0,1.2,0,0,22.7,850.3,23.1,23.3,63.1,480,2532,0,0,103,0,0,23.3,18.4,18.4
2026-07-10T12:09:55Z,0,0,0,1.4,0,0,22.6,850.2,22.9,23.3,63.1,521,2992,0,0.1,98,0.7,0.7,23.3,18.4,18.4
2026-07-10T12:25:27Z,0,0,0,0.7,0,0,23,850.1,23.4,23.9,61.7,386,1643,0,0,86,0,0,23.9,18.8,18.9
2026-07-10T12:40:54Z,0,0,0,0.5,0,0,22.2,849.9,22.6,23,63.2,342,1172,0,0.3,97,0.9,0.9,23,18.2,18.1
2026-07-10T12:55:55Z,0,0,0,0.3,0,0,21.6,849.7,21.8,22.2,66,313,871,0,0.3,99,0.7,0.7,22.2,17.8,17.5
2026-07-10T13:11:03Z,0,0,0,0.3,0,0,21.4,849.8,21.6,21.9,67.5,310,798,0,0.5,102,1.3,1.3,21.9,17.7,17.2
2026-07-10T13:26:10Z,0,0,0,0.5,0,0,21,849.8,21.2,21.5,69.4,356,1299,0,0,172,0,0,21.5,17.6,16.9
2026-07-10T13:41:17Z,0,0,0,0.4,0,0,21.2,849.9,21.3,21.7,69.1,334,1034,0,0.6,87,1.3,1.3,21.7,17.7,17
2026-07-10T13:56:59Z,0,0,0,0.2,0,0,20.8,850,21,21.3,70.2,288,547,0,0,105,0,0,21.4,17.6,16.7
2026-07-10T14:12:07Z,0,0,0,0.2,0,0,20.5,850,20.7,20.9,71.7,296,668,0,0.6,158,1.5,1.5,20.9,17.3,16.3
2026-07-10T14:27:14Z,0,0,0,0.1,0,0,20.2,850.2,20.4,20.6,72.5,268,345,0,0.3,157,1.3,1.3,20.6,17.2,16.1
2026-07-10T14:42:22Z,0,0,0,0.1,0,0,19.9,850.3,20.1,20.3,73.6,274,391,0,0.1,97,0.4,0.4,20.3,17,15.8
2026-07-10T14:57:30Z,0,0,0,0.1,0,0,19.5,850.5,19.7,19.9,74.9,268,329,0,0,106,0,0,19.9,16.8,15.5
2026-07-10T15:12:55Z,0,0,0,0,0,0,19.2,850.7,19.4,19.6,75.5,264,290,0,0.7,135,2.4,2.4,19.6,16.6,15.2
2026-07-10T15:28:03Z,0,0,0,0,0,0,19.1,850.7,19.3,19.5,75.5,262,267,0,0.1,99,0.7,0.7,19.5,16.5,15.1
2026-07-10T15:43:11Z,0,0,0,0,0,0,19,850.6,19.1,19.4,76.5,260,258,0,0.3,109,1.5,1.5,19.4,16.5,15
2026-07-10T15:58:19Z,0,0,0,0,0,0,18.7,850.7,18.9,19.1,77.4,259,253,0,0,198,0.4,0.4,19.1,16.4,14.7
2026-07-10T16:13:26Z,0,0,0,0,0,0,18.6,850.8,18.8,19,77.3,260,252,0,0.5,137,2.2,2.2,19,16.2,14.6
2026-07-10T16:28:34Z,0,0,0,0,0,0,18.5,851,18.6,18.9,77.6,261,254,0,0.1,136,0.4,0.4,18.9,16.2,14.6
2026-07-10T16:44:00Z,0,0,0,0,0,0,18.4,851.1,18.6,18.8,78.2,261,254,0,0.1,106,0.7,0.7,18.8,16.2,14.5
2026-07-10T16:59:07Z,0,0,0,0,0,0,18.4,851.2,18.6,18.8,78.4,260,255,0,0,133,0.2,0.2,18.8,16.2,14.4
2026-07-10T17:14:16Z,0,0,0,0,0,0,18.2,851.5,18.4,18.6,78.2,260,254,0,0.4,109,1.5,1.5,18.6,16,14.3
2026-07-10T17:29:24Z,0,0,0,0,0,0,18.1,851.6,18.2,18.5,78.2,260,254,0,0.2,96,0.7,0.7,18.5,15.9,14.2
2026-07-10T17:45:06Z,0,0,0,0,0,0,18.1,851.8,18.3,18.5,77.6,260,253,0,0.2,186,0.9,0.9,18.5,15.8,14.2
2026-07-10T18:00:07Z,0,0,0,0,0,0,18,851.9,18.1,18.4,77.9,258,253,0,0.1,109,0.4,0.4,18.3,15.7,14
2026-07-10T18:16:06Z,0,0,0,0,0,0,17.7,852,17.9,18.1,78.4,261,252,0,1.6,106,2.8,2.8,18.1,15.5,13.8
2026-07-10T18:31:14Z,0,0,0,0,0,0,17.7,852.3,17.9,18.1,78.7,260,253,0,0.3,129,1.1,1.1,18,15.5,13.8
2026-07-10T18:46:22Z,0,0,0,0,0,0,17.7,852.3,17.8,18,78.7,260,254,0,0,99,0,0,18,15.5,13.7
2026-07-10T19:02:12Z,0,0,0,0,0,0,17.6,852.3,17.8,18,78.8,259,253,0,0.3,99,1.1,1.1,18,15.5,13.7
2026-07-10T19:17:19Z,0,0,0,0,0,0,17.5,852.3,17.6,17.9,78.8,261,253,0,0.5,100,1.3,1.3,17.8,15.4,13.6
2026-07-10T19:32:27Z,0,0,0,0,0,0,17.5,852.3,17.6,17.9,78.3,261,253,0,0.1,102,0.6,0.6,17.8,15.3,13.5
2026-07-10T19:47:27Z,0,0,0,0,0,0,17.5,852.3,17.7,17.9,77.6,260,253,0,0.8,106,1.7,1.7,17.8,15.2,13.6
2026-07-10T20:03:11Z,0,0,0,0,0,0,17.5,852.3,17.8,17.9,76.9,261,254,0,0.3,94,1.3,1.3,17.8,15.2,13.6
2026-07-10T20:18:19Z,0,0,0,0,0,0,17.5,852.5,17.7,17.9,76.9,260,254,0,0.1,187,0.4,0.4,17.8,15.2,13.6
2026-07-10T20:33:27Z,0,0,0,0,0,0,17.4,852.4,17.6,17.8,81.1,259,253,0,0.1,95,0.4,0.4,17.8,15.6,13.5
2026-07-10T20:49:10Z,0,0,0,0,0,0,17.1,852.3,17.2,17.5,82.5,260,254,0,0,88,0,0,17.4,15.4,13.2
2026-07-10T21:04:17Z,0,0,0,0,0,0,17,852.2,17.1,17.4,80.8,259,252,0,0,95,0.4,0.4,17.3,15.1,13.1
2026-07-10T21:19:25Z,0,0,0,0,0,0,17,852,17.2,17.4,80.3,260,254,0,0.9,79,2,2,17.3,15.1,13.1
2026-07-10T21:34:33Z,0,0,0,0,0,0,17,851.8,17.2,17.4,80.9,260,254,0,0.1,97,0.7,0.7,17.4,15.2,13.1
2026-07-10T21:49:41Z,0,0,0,0,0,0,17,851.5,17.1,17.4,81.2,260,254,0,0,101,0,0,17.4,15.2,13.1
2026-07-10T22:04:48Z,0,0,0,0,0,0,16.9,851.4,17.1,17.4,81.7,262,253,0,0.1,101,0.4,0.4,17.3,15.2,13.1
2026-07-10T22:20:13Z,0,0,0,0,0,0,16.8,851.5,16.9,17.2,82.6,259,252,0,0,99,0,0,17.2,15.2,13
2026-07-10T22:35:21Z,0,0,0,0,0,0,16.7,851.6,16.8,17.1,83.7,260,253,0,0,103,0.2,0.2,17.1,15.2,12.8
2026-07-10T22:51:21Z,0,0,0,0,0,0,16.4,851.5,16.5,16.8,85.4,261,255,0,0.9,103,1.5,1.5,16.8,15.1,12.6
2026-07-10T23:06:28Z,0,0,0,0,0,0,16.1,851.5,16.2,16.6,88.1,260,254,0,0,200,0.2,0.2,16.6,15.2,12.4
2026-07-10T23:22:22Z,0,0,0,0,0,0,15.7,851.4,16,16.2,90.2,261,254,0,0.3,92,1,1,16.2,15.1,12
2026-07-10T23:38:18Z,0,0,0,0,0,0,15.3,851.2,15.6,15.9,92.2,261,253,0,0,93,0.2,0.2,15.9,14.9,11.7
2026-07-10T23:53:25Z,0,0,0,0,0,0,15.3,851,15.5,15.7,93.4,261,253,0,0.2,93,0.7,0.7,15.8,14.9,11.6
2026-07-11T00:00:29Z,0,0,0,0,0,0,15.2,851.1,15.4,15.7,93.7,259,254,0,0.5,92,1.3,1.3,15.7,14.9,11.5
2026-07-11T00:15:36Z,0,0,0,0,0,0,15.2,851,15.5,15.7,94.2,259,253,0,0.3,95,0.7,0.7,15.7,15,11.5
2026-07-11T00:30:44Z,0,0,0,0,0,0,15.2,850.8,15.5,15.7,94.7,261,253,0,0,95,0.4,0.4,15.7,15,11.5
2026-07-11T00:45:51Z,0,0,0.2,0,0,0,15.1,850.8,15.4,15.6,94.9,261,253,0,0,97,0.2,0.2,15.6,15,11.4
2026-07-11T01:01:17Z,0,0,0.2,0,0,0,15.1,850.9,15.5,15.6,95.3,259,253,0,0,93,0,0,15.6,15,11.4
2026-07-11T01:16:24Z,0,0,0.4,0,0,0,15.1,851,15.5,15.6,95.5,261,253,0,0,93,0,0,15.6,15,11.4
2026-07-11T01:31:32Z,0,0,0.6,0,0,0,15.2,851.2,15.4,15.6,95.8,259,253,0,0,93,0,0,15.6,15.1,11.5
2026-07-11T01:46:39Z,0,0,0.8,0,0,0,14.7,851.3,15,15.1,95.7,261,254,0,0,137,0,0,15.2,14.6,11
2026-07-11T02:01:47Z,0,0,1,0,0,0,14.5,851.4,14.8,15,95.9,260,254,0,0.2,140,0.9,0.9,15,14.5,10.8
2026-07-11T02:16:54Z,0,0,1.2,0,0,0,14.5,851.3,14.8,15,96.1,261,253,0,0.2,140,0.7,0.7,15,14.5,10.8
2026-07-11T02:32:19Z,0,0,1.2,0,0,0,14.5,851.5,14.9,15,96.3,260,253,0,0,140,0,0,15,14.5,10.8
2026-07-11T02:47:27Z,0,0,1.2,0,0,0,14.5,851.8,14.8,15,96.3,260,253,0,0,140,0,0,15,14.5,10.8
2026-07-11T03:02:35Z,0,0,1.2,0,0,0,14.5,852,14.8,15,96.4,261,253,0,0.3,140,0.9,0.9,15,14.5,10.8
2026-07-11T03:17:43Z,0,0,1.2,0,0,0,14.5,851.9,14.8,14.9,96.5,260,253,0,0,140,0.2,0.2,15,14.5,10.8
2026-07-11T03:32:51Z,0,0,1.2,0,0,0,14.6,851.9,14.9,15,96.6,262,261,0,0,140,0,0,15,14.6,10.9
2026-07-11T03:47:58Z,0,0,1.2,0,0,0,14.6,852,14.9,15,96.7,263,283,0,0.7,63,1.7,1.7,15,14.6,10.8
2026-07-11T04:03:23Z,0.2,0,1.4,0.1,0,0,14.6,852.1,14.9,15,96.7,271,366,0,0,77,0,0,15.1,14.6,10.9
2026-07-11T04:18:31Z,0,0,1.4,0.1,0,0,14.7,852.2,15,15.1,96.8,273,397,0,0,98,0.2,0.2,15.1,14.7,11
2026-07-11T04:33:38Z,0,0,1.4,0.1,0,0,14.7,852.3,14.9,15.1,96.7,280,478,0,0,98,0,0,15.1,14.7,10.9
2026-07-11T04:48:46Z,0,0,1.4,0.2,0,0,14.7,852.5,15,15.1,96.7,286,545,0,0.1,98,0.7,0.7,15.2,14.7,11
2026-07-11T05:03:53Z,0,0,1.4,0.2,0,0,14.7,852.8,15,15.1,96.6,286,529,0,0,93,0,0,15.2,14.7,11
2026-07-11T05:19:01Z,0,0,1.4,0.2,0,0,14.8,852.9,15.2,15.2,96.5,287,529,0,0,157,0,0,15.3,14.8,11.1
2026-07-11T05:34:27Z,0,0,1.4,0.2,0,0,14.9,853.1,15.2,15.3,96.2,290,567,0,0,157,0,0,15.4,14.9,11.2
2026-07-11T05:49:35Z,0,0,1.4,0.2,0,0,15.1,853.3,15.4,15.5,95.9,304,712,0,0,105,0,0,15.6,15.1,11.4
2026-07-11T06:04:42Z,0,0,0,0.2,1.4,0,15.2,853.4,15.5,15.6,95.5,300,679,0,0.6,105,0.9,0.9,15.7,15.1,11.5
2026-07-11T06:19:49Z,0,0,0,0.2,1.4,0,15.2,853.6,15.4,15.6,95.2,300,663,0,0.6,104,1.1,1.1,15.7,15.1,11.5
2026-07-11T06:35:35Z,0,0,0,0.3,1.4,0,15.4,853.7,15.7,15.8,95.3,315,825,0,0,102,0.2,0.2,15.8,15.2,11.6
2026-07-11T06:50:43Z,0,0,0,0.2,1.4,0,15.4,853.8,15.7,15.8,95,303,720,0,0.3,102,0.7,0.7,15.9,15.2,11.7
2026-07-11T07:06:37Z,0,0,0,0.3,1.4,0,15.4,853.9,15.8,15.9,94.2,314,837,0,0.3,90,0.9,0.9,15.9,15.2,11.7
2026-07-11T07:21:44Z,0,0,0,0.5,1.4,0,15.6,853.9,15.9,16,93.6,356,1279,0,0.3,88,0.7,0.7,16,15.2,11.8
2026-07-11T07:36:52Z,0,0,0,0.4,1.4,0,15.8,853.8,16.1,16.3,93.1,334,1024,0,0.4,80,0.7,0.7,16.3,15.4,12.1
2026-07-11T07:52:25Z,0,0,0,1,1.4,0,16.1,853.9,16.3,16.5,92.2,442,2210,0,0.3,97,1.3,1.3,16.6,15.6,12.4
2026-07-11T08:08:34Z,0,0,0,0.8,1.4,0,16.3,853.7,16.4,16.9,89.8,402,1796,0,0.7,80,1.3,1.3,16.9,15.7,12.7
2026-07-11T08:23:41Z,0,0,0,0.6,1.4,0,16.3,853.7,16.3,16.9,89.2,375,1477,0,0.3,89,1.1,1.1,16.9,15.6,12.7
2026-07-11T08:38:49Z,0,0,0,0.5,1.4,0,16.4,853.6,16.4,16.9,89,356,1287,0,0.2,11,0.7,0.7,17,15.6,12.7
2026-07-11T08:53:56Z,0,0,0,0.4,1.4,0,16.6,853.3,16.7,17.1,87.9,325,953,0,0.1,11,0.7,0.7,17.2,15.7,12.9
2026-07-11T09:09:36Z,0,0,0,0.4,1.4,0,16.4,853.4,16.5,16.9,88.1,334,1058,0,0.3,12,1.1,1.1,17,15.5,12.7
2026-07-11T09:24:43Z,0,0,0,0.6,1.4,0,16.7,853,16.8,17.2,86.7,379,1550,0,0.7,12,1.5,1.5,17.2,15.6,13
2026-07-11T09:40:39Z,0,0,0,0.6,1.4,0,17.1,852.8,17.2,17.6,85.1,371,1470,0,0.1,11,0.7,0.7,17.6,15.8,13.4
2026-07-11T09:55:47Z,0,0,0,0.6,1.4,0,17.4,852.7,17.5,18,84.5,368,1454,0,0,11,0.4,0.4,18,16.1,13.7
2026-07-11T10:10:55Z,0,0,0,1.3,1.4,0,17.9,852.5,18.1,18.5,82.8,495,2832,0,0.4,12,1.3,1.3,18.5,16.4,14.2
2026-07-11T10:26:03Z,0,0,0,0.4,1.4,0,18.5,852.5,18.6,19,81.8,326,973,0,0,12,0,0,19,16.8,14.7
2026-07-11T10:41:11Z,0,0,0,0.4,1.4,0,17.5,852.4,17.6,18.1,84.2,333,1093,0,0.2,12,0.7,0.7,18.1,16.2,13.8
2026-07-11T10:56:37Z,0,0,0,0.9,1.4,0,17.9,852.1,17.9,18.2,84,420,2029,0,0.2,12,1.5,1.5,18.2,16.3,14
2026-07-11T11:11:41Z,0,0,0,1.4,1.4,0,18.9,851.9,18.8,19.2,81.2,512,3037,0,0.5,69,1.3,1.3,19.2,16.9,14.9
2026-07-11T11:26:49Z,0,0,0,2.1,1.4,0,20.3,851.7,20.4,20.6,77.7,647,4549,0,0.5,12,0.9,0.9,20.7,17.9,16.2
2026-07-11T11:42:33Z,0,0,0,2.5,1.4,0,21.5,851.2,21.6,22.3,70.3,724,5424,0,0.1,14,0.7,0.7,22.4,18.5,17.6
2026-07-11T11:57:57Z,0,0,0,2.3,1.4,0,20.9,850.9,21.4,21.8,69.2,694,5071,0,0.8,100,1.3,1.3,21.8,17.8,17.1
2026-07-11T12:13:05Z,0,0,0,0.9,1.4,0,21.5,850.6,22.1,21.9,66.1,420,1861,0,0,198,0.2,0.2,21.9,17.5,17.2
2026-07-11T12:28:13Z,0,0,0,1.3,1.4,0,20.9,850.6,21.4,21.3,68.2,507,2963,0,0,198,0.2,0.2,21.3,17.3,16.7
2026-07-11T12:43:21Z,0,0,0,1.7,1.4,0,21.6,850.4,21.9,22.3,66.3,568,3618,0,0,90,0,0,22.3,18,17.6
2026-07-11T12:59:15Z,0,0,0,1.8,1.4,0,23.1,850,23.1,23.7,61.2,590,4067,0,0.4,20,0.9,0.9,23.7,18.5,18.7
2026-07-11T13:14:23Z,0,0,0,1.7,1.4,0,24.1,850,24.6,24.6,58.7,580,3927,0,0.1,19,0.4,0.4,24.6,19,19.5
2026-07-11T13:29:31Z,0,0,0,0.4,1.4,0,22.9,850,24,24.1,59.5,329,952,0,0.1,135,0.4,0.4,24.1,18.6,19
2026-07-11T13:44:38Z,0,0,0,0.6,1.4,0,21.9,850.1,22.6,22.2,65.7,377,1536,0,0,154,0,0,22.2,17.8,17.5
2026-07-11T14:00:01Z,0,0,0,0.5,1.4,0,22,850.1,21.9,22,66.5,350,1235,0,0.2,154,0.7,0.7,22,17.7,17.3
2026-07-11T14:15:09Z,0,0,0,0.4,1.4,0,21.6,850.3,21.4,21.6,68.7,325,945,0,0,154,0.2,0.2,21.6,17.6,17
2026-07-11T14:30:17Z,0,0,0,0.3,1.4,0,21.1,850.3,21.2,21.3,69.4,309,798,0,0,154,0,0,21.3,17.4,16.7
2026-07-11T14:45:25Z,0,0,0,0.1,1.4,0,20.6,850.4,20.8,21,70.7,272,361,0,0,154,0.2,0.2,21,17.3,16.4
2026-07-11T15:00:33Z,0,0,0,0.1,1.4,0,20.3,850.6,20.4,20.7,73.5,271,353,0,0,154,0,0,20.7,17.3,16.2
2026-07-11T15:15:42Z,0,0,0,0.1,1.4,0,19.9,850.7,20,20.2,75.5,266,321,0,0,154,0.2,0.2,20.2,17.1,15.7
2026-07-11T15:31:10Z,0,0,0,0,1.4,0,19.5,850.9,19.6,19.8,76.5,261,270,0,0,16,0,0,19.8,16.9,15.3
2026-07-11T15:46:10Z,0,0,0,0,1.4,0,19.1,851,19.2,19.4,77.1,261,255,0,0.1,16,0.7,0.7,19.4,16.6,15
2026-07-11T16:01:18Z,0,0,0,0,1.4,0,18.9,851.1,19,19.2,78.3,262,253,0,0,16,0,0,19.2,16.5,14.8
2026-07-11T16:16:26Z,0,0,0,0,1.4,0,18.7,851.2,18.8,19,78.8,260,252,0,0.1,16,0.4,0.4,19,16.5,14.7
2026-07-11T16:32:14Z,0,0,0,0,1.4,0,18.7,851.3,19,19.2,77,260,253,0,0,16,0,0,19.2,16.4,14.8
2026-07-11T16:47:22Z,0,0,0,0,1.4,0,18.6,851.3,18.8,19,76.8,261,253,0,0.7,15,1.1,1.1,18.9,16.2,14.6
2026-07-11T17:02:31Z,0,0,0,0,1.4,0,18.6,851.6,18.8,18.9,78.8,260,253,0,0,16,0,0,18.9,16.4,14.6
2026-07-11T17:17:39Z,0,0,0,0,1.4,0,18.4,851.7,18.5,18.8,80.5,260,254,0,0,16,0,0,18.8,16.4,14.5
2026-07-11T17:33:01Z,0,0,0,0,1.4,0,18,851.9,18.1,18.2,82.8,261,254,0,0,16,0,0,18.3,16.2,14
2026-07-11T17:48:42Z,0,0,0,0,1.4,0,17.8,852.2,18,18.2,84.2,260,253,0,0,16,0,0,18.2,16.3,13.9
2026-07-11T18:04:02Z,0,0,0,0,1.4,0,17.9,852.4,18.1,18.3,83.8,261,254,0,0,16,0,0,18.3,16.3,14
2026-07-11T18:19:10Z,0,0,0,0,1.4,0,17.9,852.6,18,18.2,83.3,261,253,0,0,16,0,0,18.2,16.2,14
2026-07-11T18:34:18Z,0,0,0,0,1.4,0,17.7,852.7,17.9,18.1,83.7,260,254,0,0,16,0,0,18.1,16.1,13.8
2026-07-11T18:50:13Z,0,0,0,0,1.4,0,17.5,852.8,17.6,17.8,85.4,259,254,0,0,16,0,0,17.8,16.1,13.6
2026-07-11T19:05:21Z,0,0,0,0,1.4,0,17.4,852.8,17.6,17.8,86.4,260,253,0,0,16,0,0,17.8,16.1,13.5
2026-07-11T19:20:23Z,0,0,0,0,1.4,0,17.4,852.8,17.5,17.7,86.4,260,253,0,0,16,0,0,17.7,16.1,13.5
2026-07-11T19:35:31Z,0,0,0,0,1.4,0,17.3,852.9,17.4,17.6,86,260,253,0,0.1,16,0.7,0.7,17.7,16,13.4
2026-07-11T19:50:39Z,0,0,0,0,1.4,0,17.1,853,17.2,17.5,85.8,260,253,0,0,16,0,0,17.5,15.8,13.2
2026-07-11T20:06:11Z,0,0,0,0,1.4,0,17.1,852.9,17.2,17.4,86.7,260,254,0,0,16,0,0,17.4,15.8,13.2
2026-07-11T20:21:19Z,0,0,0,0,1.4,0,17,852.9,17.1,17.3,86.8,260,253,0,0,16,0,0,17.4,15.8,13.1
2026-07-11T20:37:18Z,0,0,0,0,1.4,0,16.9,852.8,16.9,17.2,86.9,260,252,0,0,16,0,0,17.2,15.6,13
2026-07-11T20:52:25Z,0,0,0,0,1.4,0,16.6,852.7,16.6,16.8,88.2,260,252,0,0,16,0,0,16.9,15.4,12.6
2026-07-11T21:07:34Z,0,0,0,0,1.4,0,16.5,852.7,16.7,16.9,89,259,254,0,0,16,0,0,16.9,15.6,12.7
2026-07-11T21:22:42Z,0,0,0,0,1.4,0,16.5,852.6,16.6,16.9,88.8,261,253,0,0,16,0,0,16.9,15.6,12.7
2026-07-11T21:37:50Z,0,0,0,0,1.4,0,17.1,852.2,17.1,17.3,81,261,254,0,0.2,16,0.7,0.7,17.3,15.1,13
2026-07-11T21:53:13Z,0,0,0,0,1.4,0,16.7,852.3,16.8,17,79.5,260,253,0,0,16,0,0,16.9,14.6,12.7
2026-07-11T22:08:21Z,0,0,0,0,1.4,0,16.3,852,16.4,16.6,80.6,259,254,0,0.1,16,0.4,0.4,16.5,14.4,12.3
2026-07-11T22:23:28Z,0,0,0,0,1.4,0,16.1,851.7,16.2,16.5,81.3,261,254,0,0,16,0,0,16.4,14.3,12.2
2026-07-11T22:38:37Z,0,0,0,0,1.4,0,15.7,851.6,16,16,83.4,260,254,0,0,16,0,0,15.9,14.1,11.7
2026-07-11T22:53:44Z,0,0,0,0,1.4,0,15.1,851.5,15.4,15.5,85.3,260,254,0,0,16,0,0,15.4,13.8,11.2
2026-07-11T23:08:53Z,0,0,0,0,1.4,0,14.7,851.3,15,15.1,86.4,260,253,0,0,16,0,0,15,13.5,10.8
2026-07-11T23:24:17Z,0,0,0,0,1.4,0,14.7,851.2,15.1,15.1,86.4,260,253,0,0,16,0,0,15,13.5,10.8
2026-07-11T23:39:25Z,0,0,0,0,1.4,0,14.5,851.1,14.8,14.9,87.1,260,252,0,0,16,0,0,14.8,13.4,10.6
2026-07-11T23:54:33Z,0,0,0,0,1.4,0,14.5,851.1,14.8,14.9,87.8,260,253,0,0,16,0.2,0.2,14.8,13.5,10.7
2026-07-12T00:00:36Z,0,0,0,0,1.4,0,14.4,851.2,14.7,14.8,88,260,254,0,0,16,0,0,14.7,13.4,10.5
2026-07-12T00:15:45Z,0,0,0,0,1.4,0,14.1,851.3,14.4,14.5,89.5,260,253,0,0.1,16,0.4,0.4,14.5,13.3,10.3
2026-07-12T00:30:53Z,0,0,0,0,1.4,0,14.1,851.3,14.3,14.4,90.3,259,254,0,0,16,0,0,14.3,13.3,10.1
2026-07-12T00:46:01Z,0,0,0,0,1.4,0,13.8,851.2,14.1,14.2,90.7,260,253,0,0,16,0,0,14.2,13.2,9.9
2026-07-12T01:01:29Z,0,0,0,0,1.4,0,13.7,851.2,13.9,14,91.4,262,254,0,0,16,0,0,13.9,13,9.7
2026-07-12T01:16:37Z,0,0,0,0,1.4,0,13.3,851.2,13.5,13.7,91.9,260,253,0,0,16,0,0,13.6,12.7,9.4
2026-07-12T01:31:45Z,0,0,0,0,1.4,0,13.4,851.3,13.7,13.8,93.2,259,252,0,0,16,0,0,13.8,13,9.5
2026-07-12T01:46:52Z,0,0,0,0,1.4,0,13.5,851.2,13.8,13.9,93.2,261,252,0,0,16,0,0,13.9,13.2,9.7
2026-07-12T02:02:19Z,0,0,0,0,1.4,0,13.3,851.3,13.5,13.7,93.1,259,254,0,0,16,0,0,13.6,12.9,9.4
2026-07-12T02:17:26Z,0,0,0,0,1.4,0,13.2,851.5,13.5,13.6,93.5,260,252,0,0,16,0,0,13.6,12.9,9.4
2026-07-12T02:32:33Z,0,0,0,0,1.4,0,13.4,851.5,13.8,13.8,94,260,254,0,0,16,0,0,13.8,13.1,9.6
2026-07-12T02:47:41Z,0,0,0,0,1.4,0,13.6,851.7,13.9,14,93.9,258,253,0,0,16,0,0,13.9,13.3,9.7
2026-07-12T03:02:49Z,0,0,0,0,1.4,0,13.8,851.8,14.1,14.2,93.8,261,254,0,0,16,0,0,14.2,13.5,10
2026-07-12T03:17:57Z,0,0,0,0,1.4,0,14,851.9,14.3,14.4,93.2,260,254,0,0,16,0,0,14.4,13.6,10.2
2026-07-12T03:33:22Z,0,0,0,0,1.4,0,14.1,852.1,14.4,14.5,92.8,261,260,0,0,16,0,0,14.5,13.7,10.3
2026-07-12T03:48:30Z,0,0,0,0,1.4,0,14.2,852.3,14.5,14.6,92.8,263,295,0,0,16,0,0,14.6,13.8,10.4
2026-07-12T04:03:38Z,0,0,0,0.1,1.4,0,14.3,852.5,14.6,14.7,92.8,272,377,0,0,16,0,0,14.7,13.9,10.5
2026-07-12T04:18:45Z,0,0,0,0.1,1.4,0,14.5,852.7,14.8,14.9,92.5,277,451,0,0,16,0,0,14.9,14,10.7
2026-07-12T04:33:53Z,0,0,0,0.2,1.4,0,14.8,852.8,15.1,15.1,92,291,599,0,0.1,16,0.2,0.2,15.1,14.2,10.9
2026-07-12T04:49:01Z,0,0,0,0.2,1.4,0,15,852.9,15.3,15.4,91.1,303,715,0,0,16,0,0,15.4,14.4,11.2
2026-07-12T05:04:26Z,0,0,0,0.3,1.4,0,15.5,853.2,15.8,15.9,88.9,321,917,0,0.2,16,0.7,0.7,15.8,14.6,11.6
2026-07-12T05:19:33Z,0,0,0,0.4,1.4,0,16,853.3,16.2,16.3,87.2,334,1049,0,0,16,0.2,0.2,16.3,14.8,12.1
2026-07-12T05:34:40Z,0,0,0,0.4,1.4,0,16.2,853.4,16.2,16.4,86.3,338,1117,0,0.6,16,1.3,1.3,16.4,14.8,12.2
2026-07-12T05:49:48Z,0,0,0,0.5,1.4,0,16.4,853.6,16.4,16.6,86.3,345,1182,0,0,16,0,0,16.6,15,12.4
2026-07-12T06:04:56Z,0,0,0,0.6,0,0,16.7,853.6,16.8,16.9,84.6,370,1462,0,0.3,19,0.9,0.9,16.9,15.1,12.7
2026-07-12T06:20:03Z,0,0,0,0.7,0,0,17.1,853.6,17.1,17.3,83.5,395,1736,0,0.1,19,0.7,0.7,17.3,15.4,13.1
2026-07-12T06:35:30Z,0,0,0,0.7,0,0,18,853.7,17.9,18.1,80.8,392,1725,0,0,19,0,0,18.1,15.9,13.9
2026-07-12T06:50:38Z,0,0,0,1,0,0,18.1,853.7,18.3,18.5,79.6,436,2184,0,0,19,0.2,0.2,18.4,16,14.1
2026-07-12T07:05:46Z,0,0,0,1.1,0,0,18.1,853.6,18.4,18.2,78.8,472,2594,0,0.2,19,0.4,0.4,18.2,15.7,13.9
2026-07-12T07:20:54Z,0,0,0,1.2,0,0,18.6,853.6,19.1,18.9,75.9,486,2744,0,0,151,0.2,0.2,18.9,16,14.6
2026-07-12T07:36:02Z,0,0,0,1.6,0,0,20.1,853.5,20.1,20.1,73.2,550,3429,0,0,151,0,0,20.1,16.8,15.6
2026-07-12T07:51:09Z,0,0,0,2.4,0,0,20.8,853.4,20.8,21.4,69.3,702,5106,0,0.1,89,0.4,0.4,21.4,17.5,16.8
2026-07-12T08:06:33Z,0,0,0,1.8,0,0,20.8,853.2,21.4,20.9,67.8,594,3902,0,0.4,99,1.3,1.3,20.9,16.9,16.4
2026-07-12T08:21:41Z,0,0,0,1.4,0,0,21,853.1,21.4,21,65.6,514,3025,0,0.4,249,1.1,1.1,20.9,16.6,16.3
2026-07-12T08:36:48Z,0,0,0,2.6,0,0,21.3,853,21.8,21.8,62.5,748,5675,0,0.7,79,1.3,1.3,21.7,17,17.1
2026-07-12T08:51:56Z,0,0,0,1.3,0,0,20.9,852.7,21.2,21.3,65.5,502,2922,0,0.2,209,0.7,0.7,21.2,16.9,16.6
2026-07-12T09:07:04Z,0,0,0,1.6,0,0,22.1,852.5,22,22.4,61.4,557,3506,0,0.1,17,0.4,0.4,22.3,17.3,17.6
2026-07-12T09:22:11Z,0,0,0,2.2,0,0,21.9,852.4,21.8,21.7,62.9,672,4711,0,0.4,15,1.3,1.3,21.7,17,17
2026-07-12T09:37:35Z,0,0,0,2.1,0,0,22.5,852.1,22.9,22.6,61.2,648,4427,0,0.1,15,0.7,0.7,22.5,17.5,17.7
2026-07-12T09:52:43Z,0,0,0,3.9,0,0,24.4,851.8,24.3,24.6,55.9,990,8346,0,0.3,15,1.1,1.1,24.5,18.5,19.4
2026-07-12T10:07:50Z,0,0,0,3.5,0,0,23.4,851.4,24,23.6,58.2,914,7436,0,0.5,226,1.5,1.5,23.6,18,18.6
2026-07-12T10:22:58Z,0,0,0,2,0,0,23.2,851.1,23.8,23.5,59.1,638,4259,0,0.2,179,0.9,0.9,23.5,18,18.5
2026-07-12T10:38:01Z,0,0,0,3.4,0,0,23.3,851,23.4,23.2,58.9,896,7276,0,0.1,280,0.7,0.7,23.2,17.8,18.3
2026-07-12T10:53:25Z,0,0,0,3.1,0,0,24.2,850.7,24.5,24.9,55.8,842,6693,0,0,5,0.2,0.2,24.9,18.8,19.7
2026-07-12T11:08:33Z,0,0,0,3.1,0,0,24.4,850.4,24.7,25.2,51.9,834,6574,0,0.4,97,0.9,0.9,25.2,18.5,19.9
2026-07-12T11:23:40Z,0,0,0,1.3,0,0,24.8,850.1,25.6,25.5,52.4,503,2708,0,0.2,159,0.7,0.7,25.5,18.8,20.1
2026-07-12T11:38:48Z,0,0,0,2.9,0,0,24.8,849.9,25,25.6,51.5,790,6159,0,0.7,61,1.1,1.1,25.6,18.7,20.2
2026-07-12T11:53:56Z,0,0,0,2.6,0,0,24.8,849.8,25.6,25.7,49.2,735,5513,0,1,179,2,2,25.6,18.5,20.3
2026-07-12T12:09:03Z,0,0,0,2.4,0,0,26.4,849.6,26.6,27.2,47.5,697,5049,0,0.1,145,0.4,0.4,27.4,19.5,21.6
2026-07-12T12:24:30Z,0,0,0,2.2,0,0,25,849.4,25.9,25.8,48.5,662,4755,0,0.5,126,2,2,25.8,18.5,20.4
2026-07-12T12:39:37Z,0,0,0,1.9,0,0,25,849.3,25.3,25.7,49.8,611,4189,0,0,97,0.2,0.2,25.7,18.6,20.3
2026-07-12T12:54:44Z,0,0,0,2,0,0,26.8,849.1,27.2,27.8,44.9,624,4352,0,0.6,83,1.7,1.7,27.8,19.5,21.9
2026-07-12T13:09:52Z,0,0,0,0.6,0,0,25.5,849.1,26.2,26.5,47.8,372,1417,0,0.2,102,0.9,0.9,26.5,18.9,20.9
2026-07-12T13:25:00Z,0,0,0,0.6,0,0,24.1,849,24.6,24.6,51.9,379,1506,0,0.7,198,1.3,1.3,24.6,18,19.4
2026-07-12T13:40:41Z,0,0,0,0.6,0,0,24.5,849,24.8,25,52.8,373,1455,0,0.2,200,1.1,1.1,25,18.5,19.8
2026-07-12T13:55:49Z,0,0,0,0.5,0,0,23.9,849,24.1,24.5,54,342,1134,0,1,115,3.2,3.2,24.4,18.2,19.3
2026-07-12T14:10:56Z,0,0,0,0.3,0,0,23.5,848.9,23.8,24,55,321,852,0,0.2,97,1.1,1.1,24,17.9,19
2026-07-12T14:26:03Z,0,0,0,0.5,0,0,23.5,849,23.9,24.2,54.7,345,1204,0,0,101,0.2,0.2,24.1,18,19.1
2026-07-12T14:41:10Z,0,0,0,0.2,0,0,23.5,849.1,23.8,24,54.5,301,681,0,0.3,181,0.7,0.7,24,17.8,18.9
2026-07-12T14:56:21Z,0,0,0,0.2,0,0,23.1,849.3,23.2,23.5,56.2,289,556,0,0,101,0.2,0.2,23.4,17.6,18.5
2026-07-12T15:11:36Z,0,0,0,0.1,0,0,22.8,849.5,23,23.2,57.4,275,410,0,0.3,102,1.1,1.1,23.1,17.5,18.3
2026-07-12T15:26:44Z,0,0,0,0,0,0,22.4,849.6,22.6,22.8,59.4,264,289,0,0.1,142,0.4,0.4,22.7,17.4,17.9
2026-07-12T15:41:46Z,0,0,0,0,0,0,22,849.8,22.2,22.4,60,260,258,0,0.2,102,0.9,0.9,22.3,17.2,17.6
2026-07-12T15:56:54Z,0,0,0,0,0,0,21.9,850.1,22.1,22.2,60.5,260,253,0,0,98,0.4,0.4,22.1,17.1,17.4
2026-07-12T16:12:02Z,0,0,0,0,0,0,21.7,850.1,21.8,22,61.4,263,254,0,0,101,0.4,0.4,21.9,17,17.3
2026-07-12T16:27:53Z,0,0,0,0,0,0,21.6,850.2,21.8,21.9,60.5,261,253,0,0,162,0.2,0.2,21.8,16.8,17.2
2026-07-12T16:43:00Z,0,0,0,0,0,0,21.5,850.2,21.6,21.8,60.3,260,253,0,0.1,159,0.7,0.7,21.7,16.7,17.1
2026-07-12T16:58:08Z,0,0,0,0,0,0,21.3,850.3,21.4,21.6,61.1,259,254,0,0.1,144,0.4,0.4,21.5,16.6,16.9
2026-07-12T17:13:16Z,0,0,0,0,0,0,21.1,850.5,21.2,21.4,61.5,261,252,0,0.2,144,1.1,1.1,21.3,16.5,16.7
2026-07-12T17:28:43Z,0,0,0,0,0,0,20.9,850.6,21.1,21.3,62.1,262,252,0,0,145,0,0,21.2,16.4,16.6
2026-07-12T17:43:51Z,0,0,0,0,0,0,20.8,850.7,20.9,21.1,63,259,254,0,0,145,0,0,21,16.4,16.5
2026-07-12T17:58:59Z,0,0,0,0,0,0,20.7,850.7,20.9,21.1,62.9,261,253,0,0.5,107,2,2,21,16.3,16.4
2026-07-12T18:14:07Z,0,0,0,0,0,0,20.5,850.9,20.6,20.8,63.8,261,254,0,0,105,0,0,20.7,16.2,16.2
2026-07-12T18:29:52Z,0,0,0,0,0,0,20.3,851.1,20.5,20.6,64.2,261,253,0,0,105,0,0,20.5,16.1,16
2026-07-12T18:45:00Z,0,0,0,0,0,0,20.3,851,20.4,20.6,63.5,260,253,0,0.2,105,0.7,0.7,20.5,16,16
2026-07-12T19:00:09Z,0,0,0,0,0,0,20.3,851.1,20.4,20.6,63,260,254,0,0,100,0.2,0.2,20.5,16,16
2026-07-12T19:16:46Z,0,0,0,0,0,0,20.4,851.4,20.6,20.7,57.8,260,254,0,0.1,106,0.7,0.7,20.5,15.3,16
2026-07-12T19:31:54Z,0,0,0,0,0,0,20.1,851.3,20.2,20.4,58.7,260,253,0,1,184,2.2,2.2,20.2,15.2,15.8
2026-07-12T19:47:02Z,0,0,0,0,0,0,19.6,851.4,19.8,20,60,260,253,0,0.3,146,1.1,1.1,19.8,15,15.3
2026-07-12T20:02:10Z,0,0,0,0,0,0,19.2,851.5,19.4,19.6,61.4,259,253,0,0.5,203,1.7,1.7,19.4,14.8,15
2026-07-12T20:17:17Z,0,0,0,0,0,0,19,851.7,19.2,19.4,62.8,261,254,0,0.3,100,0.9,0.9,19.3,14.9,14.9
2026-07-12T20:32:44Z,0,0,0,0,0,0,18.7,851.7,18.9,19.1,64.7,261,253,0,0.6,187,2.2,2.2,18.9,14.8,14.6
2026-07-12T20:47:52Z,0,0,0,0,0,0,18.5,851.7,18.7,18.9,65.9,260,254,0,0.3,99,1.3,1.3,18.7,14.8,14.4
2026-07-12T21:03:00Z,0,0,0,0,0,0,18.3,851.6,18.4,18.7,67.3,260,253,0,0.3,92,0.7,0.7,18.6,14.8,14.2
2026-07-12T21:18:07Z,0,0,0,0,0,0,18.1,851.4,18.2,18.5,67.9,259,253,0,0.2,5,1.1,1.1,18.3,14.6,14
2026-07-12T21:33:15Z,0,0,0,0,0,0,17.9,851.4,18,18.3,69,259,254,0,0,5,0,0,18.1,14.6,13.8
2026-07-12T21:48:23Z,0,0,0,0,0,0,17.8,851.4,17.9,18.1,69.7,261,253,0,0,102,0,0,18,14.5,13.7
2026-07-12T22:03:46Z,0,0,0,0,0,0,17.6,851.2,17.8,18,70.5,262,255,0,0,102,0.2,0.2,17.8,14.5,13.6
2026-07-12T22:18:54Z,0,0,0,0,0,0,17.5,851.1,17.7,17.9,70.8,260,254,0,0,102,0,0,17.7,14.4,13.4
2026-07-12T22:34:01Z,0,0,0,0,0,0,17.3,851,17.5,17.7,71,260,253,0,0,158,0.4,0.4,17.5,14.3,13.3
2026-07-12T22:49:09Z,0,0,0,0,0,0,16.9,851.1,17.1,17.3,72.2,260,254,0,0,98,0.1,0.1,17.2,14.1,12.9
2026-07-12T23:04:17Z,0,0,0,0,0,0,16.4,850.7,16.6,16.9,74,258,254,0,0,98,0,0,16.7,13.8,12.5
2026-07-12T23:19:25Z,0,0,0,0,0,0,16,850.7,16.2,16.4,75.3,260,253,0,0,98,0,0,16.3,13.6,12
2026-07-12T23:34:49Z,0,0,0,0,0,0,15.6,850.7,16,16.1,76.7,260,254,0,0,98,0,0,15.9,13.4,11.7
2026-07-12T23:49:57Z,0,0,0,0,0,0,15.3,850.6,15.6,15.7,78.5,261,253,0,0,98,0,0,15.5,13.2,11.3
2026-07-13T00:00:02Z,0,0,0,0,0,0,15.1,850.6,15.4,15.5,79.5,258,253,0,0,98,0,0,15.3,13.1,11.1
2026-07-13T00:15:10Z,0,0,0,0,0,0,14.8,850.6,15.1,15.2,81.1,260,252,0,0,98,0,0,15.1,13.1,10.9
2026-07-13T00:30:18Z,0,0,0,0,0,0,14.7,850.5,15,15.1,81.8,261,254,0,0,98,0,0,15,13,10.8
2026-07-13T00:45:26Z,0,0,0,0,0,0,14.6,850.4,14.9,15,82.2,259,252,0,0,98,0,0,14.9,13,10.7
2026-07-13T01:00:50Z,0,0,0,0,0,0,14.6,850.5,14.9,15,81.9,262,254,0,0,98,0,0,14.9,13,10.7
2026-07-13T01:15:58Z,0,0,0,0,0,0,14.2,850.6,14.6,14.7,83.1,260,253,0,0,98,0.2,0.2,14.5,12.8,10.3
2026-07-13T01:31:06Z,0,0,0,0,0,0,13.9,850.6,14.1,14.2,85.1,260,253,0,0,98,0,0,14.1,12.5,9.9
2026-07-13T01:46:14Z,0,0,0,0,0,0,13.4,850.7,13.6,13.9,86.2,261,253,0,0,98,0,0,13.7,12.3,9.5
2026-07-13T02:01:22Z,0,0,0,0,0,0,13.1,850.9,13.3,13.5,88,262,254,0,0,98,0,0,13.4,12.2,9.1
2026-07-13T02:17:01Z,0,0,0,0,0,0,13,851,13.3,13.4,88.7,260,254,0,0,98,0,0,13.3,12.2,9.1
2026-07-13T02:32:08Z,0,0,0,0,0,0,12.7,851.2,13,13.1,89,260,253,0,0,98,0,0,13,11.9,8.7
2026-07-13T02:47:16Z,0,0,0,0,0,0,12.5,851.2,12.8,12.9,90.1,261,254,0,0,98,0,0,12.8,11.8,8.5
2026-07-13T03:02:24Z,0,0,0,0,0,0,12.3,851.4,12.6,12.8,90.9,262,253,0,0,98,0,0,12.6,11.7,8.3
2026-07-13T03:17:32Z,0,0,0,0,0,0,12.2,851.4,12.6,12.8,91.8,260,254,0,0,98,0,0,12.6,11.8,8.3
2026-07-13T03:32:56Z,0,0,0,0,0,0,12.2,851.4,12.5,12.7,92.3,263,272,0,0,98,0,0,12.5,11.8,8.2
2026-07-13T03:48:04Z,0,0,0,0.1,0,0,12.3,851.6,12.7,12.8,92.5,268,338,0,0,98,0,0,12.7,12,8.4
2026-07-13T04:03:12Z,0,0,0,0.1,0,0,12.5,851.8,12.8,12.9,92.2,279,443,0,0,98,0,0,12.8,12,8.5
2026-07-13T04:18:20Z,0,0,0,0.2,0,0,13,852,13.5,13.3,91.8,298,662,0,0,98,0,0,13.2,12.4,9
2026-07-13T04:33:28Z,0,0,0,0.3,0,0,14.1,852.1,14.6,14.3,87.6,311,786,0,0.1,98,0.7,0.7,14.2,12.9,10
2026-07-13T04:48:36Z,0,0,0,0.5,0,0,15.7,852.2,16.1,15.5,81.8,353,1358,0,0,98,0,0,15.4,13.4,11.2
2026-07-13T05:03:59Z,0,0,0,0.7,0,0,17.5,852.4,17.5,17,77.3,387,1730,0,0.5,0,1.3,1.3,16.9,14.3,12.7
2026-07-13T05:19:06Z,0,0,0,0.9,0,0,19,852.5,19.2,18.6,71.7,422,2126,0,0.2,0,0.7,0.7,18.5,15.2,14.2
2026-07-13T05:34:13Z,0,0,0,1.1,0,0,19.9,852.5,19.6,19,69.3,462,2544,0,0.1,0,0.4,0.4,18.9,15.3,14.5
2026-07-13T05:49:20Z,0,0,0,1.3,0,0,20,852.7,20.2,19.9,65.9,505,3024,0,0.6,89,1.7,1.7,19.8,15.7,15.4
2026-07-13T06:04:26Z,0,0,0,1.5,0,0,21,852.8,21.1,21,62.2,546,3453,0,0.8,80,1.7,1.7,20.8,16.2,16.3
2026-07-13T06:19:34Z,0,0,0,1.7,0,0,22,852.9,22.3,22.1,59.6,582,3844,0,0.1,90,0.4,0.4,22,16.8,17.3
2026-07-13T06:34:41Z,0,0,0,1.9,0,0,22.2,852.9,21.8,21.5,61.8,618,4236,0,0.2,11,0.7,0.7,21.4,16.6,16.8
2026-07-13T06:50:03Z,0,0,0,2.1,0,0,22,852.9,21.2,21.2,61.2,649,4573,0,0,4,0,0,21.1,16.2,16.5
2026-07-13T07:05:11Z,0,0,0,0.8,0,0,21.5,852.9,21.9,21.7,59.1,396,1484,0,0,5,0,0,21.6,16.4,17
2026-07-13T07:20:18Z,0,0,0,2.6,0,0,21.2,852.9,21.6,21.3,58.4,733,5499,0,0.8,255,1.6,1.6,21.1,15.9,16.6
2026-07-13T07:35:26Z,0,0,0,2.7,0,0,21.7,852.9,22.6,22.2,57.2,767,5865,0,0.8,93,1.7,1.7,22.1,16.6,17.4
2026-07-13T07:51:11Z,0,0,0,3.1,0,0,21.3,852.9,22.2,21.7,58.6,839,6699,0,0.9,245,2,2,21.5,16.3,16.9
2026-07-13T08:06:18Z,0,0,0,3.3,0,0,22.8,852.7,23.3,23,55.7,875,7201,0,0.9,75,1.7,1.7,22.9,17.1,18.1
2026-07-13T08:21:26Z,0,0,0,1.2,0,0,23.1,852.6,23.6,23.7,53.8,488,2713,0,0,90,0,0,23.6,17.4,18.6
2026-07-13T08:36:34Z,0,0,0,3.9,0,0,23.1,852.4,23.6,23.7,53.9,992,8505,0,0.1,95,0.4,0.4,23.6,17.5,18.7
2026-07-13T08:51:41Z,0,0,0,3.8,0,0,24.3,852.2,25.4,24.8,51.5,976,8288,0,0.3,213,1.3,1.3,24.8,18.1,19.6
2026-07-13T09:07:09Z,0,0,0,1.1,0,0,22.8,852.2,23.8,23.5,52,454,2312,0,0,189,0.4,0.4,23.4,17,18.5
2026-07-13T09:22:17Z,0,0,0,3.8,0,0,23.9,851.9,24.1,24.1,49.8,961,8180,0,0.6,189,1.3,1.3,24,17.2,19
2026-07-13T09:37:54Z,0,0,0,3.7,0,0,25.5,851.6,25.8,26,45.8,946,7768,0,1.5,80,2.4,2.4,25.9,18.2,20.5
2026-07-13T09:53:45Z,0,0,0,3.8,0,0,24.8,851.4,25.4,25.8,47.1,966,8051,0,0.3,182,2.6,2.6,25.7,18.2,20.3
2026-07-13T10:09:31Z,0,0,0,0.9,0,0,23.4,851.2,24.1,24.1,50.7,435,1988,0,0,99,0,0,24,17.3,19
2026-07-13T10:24:39Z,0,0,0,1.2,0,0,24.4,850.8,24.7,24.5,48.5,489,2519,0,0,103,0,0,24.3,17.3,19.2
2026-07-13T10:39:47Z,0,0,0,3.3,0,0,25.1,850.7,25.2,25.7,44.8,881,7106,0,1.3,60,2,2,25.6,17.8,20.2
2026-07-13T10:55:26Z,0,0,0,3.2,0,0,26.5,850.3,26.6,27.1,44.6,845,6666,0,0.6,72,2.2,2.2,27.2,18.9,21.4
2026-07-13T11:10:34Z,0,0,0,3.2,0,0,27.2,850,27.8,28.1,41.6,844,6690,0,1.4,30,2.2,2.2,27.9,19.2,21.9
2026-07-13T11:25:42Z,0,0,0,3,0,0,27.9,849.7,27.9,28.3,42.2,823,6551,0,0.3,81,0.9,0.9,28.1,19.5,22.1
2026-07-13T11:40:50Z,0,0,0,0.8,0,0,26.4,849.6,26.9,27.1,43.1,399,1609,0,0.5,71,1.5,1.5,27.1,18.7,21.4
2026-07-13T11:55:58Z,0,0,0,2.5,0,0,25.5,849.4,25.4,26.3,43.3,731,5527,0,1.5,71,2,2,26.2,18,20.7
2026-07-13T12:11:23Z,0,0,0,2.3,0,0,26.6,849.1,26.9,27.5,43.8,678,4984,0,0,128,0.2,0.2,27.5,19.1,21.6
2026-07-13T12:26:31Z,0,0,0,0.8,0,0,25.8,849,26.2,26.5,44,411,1702,0,0.3,153,0.9,0.9,26.4,18.3,20.8
2026-07-13T12:41:38Z,0,0,0,1.9,0,0,25.4,849,25.6,26.1,44.1,609,4256,0,1.4,79,3.3,3.3,26.1,18,20.6
2026-07-13T12:56:46Z,0,0,0,1.7,0,0,26,848.8,26.4,26.9,42.3,578,3866,0,0.5,124,1.5,1.5,26.9,18.3,21.2
2026-07-13T13:12:32Z,0,0,0,1.5,0,0,26,848.7,26.4,27.1,41.9,535,3350,0,0.3,105,1.3,1.3,27.1,18.4,21.3
2026-07-13T13:28:17Z,0,0,0,1.2,0,0,26.3,848.8,26.8,27.3,41.5,487,2848,0,0.2,210,1.1,1.1,27.2,18.5,21.4
2026-07-13T13:43:31Z,0,0,0,0.6,0,0,25.6,848.7,26.1,26.7,42.2,363,1300,0,0.5,121,2.6,2.6,26.6,18.1,21
2026-07-13T13:58:39Z,0,0,0,1,0,0,24.7,848.7,25.1,25.5,44.8,437,2320,0,0.7,130,2.4,2.4,25.4,17.6,20
2026-07-13T14:13:47Z,0,0,0,0.6,0,0,24.8,848.9,25.4,25.8,44.9,374,1515,0,0.1,113,0.7,0.7,25.7,17.8,20.3
2026-07-13T14:28:55Z,0,0,0,0.3,0,0,24.2,849,24.6,24.9,45.5,317,813,0,0.9,82,2.4,2.4,24.8,17.2,19.6
2026-07-13T14:44:03Z,0,0,0,0.3,0,0,23.7,848.9,23.9,24.1,47.5,308,741,0,0.1,106,0.7,0.7,24,16.9,19
2026-07-13T14:59:25Z,0,0,0,0.2,0,0,23.3,849,23.5,23.7,48.1,286,480,0,0.4,103,1.3,1.3,23.5,16.6,18.6
2026-07-13T15:14:33Z,0,0,0,0.1,0,0,22.7,849.1,22.9,23,48.4,275,360,0,0,113,0,0,22.9,16.1,18
2026-07-13T15:29:40Z,0,0,0,0.1,0,0,22.2,849.3,22.3,22.5,49.8,267,290,0,0.5,158,1.1,1.1,22.3,15.9,17.6
2026-07-13T15:44:49Z,0,0,0,0,0,0,21.7,849.4,21.8,22,50.9,262,259,0,0.4,156,2.2,2.2,21.8,15.6,17.2
2026-07-13T16:00:34Z,0,0,0,0,0,0,21.3,849.5,21.4,21.6,51.4,261,253,0,0.2,112,0.7,0.7,21.4,15.3,16.8
2026-07-13T16:16:34Z,0,0,0,0,0,0,20.9,849.8,21.1,21.2,52.2,260,255,0,0.4,133,1.7,1.7,21,15.1,16.5
2026-07-13T16:31:41Z,0,0,0,0,0,0,20.6,849.8,20.8,20.9,53.3,260,253,0,0.5,176,1.1,1.1,20.7,15,16.2
2026-07-13T16:46:49Z,0,0,0,0,0,0,20.3,849.8,20.5,20.7,54.2,260,253,0,0.1,148,0.4,0.4,20.4,14.8,15.9
2026-07-13T17:01:57Z,0,0,0,0,0,0,19.9,849.9,20.1,20.2,55.1,260,254,0,0.1,171,0.9,0.9,20,14.6,15.6
2026-07-13T17:17:05Z,0,0,0,0,0,0,19.7,850.1,19.9,20,55,259,254,0,0.7,130,1.7,1.7,19.8,14.4,15.4
2026-07-13T17:32:36Z,0,0,0,0,0,0,19.7,850.2,19.9,20,54.8,261,253,0,0.4,93,1.7,1.7,19.8,14.3,15.3
2026-07-13T17:47:44Z,0,0,0,0,0,0,19.6,850.5,19.8,20,54.6,261,254,0,0.2,110,1.2,1.2,19.7,14.3,15.3
2026-07-13T18:03:41Z,0,0,0,0,0,0,19.5,850.6,19.7,19.9,55.1,259,254,0,0.1,165,0.5,0.5,19.6,14.3,15.2
2026-07-13T18:19:39Z,0,0,0,0,0,0,19.2,850.8,19.4,19.6,55.9,260,254,0,0,181,0,0,19.3,14.1,15
2026-07-13T18:34:46Z,0,0,0,0,0,0,19.1,850.9,19.2,19.4,57,260,254,0,0.1,182,0.4,0.4,19.2,14.1,14.8
2026-07-13T18:49:47Z,0,0,0,0,0,0,18.9,851,19.1,19.3,57.4,261,254,0,0.1,108,0.9,0.9,19,14,14.7
2026-07-13T19:04:55Z,0,0,0,0,0,0,18.6,851,18.8,19,58.3,260,254,0,0.1,96,0.7,0.7,18.7,13.9,14.4
2026-07-13T19:20:03Z,0,0,0,0,0,0,18.4,851.2,18.5,18.8,59.6,260,254,0,0,188,0.2,0.2,18.5,13.8,14.2
2026-07-13T19:35:11Z,0,0,0,0,0,0,18.3,851.4,18.5,18.6,60.4,260,253,0,0.3,97,1.3,1.3,18.4,13.8,14.1
2026-07-13T19:50:39Z,0,0,0,0,0,0,18.2,851.3,18.3,18.5,60.9,259,254,0,0.6,92,1.1,1.1,18.3,13.8,14
2026-07-13T20:05:47Z,0,0,0,0,0,0,17.9,851.4,18.1,18.3,62.1,259,252,0,0,94,0.2,0.2,18.1,13.8,13.8
2026-07-13T20:20:55Z,0,0,0,0,0,0,17.6,851.3,17.9,18,63,261,252,0,0.6,85,1.5,1.5,17.8,13.6,13.5
2026-07-13T20:36:02Z,0,0,0,0,0,0,17.4,851.3,17.6,17.8,64,261,253,0,0.3,143,0.7,0.7,17.5,13.5,13.3
2026-07-13T20:51:46Z,0,0,0,0,0,0,16.8,851.4,16.9,17.2,65.9,261,254,0,0,105,0.2,0.2,17,13.2,12.8
2026-07-13T21:06:54Z,0,0,0,0,0,0,16.5,851.5,16.6,16.9,67.2,260,253,0,0.3,102,1.7,1.7,16.6,13.1,12.4
2026-07-13T21:22:02Z,0,0,0,0,0,0,16.2,851.5,16.4,16.6,67.9,260,253,0,0,103,0,0,16.3,12.8,12.1
2026-07-13T21:37:10Z,0,0,0,0,0,0,15.9,851.5,16.2,16.2,68.7,261,253,0,0,103,0,0,16,12.6,11.8
2026-07-13T21:52:17Z,0,0,0,0,0,0,15.4,851.4,15.8,15.8,69.8,259,254,0,0.1,98,1.1,1.1,15.6,12.4,11.4
2026-07-13T22:07:45Z,0,0,0,0,0,0,15.3,851.4,15.6,15.7,69.8,259,253,0,0.1,104,1.1,1.1,15.4,12.2,11.2
2026-07-13T22:22:53Z,0,0,0,0,0,0,15.2,851.2,15.6,15.6,69.7,260,253,0,0.2,104,0.7,0.7,15.4,12.2,11.2
2026-07-13T22:38:00Z,0,0,0,0,0,0,15,851.1,15.4,15.4,70.9,261,253,0,0,104,0,0,15.2,12.1,11
2026-07-13T22:53:09Z,0,0,0,0,0,0,14.5,851,14.7,14.8,72.6,260,253,0,0,104,0,0,14.5,11.7,10.3
2026-07-13T23:08:16Z,0,0,0,0,0,0,13.9,850.8,14.1,14.2,75.3,260,253,0,0,104,0,0,14,11.5,9.7
2026-07-13T23:23:24Z,0,0,0,0,0,0,13.4,850.8,13.6,13.8,77.4,260,253,0,0,104,0,0,13.6,11.3,9.3
2026-07-13T23:38:50Z,0,0,0,0,0,0,13.1,850.9,13.4,13.6,79.8,261,253,0,0,328,0,0,13.3,11.4,9.1
2026-07-13T23:53:58Z,0,0,0,0,0,0,13,850.7,13.3,13.4,80,262,253,0,0,328,0,0,13.2,11.2,8.9
2026-07-14T00:00:02Z,0,0,0,0,0,0,12.9,850.8,13.2,13.4,80.6,260,254,0,0,329,0,0,13.1,11.2,8.9
2026-07-14T00:15:10Z,0,0,0,0,0,0,12.5,850.8,12.8,13,81.2,261,253,0,0,18,0.2,0.2,12.7,10.9,8.5
2026-07-14T00:30:18Z,0,0,0,0,0,0,12.3,850.8,12.6,12.8,81.6,261,253,0,0,22,0,0,12.5,10.8,8.3
2026-07-14T00:45:26Z,0,0,0,0,0,0,12.2,850.8,12.6,12.8,81.5,259,254,0,0,20,0,0,12.5,10.7,8.2
2026-07-14T01:00:49Z,0,0,0,0,0,0,12.1,850.9,12.4,12.5,82.6,260,253,0,0,20,0,0,12.3,10.6,8
2026-07-14T01:15:57Z,0,0,0,0,0,0,11.7,850.7,12,12.2,83.9,260,252,0,0,20,0,0,12,10.5,7.6
2026-07-14T01:31:05Z,0,0,0,0,0,0,11.4,850.9,11.7,11.9,84.7,259,252,0,0,20,0,0,11.6,10.3,7.3
2026-07-14T01:46:13Z,0,0,0,0,0,0,11.2,851,11.6,11.6,85.6,259,252,0,0,20,0,0,11.4,10.1,7
2026-07-14T02:01:21Z,0,0,0,0,0,0,11.1,851.1,11.4,11.7,85.8,260,254,0,0,20,0,0,11.4,10.1,7.1
2026-07-14T02:16:29Z,0,0,0,0,0,0,10.9,851.1,11.2,11.4,86.2,260,254,0,0,20,0,0,11.2,9.9,6.8
2026-07-14T02:31:53Z,0,0,0,0,0,0,10.9,851.1,11.2,11.4,86.8,260,254,0,0,20,0,0,11.2,10,6.8
2026-07-14T02:47:01Z,0,0,0,0,0,0,10.8,851.2,11.1,11.3,87.6,260,252,0,0,20,0,0,11,9.9,6.6
2026-07-14T03:02:10Z,0,0,0,0,0,0,10.6,851.4,10.9,11.1,88.5,260,253,0,0,20,0,0,10.8,9.8,6.4
2026-07-14T03:17:18Z,0,0,0,0,0,0,10.5,851.5,10.8,11,89,261,254,0,0,20,0,0,10.7,9.8,6.3
2026-07-14T03:32:27Z,0,0,0,0,0,0,10.3,851.6,10.6,10.8,89.7,261,276,0,0,20,0,0,10.6,9.7,6.1
2026-07-14T03:47:35Z,0,0,0,0.1,0,0,10.3,851.7,10.6,10.7,90.4,269,342,0,0,20,0,0,10.5,9.7,6
2026-07-14T04:02:57Z,0,0,0,0.1,0,0,10.4,851.8,10.8,10.8,90.9,278,443,0,0,20,0,0,10.6,9.8,6.2
2026-07-14T04:18:06Z,0,0,0,0.2,0,0,11.2,852.2,11.6,11.3,90.9,297,653,0,0,20,0,0,11.1,10.3,6.7
2026-07-14T04:33:14Z,0,0,0,0.2,0,0,12,852.2,12.4,12.2,88.6,304,714,0,0,20,0,0,12,10.9,7.7
2026-07-14T04:48:22Z,0,0,0,0.5,0,0,13.6,852.4,14,13.2,85,350,1336,0,0,20,0,0,13,11.6,8.8
2026-07-14T05:03:30Z,0,0,0,0.7,0,0,15.8,852.6,16.1,14.8,78,384,1715,0,0,65,0.2,0.2,14.6,12.3,10.4
2026-07-14T05:18:39Z,0,0,0,0.9,0,0,16.7,852.7,16.8,16.5,70.5,423,2153,0,0.5,109,1.3,1.3,16.3,13.1,12
2026-07-14T05:34:00Z,0,0,0,1.1,0,0,17.2,852.8,17.2,17.1,68,458,2552,0,0.3,131,0.9,0.9,16.8,13.3,12.6
2026-07-14T05:49:08Z,0,0,0,1.3,0,0,18.4,852.9,18.7,18.3,63.8,499,2974,0,0.4,92,1.1,1.1,18.1,14,13.8
2026-07-14T06:04:16Z,0,0,0,1.5,0,0,19.2,853.1,19.2,19.3,59.7,539,3420,0,0.9,74,1.5,1.5,19,14.3,14.7
2026-07-14T06:19:23Z,0,0,0,1.7,0,0,19,853.2,19.2,19.4,60.3,579,3857,0,0,109,0.2,0.2,19.1,14.5,14.8
2026-07-14T06:34:31Z,0,0,0,1.9,0,0,20.5,853.2,20.9,20.5,57.4,605,4159,0,0.3,117,1.1,1.1,20.3,15.1,15.8
2026-07-14T06:49:39Z,0,0,0,2.1,0,0,21,853.3,21.2,21.2,55.5,649,4620,0,0.3,94,1.3,1.3,21,15.5,16.5
2026-07-14T07:05:05Z,0,0,0,2.3,0,0,20.3,853.3,20.6,20.7,55.9,686,5015,0,0.3,87,1.3,1.3,20.5,15.1,16
2026-07-14T07:20:12Z,0,0,0,2.5,0,0,20,853.3,20.2,20.8,55.7,714,5335,0,0.7,59,1.3,1.3,20.5,15.1,16
2026-07-14T07:35:19Z,0,0,0,2.5,0,0,21.5,853,21.4,21.2,56.1,731,5539,0,0,104,0.4,0.4,21.1,15.6,16.5
2026-07-14T07:50:27Z,0,0,0,2.7,0,0,21.5,853,22,21.8,54,764,5859,0,0.3,105,1.1,1.1,21.6,15.8,17
2026-07-14T08:05:35Z,0,0,0,2.8,0,0,21.7,852.7,22.7,21.8,55.2,786,6131,0,0,258,0,0,21.7,16,17
2026-07-14T08:20:43Z,0,0,0,3,0,0,23.3,852.3,23.6,23.5,50.3,812,6364,0,0.3,15,1.1,1.1,23.3,16.7,18.4
2026-07-14T08:35:46Z,0,0,0,2.3,0,0,23.5,852.2,23.6,23.6,49.5,691,5215,0,0.5,77,1.5,1.5,23.4,16.7,18.5
2026-07-14T08:51:11Z,0,0,0,3.1,0,0,21.8,852.1,22.8,22.6,51.1,836,6659,0,1,163,1.7,1.7,22.4,16.1,17.7
2026-07-14T09:06:19Z,0,0,0,3.2,0,0,23.1,851.9,23.6,23.6,50.2,852,6803,0,0.6,59,2,2,23.4,16.8,18.5
2026-07-14T09:21:27Z,0,0,0,3.2,0,0,23.3,851.7,24.1,24,47.7,859,6863,0,0.8,197,1.3,1.3,23.9,16.8,18.8
2026-07-14T09:37:19Z,0,0,0,3.2,0,0,23.1,851.5,23.7,23.7,49.2,857,6835,0,1,154,2.4,2.4,23.5,16.7,18.6
2026-07-14T09:52:21Z,0,0,0,3.2,0,0,24.4,851.3,24.6,24.8,46.3,855,6804,0,0.9,34,2,2,24.7,17.3,19.5
2026-07-14T10:07:29Z,0,0,0,3.2,0,0,24.6,851.1,24.9,25.4,48.6,848,6724,0,0.1,104,1.1,1.1,25.3,18.1,20
2026-07-14T10:22:37Z,0,0,0,3.1,0,0,24.8,850.9,25.4,25.6,45.1,832,6559,0,0.7,104,1.7,1.7,25.5,17.7,20.2
2026-07-14T10:37:45Z,0,0,0,3,0,0,25.1,850.7,25.6,26.1,44.7,821,6444,0,0.3,110,1.1,1.1,26,18.1,20.6
2026-07-14T10:52:53Z,0,0,0,3,0,0,25.3,850.5,25.5,26.1,45.8,807,6267,0,0.4,51,1.7,1.7,26.1,18.3,20.6
2026-07-14T11:08:16Z,0,0,0,2.8,0,0,25.7,850.5,25.8,26.6,43.5,774,5950,0,1.4,83,3.5,3.5,26.5,18.3,21
2026-07-14T11:23:22Z,0,0,0,2.7,0,0,26,850.3,26.1,26.8,43.5,755,5716,0,1.4,91,2.8,2.8,26.9,18.5,21.2
2026-07-14T11:38:23Z,0,0,0,2.5,0,0,25.4,850.2,25.6,26.2,45.2,726,5400,0,0.6,175,3.5,3.5,26.1,18.3,20.6
2026-07-14T11:54:22Z,0,0,0,2.3,0,0,25.6,849.9,25.6,26.3,44.1,694,5044,0,0.6,71,1.1,1.1,26.2,18.2,20.7
2026-07-14T12:09:30Z,0,0,0,2.2,0,0,26.1,849.8,26.4,26.9,43.2,668,4727,0,0.1,140,0.7,0.7,26.9,18.5,21.2
2026-07-14T12:24:38Z,0,0,0,2,0,0,25.8,849.6,25.9,26.6,43.6,633,4355,0,0.9,74,1.7,1.7,26.5,18.3,21
2026-07-14T12:39:45Z,0,0,0,1.8,0,0,26,849.5,26.5,27,42.9,597,3959,0,0.3,120,1.3,1.3,27,18.5,21.3
2026-07-14T12:54:53Z,0,0,0,1.6,0,0,25.7,849.4,26,26.8,43.4,557,3549,0,0.9,82,2.5,2.5,26.9,18.5,21.2
2026-07-14T13:10:28Z,0,0,0,1.4,0,0,25.3,849.2,25.8,26.4,43.8,521,3148,0,0.6,66,2,2,26.3,18.2,20.8
2026-07-14T13:25:35Z,0,0,0,1.2,0,0,25.4,849.4,25.8,26.5,42.6,483,2754,0,1,69,2.4,2.4,26.5,18.1,20.9
2026-07-14T13:40:42Z,0,0,0,1,0,0,25.6,849.3,26.2,26.8,43,448,2351,0,0.1,160,0.7,0.7,26.9,18.4,21.2
2026-07-14T13:56:30Z,0,0,0,0.8,0,0,25.1,849.3,25.6,26.4,43.3,412,1954,0,0.6,153,1.5,1.5,26.3,18.1,20.8
2026-07-14T14:11:37Z,0,0,0,0.6,0,0,24.8,849.3,25.4,26,43.5,376,1560,0,0.3,78,1.5,1.5,25.9,17.8,20.5
2026-07-14T14:28:23Z,0,0,0,0.4,0,0,24.2,849.4,24.7,25.3,45.3,340,1162,0,0.3,140,1.5,1.5,25.2,17.5,19.9
2026-07-14T14:43:28Z,0,0,0,0.2,0,0,23.6,849.6,23.9,24.2,48.3,299,596,0,0.8,113,1.3,1.3,24,17,19
2026-07-14T14:58:35Z,0,0,0,0.2,0,0,23,849.8,23.2,23.4,50.5,289,507,0,0,120,0.2,0.2,23.3,16.7,18.4
2026-07-14T15:13:43Z,0,0,0,0.1,0,0,22.5,850,22.7,22.9,52,278,404,0,0.2,125,1,1,22.8,16.5,18
2026-07-14T15:28:51Z,0,0,0,0.1,0,0,22,849.9,22.2,22.4,53.6,269,312,0,0.3,128,1.1,1.1,22.2,16.3,17.5
2026-07-14T15:43:59Z,0,0,0,0,0,0,21.5,850,21.7,21.9,55.9,263,265,0,0,205,0.2,0.2,21.7,16.1,17.1
2026-07-14T15:59:23Z,0,0,0,0,0,0,21.1,850.1,21.2,21.4,57.4,259,254,0,0.7,118,2,2,21.3,15.9,16.7
2026-07-14T16:14:30Z,0,0,0,0,0,0,20.8,850.2,21,21.1,58.3,260,252,0,0.3,110,1.3,1.3,21,15.8,16.4
2026-07-14T16:29:38Z,0,0,0,0,0,0,20.5,850.3,20.6,20.8,59.5,259,253,0,0.8,108,2.6,2.6,20.7,15.7,16.1
2026-07-14T16:44:45Z,0,0,0,0,0,0,20.2,850.3,20.3,20.5,60.3,260,253,0,0,115,0,0,20.4,15.5,15.9
2026-07-14T16:59:53Z,0,0,0,0,0,0,19.9,850.4,20.1,20.3,60.7,261,254,0,0.6,101,1.7,1.7,20.1,15.3,15.6
2026-07-14T17:15:00Z,0,0,0,0,0,0,19.6,850.5,19.8,20,61.4,260,253,0,0,125,0.4,0.4,19.8,15.2,15.4
2026-07-14T17:30:27Z,0,0,0,0,0,0,19.4,850.8,19.6,19.8,62.6,260,253,0,0.4,117,1.5,1.5,19.6,15.1,15.2
2026-07-14T17:45:34Z,0,0,0,0,0,0,19,850.9,19.2,19.4,65,260,253,0,0.1,114,0.9,0.9,19.2,15.1,14.9
2026-07-14T18:00:42Z,0,0,0,0,0,0,18.7,851,18.9,19.1,66.7,260,254,0,0,116,0.4,0.4,18.9,15,14.6
2026-07-14T18:15:49Z,0,0,0,0,0,0,18.5,851.3,18.6,18.9,68.1,260,254,0,0,218,0.2,0.2,18.7,15,14.4
2026-07-14T18:30:56Z,0,0,0,0,0,0,18.1,851.4,18.2,18.5,69.6,260,254,0,0.1,187,0.4,0.4,18.4,14.8,14.1
2026-07-14T18:46:37Z,0,0,0,0,0,0,17.7,851.4,17.9,18.1,71.5,260,254,0,0.1,187,0.7,0.7,18,14.7,13.7
2026-07-14T19:01:37Z,0,0,0,0,0,0,17.4,851.6,17.5,17.8,73,258,253,0,0,186,0,0,17.6,14.6,13.4
2026-07-14T19:16:45Z,0,0,0,0,0,0,17.3,851.7,17.4,17.6,73.8,260,253,0,0.1,198,0.4,0.4,17.5,14.5,13.3
2026-07-14T19:31:52Z,0,0,0,0,0,0,17,851.8,17.1,17.4,75,261,254,0,0.1,94,0.4,0.4,17.2,14.4,13
2026-07-14T19:47:00Z,0,0,0,0,0,0,16.7,852,16.9,17.1,76,261,254,0,0,119,0,0,17,14.3,12.7
2026-07-14T20:02:07Z,0,0,0,0,0,0,16.4,852,16.6,16.8,77.1,260,253,0,0.1,80,0.4,0.4,16.7,14.1,12.5
2026-07-14T20:17:34Z,0,0,0,0,0,0,16.1,852.2,16.3,16.5,78.2,260,254,0,0,108,0,0,16.4,14,12.2
2026-07-14T20:32:42Z,0,0,0,0,0,0,16.2,852.3,16.4,16.6,78.5,260,253,0,0,100,0.2,0.2,16.4,14,12.2
2026-07-14T20:47:50Z,0,0,0,0,0,0,16.6,852.2,16.7,16.9,77.4,261,254,0,0.1,176,0.9,0.9,16.8,14.3,12.6
2026-07-14T21:02:58Z,0,0,0,0,0,0,16.6,852.2,16.8,17,77.2,259,254,0,0.3,176,0.9,0.9,16.9,14.3,12.7
2026-07-14T21:18:06Z,0,0,0,0,0,0,16.3,852.1,16.5,16.8,78.8,261,254,0,0,111,0,0,16.7,14.3,12.4
2026-07-14T21:33:14Z,0,0,0,0,0,0,16.2,852.1,16.4,16.6,80,259,253,0,0,111,0,0,16.5,14.3,12.3
2026-07-14T21:48:37Z,0,0,0,0,0,0,16.2,851.9,16.4,16.6,80.5,260,253,0,0,111,0.2,0.2,16.5,14.3,12.3
2026-07-14T22:03:45Z,0,0,0,0,0,0,16.2,851.8,16.4,16.6,80.8,261,253,0,0.2,111,0.7,0.7,16.5,14.4,12.3
2026-07-14T22:18:53Z,0,0,0,0,0,0,16.1,851.8,16.2,16.5,81.1,260,253,0,0.3,111,1.1,1.1,16.5,14.3,12.3
2026-07-14T22:34:01Z,0,0,0,0,0,0,16,851.7,16.2,16.5,81.6,261,253,0,0,111,0,0,16.4,14.3,12.2
2026-07-14T22:49:09Z,0,0,0,0,0,0,16,851.7,16.3,16.4,82.1,259,253,0,0,113,0,0,16.3,14.3,12.1
2026-07-14T23:04:17Z,0,0,0,0,0,0,15.9,851.5,16.2,16.4,82,260,254,0,0,113,0,0,16.3,14.3,12.1
2026-07-14T23:19:40Z,0,0,0,0,0,0,15.9,851.3,16.2,16.3,82.7,260,253,0,0.1,113,0.7,0.7,16.2,14.3,12
2026-07-14T23:34:47Z,0,0,0,0,0,0,15.8,851.2,16.1,16.1,83.2,259,253,0,0,112,0,0,16.1,14.2,11.9
2026-07-14T23:49:55Z,0,0,0,0,0,0,15.6,851.1,15.9,16,84,259,254,0,0,82,0.2,0.2,15.9,14.2,11.7
