ts,rg1,rg2,rg1tt,rg2tt,rg1tp,rg2tp,temp_bmx,press_bmx,temp_mcp,temp_sht,humidity_sht,si1145_vis,si1145_ir,si1145_uv,wind_spd,wind_dir,wind_gust,wind_gust_dir,heat_idx,wet_bulb_temp,wet_bulb_globe_temp
2025-12-14T00:00:31Z,0,0,7.8,0,7.4,0,16.1,849.1,16.3,16.5,92.6,261,254,0,0.1,62,0.2,0.2,16.5,15.6,12.3
2025-12-14T00:15:36Z,0,0,7.8,0,7.4,0,16.1,849.2,16.3,16.5,92.6,260,254,0,0.1,61,0.2,0.2,16.6,15.6,12.4
2025-12-14T00:30:41Z,0,0,7.8,0,7.4,0,16.1,849.2,16.2,16.5,92.6,260,253,0,0.1,48,0.4,0.4,16.6,15.7,12.4
2025-12-14T00:46:06Z,0.2,0,9.2,0,7.4,0,16.3,849.2,16.4,16.6,92.6,260,254,0,0,55,0,0,16.7,15.8,12.5
2025-12-14T01:01:11Z,0,0,9.4,0,7.4,0,16.3,849.4,16.4,16.7,92.8,261,253,0,0,55,0,0,16.8,15.9,12.6
2025-12-14T01:16:16Z,0,0,9.4,0,7.4,0,16.4,849.5,16.4,16.8,92.9,260,253,0,0.6,122,1.5,1.5,16.8,15.9,12.6
2025-12-14T01:31:21Z,0,0,9.4,0,7.4,0,15.9,849.7,16.1,16.3,91,259,253,0,0.9,183,2.6,2.6,16.4,15.3,12.1
2025-12-14T01:46:26Z,0.4,0,11,0,7.4,0,15.8,849.8,16.1,16.2,91.9,260,254,0,0.8,184,1.7,1.7,16.3,15.3,12.1
2025-12-14T02:01:31Z,0,0,14.6,0,7.4,0,15.9,849.8,16.1,16.3,93.1,260,253,0,0.3,186,0.7,0.7,16.3,15.5,12.1
2025-12-14T02:16:36Z,0,0,14.6,0,7.4,0,15.9,849.9,16.2,16.3,93.4,261,254,0,0.3,193,0.4,0.4,16.3,15.5,12.1
2025-12-14T02:32:28Z,0,0,14.8,0,7.4,0,15.6,850,15.9,16,93.5,261,253,0,0,208,0,0,16.1,15.2,11.9
2025-12-14T02:47:34Z,0,0,14.8,0,7.4,0,15.4,850.1,15.7,15.8,93.3,261,253,0,0.5,247,1.1,1.1,15.8,15,11.6
2025-12-14T03:02:39Z,0,0,14.8,0,7.4,0,15.4,850.1,15.8,15.9,93.3,261,254,0,0.1,247,0.4,0.4,15.9,15.1,11.7
2025-12-14T03:17:44Z,0,0,15,0,7.4,0,15.5,850.2,15.9,16,93.4,259,259,0,0.2,234,0.4,0.4,16,15.2,11.8
2025-12-14T03:32:49Z,0,0,15,0,7.4,0,15.5,850.4,15.9,16,93.3,263,280,0,0.6,249,1.1,1.1,16,15.2,11.8
2025-12-14T03:48:14Z,0,0,15,0.1,7.4,0,15.4,850.5,15.8,15.9,93,277,407,0,0.1,349,0.4,0.4,15.9,15.1,11.7
2025-12-14T04:03:19Z,0,0,15,0.2,7.4,0,15.4,850.6,15.8,15.9,93,297,618,0,0.6,349,0.9,0.9,15.9,15,11.7
2025-12-14T04:18:21Z,0,0,15,0.3,7.4,0,15.6,850.9,15.9,16,93,307,728,0,0,349,0.2,0.2,16.1,15.2,11.9
2025-12-14T04:34:21Z,0,0,15,0.2,7.4,0,15.7,851.2,16.1,16.2,92.9,298,645,0,0.2,349,0.4,0.4,16.2,15.3,12
2025-12-14T04:49:26Z,0,0,15,0.4,7.4,0,15.8,851.4,16.1,16.2,92.5,334,1009,0,0.5,349,1.1,1.1,16.3,15.3,12.1
2025-12-14T05:04:31Z,0,0,15,0.5,7.4,0,16,851.5,16.3,16.5,91.8,358,1283,0,0.2,11,0.4,0.4,16.5,15.5,12.3
2025-12-14T05:19:36Z,0,0,15,0.5,7.4,0,16.3,851.7,16.4,16.7,90.8,340,1093,0,0.2,10,0.4,0.4,16.7,15.6,12.5
2025-12-14T05:34:41Z,0.2,0,15.2,0.6,7.4,0,16.4,851.7,16.5,16.8,90.9,372,1434,0,0.2,349,0.4,0.4,16.9,15.7,12.6
2025-12-14T05:49:46Z,0,0,15.4,1,7.4,0,16.7,851.7,16.7,17,91.5,448,2217,0,0.3,349,0.7,0.7,17.1,16,12.9
2025-12-14T06:05:27Z,0,0,0,1.4,15.4,0,17.4,851.6,17.4,17.7,89.3,511,2862,0,0.2,349,0.7,0.7,17.8,16.5,13.6
2025-12-14T06:20:33Z,0,0,0,1.4,15.4,0,18.6,851.4,18.4,18.7,84.8,512,2838,0,0.3,349,0.7,0.7,18.8,16.9,14.5
2025-12-14T06:35:38Z,0,0,0,1.4,15.4,0,19,851.3,18.9,19.2,85.5,514,2864,0,0.3,61,0.9,0.9,19.3,17.5,15
2025-12-14T06:50:42Z,0,0,0,3.5,15.4,0,20.4,851.2,20.1,20.5,82,903,7044,0,0.3,68,1.1,1.1,20.6,18.2,16.1
2025-12-14T07:05:47Z,0,0,0,1.7,15.4,0,22.7,851.1,22.1,22.9,70.6,574,3480,0,1,70,1.7,1.7,23,19.1,18.2
2025-12-14T07:20:52Z,0,0,0,3,15.4,0,23.6,850.9,23.3,24,70.5,811,5967,0,0.5,130,1.3,1.3,24.1,20,19.1
2025-12-14T07:35:57Z,0,0,0,4.3,15.4,0,24.8,850.4,23.8,24.1,63,1066,8749,0,1.4,55,2.4,2.4,24.2,19.1,19.1
2025-12-14T07:51:33Z,0,0,0,2.9,15.4,0,22.4,850.4,22.2,23.2,66,796,5775,0,0.8,95,1.5,1.5,23.2,18.7,18.3
2025-12-14T08:07:31Z,0,0,0,3.5,15.4,0,22.1,850.2,22.1,22.8,68.7,912,6987,0,0.4,84,2.6,2.6,22.8,18.7,18
2025-12-14T08:22:36Z,0,0,0,2.7,15.4,0,24.9,849.9,24.6,25.4,60.2,764,5460,0,0.2,69,1.1,1.1,25.5,19.9,20.1
2025-12-14T08:38:29Z,0,0,0,4.4,15.4,0,23.9,849.9,23.8,24.8,57.2,1084,8866,0,1.6,82,3.3,3.3,24.8,18.9,19.6
2025-12-14T08:53:33Z,0,0,0,2.1,15.4,0,23.8,849.7,23.6,24.4,59,652,4271,0,0.7,47,1.7,1.7,24.4,18.9,19.3
2025-12-14T09:08:38Z,0,0,0,2.4,15.4,0,23.5,849.5,23.3,24.2,57.4,711,4905,0,0.6,84,1.1,1.1,24.2,18.4,19.1
2025-12-14T09:23:43Z,0,0,0,2.3,15.4,0,23.8,849.3,23.6,24.4,57.3,694,4742,0,0.3,91,1.7,1.7,24.4,18.6,19.3
2025-12-14T09:39:32Z,0,0,0,2.1,15.4,0,23.9,849,24.2,24.6,58,656,4277,0,0.3,144,1.1,1.1,24.7,18.9,19.5
2025-12-14T09:54:38Z,0,0,0,4.3,15.4,0,24.5,848.8,24.4,25.4,53.4,1062,8574,0,0.4,140,1.1,1.1,25.4,18.8,20
2025-12-14T10:09:43Z,0,0,0,4.1,15.4,0,25.7,848.5,25.7,26.9,48.4,1015,8036,0,1.3,86,2.6,2.6,27.2,19.4,21.5
2025-12-14T10:25:34Z,0,0,0,4.4,15.4,0,25.2,848.3,25.2,26.2,50.9,1072,8810,0,0.4,102,1.3,1.3,26.2,19.2,20.7
2025-12-14T10:40:38Z,0,0,0,3.9,15.4,0,25.8,848,25.9,26.9,49,992,7862,0,0.4,90,1.3,1.3,27.3,19.5,21.5
2025-12-14T10:55:43Z,0,0,0,3.8,15.4,0,26.3,847.8,26.2,27.4,48.9,962,7540,0,0.6,58,1.3,1.3,27.7,19.9,21.8
2025-12-14T11:10:48Z,0,0,0,3.7,15.4,0,26.9,847.4,26.7,27.9,45.9,943,7367,0,0.9,74,2,2,28,19.8,22
2025-12-14T11:25:52Z,0,0,0,3.5,15.4,0,26.6,847.2,26.9,27.6,46.2,913,7034,0,1,145,1.7,1.7,27.7,19.6,21.8
2025-12-14T11:40:57Z,0,0,0,3.5,15.4,0,27.7,847,27.9,28.9,45.8,905,6978,0,0.2,73,0.9,0.9,29.1,20.6,22.8
2025-12-14T11:56:02Z,0,0,0,3.3,15.4,0,26.1,846.8,26.6,27.4,48,878,6707,0,0.5,73,1.1,1.1,27.6,19.7,21.8
2025-12-14T12:11:40Z,0,0,0.2,3,15.4,0,26.7,846.6,26.9,28,47.2,817,6069,0,0.1,99,0.4,0.4,28.2,20.1,22.1
2025-12-14T12:27:28Z,0,0,0.2,3,15.4,0,27.9,846.6,28,29.2,44.5,822,6212,0,0.5,63,1.7,1.7,29.2,20.6,22.9
2025-12-14T12:42:33Z,0,0,0.2,1.3,15.4,0,26.4,846.7,26.3,27.4,47.2,504,2641,0,0.6,81,1.7,1.7,27.6,19.6,21.7
2025-12-14T12:57:40Z,0,0,0.2,2,15.4,0,26.5,846.7,26.9,27.8,46.7,635,4226,0,0.6,107,1.7,1.7,28,19.9,22
2025-12-14T13:12:45Z,0,0,0.2,0.7,15.4,0,25.9,846.8,26.1,27,49,393,1568,0,0.1,151,0.4,0.4,27.4,19.6,21.6
2025-12-14T13:27:50Z,0,0,0.2,0.3,15.4,0,24.7,846.6,24.9,25.5,52,317,729,0,0.5,139,1.5,1.5,25.5,18.7,20.1
2025-12-14T13:43:43Z,0,0,0.2,1.7,15.4,0,25.2,846.6,25.5,26.3,51.2,570,3664,0,0.2,75,0.7,0.7,26.3,19.3,20.8
2025-12-14T14:00:32Z,0,0,0.2,0.5,15.4,0,24.7,846.6,25.2,25.7,54,357,1213,0,0.5,163,2,2,25.7,19.2,20.3
2025-12-14T14:15:37Z,0,0,0.2,0.4,15.4,0,23,846.8,23.2,23.5,60.9,340,1062,0,0.6,176,2,2,23.6,18.3,18.6
2025-12-14T14:30:37Z,0,0,0.2,0.2,15.4,0,22.3,847,22.5,22.8,62.9,295,532,0,0.7,190,1.3,1.3,22.7,17.9,17.9
2025-12-14T14:45:43Z,0,0,0.2,0.2,15.4,0,22.2,847,22.3,22.6,63.5,298,566,0,0.2,100,0.7,0.7,22.5,17.8,17.8
2025-12-14T15:01:38Z,0,0,0.2,0.2,15.4,0,22.1,847,22.2,22.4,62.1,285,456,0,0.6,146,1.5,1.5,22.4,17.5,17.6
2025-12-14T15:16:39Z,0,0,0.2,0.1,15.4,0,21.8,847.1,21.9,22.1,63.5,273,366,0,0.2,138,1.3,1.3,22.1,17.4,17.4
2025-12-14T15:31:50Z,0,0,0.2,0,15.4,0,21.4,847.2,21.6,21.8,65,261,271,0,0.5,115,1.3,1.3,21.7,17.3,17.1
2025-12-14T15:47:04Z,0,0,0.2,0,15.4,0,21.1,847.4,21.3,21.5,65.8,260,254,0,0.5,67,1.1,1.1,21.4,17.1,16.8
2025-12-14T16:02:08Z,0,0,0.2,0,15.4,0,20.8,847.8,21,21.1,68.5,261,254,0,0,102,0.2,0.2,21.1,17.2,16.5
2025-12-14T16:17:43Z,0,0,0.2,0,15.4,0,20.5,847.8,20.7,20.8,70.8,261,253,0,0,96,0,0,20.8,17.2,16.3
2025-12-14T16:32:48Z,0,0,0.2,0,15.4,0,20.1,848.1,20.3,20.5,72.4,259,254,0,0,109,0,0,20.5,17,16
2025-12-14T16:48:24Z,0,0,0.2,0,15.4,0,20.1,848.2,20.3,20.4,73.2,259,253,0,0,54,0,0,20.4,17,15.9
2025-12-14T17:03:40Z,0,0,0.2,0,15.4,0,20.3,848.6,20.5,20.6,73.4,259,253,0,0.1,100,0.4,0.4,20.6,17.3,16.1
2025-12-14T17:18:48Z,0,0,0.2,0,15.4,0,19.9,848.7,20.1,20.3,76.4,260,253,0,0.7,78,2.2,2.2,20.3,17.4,15.9
2025-12-14T17:33:52Z,0,0,0.2,0,15.4,0,19.6,848.8,19.8,20,78.7,261,254,0,0.3,74,1.7,1.7,20,17.4,15.6
2025-12-14T17:48:58Z,0,0,0.2,0,15.4,0,19.4,848.9,19.5,19.7,79.4,259,254,0,0.5,113,1.1,1.1,19.8,17.2,15.4
2025-12-14T18:04:46Z,0,0,0.2,0,15.4,0,19.2,849.2,19.4,19.6,79.7,261,255,0,0.6,63,1.3,1.3,19.6,17.1,15.2
2025-12-14T18:19:50Z,0,0,0.2,0,15.4,0,19.3,849.2,19.5,19.7,79.8,260,253,0,0.1,109,0.4,0.4,19.7,17.2,15.3
2025-12-14T18:34:56Z,0,0,0.2,0,15.4,0,19.3,849.3,19.4,19.6,79.6,260,253,0,0.1,134,0.4,0.4,19.7,17.1,15.3
2025-12-14T18:50:01Z,0,0,0.2,0,15.4,0,19.2,849.5,19.4,19.6,79.7,259,253,0,0,99,0,0,19.6,17.1,15.2
2025-12-14T19:05:59Z,0,0,0.2,0,15.4,0,19.2,849.3,19.4,19.5,80.2,260,254,0,0,112,0,0,19.6,17.1,15.2
2025-12-14T19:21:24Z,0,0,0.2,0,15.4,0,19.1,849.2,19.2,19.5,80.2,262,254,0,0.1,112,0.2,0.2,19.6,17.1,15.2
2025-12-14T19:36:29Z,0,0,0.2,0,15.4,0,19,849.3,19.1,19.3,81.1,260,253,0,0,112,0,0,19.4,17,15
2025-12-14T19:51:34Z,0,0,0.2,0,15.4,0,18.9,849.1,19,19.2,82.4,260,253,0,0,112,0,0,19.3,17.1,14.9
2025-12-14T20:06:39Z,0,0,0.2,0,15.4,0,18.6,849.1,18.7,18.9,82.9,262,253,0,0,112,0,0,19,16.8,14.6
2025-12-14T20:21:44Z,0,0,0.2,0,15.4,0,18.1,849.1,18.2,18.5,84.5,261,253,0,0,112,0,0,18.5,16.6,14.2
2025-12-14T20:36:49Z,0,0,0.2,0,15.4,0,17.8,849.2,17.9,18.1,86,260,253,0,0,112,0,0,18.2,16.4,13.9
2025-12-14T20:51:54Z,0,0,0.2,0,15.4,0,17.6,849.1,17.8,17.9,86.8,259,253,0,0,112,0.2,0.2,18,16.4,13.7
2025-12-14T21:07:00Z,0,0,0.2,0,15.4,0,17.6,849.1,17.8,17.9,87.5,260,254,0,0.1,112,0.2,0.2,17.9,16.4,13.7
2025-12-14T21:22:05Z,0,0,0.2,0,15.4,0,17.6,848.9,17.8,17.9,87.8,260,253,0,0,112,0.2,0.2,18,16.5,13.7
2025-12-14T21:37:30Z,0,0,0.2,0,15.4,0,17.8,848.8,17.9,18.1,87.7,261,254,0,0,112,0,0,18.2,16.7,13.9
2025-12-14T21:52:34Z,0,0,0.2,0,15.4,0,17.8,848.5,18,18.2,86.9,257,253,0,0.1,112,0.2,0.2,18.3,16.6,14
2025-12-14T22:07:39Z,0,0,0.2,0,15.4,0,17.6,848.5,17.8,18,87.7,260,255,0,0,112,0,0,18,16.5,13.8
2025-12-14T22:22:44Z,0,0,0.2,0,15.4,0,17.5,848.2,17.7,17.9,87.9,260,253,0,0.1,112,0.4,0.4,17.9,16.4,13.7
2025-12-14T22:37:49Z,0,0,0.2,0,15.4,0,17.4,848.1,17.6,17.8,87.4,259,254,0,0,112,0,0,17.8,16.3,13.6
2025-12-14T22:52:54Z,0,0,0.2,0,15.4,0,17.3,848.2,17.4,17.6,87.8,258,252,0,0.1,112,0.4,0.4,17.7,16.2,13.4
2025-12-14T23:07:59Z,0,0,0.2,0,15.4,0,17.3,848.1,17.4,17.7,88,260,253,0,0,112,0.2,0.2,17.7,16.2,13.5
2025-12-14T23:23:04Z,0,0,0.2,0,15.4,0,17.4,847.9,17.6,17.8,87.8,260,252,0,0,112,0,0,17.9,16.3,13.6
2025-12-14T23:38:09Z,0,0,0.2,0,15.4,0,17.4,847.8,17.5,17.7,87.4,259,254,0,0,112,0,0,17.8,16.2,13.5
2025-12-14T23:53:39Z,0,0,0.2,0,15.4,0,17.3,847.9,17.4,17.6,88.5,261,253,0,0,112,0,0,17.7,16.2,13.4
2025-12-15T00:00:41Z,0,0,0.2,0,15.4,0,17.3,847.9,17.4,17.6,88.2,261,253,0,0,112,0,0,17.7,16.2,13.4
2025-12-15T00:15:46Z,0,0,0.2,0,15.4,0,17.3,847.9,17.5,17.6,87.9,260,253,0,0.1,112,0.4,0.4,17.7,16.2,13.4
2025-12-15T00:30:51Z,0,0,0.2,0,15.4,0,17.5,848,17.6,17.8,88.3,261,253,0,0,112,0.2,0.2,17.8,16.4,13.6
2025-12-15T00:46:46Z,0,0,0.4,0,15.4,0,17.4,848,17.6,17.7,89.1,260,253,0,0,112,0.2,0.2,17.8,16.4,13.6
2025-12-15T01:01:51Z,0,0,0.4,0,15.4,0,17.4,848.1,17.5,17.7,90.3,261,254,0,0,139,0.2,0.2,17.8,16.6,13.5
2025-12-15T01:16:56Z,0,0,0.4,0,15.4,0,17.2,848.2,17.4,17.5,90.3,260,252,0,0,139,0,0,17.6,16.4,13.4
2025-12-15T01:32:00Z,0,0,0.4,0,15.4,0,17.2,848.3,17.3,17.5,90.6,260,255,0,0,139,0,0,17.6,16.4,13.4
2025-12-15T01:47:49Z,0,0,0.4,0,15.4,0,17.2,848.4,17.3,17.5,91,260,254,0,0.3,138,0.7,0.7,17.6,16.5,13.4
2025-12-15T02:02:54Z,0,0,0.4,0,15.4,0,17.3,848.4,17.4,17.6,91.3,259,253,0,0,139,0,0,17.7,16.6,13.4
2025-12-15T02:17:59Z,0,0,0.4,0,15.4,0,17.1,848.6,17.2,17.5,91.3,260,253,0,0.2,139,1.1,1.1,17.6,16.5,13.4
2025-12-15T02:33:03Z,0,0,0.4,0,15.4,0,17.1,848.8,17.2,17.4,91.4,260,254,0,0,139,0,0,17.5,16.4,13.3
2025-12-15T02:48:08Z,0,0,0.4,0,15.4,0,17,848.8,17.1,17.4,91.5,259,254,0,0,139,0,0,17.5,16.4,13.3
2025-12-15T03:03:13Z,0,0,0.4,0,15.4,0,17.1,848.9,17.2,17.4,91.7,259,253,0,0.3,138,0.7,0.7,17.5,16.4,13.3
2025-12-15T03:18:53Z,0,0,0.4,0,15.4,0,17.2,848.9,17.2,17.5,91.7,260,261,0,0,138,0,0,17.6,16.5,13.3
2025-12-15T03:34:53Z,0,0,0.4,0.1,15.4,0,17.2,849.1,17.4,17.5,91.8,267,310,0,0,138,0,0,17.7,16.6,13.4
2025-12-15T03:49:58Z,0,0,0.4,0.1,15.4,0,17.2,849.2,17.3,17.5,91.7,269,325,0,0.2,138,0.6,0.6,17.7,16.6,13.4
2025-12-15T04:05:03Z,0,0,0.4,0.1,15.4,0,17.3,849.5,17.4,17.6,91.7,270,354,0,0.1,138,0.7,0.7,17.7,16.6,13.5
2025-12-15T04:20:08Z,0,0,0.6,0.1,15.4,0,17.4,849.7,17.4,17.8,91.8,281,480,0,0.7,138,1.1,1.1,17.9,16.8,13.6
2025-12-15T04:35:13Z,0,0,1.6,0.2,15.4,0,17.5,849.9,17.6,17.8,92.1,293,608,0,0,138,0,0,18,16.9,13.7
2025-12-15T04:50:17Z,0,0,1.6,0.2,15.4,0,17.5,850,17.6,17.8,92.1,304,720,0,0.9,111,1.8,1.8,17.9,16.9,13.7
2025-12-15T05:05:22Z,0,0,1.6,0.3,15.4,0,17.5,850.1,17.6,17.8,92,314,823,0,0.4,110,0.9,0.9,18,16.9,13.7
2025-12-15T05:21:12Z,0,0,1.6,0.4,15.4,0,17.6,850.2,17.7,17.9,91.1,328,958,0,0.4,60,1.3,1.3,18,16.8,13.7
2025-12-15T05:36:17Z,0,0,1.6,0.3,15.4,0,17.6,850.4,17.7,17.9,89,318,838,0,0.4,79,0.9,0.9,18,16.6,13.7
2025-12-15T05:51:54Z,0,0,1.6,0.5,15.4,0,17.7,850.4,17.9,18.2,88.8,356,1269,0,0.2,98,0.7,0.7,18.3,16.8,14
2025-12-15T06:06:59Z,0,0,0,1,1.6,0,18.4,850.4,18.5,18.8,85.4,449,2183,0,0.5,100,1.1,1.1,18.9,17,14.5
2025-12-15T06:22:11Z,0,0,0,2.7,1.6,0,19.6,850.3,19.5,20,81,768,5817,0,0.7,78,1.5,1.5,20.1,17.7,15.6
2025-12-15T06:38:08Z,0,0,0,2.8,1.6,0,20.7,850.1,20.5,21,77.6,772,5835,0,0.1,88,0.7,0.7,21.1,18.2,16.5
2025-12-15T06:53:13Z,0,0,0,1.1,1.6,0,21.5,849.8,21.2,21.9,71.3,471,2471,0,0.3,53,1.1,1.1,22,18.3,17.3
2025-12-15T07:09:00Z,0,0,0,3.2,1.6,0,23.2,849.6,23.2,23.4,64.2,861,6714,0,0.5,127,1.5,1.5,23.5,18.7,18.5
2025-12-15T07:24:05Z,0,0,0,1.3,1.6,0,22.3,849.5,22.1,22.8,65.9,503,2825,0,0.3,93,1.3,1.3,22.8,18.3,18
2025-12-15T07:39:05Z,0,0,0,0.9,1.6,0,22.6,849.4,22.4,22.8,67.4,430,1988,0,0.1,137,0.4,0.4,22.9,18.6,18
2025-12-15T07:54:11Z,0,0,0,1.4,1.6,0,22.9,849.2,22.6,23,63.5,517,2843,0,0.8,71,2.6,2.6,23,18.2,18.2
2025-12-15T08:09:17Z,0,0,0.2,4,1.6,0,23.4,849.1,23.4,23.9,59.6,1008,8226,0,0.3,130,0.9,0.9,23.9,18.4,18.9
2025-12-15T08:24:22Z,0,0,0.2,4.6,1.6,0,24,848.9,24.1,24.6,57.4,1117,9412,0,0.4,103,2,2,24.6,18.8,19.4
2025-12-15T08:39:27Z,0,0,0.2,3,1.6,0,24.3,848.7,24.1,24.8,52.6,809,5936,0,0.5,74,1.4,1.4,24.7,18.2,19.5
2025-12-15T08:54:33Z,0,0,0.2,4,1.6,0,24.7,848.4,24.8,25.4,50.1,1000,8077,0,0.7,103,2.4,2.4,25.3,18.3,20
2025-12-15T09:10:09Z,0,0,0.2,0.9,1.6,0,25.6,848.2,25.6,26.1,50.1,423,1748,0,0.5,132,1.3,1.3,26.1,19,20.6
2025-12-15T09:25:15Z,0,0,0.2,0.9,1.6,0,24.8,848.1,24.8,25.6,48.7,431,1887,0,0.4,77,1.7,1.7,25.6,18.3,20.2
2025-12-15T09:40:25Z,0,0,0.2,3.9,1.6,0,25.1,847.9,25,25.8,48.8,984,7845,0,0.7,79,2,2,25.8,18.5,20.4
2025-12-15T09:56:07Z,0,0,0.2,1.8,1.6,0,26.8,847.6,26.6,27.2,45.9,601,3576,0,1.2,37,1.7,1.7,27.4,19.2,21.6
2025-12-15T10:11:13Z,0,0,0.2,4.5,1.6,0,26.1,847.3,26.1,26.8,46.6,1095,9057,0,0.1,124,0.4,0.4,27,19,21.3
2025-12-15T10:26:17Z,0,0,0.2,4.3,1.6,0,26,847.1,25.8,27,44.3,1054,8650,0,1.5,83,3.9,3.9,27.1,18.8,21.4
2025-12-15T10:41:43Z,0,0,0.2,4.2,1.6,0,26.1,847,26.1,27.2,48.7,1032,8400,0,0.6,120,2.6,2.6,27.5,19.7,21.7
2025-12-15T10:57:02Z,0,0,0.2,4.1,1.6,0,26,846.6,26.1,27.1,44.7,1021,8262,0,2,73,5.2,5.2,27.2,18.9,21.4
2025-12-15T11:12:07Z,0,0,0.2,3.9,1.6,0,25.9,846.5,25.8,27.2,44.4,991,8010,0,0.5,96,1.7,1.7,27.2,18.9,21.5
2025-12-15T11:27:15Z,0,0,0.2,1.3,1.6,0,26.8,846.4,26.8,28.1,43.8,497,2583,0,1.4,99,3.1,3.1,28,19.6,22
2025-12-15T11:43:10Z,0,0,0.2,3.6,1.6,0,26.2,846.1,26.5,27.3,44.4,923,7275,0,0.8,144,2.2,2.2,27.3,19,21.5
2025-12-15T11:58:15Z,0,0,0.2,0.7,1.6,0,26.9,846,26.8,27.8,42.6,391,1518,0,1.7,59,3.5,3.5,27.7,19.1,21.8
2025-12-15T12:13:20Z,0,0,0.2,3.2,1.6,0,26.2,845.9,26.3,27.3,44.7,844,6523,0,1,80,2.6,2.6,27.4,19.1,21.6
2025-12-15T12:29:16Z,0,0,0.2,2.8,1.6,0,26,845.9,26.1,27,44,778,5791,0,0.8,62,1.7,1.7,27.1,18.7,21.3
2025-12-15T12:44:20Z,0,0,0.2,2.4,1.6,0,26.9,845.8,27,28.3,41.7,697,4997,0,0.8,102,3.1,3.1,28.1,19.4,22.1
2025-12-15T12:59:25Z,0,0,0.2,2.4,1.6,0,27.3,845.7,27.5,28.6,42.6,711,5122,0,0.9,60,2,2,28.5,19.8,22.4
2025-12-15T13:15:14Z,0,0,0.2,1.8,1.6,0,27,845.7,27.4,28.4,42.5,594,3782,0,0.3,121,0.7,0.7,28.2,19.6,22.2
2025-12-15T13:30:14Z,0,0,0.2,1.5,1.6,0,27.6,845.6,28.1,29.2,41.7,533,3168,0,0.2,61,0.7,0.7,29,20.1,22.7
2025-12-15T13:45:19Z,0,0,0.2,1.3,1.6,0,26.6,845.7,26.8,28.1,41.6,494,2774,0,1.3,74,2.8,2.8,27.9,19.2,21.9
2025-12-15T14:00:24Z,0,0,0.2,1.1,1.6,0,26.5,845.7,26.6,27.9,44,454,2345,0,0.6,64,2,2,27.9,19.5,21.9
2025-12-15T14:16:17Z,0,0,0.2,0.8,1.6,0,25.2,845.8,25.2,26.4,46.1,411,1891,0,1.2,83,2.8,2.8,26.3,18.6,20.8
2025-12-15T14:31:47Z,0,0,0.2,0.3,1.6,0,24.6,845.9,24.6,25.1,48.6,308,635,0,0.6,99,2.6,2.6,25.1,17.9,19.8
2025-12-15T14:47:14Z,0,0,0.2,0.3,1.6,0,24.1,845.9,24.2,24.4,50.2,306,661,0,0.3,71,1.3,1.3,24.3,17.5,19.2
2025-12-15T15:02:19Z,0,0,0.2,0.2,1.6,0,23.7,846,23.9,24.1,51.5,295,607,0,0,93,0.2,0.2,24,17.4,19
2025-12-15T15:17:35Z,0,0,0.2,0.1,1.6,0,23.4,846.1,23.5,23.7,52.6,273,376,0,0.4,67,1.1,1.1,23.6,17.3,18.7
2025-12-15T15:32:39Z,0,0,0.2,0,1.6,0,22.8,846.2,23,23.2,53.7,262,272,0,0.2,68,0.7,0.7,23.1,17,18.2
2025-12-15T15:47:44Z,0,0,0.2,0,1.6,0,22.3,846.3,22.4,22.6,56.7,261,254,0,0.1,68,0.7,0.7,22.6,16.9,17.8
2025-12-15T16:02:49Z,0,0,0.2,0,1.6,0,21.7,846.4,21.8,22.1,59.2,260,254,0,0,68,0,0,22,16.7,17.3
2025-12-15T16:17:54Z,0,0,0.2,0,1.6,0,21.3,846.5,21.4,21.6,61,261,252,0,0,68,0,0,21.5,16.6,16.9
2025-12-15T16:33:17Z,0,0,0.2,0,1.6,0,20.8,846.7,20.9,21.1,63.7,262,253,0,0,68,0,0,21,16.5,16.5
2025-12-15T16:48:22Z,0,0,0.2,0,1.6,0,20.3,847,20.4,20.6,66.1,260,253,0,0.1,68,0.4,0.4,20.5,16.3,16
2025-12-15T17:03:27Z,0,0,0.2,0,1.6,0,20,847.2,20.2,20.4,67,260,254,0,0,68,0,0,20.3,16.2,15.8
2025-12-15T17:19:25Z,0,0,0.2,0,1.6,0,19.7,847.5,19.8,19.9,71.1,260,254,0,0,68,0,0,19.9,16.3,15.4
2025-12-15T17:34:30Z,0,0,0.2,0,1.6,0,19.1,847.6,19.2,19.3,73.2,260,254,0,0,68,0,0,19.3,16.1,14.9
2025-12-15T17:49:35Z,0,0,0.2,0,1.6,0,18.8,847.8,19,19.1,75.2,260,253,0,0,68,0,0,19.1,16.1,14.7
2025-12-15T18:04:40Z,0,0,0.2,0,1.6,0,18.7,848,18.9,19.1,74.9,260,254,0,0,68,0,0,19,16,14.7
2025-12-15T18:19:46Z,0,0,0.2,0,1.6,0,18.7,848,19,19.2,74,261,254,0,0,68,0.2,0.2,19.1,16,14.8
2025-12-15T18:35:13Z,0,0,0.2,0,1.6,0,18.9,847.9,19.1,19.3,73.9,261,253,0,0.1,68,0.4,0.4,19.3,16.1,14.9
2025-12-15T18:50:19Z,0,0,0.2,0,1.6,0,18.8,848.1,18.9,19.1,75.9,260,254,0,0,68,0.2,0.2,19.1,16.1,14.7
2025-12-15T19:05:20Z,0,0,0.2,0,1.6,0,18.6,848.2,18.8,19,77.1,260,254,0,0.1,68,0.2,0.2,19,16.2,14.6
2025-12-15T19:20:24Z,0,0,0.2,0,1.6,0,18.5,848.3,18.8,18.9,76.4,260,253,0,0,68,0.2,0.2,18.9,16.1,14.6
2025-12-15T19:35:26Z,0,0,0.2,0,1.6,0,18.5,848.3,18.6,18.9,78.5,262,254,0,0,68,0,0,18.9,16.3,14.5
2025-12-15T19:50:31Z,0,0,0.2,0,1.6,0,18.5,848.4,18.6,18.9,77.8,261,253,0,0,68,0.2,0.2,18.8,16.2,14.5
2025-12-15T20:06:02Z,0,0,0.2,0,1.6,0,18.3,848.4,18.4,18.7,78.8,260,253,0,0,68,0.2,0.2,18.6,16.1,14.3
2025-12-15T20:21:10Z,0,0,0.2,0,1.6,0,18.2,848.4,18.4,18.6,79.5,260,253,0,0,68,0.2,0.2,18.6,16.1,14.2
2025-12-15T20:36:16Z,0,0,0.2,0,1.6,0,17.9,848.4,18,18.2,81.3,260,253,0,0,68,0,0,18.2,15.9,13.9
2025-12-15T20:51:48Z,0,0,0.2,0,1.6,0,17.5,848.3,17.6,17.8,83.3,260,254,0,0,68,0,0,17.8,15.8,13.5
2025-12-15T21:06:54Z,0,0,0.2,0,1.6,0,17.3,848.1,17.4,17.6,84.3,259,253,0,0,68,0.2,0.2,17.6,15.7,13.4
2025-12-15T21:22:18Z,0,0,0.2,0,1.6,0,17.1,848,17.2,17.5,85.4,261,252,0,0,68,0.2,0.2,17.5,15.8,13.3
2025-12-15T21:37:57Z,0,0,0.2,0,1.6,0,16.8,848,17,17.2,86.1,260,254,0,0,68,0,0,17.2,15.5,13
2025-12-15T21:53:18Z,0,0,0.2,0,1.6,0,16.7,847.8,16.7,17,87.8,261,254,0,0.2,68,0.4,0.4,17,15.6,12.8
2025-12-15T22:08:28Z,0,0,0.2,0,1.6,0,16.6,847.7,16.8,17,87.6,260,254,0,0.2,68,0.7,0.7,17,15.5,12.8
2025-12-15T22:23:59Z,0,0,0.2,0,1.6,0,16.5,847.5,16.6,16.9,88.4,261,252,0,0,68,0,0,16.9,15.5,12.7
2025-12-15T22:39:29Z,0,0,0.2,0,1.6,0,16.4,847.3,16.6,16.7,88.8,261,253,0,0.1,68,0.4,0.4,16.8,15.4,12.5
2025-12-15T22:55:03Z,0,0,0.2,0,1.6,0,16.4,847.2,16.7,16.9,88.3,260,252,0,0.1,68,0.2,0.2,16.9,15.5,12.7
2025-12-15T23:10:23Z,0,0,0.2,0,1.6,0,16.6,847.1,16.8,17,88.2,261,253,0,0,68,0,0,17,15.6,12.8
2025-12-15T23:26:50Z,0,0,0.2,0,1.6,0,16.9,847,17,17.2,87.7,261,254,0,0,68,0,0,17.2,15.7,13
2025-12-15T23:41:55Z,0,0,0.2,0,1.6,0,17.1,847,17.3,17.4,87.1,260,253,0,0,68,0,0,17.4,15.9,13.2
2025-12-15T23:57:35Z,0,0,0.2,0,1.6,0,17.5,847.1,17.6,17.8,85.4,260,253,0,0,68,0.2,0.2,17.8,16.1,13.6
2025-12-16T00:00:36Z,0,0,0.2,0,1.6,0,17.5,847.1,17.6,17.9,85.1,259,253,0,0,68,0.4,0.4,17.9,16.1,13.6
2025-12-16T00:15:41Z,0,0,0.2,0,1.6,0,17.6,847,17.8,17.9,85.2,260,254,0,0.1,68,0.7,0.7,18,16.2,13.7
2025-12-16T00:30:46Z,0,0,0.2,0,1.6,0,17.4,847.1,17.6,17.8,85.9,260,254,0,0,68,0.2,0.2,17.8,16.1,13.6
2025-12-16T00:45:51Z,0,0,0.2,0,1.6,0,17.3,847.3,17.4,17.6,86.6,260,254,0,0,68,0,0,17.7,16,13.4
2025-12-16T01:00:56Z,0,0,0.2,0,1.6,0,17.2,847.2,17.2,17.5,87.3,262,253,0,0,68,0,0,17.5,16,13.3
2025-12-16T01:16:01Z,0,0,0.2,0,1.6,0,16.9,847.2,17.1,17.3,88,260,253,0,0,68,0,0,17.3,15.8,13.1
2025-12-16T01:31:06Z,0,0,0.2,0,1.6,0,16.9,847.5,17,17.3,89.1,261,254,0,0,68,0,0,17.3,16,13.1
2025-12-16T01:46:31Z,0,0,0.2,0,1.6,0,17,847.5,17.1,17.4,89.4,260,253,0,0,68,0,0,17.5,16.1,13.2
2025-12-16T02:01:34Z,0,0,0.2,0,1.6,0,17.2,847.4,17.4,17.5,89.1,259,253,0,0.2,68,0.7,0.7,17.6,16.2,13.4
2025-12-16T02:16:39Z,0,0,0.2,0,1.6,0,17.3,847.6,17.5,17.6,88.7,261,254,0,0,68,0.2,0.2,17.7,16.3,13.4
2025-12-16T02:32:04Z,0,0,0.2,0,1.6,0,17.3,847.5,17.4,17.6,88.9,260,254,0,0,68,0,0,17.7,16.3,13.4
2025-12-16T02:47:27Z,0,0,0.2,0,1.6,0,17.2,847.6,17.2,17.5,89.1,262,254,0,0.1,68,0.4,0.4,17.6,16.2,13.3
2025-12-16T03:04:01Z,0,0,0.2,0,1.6,0,17.2,847.7,17.3,17.5,89.9,259,253,0,0,68,0.2,0.2,17.6,16.3,13.3
2025-12-16T03:19:05Z,0,0,0.2,0,1.6,0,17.1,847.8,17.2,17.5,90,262,264,0,0,68,0,0,17.5,16.3,13.3
2025-12-16T03:34:47Z,0,0,0.2,0.1,1.6,0,17.2,847.9,17.2,17.5,90.3,269,334,0,0,68,0,0,17.6,16.4,13.4
2025-12-16T03:49:52Z,0,0,0.2,0.1,1.6,0,17.3,848.1,17.4,17.6,90.3,277,409,0,0.1,68,0.4,0.4,17.7,16.5,13.5
2025-12-16T04:04:57Z,0,0,0.2,0.2,1.6,0,17.5,848.2,17.6,17.8,89.9,284,491,0,0,68,0.2,0.2,17.9,16.6,13.6
2025-12-16T04:20:02Z,0,0,0.2,0.3,1.6,0,17.7,848.5,17.8,18,88.9,305,738,0,0.9,68,1.7,1.7,18.1,16.7,13.8
2025-12-16T04:35:07Z,0,0,0.2,0.4,1.6,0,17.9,848.6,18,18.3,87.6,334,1057,0,0.2,68,0.4,0.4,18.4,16.8,14.1
2025-12-16T04:50:52Z,0,0,0.2,0.4,1.6,0,18.3,848.7,18.3,18.6,85.8,325,821,0,0.9,68,1.3,1.3,18.7,16.9,14.4
2025-12-16T05:05:53Z,0,0,0.2,0.7,1.6,0,18.7,848.8,18.7,18.9,86,386,1467,0,0,68,0,0,19,17.2,14.6
2025-12-16T05:20:58Z,0,0,0.2,0.4,1.6,0,19.6,848.8,19.2,19.6,81.3,340,985,0,0.2,68,0.9,0.9,19.6,17.3,15.2
2025-12-16T05:36:02Z,0,0,0.2,0.9,1.6,0,20.1,848.8,20,20.1,80.1,425,1977,0,0,68,0.2,0.2,20.2,17.7,15.7
2025-12-16T05:51:45Z,0,0,0.2,1.4,1.6,0,22.7,848.9,22.2,22.2,72.6,510,2977,0,0.4,67,0.9,0.9,22.3,18.7,17.5
2025-12-16T06:06:50Z,0,0,0,2.2,0.2,0,25.1,848.7,23.8,24,65.1,664,4791,0,0.1,68,0.4,0.4,24,19.3,19
2025-12-16T06:21:55Z,0,0,0,0.7,0.2,0,22.4,848.7,21.9,22.7,64.9,394,1692,0,0.6,67,0.9,0.9,22.7,18.1,17.9
2025-12-16T06:37:00Z,0,0,0,0.8,0.2,0,21.7,848.5,21.5,22.3,64.8,408,1674,0,0.1,68,0.4,0.4,22.3,17.7,17.5
2025-12-16T06:52:04Z,0,0,0,3.1,0.2,0,23.6,848.4,23.1,24,59.5,836,6425,0,0.2,68,1,1,24,18.6,19
2025-12-16T07:07:09Z,0,0,0,3.3,0.2,0,24.5,848.3,24.8,25,55.9,882,6842,0,0.5,67,1.1,1.1,25,18.9,19.7
2025-12-16T07:22:49Z,0,0,0,3.8,0.2,0,24.9,848.2,25.5,25.3,55.1,974,7888,0,0.3,68,1.3,1.3,25.3,19,20
2025-12-16T07:37:54Z,0,0,0,1.7,0.2,0,24.1,848.3,24.8,24.7,55.3,578,3447,0,0.2,69,1.3,1.3,24.6,18.5,19.5
2025-12-16T07:52:59Z,0,0,0,0.9,0.2,0,22.6,848.1,23.3,23.2,58.9,430,1921,0,1.1,69,1.7,1.7,23.1,17.7,18.2
2025-12-16T08:08:04Z,0,0,0,4.1,0.2,0,23.4,847.9,23.9,23.9,57.8,1029,8484,0,0.4,69,0.9,0.9,23.9,18.2,18.8
2025-12-16T08:23:09Z,0,0,0,4.4,0.2,0,25.1,847.7,25.5,25.7,50.7,1078,8833,0,0.9,68,2,2,25.7,18.7,20.3
2025-12-16T08:38:14Z,0,0,0,1.1,0.2,0,26.2,847.5,26.2,26.5,51.3,458,2210,0,0.7,158,2.2,2.2,26.5,19.5,20.9
2025-12-16T08:53:18Z,0,0,0,1.3,0.2,0,25.2,847.4,24.8,25.6,52.2,493,2528,0,0.5,70,1.1,1.1,25.6,18.9,20.2
2025-12-16T09:08:24Z,0,0,0,4.3,0.2,0,24.4,847.1,24.4,25,50.9,1065,8931,0,0.8,57,1.5,1.5,24.9,18.1,19.7
2025-12-16T09:23:50Z,0,0,0,4.5,0.2,0,24.6,847,24.6,25.2,52.9,1099,9184,0,1.1,67,1.7,1.7,25.1,18.6,19.9
2025-12-16T09:38:56Z,0,0,0,4.6,0.2,0,25.5,846.9,25.4,26.4,50.7,1117,9393,0,0.2,98,0.7,0.7,26.4,19.3,20.8
2025-12-16T09:54:00Z,0,0,0,4.8,0.2,0,26.3,846.7,26.8,27.2,46.7,1158,9728,0,1.2,95,2.4,2.4,27.4,19.3,21.6
2025-12-16T10:09:09Z,0,0,0,1,0.2,0,25.8,846.5,25.8,26.6,47.9,444,1993,0,0.7,144,2,2,26.5,19,20.9
2025-12-16T10:25:08Z,0,0,0,4.2,0.2,0,27.1,846.1,27.1,27.9,45.6,1040,8404,0,1.3,63,3.3,3.3,28,19.8,22
2025-12-16T10:40:17Z,0,0,0,1.5,0.2,0,27.2,845.9,27.1,28.2,45.9,534,2971,0,1,55,2.6,2.6,28.3,20,22.2
2025-12-16T10:56:03Z,0,0,0,1.5,0.2,0,25.1,845.8,25.1,25.9,47.7,544,3182,0,1.1,84,2,2,25.8,18.4,20.4
2025-12-16T11:12:00Z,0,0,0,2.8,0.2,0,25.5,845.5,25.4,26.2,46.1,787,5655,0,1.6,75,2.6,2.6,26.1,18.4,20.6
2025-12-16T11:27:05Z,0,0,0,2.6,0.2,0,27.5,845.3,27.8,28.3,44.8,740,5198,0,0.5,115,1.1,1.1,28.4,20,22.3
2025-12-16T11:42:14Z,0,0,0,1.4,0.2,0,26.8,845.1,27.1,27.5,45,514,2880,0,0.1,75,0.4,0.4,27.6,19.3,21.7
2025-12-16T11:57:20Z,0,0,0,1,0.2,0,26.6,844.9,26.6,27.5,43.5,447,2222,0,0.4,88,2.8,2.8,27.4,19,21.6
2025-12-16T12:12:58Z,0,0,0,1.2,0.2,0,26,844.9,26.2,26.7,44.7,487,2635,0,0.2,101,1.2,1.2,26.6,18.6,21
2025-12-16T12:28:03Z,0,0,0,1.8,0.2,0,25.6,844.9,25.8,26.2,45.8,584,3604,0,0.5,100,1.1,1.1,26.2,18.4,20.7
2025-12-16T12:43:08Z,0,0,0,2.8,0.2,0,26.9,844.8,27.2,27.7,42.8,776,5760,0,0.3,70,0.9,0.9,27.6,19.1,21.7
2025-12-16T12:59:01Z,0,0,0,2.7,0.2,0,27.1,844.8,27.1,28.3,43.6,752,5547,0,0.8,92,2.2,2.2,28.2,19.7,22.2
2025-12-16T13:14:07Z,0,0,0,2.4,0.2,0,25.5,844.9,25.9,26.3,47.5,706,5164,0,0.5,106,1.5,1.5,26.3,18.7,20.7
2025-12-16T13:29:11Z,0,0,0,1,0.2,0,25,845,25.3,25.7,49.5,439,2117,0,0.4,71,3.1,3.1,25.6,18.5,20.3
2025-12-16T13:44:16Z,0,0,0,1,0.2,0,25.5,845.3,25.7,26.5,47.4,442,2156,0,0.7,85,2.4,2.4,26.5,18.9,20.9
2025-12-16T13:59:21Z,0,0,0,1.5,0.2,0,25.5,845.2,25.8,26.5,46.9,542,3422,0,0.8,82,3.1,3.1,26.5,18.8,20.9
2025-12-16T14:14:26Z,0,0,0,0.6,0.2,0,25.3,845.4,25.6,26.4,47.9,374,1502,0,0.7,93,2.2,2.2,26.4,18.9,20.8
2025-12-16T14:29:31Z,0,0,0,0.4,0.2,0,24.6,845.4,24.6,25.2,50,341,1101,0,1.2,74,2.8,2.8,25.1,18.2,19.9
2025-12-16T14:44:57Z,0,0,0,0.3,0.2,0,24,845.8,24.1,24.5,51,305,714,0,0.2,85,1.1,1.1,24.4,17.7,19.3
2025-12-16T15:00:02Z,0,0,0,0.2,0.2,0,23.4,845.8,23.6,23.9,51.4,284,471,0,0.3,88,0.7,0.7,23.7,17.2,18.8
2025-12-16T15:15:06Z,0,0,0,0.1,0.2,0,22.9,845.9,23.1,23.3,54.3,273,383,0,0,88,0,0,23.2,17.2,18.3
2025-12-16T15:30:11Z,0,0,0,0,0.2,0,22.4,846.1,22.6,22.8,55.5,264,280,0,0,88,0,0,22.7,16.9,17.9
2025-12-16T15:45:16Z,0,0,0,0,0.2,0,21.9,846.3,22.1,22.3,58.8,261,255,0,0.1,88,0.7,0.7,22.2,16.9,17.5
2025-12-16T16:01:05Z,0,0,0,0,0.2,0,21.5,846.5,21.7,21.8,61.1,260,253,0,0,88,0,0,21.7,16.8,17.1
2025-12-16T16:16:11Z,0,0,0,0,0.2,0,21.1,846.6,21.2,21.4,63.9,261,254,0,0,88,0,0,21.3,16.8,16.7
2025-12-16T16:32:09Z,0,0,0,0,0.2,0,20.6,846.7,20.8,20.9,65.4,259,252,0,0,88,0,0,20.8,16.5,16.3
2025-12-16T16:47:15Z,0,0,0,0,0.2,0,20.3,847,20.4,20.6,67.5,260,254,0,0,88,0,0,20.5,16.5,16
2025-12-16T17:02:20Z,0,0,0,0,0.2,0,20.2,847.1,20.4,20.5,67.8,260,253,0,0.1,88,0.4,0.4,20.4,16.4,15.9
2025-12-16T17:18:08Z,0,0,0,0,0.2,0,20.2,847.3,20.4,20.5,69.1,260,253,0,0,88,0,0,20.5,16.6,16
2025-12-16T17:33:13Z,0,0,0,0,0.2,0,20.1,847.4,20.2,20.4,69.6,260,254,0,0,88,0.2,0.2,20.3,16.6,15.8
2025-12-16T17:49:01Z,0,0,0,0,0.2,0,20.1,847.5,20.2,20.4,69.5,259,254,0,0.2,88,0.7,0.7,20.3,16.6,15.9
2025-12-16T18:04:26Z,0,0,0,0,0.2,0,19.9,847.5,20,20.2,71.1,260,252,0,0.3,88,1.1,1.1,20.2,16.6,15.7
2025-12-16T18:19:31Z,0,0,0,0,0.2,0,19.6,847.7,19.8,19.9,72.5,261,253,0,0,88,0,0,19.9,16.5,15.4
2025-12-16T18:34:36Z,0,0,0,0,0.2,0,19.3,847.6,19.4,19.6,74,261,253,0,0,88,0,0,19.5,16.4,15.1
2025-12-16T18:49:40Z,0,0,0,0,0.2,0,18.9,847.7,19,19.2,76.5,260,254,0,0,88,0,0,19.1,16.3,14.8
2025-12-16T19:04:45Z,0,0,0,0,0.2,0,18.5,847.8,18.5,18.7,79.1,259,253,0,0,88,0,0,18.7,16.2,14.4
2025-12-16T19:19:55Z,0,0,0,0,0.2,0,18,847.8,18.1,18.4,80.6,259,254,0,0,88,0,0,18.4,16,14.1
2025-12-16T19:35:32Z,0,0,0,0,0.2,0,17.9,847.9,18.1,18.3,80.7,260,254,0,0,88,0,0,18.3,16,14
2025-12-16T19:51:06Z,0,0,0,0,0.2,0,17.9,847.7,18.1,18.3,80.3,260,253,0,0,88,0.2,0.2,18.3,16,14
2025-12-16T20:06:30Z,0,0,0,0,0.2,0,17.7,847.7,17.9,18.1,82.3,259,253,0,0,88,0,0,18.1,15.9,13.8
2025-12-16T20:22:14Z,0,0,0,0,0.2,0,17.3,847.8,17.4,17.7,83.7,262,253,0,0,88,0.2,0.2,17.7,15.8,13.4
2025-12-16T20:38:10Z,0,0,0,0,0.2,0,17.3,847.8,17.6,17.7,83.8,260,253,0,0.1,88,0.4,0.4,17.7,15.8,13.5
2025-12-16T20:53:30Z,0,0,0,0,0.2,0,17.3,847.8,17.4,17.6,83.8,262,252,0,0.1,88,0.4,0.4,17.7,15.7,13.4
2025-12-16T21:08:36Z,0,0,0,0,0.2,0,17.1,847.8,17.2,17.5,83.9,261,253,0,0.3,88,0.7,0.7,17.5,15.6,13.2
2025-12-16T21:23:58Z,0,0,0,0,0.2,0,17.2,847.7,17.5,17.6,84,259,254,0,0,88,0,0,17.6,15.7,13.4
2025-12-16T21:39:54Z,0,0,0,0,0.2,0,17.3,847.6,17.5,17.7,83.9,260,254,0,0,88,0,0,17.7,15.8,13.4
2025-12-16T21:55:00Z,0,0,0,0,0.2,0,17.5,847.4,17.7,17.8,83.9,260,253,0,0,88,0,0,17.9,15.9,13.6
2025-12-16T22:10:05Z,0,0,0,0,0.2,0,17.7,847.2,17.9,18,83.4,261,253,0,0,88,0,0,18,16,13.7
2025-12-16T22:25:09Z,0,0,0,0,0.2,0,18,847,18.2,18.3,82.3,259,253,0,0,88,0,0,18.3,16.1,14
2025-12-16T22:40:14Z,0,0,0,0,0.2,0,18,846.8,18.2,18.4,81.7,260,253,0,0.1,88,0.4,0.4,18.4,16.2,14.1
2025-12-16T22:55:37Z,0,0,0,0,0.2,0,18,846.7,18.2,18.4,81.5,261,254,0,0.1,88,0.4,0.4,18.4,16.2,14.1
2025-12-16T23:10:42Z,0,0,0,0,0.2,0,17.8,846.6,17.9,18.2,82.4,260,253,0,0,88,0,0,18.2,16.1,13.9
2025-12-16T23:25:47Z,0,0,0,0,0.2,0,17.6,846.4,17.8,18,83.1,260,253,0,0,88,0,0,18,16,13.7
2025-12-16T23:40:51Z,0,0,0,0,0.2,0,17.4,846.3,17.5,17.7,84.8,260,254,0,0,88,0,0,17.7,15.9,13.4
2025-12-16T23:55:57Z,0,0,0,0,0.2,0,17.1,846.5,17.2,17.4,85.8,259,253,0,0,88,0,0,17.4,15.7,13.2
2025-12-17T00:00:58Z,0,0,0,0,0.2,0,17.1,846.5,17.2,17.4,86.1,260,253,0,0,88,0,0,17.4,15.7,13.2
2025-12-17T00:16:03Z,0,0,0,0,0.2,0,17,846.4,17.1,17.3,86.5,260,254,0,0,88,0.2,0.2,17.3,15.7,13.1
2025-12-17T00:31:08Z,0,0,0,0,0.2,0,17,846.5,17.1,17.3,87.1,259,253,0,0,88,0.2,0.2,17.4,15.8,13.1
2025-12-17T00:46:13Z,0,0,0,0,0.2,0,17,846.6,17.1,17.3,87.3,260,254,0,0,88,0,0,17.4,15.8,13.1
2025-12-17T01:01:18Z,0,0,0,0,0.2,0,17.1,846.6,17.2,17.4,87.5,260,254,0,0,88,0.2,0.2,17.4,15.9,13.2
2025-12-17T01:16:50Z,0,0,0,0,0.2,0,17.8,846.6,18,18,84.3,260,254,0,0.1,88,0.4,0.4,18.1,16.2,13.8
2025-12-17T01:31:55Z,0,0,0,0,0.2,0,18,846.6,18.2,18.4,82.7,262,253,0,0.1,88,0.4,0.4,18.4,16.3,14.1
2025-12-17T01:47:00Z,0,0,0,0,0.2,0,18,846.6,18.1,18.3,83,262,253,0,0,88,0,0,18.3,16.3,14
2025-12-17T02:02:05Z,0,0,0,0,0.2,0,17.8,846.9,18,18.2,83.4,260,254,0,0.1,88,0.4,0.4,18.2,16.2,13.9
2025-12-17T02:17:10Z,0,0,0,0,0.2,0,17.7,847.2,17.9,18.1,84.4,260,254,0,0.1,88,0.2,0.2,18.1,16.2,13.8
2025-12-17T02:32:15Z,0,0,0,0,0.2,0,17.7,847.4,17.9,18,85.2,260,253,0,0.3,88,1.3,1.3,18.1,16.3,13.8
2025-12-17T02:47:19Z,0,0,0,0,0.2,0,17.6,847.6,17.8,18,85.9,260,254,0,0,88,0.2,0.2,18,16.3,13.8
2025-12-17T03:02:43Z,0,0,0,0,0.2,0,17.6,847.7,17.7,18,87.2,260,255,0,0,88,0.2,0.2,18,16.4,13.7
2025-12-17T03:17:48Z,0,0,0,0,0.2,0,17.6,847.8,17.8,17.9,88,260,273,0,0,88,0.3,0.3,18,16.5,13.7
2025-12-17T03:32:53Z,0,0,0,0.1,0.2,0,17.5,847.9,17.6,17.9,88.2,266,304,0,0.2,88,0.4,0.4,18,16.5,13.7
2025-12-17T03:47:58Z,0,0,0,0.1,0.2,0,17.5,848.1,17.7,17.9,88.4,279,447,0,0.1,88,0.9,0.9,18,16.5,13.7
2025-12-17T04:03:03Z,0,0,0,0.1,0.2,0,17.5,848.4,17.6,17.9,88.6,281,456,0,0,88,0,0,18,16.5,13.7
2025-12-17T04:18:08Z,0,0,0,0.3,0.2,0,17.9,848.5,18,18.2,88,314,795,0,0.3,88,0.7,0.7,18.3,16.7,14
2025-12-17T04:33:13Z,0,0,0,0.2,0.2,0,18.1,848.8,18.2,18.5,86.3,298,635,0,0.3,88,1.1,1.1,18.6,16.9,14.3
2025-12-17T04:48:18Z,0,0,0,0.5,0.2,0,18.4,849,18.6,18.8,85.3,357,1271,0,0.7,88,1.5,1.5,18.9,17,14.5
2025-12-17T05:03:23Z,0,0,0,0.5,0.2,0,18.9,849.1,19,19.3,83,356,1227,0,1,88,2.2,2.2,19.3,17.2,15
2025-12-17T05:18:48Z,0,0,0,0.4,0.2,0,18.8,849.4,18.9,19.2,83.4,341,1085,0,0.3,88,0.9,0.9,19.3,17.2,14.9
2025-12-17T05:33:53Z,0,0,0,1.5,0.2,0,19.9,849.3,19.9,20.1,80.6,528,3134,0,0,88,0.2,0.2,20.2,17.7,15.7
2025-12-17T05:48:58Z,0,0,0,0.8,0.2,0,21.3,849.4,21,21.4,74.5,398,1640,0,0.8,88,1.7,1.7,21.4,18.1,16.8
2025-12-17T06:04:03Z,0,0,0,0.9,0,0,21.2,849.4,20.9,21.5,74,434,2067,0,0.6,88,2,2,21.5,18.2,16.9
2025-12-17T06:19:08Z,0,0,0,0.7,0,0,20.7,849.5,20.6,21,73.9,385,1467,0,0.9,88,2.2,2.2,21.1,17.7,16.5
2025-12-17T06:34:10Z,0,0,0,3.2,0,0,22.1,849.5,21.9,22.1,71.3,852,6781,0,0.7,88,1.7,1.7,22.1,18.4,17.4
2025-12-17T06:49:16Z,0,0,0,0.7,0,0,21.8,849.4,21.5,21.9,69.9,389,1590,0,0.6,88,1.7,1.7,21.9,18,17.3
2025-12-17T07:04:20Z,0,0,0,3.3,0,0,22.6,849.4,22.2,22.7,66.5,871,6724,0,1.5,88,2.6,2.6,22.8,18.3,17.9
2025-12-17T07:19:25Z,0,0,0,1.3,0,0,22.5,849.3,22.4,22.8,65.9,496,2669,0,0.2,88,0.7,0.7,22.8,18.3,18
2025-12-17T07:34:31Z,0,0,0,4,0,0,22.8,849.2,22.7,23.2,62.9,997,8156,0,0.4,88,1.7,1.7,23.2,18.3,18.3
2025-12-17T07:49:54Z,0,0,0,4.1,0,0,23.8,849,23.6,24.2,57.8,1024,8367,0,0.2,88,0.7,0.7,24.2,18.5,19.1
2025-12-17T08:04:59Z,0,0,0,4.1,0,0,25.3,848.9,25.1,25.9,53.4,1019,8196,0,0.1,92,0.9,0.9,25.9,19.3,20.5
2025-12-17T08:20:00Z,0,0,0,4.1,0,0,25,848.7,24.8,25.8,52.9,1027,8398,0,0.6,88,2,2,25.8,19.1,20.4
2025-12-17T08:35:05Z,0,0,0,2.8,0,0,24.8,848.7,24.7,25.7,52.7,777,5632,0,1.1,86,2.2,2.2,25.7,19,20.3
2025-12-17T08:50:43Z,0,0,0,4.2,0,0,25.3,848.5,25,25.8,52.3,1036,8393,0,0.9,87,2,2,25.8,19,20.4
2025-12-17T09:05:56Z,0,0,0,4.4,0,0,25.7,848.2,25.8,26.3,48.3,1087,9019,0,0.1,87,0.4,0.4,26.3,18.9,20.8
2025-12-17T09:21:01Z,0,0,0,4.7,0,0,26.8,847.9,26.8,27.6,47,1135,9487,0,0.6,87,1.7,1.7,27.8,19.7,21.9
2025-12-17T09:36:06Z,0,0,0,3.7,0,0,27.5,847.8,27.4,28.1,45.7,948,7366,0,0.6,85,2.2,2.2,28.2,20,22.2
2025-12-17T09:51:10Z,0,0,0,4.5,0,0,26.4,847.5,25.9,26.7,45.5,1100,9241,0,0.8,20,1.7,1.7,26.6,18.7,21
2025-12-17T10:06:50Z,0,0,0,0.9,0,0,25.9,847.3,25.8,26.8,46.9,420,1815,0,1.1,70,2.6,2.6,27,19,21.3
2025-12-17T10:22:05Z,0,0,0,1.3,0,0,27.2,847,27.1,27.9,44.3,496,2602,0,0.1,80,0.4,0.4,27.9,19.5,21.9
2025-12-17T10:37:39Z,0,0,0,4,0,0,27.2,846.9,27.1,28.3,43,1010,8095,0,0.4,43,1.3,1.3,28.1,19.6,22.1
2025-12-17T10:53:08Z,0,0,0,4,0,0,28,846.5,27.9,29,41.5,996,7956,0,0.2,81,0.7,0.7,28.7,19.9,22.5
2025-12-17T11:08:13Z,0,0,0,3.8,0,0,27.9,846.3,27.8,29.2,40.2,972,7689,0,0.8,100,1.7,1.7,28.8,19.8,22.6
2025-12-17T11:23:18Z,0,0,0,3.8,0,0,27.5,846.1,27.2,28.7,41.8,962,7723,0,0.2,132,0.9,0.9,28.4,19.7,22.3
2025-12-17T11:38:23Z,0,0,0,2.4,0,0,27,846.1,27.1,28.1,42.5,701,4767,0,0.6,72,1.5,1.5,27.9,19.4,22
2025-12-17T11:53:27Z,0,0,0,3.2,0,0,28.6,845.8,28.7,29.6,39.8,851,6445,0,1,119,3.3,3.3,29.3,20.1,22.9
2025-12-17T12:08:46Z,0,0,0,2.9,0,0,28.8,845.6,28.6,29.9,38.3,793,5819,0,0.6,68,1.3,1.3,29.3,20,23
2025-12-17T12:24:27Z,0,0,0,2.7,0,0,28.6,845.4,28.4,30,35.6,757,5455,0,1.9,72,4.1,4.1,29.2,19.6,22.9
2025-12-17T12:39:44Z,0,0,0,2.4,0,0,28.5,845.5,28.8,30.1,38.2,709,4941,0,0.9,138,2.4,2.4,29.6,20.2,23.1
2025-12-17T12:55:16Z,0,0,0,2.2,0,0,27.8,845.5,27.8,29.2,37.8,675,4584,0,1.9,80,3.7,3.7,28.6,19.4,22.5
2025-12-17T13:10:20Z,0,0,0,1.8,0,0,28,845.4,28.2,29.2,38.4,601,3817,0,0.6,131,2,2,28.7,19.5,22.5
2025-12-17T13:25:25Z,0,0,0,1.6,0,0,28.7,845.5,29,30.2,37.6,551,3315,0,0.5,68,1.1,1.1,29.7,20.2,23.2
2025-12-17T13:41:17Z,0,0,0,1.4,0,0,28.4,845.4,28.3,29.9,36.2,517,2958,0,1.9,50,3.9,3.9,29.2,19.6,22.9
2025-12-17T13:56:22Z,0,0,0,1.1,0,0,27.8,845.4,27.9,29.6,39,463,2400,0,1.8,89,2.8,2.8,29.1,19.9,22.8
2025-12-17T14:11:23Z,0,0,0,0.8,0,0,27,845.3,27.1,28.5,40.1,412,1843,0,2,86,3.3,3.3,28.1,19.2,22.1
2025-12-17T14:26:35Z,0,0,0,0.2,0,0,26.2,845.5,26.2,27.2,41.9,298,528,0,1.5,78,2.6,2.6,27.1,18.5,21.4
2025-12-17T14:42:00Z,0,0,0,0.2,0,0,25.2,845.7,25.3,25.6,45.7,288,433,0,1.2,76,3.7,3.7,25.5,17.8,20.1
2025-12-17T14:57:11Z,0,0,0,0.2,0,0,24.7,846,24.8,25,48.7,285,439,0,0.8,65,1.7,1.7,24.9,17.8,19.7
2025-12-17T15:12:16Z,0,0,0,0.1,0,0,24.3,846.1,24.4,24.6,50.3,275,359,0,0.8,62,2.6,2.6,24.5,17.7,19.4
2025-12-17T15:27:21Z,0,0,0,0.1,0,0,23.9,846.5,24.1,24.2,52,266,290,0,0.8,74,2.4,2.4,24.1,17.6,19.1
2025-12-17T15:42:26Z,0,0,0,0,0,0,23.5,846.7,23.7,23.8,52.9,261,257,0,0.5,82,1.1,1.1,23.7,17.4,18.7
2025-12-17T15:57:32Z,0,0,0,0,0,0,23.2,846.9,23.4,23.5,53.6,260,253,0,0.3,75,1.3,1.3,23.4,17.2,18.5
2025-12-17T16:12:33Z,0,0,0,0,0,0,22.9,847.2,23,23.2,55,261,254,0,0.3,104,0.7,0.7,23.1,17.1,18.2
2025-12-17T16:27:38Z,0,0,0,0,0,0,22.4,847.5,22.6,22.7,56.8,260,254,0,0.1,89,0.2,0.2,22.6,17,17.8
2025-12-17T16:42:43Z,0,0,0,0,0,0,22.1,847.8,22.2,22.3,58.8,260,254,0,0.3,116,0.9,0.9,22.3,16.9,17.5
2025-12-17T16:57:48Z,0,0,0,0,0,0,21.7,848.1,21.8,22,60.6,260,254,0,0.2,67,0.7,0.7,21.9,16.9,17.2
2025-12-17T17:13:40Z,0,0,0,0,0,0,21.5,848.4,21.8,21.9,61.3,259,253,0,0.2,58,0.4,0.4,21.8,16.9,17.1
2025-12-17T17:29:01Z,0,0,0,0,0,0,21.2,848.7,21.4,21.5,62.9,261,252,0,0.2,76,0.4,0.4,21.5,16.8,16.8
2025-12-17T17:44:09Z,0,0,0,0,0,0,20.8,848.9,20.9,21.1,63.2,262,253,0,0.3,83,0.9,0.9,21,16.4,16.4
2025-12-17T17:59:19Z,0,0,0,0,0,0,20.5,849.1,20.6,20.8,64.4,260,254,0,0,67,0.2,0.2,20.7,16.3,16.2
2025-12-17T18:14:24Z,0,0,0,0,0,0,20.4,849,20.5,20.7,63.9,260,253,0,0,68,0.2,0.2,20.6,16.1,16.1
2025-12-17T18:30:18Z,0,0,0,0,0,0,20.1,849,20.2,20.4,64.8,259,253,0,0,70,0,0,20.3,16,15.8
2025-12-17T18:45:23Z,0,0,0,0,0,0,19.7,849.2,19.8,20,66.1,259,254,0,0.1,81,0.4,0.4,19.9,15.8,15.5
2025-12-17T19:01:12Z,0,0,0,0,0,0,19.4,849.3,19.6,19.7,67.6,260,254,0,0.2,83,0.4,0.4,19.6,15.7,15.2
2025-12-17T19:16:17Z,0,0,0,0,0,0,19.2,849.4,19.4,19.5,68,259,253,0,0.1,62,0.4,0.4,19.4,15.6,15.1
2025-12-17T19:32:14Z,0,0,0,0,0,0,19,849.5,19.2,19.4,68.4,261,253,0,0.2,61,0.4,0.4,19.3,15.5,14.9
2025-12-17T19:47:20Z,0,0,0,0,0,0,18.7,849.4,18.8,19.1,70,260,253,0,0.1,61,0.7,0.7,19,15.4,14.6
2025-12-17T20:02:25Z,0,0,0,0,0,0,18.6,849.2,18.7,18.9,72.1,260,254,0,0,61,0,0,18.8,15.5,14.5
2025-12-17T20:18:02Z,0,0,0,0,0,0,18.3,849.3,18.5,18.7,73,259,254,0,0,61,0,0,18.6,15.4,14.3
2025-12-17T20:33:51Z,0,0,0,0,0,0,18.6,849.2,18.8,18.9,72.6,260,253,0,0,124,0,0,18.9,15.6,14.5
2025-12-17T20:50:17Z,0,0,0,0,0,0,19.4,849.1,19.7,19.7,72.4,260,254,0,0.2,126,2.4,2.4,19.7,16.3,15.3
2025-12-17T21:05:22Z,0,0,0,0,0,0,20,849,20.1,20.3,71.6,260,254,0,0.7,55,1.5,1.5,20.2,16.7,15.8
2025-12-17T21:20:27Z,0,0,0,0,0,0,20.1,849.2,20.2,20.4,71.5,260,254,0,0.7,83,1.5,1.5,20.4,16.8,15.9
2025-12-17T21:35:32Z,0,0,0,0,0,0,20,849.1,20.2,20.4,71.5,261,254,0,0.2,83,0.7,0.7,20.3,16.8,15.9
2025-12-17T21:50:55Z,0,0,0,0,0,0,19.8,848.9,19.9,20.1,72.2,261,254,0,0.1,97,0.4,0.4,20.1,16.7,15.6
2025-12-17T22:06:00Z,0,0,0,0,0,0,19.3,848.9,19.4,19.6,73.6,259,254,0,0,97,0,0,19.6,16.4,15.2
2025-12-17T22:21:05Z,0,0,0,0,0,0,19.1,848.9,19.4,19.5,74.7,262,253,0,0.3,91,1.1,1.1,19.5,16.4,15.1
2025-12-17T22:36:10Z,0,0,0,0,0,0,19.2,848.7,19.4,19.6,75.3,259,254,0,0.2,63,0.9,0.9,19.6,16.6,15.2
2025-12-17T22:51:14Z,0,0,0,0,0,0,19.1,848.5,19.2,19.5,76.2,260,254,0,0,63,0.2,0.2,19.5,16.6,15.1
2025-12-17T23:06:19Z,0,0,0,0,0,0,19,848.4,19.1,19.4,76.5,262,254,0,0,120,0,0,19.3,16.5,15
2025-12-17T23:21:24Z,0,0,0,0,0,0,18.9,848.3,19.1,19.3,77.9,260,253,0,0,120,0,0,19.3,16.6,14.9
2025-12-17T23:36:29Z,0,0,0,0,0,0,19,848.3,19.1,19.3,79.6,261,254,0,0,120,0.2,0.2,19.4,16.8,15
2025-12-17T23:51:34Z,0,0,0,0,0,0,18.9,848.4,19.1,19.3,82.3,260,254,0,0.3,146,1.3,1.3,19.3,17.1,15
2025-12-18T00:00:36Z,0,0,0,0,0,0,18.8,848.5,18.9,19.2,83.1,261,253,0,0.1,146,0.7,0.7,19.3,17.1,14.9
2025-12-18T00:15:41Z,0,0,0,0,0,0,18.6,848.6,18.8,19,84.4,260,252,0,0.1,146,0.9,0.9,19,17.1,14.7
2025-12-18T00:31:05Z,0,0,0,0,0,0,18.4,848.8,18.6,18.8,85.3,260,254,0,0.1,146,0.2,0.2,18.9,17,14.5
2025-12-18T00:46:10Z,0,0,0,0,0,0,18.3,848.9,18.5,18.7,86,261,253,0,0,146,0,0,18.8,17,14.5
2025-12-18T01:01:15Z,0,0,0,0,0,0,18.3,849,18.4,18.7,86.7,260,253,0,0.3,146,1.1,1.1,18.8,17.1,14.5
2025-12-18T01:16:19Z,0,0,0,0,0,0,18.3,849,18.4,18.6,87.3,261,252,0,0,146,0.2,0.2,18.7,17.1,14.4
2025-12-18T01:31:24Z,0,0,0,0,0,0,18.2,849,18.3,18.6,87.6,259,255,0,0,146,0,0,18.7,17.1,14.3
2025-12-18T01:46:29Z,0,0,0,0,0,0,18,849.1,18.1,18.4,88.3,260,253,0,0.3,146,0.7,0.7,18.4,16.9,14.1
2025-12-18T02:01:34Z,0,0,0,0,0,0,17.7,849.4,17.8,18.1,88.8,260,253,0,0.1,146,0.2,0.2,18.2,16.7,13.9
2025-12-18T02:17:24Z,0,0,0,0,0,0,17.5,849.6,17.6,17.8,89.3,261,253,0,0,146,0,0,17.9,16.5,13.6
2025-12-18T02:32:30Z,0,0,0,0,0,0,17.5,849.6,17.6,17.9,90.3,260,254,0,0.5,145,0.9,0.9,18,16.7,13.7
2025-12-18T02:47:35Z,0,0,0,0,0,0,17.5,849.7,17.7,17.9,90.4,261,254,0,0.1,146,0.4,0.4,18,16.7,13.7
2025-12-18T03:02:40Z,0,0,0,0,0,0,17.4,849.9,17.6,17.7,90.4,260,254,0,0.1,146,0.4,0.4,17.8,16.6,13.6
2025-12-18T03:17:49Z,0,0,0,0,0,0,17.4,849.9,17.5,17.7,90.6,261,263,0,0,146,0.2,0.2,17.8,16.6,13.6
2025-12-18T03:33:36Z,0,0,0,0.1,0,0,17.4,850,17.6,17.7,90.5,267,294,0,0.1,146,0.2,0.2,17.8,16.6,13.6
2025-12-18T03:48:42Z,0,0,0,0.1,0,0,17.5,850.2,17.6,17.8,90.4,271,322,0,0.7,146,1.7,1.7,17.9,16.6,13.6
2025-12-18T04:03:47Z,0,0,0,0.1,0,0,17.6,850.3,17.8,18,89.9,279,414,0,0.5,146,1.1,1.1,18.1,16.7,13.8
2025-12-18T04:18:52Z,0,0,0,0.3,0,0,17.8,850.5,17.9,18.1,89.1,309,746,0,0.9,146,1.7,1.7,18.2,16.8,13.9
2025-12-18T04:33:56Z,0,0,0,0.4,0,0,18.3,850.7,18.4,18.6,86.6,328,907,0,0.6,146,1.1,1.1,18.7,16.9,14.3
2025-12-18T04:49:01Z,0,0,0,0.8,0,0,19,850.7,19,19.1,85.1,405,1801,0,0.1,146,0.4,0.4,19.2,17.3,14.9
2025-12-18T05:04:25Z,0,0,0,1,0,0,19.9,850.8,19.8,20,80.3,448,2223,0,0.8,80,1.5,1.5,20.1,17.6,15.6
2025-12-18T05:19:29Z,0,0,0,1.7,0,0,21,850.9,20.8,21,77,570,3639,0,0,113,0.2,0.2,21.1,18.1,16.5
2025-12-18T05:34:34Z,0,0,0,2,0,0,23,850.8,22.9,22.7,71,637,4385,0,0.2,138,0.9,0.9,22.7,18.9,17.9
2025-12-18T05:49:39Z,0,0,0,0.8,0,0,21.3,850.9,21.5,21.8,70.8,406,1748,0,0.8,145,1.5,1.5,21.9,18.1,17.2
2025-12-18T06:04:43Z,0,0,0,0.9,0,0,20.3,851,20.4,20.9,75,427,2021,0,0.6,86,1.3,1.3,21,17.8,16.4
2025-12-18T06:19:48Z,0,0,0,3.1,0,0,21.5,850.9,21.4,21.8,70.3,836,6528,0,0.7,65,1.3,1.3,21.9,18,17.2
2025-12-18T06:34:53Z,0,0,0,1,0,0,24.8,850.9,24.8,25.1,58.7,438,2049,0,0.3,127,1.1,1.1,25.1,19.4,19.8
2025-12-18T06:49:58Z,0,0,0,3.5,0,0,24.5,850.9,24.5,24.8,60.7,900,7092,0,0.1,202,0.4,0.4,24.9,19.4,19.7
2025-12-18T07:05:04Z,0,0,0,3.3,0,0,22.5,850.8,22.4,23.1,64.5,871,6740,0,0.9,63,2,2,23.1,18.4,18.2
2025-12-18T07:20:29Z,0,0,0,1.4,0,0,23.3,850.6,23.3,23.9,60.7,524,2842,0,1.1,95,3.5,3.5,23.9,18.6,18.9
2025-12-18T07:35:34Z,0,0,0,2,0,0,24.2,850.5,24.4,24.8,58.1,625,3909,0,0.7,92,2,2,24.8,19,19.6
2025-12-18T07:50:51Z,0,0,0,0.9,0,0,23.1,850.3,23,23.7,61.4,419,1916,0,0.9,37,2.6,2.6,23.7,18.6,18.8
2025-12-18T08:05:56Z,0,0,0,1.3,0,0,23.5,850.2,23.4,23.9,62,493,2706,0,0.3,50,0.7,0.7,23.9,18.7,18.9
2025-12-18T08:21:01Z,0,0,0,4.5,0,0,25.3,850.1,25.4,25.8,56,1105,9103,0,0.4,74,2.2,2.2,25.9,19.6,20.4
2025-12-18T08:36:06Z,0,0,0,0.7,0,0,25.4,849.9,25.2,26,54.7,383,1601,0,1,66,1.7,1.7,26.1,19.6,20.6
2025-12-18T08:51:11Z,0,0,0,0.7,0,0,23.5,849.8,23.3,23.7,62.3,385,1453,0,0.8,46,2,2,23.7,18.6,18.7
2025-12-18T09:06:33Z,0,0,0,4.5,0,0,23.9,849.6,23.8,24.1,61,1091,9020,0,0.8,60,1.7,1.7,24.2,18.9,19.1
2025-12-18T09:21:38Z,0,0,0,4.7,0,0,23.7,849.5,23.6,24.2,60.6,1142,9639,0,0.4,108,0.9,0.9,24.2,18.8,19.1
2025-12-18T09:36:43Z,0,0,0,5.1,0,0,26.3,849.1,26.2,26.8,53.3,1209,10300,0,0.6,124,2,2,27.4,20.1,21.6
2025-12-18T09:51:48Z,0,0,0,4.6,0,0,24.6,849.1,24.6,25.5,55.2,1109,9324,0,1.3,72,3.7,3.7,25.5,19.2,20.2
2025-12-18T10:07:43Z,0,0,0,4.3,0,0,26,848.7,25.7,26.6,52.5,1062,8742,0,1.6,54,2.8,2.8,27.2,19.8,21.4
2025-12-18T10:22:51Z,0,0,0,4.1,0,0,25.9,848.5,25.9,27,50,1025,8224,0,0.5,101,1.3,1.3,27.4,19.7,21.6
2025-12-18T10:37:54Z,0,0,0,4.1,0,0,27.3,848.2,27.2,28.1,47.3,1029,8274,0,1.1,43,3.7,3.7,28.4,20.2,22.3
2025-12-18T10:53:52Z,0,0,0,3,0,0,26.7,848,26.6,27.6,46.1,826,6049,0,0.9,46,2,2,27.7,19.6,21.8
2025-12-18T11:08:57Z,0,0,0,3.8,0,0,27,847.7,26.9,28.1,43.9,967,7669,0,1.5,77,2.8,2.8,28,19.6,22
2025-12-18T11:24:46Z,0,0,0,1.5,0,0,26.9,847.5,26.8,28.1,44.5,528,2848,0,1.5,76,3.9,3.9,28.1,19.7,22.1
2025-12-18T11:39:52Z,0,0,0,3.4,0,0,27.3,847.3,27.3,28.4,44.8,892,6857,0,1.1,60,2.4,2.4,28.4,20,22.3
2025-12-18T11:54:57Z,0,0,0,3.1,0,0,27.5,847,27.4,28.8,42.3,835,6245,0,1.7,83,2.8,2.8,28.6,19.9,22.4
2025-12-18T12:10:01Z,0,0,0,2.9,0,0,27.7,846.8,27.6,28.9,43.6,797,5866,0,2.3,81,4.4,4.4,28.9,20.3,22.6
2025-12-18T12:25:45Z,0,0,0,2.7,0,0,27.6,846.8,27.6,28.9,43,751,5411,0,1.1,70,2.6,2.6,28.7,20.1,22.5
2025-12-18T12:40:48Z,0,0,0,2.5,0,0,27.5,846.6,27.4,29.1,42.5,721,5129,0,1,62,3.1,3.1,29,20.2,22.7
2025-12-18T12:55:54Z,0,0,0,2.1,0,0,27.7,846.5,28.1,29,41.8,657,4399,0,1.2,79,3.5,3.5,28.8,20,22.6
2025-12-18T13:10:59Z,0,0,0,1.9,0,0,27.8,846.7,27.8,29.1,41.1,604,3893,0,0.2,135,0.9,0.9,28.8,20,22.6
2025-12-18T13:26:54Z,0,0,0,1.5,0,0,26.8,846.8,26.9,28.1,43.8,546,3273,0,1,86,2.2,2.2,28.1,19.6,22.1
2025-12-18T13:42:05Z,0,0,0,1.3,0,0,27,846.9,27.1,28.4,42.6,506,2864,0,0.3,111,1.5,1.5,28.2,19.6,22.2
2025-12-18T13:57:53Z,0,0,0,1,0,0,26.5,846.9,26.5,27.7,44.2,439,2135,0,1.8,59,4.4,4.4,27.7,19.4,21.8
2025-12-18T14:13:50Z,0,0,0,0.4,0,0,26,846.8,26.1,27.1,45.8,328,801,0,0.3,152,1.5,1.5,27.3,19.1,21.5
2025-12-18T14:29:49Z,0,0,0,0.2,0,0,24.8,847,24.8,25.4,50.2,304,559,0,0.8,77,1.5,1.5,25.4,18.4,20.1
2025-12-18T14:44:53Z,0,0,0,0.2,0,0,24.3,847.1,24.3,24.6,51.7,296,492,0,1.5,78,4.4,4.4,24.5,17.9,19.4
2025-12-18T14:59:58Z,0,0,0,0.2,0,0,23.8,847.4,23.9,24.1,53.9,286,445,0,1,90,2.3,2.3,24,17.8,19
2025-12-18T15:15:03Z,0,0,0,0.1,0,0,23.3,847.4,23.5,23.6,55.4,277,373,0,0.6,63,1.7,1.7,23.6,17.6,18.6
2025-12-18T15:30:16Z,0,0,0,0,0,0,22.9,847.6,23.1,23.2,56.2,265,286,0,1.1,67,2.4,2.4,23.2,17.4,18.3
2025-12-18T15:45:22Z,0,0,0,0,0,0,22.6,847.8,22.8,22.9,57.2,260,255,0,0.4,88,0.9,0.9,22.8,17.2,18
2025-12-18T16:01:00Z,0,0,0,0,0,0,22.3,848,22.4,22.5,58.8,259,253,0,0.5,79,1.2,1.2,22.5,17.1,17.7
2025-12-18T16:16:05Z,0,0,0,0,0,0,22,848.2,22.1,22.3,60.3,260,254,0,0.7,85,2.6,2.6,22.2,17.1,17.5
2025-12-18T16:31:50Z,0,0,0,0,0,0,21.7,848.5,21.8,22,62,260,253,0,0.3,75,0.7,0.7,21.9,17.1,17.3
2025-12-18T16:47:14Z,0,0,0,0,0,0,21.4,848.9,21.6,21.8,63.8,260,253,0,0.7,79,1.3,1.3,21.7,17.1,17
2025-12-18T17:02:20Z,0,0,0,0,0,0,21,849.1,21.1,21.3,65.8,261,253,0,0.2,81,0.4,0.4,21.3,17,16.7
2025-12-18T17:17:25Z,0,0,0,0,0,0,20.7,849.5,20.8,21,67.5,261,253,0,0.4,86,1.1,1.1,20.9,16.9,16.4
2025-12-18T17:32:30Z,0,0,0,0,0,0,20.7,849.9,20.9,21,68,260,253,0,0.3,63,0.4,0.4,21,17,16.4
2025-12-18T17:47:35Z,0,0,0,0,0,0,20.6,850.1,20.8,20.9,69.2,261,254,0,0.2,67,0.4,0.4,20.9,17,16.4
2025-12-18T18:02:40Z,0,0,0,0,0,0,20,850.3,20.1,20.4,70.6,258,254,0,0,95,0.2,0.2,20.3,16.7,15.9
2025-12-18T18:17:45Z,0,0,0,0,0,0,19.7,850.5,19.8,20,72.3,260,253,0,0,81,0,0,20,16.6,15.5
2025-12-18T18:32:50Z,0,0,0,0,0,0,19.5,850.6,19.7,19.8,72.7,260,254,0,0,72,0.2,0.2,19.8,16.5,15.4
2025-12-18T18:47:55Z,0,0,0,0,0,0,19.7,850.8,19.9,20,72.5,260,254,0,0.3,68,1.1,1.1,19.9,16.6,15.5
2025-12-18T19:03:18Z,0,0,0,0,0,0,19.8,850.9,20.1,20.1,72.4,259,253,0,0,95,0,0,20.1,16.7,15.6
2025-12-18T19:18:23Z,0,0,0,0,0,0,19.9,850.9,20.1,20.2,72.3,261,253,0,0,95,0,0,20.1,16.7,15.7
2025-12-18T19:33:33Z,0,0,0,0,0,0,19.7,850.9,19.9,20,72.9,260,253,0,0.6,84,1.5,1.5,20,16.7,15.6
2025-12-18T19:48:38Z,0,0,0,0,0,0,19.8,850.7,20,20.1,73,260,253,0,0.3,99,1.3,1.3,20.1,16.8,15.6
2025-12-18T20:03:43Z,0,0,0,0,0,0,19.8,850.7,19.9,20.1,73.6,260,253,0,0.2,111,0.4,0.4,20.1,16.8,15.6
2025-12-18T20:18:48Z,0,0,0,0,0,0,20,850.7,20.2,20.3,72.8,260,253,0,1.5,83,3.5,3.5,20.3,16.9,15.8
2025-12-18T20:33:53Z,0,0,0,0,0,0,20,850.6,20.2,20.4,72.6,260,252,0,0.5,71,0.9,0.9,20.4,16.9,15.9
2025-12-18T20:48:58Z,0,0,0,0,0,0,19.8,850.6,19.9,20.1,73.7,260,254,0,0.2,131,0.9,0.9,20.1,16.9,15.7
2025-12-18T21:04:24Z,0,0,0,0,0,0,19.6,850.5,19.8,20,74.6,261,253,0,0.3,85,0.7,0.7,20,16.8,15.5
2025-12-18T21:19:28Z,0,0,0,0,0,0,19.7,850.4,19.8,20,74.8,259,254,0,0,92,0.2,0.2,20,16.9,15.6
2025-12-18T21:34:33Z,0,0,0,0,0,0,19.6,850.3,19.8,20,75,260,255,0,1.2,80,2,2,20,16.9,15.5
2025-12-18T21:49:38Z,0,0,0,0,0,0,19.7,850.2,19.8,20,75.2,260,253,0,0,113,0.2,0.2,20,16.9,15.6
2025-12-18T22:04:43Z,0,0,0,0,0,0,19.5,850.1,19.7,19.9,75.8,261,254,0,0.4,102,0.9,0.9,19.9,16.9,15.5
2025-12-18T22:19:48Z,0,0,0,0,0,0,19.5,849.9,19.6,19.9,76,260,254,0,0.7,94,1.5,1.5,19.9,16.9,15.4
2025-12-18T22:34:53Z,0,0,0,0,0,0,19.3,849.7,19.4,19.6,77,261,254,0,0.2,135,1.3,1.3,19.6,16.8,15.2
2025-12-18T22:49:57Z,0,0,0,0,0,0,19.1,849.5,19.2,19.4,78.1,261,254,0,0,97,0.2,0.2,19.4,16.8,15.1
2025-12-18T23:05:02Z,0,0,0,0,0,0,19,849.4,19.2,19.4,79,261,253,0,0,114,0.2,0.2,19.4,16.8,15.1
2025-12-18T23:20:07Z,0,0,0,0,0,0,18.9,849.4,19.1,19.3,79.5,261,254,0,0.1,114,0.4,0.4,19.3,16.8,15
2025-12-18T23:35:32Z,0,0,0,0,0,0,18.9,849.3,19.1,19.2,79.8,260,253,0,0.2,113,0.9,0.9,19.3,16.8,14.9
2025-12-18T23:50:36Z,0,0,0,0,0,0,18.8,849.1,19,19.2,80.3,261,253,0,0.3,156,1.1,1.1,19.2,16.8,14.8
2025-12-19T00:00:03Z,0,0,0,0,0,0,18.6,849.2,18.8,19,80.7,259,254,0,0,113,0.2,0.2,19.1,16.7,14.7
2025-12-19T00:15:08Z,0,0,0,0,0,0,18.4,849,18.5,18.8,82.2,259,254,0,0.1,113,0.2,0.2,18.8,16.6,14.5
2025-12-19T00:30:32Z,0,0,0,0,0,0,18.2,849,18.4,18.6,83.4,261,253,0,0.6,93,1.3,1.3,18.7,16.6,14.3
2025-12-19T00:45:47Z,0,0,0,0,0,0,18,849.1,18.1,18.4,84.3,261,253,0,0,104,0.2,0.2,18.4,16.5,14.1
2025-12-19T01:00:52Z,0,0,0,0,0,0,17.7,849.3,17.8,18.1,85.7,260,254,0,0,112,0,0,18.1,16.4,13.8
2025-12-19T01:15:57Z,0,0,0,0,0,0,17.7,849.3,17.9,18.1,86.5,260,253,0,0.2,112,0.7,0.7,18.2,16.5,13.9
2025-12-19T01:31:02Z,0,0,0,0,0,0,17.7,849.4,17.9,18.1,86.8,260,254,0,0.6,90,1.5,1.5,18.1,16.5,13.8
2025-12-19T01:46:07Z,0,0,0,0,0,0,17.7,849.6,17.9,18.1,87.3,260,253,0,0,111,0.2,0.2,18.2,16.6,13.9
2025-12-19T02:01:11Z,0,0,0,0,0,0,17.7,849.6,17.8,18,87.3,260,254,0,0.2,128,0.7,0.7,18.1,16.5,13.8
2025-12-19T02:16:37Z,0,0,0,0,0,0,17.4,849.6,17.6,17.8,88.1,261,254,0,0,101,0.2,0.2,17.9,16.4,13.6
2025-12-19T02:31:42Z,0,0,0,0,0,0,17.3,849.9,17.4,17.6,88.8,259,254,0,0.2,88,0.4,0.4,17.7,16.3,13.4
2025-12-19T02:46:46Z,0,0,0,0,0,0,17.4,850.1,17.6,17.8,89.4,259,255,0,0.6,78,1.1,1.1,17.8,16.5,13.6
2025-12-19T03:01:51Z,0,0,0,0,0,0,17.4,850.3,17.5,17.7,89.4,259,253,0,0.1,116,0.4,0.4,17.8,16.4,13.5
2025-12-19T03:16:56Z,0,0,0,0,0,0,17.4,850.3,17.5,17.8,89.3,262,297,0,0,116,0.2,0.2,17.8,16.5,13.6
2025-12-19T03:32:49Z,0,0,0,0,0,0,17.2,850.5,17.3,17.6,89.7,264,305,0,0.1,116,0.7,0.7,17.7,16.4,13.4
2025-12-19T03:48:48Z,0,0,0,0.1,0,0,17.5,850.7,17.6,17.8,90,273,399,0,0.1,115,0.2,0.2,17.9,16.6,13.6
2025-12-19T04:03:54Z,0,0,0,0.2,0,0,17.6,850.7,17.8,18,88.9,292,611,0,0.8,77,1.3,1.3,18,16.6,13.8
2025-12-19T04:18:59Z,0,0,0,0.4,0,0,18.1,850.7,18.2,18.4,87.7,334,1061,0,0,71,0.4,0.4,18.4,16.9,14.1
2025-12-19T04:34:03Z,0,0,0,0.3,0,0,18.5,850.9,18.6,18.8,85.3,306,723,0,0.2,97,0.7,0.7,18.9,17.1,14.6
2025-12-19T04:49:08Z,0,0,0,0.4,0,0,18.4,851.1,18.6,18.8,84.8,338,1048,0,0.5,85,1.3,1.3,18.9,17,14.6
2025-12-19T05:04:13Z,0,0,0,0.6,0,0,18.8,851.1,18.9,19.1,83.7,379,1460,0,0.2,96,0.9,0.9,19.2,17.2,14.9
2025-12-19T05:19:18Z,0,0,0,1.1,0,0,19.3,851.1,19.2,19.6,80.7,454,2318,0,1.1,73,2.2,2.2,19.6,17.2,15.2
2025-12-19T05:34:23Z,0,0,0,1.2,0,0,20.3,851,20.2,20.6,76.9,473,2428,0,0.9,79,2,2,20.7,17.7,16.2
2025-12-19T05:49:48Z,0,0,0,0.6,0,0,20,851.1,19.9,20.3,77.1,378,1369,0,0.8,53,2,2,20.3,17.4,15.9
2025-12-19T06:04:52Z,0,0,0,0.7,0,0,20.1,851.2,20.1,20.5,77.5,388,1578,0,0.5,67,1.1,1.1,20.6,17.7,16.1
2025-12-19T06:19:57Z,0,0,0,0.6,0,0,20.6,851.1,20.6,21.1,73.2,378,1472,0,1.1,74,2.6,2.6,21.1,17.7,16.5
2025-12-19T06:35:02Z,0,0,0,0.4,0,0,19.9,851.3,20.1,20.4,76.5,332,1014,0,0.2,105,1.1,1.1,20.5,17.5,16
2025-12-19T06:50:07Z,0,0,0,0.8,0,0,20.2,851.1,20.2,20.6,75.3,400,1687,0,1,76,3.1,3.1,20.6,17.5,16.1
2025-12-19T07:05:12Z,0,0,0,1,0,0,20,851,20.1,20.5,75.8,448,2161,0,0.8,70,1.5,1.5,20.5,17.5,16
2025-12-19T07:20:15Z,0,0,0,1.1,0,0,20.6,850.9,20.8,21.2,72.8,454,2275,0,0.4,89,1.3,1.3,21.2,17.7,16.6
2025-12-19T07:35:20Z,0,0,0,1.5,0,0,21,850.7,21.2,21.5,69.7,538,3142,0,0,149,0.2,0.2,21.5,17.6,16.9
2025-12-19T07:50:25Z,0,0,0,1,0,0,22.1,850.5,22.3,22.6,67.1,441,2155,0,0,142,0,0,22.6,18.3,17.8
2025-12-19T08:05:30Z,0,0,0,0.9,0,0,22,850.3,22,22.5,66.5,422,1983,0,0.7,76,1.3,1.3,22.5,18.1,17.7
2025-12-19T08:21:11Z,0,0,0,4.6,0,0,22.3,850.2,22.3,22.9,63.5,1109,9291,0,1.1,85,2.8,2.8,22.9,18.1,18
2025-12-19T08:36:16Z,0,0,0,1.4,0,0,23.4,849.9,23.3,24,62,522,3022,0,1,73,2.2,2.2,24,18.9,19
2025-12-19T08:51:21Z,0,0,0,4.6,0,0,24.1,849.6,23.9,24.6,57,1109,9347,0,1,91,2.4,2.4,24.6,18.7,19.4
2025-12-19T09:06:26Z,0,0,0,1.7,0,0,24.4,849.6,24.4,24.9,58.7,576,3346,0,0.6,81,1.7,1.7,24.9,19.2,19.7
2025-12-19T09:21:31Z,0,0,0,4.2,0,0,24.2,849.4,24,25,55.8,1032,8333,0,1.1,85,2.2,2.2,25,18.8,19.7
2025-12-19T09:37:21Z,0,0,0,1.5,0,0,24.9,849.1,25,25.6,54.3,545,3145,0,0.6,33,1.3,1.3,25.6,19.2,20.2
2025-12-19T09:53:15Z,0,0,0,4.5,0,0,25.7,848.6,25.6,26.4,51.7,1097,9177,0,1,84,2.4,2.4,26.5,19.5,20.9
2025-12-19T10:09:01Z,0,0,0,4.3,0,0,24.7,848.6,24.6,25.5,52.8,1067,8816,0,0.1,86,0.4,0.4,25.5,18.9,20.2
2025-12-19T10:24:30Z,0,0,0,4.1,0,0,26.3,848.3,26.1,27,48.9,1015,8232,0,0.6,35,2.2,2.2,27.3,19.5,21.5
2025-12-19T10:39:38Z,0,0,0,4.2,0,0,25.3,848.1,25.4,26.3,49.3,1034,8414,0,1,87,2,2,26.3,19,20.7
2025-12-19T10:55:13Z,0,0,0,3.7,0,0,26.8,847.9,26.8,27.9,47.4,956,7586,0,1,82,2.4,2.4,28.1,20,22.1
2025-12-19T11:10:15Z,0,0,0,1.3,0,0,26.1,847.6,25.9,27.2,47,505,2620,0,2.2,74,4.8,4.8,27.4,19.4,21.6
2025-12-19T11:25:20Z,0,0,0,3.3,0,0,26.4,847.4,26.5,27.4,48.5,868,6627,0,1.5,62,3.1,3.1,27.7,19.8,21.8
2025-12-19T11:40:25Z,0,0,0,3.1,0,0,26.4,847.4,26.2,27.5,47.7,828,6221,0,1.4,90,3.5,3.5,27.7,19.7,21.8
2025-12-19T11:55:30Z,0,0,0,2.9,0,0,26.2,847,26.2,27.4,44.7,798,5912,0,2.4,87,4.6,4.6,27.4,19.1,21.6
2025-12-19T12:11:04Z,0,0,0,2.5,0,0,26.6,846.9,26.5,27.9,45.7,732,5210,0,1.7,86,3.5,3.5,27.9,19.7,22
2025-12-19T12:27:24Z,0,0,0,2.3,0,0,25.4,846.7,25.4,26.4,49.8,696,4861,0,0.6,77,1.3,1.3,26.4,19.2,20.9
2025-12-19T12:42:29Z,0,0,0,1.8,0,0,25.9,846.5,25.9,27,47.8,595,3744,0,0.4,124,1,1,27.3,19.4,21.5
2025-12-19T12:57:34Z,0,0,0,1.4,0,0,25.8,846.4,26,26.9,48.3,509,2840,0,0.8,120,2.2,2.2,27.2,19.4,21.5
2025-12-19T13:13:06Z,0,0,0,1.5,0,0,25.5,846.4,25.6,26.6,50.8,528,3061,0,0.1,124,0.4,0.4,26.6,19.5,21
2025-12-19T13:29:05Z,0,0,0,1.6,0,0,25.7,846.4,25.9,26.9,48.4,556,3385,0,0.7,107,2.4,2.4,27.2,19.4,21.4
2025-12-19T13:44:09Z,0,0,0,1.3,0,0,26.1,846.5,26,27.2,48.3,498,2762,0,1.6,74,3.5,3.5,27.5,19.6,21.7
2025-12-19T13:59:14Z,0,0,0,1.4,0,0,25.4,846.4,25.4,26.6,50.7,515,3049,0,1.3,67,2.2,2.2,26.6,19.5,21
2025-12-19T14:14:19Z,0,0,0,0.8,0,0,26,846.7,26.2,27.4,50.4,402,1693,0,0.5,118,2,2,27.8,20.1,21.9
2025-12-19T14:30:08Z,0,0,0,0.4,0,0,24.1,846.8,24.2,24.8,55.9,330,935,0,1.3,77,3.3,3.3,24.8,18.7,19.6
2025-12-19T14:45:12Z,0,0,0,0.3,0,0,23.5,846.8,23.6,23.9,58.8,322,865,0,1.1,58,2,2,23.9,18.4,18.9
2025-12-19T15:00:16Z,0,0,0,0.2,0,0,22.9,846.7,23.1,23.3,60.1,300,620,0,0.5,112,1.1,1.1,23.3,18,18.4
2025-12-19T15:15:21Z,0,0,0,0.1,0,0,22.5,846.8,22.6,22.9,62.8,275,390,0,0.6,95,1.7,1.7,22.9,18,18
2025-12-19T15:30:27Z,0,0,0,0,0,0,22,847.1,22.1,22.3,63,265,288,0,0.2,134,1.1,1.1,22.3,17.5,17.6
2025-12-19T15:45:34Z,0,0,0,0,0,0,21.5,847.1,21.7,21.9,65.5,261,256,0,0.2,66,0.9,0.9,21.9,17.5,17.2
2025-12-19T16:01:34Z,0,0,0,0,0,0,21.5,847.6,21.6,21.7,67.5,260,253,0,1.7,75,2.8,2.8,21.7,17.6,17.1
2025-12-19T16:17:30Z,0,0,0,0,0,0,21.2,847.8,21.4,21.6,68.8,260,253,0,0.2,66,0.9,0.9,21.6,17.6,16.9
2025-12-19T16:32:57Z,0,0,0,0,0,0,21,848,21.1,21.3,69.7,260,253,0,0.5,81,1,1,21.3,17.4,16.7
2025-12-19T16:48:44Z,0,0,0,0,0,0,20.7,848.3,20.9,21,70.3,262,254,0,0,67,0.4,0.4,21,17.3,16.5
2025-12-19T17:04:26Z,0,0,0,0,0,0,20.4,848.3,20.6,20.8,71.3,259,253,0,0.1,78,0.4,0.4,20.8,17.2,16.2
2025-12-19T17:22:14Z,0,0,0,0,0,0,20.1,848.6,20.2,20.4,72.7,261,253,0,0,112,0.2,0.2,20.4,17,15.9
2025-12-19T17:38:04Z,0,0,0,0,0,0,19.8,848.8,19.9,20.1,73.6,260,254,0,0.1,109,0.4,0.4,20.1,16.8,15.7
2025-12-19T17:53:04Z,0,0,0,0,0,0,19.6,849,19.8,19.9,74,260,254,0,0.8,75,1.7,1.7,19.9,16.7,15.5
2025-12-19T18:08:12Z,0,0,0,0,0,0,19.8,849.1,20,20.1,73.1,261,252,0,0.1,93,0.2,0.2,20.1,16.8,15.6
2025-12-19T18:24:08Z,0,0,0,0,0,0,19.8,849.2,19.9,20.1,73.8,260,254,0,0,99,0,0,20.1,16.8,15.6
2025-12-19T18:39:10Z,0,0,0,0,0,0,19.3,849.2,19.4,19.6,75.5,260,254,0,0.1,92,0.4,0.4,19.6,16.6,15.2
2025-12-19T18:54:57Z,0,0,0,0,0,0,19.3,849.3,19.4,19.6,75.9,261,253,0,0,59,0,0,19.6,16.7,15.2
2025-12-19T19:10:14Z,0,0,0,0,0,0,19.2,849.4,19.3,19.5,78,261,253,0,0,59,0,0,19.5,16.8,15.1
2025-12-19T19:25:41Z,0,0,0,0,0,0,19.1,849.4,19.4,19.5,77.6,260,254,0,0,59,0,0,19.5,16.8,15.1
2025-12-19T19:41:17Z,0,0,0,0,0,0,19.2,849.5,19.4,19.6,77.3,260,254,0,0.1,59,0.7,0.7,19.6,16.8,15.2
2025-12-19T19:57:04Z,0,0,0.2,0,0,0,19,849.4,19,19.3,82.6,261,254,0,0,59,0,0,19.4,17.2,15
2025-12-19T20:12:05Z,0,0,0.8,0,0,0,18.4,849.3,18.4,18.7,85.5,259,253,0,0,58,0.4,0.4,18.8,16.9,14.4
2025-12-19T20:27:47Z,0,0,0.8,0,0,0,18.1,849.3,18.1,18.4,87.7,261,253,0,0,53,0,0,18.5,16.9,14.2
2025-12-19T20:43:39Z,0,0,0.8,0,0,0,18,849.2,17.9,18.2,89.1,260,253,0,0,53,0,0,18.3,16.9,14
2025-12-19T20:59:33Z,0,0,0.8,0,0,0,17.6,849.1,17.6,17.8,89.3,260,255,0,0,53,0,0,17.9,16.6,13.7
2025-12-19T21:15:29Z,0,0,0.8,0,0,0,17.3,849.1,17.3,17.5,90.2,261,253,0,0,52,0.2,0.2,17.6,16.4,13.3
2025-12-19T21:30:31Z,0,0,0.8,0,0,0,17.1,849.1,17.2,17.4,90.3,261,253,0,0,53,0,0,17.5,16.2,13.2
2025-12-19T21:46:03Z,0,0,0.8,0,0,0,17,848.9,17.1,17.3,90.7,260,254,0,0,53,0,0,17.4,16.2,13.2
2025-12-19T22:01:16Z,0,0,0.8,0,0,0,16.9,848.5,17,17.2,90.9,259,255,0,0,53,0,0,17.3,16.2,13.1
2025-12-19T22:16:39Z,0,0,0.8,0,0,0,16.8,848.4,16.9,17.2,91.2,260,252,0,0,53,0,0,17.2,16.1,13
2025-12-19T22:31:39Z,0,0,0.8,0,0,0,16.8,848.3,16.9,17.1,91.2,260,253,0,0,53,0,0,17.2,16.1,12.9
2025-12-19T22:47:20Z,0,0,1,0,0,0,16.6,848.2,16.7,16.9,91.2,262,253,0,0,53,0,0,17,15.9,12.7
2025-12-19T23:02:21Z,0,0,1,0,0,0,16.6,847.9,16.7,16.9,91.7,261,254,0,0,53,0.2,0.2,17,15.9,12.8
2025-12-19T23:17:26Z,0,0,1,0,0,0,16.4,847.6,16.5,16.7,91.7,260,254,0,0,53,0,0,16.8,15.7,12.6
2025-12-19T23:32:31Z,0,0,1,0,0,0,16.2,847.6,16.3,16.6,91.8,262,253,0,0,53,0,0,16.6,15.6,12.4
2025-12-19T23:47:36Z,0,0,1,0,0,0,16.1,847.5,16.2,16.5,91.9,261,254,0,0,53,0,0,16.5,15.5,12.3
2025-12-20T00:00:40Z,0,0,1,0,0,0,16.2,847.5,16.4,16.6,92.3,260,253,0,0,53,0,0,16.6,15.7,12.4
2025-12-20T00:15:45Z,0,0,1,0,0,0,16.3,847.2,16.4,16.6,92.5,259,254,0,0,53,0,0,16.7,15.7,12.5
2025-12-20T00:30:50Z,0,0,1,0,0,0,16.3,847.3,16.4,16.6,92.6,258,253,0,0,53,0,0,16.7,15.8,12.5
2025-12-20T00:45:55Z,0,0,1,0,0,0,16.2,847.1,16.3,16.6,92.7,259,253,0,0,53,0,0,16.6,15.7,12.4
2025-12-20T01:01:19Z,0,0,1,0,0,0,16,847.2,16.2,16.4,92.6,260,253,0,0,53,0,0,16.5,15.5,12.3
2025-12-20T01:16:24Z,0,0,1,0,0,0,15.8,847.4,16.1,16.2,92.6,260,253,0,0,53,0,0,16.2,15.3,12
2025-12-20T01:31:28Z,0,0,1,0,0,0,15.8,847.5,16.1,16.1,92.7,260,253,0,0,53,0,0,16.2,15.3,12
2025-12-20T01:46:33Z,0,0,1,0,0,0,15.7,847.7,16,16.1,92.9,261,254,0,0,53,0,0,16.1,15.2,11.9
2025-12-20T02:01:39Z,0,0,1,0,0,0,16,847.7,16.3,16.3,93.1,259,253,0,0,53,0,0,16.4,15.5,12.2
2025-12-20T02:16:44Z,0,0,1,0,0,0,16.2,847.6,16.4,16.5,93.2,259,252,0,0,52,0.2,0.2,16.6,15.7,12.4
2025-12-20T02:31:49Z,0,0,1,0,0,0,16.4,847.7,16.6,16.7,93.3,261,254,0,0,110,0.2,0.2,16.8,15.9,12.6
2025-12-20T02:46:54Z,0,0,1,0,0,0,16.4,847.7,16.6,16.7,93.3,260,253,0,0.1,135,0.4,0.4,16.8,15.9,12.6
2025-12-20T03:01:59Z,0,0,1,0,0,0,16.4,847.9,16.5,16.7,93.3,260,254,0,0,135,0,0,16.8,15.9,12.6
2025-12-20T03:17:24Z,0,0,1,0,0,0,16.5,848.2,16.7,16.9,93.4,261,264,0,0.1,135,0.7,0.7,17,16.1,12.8
2025-12-20T03:32:29Z,0,0,1,0.1,0,0,16.5,848.2,16.6,16.8,93.3,266,298,0,0,135,0,0,16.9,16,12.6
2025-12-20T03:47:35Z,0,0,1,0.1,0,0,16.5,848.3,16.7,16.9,93.2,280,473,0,0,135,0,0,17,16.1,12.7
2025-12-20T04:02:40Z,0,0,1,0.2,0,0,16.6,848.5,16.8,17,93.1,286,530,0,0.2,135,0.4,0.4,17.1,16.2,12.8
2025-12-20T04:17:45Z,0,0,1,0.2,0,0,16.8,848.8,16.9,17.2,93.1,299,652,0,0.8,135,1.1,1.1,17.3,16.3,13
2025-12-20T04:32:50Z,0,0,1,0.3,0,0,17.2,849,17.2,17.5,93,321,891,0,0.3,135,0.7,0.7,17.6,16.7,13.4
2025-12-20T04:47:55Z,0,0,1,0.5,0,0,17.2,849,17.2,17.5,92.4,352,1194,0,0,135,0,0,17.7,16.6,13.4
2025-12-20T05:03:00Z,0,0,1,0.3,0,0,17.2,849.1,17.2,17.6,91.3,317,835,0,0.3,70,0.9,0.9,17.7,16.5,13.4
2025-12-20T05:18:05Z,0,0,1,1.1,0,0,17.6,849.2,17.6,17.9,91.3,461,2407,0,0.1,63,0.7,0.7,18,16.9,13.8
2025-12-20T05:33:35Z,0,0,1,0.5,0,0,18.4,849.2,18.4,18.7,88,358,1286,0,0.1,17,0.2,0.2,18.8,17.2,14.4
2025-12-20T05:48:40Z,0,0,1,1.6,0,0,19.1,849.1,19,19.2,86.5,558,3449,0,0.5,77,0.8,0.8,19.3,17.6,15
2025-12-20T06:03:45Z,0,0,0,1.6,1,0,20.1,849.2,19.9,20.2,79.2,551,3453,0,0.5,57,1.3,1.3,20.3,17.7,15.8
2025-12-20T06:18:50Z,0,0,0,1.5,1,0,21.9,849.2,21.8,21.9,73.8,529,3038,0,0.2,58,0.7,0.7,22,18.6,17.3
2025-12-20T06:33:55Z,0,0,0,0.7,1,0,20.9,849.2,20.7,21.4,73.8,391,1657,0,0.8,84,2.2,2.2,21.4,18,16.8
2025-12-20T06:49:04Z,0,0,0,2.9,1,0,20.7,849.2,20.7,21.2,74.4,790,6098,0,0.2,134,0.7,0.7,21.2,17.9,16.6
2025-12-20T07:04:41Z,0,0,0,3.1,1,0,22.2,849.1,22.1,22.6,67.7,830,6398,0,0.6,143,1.7,1.7,22.6,18.4,17.8
2025-12-20T07:19:46Z,0,0,0,1.1,1,0,23.8,849,23.4,24.2,61.6,454,2316,0,0.6,93,1.3,1.3,24.2,19,19.1
2025-12-20T07:35:27Z,0,0,0,0.8,1,0,22.7,848.8,22.6,23.1,64.5,402,1749,0,0.2,44,0.9,0.9,23.1,18.4,18.2
2025-12-20T07:52:25Z,0,0,0,1,1,0,22.1,848.6,22.1,22.5,64.9,438,2115,0,0.5,93,1.5,1.5,22.6,18,17.8
2025-12-20T08:07:30Z,0,0,0,3.9,1,0,23.9,848.3,23.6,24.1,59.3,982,7884,0,1.6,78,3.1,3.1,24.2,18.6,19.1
2025-12-20T08:22:38Z,0,0,0,1.4,1,0,25.3,848,24.9,25.6,53.4,509,2559,0,0.9,154,2.4,2.4,25.6,19,20.2
2025-12-20T08:37:42Z,0,0,0,1.4,1,0,24.8,847.9,24.7,25.4,55.5,525,2913,0,0.1,35,0.2,0.2,25.4,19.2,20.1
2025-12-20T08:53:38Z,0,0,0,1.2,1,0,24.5,848,24.2,24.8,53.7,478,2396,0,0.6,51,1.3,1.3,24.8,18.4,19.6
2025-12-20T09:08:44Z,0,0,0,4.2,1,0,24.7,847.8,24.7,25.2,53.6,1037,8511,0,0.8,155,1.3,1.3,25.1,18.7,19.9
2025-12-20T09:23:49Z,0,0,0,4.6,1,0,25.5,847.7,25.4,26.2,50.5,1115,9265,0,1.3,61,3.3,3.3,26.2,19.1,20.7
2025-12-20T09:38:54Z,0,0,0,0.9,1,0,25.8,847.6,25.6,26.5,47.3,434,1970,0,1.7,81,3.3,3.3,26.5,18.9,20.9
2025-12-20T09:53:59Z,0,0,0,0.9,1,0,25.3,847.4,25.2,25.9,48.9,426,1887,0,1.4,63,2.4,2.4,25.9,18.6,20.4
2025-12-20T10:09:08Z,0,0,0,4.4,1,0,25.8,847.1,25.7,26.5,47,1073,8745,0,2.1,75,4.6,4.6,26.5,18.8,20.9
2025-12-20T10:25:05Z,0,0,0,4.2,1,0,26.6,846.7,26.8,27.5,47.2,1042,8501,0,0.7,50,1.3,1.3,27.7,19.6,21.8
2025-12-20T10:40:42Z,0,0,0,3.9,1,0,26.6,846.5,26.3,27.6,47.8,988,7930,0,0.5,79,1.5,1.5,27.8,19.9,21.9
2025-12-20T10:56:05Z,0,0,0.2,3.8,1,0,25.6,846.1,25.6,26.2,48.2,975,7870,0,0.5,43,1.1,1.1,26.2,18.8,20.7
2025-12-20T11:12:02Z,0,0,0.2,3.5,1,0,26.5,845.9,26.5,27.5,46.1,908,7075,0,1.4,75,2.4,2.4,27.6,19.5,21.8
2025-12-20T11:28:01Z,0,0,0.2,3.3,1,0,27.3,845.5,27.4,28.5,44.8,870,6657,0,1.2,79,2,2,28.5,20.1,22.4
2025-12-20T11:43:59Z,0,0,0.2,2.7,1,0,27.7,845.3,27.6,28.9,43.3,767,5604,0,0.8,101,2.4,2.4,28.8,20.2,22.6
2025-12-20T11:59:42Z,0,0,0.2,2.9,1,0,27.3,845.1,27.2,28.4,43.3,800,5948,0,1.4,66,2.2,2.2,28.3,19.7,22.2
2025-12-20T12:15:07Z,0,0,0.2,2,1,0,26.3,844.9,26.4,27.3,45.4,629,4102,0,0.8,95,1.7,1.7,27.4,19.2,21.6
2025-12-20T12:30:55Z,0,0,0.2,2.6,1,0,27.2,844.7,27.2,27.9,42.9,742,5303,0,1,57,2.4,2.4,27.8,19.3,21.9
2025-12-20T12:46:33Z,0,0,0.2,1.3,1,0,28.4,844.7,28.3,29.7,42.2,495,2618,0,0.5,87,1.3,1.3,29.6,20.6,23.2
2025-12-20T13:01:33Z,0,0,0.2,1.4,1,0,26.8,844.7,27.2,27.8,43.6,513,2838,0,0.6,107,2.2,2.2,27.7,19.3,21.8
2025-12-20T13:17:26Z,0,0,0.2,0.7,1,0,26.3,844.6,26.8,27.2,45.8,392,1616,0,0.5,169,1.5,1.5,27.3,19.2,21.5
2025-12-20T13:32:27Z,0,0,0.2,0.5,1,0,25.8,844.7,26.1,26.4,46.6,357,1219,0,1.2,91,2.2,2.2,26.4,18.7,20.8
2025-12-20T13:47:43Z,0,0,0.2,0.4,1,0,25.1,844.7,25.2,25.6,48.6,338,1021,0,0.1,153,0.4,0.4,25.5,18.3,20.2
2025-12-20T14:03:43Z,0,0,0.2,0.6,1,0,25,844.7,25.2,25.4,49.5,361,1263,0,0,169,0.2,0.2,25.3,18.3,20
2025-12-20T14:19:14Z,0,0,0.2,0.4,1,0,24.5,844.6,24.7,25.1,53.7,327,865,0,0.2,134,0.8,0.8,25,18.6,19.8
2025-12-20T14:34:48Z,0,0,0.2,0.2,1,0,24,844.6,24.2,24.4,55.8,300,555,0,0.2,162,0.7,0.7,24.4,18.4,19.3
2025-12-20T14:50:11Z,0,0,0.2,0.2,1,0,23.9,844.6,24.1,24.2,54,302,633,0,0.1,132,0.2,0.2,24.2,17.9,19.1
2025-12-20T15:08:17Z,0,0,0.2,0.1,1,0,24,845,24.1,24.3,53,283,455,0,0.4,50,1.7,1.7,24.2,17.8,19.1
2025-12-20T15:23:36Z,0,0,0.2,0.1,1,0,23.5,845.3,23.6,23.8,56.5,273,371,0,0.5,119,2,2,23.7,17.9,18.8
2025-12-20T15:38:52Z,0,0,0.2,0,1,0,22.2,845.6,22.4,22.6,63.7,260,265,0,0.2,141,1.1,1.1,22.6,17.9,17.8
2025-12-20T15:54:31Z,0,0,0.2,0,1,0,21.4,845.9,21.6,21.8,69,260,253,0,0.7,122,2.2,2.2,21.8,17.8,17.2
2025-12-20T16:09:39Z,0,0,0.2,0,1,0,21.1,846.1,21.2,21.5,69.6,259,254,0,0.3,123,1,1,21.5,17.6,16.9
2025-12-20T16:24:39Z,0,0,0.2,0,1,0,20.8,846.4,21,21.2,71.2,260,253,0,0.1,213,0.7,0.7,21.2,17.6,16.7
2025-12-20T16:40:32Z,0,0,0.2,0,1,0,20.6,846.8,20.8,21,71.2,262,254,0,0.4,261,1.3,1.3,21,17.3,16.4
2025-12-20T16:56:11Z,0,0,0.2,0,1,0,20.4,847,20.5,20.7,71.6,261,252,0,0.7,115,1.3,1.3,20.7,17.2,16.2
2025-12-20T17:11:56Z,0,0,0.2,0,1,0,20.1,847.3,20.3,20.5,72.8,261,253,0,0.1,46,0.4,0.4,20.5,17.1,16
2025-12-20T17:27:20Z,0,0,0.2,0,1,0,20,847.6,20.2,20.4,73.5,261,254,0,0.1,47,0.4,0.4,20.4,17.1,15.9
2025-12-20T17:42:47Z,0,0,0.2,0,1,0,19.8,847.6,19.9,20.1,74.3,261,253,0,0.5,81,1.5,1.5,20.2,17,15.7
2025-12-20T17:57:49Z,0,0,0.2,0,1,0,19.6,847.9,19.7,19.9,75.6,260,254,0,0,94,0,0,19.9,16.9,15.5
2025-12-20T18:13:11Z,0,0,0.2,0,1,0,19.4,848,19.5,19.7,77,261,253,0,0,94,0,0,19.7,16.9,15.3
2025-12-20T18:28:45Z,0,0,0.2,0,1,0,19.3,848,19.4,19.6,78.2,261,254,0,0,94,0,0,19.6,16.9,15.2
2025-12-20T18:43:57Z,0,0,0.2,0,1,0,19.1,848,19.2,19.4,78.8,260,253,0,0,94,0,0,19.4,16.8,15
2025-12-20T18:59:39Z,0,0,0.2,0,1,0,18.8,848.1,18.9,19.1,79.4,260,253,0,0,94,0,0,19.2,16.6,14.8
2025-12-20T19:14:58Z,0,0,0.2,0,1,0,18.7,848.2,18.9,19.1,79.6,261,253,0,0,94,0,0,19.2,16.7,14.8
2025-12-20T19:30:09Z,0,0,0.2,0,1,0,18.9,848.2,19.1,19.4,78.7,259,254,0,0.3,94,0.7,0.7,19.4,16.7,15
2025-12-20T19:45:32Z,0,0,0.2,0,1,0,18.9,848.2,19,19.2,79,260,254,0,0,94,0,0,19.3,16.7,14.9
2025-12-20T20:00:46Z,0,0,0.2,0,1,0,18.8,848.1,19,19.2,79.4,262,253,0,0,94,0.2,0.2,19.2,16.7,14.8
2025-12-20T20:16:11Z,0,0,0.2,0,1,0,18.7,848,18.8,19,80.2,260,255,0,0,94,0,0,19.1,16.6,14.7
2025-12-20T20:31:31Z,0,0,0.2,0,1,0,18.5,848.1,18.6,18.9,80.8,260,253,0,0,94,0,0,18.9,16.5,14.5
2025-12-20T20:46:41Z,0,0,0.2,0,1,0,18.6,848.1,18.8,18.9,80.8,260,252,0,0.1,83,0.4,0.4,19,16.6,14.6
2025-12-20T21:02:01Z,0,0,0.2,0,1,0,18.7,848.1,18.8,19,80.6,260,253,0,0.2,97,0.4,0.4,19.1,16.7,14.7
2025-12-20T21:17:26Z,0,0,0.2,0,1,0,18.6,848.1,18.8,19,80.7,261,254,0,0.3,96,0.9,0.9,19,16.6,14.7
2025-12-20T21:33:01Z,0,0,0.2,0,1,0,18.6,848,18.8,18.9,81.2,259,253,0,0.1,89,0.7,0.7,19,16.6,14.6
2025-12-20T21:48:18Z,0,0,0.2,0,1,0,18.4,847.7,18.6,18.8,81.8,261,253,0,0,96,0.2,0.2,18.8,16.6,14.5
2025-12-20T22:04:16Z,0,0,0.2,0,1,0,18.2,847.5,18.3,18.5,83.1,260,254,0,0,96,0,0,18.6,16.5,14.2
2025-12-20T22:19:44Z,0,0,0.2,0,1,0,17.9,847.5,18.1,18.3,84.4,261,253,0,0.2,96,1.1,1.1,18.4,16.4,14.1
2025-12-20T22:34:49Z,0,0,0.2,0,1,0,17.9,847.3,18.1,18.3,84.6,259,253,0,0.1,96,0.4,0.4,18.4,16.5,14.1
2025-12-20T22:49:59Z,0,0,0.2,0,1,0,18,847.2,18.2,18.4,84.4,260,254,0,0,96,0,0,18.4,16.5,14.1
2025-12-20T23:05:58Z,0,0,0.2,0,1,0,17.9,847.1,18,18.2,84.6,259,252,0,0,48,0,0,18.3,16.4,14
2025-12-20T23:21:18Z,0,0,0.2,0,1,0,17.7,847,17.9,18,85.7,259,253,0,0,48,0.2,0.2,18.1,16.3,13.8
2025-12-20T23:37:16Z,0,0,0.2,0,1,0,17.7,847,17.9,18,85.7,260,253,0,0,48,0,0,18.1,16.3,13.8
2025-12-20T23:53:17Z,0,0,0.2,0,1,0,17.6,847.1,17.8,18,86,260,253,0,0,48,0.2,0.2,18,16.3,13.7
2025-12-21T00:00:19Z,0,0,0.2,0,1,0,17.6,847,17.8,18,86.1,260,252,0,0,48,0.2,0.2,18,16.3,13.7
2025-12-21T00:15:24Z,0,0,0.2,0,1,0,17.6,847.1,17.7,17.9,86.3,261,253,0,0,48,0,0,18,16.3,13.7
2025-12-21T00:30:29Z,0,0,0.2,0,1,0,17.8,847.1,18,18.1,85.2,261,254,0,0.3,48,0.7,0.7,18.2,16.4,13.9
2025-12-21T00:45:34Z,0,0,0.2,0,1,0,18.1,847.2,18.3,18.4,84,259,254,0,0.1,48,0.4,0.4,18.4,16.5,14.1
2025-12-21T01:01:00Z,0,0,0.2,0,1,0,18.3,847.3,18.5,18.6,83,260,253,0,0.3,72,1.3,1.3,18.7,16.6,14.4
2025-12-21T01:16:05Z,0,0,0.2,0,1,0,18.2,847.4,18.4,18.6,83.4,259,254,0,0.3,45,0.9,0.9,18.7,16.6,14.4
2025-12-21T01:31:10Z,0,0,0.2,0,1,0,18,847.4,18.1,18.4,84.7,260,253,0,0.2,45,0.7,0.7,18.5,16.6,14.2
2025-12-21T01:46:15Z,0,0,0.2,0,1,0,17.8,847.6,17.9,18.2,86.3,260,253,0,0.5,96,1.1,1.1,18.3,16.6,14
2025-12-21T02:01:20Z,0,0,0.2,0,1,0,17.8,847.7,17.9,18.1,87.9,260,254,0,0.2,97,0.4,0.4,18.2,16.7,13.9
2025-12-21T02:16:25Z,0,0,0.2,0,1,0,17.8,847.9,17.9,18.1,88.5,260,253,0,0.1,97,0.2,0.2,18.2,16.7,13.9
2025-12-21T02:31:31Z,0,0,0.2,0,1,0,17.7,847.9,17.8,18.1,88.5,262,254,0,0.4,92,0.9,0.9,18.1,16.7,13.9
2025-12-21T02:46:36Z,0,0,0.2,0,1,0,17.7,848,17.8,18,88.4,260,253,0,0.2,84,1.1,1.1,18.1,16.7,13.8
2025-12-21T03:02:21Z,0,0,0.2,0,1,0,17.7,847.9,17.8,18,88.5,259,255,0,0.1,50,0.2,0.2,18.1,16.6,13.8
2025-12-21T03:17:37Z,0,0,0.2,0,1,0,17.6,848,17.7,18,88.8,260,259,0,0.1,71,0.4,0.4,18,16.6,13.8
2025-12-21T03:32:42Z,0,0,0.2,0,1,0,17.6,848.1,17.8,18,88.9,263,279,0,0.2,49,0.7,0.7,18,16.6,13.8
2025-12-21T03:48:06Z,0,0,0.2,0.1,1,0,17.7,848.3,17.8,18,88.8,269,365,0,0,120,0.4,0.4,18.1,16.7,13.9
2025-12-21T04:03:13Z,0,0,0.8,0.2,1,0,17.5,848.5,17.6,17.9,89.8,289,604,0,0.4,104,0.8,0.8,18,16.7,13.8
2025-12-21T04:18:18Z,0,0,0.8,0.2,1,0,17.8,848.6,17.9,18.1,90.3,296,641,0,1.2,95,2.8,2.8,18.3,17,14
2025-12-21T04:33:23Z,0,0,0.8,0.6,1,0,17.9,848.7,18,18.3,90.2,375,1505,0,0.7,78,2,2,18.4,17.1,14.1
2025-12-21T04:48:29Z,0,0,0.8,0.4,1,0,18.3,848.9,18.4,18.7,88.5,333,1030,0,0.3,103,0.7,0.7,18.8,17.3,14.5
2025-12-21T05:03:33Z,0,0,0.8,0.3,1,0,18.3,848.9,18.4,18.8,85.9,319,772,0,0.6,76,2.4,2.4,18.9,17.1,14.5
2025-12-21T05:18:39Z,0,0,0.8,0.6,1,0,18.1,849,18.2,18.6,86.9,378,1435,0,0.2,116,1.1,1.1,18.7,17,14.3
2025-12-21T05:33:44Z,0,0,0.8,2.6,1,0,19,849,19,19.2,85,736,5623,0,1.1,39,2,2,19.3,17.4,14.9
2025-12-21T05:48:49Z,0,0,0.8,0.5,1,0,19.9,849.1,20.1,20.3,79,348,1088,0,0.7,109,2.2,2.2,20.4,17.7,15.9
2025-12-21T06:04:12Z,0,0,0,0.5,0.8,0,18.8,849.2,19,19.4,82.1,345,1037,0,0,107,0.4,0.4,19.4,17.2,15
2025-12-21T06:19:17Z,0,0,0,3.2,0.8,0,18.7,849.3,18.9,19.2,84.3,861,6884,0,0.2,125,0.7,0.7,19.3,17.3,14.9
2025-12-21T06:34:22Z,0,0,0,0.8,0.8,0,20.2,849.2,20.1,20.6,79,410,1814,0,0.2,77,0.7,0.7,20.7,18,16.1
2025-12-21T06:49:28Z,0,0,0,0.3,0.8,0,20.2,849.2,20.1,20.5,80.1,313,814,0,0.2,54,0.7,0.7,20.7,18.1,16.1
2025-12-21T07:04:33Z,0,0,0,0.5,0.8,0,19.4,849.3,19.3,19.8,82.2,343,1139,0,0.3,61,0.7,0.7,19.9,17.6,15.4
2025-12-21T07:19:39Z,0,0,0,0.9,0.8,0,18,849.4,18,18.5,84.3,423,1904,0,0,48,0.2,0.2,18.5,16.6,14.2
2025-12-21T07:35:22Z,0,0,0.2,0.4,0.8,0,17.6,849.4,17.6,17.9,86.5,328,900,0,0.3,48,1.1,1.1,17.9,16.2,13.6
2025-12-21T07:50:33Z,0,0,0.2,0.7,0.8,0,17.8,849.3,17.8,18,88.9,384,1402,0,0.6,48,1.5,1.5,18.1,16.7,13.8
2025-12-21T08:05:38Z,0,0,0.2,0.3,0.8,0,18.3,849.2,18.4,18.6,87.6,313,770,0,0.4,48,0.9,0.9,18.7,17.1,14.4
2025-12-21T08:20:57Z,0,0,0.6,0.7,0.8,0,18.4,849,18.4,18.8,87.9,393,1623,0,0.5,38,1.7,1.7,18.9,17.3,14.5
2025-12-21T08:36:15Z,0,0,0.6,0.5,0.8,0,18.9,848.9,19,19.3,84.2,350,1202,0,0.6,78,2.2,2.2,19.4,17.4,15
2025-12-21T08:51:20Z,0,0,0.6,0.6,0.8,0,19.7,848.6,19.8,20.1,80.9,368,1258,0,0,32,0,0,20.1,17.7,15.7
2025-12-21T09:06:25Z,0,0,0.6,1.1,0.8,0,21.4,848.3,21.4,21.9,72.4,458,2256,0,1,80,2.2,2.2,22,18.4,17.3
2025-12-21T09:21:45Z,0,0,0.6,4.5,0.8,0,22.7,847.9,22.5,23.1,65.6,1093,9195,0,0.9,36,2,2,23.1,18.6,18.3
2025-12-21T09:36:50Z,0,0,0.6,2,0.8,0,24.4,847.6,24.2,24.9,62.7,636,4094,0,0.6,126,1.3,1.3,25,19.8,19.8
2025-12-21T09:52:14Z,0,0,0.6,4.9,0.8,0,22.9,847.5,22.8,23.3,64.2,1164,9903,0,1,101,1.5,1.5,23.4,18.6,18.4
2025-12-21T10:07:19Z,0,0,0.6,1.5,0.8,0,23.4,847.3,23.2,23.5,64.9,532,3034,0,0.1,11,0.5,0.5,23.5,18.8,18.6
2025-12-21T10:23:52Z,0.2,0,0.8,0.5,0.8,0,21.8,847.2,21.8,22.8,72,344,1117,0,0.3,65,1.3,1.3,22.9,19.1,18
2025-12-21T10:39:43Z,0,0,1.4,1.2,0.8,0,20.4,847.1,20.6,21.1,82.1,476,2523,0,0,118,0.2,0.2,21.2,18.8,16.6
2025-12-21T10:55:34Z,0.2,0,3.8,0.4,0.8,0,18.4,847.2,18.6,19.1,85.4,332,953,0,0.1,198,0.7,0.7,19.2,17.4,14.9
2025-12-21T11:11:13Z,0.2,0,6.6,0.8,0.8,0,17.9,847.2,18,18.5,88.1,412,1765,0,0.6,83,1.5,1.5,18.6,17.1,14.3
2025-12-21T11:26:16Z,0,0,7.4,0.9,0.8,0,18.3,846.9,18.4,18.9,88.3,426,1940,0,0,131,0.4,0.4,19.1,17.5,14.7
2025-12-21T11:41:41Z,0,0,7.6,4.1,0.8,0,19.7,846.5,19.8,20.4,88.8,1014,8345,0,0.1,131,0.4,0.4,20.6,19,16.1
2025-12-21T11:57:00Z,0,0,7.6,0.9,0.8,0,21.7,846.3,21.9,22.9,72.8,422,1892,0,0.2,182,1.5,1.5,23.1,19.4,18.2
2025-12-21T12:13:00Z,0,0,11.6,2,0.8,0,18.9,846.3,19.2,19.7,88.1,635,4134,0,0,136,0,0,19.9,18.3,15.5
2025-12-21T12:28:10Z,0,0,11.6,3,0.8,0,21.1,846.1,21.4,22.8,75.4,819,6197,0,0.4,136,1.1,1.1,22.9,19.6,18.1
2025-12-21T12:43:56Z,0,0,11.6,1.8,0.8,0,25,845.6,25.2,26.9,63.3,587,3637,0,0.2,136,0.7,0.7,28.2,21.7,22.2
2025-12-21T12:59:28Z,0,0,11.6,0.7,0.8,0,25,845.6,24.9,26.3,60.4,392,1466,0,0.3,45,0.9,0.9,26.4,20.7,20.9
2025-12-21T13:15:05Z,0,0,11.6,1,0.8,0,25.9,845.5,25.8,27.2,55.1,441,2129,0,1.1,115,3.1,3.1,28,20.7,22
2025-12-21T13:30:40Z,0,0,11.6,0.5,0.8,0,22.9,845.5,23,23.8,63.7,342,974,0,0.5,109,2.2,2.2,23.8,18.9,18.8
2025-12-21T13:46:10Z,0,0,11.6,0.3,0.8,0,22.4,845.6,22.6,23.3,67,312,647,0,0.8,70,1.5,1.5,23.3,18.9,18.4
2025-12-21T14:01:42Z,0,0,11.6,1.1,0.8,0,21.7,845.7,21.8,22.3,69.7,456,2375,0,1.4,83,2.8,2.8,22.4,18.4,17.6
2025-12-21T14:17:29Z,0,0,11.6,0.2,0.8,0,21.3,845.9,21.4,21.8,68.6,302,556,0,1,89,2.8,2.8,21.8,17.8,17.2
2025-12-21T14:33:08Z,0,0,11.6,0.2,0.8,0,20.7,846,20.8,21,68.8,300,578,0,0.8,74,2.8,2.8,21,17.1,16.5
2025-12-21T14:48:40Z,0,0,11.6,0.2,0.8,0,20.6,846.3,20.8,20.9,68.4,287,445,0,0.3,66,0.7,0.7,20.9,17,16.4
2025-12-21T15:04:18Z,0,0,11.6,0.1,0.8,0,20.1,846.6,20.3,20.5,69.2,279,387,0,0.9,80,2.6,2.6,20.5,16.6,16
2025-12-21T15:19:46Z,0,0,11.6,0.1,0.8,0,19.7,846.8,19.8,20.1,73,271,325,0,0.3,135,0.9,0.9,20,16.7,15.6
2025-12-21T15:35:33Z,0,0,11.6,0,0.8,0,19.4,847,19.5,19.7,75.3,261,268,0,0.2,86,0.7,0.7,19.7,16.7,15.3
2025-12-21T15:50:54Z,0,0,11.6,0,0.8,0,19.2,847.2,19.4,19.5,76.8,261,255,0,0.2,163,1.1,1.1,19.5,16.7,15.2
2025-12-21T16:06:05Z,0,0,11.6,0,0.8,0,19,847.4,19.2,19.4,78.5,261,254,0,0.1,161,0.7,0.7,19.4,16.8,15
2025-12-21T16:21:24Z,0,0,11.6,0,0.8,0,18.9,847.6,19.1,19.3,79.2,261,254,0,0.5,117,2.2,2.2,19.3,16.7,14.9
2025-12-21T16:36:39Z,0,0,11.6,0,0.8,0,18.7,847.7,18.9,19.1,80.3,261,253,0,0.2,88,1.5,1.5,19.1,16.7,14.8
2025-12-21T16:52:01Z,0,0,11.6,0,0.8,0,18.6,847.9,18.8,19,80.8,261,253,0,0,113,0,0,19,16.7,14.7
2025-12-21T17:07:04Z,0,0,11.6,0,0.8,0,18.3,848,18.4,18.7,83.5,260,253,0,0,113,0,0,18.8,16.7,14.4
2025-12-21T17:23:00Z,0,0,11.6,0,0.8,0,18,848.2,18.1,18.3,85.3,261,254,0,0,113,0,0,18.4,16.5,14.1
2025-12-21T17:38:08Z,0,0,11.6,0,0.8,0,17.7,848.4,17.8,18,87.4,260,253,0,0,113,0,0,18,16.5,13.8
2025-12-21T17:53:57Z,0,0,11.6,0,0.8,0,17.3,848.6,17.4,17.6,88.4,261,253,0,0,113,0,0,17.6,16.2,13.4
2025-12-21T18:09:44Z,0,0,11.6,0,0.8,0,17,848.8,17.1,17.3,89.9,260,253,0,0,113,0,0,17.3,16.1,13.1
2025-12-21T18:25:23Z,0,0,11.6,0,0.8,0,16.7,848.6,16.8,17,90.2,260,253,0,0,113,0,0,17.1,15.8,12.8
2025-12-21T18:40:51Z,0,0,11.6,0,0.8,0,16.6,848.7,16.7,17,90.9,261,252,0,0,113,0,0,17,15.9,12.8
2025-12-21T18:56:49Z,0,0,11.6,0,0.8,0,16.5,848.7,16.7,16.9,91.3,260,253,0,0,113,0,0,17,15.9,12.7
2025-12-21T19:12:02Z,0,0,11.6,0,0.8,0,16.6,848.7,16.7,16.9,91.7,260,254,0,0,113,0,0,17,16,12.8
2025-12-21T19:27:41Z,0,0,11.6,0,0.8,0,16.4,848.9,16.6,16.8,91.8,260,254,0,0,113,0,0,16.8,15.8,12.6
2025-12-21T19:43:18Z,0,0,11.6,0,0.8,0,16.3,848.6,16.4,16.6,92.1,260,254,0,0,113,0,0,16.7,15.7,12.5
2025-12-21T19:58:23Z,0,0,11.6,0,0.8,0,16.1,848.6,16.2,16.5,92.2,260,253,0,0,113,0,0,16.5,15.5,12.3
2025-12-21T20:13:33Z,0,0,11.6,0,0.8,0,16,848.6,16.2,16.3,92.3,261,255,0,0,113,0,0,16.3,15.4,12.1
2025-12-21T20:28:41Z,0,0,11.6,0,0.8,0,15.9,848.6,16.2,16.3,92.4,259,253,0,0,113,0,0,16.3,15.4,12.1
2025-12-21T20:43:50Z,0,0,11.6,0,0.8,0,15.9,848.6,16.1,16.2,92.6,260,254,0,0,113,0,0,16.3,15.4,12.1
2025-12-21T20:59:27Z,0,0,11.6,0,0.8,0,15.7,848.5,16.1,16.1,92.8,260,254,0,0,113,0,0,16.1,15.2,11.9
2025-12-21T21:16:23Z,0,0,11.6,0,0.8,0,15.6,848.4,15.9,16,92.9,259,253,0,0,113,0,0,16,15.1,11.8
2025-12-21T21:32:21Z,0,0,11.6,0,0.8,0,15.6,848.3,15.9,15.9,93.1,259,253,0,0,113,0,0,16,15.1,11.8
2025-12-21T21:47:58Z,0,0,11.6,0,0.8,0,15.5,848.2,15.8,15.8,93.2,259,255,0,0,113,0,0,15.8,15,11.6
2025-12-21T22:03:20Z,0,0,11.6,0,0.8,0,15.3,848,15.6,15.7,93.2,259,254,0,0,113,0,0,15.7,14.9,11.5
2025-12-21T22:19:05Z,0,0,11.6,0,0.8,0,15.3,847.8,15.5,15.6,93.4,258,255,0,0,113,0,0,15.6,14.8,11.5
2025-12-21T22:34:36Z,0,0,11.6,0,0.8,0,15.2,847.6,15.4,15.5,93.4,260,252,0,0,113,0,0,15.6,14.8,11.4
2025-12-21T22:50:14Z,0,0,11.6,0,0.8,0,15,847.5,15.3,15.4,93.5,261,253,0,0,113,0,0,15.4,14.6,11.2
2025-12-21T23:06:09Z,0,0,11.6,0,0.8,0,14.9,847.4,15.2,15.3,93.6,259,253,0,0,113,0,0,15.3,14.5,11.1
2025-12-21T23:22:01Z,0,0,11.6,0,0.8,0,14.8,847.3,15.1,15.2,93.7,259,253,0,0.1,113,0.4,0.4,15.2,14.5,11
2025-12-21T23:37:06Z,0,0,11.6,0,0.8,0,14.9,847.3,15.2,15.3,93.8,260,254,0,0.1,113,0.2,0.2,15.3,14.5,11.1
2025-12-21T23:52:24Z,0,0,11.6,0,0.8,0,14.9,847.2,15.2,15.3,93.8,261,253,0,0.2,113,0.4,0.4,15.3,14.6,11.1
2025-12-22T00:00:27Z,0,0,11.6,0,0.8,0,14.9,847.2,15.2,15.3,93.9,260,254,0,0.3,113,0.5,0.5,15.3,14.6,11.1
2025-12-22T00:15:32Z,0,0,11.6,0,0.8,0,14.8,847.3,15.1,15.2,93.9,261,253,0,0.2,113,0.5,0.5,15.2,14.5,11
2025-12-22T00:30:37Z,0,0,11.6,0,0.8,0,14.7,847.3,15,15.1,93.9,260,253,0,0.1,113,0.3,0.3,15.1,14.4,10.9
2025-12-22T00:45:59Z,0,0,11.6,0,0.8,0,14.7,847.4,15,15.1,94,260,253,0,0,113,0,0,15.1,14.4,10.9
2025-12-22T01:01:04Z,0,0,11.6,0,0.8,0,14.6,847.4,14.9,15,94.1,260,254,0,0.2,113,0.4,0.4,15,14.3,10.8
2025-12-22T01:16:09Z,0,0,11.6,0,0.8,0,14.4,847.5,14.7,14.7,94.1,261,253,0,0,113,0,0,14.7,14,10.5
2025-12-22T01:31:15Z,0,0,11.6,0,0.8,0,14.4,847.5,14.7,14.8,94.2,260,252,0,0,113,0,0,14.8,14.1,10.6
2025-12-22T01:46:20Z,0,0,11.6,0,0.8,0,14.5,847.4,14.8,14.9,94.3,259,254,0,0,113,0,0,14.9,14.2,10.7
2025-12-22T02:01:25Z,0,0,11.6,0,0.8,0,14.7,847.5,15,15.1,94.3,261,254,0,0.1,113,0.4,0.4,15.1,14.4,10.9
2025-12-22T02:16:30Z,0,0,11.6,0,0.8,0,14.8,847.7,15.1,15.2,94.4,259,253,0,0,113,0,0,15.2,14.5,11
2025-12-22T02:31:35Z,0,0,11.6,0,0.8,0,14.9,847.7,15.2,15.3,94.4,260,253,0,0,113,0,0,15.3,14.6,11.1
2025-12-22T02:46:40Z,0,0,11.6,0,0.8,0,14.8,847.8,15.1,15.2,94.4,260,253,0,0,113,0,0,15.2,14.5,11
2025-12-22T03:02:04Z,0,0,11.6,0,0.8,0,14.7,848.1,15,15.1,94.5,262,254,0,0,113,0,0,15.1,14.5,10.9
2025-12-22T03:17:11Z,0,0,11.6,0,0.8,0,14.9,848.2,15.2,15.3,94.5,261,267,0,0,113,0,0,15.3,14.6,11.1
2025-12-22T03:32:21Z,0,0,11.6,0,0.8,0,14.9,848.5,15.2,15.3,94.6,265,296,0,0.3,114,1.1,1.1,15.4,14.7,11.2
2025-12-22T03:47:26Z,0,0,11.6,0.2,0.8,0,15,848.6,15.3,15.4,94.5,286,561,0,0,134,0,0,15.4,14.7,11.2
2025-12-22T04:02:32Z,0,0,11.6,0.3,0.8,0,15.4,848.6,15.7,15.7,94.5,311,832,0,0.1,134,0.4,0.4,15.7,15,11.5
2025-12-22T04:17:37Z,0,0,11.6,0.2,0.8,0,15.7,848.9,16,16,94.4,290,500,0,0,134,0.4,0.4,16.1,15.3,11.8
2025-12-22T04:32:42Z,0,0,11.6,0.2,0.8,0,15.8,849,16.1,16.1,94.4,287,481,0,0,134,0,0,16.2,15.5,12
2025-12-22T04:47:47Z,0,0,11.6,0.5,0.8,0,16,849.2,16.3,16.4,94.3,342,1110,0,0.1,134,0.4,0.4,16.5,15.7,12.2
2025-12-22T05:03:10Z,0,0,11.6,0.4,0.8,0,16.4,849.2,16.6,16.8,94.2,334,993,0,0,134,0,0,16.9,16.1,12.7
2025-12-22T05:18:15Z,0,0,11.6,0.3,0.8,0,16.8,849.3,16.8,17.1,93.9,323,899,0,0.5,133,1.1,1.1,17.2,16.4,13
2025-12-22T05:33:20Z,0,0,11.6,0.3,0.8,0,17.1,849.3,17.2,17.4,93.3,314,809,0,0.4,134,0.7,0.7,17.5,16.6,13.3
2025-12-22T05:48:38Z,0,0,11.6,0.5,0.8,0,17.4,849.5,17.5,17.7,92.2,357,1245,0,0.5,133,1.3,1.3,17.8,16.8,13.5
2025-12-22T06:03:43Z,0,0,11.6,0.2,0.8,0,17.5,849.5,17.6,17.9,91,302,691,0,0.1,134,0.2,0.2,18,16.8,13.7
2025-12-22T06:18:49Z,0,0,12.6,0.5,0.8,0,17.4,849.5,17.4,17.8,91.2,350,1227,0,0,134,0.2,0.2,17.9,16.7,13.6
2025-12-22T06:34:14Z,0,0,12.6,1,0.8,0,18,849.6,18,18.5,90.7,438,2139,0,0.5,133,1.1,1.1,18.6,17.3,14.3
2025-12-22T06:49:19Z,0,0,12.6,0.8,0.8,0,19.7,849.5,19.6,19.9,84.4,411,1713,0,0.7,133,1.3,1.3,20,18,15.6
2025-12-22T07:04:24Z,0,0,12.6,1.2,0.8,0,19,849.3,19.1,19.6,82.7,484,2616,0,0.9,99,1.7,1.7,19.7,17.5,15.3
2025-12-22T07:19:29Z,0,0,12.6,3.5,0.8,0,20.4,849.2,20.4,20.8,80,917,7391,0,0.5,122,1.5,1.5,20.9,18.3,16.3
2025-12-22T07:34:34Z,0,0,12.6,1.8,0.8,0,21.7,849.1,21.6,22.3,72,589,3545,0,0.2,119,0.9,0.9,22.4,18.7,17.7
2025-12-22T07:49:39Z,0,0,12.6,1.2,0.8,0,21.3,848.8,21.2,21.8,68,479,2502,0,2.1,76,4.1,4.1,21.8,17.7,17.1
2025-12-22T08:05:24Z,0,0,12.6,0.7,0.8,0,21.7,848.7,21.5,22,69.9,381,1377,0,0.5,57,1.3,1.3,22,18.1,17.3
2025-12-22T08:21:22Z,0,0,12.8,4.8,0.8,0,22.4,848.7,22.2,22.9,62.9,1163,10056,0,1,72,1.7,1.7,22.9,18,18
2025-12-22T08:36:22Z,0,0,12.8,1.4,0.8,0,22.5,848.5,22.4,22.8,66.6,527,2821,0,0.7,135,1.7,1.7,22.9,18.5,18
2025-12-22T08:51:27Z,0,0,12.8,4.5,0.8,0,24.2,848.6,24.1,24.6,59.5,1097,9182,0,0.6,132,1.1,1.1,24.7,19.1,19.5
2025-12-22T09:06:32Z,0,0,12.8,4.4,0.8,0,24.4,848.3,24.2,24.9,58.9,1079,8864,0,1.4,92,2.8,2.8,24.9,19.2,19.7
2025-12-22T09:21:37Z,0,0,12.8,2.3,0.8,0,23.8,848.3,23.6,24.1,57.8,678,4438,0,1.3,70,2.4,2.4,24.1,18.4,19.1
2025-12-22T09:36:42Z,0,0,12.8,1,0.8,0,23.7,848,23.6,24.5,56.3,450,2177,0,2.1,68,4.1,4.1,24.5,18.5,19.3
2025-12-22T09:51:47Z,0,0,12.8,4.3,0.8,0,23.3,847.8,23.4,23.9,59.5,1068,8824,0,1.3,85,3.7,3.7,23.9,18.4,18.9
2025-12-22T10:07:22Z,0,0,12.8,4.3,0.8,0,23.4,847.7,23.4,24,55.7,1063,8789,0,1,86,2,2,24,18,18.9
2025-12-22T10:22:23Z,0,0,12.8,4.4,0.8,0,24.5,847.4,24.6,25.2,52.2,1072,8879,0,1.3,82,3.3,3.3,25.2,18.5,19.9
2025-12-22T10:37:31Z,0,0,12.8,4.5,0.8,0,25.2,847.2,25.2,26.1,48.6,1102,9200,0,0.7,85,2,2,26,18.7,20.6
2025-12-22T10:53:28Z,0,0,12.8,1.2,0.8,0,24.6,846.9,24.6,25.3,54,480,2485,0,0.3,33,1.2,1.2,25.3,18.9,20
2025-12-22T11:08:29Z,0,0,12.8,1.6,0.8,0,24.6,846.7,24.6,25.4,51,565,3348,0,1.5,82,3.5,3.5,25.4,18.5,20
2025-12-22T11:23:35Z,0,0,12.8,3.6,0.8,0,24.8,846.6,24.6,25.3,50.7,935,7400,0,1.3,84,2.4,2.4,25.3,18.4,20
2025-12-22T11:38:36Z,0,0,12.8,1.1,0.8,0,25.2,846.3,25.2,26.1,48.9,455,2050,0,0.7,108,1.5,1.5,26.1,18.8,20.6
2025-12-22T11:53:41Z,0,0,12.8,3.4,0.8,0,25.4,846.3,25.6,26.3,47.2,893,6966,0,0.8,96,2.2,2.2,26.2,18.7,20.7
2025-12-22T12:08:46Z,0,0,12.8,2.8,0.8,0,26.1,846.1,26.1,27.1,44.2,787,5806,0,2.1,70,3.9,3.9,27.2,18.9,21.4
2025-12-22T12:24:35Z,0,0,12.8,2.9,0.8,0,27.4,845.9,27.2,28.2,43.7,803,6026,0,1.4,62,3.2,3.2,28.1,19.7,22.1
2025-12-22T12:40:31Z,0,0,12.8,2.5,0.8,0,26.4,845.9,26.3,27.6,44,728,5184,0,1.2,77,3.1,3.1,27.5,19.2,21.7
2025-12-22T12:55:34Z,0,0,12.8,0.5,0.8,0,25.4,845.9,25.4,26.6,47,345,949,0,0.8,65,2.6,2.6,26.6,18.9,21
2025-12-22T13:10:37Z,0,0,12.8,2.1,0.8,0,26.7,845.9,27,28,45.5,655,4464,0,0.1,105,0.4,0.4,28.1,19.8,22.1
2025-12-22T13:25:53Z,0,0,12.8,1.7,0.8,0,27.1,845.9,27,28.2,42.9,582,3678,0,1,62,2.4,2.4,28.1,19.6,22.1
2025-12-22T13:41:44Z,0,0,12.8,1.5,0.8,0,26,845.8,26,27.6,41.9,539,3247,0,2.5,87,3.5,3.5,27.4,18.8,21.6
2025-12-22T13:56:49Z,0,0,12.8,1.2,0.8,0,26.1,845.8,26.2,27.6,44.7,481,2644,0,0.3,75,0.7,0.7,27.6,19.3,21.8
2025-12-22T14:12:08Z,0,0,12.8,0.9,0.8,0,25.2,846,25.2,26.7,44.5,418,1967,0,0.9,71,2,2,26.6,18.5,21
2025-12-22T14:28:00Z,0,0,12.8,0.3,0.8,0,24.2,846,24.3,25,47.5,322,773,0,1,76,2.4,2.4,24.9,17.6,19.7
2025-12-22T14:43:20Z,0,0,12.8,0.3,0.8,0,23.5,846.3,23.6,23.9,53.3,317,791,0,0.8,72,3.7,3.7,23.8,17.5,18.8
2025-12-22T14:59:01Z,0,0,12.8,0.2,0.8,0,22.7,846.4,22.8,23.2,56.5,297,582,0,1.4,85,3.5,3.5,23.1,17.4,18.2
2025-12-22T15:14:27Z,0,0,12.8,0.1,0.8,0,22.1,846.5,22.3,22.5,59.7,278,402,0,0.4,70,2,2,22.5,17.2,17.7
2025-12-22T15:29:40Z,0,0,12.8,0.1,0.8,0,21.6,846.6,21.8,22,61.6,268,301,0,0,85,0.2,0.2,21.9,17,17.2
2025-12-22T15:46:09Z,0,0,12.8,0,0.8,0,21,846.8,21.2,21.3,65.2,260,257,0,0.3,103,2,2,21.3,16.9,16.7
2025-12-22T16:02:09Z,0,0,12.8,0,0.8,0,20.4,847.1,20.6,20.8,68.3,261,253,0,0.1,89,2,2,20.8,16.8,16.3
2025-12-22T16:17:17Z,0,0,12.8,0,0.8,0,20.2,847.3,20.3,20.5,70.1,259,253,0,0,81,0.2,0.2,20.4,16.7,15.9
2025-12-22T16:32:45Z,0,0,12.8,0,0.8,0,19.8,847.5,19.9,20.1,71.8,260,254,0,0.4,71,1.3,1.3,20.1,16.6,15.6
2025-12-22T16:48:37Z,0,0,12.8,0,0.8,0,19.6,847.6,19.8,19.9,72.8,261,253,0,0.1,62,0.4,0.4,19.9,16.5,15.4
2025-12-22T17:04:03Z,0,0,12.8,0,0.8,0,19.3,847.8,19.4,19.6,74.1,258,254,0,0.3,65,0.7,0.7,19.5,16.4,15.1
2025-12-22T17:19:06Z,0,0,12.8,0,0.8,0,19,848,19.2,19.3,75,260,253,0,0,52,0,0,19.3,16.3,14.9
2025-12-22T17:35:23Z,0,0,12.8,0,0.8,0,18.7,848.2,18.8,19,76.6,260,254,0,0.1,85,0.4,0.4,19,16.2,14.7
2025-12-22T17:51:00Z,0,0,12.8,0,0.8,0,18.5,848.4,18.6,18.8,77.8,261,254,0,0,43,0.4,0.4,18.8,16.1,14.4
2025-12-22T18:06:23Z,0,0,12.8,0,0.8,0,18.3,848.6,18.4,18.6,78.8,260,253,0,0.1,48,0.2,0.2,18.6,16.1,14.3
2025-12-22T18:22:11Z,0,0,12.8,0,0.8,0,18,848.9,18.1,18.4,79.9,261,253,0,0,50,0,0,18.3,15.9,14
2025-12-22T18:37:43Z,0,0,12.8,0,0.8,0,17.5,848.9,17.6,17.7,82.1,259,253,0,0,50,0,0,17.7,15.6,13.5
2025-12-22T18:53:02Z,0,0,12.8,0,0.8,0,17.1,849.1,17.1,17.3,84.3,261,252,0,0,50,0,0,17.3,15.5,13.1
2025-12-22T19:08:02Z,0,0,12.8,0,0.8,0,16.8,849.1,16.9,17.1,85.6,260,254,0,0,50,0,0,17.1,15.4,12.8
2025-12-22T19:24:00Z,0,0,12.8,0,0.8,0,16.5,849.2,16.6,16.8,86.3,260,253,0,0,50,0,0,16.8,15.2,12.6
2025-12-22T19:39:17Z,0,0,12.8,0,0.8,0,16.2,849.2,16.3,16.6,87.4,259,254,0,0,50,0,0,16.6,15.1,12.4
2025-12-22T19:54:40Z,0,0,12.8,0,0.8,0,16,849,16.3,16.4,87.9,260,253,0,0,50,0,0,16.4,15,12.2
2025-12-22T20:10:08Z,0,0,12.8,0,0.8,0,15.9,849,16.1,16.2,88.7,260,254,0,0,50,0,0,16.2,14.9,12
2025-12-22T20:25:36Z,0,0,12.8,0,0.8,0,15.9,849.1,16.2,16.3,89.6,261,253,0,0,50,0,0,16.3,15,12.1
2025-12-22T20:40:40Z,0,0,12.8,0,0.8,0,15.8,848.9,16.2,16.2,89.5,261,253,0,0,50,0,0,16.2,15,12
2025-12-22T20:56:17Z,0,0,12.8,0,0.8,0,15.6,848.8,15.9,16,89.6,260,253,0,0,50,0,0,16,14.8,11.8
2025-12-22T21:11:41Z,0,0,12.8,0,0.8,0,15.6,848.9,15.9,15.9,90.3,260,254,0,0,50,0,0,15.9,14.8,11.7
2025-12-22T21:26:41Z,0,0,12.8,0,0.8,0,15.5,848.7,15.8,15.9,90.7,262,253,0,0,50,0,0,15.9,14.8,11.7
2025-12-22T21:41:45Z,0,0,12.8,0,0.8,0,15.3,848.7,15.6,15.6,90.8,259,253,0,0,50,0,0,15.6,14.6,11.4
2025-12-22T21:57:25Z,0,0,12.8,0,0.8,0,15.2,848.6,15.5,15.6,91,260,253,0,0,49,0,0,15.6,14.5,11.4
2025-12-22T22:12:49Z,0,0,12.8,0,0.8,0,15,848.6,15.3,15.4,91,260,254,0,0,49,0,0,15.4,14.4,11.2
2025-12-22T22:28:29Z,0,0,12.8,0,0.8,0,15,848.4,15.3,15.4,91.4,261,254,0,0,49,0,0,15.4,14.4,11.2
2025-12-22T22:44:18Z,0,0,12.8,0,0.8,0,14.7,848.2,14.9,15.1,91.2,259,254,0,0,49,0,0,15.1,14.1,10.9
2025-12-22T22:59:54Z,0,0,12.8,0,0.8,0,14.5,848.1,14.8,14.9,91.4,261,254,0,0,49,0,0,14.9,13.9,10.7
2025-12-22T23:15:53Z,0,0,12.8,0,0.8,0,14.4,848.1,14.6,14.8,91.8,260,254,0,0,49,0,0,14.7,13.8,10.5
2025-12-22T23:30:59Z,0,0,12.8,0,0.8,0,14.5,848,14.8,14.9,92.2,259,253,0,0,49,0,0,14.9,14,10.7
2025-12-22T23:46:03Z,0,0,12.8,0,0.8,0,14.6,848,14.8,15,92.5,261,253,0,0,49,0,0,14.9,14.1,10.7
2025-12-23T00:00:08Z,0,0,12.8,0,0.8,0,14.7,847.9,14.9,15.1,92.7,261,253,0,0,49,0,0,15.1,14.2,10.9
2025-12-23T00:15:13Z,0,0,12.8,0,0.8,0,14.5,847.9,14.8,14.9,92.8,259,253,0,0,49,0,0,14.9,14,10.7
2025-12-23T00:30:18Z,0,0,12.8,0,0.8,0,14.3,847.8,14.6,14.8,92.8,260,252,0,0,49,0,0,14.7,13.9,10.5
2025-12-23T00:45:23Z,0,0,12.8,0,0.8,0,14.2,847.7,14.5,14.6,92.8,262,254,0,0,49,0,0,14.6,13.8,10.4
2025-12-23T01:00:46Z,0,0,12.8,0,0.8,0,14,847.9,14.2,14.4,92.9,260,254,0,0,49,0,0,14.4,13.6,10.2
2025-12-23T01:15:51Z,0,0,12.8,0,0.8,0,14,847.8,14.2,14.4,93,260,253,0,0,49,0,0,14.4,13.6,10.2
2025-12-23T01:30:56Z,0,0,12.8,0,0.8,0,13.9,847.9,14.2,14.3,93.1,262,253,0,0,49,0,0,14.2,13.5,10
2025-12-23T01:46:01Z,0,0,12.8,0,0.8,0,13.8,848.1,14,14.2,93.2,261,253,0,0,49,0,0,14.1,13.4,9.9
2025-12-23T02:01:06Z,0,0,12.8,0,0.8,0,13.6,848.3,13.9,14.1,93.2,260,254,0,0,49,0,0,14,13.3,9.8
2025-12-23T02:16:11Z,0,0,12.8,0,0.8,0,13.6,848.3,13.9,14,93.3,260,254,0,0,49,0,0,14,13.2,9.8
2025-12-23T02:31:16Z,0,0,12.8,0,0.8,0,13.4,848.3,13.8,13.9,93.4,259,253,0,0,49,0,0,13.8,13.1,9.6
2025-12-23T02:46:21Z,0,0,12.8,0,0.8,0,13.3,848.4,13.6,13.7,93.4,259,253,0,0,49,0,0,13.6,12.9,9.4
2025-12-23T03:01:26Z,0,0,12.8,0,0.8,0,13.4,848.4,13.6,13.8,93.6,260,254,0,0,49,0,0,13.7,13,9.5
2025-12-23T03:16:52Z,0,0,12.8,0,0.8,0,13.7,848.4,14.1,14.2,93.8,261,271,0,0,49,0,0,14.1,13.5,9.9
2025-12-23T03:31:57Z,0,0,12.8,0.1,0.8,0,13.9,848.6,14.2,14.2,93.8,266,314,0,0,49,0,0,14.2,13.5,10
2025-12-23T03:47:02Z,0,0,12.8,0.1,0.8,0,14.2,849,14.4,14.5,93.9,279,456,0,0.1,104,1.1,1.1,14.5,13.8,10.3
2025-12-23T04:02:03Z,0,0,12.8,0.2,0.8,0,14.4,849.2,14.6,14.7,93.9,294,555,0,0,104,0,0,14.7,14,10.5
2025-12-23T04:17:08Z,0,0,12.8,0.3,0.8,0,15.2,849.2,15.4,15.4,93.9,314,758,0,0.7,122,2.4,2.4,15.4,14.7,11.2
2025-12-23T04:32:13Z,0,0,12.8,0.3,0.8,0,15.9,849.5,16.1,16.1,93.6,322,784,0,0.1,160,0.4,0.4,16.1,15.3,11.9
2025-12-23T04:47:18Z,0,0,12.8,0.6,0.8,0,16.4,849.7,16.4,16.6,92.7,368,1352,0,0.3,108,0.7,0.7,16.7,15.7,12.4
2025-12-23T05:02:23Z,0,0,12.8,0.6,0.8,0,17.3,849.8,17.3,17.3,91.3,373,1342,0,0.8,77,2,2,17.4,16.3,13.2
2025-12-23T05:17:28Z,0,0,12.8,1,0.8,0,18.2,850.1,18.2,18.2,89.5,437,2215,0,0.8,92,1.3,1.3,18.4,17,14.1
2025-12-23T05:33:23Z,0,0,12.8,0.6,0.8,0,18.4,850,18.2,18.5,85.8,360,1296,0,0.3,22,0.9,0.9,18.6,16.8,14.2
2025-12-23T05:48:28Z,0,0,12.8,0.7,0.8,0,17.5,850.4,17.4,17.5,88.8,390,1616,0,0.3,54,0.9,0.9,17.6,16.2,13.3
2025-12-23T06:03:33Z,0,0,0,0.7,12.8,0,18.2,850.5,18.1,18.3,86,385,1561,0,0.6,6,1.3,1.3,18.3,16.6,14
2025-12-23T06:18:56Z,0,0,0,1.5,12.8,0,18.9,850.5,18.9,19,84.7,544,3260,0,0.4,112,1.1,1.1,19.1,17.2,14.7
2025-12-23T06:35:21Z,0,0,0,2.8,12.8,0,20.4,850.4,20.1,20.5,75.7,787,6030,0,1.5,87,3.5,3.5,20.5,17.5,16
2025-12-23T06:51:03Z,0,0,0,3.1,12.8,0,21.5,850.2,21.4,21.9,69.8,838,6466,0,0.4,141,0.9,0.9,22,18.1,17.3
2025-12-23T07:06:09Z,0,0,0,2.9,12.8,0,23.5,850.2,23.2,23.9,64.3,804,6088,0,0.2,102,0.4,0.4,23.9,19.1,18.9
2025-12-23T07:21:14Z,0,0,0,1.3,12.8,0,23.4,850.1,23.1,23.8,60.5,507,2652,0,1,207,2.2,2.2,23.8,18.5,18.8
2025-12-23T07:36:19Z,0,0,0,1.3,12.8,0,22.9,850,22.8,23.3,63.8,504,2580,0,0.3,48,1.1,1.1,23.4,18.5,18.4
2025-12-23T07:51:30Z,0,0,0,3.8,12.8,0,23,849.9,22.8,23.6,61.8,970,7793,0,0.4,53,1.2,1.2,23.6,18.5,18.6
2025-12-23T08:06:35Z,0,0,0,2.6,12.8,0,24.3,849.6,24.2,24.9,53.4,735,5109,0,1.6,77,3.3,3.3,24.9,18.4,19.7
2025-12-23T08:21:40Z,0,0,0,4.4,12.8,0,23.6,849.4,23.4,24,55.7,1073,8929,0,1.8,68,2.6,2.6,24,18,19
2025-12-23T08:37:07Z,0,0,0,4.4,12.8,0,24.5,849.2,24.6,25.1,53.5,1072,8856,0,0.2,113,0.4,0.4,25.1,18.7,19.9
2025-12-23T08:52:14Z,0,0,0,4.7,12.8,0,25.4,849,25.2,26.2,50,1141,9653,0,0.9,83,1.7,1.7,26.2,19,20.7
2025-12-23T09:07:20Z,0,0,0,4.6,12.8,0,24.5,848.8,24.3,25,51.9,1110,9319,0,0.8,72,2.6,2.6,25,18.3,19.7
2025-12-23T09:22:25Z,0,0,0,4.7,12.8,0,24.4,848.6,24.3,24.8,50.4,1140,9572,0,1.8,97,3.5,3.5,24.8,17.9,19.6
2025-12-23T09:38:16Z,0,0,0,4.3,12.8,0,25,848.3,25,25.6,52,1069,8741,0,0.7,82,1.8,1.8,25.6,18.9,20.2
2025-12-23T09:54:06Z,0,0,0,4.2,12.8,0,25.3,848,25.2,26.1,47.2,1031,8355,0,1.3,77,2.6,2.6,26.1,18.5,20.6
2025-12-23T10:09:11Z,0,0,0,2.9,12.8,0,25.2,847.9,25.2,26,48.5,792,5662,0,0.5,100,1.1,1.1,26,18.6,20.5
2025-12-23T10:25:10Z,0,0,0,4.2,12.8,0,25.4,847.5,25.4,26.2,47,1044,8523,0,1.6,92,4.4,4.4,26.1,18.5,20.6
2025-12-23T10:40:15Z,0,0,0,3.9,12.8,0,25.5,847.3,25.4,26.5,48.4,991,7922,0,1.2,76,4.4,4.4,26.5,19,20.9
2025-12-23T10:55:20Z,0,0,0,4,12.8,0,25.9,847,25.9,26.8,47.1,997,8002,0,0.1,108,0.4,0.4,27.1,19.1,21.3
2025-12-23T11:10:25Z,0,0,0,3.6,12.8,0,26,846.9,25.8,26.7,46,935,7306,0,1.8,70,4.6,4.6,27,18.8,21.3
2025-12-23T11:25:35Z,0,0,0,3.7,12.8,0,27.1,846.6,26.9,28,44.9,945,7412,0,0.5,78,1.6,1.6,28,19.7,22
2025-12-23T11:41:29Z,0,0,0,3.5,12.8,0,26.1,846.4,26.2,27.1,47.3,912,7094,0,0.7,80,2,2,27.3,19.3,21.5
2025-12-23T11:56:37Z,0,0,0.2,3.3,12.8,0,27,846.3,27.1,28.3,44.6,870,6637,0,1.2,89,2.8,2.8,28.3,19.9,22.2
2025-12-23T12:12:15Z,0,0,0.2,2.8,12.8,0,26.9,846.2,27,28,45,783,5726,0,1.2,73,3.5,3.5,28,19.7,22
2025-12-23T12:27:21Z,0,0,0.2,2.7,12.8,0,26.6,846.1,26.6,27.8,44.4,757,5460,0,1.7,48,3.9,3.9,27.8,19.5,21.9
2025-12-23T12:42:27Z,0,0,0.2,2.5,12.8,0,27.2,846,27.2,28.3,43.2,714,4982,0,1.2,39,2.4,2.4,28.2,19.6,22.1
2025-12-23T12:57:43Z,0,0,0.2,2.2,12.8,0,26.9,846,27.1,28.1,44,660,4432,0,1.1,89,3.9,3.9,28.1,19.7,22.1
2025-12-23T13:13:35Z,0,0,0.2,2,12.8,0,25.9,846.1,25.9,27.1,46.8,633,4212,0,1.8,80,4.6,4.6,27.3,19.3,21.5
2025-12-23T13:28:46Z,0,0,0.2,0.8,12.8,0,25.8,846,25.9,26.9,46.5,409,1673,0,2.3,83,4.6,4.6,27.2,19.1,21.4
2025-12-23T13:44:22Z,0,0,0.2,1.3,12.8,0,26.4,846.1,26.6,27.7,44.6,506,2863,0,1,101,2.4,2.4,27.7,19.4,21.8
2025-12-23T13:59:37Z,0,0,0.2,1.1,12.8,0,25.8,846.2,25.9,27.1,46.1,458,2349,0,0.6,78,2.2,2.2,27.3,19.2,21.5
2025-12-23T14:14:53Z,0,0,0.2,0.9,12.8,0,25.1,846.1,25.2,26.3,49.6,435,2122,0,0.3,109,1.1,1.1,26.3,19,20.7
2025-12-23T14:30:19Z,0,0,0.2,0.3,12.8,0,24,846.3,24.1,24.6,52,305,595,0,1.5,86,3.7,3.7,24.5,17.9,19.4
2025-12-23T14:45:47Z,0,0,0.2,0.2,12.8,0,23.4,846.6,23.6,23.8,54.7,302,602,0,0.9,83,2.6,2.6,23.7,17.6,18.7
2025-12-23T15:01:07Z,0,0,0.2,0.2,12.8,0,23.1,846.8,23.2,23.5,55.7,289,481,0,1,69,2.4,2.4,23.4,17.5,18.5
2025-12-23T15:16:18Z,0,0,0.2,0.1,12.8,0,22.7,846.9,22.8,23.1,58,277,399,0,0.1,107,0.4,0.4,23,17.5,18.2
2025-12-23T15:31:29Z,0,0,0.2,0.1,12.8,0,22.2,846.9,22.4,22.5,60.5,266,308,0,0.6,128,0.9,0.9,22.5,17.4,17.7
2025-12-23T15:47:04Z,0,0,0.2,0,12.8,0,21.8,847.2,21.9,22.1,62.2,261,261,0,0.7,74,1.7,1.7,22.1,17.2,17.4
2025-12-23T16:02:17Z,0,0,0.2,0,12.8,0,21.5,847.3,21.6,21.8,64.2,260,253,0,0.6,80,2.6,2.6,21.7,17.2,17.1
2025-12-23T16:18:08Z,0,0,0.2,0,12.8,0,21.1,847.4,21.3,21.4,66,260,253,0,0.4,114,1.5,1.5,21.4,17.1,16.8
2025-12-23T16:33:18Z,0,0,0.2,0,12.8,0,20.9,847.6,21.1,21.2,66.8,260,253,0,0.2,63,0.7,0.7,21.2,17,16.6
2025-12-23T16:51:03Z,0,0,0.2,0,12.8,0,20.5,847.7,20.6,20.8,68.5,261,253,0,0.4,79,0.9,0.9,20.8,16.8,16.3
2025-12-23T17:06:15Z,0,0,0.2,0,12.8,0,20.2,848,20.4,20.5,70,262,254,0,0.5,72,1.7,1.7,20.5,16.8,16
2025-12-23T17:22:07Z,0,0,0.2,0,12.8,0,20.2,848.1,20.4,20.5,70.3,261,254,0,0.2,103,0.4,0.4,20.5,16.8,16
2025-12-23T17:37:26Z,0,0,0.2,0,12.8,0,19.8,848.1,20,20.1,71.6,260,253,0,0.3,70,0.9,0.9,20.1,16.6,15.7
2025-12-23T17:52:46Z,0,0,0.2,0,12.8,0,19.6,848.3,19.8,19.9,72.2,259,254,0,0.1,79,0.7,0.7,19.9,16.5,15.5
2025-12-23T18:08:16Z,0,0,0.2,0,12.8,0,19.3,848.5,19.4,19.6,74,260,253,0,0,57,0.2,0.2,19.6,16.4,15.2
2025-12-23T18:23:26Z,0,0,0.2,0,12.8,0,18.8,848.4,18.9,19.1,75.8,261,253,0,0.1,45,0.2,0.2,19.1,16.2,14.7
2025-12-23T18:39:22Z,0,0,0.2,0,12.8,0,18.2,848.4,18.2,18.5,78.5,260,252,0,0,45,0,0,18.4,15.9,14.1
2025-12-23T18:54:34Z,0,0,0.2,0,12.8,0,17.6,848.5,17.8,17.9,80.5,260,253,0,0,45,0.2,0.2,17.9,15.6,13.6
2025-12-23T19:09:59Z,0,0,0.2,0,12.8,0,17.2,848.5,17.4,17.6,81.9,260,254,0,0,45,0,0,17.6,15.4,13.3
2025-12-23T19:25:41Z,0,0,0.2,0,12.8,0,16.9,848.5,17.1,17.3,83.1,260,254,0,0,45,0,0,17.3,15.3,13
2025-12-23T19:40:49Z,0,0,0.2,0,12.8,0,16.7,848.6,16.8,17,84.2,260,252,0,0,45,0,0,17,15.2,12.8
2025-12-23T19:56:43Z,0,0,0.2,0,12.8,0,16.6,848.7,16.8,17,85.3,261,253,0,0,45,0,0,17,15.2,12.7
2025-12-23T20:12:02Z,0,0,0.2,0,12.8,0,16.4,848.9,16.5,16.8,86.1,260,253,0,0,45,0,0,16.7,15.1,12.5
2025-12-23T20:27:30Z,0,0,0.2,0,12.8,0,16.2,848.9,16.3,16.6,86.6,260,254,0,0,45,0,0,16.6,15,12.4
2025-12-23T20:45:06Z,0,0,0.2,0,12.8,0,16,848.8,16.2,16.4,87.7,260,254,0,0,45,0,0,16.4,14.9,12.2
2025-12-23T21:00:22Z,0,0,0.2,0,12.8,0,15.9,849,16.2,16.3,88.5,260,254,0,0,45,0,0,16.3,15,12.1
2025-12-23T21:15:40Z,0,0,0.2,0,12.8,0,15.9,849,16.2,16.4,88.5,259,252,0,0,45,0,0,16.4,15,12.2
2025-12-23T21:31:20Z,0,0,0.2,0,12.8,0,16,849,16.3,16.5,88.4,261,254,0,0,45,0,0,16.5,15.1,12.2
2025-12-23T21:46:50Z,0,0,0.2,0,12.8,0,16.1,849,16.2,16.5,88.3,260,253,0,0,45,0,0,16.5,15.1,12.3
2025-12-23T22:01:56Z,0,0,0.2,0,12.8,0,16.3,848.9,16.5,16.8,88.1,260,254,0,0,45,0,0,16.8,15.4,12.6
2025-12-23T22:17:17Z,0,0,0.2,0,12.8,0,16.6,848.6,16.8,17.1,86,261,253,0,0,45,0,0,17.1,15.5,12.9
2025-12-23T22:32:17Z,0,0,0.2,0,12.8,0,16.8,848.6,16.9,17.2,85.4,262,254,0,0,45,0,0,17.2,15.5,13
2025-12-23T22:47:20Z,0,0,0.2,0,12.8,0,16.7,848.6,16.8,17.1,85.3,262,254,0,0,45,0,0,17.1,15.3,12.8
2025-12-23T23:02:23Z,0,0,0.2,0,12.8,0,16.6,848.5,16.6,16.9,85.3,261,253,0,0,45,0,0,16.9,15.2,12.7
2025-12-23T23:17:56Z,0,0,0.2,0,12.8,0,16.5,848.4,16.6,16.8,87,261,254,0,0,45,0,0,16.8,15.3,12.6
2025-12-23T23:33:25Z,0,0,0.2,0,12.8,0,16.5,848.4,16.7,16.9,86.9,261,253,0,0,45,0,0,16.9,15.4,12.7
2025-12-23T23:48:31Z,0,0,0.2,0,12.8,0,16.5,848.4,16.6,16.9,86.4,260,254,0,0,45,0,0,16.9,15.3,12.7
2025-12-24T00:00:35Z,0,0,0.2,0,12.8,0,16.3,848.2,16.4,16.7,87.1,260,253,0,0,45,0,0,16.7,15.2,12.5
2025-12-24T00:15:40Z,0,0,0.2,0,12.8,0,16,848.2,16.2,16.4,88.2,259,254,0,0,45,0,0,16.4,15,12.2
2025-12-24T00:30:45Z,0,0,0.2,0,12.8,0,15.9,848.1,16.2,16.3,89.2,261,254,0,0,45,0,0,16.3,15,12.1
2025-12-24T00:45:50Z,0,0,0.2,0,12.8,0,16.2,848.2,16.3,16.5,89.5,260,255,0,0,45,0,0,16.6,15.3,12.4
2025-12-24T01:01:13Z,0,0,0.2,0,12.8,0,16.4,848.3,16.6,16.8,88.8,260,252,0,0,45,0,0,16.9,15.5,12.6
2025-12-24T01:16:18Z,0,0,0.2,0,12.8,0,16.7,848.4,16.9,17.1,88.2,260,253,0,0,45,0,0,17.1,15.7,12.9
2025-12-24T01:31:23Z,0,0,0.2,0,12.8,0,16.9,848.6,17.1,17.3,87.2,260,253,0,0,45,0,0,17.3,15.8,13.1
2025-12-24T01:46:29Z,0,0,0.2,0,12.8,0,17,848.7,17.2,17.3,86.6,261,253,0,0,45,0,0,17.4,15.8,13.1
2025-12-24T02:01:34Z,0,0,0.2,0,12.8,0,16.9,848.8,17.1,17.3,86.5,260,253,0,0,45,0,0,17.3,15.7,13.1
2025-12-24T02:16:39Z,0,0,0.2,0,12.8,0,16.8,849.1,16.9,17.2,87.3,260,253,0,0,45,0.2,0.2,17.2,15.7,13
2025-12-24T02:31:44Z,0,0,0.2,0,12.8,0,16.8,849.1,16.9,17.2,87.3,259,254,0,0.1,45,0.4,0.4,17.2,15.7,13
2025-12-24T02:46:49Z,0,0,0.2,0,12.8,0,16.7,849.2,16.8,17,88.4,259,253,0,0.2,46,0.4,0.4,17.1,15.7,12.8
2025-12-24T03:01:54Z,0,0,0.2,0,12.8,0,16.5,849.4,16.6,16.8,89.2,260,254,0,0,46,0,0,16.9,15.6,12.7
2025-12-24T03:17:15Z,0,0,0.2,0,12.8,0,16.4,849.5,16.5,16.8,90,259,260,0,0,46,0,0,16.8,15.6,12.6
2025-12-24T03:32:48Z,0,0,0.2,0,12.8,0,16.6,849.7,16.8,17,90.7,265,287,0,0.2,83,0.4,0.4,17,15.9,12.8
2025-12-24T03:48:26Z,0,0,0.2,0.1,12.8,0,16.7,849.7,16.8,17.1,90.8,275,392,0,0.1,105,0.2,0.2,17.1,16,12.9
2025-12-24T04:03:32Z,0,0,0.2,0.2,12.8,0,16.8,849.6,16.9,17.1,90.7,288,459,0,0,103,0,0,17.2,16,12.9
2025-12-24T04:18:37Z,0,0,0.2,0.2,12.8,0,16.8,850,16.8,17,90.5,302,645,0,0,103,0,0,17.1,15.9,12.8
2025-12-24T04:33:42Z,0,0,0.2,0.3,12.8,0,17,850.2,17.1,17.3,90.1,318,891,0,0.4,103,0.9,0.9,17.4,16.1,13.1
2025-12-24T04:48:47Z,0,0,0.2,0.4,12.8,0,17.7,850.3,17.7,17.9,87.8,341,1065,0,0.6,96,1.1,1.1,18,16.5,13.7
2025-12-24T05:04:42Z,0,0,0.2,0.6,12.8,0,17.9,850.4,18,18.2,86,367,1370,0,0.1,91,0.4,0.4,18.3,16.6,14
2025-12-24T05:19:47Z,0,0,0.2,1.3,12.8,0,19.2,850.1,19,19.1,82.9,500,2815,0,0.4,78,1.1,1.1,19.2,17,14.8
2025-12-24T05:34:52Z,0,0,0.2,0.4,12.8,0,20.5,850.2,20,20.5,77,338,961,0,0.6,96,1.1,1.1,20.5,17.6,16
2025-12-24T05:49:57Z,0,0,0.2,0.6,12.8,0,19.8,850.2,19.7,20.2,76.7,376,1386,0,0.3,115,0.7,0.7,20.2,17.3,15.8
2025-12-24T06:05:47Z,0,0,0,0.7,0.2,0,20.7,850.3,20.6,20.8,75.2,387,1593,0,0.3,115,0.7,0.7,20.8,17.7,16.3
2025-12-24T06:20:48Z,0,0,0,0.5,0.2,0,20.5,850.4,20.3,20.5,74.4,348,1196,0,0.7,78,1.7,1.7,20.5,17.3,16
2025-12-24T06:35:53Z,0,0,0,1.1,0.2,0,20.3,850.3,20.3,20.8,72.9,455,2294,0,0.9,78,1.5,1.5,20.8,17.4,16.2
2025-12-24T06:50:58Z,0,0,0,0.8,0.2,0,20.7,850.3,20.8,21.1,71.6,413,1856,0,0.5,57,1.5,1.5,21.1,17.5,16.6
2025-12-24T07:06:03Z,0,0,0,1.7,0.2,0,22.6,850,22.2,22.9,64.1,576,3410,0,1.5,82,2.6,2.6,22.9,18.2,18.1
2025-12-24T07:21:27Z,0,0,0,1.1,0.2,0,22.6,849.7,22.4,23.3,60.5,470,2450,0,1.2,98,2.2,2.2,23.3,18.1,18.4
2025-12-24T07:36:32Z,0,0,0,2.8,0.2,0,22.4,849.7,22.4,22.9,63.5,774,5629,0,1.3,93,2.6,2.6,22.9,18.1,18.1
2025-12-24T07:51:36Z,0,0,0,4.4,0.2,0,24.2,849.5,24.1,24.8,57.4,1080,9022,0,0.7,123,1.3,1.3,24.8,18.9,19.6
2025-12-24T08:06:41Z,0,0,0,1.4,0.2,0,23.6,849.4,23.4,24.1,58.9,516,2788,0,1.2,67,2.2,2.2,24.1,18.5,19
2025-12-24T08:21:47Z,0,0,0,1,0.2,0,23.3,849.3,23.1,23.6,58.4,444,2073,0,1.1,111,2.4,2.4,23.6,18,18.6
2025-12-24T08:37:45Z,0,0,0,1.9,0.2,0,24.4,849.2,24.3,24.8,54.3,612,3736,0,1.2,83,3.1,3.1,24.8,18.5,19.6
2025-12-24T08:52:50Z,0,0,0,1.5,0.2,0,24.9,848.9,24.8,25.6,53.1,537,3093,0,1.1,120,2,2,25.6,19,20.2
2025-12-24T09:07:55Z,0,0,0,4.8,0.2,0,24.5,848.7,24.4,25.2,51.6,1144,9695,0,1.8,72,3.3,3.3,25.1,18.4,19.9
2025-12-24T09:22:55Z,0,0,0,4.4,0.2,0,25.9,848.4,25.7,26.5,48.9,1086,8902,0,1.2,77,2.6,2.6,26.4,19.1,20.9
2025-12-24T09:38:39Z,0,0,0,1.9,0.2,0,25.1,848.1,25,26,48.5,612,3753,0,1.1,73,3.1,3.1,26,18.6,20.5
2025-12-24T09:53:45Z,0,0,0,4.9,0.2,0,25.6,847.9,25.5,26.3,50.1,1164,9811,0,0.5,85,1.5,1.5,26.3,19.1,20.7
2025-12-24T10:08:54Z,0,0,0,4.1,0.2,0,25.3,847.6,25.3,26.2,49,1023,8386,0,1,79,2,2,26.2,18.8,20.7
2025-12-24T10:24:01Z,0,0,0,4.7,0.2,0,25.7,847.4,25.7,26.4,49.8,1132,9472,0,1.1,54,2.8,2.8,26.3,19.1,20.8
2025-12-24T10:39:54Z,0,0,0,4.1,0.2,0,25.9,847.1,25.9,27,47.5,1023,8309,0,1.8,93,3.7,3.7,27.3,19.3,21.5
2025-12-24T10:55:40Z,0,0,0,4,0.2,0,26.5,847,26.4,27.5,46.9,1000,7978,0,0.3,144,1,1,27.7,19.6,21.8
2025-12-24T11:10:45Z,0,0,0,3.6,0.2,0,26.9,846.8,27,28.1,45.1,936,7298,0,1.1,53,1.7,1.7,28.1,19.8,22.1
2025-12-24T11:26:43Z,0,0,0,3.6,0.2,0,27.1,846.6,27.1,28.4,45.1,922,7166,0,0.6,73,2,2,28.4,20,22.3
2025-12-24T11:42:00Z,0,0,0,1.8,0.2,0,27.9,846.5,28.1,29,42.7,587,3472,0,0.7,125,2.6,2.6,28.9,20.2,22.7
2025-12-24T11:57:52Z,0,0,0.2,3.1,0.2,0,27.4,846.2,27.6,28.5,43.5,839,6270,0,0.3,28,1.2,1.2,28.4,19.9,22.3
2025-12-24T12:13:04Z,0,0,0.2,2.8,0.2,0,27.8,846,27.8,29.2,41.6,787,5742,0,0.3,108,1.3,1.3,29,20.1,22.7
2025-12-24T12:29:49Z,0,0,0.2,2.6,0.2,0,27.3,845.9,27.2,28.5,41,744,5301,0,1.8,74,13.9,13.9,28.2,19.4,22.2
2025-12-24T12:45:30Z,0,0,0.2,2.3,0.2,0,28,845.9,28.2,29.5,40.2,691,4739,0,0.9,65,2.8,2.8,29.1,20,22.8
2025-12-24T13:01:27Z,0,0,0.2,2.3,0.2,0,27.4,845.9,27.6,28.8,42,686,4784,0,0.8,149,1.5,1.5,28.5,19.8,22.4
2025-12-24T13:17:10Z,0,0,0.2,1.9,0.2,0,26.5,846,26.8,27.5,45.9,607,3950,0,1.6,93,4.6,4.6,27.6,19.4,21.7
2025-12-24T13:33:05Z,0,0,0.2,1.6,0.2,0,27.4,846,27.8,28.8,43.5,563,3485,0,0.1,125,0.4,0.4,28.7,20.1,22.5
2025-12-24T13:48:19Z,0,0,0.2,1.4,0.2,0,26.6,846,26.9,27.9,45.1,525,3075,0,0.5,152,1.8,1.8,27.9,19.6,21.9
2025-12-24T14:03:33Z,0,0,0.2,1.1,0.2,0,25.9,846.2,26.1,27,47.3,458,2395,0,0.3,70,0.4,0.4,27.2,19.3,21.5
2025-12-24T14:18:57Z,0,0,0.2,0.8,0.2,0,25.6,846.3,25.6,26.8,47.5,411,1930,0,1.1,77,2.4,2.4,27.1,19.2,21.4
2025-12-24T14:34:27Z,0,0,0.2,0.4,0.2,0,24.5,846.5,24.6,25.1,50.2,325,854,0,1.4,50,3.1,3.1,25.1,18.1,19.8
2025-12-24T14:50:01Z,0,0,0.2,0.3,0.2,0,24.4,846.6,24.4,24.7,52.2,311,747,0,1.3,58,2.6,2.6,24.7,18.1,19.5
2025-12-24T15:05:54Z,0,0,0.2,0.2,0.2,0,23.9,846.7,24,24.2,54.4,292,537,0,0.2,77,1.1,1.1,24.2,18,19.1
2025-12-24T15:21:33Z,0,0,0.2,0.1,0.2,0,23.2,847.2,23.3,23.6,55.7,275,387,0,1.1,68,2.8,2.8,23.5,17.6,18.6
2025-12-24T15:36:44Z,0,0,0.2,0,0.2,0,22.7,847.4,22.9,23.1,57,264,296,0,0.6,75,2.2,2.2,23,17.3,18.1
2025-12-24T15:52:02Z,0,0,0.2,0,0.2,0,22.3,847.5,22.4,22.6,59.3,261,254,0,0,86,0.2,0.2,22.5,17.2,17.7
2025-12-24T16:07:46Z,0,0,0.2,0,0.2,0,21.8,847.6,22.1,22.1,61.5,261,253,0,0.4,143,1.1,1.1,22.1,17.1,17.4
2025-12-24T16:23:14Z,0,0,0.2,0,0.2,0,21.6,847.8,21.8,21.9,62.8,260,253,0,0.1,139,0.2,0.2,21.9,17.1,17.2
2025-12-24T16:39:06Z,0,0,0.2,0,0.2,0,21.4,848,21.5,21.6,64.1,260,255,0,0.8,89,1.5,1.5,21.6,17,17
2025-12-24T16:55:02Z,0,0,0.2,0,0.2,0,21.1,848.1,21.3,21.4,65.2,262,254,0,0.3,54,0.9,0.9,21.3,16.9,16.7
2025-12-24T17:10:07Z,0,0,0.2,0,0.2,0,20.8,848.3,20.9,21.1,66.7,259,254,0,0.1,77,0.4,0.4,21.1,16.9,16.5
2025-12-24T17:25:48Z,0,0,0.2,0,0.2,0,20.6,848.5,20.8,20.9,68.2,260,255,0,0.3,121,1.3,1.3,20.9,16.9,16.3
2025-12-24T17:41:38Z,0,0,0.2,0,0.2,0,20.5,848.7,20.7,20.8,69.3,261,253,0,0.1,92,0.4,0.4,20.7,16.9,16.2
2025-12-24T17:56:44Z,0,0,0.2,0,0.2,0,20.2,848.9,20.3,20.5,70.8,261,253,0,0,93,0.2,0.2,20.5,16.8,16
2025-12-24T18:12:00Z,0,0,0.2,0,0.2,0,19.8,849,19.9,20.1,72.5,261,254,0,0.2,88,0.7,0.7,20,16.7,15.6
2025-12-24T18:27:08Z,0,0,0.2,0,0.2,0,19.5,849.1,19.6,19.8,73.7,260,254,0,0,88,0,0,19.8,16.6,15.4
2025-12-24T18:42:38Z,0,0,0.2,0,0.2,0,19.1,849.1,19.2,19.5,75.2,261,253,0,0.1,89,0.2,0.2,19.5,16.5,15.1
2025-12-24T18:57:44Z,0,0,0.2,0,0.2,0,19,849.3,19.2,19.3,76.3,260,253,0,0,89,0.2,0.2,19.3,16.4,14.9
2025-12-24T19:13:43Z,0,0,0.2,0,0.2,0,19.2,849,19.4,19.5,76.3,260,252,0,0.3,84,1.1,1.1,19.5,16.6,15.1
2025-12-24T19:28:48Z,0,0,0.2,0,0.2,0,19.4,849.1,19.6,19.7,76.1,260,252,0,0.1,71,0.2,0.2,19.7,16.7,15.3
2025-12-24T19:44:42Z,0,0,0.2,0,0.2,0,19.2,849.3,19.4,19.6,76.5,261,253,0,0,75,0.2,0.2,19.6,16.7,15.2
2025-12-24T19:59:48Z,0,0,0.2,0,0.2,0,19.1,849.2,19.3,19.5,77.4,259,253,0,0,75,0,0,19.5,16.7,15.1
2025-12-24T20:14:53Z,0,0,0.2,0,0.2,0,18.9,849.3,19,19.3,77.4,259,254,0,0,76,0,0,19.3,16.5,14.9
2025-12-24T20:29:58Z,0,0,0.2,0,0.2,0,18.7,849.2,18.8,19.1,78.8,261,253,0,0,76,0.2,0.2,19.1,16.5,14.7
2025-12-24T20:45:03Z,0,0,0.2,0,0.2,0,18.4,849.2,18.6,18.8,79.7,261,255,0,0,76,0,0,18.8,16.3,14.5
2025-12-24T21:00:47Z,0,0,0.2,0,0.2,0,18.2,849,18.4,18.7,80.2,260,254,0,0,76,0,0,18.7,16.3,14.4
2025-12-24T21:15:53Z,0,0,0.2,0,0.2,0,18.1,849,18.4,18.5,80.3,260,253,0,0,76,0,0,18.5,16.2,14.2
2025-12-24T21:31:53Z,0,0,0.2,0,0.2,0,18,848.8,18.1,18.4,81.1,259,253,0,0.2,73,0.4,0.4,18.4,16.1,14.1
2025-12-24T21:47:48Z,0,0,0.2,0,0.2,0,17.8,848.6,18,18.2,81.4,260,254,0,0,73,0.2,0.2,18.2,16,13.9
2025-12-24T22:03:47Z,0,0,0.2,0,0.2,0,17.6,848.5,17.8,18,82.2,261,253,0,0,73,0,0,18,15.9,13.7
2025-12-24T22:18:47Z,0,0,0.2,0,0.2,0,17.4,848.4,17.5,17.7,83.1,260,254,0,0,73,0.2,0.2,17.7,15.7,13.5
2025-12-24T22:34:16Z,0,0,0.2,0,0.2,0,17,848.3,17.1,17.3,84.9,261,253,0,0,74,0,0,17.3,15.5,13
2025-12-24T22:49:56Z,0,0,0.2,0,0.2,0,16.7,848.3,16.8,17,86.3,261,253,0,0,74,0,0,17,15.4,12.8
2025-12-24T23:05:00Z,0,0,0.2,0,0.2,0,16.5,848.4,16.5,16.8,86.9,261,253,0,0,73,0,0,16.8,15.2,12.5
2025-12-24T23:20:05Z,0,0,0.2,0,0.2,0,16.2,848.5,16.4,16.6,87.2,260,253,0,0,73,0,0,16.6,15.1,12.4
2025-12-24T23:35:10Z,0,0,0.2,0,0.2,0,16.4,848.5,16.6,16.7,88.6,259,254,0,0,73,0,0,16.7,15.4,12.5
2025-12-24T23:50:15Z,0,0,0.2,0,0.2,0,16.4,848.3,16.6,16.8,88.2,259,254,0,0,73,0,0,16.8,15.4,12.6
2025-12-25T00:00:19Z,0,0,0.2,0,0.2,0,16.3,848.3,16.4,16.7,88.3,260,253,0,0,73,0,0,16.7,15.3,12.5
2025-12-25T00:15:55Z,0,0,0.2,0,0.2,0,16.1,848.3,16.3,16.4,88.6,260,254,0,0,73,0,0,16.4,15.1,12.2
2025-12-25T00:31:00Z,0,0,0.2,0,0.2,0,16,848.4,16.2,16.3,89.1,258,252,0,0,73,0,0,16.3,15,12.1
2025-12-25T00:46:08Z,0,0,0.2,0,0.2,0,15.8,848.5,16.1,16.1,89.6,262,254,0,0,73,0,0,16.1,14.9,11.9
2025-12-25T01:01:54Z,0,0,0.2,0,0.2,0,15.6,848.6,15.9,15.9,89.6,260,254,0,0,73,0,0,15.9,14.7,11.7
2025-12-25T01:17:00Z,0,0,0.2,0,0.2,0,15.4,848.7,15.7,15.8,90,261,253,0,0,73,0,0,15.8,14.6,11.6
2025-12-25T01:32:05Z,0,0,0.2,0,0.2,0,15.5,848.9,15.8,15.9,90.5,261,253,0,0,73,0,0,15.9,14.8,11.7
2025-12-25T01:47:10Z,0,0,0.2,0,0.2,0,15.3,849.1,15.6,15.7,90.5,261,253,0,0,73,0,0,15.7,14.5,11.5
2025-12-25T02:03:00Z,0,0,0.2,0,0.2,0,15.1,849.2,15.4,15.5,90.8,261,253,0,0,73,0,0,15.5,14.4,11.3
2025-12-25T02:18:05Z,0,0,0.2,0,0.2,0,15.3,849.5,15.6,15.7,91.4,261,253,0,0,73,0,0,15.7,14.7,11.5
2025-12-25T02:33:10Z,0,0,0.2,0,0.2,0,15.5,849.6,15.8,15.8,91.5,259,253,0,0,73,0,0,15.9,14.8,11.7
2025-12-25T02:49:06Z,0,0,0.2,0,0.2,0,15.8,849.6,16.1,16.1,91.3,260,254,0,0,73,0,0,16.2,15.1,12
2025-12-25T03:04:57Z,0,0,0.2,0,0.2,0,16.1,849.7,16.4,16.4,90.4,260,254,0,0,73,0,0,16.5,15.3,12.2
2025-12-25T03:20:02Z,0,0,0.2,0,0.2,0,16,849.8,16.2,16.4,89.7,262,267,0,0.1,73,0.4,0.4,16.4,15.2,12.2
2025-12-25T03:35:08Z,0,0,0.2,0.1,0.2,0,15.9,849.9,16.2,16.2,89.8,268,320,0,0,73,0,0,16.2,15,12
2025-12-25T03:50:13Z,0,0,0.2,0.1,0.2,0,15.8,849.8,16.1,16.2,90.6,281,432,0,0.1,73,0.2,0.2,16.2,15.1,12
2025-12-25T04:05:18Z,0,0,0.2,0.2,0.2,0,15.9,849.9,16.1,16.2,90.6,292,514,0,0,73,0,0,16.2,15.1,12
2025-12-25T04:20:23Z,0,0,0.2,0.3,0.2,0,16.5,850.1,16.6,16.6,90.8,315,747,0,0.3,74,1.1,1.1,16.7,15.5,12.5
2025-12-25T04:35:27Z,0,0,0.2,0.4,0.2,0,16.9,850.1,16.9,17.1,89.4,324,813,0,0.3,88,0.9,0.9,17.1,15.8,12.9
2025-12-25T04:50:33Z,0,0,0.2,0.4,0.2,0,17.4,850.2,17.4,17.6,87.4,339,953,0,0.3,84,0.6,0.6,17.6,16.1,13.4
2025-12-25T05:05:54Z,0,0,0.2,1.2,0.2,0,18.2,850.2,18,18.1,85.8,485,2790,0,0.8,86,1.3,1.3,18.1,16.4,13.9
2025-12-25T05:20:59Z,0,0,0.2,1.1,0.2,0,19.1,850.3,18.6,18.9,82.8,465,2500,0,0.5,91,1.3,1.3,19,16.8,14.6
2025-12-25T05:36:04Z,0,0,0.2,1.5,0.2,0,21.3,850.4,20.4,20.8,74.6,547,3351,0,0.9,56,1.7,1.7,20.9,17.6,16.3
2025-12-25T05:51:09Z,0,0,0.2,1.9,0.2,0,21.5,850.3,21.1,21.5,74.1,604,3945,0,0.1,121,0.4,0.4,21.5,18.2,16.9
2025-12-25T06:06:14Z,0,0,0,2.2,0.2,0,24.6,850.1,24,24.3,63,673,4743,0,0.5,98,2,2,24.4,19.3,19.3
2025-12-25T06:21:19Z,0,0,0,2.6,0.2,0,24.6,850.1,23.7,24.5,60.1,748,5501,0,1.1,70,2.4,2.4,24.5,19.1,19.4
2025-12-25T06:37:03Z,0,0,0,2,0.2,0,22.8,850.1,22.6,23.3,64,630,4139,0,0.6,68,2,2,23.4,18.6,18.4
2025-12-25T06:52:08Z,0,0,0,3.7,0.2,0,24.6,850,24.9,24.9,60.4,952,7798,0,0.4,162,2,2,24.9,19.4,19.7
2025-12-25T07:07:13Z,0,0,0,2.5,0.2,0,24.2,850.1,24.2,24.8,60.3,716,5050,0,0.7,117,2,2,24.8,19.3,19.6
2025-12-25T07:22:18Z,0,0,0,3.8,0.2,0,24.7,850,24.9,25.3,57.3,959,7741,0,0.8,154,2.6,2.6,25.4,19.4,20
2025-12-25T07:37:24Z,0,0,0,3.3,0.2,0,25.2,849.7,25,25.7,54.4,865,6641,0,1.7,65,2.8,2.8,25.7,19.3,20.3
2025-12-25T07:52:28Z,0,0,0,4.4,0.2,0,24.5,849.6,24.5,25.1,58.1,1072,8996,0,0.1,59,0.4,0.4,25.1,19.3,19.8
2025-12-25T08:07:33Z,0,0,0,0.9,0.2,0,25.1,849.4,24.9,25.7,54.7,423,1829,0,0.3,47,1.1,1.1,25.7,19.3,20.3
2025-12-25T08:22:38Z,0,0,0,3.9,0.2,0,24.7,849.2,24.4,25.4,51.9,980,7862,0,2.1,86,3.3,3.3,25.4,18.7,20.1
2025-12-25T08:38:04Z,0,0,0,4.4,0.2,0,25.6,849,25.2,26.3,50.8,1079,8945,0,1.4,68,2.2,2.2,26.3,19.2,20.8
2025-12-25T08:53:08Z,0,0,0,4.2,0.2,0,26.1,849,25.9,26.5,51.2,1035,8454,0,0.2,48,0.7,0.7,26.5,19.5,20.9
2025-12-25T09:08:16Z,0,0,0,4.3,0.2,0,25.9,848.7,25.5,26.4,49.1,1058,8701,0,1.1,79,2.4,2.4,26.4,19.1,20.8
2025-12-25T09:23:22Z,0,0,0,4.1,0.2,0,25.5,848.4,25.3,26.1,49.4,1023,8309,0,1.8,73,3.7,3.7,26.1,18.8,20.6
2025-12-25T09:38:27Z,0,0,0,4.1,0.2,0,26.1,848.2,25.9,26.6,48.1,1028,8336,0,1,65,1.7,1.7,26.6,19.1,21
2025-12-25T09:54:15Z,0,0,0,4.1,0.2,0,25.6,848,25.6,26.5,46.5,1014,8188,0,0.4,71,1.1,1.1,26.4,18.7,20.9
2025-12-25T10:09:20Z,0,0,0,4,0.2,0,26.9,847.6,26.8,27.8,45.1,997,8008,0,1.8,81,3.3,3.3,27.8,19.6,21.9
2025-12-25T10:25:11Z,0,0,0,3.9,0.2,0,27.4,847.5,27,27.6,45.4,982,7828,0,0.9,83,1.7,1.7,27.7,19.5,21.8
2025-12-25T10:40:17Z,0,0,0,3.8,0.2,0,27.4,847.1,27.3,28.4,43.2,965,7668,0,1.8,99,3.5,3.5,28.3,19.7,22.2
2025-12-25T10:55:22Z,0,0,0,3.7,0.2,0,27.5,847,27.6,28.5,43.9,943,7427,0,0.5,142,2,2,28.4,19.9,22.3
2025-12-25T11:10:27Z,0,0,0,3.5,0.2,0,28.4,846.6,28.1,29.5,42,916,7135,0,0.6,71,1.3,1.3,29.3,20.4,23
2025-12-25T11:25:32Z,0,0,0,3.4,0.2,0,27.5,846.3,27.6,28.7,43.6,886,6837,0,1.2,124,2.6,2.6,28.6,20.1,22.5
2025-12-25T11:40:37Z,0,0,0,3.2,0.2,0,28.2,846.2,28.1,29.5,42.5,864,6601,0,1.3,63,2,2,29.3,20.5,23
2025-12-25T11:55:42Z,0,0,0,3,0.2,0,28.6,846,28.8,29.9,43.9,821,6160,0,0.5,89,2.2,2.2,30.1,21.1,23.5
2025-12-25T12:11:39Z,0,0,0,2.8,0.2,0,28.5,845.9,28.4,29.9,42.1,776,5692,0,1.2,76,2.6,2.6,29.8,20.7,23.3
2025-12-25T12:27:31Z,0,0,0,2.6,0.2,0,28.5,845.7,28.5,30,41.8,734,5241,0,0.5,94,1.7,1.7,29.9,20.8,23.4
2025-12-25T12:42:37Z,0,0,0,2.4,0.2,0,29.2,845.6,29.6,30.7,41.8,697,4835,0,0.6,47,1.7,1.7,30.8,21.4,23.9
2025-12-25T12:57:42Z,0,0,0,2,0.2,0,28.2,845.5,28.3,29.6,42.1,626,4078,0,0.9,97,2.4,2.4,29.5,20.5,23.1
2025-12-25T13:12:46Z,0,0,0,1.7,0.2,0,29.1,845.6,29.1,30.2,41.3,582,3628,0,0.1,119,0.4,0.4,30.1,20.9,23.5
2025-12-25T13:27:51Z,0,0,0,1.5,0.2,0,28.5,845.6,28.4,29.9,40.3,539,3175,0,0.9,76,1.6,1.6,29.6,20.4,23.2
2025-12-25T13:43:17Z,0,0,0,1.2,0.2,0,28.1,845.8,28.2,29.4,42.7,485,2615,0,0.9,105,2,2,29.3,20.5,22.9
2025-12-25T13:58:22Z,0,0,0,0.9,0.2,0,27.2,846,27.3,28.2,44.7,433,2077,0,0.1,100,0.4,0.4,28.3,19.9,22.2
2025-12-25T14:13:24Z,0,0,0,0.7,0.2,0,26.6,846.1,26.8,27.7,45.8,386,1558,0,1.1,47,2.4,2.4,27.8,19.6,21.9
2025-12-25T14:28:34Z,0,0,0,0.3,0.2,0,25.8,846.4,25.9,26.5,49.1,319,804,0,0.9,65,1.3,1.3,26.5,19.1,20.9
2025-12-25T14:43:39Z,0,0,0,0.3,0.2,0,24.9,846.6,25,25.4,52,307,678,0,0,104,0.2,0.2,25.4,18.6,20
2025-12-25T14:58:44Z,0,0,0,0.2,0.2,0,24.4,846.6,24.5,24.8,53.4,290,522,0,0.8,81,1.5,1.5,24.8,18.3,19.6
2025-12-25T15:13:44Z,0,0,0,0.1,0.2,0,23.7,846.8,23.9,24.1,56.9,279,428,0,1.2,87,3.1,3.1,24.1,18.3,19.1
2025-12-25T15:28:47Z,0,0,0,0.1,0.2,0,23.2,847,23.3,23.5,59.6,267,312,0,0.5,109,1.1,1.1,23.5,18.1,18.6
2025-12-25T15:44:41Z,0,0,0,0,0.2,0,22.7,847.1,22.8,23,61.3,261,259,0,0.8,85,2,2,22.9,17.8,18.1
2025-12-25T15:59:46Z,0,0,0,0,0.2,0,22.3,847.3,22.4,22.6,62.8,261,254,0,0.7,47,1.3,1.3,22.6,17.7,17.8
2025-12-25T16:14:46Z,0,0,0,0,0.2,0,22,847.4,22.2,22.4,63.8,260,255,0,0,101,0.2,0.2,22.4,17.7,17.6
2025-12-25T16:29:52Z,0,0,0,0,0.2,0,21.8,847.9,22.1,22.1,64.6,261,253,0,0.1,82,0.4,0.4,22.1,17.6,17.4
2025-12-25T16:44:57Z,0,0,0,0,0.2,0,21.6,848,21.8,22,65.7,261,254,0,0,97,0.2,0.2,21.9,17.5,17.2
2025-12-25T17:00:02Z,0,0,0,0,0.2,0,21.4,848.3,21.6,21.8,66.4,260,253,0,0,100,0.2,0.2,21.8,17.5,17.1
2025-12-25T17:15:26Z,0,0,0,0,0.2,0,21.3,848.5,21.4,21.6,67.6,260,254,0,0,96,0,0,21.6,17.4,16.9
2025-12-25T17:30:31Z,0,0,0,0,0.2,0,21,848.7,21.2,21.4,68.5,261,253,0,0.6,93,1.3,1.3,21.4,17.4,16.8
2025-12-25T17:46:23Z,0,0,0,0,0.2,0,21,848.8,21.2,21.3,68.9,261,254,0,0.3,38,0.9,0.9,21.3,17.4,16.7
2025-12-25T18:01:48Z,0,0,0,0,0.2,0,21.1,848.9,21.2,21.4,68.7,260,255,0,0.4,90,1.3,1.3,21.4,17.4,16.8
2025-12-25T18:16:53Z,0,0,0,0,0.2,0,21.1,849,21.2,21.5,68.5,261,254,0,0.4,113,0.9,0.9,21.5,17.5,16.9
2025-12-25T18:31:58Z,0,0,0,0,0.2,0,21.1,849.1,21.2,21.4,69.2,259,253,0,0,112,0.2,0.2,21.4,17.5,16.8
2025-12-25T18:47:04Z,0,0,0,0,0.2,0,21,849,21.2,21.3,70,261,254,0,0.2,64,1.1,1.1,21.3,17.5,16.7
2025-12-25T19:02:09Z,0,0,0,0,0.2,0,20.9,849.1,21,21.2,70.7,259,254,0,0.1,31,0.4,0.4,21.2,17.5,16.6
2025-12-25T19:17:15Z,0,0,0,0,0.2,0,20.7,849.2,20.9,21.1,70.8,260,253,0,0.7,58,2.2,2.2,21.1,17.4,16.5
2025-12-25T19:32:19Z,0,0,0,0,0.2,0,20.5,849.1,20.7,20.9,70.8,259,253,0,0.5,73,1.1,1.1,20.9,17.2,16.4
2025-12-25T19:47:24Z,0,0,0,0,0.2,0,20.1,849.1,20.2,20.5,71.9,260,252,0,0.1,120,0.7,0.7,20.5,17,16
2025-12-25T20:02:29Z,0,0,0,0,0.2,0,19.9,849.4,20.1,20.2,73.7,263,254,0,0,120,0,0,20.2,16.9,15.8
2025-12-25T20:17:52Z,0,0,0,0,0.2,0,19.9,849.3,20.1,20.2,73.8,261,254,0,0,76,0,0,20.2,17,15.8
2025-12-25T20:32:57Z,0,0,0,0,0.2,0,19.9,849.3,20,20.2,74.2,260,254,0,0,76,0,0,20.2,17,15.8
2025-12-25T20:48:03Z,0,0,0,0,0.2,0,19.8,849.2,19.9,20.1,75.3,260,254,0,0,76,0,0,20.1,17,15.7
2025-12-25T21:03:08Z,0,0,0,0,0.2,0,19.5,849,19.6,19.8,76.9,260,254,0,0,76,0,0,19.8,16.9,15.4
2025-12-25T21:18:13Z,0,0,0,0,0.2,0,19,848.9,19.1,19.2,79.1,261,253,0,0,76,0,0,19.3,16.7,14.9
2025-12-25T21:33:18Z,0,0,0,0,0.2,0,18.4,848.7,18.6,18.7,80.8,261,253,0,0,76,0,0,18.8,16.4,14.4
2025-12-25T21:48:23Z,0,0,0,0,0.2,0,18.2,848.7,18.2,18.4,82.5,260,255,0,0,76,0.2,0.2,18.5,16.3,14.1
2025-12-25T22:03:29Z,0,0,0,0,0.2,0,17.9,848.7,18.1,18.3,82.9,260,254,0,0,76,0,0,18.3,16.2,14
2025-12-25T22:18:34Z,0,0,0,0,0.2,0,17.9,848.7,18.1,18.2,83.9,258,253,0,0,76,0,0,18.3,16.3,14
2025-12-25T22:33:56Z,0,0,0,0,0.2,0,18,848.5,18.2,18.4,83.1,260,253,0,0.1,76,0.4,0.4,18.4,16.4,14.1
2025-12-25T22:49:02Z,0,0,0,0,0.2,0,18,848.2,18.2,18.4,82.7,261,253,0,0,76,0,0,18.4,16.3,14.1
2025-12-25T23:04:07Z,0,0,0,0,0.2,0,17.7,848.3,17.9,18,84,262,254,0,0,76,0.2,0.2,18,16.1,13.8
2025-12-25T23:19:12Z,0,0,0,0,0.2,0,17.5,848.1,17.7,17.8,84.2,260,253,0,0,76,0,0,17.9,16,13.6
2025-12-25T23:34:17Z,0,0,0,0,0.2,0,17.5,848.3,17.7,17.9,84.5,258,254,0,0,76,0,0,17.9,16.1,13.7
2025-12-25T23:49:23Z,0,0,0,0,0.2,0,17.8,848.4,18.1,18.3,83.7,259,254,0,0,34,0,0,18.4,16.4,14.1
2025-12-26T00:00:27Z,0,0,0,0,0.2,0,18.1,848.3,18.4,18.6,82.1,260,253,0,0.2,33,0.7,0.7,18.6,16.4,14.3
2025-12-26T00:15:32Z,0,0,0,0,0.2,0,17.9,848,18.1,18.4,82.4,259,253,0,0.1,33,0.2,0.2,18.4,16.2,14.1
2025-12-26T00:30:58Z,0,0,0,0,0.2,0,17.6,848.1,17.6,17.9,83.6,260,254,0,0,33,0,0,17.9,15.9,13.6
2025-12-26T00:46:03Z,0,0,0,0,0.2,0,17.3,848.2,17.4,17.6,84.5,260,254,0,0.1,32,0.4,0.4,17.6,15.8,13.4
2025-12-26T01:01:08Z,0,0,0,0,0.2,0,17.1,848.3,17.2,17.5,85.2,260,254,0,0,33,0,0,17.5,15.7,13.2
2025-12-26T01:16:13Z,0,0,0,0,0.2,0,17,848.4,17.2,17.4,85.8,259,254,0,0,33,0.2,0.2,17.4,15.7,13.2
2025-12-26T01:31:19Z,0,0,0,0,0.2,0,16.8,848.3,16.9,17.2,86.2,261,254,0,0,33,0,0,17.2,15.5,12.9
2025-12-26T01:46:24Z,0,0,0,0,0.2,0,16.7,848.4,16.8,17.1,86.2,258,254,0,0,33,0,0,17.1,15.5,12.9
2025-12-26T02:01:29Z,0,0,0,0,0.2,0,16.4,848.4,16.5,16.7,86.9,260,253,0,0,33,0,0,16.7,15.2,12.5
2025-12-26T02:16:34Z,0,0,0,0,0.2,0,16.1,848.5,16.3,16.4,87.9,259,253,0,0,33,0,0,16.4,15,12.2
2025-12-26T02:31:40Z,0,0,0,0,0.2,0,15.9,848.6,16.2,16.3,88.9,260,253,0,0,33,0,0,16.3,15,12.1
2025-12-26T02:47:02Z,0,0,0,0,0.2,0,15.8,848.7,16.1,16.1,89.2,261,254,0,0,33,0,0,16.1,14.9,11.9
2025-12-26T03:02:07Z,0,0,0,0,0.2,0,15.6,848.7,15.9,16,89.6,261,254,0,0,33,0,0,16,14.8,11.8
2025-12-26T03:17:11Z,0,0,0,0,0.2,0,15.5,848.9,15.8,15.9,89.8,261,268,0,0,33,0,0,15.9,14.7,11.7
2025-12-26T03:32:17Z,0,0,0,0.1,0.2,0,15.4,848.9,15.8,15.8,90.2,267,326,0,0,33,0,0,15.8,14.6,11.6
2025-12-26T03:47:22Z,0,0,0,0.1,0.2,0,15.6,849,16,16,90.7,282,467,0,0.1,32,0.7,0.7,16,14.9,11.8
2025-12-26T04:02:27Z,0,0,0,0.2,0.2,0,15.9,849.3,16.3,16.3,89.1,296,584,0,0.2,33,0.7,0.7,16.3,15.1,12.1
2025-12-26T04:17:32Z,0,0,0,0.3,0.2,0,16.4,849.5,16.6,16.8,87,314,764,0,0.1,33,0.4,0.4,16.8,15.2,12.6
2025-12-26T04:32:38Z,0,0,0,0.3,0.2,0,17.1,849.6,17.3,17.5,84.3,318,780,0,0.1,21,0.2,0.2,17.5,15.6,13.2
2025-12-26T04:47:43Z,0,0,0,0.5,0.2,0,18,849.6,18.2,18.4,81.2,343,1056,0,0.5,20,0.9,0.9,18.4,16.1,14.1
2025-12-26T05:03:07Z,0,0,0,1,0.2,0,19.1,849.6,19.2,19.3,78.5,438,2161,0,0.3,16,1,1,19.3,16.7,14.9
2025-12-26T05:18:12Z,0,0,0,1.3,0.2,0,21.4,849.7,20.8,20.6,74.2,495,2759,0,0.4,15,0.9,0.9,20.6,17.4,16.1
2025-12-26T05:33:25Z,0,0,0,1.5,0.2,0,23.8,849.6,22.9,22.7,66.3,536,3184,0,0.2,16,0.7,0.7,22.7,18.3,17.9
2025-12-26T05:48:31Z,0,0,0,1.8,0.2,0,24.9,849.6,23.9,24.3,59,583,3669,0,0.7,76,1.5,1.5,24.3,18.7,19.2
2025-12-26T06:03:36Z,0,0,0,2,0,0,25.6,849.5,24.7,25,55.8,627,4124,0,0.9,60,1.7,1.7,25,18.9,19.8
2025-12-26T06:18:41Z,0,0,0,2.2,0,0,26.1,849.5,25.2,25.4,55.2,674,4618,0,0.4,30,0.9,0.9,25.4,19.1,20.1
2025-12-26T06:33:46Z,0,0,0,2.5,0,0,25.3,849.3,25,25.7,53.7,723,5111,0,0.2,139,1.3,1.3,25.8,19.2,20.3
2025-12-26T06:49:28Z,0,0,0,2.7,0,0,25.1,849.3,25.6,25.2,55.5,760,5542,0,0.4,158,0.9,0.9,25.3,19,20
2025-12-26T07:04:32Z,0,0,0,2.9,0,0,27,849.1,26.2,26.9,50.8,799,5924,0,0.8,82,1.5,1.5,27.4,19.7,21.6
2025-12-26T07:20:11Z,0,0,0,3.3,0,0,27.1,849,26.5,27.5,49.7,865,6605,0,0.1,49,0.7,0.7,27.9,20.1,21.9
2025-12-26T07:35:17Z,0,0,0,3.4,0,0,27.3,848.8,27.6,27.7,49.2,895,6924,0,0.4,172,1.1,1.1,28.1,20.2,22.1
2025-12-26T07:50:22Z,0,0,0,3.6,0,0,27,848.7,26.9,27.6,50,934,7352,0,0.4,189,1.3,1.3,28.1,20.3,22.1
2025-12-26T08:05:27Z,0,0,0,3.7,0,0,26.4,848.5,26.5,27.1,50.4,954,7545,0,1.4,87,3.4,3.4,27.5,19.9,21.7
2025-12-26T08:20:32Z,0,0,0,3.3,0,0,27.4,848.3,27.2,28.1,47.3,869,6574,0,0.7,72,3.1,3.1,28.3,20.2,22.3
2025-12-26T08:35:37Z,0,0,0,4.1,0,0,26.9,848.1,26.7,27.6,49.8,1014,8176,0,0.3,101,1.1,1.1,28,20.2,22
2025-12-26T08:50:42Z,0,0,0,4.1,0,0,27.5,847.8,27.5,28.2,48.2,1013,8133,0,0.5,120,1.3,1.3,28.5,20.4,22.4
2025-12-26T09:05:47Z,0,0,0,4.1,0,0,27.8,847.7,28.1,28.5,46.4,1015,8161,0,0.9,49,2,2,28.6,20.3,22.5
2025-12-26T09:20:52Z,0,0,0,4.1,0,0,27.9,847.6,28.2,28.7,45.5,1019,8161,0,1.1,152,2.6,2.6,28.8,20.4,22.6
2025-12-26T09:36:16Z,0,0,0,4.1,0,0,28,847.4,27.8,28.9,45.5,1020,8182,0,1,124,3.5,3.5,29,20.5,22.7
2025-12-26T09:51:20Z,0,0,0,4.2,0,0,27.9,847.1,27.9,28.9,44.8,1040,8433,0,1,89,2.8,2.8,28.9,20.4,22.7
2025-12-26T10:06:49Z,0,0,0,4.1,0,0,28.8,846.8,28.6,29.5,42.6,1021,8195,0,1.4,84,2.8,2.8,29.4,20.5,23
2025-12-26T10:22:38Z,0,0,0,4.4,0,0,28.3,846.4,28.6,29.2,42.6,1078,8864,0,0.5,183,1.3,1.3,29.1,20.3,22.8
2025-12-26T10:37:43Z,0,0,0,1.1,0,0,28.1,846.3,28.1,29.1,42.6,468,2213,0,1.8,89,3.6,3.6,29,20.2,22.7
2025-12-26T10:52:48Z,0,0,0,3.8,0,0,29.3,846.1,29.2,30,41.1,961,7576,0,0.4,109,1.3,1.3,29.8,20.7,23.3
2025-12-26T11:07:53Z,0,0,0,3.6,0,0,27.9,845.8,27.8,28.9,42.7,937,7364,0,1.3,65,2.6,2.6,28.7,20,22.5
2025-12-26T11:23:16Z,0,0,0,3.3,0,0,29.2,845.6,29.2,30.1,41,883,6717,0,0.6,175,1.3,1.3,29.9,20.7,23.4
2025-12-26T11:38:21Z,0,0,0,3.3,0,0,29.6,845.2,29.6,30.6,40.3,868,6602,0,0.9,102,3.7,3.7,30.4,21,23.7
2025-12-26T11:53:35Z,0,0,0.2,3.1,0,0,29.6,845.2,29.6,30.6,39.3,839,6313,0,1,93,3.1,3.1,30.4,20.8,23.7
2025-12-26T12:08:40Z,0,0,0.2,2.8,0,0,30.8,845,30.6,31.8,40.2,789,5776,0,0.4,82,1.6,1.6,32,21.9,24.7
2025-12-26T12:23:45Z,0,0,0.2,2.7,0,0,29.7,845,29.5,30.8,38.6,759,5469,0,0.6,101,2,2,30.4,20.8,23.7
2025-12-26T12:39:26Z,0,0,0.2,2.5,0,0,29.3,844.9,29.5,30.6,39.5,718,5074,0,1.1,72,3.1,3.1,30.3,20.8,23.6
2025-12-26T12:54:31Z,0,0,0.2,2.2,0,0,30.2,844.7,30.4,31.4,38.6,664,4494,0,0.9,56,2,2,31.2,21.3,24.2
2025-12-26T13:09:52Z,0,0,0.2,2,0,0,29.7,844.6,30,31.2,38.8,624,4073,0,0.5,120,1.5,1.5,30.9,21.1,24
2025-12-26T13:25:23Z,0,0,0.2,1.7,0,0,29.1,844.6,29.2,30.5,37.8,567,3453,0,1.1,74,2.6,2.6,30.1,20.4,23.5
2025-12-26T13:40:25Z,0,0,0.2,1.5,0,0,28.9,844.7,29,30.3,39,527,3071,0,1,88,2.6,2.6,29.9,20.5,23.3
2025-12-26T13:55:46Z,0,0,0.2,1.2,0,0,29.3,844.6,29.3,30.9,37.5,475,2534,0,1.1,65,2.2,2.2,30.4,20.6,23.7
2025-12-26T14:11:31Z,0,0,0.2,0.9,0,0,28.2,844.8,28.4,29.6,40.1,427,2027,0,0.2,156,0.9,0.9,29.2,20.1,22.9
2025-12-26T14:26:39Z,0,0,0.2,0.6,0,0,27.7,844.9,27.6,28.8,41.9,377,1465,0,1.4,93,3.3,3.3,28.5,19.8,22.4
2025-12-26T14:41:47Z,0,0,0.2,0.3,0,0,26.4,845,26.4,26.9,45.9,317,769,0,1.4,86,2.8,2.8,27.1,18.9,21.3
2025-12-26T14:56:52Z,0,0,0.2,0.2,0,0,25.7,845.2,25.8,26.1,48.2,301,628,0,0.7,155,3.1,3.1,26.1,18.7,20.6
2025-12-26T15:12:33Z,0,0,0.2,0.1,0,0,25,845.6,25.1,25.5,49.5,277,421,0,1.5,85,2.8,2.8,25.4,18.3,20.1
2025-12-26T15:27:36Z,0,0,0.2,0.1,0,0,24.5,845.9,24.6,24.9,51.5,269,341,0,1.3,81,3.5,3.5,24.8,18.1,19.6
2025-12-26T15:42:41Z,0,0,0.2,0,0,0,24,846.1,24.2,24.3,53.1,261,262,0,1,72,2.2,2.2,24.3,17.9,19.2
2025-12-26T15:57:46Z,0,0,0.2,0,0,0,23.5,846.2,23.7,23.9,54.7,261,253,0,0.7,105,2.2,2.2,23.8,17.7,18.8
2025-12-26T16:12:46Z,0,0,0.2,0,0,0,23.2,846.6,23.3,23.4,56,261,253,0,0.3,91,0.7,0.7,23.4,17.5,18.5
2025-12-26T16:27:57Z,0,0,0.2,0,0,0,22.9,846.8,23.1,23.2,57,260,254,0,0.4,95,1.3,1.3,23.1,17.5,18.2
2025-12-26T16:43:10Z,0,0,0.2,0,0,0,22.5,847.1,22.6,22.8,58.4,260,253,0,0.7,81,1.5,1.5,22.7,17.3,17.9
2025-12-26T16:58:50Z,0,0,0.2,0,0,0,22.2,847.2,22.3,22.5,60.1,260,254,0,0.3,92,1.7,1.7,22.4,17.2,17.6
2025-12-26T17:14:39Z,0,0,0.2,0,0,0,21.7,847.5,21.9,22,61.6,262,254,0,0,67,0,0,22,17.1,17.3
2025-12-26T17:29:44Z,0,0,0.2,0,0,0,21.4,847.7,21.5,21.7,63,260,253,0,0.2,63,0.9,0.9,21.7,17,17
2025-12-26T17:44:56Z,0,0,0.2,0,0,0,21.1,848.1,21.2,21.4,64.7,260,254,0,0,106,0,0,21.4,16.9,16.8
2025-12-26T18:00:53Z,0,0,0.2,0,0,0,21.4,848.2,21.6,21.7,65.3,260,253,0,0.2,92,0.4,0.4,21.6,17.2,17
2025-12-26T18:16:29Z,0,0,0.2,0,0,0,21.5,848.4,21.6,21.8,65.8,260,255,0,0.2,108,0.7,0.7,21.7,17.4,17.1
2025-12-26T18:31:50Z,0,0,0.2,0,0,0,21.4,848.7,21.6,21.7,66.3,261,253,0,0.1,94,0.2,0.2,21.7,17.4,17.1
2025-12-26T18:47:50Z,0,0,0.2,0,0,0,21.2,848.8,21.4,21.6,67.7,260,254,0,0,84,0,0,21.6,17.4,16.9
2025-12-26T19:03:33Z,0,0,0.2,0,0,0,20.8,848.6,21,21.2,69.9,259,253,0,0.2,57,0.7,0.7,21.2,17.4,16.6
2025-12-26T19:18:49Z,0,0,0.2,0,0,0,20.5,848.6,20.6,20.8,71.6,260,254,0,0,96,0.2,0.2,20.8,17.3,16.3
2025-12-26T19:33:50Z,0,0,0.2,0,0,0,20.2,848.6,20.4,20.6,73.2,261,252,0,0,110,0.2,0.2,20.6,17.2,16.1
2025-12-26T19:49:37Z,0,0,0.2,0,0,0,20,848.7,20.1,20.3,74.4,259,254,0,0,81,0,0,20.3,17.1,15.8
2025-12-26T20:04:38Z,0,0,0.2,0,0,0,19.7,848.8,19.9,20,77,262,254,0,0.4,84,0.7,0.7,20.1,17.2,15.6
2025-12-26T20:20:34Z,0,0,0.2,0,0,0,19.5,849,19.6,19.8,78.2,261,253,0,0.1,86,0.4,0.4,19.8,17.1,15.4
2025-12-26T20:35:50Z,0,0,0.2,0,0,0,19.6,849,19.8,20,77.7,261,253,0,0,86,0,0,20.1,17.3,15.6
2025-12-26T20:53:05Z,0,0,0.2,0,0,0,19.7,849,19.9,20.1,77.2,261,254,0,0.1,62,0.4,0.4,20.2,17.3,15.7
2025-12-26T21:08:24Z,0,0,0.2,0,0,0,19.8,848.8,19.9,20.1,79.8,262,254,0,0.9,89,1.3,1.3,20.2,17.6,15.7
2025-12-26T21:24:18Z,0,0,0.2,0,0,0,19.7,848.5,19.9,20.1,80.8,260,252,0,0.2,76,0.8,0.8,20.2,17.7,15.7
2025-12-26T21:39:59Z,0,0,0.2,0,0,0,19.4,848.6,19.6,19.8,82,259,254,0,0,77,0,0,19.9,17.6,15.5
2025-12-26T21:55:22Z,0,0,0.2,0,0,0,19.2,848.5,19.4,19.5,83.1,261,252,0,0,80,0,0,19.6,17.5,15.2
2025-12-26T22:10:45Z,0,0,0.2,0,0,0,19,848.3,19.2,19.4,83.9,259,252,0,0,80,0.2,0.2,19.5,17.4,15.1
2025-12-26T22:25:50Z,0,0,0.2,0,0,0,19.1,848.2,19.2,19.5,83.7,260,253,0,0,79,0,0,19.6,17.5,15.2
2025-12-26T22:41:37Z,0,0,0.2,0,0,0,19,848,19.1,19.4,83.3,260,255,0,0,75,0.2,0.2,19.5,17.3,15.1
2025-12-26T22:56:43Z,0,0,0.2,0,0,0,18.9,847.8,19.1,19.2,83.7,261,254,0,0,112,0.2,0.2,19.3,17.2,14.9
2025-12-26T23:11:48Z,0,0,0.2,0,0,0,18.8,847.6,18.9,19.1,84.5,260,252,0,0,112,0,0,19.2,17.2,14.8
2025-12-26T23:26:53Z,0,0,0.2,0,0,0,18.7,847.7,18.8,18.9,85.2,259,254,0,0.1,112,0.4,0.4,19,17.1,14.7
2025-12-26T23:41:59Z,0,0,0.2,0,0,0,18.6,847.7,18.8,18.9,85.5,261,253,0,0.1,341,0.2,0.2,19,17.2,14.7
2025-12-26T23:57:04Z,0,0,0.2,0,0,0,18.6,847.7,18.7,18.9,85.6,261,253,0,0,335,0,0,19,17.2,14.7
2025-12-27T00:00:05Z,0,0,0.2,0,0,0,18.6,847.7,18.7,18.9,85.7,260,253,0,0,336,0.2,0.2,19,17.2,14.7
2025-12-27T00:15:30Z,0,0,0.2,0,0,0,18.7,847.6,18.8,19,85.7,262,253,0,0,335,0,0,19.1,17.3,14.8
2025-12-27T00:30:35Z,0,0,0.2,0,0,0,18.7,847.5,18.9,19.1,85.8,261,252,0,0,107,0.2,0.2,19.2,17.4,14.8
2025-12-27T00:45:40Z,0,0,0.2,0,0,0,18.7,847.4,18.9,19.1,85.9,259,254,0,0,107,0,0,19.2,17.4,14.8
2025-12-27T01:00:45Z,0,0,0.2,0,0,0,18.6,847.5,18.8,19,86.1,260,252,0,0,107,0,0,19.1,17.3,14.7
2025-12-27T01:15:50Z,0,0,0.2,0,0,0,18.6,847.7,18.8,18.9,86.6,260,253,0,0,107,0,0,19,17.3,14.7
2025-12-27T01:30:55Z,0,0,0.2,0,0,0,18.5,847.7,18.7,18.9,86.2,261,253,0,0.2,107,0.6,0.6,19,17.2,14.7
2025-12-27T01:46:00Z,0,0,0.2,0,0,0,18.4,847.7,18.5,18.8,86.6,260,253,0,0,107,0.2,0.2,18.9,17.2,14.5
2025-12-27T02:01:05Z,0,0,0.2,0,0,0,18.3,847.9,18.5,18.7,87.1,259,253,0,0.1,107,0.2,0.2,18.8,17.2,14.5
2025-12-27T02:16:10Z,0,0,0.2,0,0,0,18.5,847.8,18.6,18.9,86.8,260,254,0,0,107,0.2,0.2,19,17.3,14.6
2025-12-27T02:31:56Z,0,0,0.2,0,0,0,18.5,848,18.7,18.9,86.6,261,253,0,0,107,0.2,0.2,19,17.3,14.7
2025-12-27T02:47:01Z,0,0,0.2,0,0,0,18.4,848,18.6,18.8,86.9,261,254,0,0,107,0.2,0.2,18.9,17.2,14.6
2025-12-27T03:02:07Z,0,0,0.2,0,0,0,18.3,848.2,18.4,18.7,87.3,261,253,0,0,107,0,0,18.8,17.1,14.4
2025-12-27T03:17:11Z,0,0,0.2,0,0,0,18.2,848.2,18.3,18.5,87.9,260,267,0,0,107,0,0,18.6,17.1,14.3
2025-12-27T03:32:16Z,0,0,0.2,0,0,0,18,848.4,18.1,18.3,88.5,265,298,0,0,107,0,0,18.4,16.9,14.1
2025-12-27T03:47:40Z,0,0,0.2,0.1,0,0,17.9,848.6,18.1,18.2,89.4,279,454,0,0,107,0,0,18.3,16.9,14
2025-12-27T04:02:44Z,0,0,0.2,0.2,0,0,18.1,848.8,18.3,18.5,89.4,290,575,0,0,107,0.2,0.2,18.6,17.2,14.3
2025-12-27T04:17:49Z,0,0,0.2,0.2,0,0,18.4,848.9,18.6,18.8,87.9,299,652,0,0.1,107,0.7,0.7,18.9,17.4,14.6
2025-12-27T04:32:58Z,0,0,0.2,0.3,0,0,18.9,849,19.1,19.2,86.6,322,900,0,0,107,0,0,19.3,17.6,15
2025-12-27T04:48:03Z,0,0,0.2,0.6,0,0,19.4,849,19.5,19.7,83.8,359,1304,0,0.4,26,0.7,0.7,19.8,17.7,15.4
2025-12-27T05:03:08Z,0,0,0.2,0.8,0,0,20.2,849,20.2,20.4,80.5,403,1759,0,0.3,85,0.7,0.7,20.5,18,16
2025-12-27T05:18:49Z,0,0,0.2,1.3,0,0,22.2,848.9,21.8,21.9,74.1,504,2894,0,0.6,92,0.9,0.9,22,18.6,17.3
2025-12-27T05:33:54Z,0,0,0.2,1,0,0,22.7,848.6,22.3,22.6,70.6,451,2232,0,0.5,57,0.9,0.9,22.7,18.8,17.9
2025-12-27T05:48:59Z,0,0,0.2,1.1,0,0,21.8,848.4,21.6,22.2,72.3,457,2277,0,0.3,87,0.4,0.4,22.3,18.6,17.5
2025-12-27T06:04:04Z,0,0,0,2.7,0.2,0,24.6,848.2,24.1,24.1,67.7,751,5546,0,0.1,30,0.2,0.2,24.2,19.8,19.1
2025-12-27T06:19:24Z,0,0,0,2.3,0.2,0,24.8,847.9,24.2,25.4,60.3,694,4806,0,1.3,91,2,2,25.5,19.9,20.1
2025-12-27T06:34:48Z,0,0,0,1.9,0.2,0,26.6,847.7,26.2,26.4,58.5,605,3723,0,0.3,30,1.1,1.1,26.5,20.5,20.9
2025-12-27T06:49:53Z,0,0,0,1.3,0.2,0,26.2,847.6,25.6,26.6,55.8,500,2547,0,0.9,76,1.7,1.7,26.6,20.3,21
2025-12-27T07:04:59Z,0,0,0,3.1,0.2,0,25.6,847.6,25.6,25.5,57.5,829,6280,0,0.8,148,1.1,1.1,25.6,19.6,20.2
2025-12-27T07:20:04Z,0,0,0,3.2,0.2,0,25.5,847.5,25.4,25.9,58.2,864,6613,0,0.1,101,0.7,0.7,26,20.1,20.6
2025-12-27T07:35:06Z,0,0,0,1.1,0.2,0,25.6,847.4,26,26.1,55.4,460,2143,0,0.4,202,0.9,0.9,26.1,19.8,20.6
2025-12-27T07:50:12Z,0,0,0,1.7,0.2,0,25.9,847.3,26.4,26,54.9,567,3315,0,0.4,202,0.7,0.7,26.1,19.7,20.6
2025-12-27T08:05:17Z,0,0,0,3.8,0.2,0,27.8,847.1,28.1,27.9,51.5,975,7729,0,1,202,1.7,1.7,28.4,20.7,22.3
2025-12-27T08:20:22Z,0,0,0,3.8,0.2,0,28.2,847,28.2,28.7,49.9,964,7640,0,0.2,111,0.7,0.7,29.2,21.1,22.9
2025-12-27T08:35:27Z,0,0,0,3.8,0.2,0,27.1,846.9,27.6,27.8,50,964,7659,0,0.7,129,1.3,1.3,28.2,20.4,22.2
2025-12-27T08:50:32Z,0,0,0,1.7,0.2,0,26.8,846.6,27.3,27.6,51.1,573,3284,0,0.5,133,1.3,1.3,28.1,20.4,22.1
2025-12-27T09:05:55Z,0,0,0,4,0.2,0,27.8,846.3,27.9,28.4,48.7,1007,8051,0,0.8,116,2.2,2.2,28.8,20.7,22.6
2025-12-27T09:21:02Z,0,0,0,4,0.2,0,27.7,846.2,27.6,28.5,49.2,1003,8040,0,0.6,68,1.3,1.3,28.9,20.9,22.7
2025-12-27T09:36:08Z,0,0,0,4.2,0.2,0,27.5,846,27.6,28.2,47.7,1047,8502,0,0.7,111,1.3,1.3,28.5,20.4,22.4
2025-12-27T09:51:13Z,0,0,0,3.9,0.2,0,27.7,845.7,27.6,28.3,46.6,992,8038,0,0.7,89,1.3,1.3,28.5,20.3,22.4
2025-12-27T10:06:17Z,0,0,0,3.9,0.2,0,28.6,845.5,28.5,29.5,44.3,984,7785,0,1,100,1.5,1.5,29.6,20.9,23.2
2025-12-27T10:21:22Z,0,0,0,1.5,0.2,0,28.8,845.2,28.4,29,45.5,534,2929,0,1,287,1.5,1.5,29.1,20.6,22.8
2025-12-27T10:36:27Z,0,0,0,2.5,0.2,0,29.4,845,29.1,30,43.9,732,4994,0,1.2,26,2.4,2.4,30.2,21.2,23.5
2025-12-27T10:51:32Z,0,0,0,3.7,0.2,0,28.8,844.9,28.7,29.7,44.2,938,7355,0,1.6,86,2.6,2.6,29.9,21,23.3
2025-12-27T11:06:56Z,0,0,0,3.5,0.2,0,28.9,844.6,28.8,29.6,44,906,6990,0,1.3,70,2.4,2.4,29.7,20.9,23.2
2025-12-27T11:23:27Z,0,0,0,1.5,0.2,0,28.7,844.2,28.7,29.7,46,532,2963,0,0.1,50,0.4,0.4,30.1,21.3,23.5
2025-12-27T11:38:32Z,0,0,0,2.2,0.2,0,28.6,844.2,28.2,28.8,42.7,675,4510,0,1.2,46,3,3,28.7,20,22.5
2025-12-27T11:53:37Z,0,0,0,2.6,0.2,0,28.1,843.8,27.8,28.5,43.9,747,5278,0,1.2,28,3.3,3.3,28.4,19.9,22.3
2025-12-27T12:08:59Z,0,0,0,2.4,0.2,0,27.9,843.8,27.6,28.5,48.5,705,4915,0,1.2,66,3.7,3.7,28.9,20.8,22.6
2025-12-27T12:24:04Z,0,0,0,2.2,0.2,0,27.7,843.6,27.6,28.8,48.9,659,4415,0,1.8,70,3.9,3.9,29.2,21,22.9
2025-12-27T12:39:07Z,0,0,0,2,0.2,0,27.9,843.3,27.8,28.8,47.7,640,4242,0,0.7,79,1.4,1.4,29.2,20.9,22.9
2025-12-27T12:54:12Z,0,0,0,2,0.2,0,27.9,843.2,27.9,28.9,48.1,636,4206,0,0.8,66,2.4,2.4,29.3,21,22.9
2025-12-27T13:09:17Z,0,0,0,1.6,0.2,0,28.1,843.1,28,29.3,46.1,565,3441,0,1.1,77,3.5,3.5,29.5,21,23.1
2025-12-27T13:24:26Z,0,0,0,1.4,0.2,0,27.8,843.3,27.8,28.6,47,511,2864,0,1.6,98,2.8,2.8,28.9,20.6,22.6
2025-12-27T13:39:31Z,0,0,0,0.8,0.2,0,26.4,843.6,26.5,27,50.1,396,1647,0,0.5,78,1.7,1.7,27.4,19.7,21.6
2025-12-27T13:54:41Z,0,0,0,0.6,0.2,0,25.9,843.8,26,26.5,50.8,363,1299,0,0.5,72,3.5,3.5,26.5,19.4,20.9
2025-12-27T14:10:26Z,0,0,0,0.4,0.2,0,25.7,843.9,25.8,26.1,51.4,330,949,0,0.7,83,1.3,1.3,26.1,19.2,20.6
2025-12-27T14:26:21Z,0,0,0,0.3,0.2,0,25.1,844,25.3,25.5,51.8,314,773,0,0.6,96,1.3,1.3,25.5,18.7,20.2
2025-12-27T14:41:29Z,0,0,0,0.2,0.2,0,24.9,844.3,25,25.3,52.5,297,614,0,0.6,89,1.3,1.3,25.2,18.6,19.9
2025-12-27T14:56:42Z,0,0,0,0.2,0.2,0,24.7,844.4,24.8,25,53.3,289,558,0,0.6,98,2,2,24.9,18.5,19.7
2025-12-27T15:12:20Z,0,0,0,0.1,0.2,0,24.4,844.5,24.6,24.8,54.3,278,428,0,0.9,98,2.2,2.2,24.7,18.4,19.5
2025-12-27T15:28:19Z,0,0,0,0.1,0.2,0,24.2,844.6,24.3,24.5,55.3,267,309,0,0.3,91,1.5,1.5,24.4,18.3,19.3
2025-12-27T15:43:35Z,0,0,0,0,0.2,0,23.9,845,24,24.2,56.7,262,257,0,0.1,209,0.4,0.4,24.2,18.3,19.1
2025-12-27T15:58:39Z,0,0,0,0,0.2,0,23.7,845.3,23.9,24,58.1,260,254,0,0,93,0,0,24,18.4,19
2025-12-27T16:14:17Z,0,0,0,0,0.2,0,23.5,845.5,23.6,23.8,59.1,261,253,0,0,86,0,0,23.8,18.3,18.8
2025-12-27T16:29:30Z,0,0,0,0,0.2,0,23.3,845.4,23.4,23.6,60.1,262,254,0,1.4,77,2.6,2.6,23.6,18.2,18.6
2025-12-27T16:44:56Z,0,0,0,0,0.2,0,23,846,23.2,23.3,61.3,260,253,0,0.5,92,1.3,1.3,23.3,18.2,18.4
2025-12-27T17:00:33Z,0,0,0,0,0.2,0,23.1,846.3,23.2,23.3,61.3,260,253,0,0.6,70,1.3,1.3,23.3,18.2,18.4
2025-12-27T17:15:39Z,0,0,0,0,0.2,0,23,846.5,23.1,23.3,61.6,261,254,0,1.1,75,2,2,23.3,18.2,18.4
2025-12-27T17:30:44Z,0,0,0,0,0.2,0,22.6,846.7,22.8,23,63.1,260,253,0,0.1,87,0.7,0.7,23,18.1,18.1
2025-12-27T17:46:34Z,0,0,0,0,0.2,0,22.5,846.9,22.6,22.8,64.2,261,254,0,0.1,87,0.4,0.4,22.8,18.1,18
2025-12-27T18:01:49Z,0,0,0,0,0.2,0,22.6,847.1,22.8,22.8,64.4,261,254,0,0.4,91,0.8,0.8,22.8,18.2,18
2025-12-27T18:17:27Z,0,0,0,0,0.2,0,22.6,847.1,22.7,22.9,65.3,261,254,0,0.7,59,2.2,2.2,22.9,18.3,18
2025-12-27T18:32:47Z,0,0,0,0,0.2,0,22.4,847.4,22.6,22.7,66.2,260,253,0,0.2,87,0.4,0.4,22.7,18.3,17.9
2025-12-27T18:47:56Z,0,0,0,0,0.2,0,22.3,847.3,22.5,22.6,66.8,261,253,0,0.3,91,0.9,0.9,22.7,18.3,17.9
2025-12-27T19:03:00Z,0,0,0,0,0.2,0,22.2,847.3,22.4,22.5,66.7,261,252,0,0,79,0.2,0.2,22.6,18.2,17.8
2025-12-27T19:18:29Z,0,0,0,0,0.2,0,22.4,847.5,22.5,22.6,65.2,260,253,0,0,91,0.2,0.2,22.6,18.1,17.8
2025-12-27T19:33:51Z,0,0,0,0,0.2,0,22.2,847.5,22.4,22.6,64.5,260,253,0,1.2,64,2.4,2.4,22.6,17.9,17.8
2025-12-27T19:49:24Z,0,0,0,0,0.2,0,22.1,847.5,22.2,22.4,65.5,260,252,0,0.1,96,0.5,0.5,22.4,17.9,17.7
2025-12-27T20:05:53Z,0,0,0,0,0.2,0,21.3,847.7,21.2,21.4,65.2,260,253,0,0.2,65,1.5,1.5,21.3,17,16.7
2025-12-27T20:21:26Z,0.6,0,0.6,0,0.2,0,19.5,847.8,19.1,19.4,79.9,260,254,0,0.4,316,0.9,0.9,19.4,16.9,15
2025-12-27T20:36:38Z,0,0,1,0,0.2,0,18,847.8,18,18.2,86,260,254,0,0.3,262,0.9,0.9,18.3,16.6,14
2025-12-27T20:52:35Z,0,0,1.6,0,0.2,0,17.5,847.7,17.6,17.8,87.3,261,254,0,0.7,13,1.3,1.3,17.8,16.3,13.6
2025-12-27T21:08:32Z,0,0,4,0,0.2,0,17.2,847.8,17.2,17.4,89.7,260,253,0,0.3,4,0.7,0.7,17.5,16.2,13.2
2025-12-27T21:24:30Z,0,0,4.4,0,0.2,0,17.2,847.6,17.3,17.5,90.6,261,254,0,0.3,327,0.7,0.7,17.6,16.4,13.4
2025-12-27T21:40:01Z,0,0,5.6,0,0.2,0,17.3,847.5,17.4,17.7,91.3,260,253,0,0.3,331,0.7,0.7,17.8,16.6,13.5
2025-12-27T21:55:24Z,0.2,0,6.8,0,0.2,0,17.4,847.5,17.4,17.7,91.5,260,254,0,0,1,0.2,0.2,17.8,16.7,13.6
2025-12-27T22:10:29Z,0,0,8.4,0,0.2,0,17.5,847.2,17.5,17.8,91.8,260,253,0,0,1,0,0,17.9,16.8,13.6
2025-12-27T22:25:30Z,0,0,8.6,0,0.2,0,17.5,847.2,17.6,17.9,92.1,259,254,0,0.2,357,1.1,1.1,18,16.9,13.7
2025-12-27T22:40:35Z,0,0,8.6,0,0.2,0,17.6,847,17.6,17.9,92.2,262,253,0,0.1,358,0.4,0.4,18,16.9,13.7
2025-12-27T22:55:40Z,0,0,8.6,0,0.2,0,17.6,846.9,17.8,18,92.4,260,252,0,0,357,0,0,18.1,17,13.8
2025-12-27T23:10:45Z,0,0,8.8,0,0.2,0,17.7,846.8,17.8,18,92.5,260,253,0,0,356,0,0,18.1,17.1,13.8
2025-12-27T23:25:50Z,0,0,8.8,0,0.2,0,17.7,846.8,17.8,18,92.5,259,253,0,0,357,0.2,0.2,18.1,17.1,13.8
2025-12-27T23:40:55Z,0,0,8.8,0,0.2,0,17.7,846.7,17.9,18,92.5,261,253,0,0.2,298,0.4,0.4,18.2,17.1,13.9
2025-12-27T23:56:00Z,0,0,8.8,0,0.2,0,17.6,846.8,17.7,18,92.3,259,253,0,0.1,278,0.4,0.4,18.1,17,13.8
2025-12-28T00:00:02Z,0,0,8.8,0,0.2,0,17.6,846.7,17.7,18,92.2,260,254,0,0.1,278,0.4,0.4,18.1,17,13.8
2025-12-28T00:15:27Z,0,0,8.8,0,0.2,0,17.7,846.9,17.8,18,92.3,260,253,0,0.1,278,0.4,0.4,18.2,17.1,13.9
2025-12-28T00:30:32Z,0,0,8.8,0,0.2,0,17.7,846.9,17.9,18.1,92.2,259,254,0,0.3,278,0.9,0.9,18.2,17.2,13.9
2025-12-28T00:45:37Z,0,0,8.8,0,0.2,0,17.8,846.9,17.9,18.1,92.1,261,253,0,0.7,275,1.1,1.1,18.3,17.2,14
2025-12-28T01:00:42Z,0,0,8.8,0,0.2,0,17.9,847.1,18,18.3,91.9,262,253,0,0.2,229,1.3,1.3,18.4,17.3,14.1
2025-12-28T01:16:39Z,0,0,8.8,0,0.2,0,17.9,847.1,18.1,18.3,91.8,259,254,0,0,229,0.2,0.2,18.5,17.3,14.2
2025-12-28T01:31:45Z,0,0,8.8,0,0.2,0,18,847.2,18.1,18.4,91.8,260,254,0,0.4,229,1.1,1.1,18.5,17.4,14.2
2025-12-28T01:46:50Z,0,0,8.8,0,0.2,0,17.9,847.2,18,18.2,91.7,260,253,0,0.1,229,0.4,0.4,18.4,17.2,14.1
2025-12-28T02:01:55Z,0,0,8.8,0,0.2,0,17.7,847.4,17.8,18,91.4,260,255,0,0,228,0,0,18.2,17,13.9
2025-12-28T02:17:00Z,0,0,8.8,0,0.2,0,17.8,847.3,17.9,18.1,91.8,261,252,0,0.2,229,0.7,0.7,18.3,17.1,14
2025-12-28T02:32:05Z,0,0,8.8,0,0.2,0,17.5,847.5,17.6,17.8,90.9,261,252,0,0.3,229,0.7,0.7,17.9,16.7,13.6
2025-12-28T02:47:10Z,0,0,10.8,0,0.2,0,17,847.7,17.1,17.4,91.4,260,253,0,0,228,0,0,17.4,16.3,13.2
2025-12-28T03:02:15Z,0,0,10.8,0,0.2,0,17,848,17.1,17.4,92,260,254,0,0,228,0,0,17.5,16.4,13.2
2025-12-28T03:17:37Z,0,0,10.8,0,0.2,0,17.1,848,17.2,17.4,92.4,261,258,0,0,228,0,0,17.5,16.5,13.3
2025-12-28T03:32:42Z,0,0,10.8,0,0.2,0,17,848.2,17.1,17.3,92.6,262,269,0,0,228,0,0,17.4,16.4,13.2
2025-12-28T03:47:48Z,0,0,10.8,0.1,0.2,0,17.1,848.2,17.2,17.5,92.7,272,370,0,0,228,0,0,17.6,16.6,13.3
2025-12-28T04:02:53Z,0,0,11,0.2,0.2,0,17.3,848.2,17.3,17.6,92.9,286,510,0,0,228,0,0,17.7,16.8,13.5
2025-12-28T04:17:58Z,0,0,11,0.3,0.2,0,17.5,848.5,17.6,17.9,93.1,305,715,0,0,228,0,0,18,17,13.7
2025-12-28T04:33:03Z,0,0,11,0.6,0.2,0,17.9,848.7,17.9,18.1,93.1,361,1321,0,0,228,0,0,18.3,17.3,14
2025-12-28T04:48:08Z,0,0,11,0.4,0.2,0,18,848.8,18.1,18.3,92.7,336,1072,0,0,228,0,0,18.5,17.5,14.2
2025-12-28T05:03:14Z,0,0,11,0.5,0.2,0,18.3,849,18.3,18.6,91.7,352,1190,0,0.2,229,0.4,0.4,18.7,17.6,14.4
2025-12-28T05:18:19Z,0,0,11,1.1,0.2,0,18.9,849,18.9,19.2,90.6,463,2463,0,0,228,0,0,19.4,18.1,15
2025-12-28T05:33:41Z,0,0,11,0.5,0.2,0,19.7,849.2,19.6,20,86.7,356,1227,0,0.1,229,0.4,0.4,20.2,18.4,15.7
2025-12-28T05:48:46Z,0,0,11,0.7,0.2,0,19.5,849.3,19.6,20,87.5,380,1455,0,0,229,0.2,0.2,20.1,18.4,15.7
2025-12-28T06:03:52Z,0,0,0,0.9,11,0,19.7,849.3,19.7,20.2,86.6,417,1864,0,0.1,229,0.4,0.4,20.3,18.5,15.8
2025-12-28T06:18:57Z,0,0,0,0.8,11,0,20.1,849.4,20.1,20.6,86.1,398,1647,0,0,228,0,0,20.8,18.8,16.2
2025-12-28T06:34:01Z,0,0,0,0.7,11,0,20.3,849.3,20.2,20.9,83.7,388,1544,0,0,228,0,0,21,18.8,16.5
2025-12-28T06:49:53Z,0,0,0,0.9,11,0,20.3,849.3,20.3,20.8,82.3,432,2007,0,0.4,229,0.8,0.8,20.9,18.5,16.4
2025-12-28T07:04:58Z,0,0,0,1.6,11,0,20.9,849.3,20.9,21.3,82.5,551,3251,0,0.2,229,1.1,1.1,21.5,19.1,16.9
2025-12-28T07:20:03Z,0,0,0.4,1,11,0,21.4,849.1,21.2,21.8,82.2,442,2145,0,0.4,229,0.9,0.9,22,19.6,17.3
2025-12-28T07:35:08Z,0,0,1,3.1,11,0,21.9,848.8,21.4,21.7,80,834,6258,0,0.2,229,0.4,0.4,21.9,19.2,17.2
2025-12-28T07:50:13Z,0,0,1,1.1,11,0,22.2,848.7,22.1,22.8,75.7,459,2309,0,0.4,213,0.9,0.9,22.9,19.6,18.1
2025-12-28T08:05:19Z,0,0,1,0.7,11,0,21.6,848.5,21.6,22.2,77.3,382,1517,0,0.6,213,1.4,1.4,22.3,19.3,17.6
2025-12-28T08:20:43Z,0,0,1,2.4,11,0,21.5,848.4,21.6,22,78.8,702,4835,0,0,212,0,0,22.1,19.2,17.4
2025-12-28T08:35:49Z,0,0,1,1.3,11,0,22.6,848.3,22.7,23,73.5,501,2732,0,0.8,213,2,2,23.1,19.5,18.3
2025-12-28T08:50:55Z,0,0,1,1.3,11,0,23.1,848.2,23.2,23.6,69.8,492,2675,0,0.5,192,1.3,1.3,23.7,19.6,18.7
2025-12-28T09:06:00Z,0,0,1,3,11,0,23.3,848,23.3,23.7,70.1,809,5878,0,0,187,0.2,0.2,23.9,19.8,18.9
2025-12-28T09:21:05Z,0,0,1,4,11,0,24.7,847.8,24.9,25.4,63.8,1001,7984,0,0.5,59,1.4,1.4,25.5,20.4,20.2
2025-12-28T09:36:10Z,0,0,1,1.4,11,0,23.8,847.8,24.2,24.5,64.8,523,2922,0,0.3,96,1.5,1.5,24.7,19.8,19.5
2025-12-28T09:51:15Z,0,0,1,1.8,11,0,23.1,847.6,23.4,23.6,70.1,584,3586,0,0.1,186,0.4,0.4,23.7,19.7,18.7
2025-12-28T10:06:20Z,0,0,1,1.6,11,0,23.8,847.4,24.3,24.3,67.4,551,3196,0,0,186,0.2,0.2,24.5,20,19.3
2025-12-28T10:21:51Z,0,0,1,0.4,11,0,23.1,847.8,23.7,23.1,68.7,338,1053,0,0.8,186,1.3,1.3,23.2,19,18.3
2025-12-28T10:36:57Z,0,0,1,0.2,11,0,19.5,847.9,19.6,19.5,78.7,300,642,0,2.4,263,5,5,19.6,16.9,15.2
2025-12-28T10:52:02Z,0,0,1,0.6,11,0,18.4,847.9,18.6,18.6,80.9,373,1364,0,4.2,248,7.2,7.2,18.6,16.3,14.3
2025-12-28T11:07:53Z,0,0,1,1.4,11,0,18.5,847.5,18.7,18.7,81.8,514,2791,0,2.2,252,4.4,4.4,18.8,16.5,14.4
2025-12-28T11:22:59Z,0,0,1,1.2,11,0,18.4,847.6,18.6,18.7,82.6,489,2539,0,0.6,225,1.4,1.4,18.8,16.6,14.4
2025-12-28T11:38:04Z,0,0,1,0.7,11,0,18.3,847.4,18.6,18.6,81.4,389,1537,0,2,245,3.3,3.3,18.6,16.3,14.3
2025-12-28T11:54:03Z,0,0,1.2,0.5,11,0,17.7,847.5,17.9,17.9,85.1,354,1193,0,1.2,268,2.8,2.8,17.9,16.1,13.6
2025-12-28T12:09:09Z,0,0,1.6,0.6,11,0,17.4,847.3,17.6,17.7,87.1,362,1308,0,0.9,242,1.7,1.7,17.8,16.2,13.5
2025-12-28T12:24:20Z,0,0,1.6,1,11,0,17.7,847.2,18,18,88.5,439,2071,0,0.3,245,0.7,0.7,18.1,16.6,13.8
2025-12-28T12:39:26Z,0,0,1.6,1.6,11,0,18.5,847.1,18.8,18.9,83.7,548,3259,0,2.1,255,3.1,3.1,18.9,16.9,14.6
2025-12-28T12:55:00Z,0,0,1.6,0.8,11,0,18.8,847.1,18.9,19,82.8,397,1683,0,0.8,257,1.3,1.3,19.1,16.9,14.7
2025-12-28T13:10:59Z,0,0,1.6,0.6,11,0,19.1,847.2,19.4,19.4,82.7,372,1422,0,0.4,216,0.9,0.9,19.5,17.3,15.1
2025-12-28T13:26:01Z,0,0,1.6,0.8,11,0,19.3,847.2,19.6,19.6,80.7,397,1702,0,1.3,261,2,2,19.6,17.2,15.2
2025-12-28T13:41:06Z,0,0,1.6,0.7,11,0,19.5,847.3,19.8,19.9,81.6,394,1649,0,0.2,217,0.4,0.4,20,17.6,15.5
2025-12-28T13:56:08Z,0,0,1.6,0.4,11,0,19.7,847.7,20,20,80.7,328,980,0,0,217,0.2,0.2,20.1,17.7,15.7
2025-12-28T14:11:14Z,0,0,1.6,0.3,11,0,19.4,847.7,19.6,19.6,78,307,751,0,1.1,226,1.7,1.7,19.6,16.9,15.2
2025-12-28T14:26:50Z,0,0,1.6,0.4,11,0,19.3,847.8,19.4,19.6,80.2,325,940,0,0,246,0.2,0.2,19.7,17.2,15.3
2025-12-28T14:42:01Z,0,0,1.6,0.1,11,0,19.3,848,19.5,19.6,80.8,283,506,0,0.4,217,1.1,1.1,19.7,17.3,15.3
2025-12-28T14:57:34Z,0,0,1.6,0.1,11,0,19.2,848.4,19.4,19.5,79.9,271,367,0,0.1,165,0.6,0.6,19.6,17.1,15.2
2025-12-28T15:13:22Z,0,0,1.6,0.1,11,0,19.1,848.5,19.3,19.5,80.5,266,311,0,0.1,165,0.4,0.4,19.5,17.1,15.1
2025-12-28T15:29:07Z,0,0,1.6,0,11,0,18.9,848.5,19.1,19.3,77.4,263,277,0,0.1,202,0.4,0.4,19.3,16.5,14.9
2025-12-28T15:44:59Z,0,0,1.6,0,11,0,18.8,848.5,18.9,19.1,77.3,261,258,0,0.4,255,1.1,1.1,19.1,16.4,14.8
2025-12-28T16:00:19Z,0,0,1.6,0,11,0,18.6,848.4,18.8,18.9,78.2,260,252,0,0.4,249,0.7,0.7,18.9,16.3,14.6
2025-12-28T16:16:19Z,0,0,1.6,0,11,0,18.5,848.6,18.7,18.9,76.2,260,252,0,1.1,230,2.4,2.4,18.9,16,14.5
2025-12-28T16:32:11Z,0,0,1.6,0,11,0,18.3,848.8,18.4,18.7,77.8,260,253,0,0.6,221,1.1,1.1,18.6,16,14.3
2025-12-28T16:47:55Z,0,0,1.6,0,11,0,18.3,848.9,18.4,18.7,76.7,260,253,0,0.9,246,2.4,2.4,18.6,15.8,14.3
2025-12-28T17:03:11Z,0,0,1.6,0,11,0,18.3,849.2,18.4,18.7,77.1,260,253,0,0.6,226,1.7,1.7,18.6,15.9,14.3
2025-12-28T17:18:37Z,0,0,1.6,0,11,0,18.1,849.2,18.4,18.5,77.5,261,254,0,0.8,226,2,2,18.5,15.8,14.2
2025-12-28T17:34:00Z,0,0,1.6,0,11,0,18,849.4,18.1,18.4,78.9,259,254,0,0,219,0.2,0.2,18.4,15.9,14.1
2025-12-28T17:49:37Z,0,0,1.6,0,11,0,17.8,849.7,18,18.2,80.3,261,252,0,0,218,0,0,18.2,15.8,13.9
2025-12-28T18:05:15Z,0,0,1.6,0,11,0,17.8,849.7,18,18.2,80.3,260,253,0,0.4,219,1.1,1.1,18.2,15.8,13.9
2025-12-28T18:20:49Z,0,0,1.6,0,11,0,17.8,849.6,17.9,18.1,81.2,261,253,0,0,219,0.4,0.4,18.1,15.9,13.8
2025-12-28T18:36:27Z,0,0,1.6,0,11,0,17.7,849.8,17.8,18,81.3,260,254,0,0,218,0,0,18,15.8,13.7
2025-12-28T18:52:17Z,0,0,1.6,0,11,0,17.4,849.8,17.6,17.9,82,262,252,0,0,218,0,0,17.8,15.7,13.6
2025-12-28T19:07:36Z,0,0,1.6,0,11,0,17.3,849.8,17.4,17.7,83.7,260,255,0,0,218,0,0,17.7,15.7,13.4
2025-12-28T19:23:23Z,0,0,1.6,0,11,0,17.3,849.8,17.4,17.6,83.6,260,253,0,0,218,0,0,17.6,15.7,13.4
2025-12-28T19:38:50Z,0,0,1.6,0,11,0,17.2,849.8,17.2,17.5,85,260,253,0,0.1,219,0.4,0.4,17.5,15.7,13.2
2025-12-28T19:54:10Z,0,0,1.6,0,11,0,17,849.9,17.1,17.3,85.8,260,254,0,0,218,0,0,17.3,15.6,13.1
2025-12-28T20:09:17Z,0,0,1.6,0,11,0,16.7,849.8,16.8,17.1,86.5,260,253,0,0,218,0,0,17.1,15.5,12.9
2025-12-28T20:25:04Z,0,0,1.6,0,11,0,16.5,849.9,16.6,16.8,87.7,259,253,0,0,218,0,0,16.8,15.3,12.6
2025-12-28T20:40:07Z,0,0,1.6,0,11,0,16.2,850,16.4,16.6,89,260,254,0,0.1,219,0.2,0.2,16.6,15.3,12.4
2025-12-28T20:55:24Z,0,0,1.6,0,11,0,16.2,850.1,16.3,16.5,90.1,261,252,0,0,213,0,0,16.6,15.4,12.3
2025-12-28T21:11:15Z,0,0,1.6,0,11,0,16,850,16.3,16.4,90.3,262,253,0,0,213,0,0,16.4,15.2,12.2
2025-12-28T21:26:15Z,0,0,1.6,0,11,0,16,849.9,16.2,16.4,90.6,260,254,0,0.1,214,0.4,0.4,16.4,15.3,12.2
2025-12-28T21:41:18Z,0,0,1.6,0,11,0,16,849.8,16.2,16.3,90.7,259,254,0,0,214,0.4,0.4,16.4,15.2,12.2
2025-12-28T21:56:24Z,0,0,1.6,0,11,0,15.9,849.7,16.2,16.3,90.8,261,253,0,0,213,0,0,16.3,15.2,12.1
2025-12-28T22:11:30Z,0,0,1.6,0,11,0,15.9,849.7,16.2,16.2,91.1,261,254,0,0,213,0,0,16.3,15.2,12.1
2025-12-28T22:26:35Z,0,0,1.6,0,11,0,15.8,849.7,16.1,16.1,91.2,260,253,0,0,213,0,0,16.1,15.1,11.9
2025-12-28T22:42:00Z,0,0,1.6,0,11,0,15.7,849.6,16,16.1,91.4,261,253,0,0,214,0.2,0.2,16.1,15.1,11.9
2025-12-28T22:57:56Z,0,0,1.6,0,11,0,15.7,849.4,15.9,16,91.6,260,253,0,0,213,0,0,16,15,11.8
2025-12-28T23:13:01Z,0,0,1.6,0,11,0,15.7,849.4,15.9,16,91.7,259,252,0,0,214,0.2,0.2,16,15,11.8
2025-12-28T23:28:07Z,0,0,1.6,0,11,0,15.7,849.3,16,16,91.8,260,254,0,0,213,0,0,16,15.1,11.8
2025-12-28T23:43:47Z,0,0,1.6,0,11,0,15.7,849.2,16,16.1,91.9,260,254,0,0,213,0,0,16.1,15.1,11.9
2025-12-29T00:00:02Z,0,0,1.6,0,11,0,15.7,849.3,16.1,16.1,92.1,260,255,0,0,213,0,0,16.1,15.2,11.9
2025-12-29T00:16:03Z,0,0,1.6,0,11,0,15.8,849.1,16.1,16.2,92.3,261,255,0,0.1,214,0.7,0.7,16.2,15.3,12
2025-12-29T00:32:32Z,0,0,1.6,0,11,0,15.8,849,16.1,16.2,92.2,260,253,0,0,214,0.2,0.2,16.2,15.3,12
2025-12-29T00:47:38Z,0,0,1.6,0,11,0,15.9,849,16.2,16.3,92.1,261,254,0,0,283,0,0,16.3,15.3,12.1
2025-12-29T01:03:00Z,0,0,1.6,0,11,0,15.9,849.2,16.2,16.3,91.7,262,255,0,0,279,0,0,16.4,15.3,12.2
2025-12-29T01:18:09Z,0,0,1.6,0,11,0,16.1,849.2,16.3,16.5,91.4,259,253,0,0,270,0,0,16.5,15.4,12.3
2025-12-29T01:33:35Z,0,0,1.6,0,11,0,16.2,849.2,16.3,16.6,91.2,261,253,0,0,260,0.2,0.2,16.7,15.6,12.5
2025-12-29T01:49:25Z,0,0,1.6,0,11,0,16.4,849.4,16.5,16.8,90.7,260,253,0,0.2,4,1.3,1.3,16.8,15.7,12.6
2025-12-29T02:04:31Z,0,0,1.6,0,11,0,16.6,849.6,16.6,17,89.7,260,252,0,0.2,279,0.7,0.7,17,15.8,12.8
2025-12-29T02:19:36Z,0,0,1.6,0,11,0,16.7,849.8,16.8,17,89.1,260,254,0,0.2,252,0.4,0.4,17.1,15.7,12.8
2025-12-29T02:34:41Z,0,0,1.6,0,11,0,16.7,850.1,16.8,17,88.9,259,254,0,0.4,174,1.1,1.1,17.1,15.7,12.8
2025-12-29T02:50:04Z,0,0,1.6,0,11,0,16.7,850.4,16.8,17,89.3,259,253,0,0,174,0.2,0.2,17.1,15.8,12.8
2025-12-29T03:05:09Z,0,0,1.6,0,11,0,16.7,850.4,16.8,17,89.8,261,254,0,0.1,174,0.4,0.4,17.1,15.8,12.9
2025-12-29T03:20:14Z,0,0,1.6,0,11,0,16.6,850.6,16.7,17,89.8,261,262,0,0,174,0,0,17.1,15.8,12.8
2025-12-29T03:35:19Z,0,0,1.6,0,11,0,16.6,850.6,16.6,16.9,90.2,264,301,0,0,174,0,0,16.9,15.7,12.7
2025-12-29T03:50:24Z,0,0,1.6,0.1,11,0,16.6,850.7,16.7,16.9,90.7,274,402,0,0,174,0,0,16.9,15.8,12.7
2025-12-29T04:05:29Z,0,0,1.6,0.2,11,0,16.7,850.8,16.8,17.1,90.8,288,543,0,0,174,0,0,17.1,16,12.9
2025-12-29T04:20:34Z,0,0,1.6,0.3,11,0,16.9,850.8,17.1,17.3,90,305,741,0,0.1,174,0.2,0.2,17.4,16.1,13.1
2025-12-29T04:35:39Z,0,0,1.6,0.3,11,0,17.4,851,17.6,17.7,88.9,317,854,0,0,174,0.4,0.4,17.8,16.4,13.5
2025-12-29T04:50:44Z,0,0,1.6,0.4,11,0,17.8,851.1,17.9,18.1,87.5,335,1050,0,0.1,174,0.7,0.7,18.2,16.6,13.9
2025-12-29T05:06:09Z,0,0,1.6,0.5,11,0,18.3,851.2,18.4,18.6,84.8,349,1180,0,0,174,0,0,18.7,16.8,14.4
2025-12-29T05:21:14Z,0,0,1.6,0.6,11,0,18.8,851.4,18.9,19.1,81.9,369,1416,0,0,174,0,0,19.1,16.9,14.8
2025-12-29T05:36:17Z,0,0,1.6,0.7,11,0,19.1,851.4,19.3,19.3,80.3,387,1596,0,0.5,174,0.9,0.9,19.3,16.9,14.9
2025-12-29T05:51:23Z,0,0,1.6,0.9,11,0,19.4,851.4,19.6,19.6,79.5,422,1964,0,0.5,174,1.1,1.1,19.6,17.1,15.2
2025-12-29T06:06:27Z,0,0,0,0.9,1.6,0.4,19.5,851.5,19.8,19.6,77.8,435,2088,0,0.6,174,1.1,1.1,19.7,16.9,15.3
2025-12-29T06:21:32Z,0,0,0,0.9,1.6,0.4,20.5,851.5,20.7,20.7,76.6,434,2067,0,0,174,0,0,20.8,17.8,16.3
2025-12-29T06:36:37Z,0,0,0,1.2,1.6,0.4,21.5,851.4,21.8,21.8,71.3,484,2588,0,0,174,0,0,21.8,18.1,17.1
2025-12-29T06:51:42Z,0,0,0,1,1.6,0.4,21.2,851.5,21.7,21.7,71.6,449,2235,0,0.3,174,0.4,0.4,21.7,18,17.1
2025-12-29T07:07:21Z,0,0,0,1,1.6,0.4,21.4,851.3,21.6,21.5,72.9,442,2172,0,0,174,0,0,21.6,18.1,17
2025-12-29T07:22:26Z,0,0,0,1.4,1.6,0.4,22.1,851.3,22.4,22.5,72.7,515,2917,0,0,148,0,0,22.6,18.9,17.8
2025-12-29T07:37:31Z,0,0,0,1.5,1.6,0.4,22.8,851.1,22.6,22.8,67.2,545,3240,0,0.6,148,1.1,1.1,22.8,18.5,18
2025-12-29T07:52:36Z,0,0,0,1.6,1.6,0.4,23,851,23,23.4,64,561,3408,0,0.4,148,0.7,0.7,23.4,18.6,18.5
2025-12-29T08:07:42Z,0,0,0,1.5,1.6,0.4,24.2,850.8,24.1,24.3,63.8,540,3210,0,0.3,148,0.9,0.9,24.4,19.4,19.3
2025-12-29T08:23:21Z,0,0,0,1.8,1.6,0.4,24.3,850.7,24.1,24.6,59.6,590,3703,0,0.5,139,0.9,0.9,24.6,19.1,19.5
2025-12-29T08:38:27Z,0,0,0,2.3,1.6,0.4,24.7,850.6,24.4,24.9,60.3,678,4618,0,0,29,0.2,0.2,24.9,19.4,19.7
2025-12-29T08:53:32Z,0,0,0,2.9,1.6,0.4,25.5,850.3,25.3,26,52.6,791,5762,0,0.9,81,2,2,26,19.3,20.6
2025-12-29T09:08:37Z,0,0,0,4.4,1.6,0.4,27.7,850,27.2,27.6,50.8,1073,8728,0,0.5,11,1.5,1.5,28.1,20.4,22.1
2025-12-29T09:24:20Z,0,0,0,4.9,1.6,0.4,27.3,849.8,27.5,28.2,46.5,1168,9734,0,0.3,129,0.7,0.7,28.4,20.2,22.3
2025-12-29T09:39:25Z,0,0,0,3.2,1.6,0.4,27.3,849.4,26.8,27.7,45.3,862,6496,0,2,71,3.9,3.9,27.7,19.5,21.8
2025-12-29T09:54:30Z,0,0,0,2.7,1.6,0.4,27,849.2,27.1,27.8,45.3,762,5381,0,0.1,110,0.4,0.4,27.8,19.6,21.9
2025-12-29T10:09:34Z,0,0,0,3,1.6,0.4,27.7,849.1,27.6,28.7,44.8,818,5970,0,0.6,66,1.3,1.3,28.7,20.2,22.5
2025-12-29T10:24:39Z,0,0,0,4,1.6,0.4,27.4,848.8,27.4,28.5,45.4,999,7918,0,1.2,86,2.2,2.2,28.6,20.2,22.4
2025-12-29T10:39:44Z,0,0,0,1.6,1.6,0.4,27.5,848.6,27.4,28.5,42.5,562,3331,0,1.4,84,5.2,5.2,28.4,19.7,22.3
2025-12-29T10:54:49Z,0,0,0,1.5,1.6,0.4,27,848.3,26.9,27.5,43.8,547,3207,0,1.2,91,2.6,2.6,27.5,19.1,21.7
2025-12-29T11:09:54Z,0,0,0,2.2,1.6,0.4,29.2,848.1,29,29.5,42.7,661,4444,0,0.5,67,1.3,1.3,29.4,20.6,23
2025-12-29T11:24:59Z,0,0,0,1.7,1.6,0.4,27.8,848,27.7,28.3,44.5,570,3505,0,1.2,51,2.2,2.2,28.3,19.9,22.2
2025-12-29T11:40:24Z,0,0,0,1.9,1.6,0.4,27.3,847.8,27.1,27.5,47.4,603,3816,0,1.1,55,2,2,27.7,19.7,21.8
2025-12-29T11:56:05Z,0,0,0,1.9,1.6,0.4,26.9,847.6,26.9,27.7,44.2,615,3916,0,1.3,83,2.6,2.6,27.7,19.3,21.8
2025-12-29T12:11:28Z,0,0,0,2.1,1.6,0.4,27.5,847.4,27.4,28.3,43.7,651,4312,0,1.9,55,3.7,3.7,28.2,19.7,22.2
2025-12-29T12:26:33Z,0,0,0,1.5,1.6,0.4,28,847.4,28,28.8,43.2,536,3121,0,1.1,49,2.4,2.4,28.7,20.1,22.5
2025-12-29T12:42:30Z,0,0,0,1.5,1.6,0.4,26.2,847.3,26.2,26.9,48.1,527,2980,0,2,75,4.1,4.1,27.2,19.3,21.5
2025-12-29T12:57:35Z,0,0,0,1,1.6,0.4,25.5,847.7,25.6,26.1,53.1,440,2094,0,1.2,64,2.4,2.4,26.1,19.4,20.6
2025-12-29T13:12:40Z,0,0,0,1.1,1.6,0.4,24.8,847.9,24.8,25.2,56.6,454,2263,0,1.6,66,4.8,4.8,25.2,19.2,20
2025-12-29T13:27:45Z,0,0,0,0.9,1.6,0.4,23.9,847.9,23.9,24.3,61,420,1894,0,1.2,49,2.8,2.8,24.3,19,19.2
2025-12-29T13:43:37Z,0,0,0,0.5,1.6,0.4,24,847.9,24,24.2,60.1,349,1160,0,0.4,73,1.5,1.5,24.2,18.8,19.2
2025-12-29T13:59:32Z,0,0,0,0.4,1.6,0.4,23.8,848.1,23.8,24,62.7,327,903,0,0.4,292,1.1,1.1,24,19,19
2025-12-29T14:14:36Z,0,0,0,0.2,1.6,0.4,23.4,848.3,23.4,23.5,62.4,303,661,0,0.2,16,0.4,0.4,23.5,18.5,18.6
2025-12-29T14:29:42Z,0,0,0,0.1,1.6,0.4,23,848.6,23.1,23.1,65.3,279,403,0,0,17,0,0,23.2,18.6,18.3
2025-12-29T14:44:47Z,0,0,0,0.1,1.6,0.4,22.5,849,22.5,22.6,68.7,268,315,0,0,17,0,0,22.7,18.6,17.9
2025-12-29T14:59:52Z,0,0,0,0.1,1.6,0.4,21.7,849.4,21.9,21.9,66.5,266,308,0,1.3,220,2.2,2.2,21.9,17.6,17.2
2025-12-29T15:14:57Z,0,0,0,0.1,1.6,0.4,20.6,849.6,20.8,20.8,68.3,272,363,0,0.3,223,1.1,1.1,20.8,16.8,16.3
2025-12-29T15:30:02Z,0,0,0,0.1,1.6,0.4,20.4,849.6,20.6,20.7,67.4,267,309,0,1.4,262,3.1,3.1,20.6,16.6,16.1
2025-12-29T15:45:07Z,0,0,0,0,1.6,0.4,19.9,849.9,20,20.1,70.6,260,261,0,0.8,261,2,2,20.1,16.5,15.7
2025-12-29T16:00:51Z,0,0,0,0,1.6,0.4,19.2,850,19.3,19.5,74.5,260,253,0,0.9,297,2,2,19.5,16.4,15.1
2025-12-29T16:16:23Z,0,0,0,0,1.6,0.4,19,850.1,19.2,19.3,74.8,260,253,0,0.7,268,1.3,1.3,19.3,16.3,14.9
2025-12-29T16:31:28Z,0,0,0,0,1.6,0.4,18.9,850.3,19.1,19.3,75.3,262,254,0,0.7,241,1.3,1.3,19.3,16.3,14.9
2025-12-29T16:47:22Z,0,0,0,0,1.6,0.4,18.8,850.5,18.9,19.2,75.7,262,253,0,0.9,261,1.8,1.8,19.1,16.2,14.8
2025-12-29T17:02:24Z,0,0,0,0,1.6,0.4,18.8,850.7,18.9,19.1,75.4,261,255,0,0,221,0,0,19.1,16.1,14.7
2025-12-29T17:18:01Z,0,0,0,0,1.6,0.4,18.7,850.9,18.9,19.1,75.8,259,253,0,0,221,0,0,19.1,16.2,14.7
2025-12-29T17:33:23Z,0,0,0,0,1.6,0.4,18.6,851,18.8,19,76.8,260,253,0,0.1,222,0.4,0.4,19,16.2,14.6
2025-12-29T17:48:26Z,0,0,0,0,1.6,0.4,18.6,851.1,18.8,19,78.9,260,254,0,0.1,221,0.7,0.7,19,16.4,14.6
2025-12-29T18:03:42Z,0,0,0,0,1.6,0.4,18.3,851.3,18.4,18.6,78.8,260,254,0,0.7,202,1.8,1.8,18.6,16.1,14.3
2025-12-29T18:19:26Z,0,0,0,0,1.6,0.4,18.2,851.6,18.4,18.6,79.8,260,254,0,0,202,0.2,0.2,18.6,16.1,14.2
2025-12-29T18:34:29Z,0,0,0,0,1.6,0.4,18.1,851.5,18.2,18.5,78.8,260,253,0,0.2,202,0.6,0.6,18.5,15.9,14.2
2025-12-29T18:50:28Z,0,0,0,0,1.6,0.4,18.2,851.8,18.3,18.5,79.3,261,254,0,0,201,0,0,18.5,16,14.2
2025-12-29T19:05:28Z,0,0,0,0,1.6,0.4,18.3,851.7,18.4,18.7,77.9,258,253,0,0,202,0.2,0.2,18.7,16,14.3
2025-12-29T19:20:29Z,0.4,0,7.8,0,1.6,0.4,16.8,851.7,16.9,17,88.8,260,254,0,0.2,222,0.9,0.9,17.1,15.7,12.8
2025-12-29T19:35:47Z,0.4,0,13.4,0,1.6,0.4,16.5,851.7,16.6,16.9,90.7,261,254,0,0.5,211,0.9,0.9,16.9,15.8,12.7
2025-12-29T19:51:41Z,0,0,15.6,0,1.6,0.4,16.3,851.6,16.5,16.7,91.5,261,254,0,0.3,211,0.7,0.7,16.8,15.7,12.5
2025-12-29T20:06:48Z,0,0,15.8,0,1.6,0.4,16.4,851.5,16.5,16.8,92,259,253,0,0,210,0,0,16.8,15.8,12.6
2025-12-29T20:21:58Z,0,0,15.8,0,1.6,0.4,16.4,851.6,16.6,16.8,92.3,260,253,0,0,211,0.2,0.2,16.9,15.9,12.7
2025-12-29T20:37:32Z,0,0,15.8,0,1.6,0.4,16.5,851.7,16.6,16.9,92.4,261,253,0,0,211,0.2,0.2,17,16,12.7
2025-12-29T20:52:39Z,0,0,15.8,0,1.6,0.4,16.5,851.6,16.6,16.9,92.7,260,253,0,0.1,211,0.4,0.4,17,16,12.8
2025-12-29T21:07:39Z,0,0,15.8,0,1.6,0.4,16.5,851.3,16.6,16.8,92.8,260,254,0,0,210,0,0,16.9,16,12.7
2025-12-29T21:22:45Z,0,0,15.8,0,1.6,0.4,16.4,851,16.5,16.8,92.9,261,254,0,0.1,211,0.4,0.4,16.9,15.9,12.6
2025-12-29T21:37:50Z,0,0,15.8,0,1.6,0.4,16.3,850.9,16.4,16.7,92.9,261,254,0,0.4,211,0.7,0.7,16.7,15.8,12.5
2025-12-29T21:52:55Z,0,0,15.8,0,1.6,0.4,16.2,851,16.3,16.5,92.9,260,254,0,0.1,10,0.4,0.4,16.6,15.7,12.4
2025-12-29T22:08:00Z,0,0,15.8,0,1.6,0.4,16.2,850.8,16.4,16.6,93.1,261,254,0,0,9,0.2,0.2,16.6,15.7,12.4
2025-12-29T22:23:24Z,0,0,15.8,0,1.6,0.4,16.2,850.7,16.4,16.6,93.2,261,253,0,0,9,0.2,0.2,16.7,15.8,12.5
2025-12-29T22:38:33Z,0,0,15.8,0,1.6,0.4,16.3,850.4,16.5,16.7,93.3,260,254,0,0.2,11,0.7,0.7,16.8,15.9,12.6
2025-12-29T22:53:56Z,0,0,15.8,0,1.6,0.4,16.4,850.1,16.6,16.8,93.3,261,253,0,0.1,313,0.7,0.7,16.9,16,12.7
2025-12-29T23:09:02Z,0,0,15.8,0,1.6,0.4,16.5,850,16.6,16.8,93.4,260,254,0,0,302,0,0,16.9,16.1,12.7
2025-12-29T23:24:54Z,0,0,15.8,0,1.6,0.4,16.4,850,16.6,16.8,93.4,260,253,0,0,302,0,0,16.9,16,12.7
2025-12-29T23:39:59Z,0,0,15.8,0,1.6,0.4,16.5,850.1,16.6,16.9,93.4,260,253,0,0.1,303,0.7,0.7,17,16.1,12.7
2025-12-29T23:55:04Z,0,0,15.8,0,1.6,0.4,16.5,850,16.7,16.9,93.5,261,253,0,0,302,0,0,17,16.1,12.7
2025-12-30T00:00:06Z,0,0,15.8,0,1.6,0.4,16.5,850,16.6,16.9,93.5,260,253,0,0.1,303,0.4,0.4,17,16.1,12.7
2025-12-30T00:15:11Z,0,0,15.8,0,1.6,0.4,16.4,850,16.6,16.8,93.5,259,254,0,0,302,0,0,16.8,16,12.6
2025-12-30T00:30:50Z,0,0,15.8,0,1.6,0.4,16.4,850.3,16.6,16.8,93.5,260,254,0,0,302,0,0,16.9,16,12.6
2025-12-30T00:46:02Z,0,0,15.8,0,1.6,0.4,16.4,850.4,16.6,16.8,93.6,261,253,0,0,302,0,0,16.9,16,12.6
2025-12-30T01:01:23Z,0,0,15.8,0,1.6,0.4,16.4,850.6,16.5,16.8,93.6,261,254,0,0,100,0,0,16.9,16,12.6
2025-12-30T01:16:36Z,0,0,15.8,0,1.6,0.4,16.3,850.5,16.4,16.6,93.6,260,253,0,0,100,0,0,16.7,15.9,12.5
2025-12-30T01:32:18Z,0,0,16,0,1.6,0.4,16.2,850.4,16.3,16.5,93.6,260,254,0,0,100,0,0,16.6,15.8,12.4
2025-12-30T01:47:37Z,0,0,16,0,1.6,0.4,16.2,850.5,16.3,16.5,93.7,260,253,0,0,100,0,0,16.6,15.8,12.4
2025-12-30T02:03:02Z,0,0,16.2,0,1.6,0.4,16.1,850.5,16.2,16.4,93.7,262,254,0,0,100,0,0,16.5,15.7,12.3
2025-12-30T02:18:07Z,0,0,16.6,0,1.6,0.4,16.1,850.4,16.2,16.5,93.8,261,253,0,0,100,0,0,16.6,15.8,12.4
2025-12-30T02:33:48Z,0,0,17,0,1.6,0.4,16.2,850.6,16.3,16.6,93.9,260,254,0,0,100,0,0,16.6,15.8,12.4
2025-12-30T02:49:21Z,0,0,17,0,1.6,0.4,16.3,850.8,16.5,16.7,94,261,253,0,0,100,0,0,16.8,16,12.6
2025-12-30T03:04:40Z,0,0,17,0,1.6,0.4,16.4,851.1,16.5,16.7,94.1,261,254,0,0,100,0,0,16.8,16,12.6
2025-12-30T03:19:45Z,0,0,17,0,1.6,0.4,16.3,851.3,16.5,16.7,94.1,260,256,0,0,100,0,0,16.8,16,12.6
2025-12-30T03:34:50Z,0,0,17,0,1.6,0.4,16.4,851.4,16.5,16.7,94.1,262,276,0,0,100,0,0,16.8,16,12.6
2025-12-30T03:49:55Z,0,0,17,0.1,1.6,0.4,16.4,851.7,16.6,16.8,94.2,267,320,0,0,100,0,0,16.9,16.1,12.7
2025-12-30T04:05:01Z,0,0,17,0.1,1.6,0.4,16.5,851.8,16.6,16.8,94.2,271,357,0,0,100,0,0,16.9,16.1,12.7
2025-12-30T04:20:07Z,0,0,17,0.1,1.6,0.4,16.5,852,16.7,16.9,94.2,275,407,0,0,100,0,0,17,16.2,12.8
2025-12-30T04:35:12Z,0,0,17,0.2,1.6,0.4,16.6,852,16.8,17,94.3,299,656,0,0,26,0,0,17.1,16.3,12.8
2025-12-30T04:50:17Z,0,0,17,0.4,1.6,0.4,16.8,852.4,16.9,17.1,94.2,332,999,0,0,26,0,0,17.3,16.4,13
2025-12-30T05:05:22Z,0,0,17,0.6,1.6,0.4,17.1,852.4,17.2,17.4,94.1,361,1296,0,0.2,25,0.7,0.7,17.5,16.7,13.2
2025-12-30T05:20:26Z,0,0,17,0.6,1.6,0.4,17.3,852.4,17.5,17.7,93.9,377,1490,0,0,26,0,0,17.8,16.9,13.6
2025-12-30T05:35:51Z,0,0,17,0.8,1.6,0.4,17.4,852.5,17.8,17.8,92.8,410,1812,0,1,210,1.7,1.7,17.9,16.9,13.7
2025-12-30T05:50:56Z,0,0,17.2,1,1.6,0.4,17.8,852.6,18.1,18.2,90.2,443,2180,0,0.2,210,0.7,0.7,18.3,17,14
2025-12-30T06:06:01Z,0,0,0,1,17.2,0,18.7,852.6,19,19.1,87.3,451,2284,0,0.4,210,0.7,0.7,19.2,17.5,14.8
2025-12-30T06:21:06Z,0,0,0,1.1,17.2,0,19.3,852.5,19.4,19.3,84,471,2464,0,0.1,210,0.4,0.4,19.4,17.4,15
2025-12-30T06:36:11Z,0,0,0,1.7,17.2,0,20.9,852.4,21,20.6,78.5,572,3524,0,0.8,223,1.1,1.1,20.7,18,16.2
2025-12-30T06:51:16Z,0,0,0,3.9,17.2,0,22.3,852.4,22.2,21.8,72.8,981,7987,0,1,226,1.3,1.3,21.9,18.4,17.2
2025-12-30T07:06:21Z,0,0,0,3.7,17.2,0,23.8,852.3,24.2,23.8,65.4,948,7649,0,0.3,222,0.4,0.4,23.9,19.2,18.9
2025-12-30T07:21:26Z,0,0,0,0.7,17.2,0,26.1,852.2,25.5,25.7,58.4,387,1394,0,0.7,50,1.3,1.3,25.8,19.9,20.4
2025-12-30T07:36:30Z,0,0,0,3.2,17.2,0,24.6,852.2,24.2,24.1,63.3,864,6692,0,0.2,39,0.7,0.7,24.2,19.2,19.1
2025-12-30T07:51:36Z,0,0,0,4.3,17.2,0,27.1,852,26.6,27,57.5,1060,8794,0,0.3,98,1.1,1.1,27.9,20.9,22
2025-12-30T08:06:58Z,0,0,0,3.9,17.2,0,25.5,851.9,25.6,25.5,60,991,8118,0,0.1,65,0.2,0.2,25.6,20,20.2
2025-12-30T08:22:03Z,0,0,0,3.5,17.2,0,24.3,851.7,24,25.1,56.5,919,7078,0,1.2,83,1.7,1.7,25.1,19,19.8
2025-12-30T08:37:08Z,0,0,0,1.6,17.2,0,26.2,851.3,25.9,26.4,54.1,552,3205,0,0.3,46,1.2,1.2,26.5,19.9,20.9
2025-12-30T08:52:13Z,0,0,0,5,17.2,0,27,851.1,26.8,27.5,51.6,1198,10279,0,0.8,51,2.4,2.4,28.1,20.4,22.1
2025-12-30T09:07:18Z,0,0,0,4.2,17.2,0,26.8,850.9,26.4,27.3,50.8,1036,8498,0,0.7,50,1.5,1.5,27.8,20.1,21.8
2025-12-30T09:22:23Z,0,0,0,1.7,17.2,0,25.6,850.6,25.1,26,52.5,578,3516,0,1.3,61,2,2,26,19.2,20.5
2025-12-30T09:37:28Z,0,0,0,5.1,17.2,0,25.3,850.3,25.4,25.5,53.1,1213,10496,0,0.5,97,0.9,0.9,25.5,18.9,20.1
2025-12-30T09:52:33Z,0,0,0,3.4,17.2,0,26.2,849.9,26.2,26.8,49,895,6851,0,0.5,79,1.2,1.2,27.2,19.4,21.4
2025-12-30T10:07:38Z,0,0,0,3.6,17.2,0,26.9,849.6,26.8,27.9,47.7,927,7201,0,1.5,107,3.3,3.3,28.1,20.1,22.1
2025-12-30T10:22:43Z,0,0,0,4.5,17.2,0,26.8,849.2,26.6,27.8,45.8,1094,9032,0,2.1,85,4.6,4.6,27.9,19.7,22
2025-12-30T10:38:06Z,0,0,0,4.3,17.2,0,26.7,849.1,26.9,27.4,48.3,1061,8723,0,0.5,162,1.3,1.3,27.7,19.8,21.8
2025-12-30T10:53:14Z,0,0,0,4,17.2,0,27.3,848.8,27.1,28.2,43.1,1007,8115,0,1.6,74,3.1,3.1,28.1,19.6,22.1
2025-12-30T11:08:15Z,0,0,0,1.1,17.2,0,28.2,848.3,28.1,29.3,42.6,469,2224,0,1.1,87,3.4,3.4,29.2,20.4,22.9
2025-12-30T11:23:25Z,0,0,0,4,17.2,0,27.7,847.9,27.9,28.8,43.4,1006,8101,0,1.4,98,3.7,3.7,28.7,20.1,22.5
2025-12-30T11:38:42Z,0,0,0,1.2,17.2,0,28.7,847.9,28.5,29.4,42.8,480,2551,0,1.3,70,3.1,3.1,29.3,20.5,22.9
2025-12-30T11:54:18Z,0,0,0,1.7,17.2,0,26.9,847.7,27,27.8,45.7,573,3569,0,0.8,61,1.8,1.8,27.8,19.6,21.9
2025-12-30T12:09:32Z,0,0,0,1.6,17.2,0,26.9,847.7,27,27.8,47,564,3416,0,0.5,24,1.3,1.3,28,19.9,22
2025-12-30T12:24:37Z,0,0,0,1.3,17.2,0,25.6,847.8,25.7,26.5,51.3,499,2726,0,1.2,75,3.3,3.3,26.5,19.5,20.9
2025-12-30T12:39:43Z,0,0,0,1.8,17.2,0,24.9,848,24.9,25.7,52.8,585,3636,0,1.6,76,4.1,4.1,25.7,19,20.3
2025-12-30T12:54:47Z,0,0,0,1,17.2,0,25.3,847.9,25.4,26.3,51,437,2068,0,0.8,89,2.2,2.2,26.3,19.3,20.8
2025-12-30T13:10:21Z,0,0,0,0.8,17.2,0,24.7,847.9,24.8,25.5,52.7,407,1748,0,2.2,74,4.8,4.8,25.4,18.8,20.1
2025-12-30T13:25:45Z,0,0,0,0.6,17.2,0,23.9,847.9,23.9,24.3,55.9,361,1245,0,0.7,37,1.1,1.1,24.3,18.3,19.2
2025-12-30T13:40:50Z,0,0,0,1.2,17.2,0,24.2,848.1,24.3,24.8,53.6,474,2512,0,0.6,50,1.4,1.4,24.8,18.4,19.6
2025-12-30T13:56:14Z,0,0,0,1.2,17.2,0,25.1,848.2,25.1,25.8,49.9,487,2673,0,0.3,29,0.9,0.9,25.8,18.7,20.4
2025-12-30T14:12:12Z,0,0,0,1.2,17.2,0,25.9,848.4,25.8,26.9,47.3,481,2641,0,0.4,50,0.7,0.7,27.1,19.1,21.4
2025-12-30T14:27:17Z,0,0,0,0.9,17.2,0,25.4,848.5,25.4,26.8,48.4,434,2157,0,0.4,81,0.7,0.7,27.1,19.2,21.4
2025-12-30T14:42:22Z,0,0,0,0.3,17.2,0,24.2,848.5,24.2,24.7,49.4,322,897,0,0.2,43,0.4,0.4,24.6,17.6,19.4
2025-12-30T14:57:26Z,0,0,0,0.2,17.2,0,23.6,848.5,23.8,24,52,295,616,0,0,131,0.2,0.2,23.9,17.4,18.9
2025-12-30T15:12:31Z,0,0,0,0.1,17.2,0,23.2,849,23.3,23.5,54.8,275,406,0,0.5,61,1.4,1.4,23.4,17.4,18.5
2025-12-30T15:27:37Z,0,0,0,0.1,17.2,0,22.5,849.2,22.6,22.8,58.6,266,299,0,0.6,68,1.1,1.1,22.8,17.4,18
2025-12-30T15:42:54Z,0,0,0,0,17.2,0,21.8,849.4,21.9,22.1,60.4,263,261,0,0.1,53,0.7,0.7,22,17,17.3
2025-12-30T15:58:31Z,0,0,0,0,17.2,0,21.2,849.6,21.3,21.5,62,260,254,0,0,99,0,0,21.4,16.6,16.8
2025-12-30T16:13:36Z,0,0,0,0,17.2,0,20.7,850,20.9,21,63.2,260,252,0,0,99,0.2,0.2,20.9,16.3,16.3
2025-12-30T16:28:41Z,0,0,0,0,17.2,0,20.5,850.2,20.7,20.8,62.5,261,254,0,0.2,90,0.7,0.7,20.7,16.1,16.2
2025-12-30T16:44:28Z,0,0,0,0,17.2,0,20.1,850.5,20.2,20.3,65.6,260,254,0,0,84,0,0,20.2,16,15.7
2025-12-30T16:59:34Z,0,0,0,0,17.2,0,19.7,850.7,19.8,20,66.1,262,253,0,0,84,0,0,19.9,15.8,15.5
2025-12-30T17:15:21Z,0,0,0,0,17.2,0,19.5,850.7,19.5,19.8,69,261,253,0,0,84,0,0,19.7,15.9,15.3
2025-12-30T17:31:11Z,0,0,0,0,17.2,0,19.2,850.8,19.3,19.6,68.6,260,253,0,0,84,0,0,19.5,15.7,15.1
2025-12-30T17:46:24Z,0,0,0,0,17.2,0,19.2,851,19.5,19.6,72.6,261,253,0,0,50,0,0,19.6,16.3,15.2
2025-12-30T18:01:29Z,0,0,0,0,17.2,0,19.2,851.2,19.4,19.6,73,260,253,0,0,50,0,0,19.5,16.3,15.1
2025-12-30T18:16:37Z,0,0,0,0,17.2,0,19.2,851.4,19.4,19.6,72.9,259,253,0,0,50,0,0,19.6,16.3,15.2
2025-12-30T18:31:37Z,0,0,0,0,17.2,0,19.3,851.4,19.5,19.7,75,260,253,0,0,50,0,0,19.7,16.6,15.3
2025-12-30T18:47:32Z,0,0,0,0,17.2,0,19.4,851.5,19.6,19.8,75.5,261,254,0,0,43,0.2,0.2,19.8,16.7,15.3
2025-12-30T19:02:33Z,0,0,0,0,17.2,0,19.5,851.4,19.8,19.9,76.1,259,254,0,0.1,302,0.4,0.4,19.9,17,15.5
2025-12-30T19:17:37Z,0,0,0,0,17.2,0,19.4,851.3,19.4,19.6,79.5,260,253,0,0,301,0,0,19.7,17.1,15.3
2025-12-30T19:32:37Z,0.2,0,7.2,0,17.2,0,17.7,851.2,17.5,17.8,87.3,260,253,0,0.5,254,1.3,1.3,17.8,16.3,13.6
2025-12-30T19:47:52Z,0,0,7.6,0,17.2,0,17.2,851.4,17.2,17.5,89.6,259,254,0,0,116,0,0,17.6,16.3,13.3
2025-12-30T20:03:34Z,0,0,7.6,0,17.2,0,17,851.5,17.1,17.3,90.6,261,254,0,0,116,0,0,17.4,16.2,13.2
2025-12-30T20:18:37Z,0,0,7.6,0,17.2,0,16.9,851.3,16.9,17.2,91.2,260,254,0,0,116,0,0,17.3,16.2,13.1
2025-12-30T20:33:38Z,0,0,7.6,0,17.2,0,17,851.4,17.1,17.3,91.7,261,253,0,0,116,0,0,17.4,16.3,13.1
2025-12-30T20:49:38Z,0,0,7.6,0,17.2,0,17.1,851.2,17.1,17.4,92.2,261,254,0,0,116,0,0,17.5,16.5,13.3
2025-12-30T21:05:41Z,0,0,7.6,0,17.2,0,17.2,851.3,17.3,17.5,92.4,261,253,0,0,116,0,0,17.7,16.6,13.4
2025-12-30T21:20:46Z,0,0,7.6,0,17.2,0,17.2,851.2,17.4,17.6,92.6,259,253,0,0,116,0,0,17.7,16.7,13.5
2025-12-30T21:35:52Z,0,0,7.6,0,17.2,0,17.3,851.3,17.4,17.6,92.9,261,253,0,0,116,0,0,17.7,16.7,13.5
2025-12-30T21:50:57Z,0,0,7.6,0,17.2,0,17.3,851.1,17.4,17.6,92.9,259,253,0,0,116,0,0,17.7,16.8,13.5
2025-12-30T22:06:21Z,0,0,7.6,0,17.2,0,17.4,850.9,17.5,17.7,93.1,259,252,0,0,116,0,0,17.8,16.8,13.5
2025-12-30T22:21:27Z,0.2,0,7.8,0,17.2,0,17.3,851,17.4,17.7,93.2,260,254,0,0,116,0.2,0.2,17.8,16.9,13.5
2025-12-30T22:36:33Z,0,0,8.2,0,17.2,0,17.2,850.8,17.2,17.5,93.1,259,253,0,1,72,2.4,2.4,17.6,16.7,13.3
2025-12-30T22:51:37Z,0.4,0,15.8,0,17.2,0,16.6,850.8,16.7,17,93.1,260,253,0,0,131,0.2,0.2,17.1,16.2,12.9
2025-12-30T23:06:42Z,0,0,16.2,0,17.2,0,16.5,850.6,16.7,16.9,93.3,260,254,0,0,131,0,0,17,16.1,12.8
2025-12-30T23:21:47Z,0,0,16.2,0,17.2,0,16.6,850.4,16.8,17,93.4,260,252,0,0,131,0,0,17.1,16.2,12.9
2025-12-30T23:37:43Z,0,0,16.2,0,17.2,0,16.7,850.3,16.8,17,93.5,260,253,0,0,131,0,0,17.1,16.3,12.9
2025-12-30T23:52:48Z,0,0,16.2,0,17.2,0,16.7,850.3,16.8,17.1,93.6,260,254,0,0,131,0,0,17.2,16.3,13
2025-12-31T00:00:51Z,0,0,16.2,0,17.2,0,16.8,850.3,16.9,17.2,93.7,260,253,0,0,131,0,0,17.3,16.4,13.1
2025-12-31T00:16:48Z,0,0,16.2,0,17.2,0,16.9,850.5,17,17.2,93.8,260,253,0,0,131,0,0,17.3,16.5,13.1
2025-12-31T00:31:53Z,0,0,16.2,0,17.2,0,16.7,850.5,16.8,17,93.8,260,254,0,0,131,0,0,17.1,16.3,12.9
2025-12-31T00:46:58Z,0,0,16.2,0,17.2,0,16.8,850.5,16.9,17.1,93.9,260,253,0,0,131,0,0,17.3,16.4,13
2025-12-31T01:02:03Z,0,0,16.2,0,17.2,0,16.7,850.4,16.8,17,94,260,254,0,0.1,131,0.2,0.2,17.1,16.3,12.9
2025-12-31T01:17:07Z,0,0,16.2,0,17.2,0,16.6,850.5,16.7,16.9,94,260,253,0,0.2,131,0.4,0.4,17,16.2,12.8
2025-12-31T01:32:12Z,0,0,16.2,0,17.2,0,16.5,850.7,16.6,16.9,94.1,261,253,0,0,131,0,0,17,16.2,12.8
2025-12-31T01:47:17Z,0,0,16.2,0,17.2,0,16.6,850.7,16.7,16.9,94.1,261,252,0,0,131,0,0,17,16.2,12.8
2025-12-31T02:02:22Z,0,0,16.2,0,17.2,0,16.4,850.6,16.5,16.7,94.1,260,253,0,0,131,0,0,16.8,16,12.6
2025-12-31T02:17:46Z,0,0,16.2,0,17.2,0,16.3,850.7,16.4,16.6,94.2,259,254,0,0,131,0,0,16.7,15.9,12.5
2025-12-31T02:32:51Z,0,0,16.2,0,17.2,0,16.2,850.8,16.4,16.6,94.2,261,254,0,0,131,0,0,16.7,15.9,12.5
2025-12-31T02:47:56Z,0,0,16.2,0,17.2,0,16.2,850.6,16.3,16.5,94.2,260,254,0,0,131,0,0,16.6,15.8,12.4
2025-12-31T03:03:01Z,0,0,16.2,0,17.2,0,16,850.8,16.2,16.4,94.2,260,253,0,0,131,0,0,16.4,15.7,12.2
2025-12-31T03:18:06Z,0,0,16.2,0,17.2,0,15.9,850.9,16.2,16.3,94.3,262,281,0,0,131,0,0,16.4,15.6,12.1
2025-12-31T03:33:11Z,0,0,16.2,0.1,17.2,0,15.8,850.9,16.1,16.1,94.3,270,359,0,0,131,0,0,16.2,15.4,12
2025-12-31T03:48:15Z,0,0,16.2,0.1,17.2,0,15.7,850.9,16.1,16.1,94.3,283,487,0,0.1,131,0.4,0.4,16.2,15.4,12
2025-12-31T04:03:21Z,0,0,16.2,0.2,17.2,0,15.9,851.1,16.2,16.3,94.4,298,591,0,0.1,131,0.2,0.2,16.4,15.6,12.2
2025-12-31T04:18:26Z,0,0,16.2,0.3,17.2,0,16.3,851.1,16.3,16.6,94.4,319,858,0,0.3,130,0.7,0.7,16.7,15.9,12.4
2025-12-31T04:33:52Z,0,0,16.2,0.3,17.2,0,16.6,851.2,16.7,16.9,94.3,315,728,0,0.5,17,1.2,1.2,17,16.3,12.8
2025-12-31T04:49:01Z,0,0,16.2,0.6,17.2,0,17.1,851.4,17.1,17.4,94.1,360,1263,0,0.3,32,0.9,0.9,17.5,16.7,13.3
2025-12-31T05:04:06Z,0,0,16.2,1,17.2,0,17.7,851.6,17.8,17.9,92.8,450,2325,0,0,323,0.2,0.2,18,17,13.7
2025-12-31T05:19:11Z,0,0,16.2,1.2,17.2,0,19.7,851.5,19.1,19.1,88.1,488,2726,0,0.4,276,0.7,0.7,19.3,17.7,14.9
2025-12-31T05:34:17Z,0,0,16.2,1.4,17.2,0,21.3,851.6,20.2,20.3,80.1,513,2967,0,0.3,25,0.9,0.9,20.4,17.8,15.9
2025-12-31T05:49:22Z,0,0,16.2,1.6,17.2,0,22,851.7,21.2,21.7,73.3,563,3514,0,0.9,101,2.4,2.4,21.7,18.3,17.1
2025-12-31T06:04:27Z,0,0,0,2,16.2,0,23.6,851.6,23.1,23.1,69,634,4282,0,0.6,75,1.3,1.3,23.2,19.1,18.3
2025-12-31T06:19:51Z,0,0,0,1.8,16.2,0,23.7,851.5,23,23.8,61.9,583,3617,0,1.6,92,2.2,2.2,23.8,18.7,18.8
2025-12-31T06:34:56Z,0,0,0.2,0.8,16.2,0,24,851.5,23.6,24,63.6,411,1672,0,0.4,108,1.1,1.1,24.1,19.2,19
2025-12-31T06:50:01Z,0,0,0.2,2.9,16.2,0,24.6,851.4,24,24.6,61.9,798,6008,0,0.3,76,1.1,1.1,24.6,19.4,19.5
2025-12-31T07:05:06Z,0,0,0.2,3,16.2,0,25.9,851.2,25.1,25.4,57.3,807,6080,0,0.2,85,1.1,1.1,25.4,19.4,20.1
2025-12-31T07:20:11Z,0,0,0.2,3.3,16.2,0,27.3,851.1,26.6,26.9,56.2,874,6811,0,0.5,62,1.5,1.5,27.7,20.6,21.8
2025-12-31T07:35:16Z,0,0,0.2,3.6,16.2,0,25.7,851.1,25.6,26.2,58.9,922,7276,0,0.5,105,1.7,1.7,26.3,20.4,20.8
2025-12-31T07:50:21Z,0,0,0.2,3.6,16.2,0,24.7,850.9,24.9,25.6,54.9,937,7517,0,0.3,127,0.9,0.9,25.6,19.3,20.2
2025-12-31T08:05:26Z,0,0,0.2,3.8,16.2,0,26,850.8,26,26.4,53.3,967,7724,0,0.2,82,0.7,0.7,26.5,19.7,20.9
2025-12-31T08:20:31Z,0,0,0.2,4.5,16.2,0,25.8,850.5,26.2,26.4,51.6,1089,9097,0,0.6,142,1.6,1.6,26.4,19.4,20.8
2025-12-31T08:35:57Z,0,0,0.2,4.1,16.2,0,25.4,850.3,25.4,26,46.5,1017,8245,0,1.3,93,3.5,3.5,25.9,18.3,20.5
2025-12-31T08:51:02Z,0,0,0.2,4.2,16.2,0,25.9,850.2,25.8,26.4,49.3,1031,8396,0,1.3,82,2.6,2.6,26.4,19.1,20.9
2025-12-31T09:06:07Z,0,0,0.2,4.2,16.2,0,26.8,850,26.9,27.5,47.1,1046,8522,0,0.7,182,2.4,2.4,27.7,19.6,21.8
2025-12-31T09:21:12Z,0,0,0.2,4.6,16.2,0,25.7,849.7,25.8,26.5,47.1,1109,9273,0,0.9,158,2.2,2.2,26.5,18.8,20.9
2025-12-31T09:36:18Z,0,0,0.2,4.5,16.2,0,26.3,849.5,26.4,26.9,45.8,1098,9134,0,1.1,51,2.8,2.8,27,18.9,21.3
2025-12-31T09:51:23Z,0,0,0.2,4.7,16.2,0,26.1,849.3,26.3,26.7,50.2,1127,9500,0,0.4,91,1.3,1.3,27.2,19.5,21.4
2025-12-31T10:07:02Z,0,0,0.2,2.2,16.2,0,25.6,849.1,25.6,26.3,49.1,668,4369,0,1.4,105,3.1,3.1,26.3,19,20.7
2025-12-31T10:22:07Z,0,0,0.2,1.8,16.2,0,26.2,848.8,26.2,26.9,46.8,596,3605,0,0.3,94,1.5,1.5,27.1,19.1,21.4
2025-12-31T10:37:13Z,0,0,0.2,4.2,16.2,0,26.8,848.5,27,27.5,46.4,1031,8400,0,0.2,91,0.9,0.9,27.7,19.6,21.8
2025-12-31T10:52:18Z,0,0,0.2,3.9,16.2,0,26.2,848.2,26.1,27.1,45.3,985,7903,0,1.3,90,3.3,3.3,27.2,19,21.4
2025-12-31T11:08:07Z,0,0,0.2,4.1,16.2,0,26.6,848.3,26.7,27.5,45.5,1023,8438,0,0.9,61,1.7,1.7,27.6,19.4,21.7
2025-12-31T11:23:12Z,0,0,0.2,1.2,16.2,0,27.2,848.1,27.3,28.2,44.4,480,2405,0,0.4,122,1.4,1.4,28.1,19.8,22.1
2025-12-31T11:38:13Z,0,0,0.2,0.9,16.2,0,26.1,847.9,26.1,27,46.6,427,1766,0,0.6,12,1.1,1.1,27.2,19.2,21.4
2025-12-31T11:53:18Z,0,0,0.2,1.1,16.2,0,27.1,847.6,27.2,28.1,42.8,463,2086,0,2.1,82,5.5,5.5,28,19.5,22
2025-12-31T12:09:10Z,0,0,0.2,1.1,16.2,0,27.6,847.4,27.8,28.6,44.7,454,1965,0,1,84,3.1,3.1,28.6,20.2,22.5
2025-12-31T12:24:15Z,0,0,0.2,2.8,16.2,0,27,847.2,27,28.2,44,770,5628,0,1.6,64,3.1,3.1,28.1,19.7,22.1
2025-12-31T12:39:20Z,0,0,0.2,2.5,16.2,0,27.6,847.1,27.6,28.8,42.9,732,5224,0,1.1,54,3.7,3.7,28.7,20,22.5
2025-12-31T12:54:25Z,0,0,0.2,2.3,16.2,0,26.1,847.2,26.2,27.3,46.3,685,4793,0,1.4,78,2.8,2.8,27.4,19.3,21.6
2025-12-31T13:10:13Z,0,0,0.2,2,16.2,0,26.6,847.1,26.8,27.8,45.8,621,4064,0,0.6,71,2.2,2.2,27.9,19.7,22
2025-12-31T13:25:18Z,0,0,0.2,1.8,16.2,0,26.2,847.1,26.6,27.5,46.1,586,3690,0,0.5,157,1.5,1.5,27.6,19.5,21.8
2025-12-31T13:40:23Z,0,0,0.2,1.5,16.2,0,26.8,847,26.9,28.1,44.6,532,3124,0,0.8,43,2.4,2.4,28.1,19.7,22.1
2025-12-31T13:55:28Z,0,0,0.2,1.2,16.2,0,26.4,847,26.6,27.8,44.9,483,2619,0,1.3,91,3.3,3.3,27.8,19.5,21.9
2025-12-31T14:11:21Z,0,0,0.2,0.9,16.2,0,25.2,847.2,25.4,26.1,50,432,2097,0,0.8,82,1.3,1.3,26.1,19,20.6
2025-12-31T14:27:15Z,0,0,0.2,0.7,16.2,0,25.1,847.2,25.2,26.1,49.3,390,1693,0,1.3,91,2.8,2.8,26.1,18.8,20.6
2025-12-31T14:42:21Z,0,0,0.2,0.3,16.2,0,24.1,847.2,24.2,24.5,51,307,609,0,1.4,67,3.3,3.3,24.4,17.7,19.3
2025-12-31T14:58:19Z,0,0,0.2,0.2,16.2,0,23.7,847.5,23.9,24.1,52.4,295,525,0,1.4,88,3.5,3.5,24,17.6,19
2025-12-31T15:13:21Z,0,0,0.2,0.2,16.2,0,23.3,847.6,23.4,23.6,54.1,284,451,0,0.6,80,1.3,1.3,23.6,17.4,18.6
2025-12-31T15:29:14Z,0,0,0.2,0.1,16.2,0,22.9,847.9,23.1,23.2,55.3,268,306,0,0.5,82,1.3,1.3,23.1,17.2,18.2
2025-12-31T15:45:07Z,0,0,0.2,0,16.2,0,22.5,848.3,22.7,22.8,57.2,261,263,0,0.4,116,1.1,1.1,22.7,17.2,17.9
2025-12-31T16:00:12Z,0,0,0.2,0,16.2,0,21.9,848.5,22.1,22.3,60.1,260,255,0,0,104,0,0,22.2,17.1,17.5
2025-12-31T16:15:17Z,0,0,0.2,0,16.2,0,21.5,848.6,21.7,21.8,62.6,260,253,0,0,69,0,0,21.7,17,17.1
2025-12-31T16:30:22Z,0,0,0.2,0,16.2,0,21.1,848.8,21.2,21.4,65.5,261,253,0,0,101,0,0,21.3,17,16.7
2025-12-31T16:45:48Z,0,0,0.2,0,16.2,0,20.7,849.1,20.8,21.1,67,261,252,0,0,101,0,0,21,16.9,16.5
2025-12-31T17:01:22Z,0,0,0.2,0,16.2,0,20.5,849.3,20.8,20.8,69,261,254,0,0,101,0,0,20.8,16.9,16.3
2025-12-31T17:16:57Z,0,0,0.2,0,16.2,0,20.3,849.8,20.4,20.5,71.1,261,253,0,0,101,0,0,20.5,16.9,16
2025-12-31T17:32:03Z,0,0,0.2,0,16.2,0,20.2,850.1,20.3,20.5,73.7,261,254,0,0,101,0,0,20.5,17.2,16
2025-12-31T17:47:08Z,0,0,0.2,0,16.2,0,20.2,850.2,20.3,20.5,74.9,261,253,0,0,100,0,0,20.5,17.3,16
2025-12-31T18:02:58Z,0,0,0.2,0,16.2,0,20.1,850.4,20.3,20.5,75.1,261,253,0,0,101,0,0,20.5,17.4,16
2025-12-31T18:18:03Z,0,0,0.2,0,16.2,0,20.1,850.6,20.3,20.5,73.9,260,252,0,0,101,0,0,20.5,17.2,16
2025-12-31T18:33:58Z,0,0,0.2,0,16.2,0,20.2,850.8,20.4,20.6,75.3,259,253,0,0,101,0,0,20.6,17.5,16.1
2025-12-31T18:49:04Z,0,0,0.2,0,16.2,0,20.2,850.9,20.4,20.5,76.7,262,253,0,0,101,0,0,20.6,17.6,16.1
2025-12-31T19:04:09Z,0,0,0.2,0,16.2,0,20.1,850.9,20.3,20.5,76,261,254,0,0,101,0,0,20.6,17.5,16.1
2025-12-31T19:19:14Z,0,0,0.2,0,16.2,0,20.2,850.8,20.4,20.5,74.1,260,253,0,0.3,101,1.1,1.1,20.6,17.3,16
2025-12-31T19:34:19Z,0,0,0.2,0,16.2,0,20.2,851,20.3,20.5,75.6,261,253,0,0,64,0,0,20.5,17.4,16
2025-12-31T19:49:24Z,0,0,0.2,0,16.2,0,19.8,851,20,20.2,76.2,261,254,0,0,64,0,0,20.2,17.2,15.7
2025-12-31T20:04:29Z,0,0,0.2,0,16.2,0,19.9,851,20.1,20.2,76,259,253,0,0,64,0,0,20.2,17.2,15.8
2025-12-31T20:20:08Z,0,0,0.2,0,16.2,0,20,850.9,20.1,20.3,74.6,260,254,0,0.1,129,0.4,0.4,20.3,17.2,15.9
2025-12-31T20:35:13Z,0,0,0.2,0,16.2,0,19.6,851,19.8,20,75.7,262,252,0,0.2,129,0.7,0.7,20.1,17,15.6
2025-12-31T20:50:18Z,0,0,0.2,0,16.2,0,19.4,851.1,19.6,19.8,77.5,260,253,0,0,129,0,0,19.8,17,15.4
2025-12-31T21:05:23Z,0,0,0.2,0,16.2,0,19.4,851,19.6,19.7,78.2,261,253,0,0.1,129,0.4,0.4,19.8,17.1,15.4
2025-12-31T21:20:28Z,0,0,0.2,0,16.2,0,19.5,850.8,19.7,19.8,78.2,261,253,0,0.2,129,0.7,0.7,19.8,17.1,15.4
2025-12-31T21:35:33Z,0,0,0.2,0,16.2,0,19.6,850.8,19.8,19.9,77.5,259,254,0,0.4,104,1.2,1.2,19.9,17.1,15.5
2025-12-31T21:51:14Z,0,0,0.2,0,16.2,0,19.6,850.6,19.8,19.9,76.5,260,252,0,0.4,109,0.9,0.9,19.9,17,15.5
2025-12-31T22:07:07Z,0,0,0.2,0,16.2,0,19.5,850.5,19.6,19.8,76.4,261,253,0,0.6,108,2,2,19.8,16.9,15.4
2025-12-31T22:22:49Z,0,0,0.2,0,16.2,0,19.1,850.3,19.3,19.5,77.6,260,253,0,0.4,125,1.3,1.3,19.6,16.8,15.2
2025-12-31T22:38:07Z,0,0,0.2,0,16.2,0,18.8,850.1,18.9,19.1,79.3,260,255,0,0.2,111,0.7,0.7,19.1,16.6,14.8
2025-12-31T22:53:13Z,0,0,0.2,0,16.2,0,18.5,850.1,18.6,18.8,80.4,259,252,0,0.2,71,0.4,0.4,18.8,16.4,14.5
2025-12-31T23:09:09Z,0,0,0.2,0,16.2,0,18.2,850,18.4,18.6,81.6,260,253,0,0,71,0.2,0.2,18.6,16.3,14.3
2025-12-31T23:24:15Z,0,0,0.2,0,16.2,0,18.1,849.9,18.2,18.4,82.3,260,254,0,0.1,76,0.4,0.4,18.4,16.3,14.1
2025-12-31T23:39:20Z,0,0,0.2,0,16.2,0,17.9,849.9,18,18.2,83,260,253,0,0,90,0.2,0.2,18.2,16.1,13.9
2025-12-31T23:54:25Z,0,0,0.2,0,16.2,0,17.7,849.9,17.8,18,83.8,260,254,0,0,90,0,0,18,16.1,13.7
2026-01-01T00:00:47Z,0,0,0.2,0,16.2,0,17.7,849.9,17.8,18,84.6,260,253,0,0,90,0.2,0.2,18.1,16.2,13.8
2026-01-01T00:15:52Z,0,0,0.2,0,16.2,0,17.8,849.8,17.9,18.1,84.1,259,254,0,0.2,90,0.4,0.4,18.2,16.2,13.9
2026-01-01T00:30:57Z,0,0,0.2,0,16.2,0,17.8,849.8,18,18.2,84.2,259,254,0,0,103,0,0,18.2,16.3,13.9
2026-01-01T00:46:02Z,0,0,0.2,0,16.2,0,17.9,849.8,18,18.2,84.5,260,253,0,0,103,0,0,18.3,16.4,14
2026-01-01T01:01:07Z,0,0,0.2,0,16.2,0,17.8,849.8,18,18.2,84.6,261,254,0,0,103,0,0,18.3,16.4,14
2026-01-01T01:16:12Z,0,0,0.2,0,16.2,0,17.7,850,17.8,18.1,85.2,261,254,0,0,103,0,0,18.1,16.3,13.8
2026-01-01T01:31:17Z,0,0,0.2,0,16.2,0,17.7,850,17.9,18.1,85.1,260,253,0,0,102,0,0,18.1,16.3,13.8
2026-01-01T01:46:22Z,0,0,0.2,0,16.2,0,17.9,850.2,18.1,18.1,85.1,259,253,0,0.1,102,0.4,0.4,18.2,16.4,13.9
2026-01-01T02:01:59Z,0,0,0.2,0,16.2,0,18,850.3,18.2,18.4,85.1,260,253,0,0.1,87,0.4,0.4,18.4,16.6,14.1
2026-01-01T02:17:04Z,0,0,0.2,0,16.2,0,17.9,850.4,18.1,18.3,85.4,259,252,0,0.4,122,1.5,1.5,18.3,16.5,14
2026-01-01T02:32:09Z,0,0,0.2,0,16.2,0,17.8,850.6,17.9,18.2,86,260,254,0,0.2,102,0.9,0.9,18.2,16.5,13.9
2026-01-01T02:47:15Z,0,0,0.2,0,16.2,0,17.5,850.7,17.7,17.9,87.4,260,254,0,0.4,73,2,2,18,16.4,13.7
2026-01-01T03:02:20Z,0,0,0.2,0,16.2,0,17.3,850.8,17.4,17.6,88.5,260,253,0,0.1,109,0.4,0.4,17.7,16.2,13.4
2026-01-01T03:17:25Z,0,0,0.2,0,16.2,0,17.2,850.9,17.4,17.5,88.8,260,260,0,0.9,131,2.2,2.2,17.6,16.2,13.3
2026-01-01T03:32:30Z,0,0,0.2,0,16.2,0,17.1,851,17.3,17.5,89.3,263,284,0,0,106,0,0,17.5,16.2,13.3
2026-01-01T03:47:55Z,0,0,0.2,0.1,16.2,0,17.3,851.1,17.4,17.6,89.6,270,388,0,0,119,0,0,17.7,16.4,13.4
2026-01-01T04:03:00Z,0,0,0.2,0.4,16.2,0,17.5,851.4,17.6,17.8,87.5,325,1107,0,0.6,120,0.9,0.9,17.9,16.3,13.6
2026-01-01T04:18:05Z,0,0,0.2,0.3,16.2,0,17.6,851.3,17.8,17.9,86.9,313,745,0,0.3,123,0.9,0.9,18,16.3,13.7
2026-01-01T04:33:10Z,0,0,0.2,0.4,16.2,0,17.7,851.4,17.9,18,86.3,328,930,0,0.1,125,0.7,0.7,18.1,16.4,13.8
2026-01-01T04:48:15Z,0,0,0.2,0.7,16.2,0,18,851.6,18.1,18.4,84.5,384,1619,0,0.3,114,1.5,1.5,18.4,16.5,14.1
2026-01-01T05:04:05Z,0,0,0.2,0.8,16.2,0,18.2,851.7,18.3,18.6,83.7,398,1772,0,0,155,0,0,18.6,16.6,14.3
2026-01-01T05:19:11Z,0,0,0.2,0.7,16.2,0,18.3,851.7,18.5,18.7,82.8,384,1605,0,0.4,206,1.3,1.3,18.8,16.7,14.5
2026-01-01T05:34:16Z,0,0,0.2,1.2,16.2,0,18.6,851.8,18.7,19,82.2,476,2536,0,0.5,89,1.3,1.3,19.1,16.9,14.7
2026-01-01T05:49:21Z,0,0,0.2,2.5,16.2,0,19.7,851.9,19.8,20,79.6,718,5430,0,0.5,85,2.6,2.6,20,17.4,15.6
2026-01-01T06:04:26Z,0,0,0,2.6,0.2,0.2,22.2,851.8,22,22.3,68.5,735,5490,0,1.1,55,2.2,2.2,22.4,18.2,17.6
2026-01-01T06:19:30Z,0,0,0,2.5,0.2,0.2,22.1,851.6,21.8,22.4,67.6,726,5256,0,0.9,100,2.6,2.6,22.4,18.2,17.6
2026-01-01T06:34:35Z,0,0,0,1.4,0.2,0.2,22.7,851.6,22.5,23.1,64.1,515,2872,0,2.1,70,4.1,4.1,23.1,18.4,18.2
2026-01-01T06:49:40Z,0,0,0,0.7,0.2,0.2,22.2,851.7,22.5,22.7,64.3,391,1545,0,0.8,136,2,2,22.7,18.1,17.9
2026-01-01T07:05:02Z,0,0,0,0.7,0.2,0.2,20.7,851.7,21,21.3,68.1,380,1520,0,0.6,137,1.7,1.7,21.3,17.3,16.7
2026-01-01T07:20:07Z,0,0,0,4,0.2,0.2,21.7,851.4,21.9,22,66.6,999,8383,0,0.9,76,2.4,2.4,22,17.7,17.3
2026-01-01T07:35:12Z,0,0,0,0.9,0.2,0.2,23.2,851.4,23.5,23.8,57.8,420,1935,0,0.2,142,0.7,0.7,23.8,18.1,18.8
2026-01-01T07:50:17Z,0,0,0,4.2,0.2,0.2,22.8,851.1,22.8,23.2,58.3,1051,8795,0,1.4,72,2.2,2.2,23.1,17.6,18.3
2026-01-01T08:05:22Z,0,0,0,3.9,0.2,0.2,24.4,851,24.1,24.7,54.6,978,7953,0,0.8,43,1.6,1.6,24.7,18.5,19.5
2026-01-01T08:20:26Z,0,0,0,1.2,0.2,0.2,24.1,851,23.8,24.3,56.1,483,2647,0,0.9,64,1.7,1.7,24.2,18.3,19.2
2026-01-01T08:35:31Z,0,0,0,4.3,0.2,0.2,22.9,850.8,22.6,22.7,64.3,1056,8986,0,0,51,0.2,0.2,22.7,18.1,17.9
2026-01-01T08:50:36Z,0,0,0,4.2,0.2,0.2,23.3,850.6,23.2,23.9,57.9,1050,8614,0,1,89,2.6,2.6,23.9,18.2,18.8
2026-01-01T09:05:41Z,0,0,0,4.3,0.2,0.2,24.5,850.5,24.2,25.1,54.2,1061,8677,0,0.9,72,2,2,25.1,18.8,19.9
2026-01-01T09:21:29Z,0,0,0,1.2,0.2,0.2,23.8,850.4,23.7,24.8,54.6,477,2519,0,1.5,71,2.4,2.4,24.7,18.5,19.5
2026-01-01T09:36:34Z,0,0,0,3.8,0.2,0.2,23.1,850.1,23.2,23.8,57.1,958,7647,0,0.1,128,0.4,0.4,23.8,18,18.8
2026-01-01T09:51:38Z,0,0,0,2.7,0.2,0.2,23.6,849.9,23.5,24.2,55.5,765,5424,0,0.8,56,1.5,1.5,24.2,18.1,19.1
2026-01-01T10:06:43Z,0,0,0,1.1,0.2,0.2,24.7,849.8,24.6,25.2,51.9,464,2224,0,1.4,71,3.3,3.3,25.2,18.4,19.9
2026-01-01T10:21:48Z,0,0,0,4,0.2,0.2,25.7,849.4,25.4,26,47.3,1008,8150,0,1.3,84,2.4,2.4,25.9,18.4,20.5
2026-01-01T10:37:13Z,0,0,0,4.1,0.2,0.2,25,849.3,24.7,25.2,49.6,1023,8310,0,0.9,42,2,2,25.2,18.1,19.9
2026-01-01T10:52:29Z,0,0,0,4.2,0.2,0.2,26.3,849,26.2,27.1,47.1,1048,8559,0,1.4,78,3.7,3.7,27.4,19.4,21.6
2026-01-01T11:07:34Z,0,0,0,4.3,0.2,0.2,25.9,848.8,25.8,26.8,47,1067,8864,0,1,86,2.6,2.6,27,19,21.3
2026-01-01T11:22:39Z,0,0,0,3.9,0.2,0.2,26.1,848.5,26.1,27,48,986,8012,0,0.3,86,1.7,1.7,27.3,19.4,21.5
2026-01-01T11:37:44Z,0,0,0,3.5,0.2,0.2,26,848.4,26.1,27,48.6,916,7155,0,1,56,2,2,27.4,19.5,21.6
2026-01-01T11:52:48Z,0,0,0,3.5,0.2,0.2,26.6,848.1,26.6,27.7,45.4,906,7133,0,0.6,37,2,2,27.8,19.6,21.9
2026-01-01T12:07:53Z,0,0,0,3.1,0.2,0.2,27.1,847.9,27.2,28.5,43.3,829,6256,0,1.6,82,3.3,3.3,28.4,19.9,22.3
2026-01-01T12:23:19Z,0,0,0,2.8,0.2,0.2,27.1,847.6,27.4,28.6,42.8,786,5803,0,0.6,58,1.3,1.3,28.5,19.8,22.4
2026-01-01T12:38:24Z,0,0,0,2.6,0.2,0.2,27.5,847.4,28.1,28.9,41.6,749,5428,0,0.4,61,1.1,1.1,28.7,19.9,22.5
2026-01-01T12:53:29Z,0,0,0,2.3,0.2,0.2,26.9,847.3,27.1,28.3,42.4,687,4775,0,1.1,102,3.4,3.4,28.1,19.5,22.1
2026-01-01T13:08:29Z,0,0,0,2,0.2,0.2,25.8,847.2,25.9,27,46.1,636,4239,0,0.6,73,2,2,27.2,19.1,21.4
2026-01-01T13:23:37Z,0,0,0,1.6,0.2,0.2,26.4,847.3,26.7,27.7,43.9,559,3398,0,0.2,67,1.1,1.1,27.7,19.3,21.8
2026-01-01T13:38:42Z,0,0,0,1.6,0.2,0.2,26.1,847.3,26.6,27.4,44.3,553,3388,0,0.3,147,1.3,1.3,27.4,19.1,21.6
2026-01-01T13:54:30Z,0,0,0,1.2,0.2,0.2,26.3,847.2,26.6,27.9,42.8,491,2718,0,0.9,70,2,2,27.7,19.2,21.8
2026-01-01T14:09:36Z,0,0,0,1,0.2,0.2,25.9,847.4,26.2,27.4,43.8,446,2250,0,0.2,42,0.9,0.9,27.4,19,21.6
2026-01-01T14:25:23Z,0,0,0,0.7,0.2,0.2,25,847.4,25.1,26.3,45.3,392,1674,0,0.9,99,2.4,2.4,26.2,18.3,20.7
2026-01-01T14:40:55Z,0,0,0,0.2,0.2,0.2,24.3,847.6,24.4,24.7,47,301,545,0,0.8,60,4.4,4.4,24.6,17.3,19.4
2026-01-01T14:56:53Z,0,0,0,0.2,0.2,0.2,23.6,847.8,23.8,24,49,293,494,0,0.2,44,0.4,0.4,23.8,17,18.8
2026-01-01T15:11:58Z,0,0,0,0.2,0.2,0.2,23.1,847.8,23.2,23.4,48.3,284,430,0,0.5,73,0.9,0.9,23.3,16.4,18.4
2026-01-01T15:27:25Z,0,0,0,0.1,0.2,0.2,22.7,848,22.9,23,49.2,273,355,0,0.6,217,2,2,22.8,16.1,18
2026-01-01T15:42:47Z,0,0,0,0,0.2,0.2,22.3,848.3,22.4,22.6,49.8,263,269,0,0.6,79,1.5,1.5,22.4,15.9,17.6
2026-01-01T15:58:57Z,0,0,0,0,0.2,0.2,21.8,848.4,21.9,22.1,52.3,260,254,0,0.2,79,0.4,0.4,21.9,15.8,17.2
2026-01-01T16:14:57Z,0,0,0,0,0.2,0.2,21.3,848.6,21.4,21.5,53.5,261,254,0,0.1,89,0.4,0.4,21.4,15.5,16.8
2026-01-01T16:29:57Z,0,0,0,0,0.2,0.2,20.7,848.8,20.8,20.9,56.7,260,254,0,0,89,0.2,0.2,20.7,15.4,16.2
2026-01-01T16:45:06Z,0,0,0,0,0.2,0.2,20.2,849.1,20.2,20.4,60.8,260,254,0,0,89,0,0,20.3,15.5,15.8
2026-01-01T17:00:07Z,0,0,0,0,0.2,0.2,19.4,849.4,19.4,19.6,65.5,260,254,0,0,89,0.2,0.2,19.5,15.3,15.1
2026-01-01T17:15:58Z,0,0,0,0,0.2,0.2,19,849.6,19.1,19.3,65.6,261,254,0,0,89,0,0,19.2,15.1,14.8
2026-01-01T17:31:03Z,0,0,0,0,0.2,0.2,18.8,849.7,19,19.2,66.8,262,253,0,0,89,0.2,0.2,19,15.1,14.7
2026-01-01T17:46:07Z,0,0,0,0,0.2,0.2,18.6,849.8,18.8,18.9,68.6,261,254,0,0.2,89,0.7,0.7,18.8,15.1,14.4
2026-01-01T18:01:22Z,0,0,0,0,0.2,0.2,18.3,849.9,18.5,18.6,69.3,261,254,0,0.1,89,0.4,0.4,18.5,14.9,14.2
2026-01-01T18:17:13Z,0,0,0,0,0.2,0.2,18.2,850,18.4,18.7,69.2,261,253,0,0,89,0.2,0.2,18.5,14.9,14.2
2026-01-01T18:33:04Z,0,0,0,0,0.2,0.2,17.9,850.1,18,18.2,70.2,260,253,0,0,89,0.2,0.2,18.1,14.6,13.8
2026-01-01T18:48:11Z,0,0,0,0,0.2,0.2,17.6,850.1,17.7,17.9,71.6,259,253,0,0,89,0,0,17.8,14.5,13.5
2026-01-01T19:03:24Z,0,0,0,0,0.2,0.2,17.2,850.2,17.4,17.6,73.6,260,254,0,0,89,0,0,17.4,14.4,13.2
2026-01-01T19:19:13Z,0,0,0,0,0.2,0.2,16.8,850.2,16.9,17.2,75.5,260,253,0,0,89,0,0,17,14.3,12.8
2026-01-01T19:34:24Z,0,0,0,0,0.2,0.2,16.7,850.3,16.9,17.1,75.4,260,254,0,0,89,0,0,16.9,14.2,12.7
2026-01-01T19:50:05Z,0,0,0,0,0.2,0.2,16.7,850.3,16.9,17,75.8,260,253,0,0,89,0.2,0.2,16.9,14.2,12.7
2026-01-01T20:05:16Z,0,0,0,0,0.2,0.2,16.7,850.2,16.9,17,75.8,260,253,0,0,89,0,0,16.9,14.2,12.7
2026-01-01T20:20:22Z,0,0,0,0,0.2,0.2,16.6,850.4,16.8,17,75.9,259,254,0,0,89,0,0,16.9,14.2,12.7
2026-01-01T20:36:14Z,0,0,0,0,0.2,0.2,16.3,850.5,16.5,16.7,77.7,259,253,0,0,89,0,0,16.6,14.1,12.4
2026-01-01T20:51:19Z,0,0,0,0,0.2,0.2,16.3,850.5,16.4,16.7,77.9,261,255,0,0,89,0,0,16.6,14.1,12.4
2026-01-01T21:07:08Z,0,0,0,0,0.2,0.2,16.4,850.5,16.6,16.8,77.6,260,254,0,0,89,0.2,0.2,16.7,14.2,12.5
2026-01-01T21:23:06Z,0,0,0,0,0.2,0.2,16.3,850.4,16.5,16.7,78.3,261,252,0,0,89,0,0,16.6,14.2,12.4
2026-01-01T21:38:12Z,0,0,0,0,0.2,0.2,16,850.4,16.3,16.4,79.3,261,254,0,0,89,0.2,0.2,16.3,14,12.1
2026-01-01T21:53:17Z,0,0,0,0,0.2,0.2,16,850.2,16.3,16.4,80.7,261,253,0,0.3,89,0.4,0.4,16.3,14.2,12.1
2026-01-01T22:08:22Z,0,0,0,0,0.2,0.2,15.8,850,16.1,16.2,80.8,261,253,0,0,89,0,0,16.1,13.9,11.8
2026-01-01T22:23:28Z,0,0,0,0,0.2,0.2,15.5,849.9,15.8,15.9,81.9,260,255,0,0,89,0.2,0.2,15.7,13.8,11.5
2026-01-01T22:38:32Z,0,0,0,0,0.2,0.2,15.3,849.8,15.6,15.6,83,261,253,0,0,89,0,0,15.5,13.7,11.3
2026-01-01T22:53:38Z,0,0,0,0,0.2,0.2,15,849.6,15.2,15.4,84,261,254,0,0,89,0,0,15.3,13.5,11.1
2026-01-01T23:08:43Z,0,0,0,0,0.2,0.2,14.9,849.3,15.2,15.3,84.7,260,254,0,0.1,89,0.2,0.2,15.2,13.5,11
2026-01-01T23:24:06Z,0,0,0,0,0.2,0.2,15,849.2,15.3,15.3,84.4,261,254,0,0,89,0.2,0.2,15.2,13.5,11
2026-01-01T23:39:11Z,0,0,0,0,0.2,0.2,15.1,849.2,15.6,15.6,83.7,260,253,0,0.2,89,0.4,0.4,15.4,13.7,11.3
2026-01-01T23:54:16Z,0,0,0,0,0.2,0.2,15.1,849.1,15.4,15.5,83.6,259,254,0,0.1,89,0.2,0.2,15.4,13.6,11.2
2026-01-02T00:00:18Z,0,0,0,0,0.2,0.2,15.1,849.1,15.4,15.5,83.4,260,253,0,0.1,89,0.2,0.2,15.4,13.6,11.2
2026-01-02T00:15:23Z,0,0,0,0,0.2,0.2,15.1,849,15.5,15.6,83.6,261,253,0,0.1,89,0.2,0.2,15.5,13.7,11.3
2026-01-02T00:30:28Z,0,0,0,0,0.2,0.2,15.2,849.2,15.6,15.6,83.6,260,253,0,0.1,89,0.2,0.2,15.5,13.7,11.3
2026-01-02T00:45:33Z,0,0,0,0,0.2,0.2,15,849.3,15.2,15.3,84.5,261,254,0,0,89,0,0,15.2,13.5,11
2026-01-02T01:00:38Z,0,0,0,0,0.2,0.2,14.7,849.5,14.9,15.1,85.6,261,253,0,0,89,0,0,15,13.4,10.8
2026-01-02T01:15:44Z,0,0,0,0,0.2,0.2,14.4,849.4,14.6,14.8,87.1,261,254,0,0.2,89,0.4,0.4,14.7,13.3,10.5
2026-01-02T01:30:48Z,0,0,0,0,0.2,0.2,14.4,849.3,14.7,14.8,87.8,261,253,0,0.2,89,0.4,0.4,14.7,13.4,10.5
2026-01-02T01:46:11Z,0,0,0,0,0.2,0.2,14.5,849.4,14.9,14.9,87.4,260,254,0,0,89,0,0,14.8,13.5,10.6
2026-01-02T02:01:16Z,0,0,0,0,0.2,0.2,14.3,849.5,14.7,14.7,88.1,260,254,0,0.1,89,0.7,0.7,14.6,13.4,10.4
2026-01-02T02:16:21Z,0,0,0,0,0.2,0.2,14.2,849.6,14.5,14.6,88.7,260,253,0,0,89,0,0,14.5,13.3,10.3
2026-01-02T02:31:26Z,0,0,0,0,0.2,0.2,14,849.9,14.2,14.4,89,260,253,0,0,89,0.2,0.2,14.3,13.1,10.1
2026-01-02T02:46:31Z,0,0,0,0,0.2,0.2,13.9,850,14.2,14.3,89.6,261,253,0,0,89,0,0,14.2,13.1,10
2026-01-02T03:01:36Z,0,0,0,0,0.2,0.2,14,850.2,14.3,14.5,90.4,260,253,0,0,89,0,0,14.4,13.4,10.2
2026-01-02T03:16:41Z,0,0,0,0,0.2,0.2,14,850.3,14.2,14.4,90.6,260,258,0,0,89,0,0,14.4,13.4,10.2
2026-01-02T03:31:46Z,0,0,0,0,0.2,0.2,13.9,850.4,14.2,14.3,90.3,265,289,0,0,89,0,0,14.2,13.2,10
2026-01-02T03:46:51Z,0,0,0,0.1,0.2,0.2,13.8,850.7,14.1,14.2,90.6,274,358,0,0,89,0,0,14.1,13.1,9.9
2026-01-02T04:01:56Z,0,0,0,0.2,0.2,0.2,13.9,850.9,14.2,14.3,90.9,285,452,0,0,89,0,0,14.2,13.2,10
2026-01-02T04:17:19Z,0,0,0,0.2,0.2,0.2,14.4,851.2,14.9,14.9,90.3,301,566,0,0.2,89,0.9,0.9,14.9,13.8,10.7
2026-01-02T04:32:24Z,0,0,0,0.3,0.2,0.2,15.6,851.4,15.8,15.8,87.2,307,641,0,0,88,0.2,0.2,15.7,14.3,11.5
2026-01-02T04:47:29Z,0,0,0,0.4,0.2,0.2,16.4,851.5,16.4,16.6,83.8,325,826,0,0,90,0.2,0.2,16.6,14.7,12.4
2026-01-02T05:02:34Z,0,0,0,0.9,0.2,0.2,17.1,851.7,17.2,17.3,80.4,424,2035,0,0.7,107,1.5,1.5,17.2,15,13
2026-01-02T05:17:39Z,0,0,0,1.2,0.2,0.2,20.1,851.6,19.6,19,76.4,479,2634,0,0,107,0.2,0.2,19,16.2,14.7
2026-01-02T05:32:44Z,0,0,0,1.5,0.2,0.2,21.7,851.6,20.9,20.5,70.5,526,3136,0,0.2,107,0.7,0.7,20.5,16.8,16
2026-01-02T05:47:49Z,0,0,0,1.5,0.2,0.2,21.9,851.7,21.1,21.7,64.4,529,3069,0,0.8,107,1.3,1.3,21.7,17.2,17
2026-01-02T06:02:54Z,0,0,0,2.2,0,0,22.2,851.8,22,22.5,61.6,674,4767,0,0.6,107,1.3,1.3,22.5,17.5,17.7
2026-01-02T06:17:59Z,0,0,0,2.2,0,0,23.1,851.6,22.4,23.2,60.8,677,4733,0,0.7,106,1.5,1.5,23.2,18,18.3
2026-01-02T06:33:03Z,0,0,0,3.1,0,0,22.6,851.7,22,23.2,59.5,841,6656,0,1.2,83,2,2,23.2,17.8,18.3
2026-01-02T06:48:27Z,0,0,0,3.5,0,0,23.2,851.5,23.4,23.7,58.9,910,7363,0,0.4,134,1.7,1.7,23.7,18.2,18.7
2026-01-02T07:03:57Z,0,0,0,1.2,0,0,23.3,851.5,22.9,23.7,58.7,477,2256,0,0.9,66,2,2,23.6,18.1,18.7
2026-01-02T07:19:03Z,0,0,0,3.3,0,0,24.4,851.3,24.1,24.6,54.1,873,6757,0,1,75,1.7,1.7,24.6,18.3,19.4
2026-01-02T07:34:53Z,0,0,0,0.9,0,0,24.4,851.1,24.1,24.9,53.4,423,1710,0,0.4,50,1.1,1.1,24.8,18.4,19.6
2026-01-02T07:49:58Z,0,0,0,1.4,0,0,25,851.1,24.8,25.6,49.7,517,2632,0,1.2,71,3.1,3.1,25.6,18.5,20.2
2026-01-02T08:05:39Z,0,0,0,3.8,0,0,25.5,850.8,25.1,26,48.5,959,7641,0,1,69,2.2,2.2,26,18.6,20.5
2026-01-02T08:20:44Z,0,0,0,3.8,0,0,25.6,850.6,25.3,26.3,46.7,974,7787,0,0.9,86,1.7,1.7,26.2,18.6,20.7
2026-01-02T08:35:49Z,0,0,0,3.9,0,0,26.7,850.5,26.4,27.1,45.2,989,7921,0,0,69,0.4,0.4,27.2,19,21.5
2026-01-02T08:50:54Z,0,0,0,4,0,0,27.3,850.4,26.8,27.3,42.7,1011,8155,0,1.2,45,2.4,2.4,27.2,18.7,21.5
2026-01-02T09:05:59Z,0,0,0,4.1,0,0,26,850.2,25.6,26.8,42.8,1028,8348,0,1.2,79,3.3,3.3,26.8,18.3,21.2
2026-01-02T09:21:03Z,0,0,0,4.3,0,0,26.7,849.9,26.7,27.5,43.8,1058,8646,0,1.3,72,3.5,3.5,27.4,19.1,21.6
2026-01-02T09:36:08Z,0,0,0,4.2,0,0,26.8,849.6,26.6,27.4,42.9,1034,8402,0,1.7,63,4.1,4.1,27.3,18.8,21.5
2026-01-02T09:51:13Z,0,0,0,4.4,0,0,26.4,849.4,26.3,27.2,42.5,1071,8829,0,1.3,61,2.4,2.4,27.1,18.6,21.4
2026-01-02T10:06:37Z,0,0,0,4.1,0,0,26.2,849.1,26.2,27.1,42.7,1015,8225,0,0.5,95,3,3,27,18.5,21.3
2026-01-02T10:21:42Z,0,0,0,4.1,0,0,26.7,849,26.8,27.6,40.5,1015,8203,0,0.3,190,0.9,0.9,27.4,18.6,21.5
2026-01-02T10:36:46Z,0,0,0,4,0,0,27.3,848.8,27.2,28.2,38.5,1004,8090,0,0.5,101,3.1,3.1,27.7,18.7,21.8
2026-01-02T10:51:51Z,0,0,0,3.9,0,0,27.4,848.7,27.3,28.4,40.2,988,7936,0,0.2,123,1,1,28.1,19.2,22.1
2026-01-02T11:06:56Z,0,0,0,4,0,0,27.2,848.4,27.4,28.1,40.2,1005,8125,0,1.4,174,3.9,3.9,27.8,18.9,21.8
2026-01-02T11:21:57Z,0,0,0,4,0,0,26.8,848.4,26.8,27.8,40,998,8132,0,1.3,83,2.6,2.6,27.5,18.7,21.6
2026-01-02T11:37:02Z,0,0,0,3.8,0,0,29.3,848.3,29.4,30.4,36.1,957,7623,0,0.5,351,1.3,1.3,29.7,20,23.2
2026-01-02T11:52:46Z,0,0,0,3.5,0,0,27.2,848.1,27.6,28,40.7,903,7120,0,0.5,192,1.1,1.1,27.8,19,21.8
2026-01-02T12:07:52Z,0,0,0,3.1,0,0,28.4,847.9,28.7,29.6,38.8,836,6316,0,0.2,143,0.4,0.4,29.1,19.9,22.8
2026-01-02T12:23:52Z,0,0,0,3,0,0,28.2,847.9,28.9,29.5,36.9,813,6125,0,0.7,148,1.5,1.5,28.8,19.4,22.6
2026-01-02T12:38:57Z,0,0,0,2.5,0,0,28,847.7,27.9,29.6,38.1,727,5283,0,0.7,98,2.2,2.2,29.1,19.8,22.8
2026-01-02T12:54:02Z,0,0,0,0.6,0,0,27.3,847.6,27.2,28.7,37.9,364,1111,0,0.8,106,2.2,2.2,28.1,19,22.1
2026-01-02T13:09:07Z,0,0,0,2.1,0,0,28.7,847.6,28.8,30,35.5,649,4396,0,0.3,79,0.9,0.9,29.2,19.5,22.8
2026-01-02T13:24:13Z,0,0,0,1.8,0,0,27.5,847.6,27.8,28.7,38.5,584,3697,0,1.8,73,2.8,2.8,28.2,19.1,22.2
2026-01-02T13:39:55Z,0,0,0,1.5,0,0,28,847.7,27.9,29.5,37,535,3180,0,1.1,46,2,2,28.9,19.5,22.6
2026-01-02T13:55:18Z,0,0,0,1.2,0,0,27.7,847.7,28.1,29.2,37.8,484,2636,0,0.8,130,2,2,28.7,19.4,22.5
2026-01-02T14:10:24Z,0,0,0,1,0,0,27.5,847.8,27.7,29.1,38.6,438,2159,0,1.6,79,3.9,3.9,28.6,19.5,22.5
2026-01-02T14:25:30Z,0,0,0,0.8,0,0,27,847.9,27.3,28.6,38.2,396,1714,0,0.7,106,1.7,1.7,28.1,19,22.1
2026-01-02T14:40:35Z,0,0,0,0.2,0,0,26.1,848.1,26.2,26.6,40.8,300,541,0,0.1,96,0.9,0.9,26.5,17.9,20.9
2026-01-02T14:56:25Z,0,0,0,0.2,0,0,25.2,848.1,25.3,25.6,41.7,294,479,0,0.2,120,0.7,0.7,25.4,17.1,20.1
2026-01-02T15:11:30Z,0,0,0,0.2,0,0,24.6,848.2,24.8,25,43.5,286,424,0,0,103,0.2,0.2,24.8,16.9,19.6
2026-01-02T15:26:35Z,0,0,0,0.1,0,0,24,848.3,24.2,24.3,44.5,274,354,0,0.1,94,0.2,0.2,24.2,16.6,19.1
2026-01-02T15:42:32Z,0,0,0,0,0,0,23.2,848.3,23.4,23.5,46.4,262,278,0,0,127,0.2,0.2,23.3,16.2,18.4
2026-01-02T15:57:37Z,0,0,0,0,0,0,22.7,848.4,22.9,23,46.9,260,255,0,0.3,72,0.7,0.7,22.8,15.8,18
2026-01-02T16:12:59Z,0,0,0,0,0,0,22.5,848.5,22.6,22.7,50.3,261,253,0,0.5,78,1.3,1.3,22.5,16.1,17.8
2026-01-02T16:28:22Z,0,0,0,0,0,0,22.1,848.8,22.2,22.3,50.5,260,253,0,0.7,79,1.5,1.5,22.1,15.8,17.4
2026-01-02T16:43:27Z,0,0,0,0,0,0,21.6,849,21.7,21.8,52.3,260,253,0,0.2,107,0.4,0.4,21.6,15.6,17
2026-01-02T16:58:44Z,0,0,0,0,0,0,20.9,849.1,21.1,21.2,53.7,259,254,0,0.3,38,0.9,0.9,21,15.3,16.5
2026-01-02T17:13:49Z,0,0,0,0,0,0,20.5,849.4,20.6,20.8,56,261,253,0,0.2,38,0.4,0.4,20.6,15.2,16.1
2026-01-02T17:28:54Z,0,0,0,0,0,0,19.9,849.6,19.9,20.1,61.2,260,254,0,0,38,0,0,19.9,15.2,15.5
2026-01-02T17:43:59Z,0,0,0,0,0,0,19.1,849.8,19.1,19.3,64,261,253,0,0,38,0,0,19.1,14.9,14.8
2026-01-02T17:59:04Z,0,0,0,0,0,0,18.4,850,18.5,18.7,66.3,261,254,0,0,38,0,0,18.5,14.6,14.2
2026-01-02T18:14:29Z,0,0,0,0,0,0,17.9,850.1,18,18.3,68.5,260,253,0,0,38,0,0,18.1,14.5,13.8
2026-01-02T18:29:35Z,0,0,0,0,0,0,17.7,850,17.9,18,68.9,261,253,0,0.1,37,0.2,0.2,17.9,14.3,13.6
2026-01-02T18:44:40Z,0,0,0,0,0,0,17.8,850.1,18.1,18.3,69,259,253,0,0.1,37,0.2,0.2,18.1,14.5,13.8
2026-01-02T18:59:45Z,0,0,0,0,0,0,17.8,850,18.1,18.2,69.3,261,254,0,0.2,38,0.4,0.4,18.1,14.5,13.8
2026-01-02T19:14:50Z,0,0,0,0,0,0,17.7,850.2,18,18.1,70.4,260,253,0,0,38,0.2,0.2,18,14.6,13.7
2026-01-02T19:29:55Z,0,0,0,0,0,0,17.4,850.4,17.5,17.7,72.1,261,254,0,0,38,0.4,0.4,17.6,14.4,13.3
2026-01-02T19:45:00Z,0,0,0,0,0,0,17.4,850.3,17.8,17.9,72.8,261,253,0,0,38,0,0,17.8,14.6,13.5
2026-01-02T20:00:05Z,0,0,0,0,0,0,17.7,850.3,17.9,18.1,71.3,261,254,0,0,38,0,0,17.9,14.6,13.7
2026-01-02T20:15:10Z,0,0,0,0,0,0,17.8,850.2,18,18.2,71.3,261,253,0,0.3,38,0.7,0.7,18.1,14.7,13.8
2026-01-02T20:30:41Z,0,0,0,0,0,0,17.5,850.3,17.6,17.9,72.8,261,254,0,0,38,0.2,0.2,17.7,14.6,13.5
2026-01-02T20:45:41Z,0,0,0,0,0,0,17.1,850.4,17.2,17.4,75.7,260,254,0,0,38,0.2,0.2,17.3,14.6,13.1
2026-01-02T21:00:46Z,0,0,0,0,0,0,16.8,850.4,16.9,17.1,77.6,260,253,0,0,38,0,0,17,14.5,12.8
2026-01-02T21:15:51Z,0,0,0,0,0,0,17.1,850.4,17.3,17.5,77,260,254,0,0,38,0,0,17.5,14.8,13.2
2026-01-02T21:30:56Z,0,0,0,0,0,0,17.2,850.3,17.4,17.5,78,260,253,0,0,38,0,0,17.5,14.9,13.2
2026-01-02T21:46:02Z,0,0,0,0,0,0,17,850.2,17.1,17.3,77.6,261,253,0,0,38,0,0,17.2,14.7,13
2026-01-02T22:01:06Z,0,0,0,0,0,0,16.8,850,16.9,17.1,80.7,260,253,0,0,38,0.4,0.4,17,14.8,12.8
2026-01-02T22:16:12Z,0,0,0,0,0,0,16.5,849.8,16.6,16.8,81.3,259,253,0,0,38,0.2,0.2,16.8,14.6,12.6
2026-01-02T22:31:17Z,0,0,0,0,0,0,16.4,849.6,16.6,16.8,82.6,261,253,0,0.1,37,0.2,0.2,16.7,14.7,12.5
2026-01-02T22:46:46Z,0,0,0,0,0,0,16.3,849.6,16.6,16.7,83.2,260,253,0,0,38,0,0,16.6,14.7,12.4
2026-01-02T23:01:51Z,0,0,0,0,0,0,16.3,849.6,16.4,16.7,84.5,260,253,0,0,38,0,0,16.6,14.8,12.4
2026-01-02T23:17:49Z,0,0,0,0,0,0,16.6,849.4,16.8,17,84.2,260,255,0,0,38,0,0,17,15.2,12.8
2026-01-02T23:32:53Z,0,0,0,0,0,0,16.4,849.3,16.6,16.8,84.5,259,254,0,0,38,0,0,16.8,15,12.6
2026-01-02T23:47:58Z,0,0,0,0,0,0,16.1,849.1,16.2,16.5,85.2,260,253,0,0,38,0,0,16.4,14.7,12.2
2026-01-03T00:00:02Z,0,0,0,0,0,0,15.8,849,16,16.1,86.2,260,253,0,0,38,0,0,16.1,14.5,11.9
2026-01-03T00:15:07Z,0,0,0,0,0,0,15.5,849,15.8,15.9,87.7,260,253,0,0,38,0,0,15.8,14.4,11.6
2026-01-03T00:30:12Z,0,0,0,0,0,0,15.3,848.9,15.5,15.6,88.5,261,253,0,0,38,0,0,15.6,14.3,11.4
2026-01-03T00:45:17Z,0,0,0,0,0,0,15,848.8,15.2,15.4,88.8,261,254,0,0,38,0,0,15.3,14.1,11.1
2026-01-03T01:00:22Z,0,0,0,0,0,0,14.9,848.7,15.2,15.4,89.7,261,254,0,0,38,0,0,15.3,14.2,11.1
2026-01-03T01:15:45Z,0,0,0,0,0,0,14.7,848.7,14.9,15.1,89.8,260,254,0,0,38,0,0,15.1,14,10.9
2026-01-03T01:30:50Z,0,0,0,0,0,0,14.6,848.8,14.9,15,90.1,260,253,0,0,38,0,0,14.9,13.8,10.7
2026-01-03T01:45:55Z,0,0,0,0,0,0,14.4,848.8,14.8,14.9,90.4,261,253,0,0,38,0.2,0.2,14.8,13.8,10.6
2026-01-03T02:01:00Z,0,0,0,0,0,0,14.5,848.9,14.8,14.9,90.7,260,253,0,0,38,0,0,14.8,13.8,10.6
2026-01-03T02:16:05Z,0,0,0,0,0,0,14.2,848.8,14.6,14.6,90.7,262,254,0,0,38,0,0,14.6,13.6,10.4
2026-01-03T02:31:10Z,0,0,0,0,0,0,14.2,848.9,14.4,14.6,91,260,253,0,0,38,0,0,14.5,13.6,10.3
2026-01-03T02:46:14Z,0,0,0,0,0,0,14.2,849,14.6,14.7,91.4,259,254,0,0,38,0,0,14.6,13.7,10.4
2026-01-03T03:01:19Z,0,0,0,0,0,0,14.1,849.1,14.4,14.6,91.7,262,253,0,0.1,38,0.4,0.4,14.5,13.6,10.3
2026-01-03T03:16:24Z,0,0,0,0,0,0,14,849.2,14.2,14.4,91.5,260,258,0,0,38,0.2,0.2,14.3,13.4,10.1
2026-01-03T03:31:29Z,0,0,0,0,0,0,13.8,849.3,14.1,14.2,91.5,262,288,0,0,38,0,0,14.1,13.2,9.9
2026-01-03T03:46:51Z,0,0,0,0.1,0,0,13.8,849.6,14.1,14.2,91.9,274,370,0,0,38,0,0,14.2,13.3,10
2026-01-03T04:01:56Z,0,0,0,0.2,0,0,14,849.8,14.3,14.4,92.1,286,458,0,0,38,0,0,14.3,13.4,10.1
2026-01-03T04:17:01Z,0,0,0,0.2,0,0,14.3,849.9,14.6,14.7,92.2,296,579,0,0,38,0,0,14.7,13.8,10.5
2026-01-03T04:32:06Z,0,0,0,0.2,0,0,15,850.1,15.4,15.3,91.7,304,577,0,0,38,0,0,15.3,14.4,11.1
2026-01-03T04:47:11Z,0,0,0,0.3,0,0,15.7,850.4,16.2,16.2,88.5,312,645,0,0.2,38,0.4,0.4,16.2,14.8,12
2026-01-03T05:02:16Z,0,0,0,0.9,0,0,17.2,850.5,17.3,17.3,85.8,420,2031,0,0.1,38,0.2,0.2,17.3,15.6,13
2026-01-03T05:17:20Z,0,0,0,1.1,0,0,20.5,850.4,19.6,19.2,79.3,470,2550,0,0.1,38,0.4,0.4,19.2,16.7,14.9
2026-01-03T05:32:25Z,0,0,0,1.4,0,0,22.3,850.5,21.2,21.2,72.8,519,3077,0,0.1,38,0.4,0.4,21.3,17.8,16.7
2026-01-03T05:47:30Z,0,0,0,1.7,0,0,22.5,850.3,21.4,21.3,69.6,571,3616,0,0.2,38,0.4,0.4,21.3,17.4,16.7
2026-01-03T06:04:08Z,0,0,0,2,0,0.2,23.6,850.3,22.8,23.3,64,631,4231,0,0.1,40,0.4,0.4,23.3,18.5,18.4
2026-01-03T06:19:19Z,0,0,0,2.2,0,0.2,24.6,850.3,23.8,24.3,57.9,668,4621,0,0.7,68,1.5,1.5,24.3,18.6,19.2
2026-01-03T06:34:25Z,0,0,0,2.5,0,0.2,23.4,850.2,23.1,23.8,57.8,731,5343,0,0.5,95,2,2,23.7,18.1,18.8
2026-01-03T06:49:30Z,0,0,0,2.8,0,0.2,24.6,850.1,24.2,24.7,57.1,785,5860,0,0.3,127,1.3,1.3,24.7,18.8,19.5
2026-01-03T07:04:35Z,0,0,0,3.2,0,0.2,25.8,850.1,25.6,26.4,51.3,853,6661,0,0.9,66,2,2,26.4,19.4,20.8
2026-01-03T07:19:57Z,0,0,0,3,0,0.2,25.9,849.8,25.4,26.1,51,810,6047,0,1.5,66,2.4,2.4,26.1,19.1,20.6
2026-01-03T07:35:02Z,0,0,0,1.9,0,0.2,25.4,849.7,25.3,25.9,51.8,619,3752,0,0.6,86,2,2,25.9,19.1,20.5
2026-01-03T07:50:37Z,0,0,0,3.5,0,0.2,25.3,849.5,25.1,25.9,49.1,917,7213,0,1,73,2.6,2.6,25.8,18.6,20.4
2026-01-03T08:05:58Z,0,0,0,3.7,0,0.2,26,849.3,25.6,26.5,47.4,946,7517,0,0.6,76,1.7,1.7,26.5,18.9,20.9
2026-01-03T08:21:03Z,0,0,0,3.7,0,0.2,26.8,849.1,26.6,27.3,45.3,953,7599,0,0.2,107,0.4,0.4,27.4,19.2,21.6
2026-01-03T08:36:08Z,0,0,0,3.9,0,0.2,27.3,848.9,27,27.8,45.2,986,7904,0,1.2,77,3.3,3.3,27.9,19.6,21.9
2026-01-03T08:51:12Z,0,0,0,4,0,0.2,27.5,848.6,27,27.6,43,999,8050,0,1.2,9,2.4,2.4,27.5,19,21.7
2026-01-03T09:06:18Z,0,0,0,4.1,0,0.2,26.9,848.5,26.7,27.5,41.1,1015,8231,0,0.8,88,2.2,2.2,27.3,18.6,21.5
2026-01-03T09:21:22Z,0,0,0,4.1,0,0.2,27,848.3,26.8,27.6,40.8,1015,8231,0,1.1,62,2.6,2.6,27.4,18.7,21.6
2026-01-03T09:36:39Z,0,0,0,4.2,0,0.2,27.6,848.1,27.2,27.9,40.9,1034,8412,0,0.6,3,1.3,1.3,27.6,18.9,21.7
2026-01-03T09:52:02Z,0,0,0,4.2,0,0.2,28.4,847.8,28.1,28.7,38,1036,8414,0,1.5,51,4.1,4.1,28.1,19,22.1
2026-01-03T10:07:07Z,0,0,0,4.1,0,0.2,27.4,847.6,27.2,28.3,38.6,1013,8206,0,1.7,79,3.9,3.9,27.8,18.8,21.9
2026-01-03T10:22:12Z,0,0,0,4,0,0.2,28.6,847.3,28.3,28.9,37.9,1005,8098,0,0.5,129,1.7,1.7,28.3,19.1,22.2
2026-01-03T10:38:09Z,0,0,0,4,0,0.2,28.6,847,28.2,29.1,37.3,1000,8052,0,0.7,30,1.7,1.7,28.5,19.2,22.4
2026-01-03T10:53:14Z,0,0,0,3.8,0,0.2,28.7,846.8,28.6,29.8,34.4,967,7721,0,1.1,96,3.5,3.5,29,19.2,22.7
2026-01-03T11:08:16Z,0,0,0,3.7,0,0.2,29.2,846.6,29.2,30.3,34.3,944,7464,0,0.6,173,1.3,1.3,29.4,19.5,23
2026-01-03T11:23:21Z,0,0,0,3.6,0,0.2,30.2,846.3,29.8,30.7,33.2,922,7242,0,0.6,40,1.3,1.3,29.8,19.6,23.3
2026-01-03T11:38:31Z,0,0,0,3.4,0,0.2,30.2,846.2,30.5,31.7,30.4,892,6888,0,0.1,114,0.7,0.7,30.5,19.7,23.7
2026-01-03T11:54:16Z,0,0,0,3.1,0,0.2,30,845.8,29.9,31.3,35.5,840,6362,0,0.9,64,2,2,30.7,20.6,23.9
2026-01-03T12:09:21Z,0,0,0,2.9,0,0.2,30.4,845.6,30.5,31.8,34.5,803,5974,0,0.5,112,1.1,1.1,31.1,20.7,24.2
2026-01-03T12:25:20Z,0,0,0,2.8,0,0.2,29.3,845.5,29.9,30.8,35.4,775,5669,0,1,187,2,2,30,20.1,23.4
2026-01-03T12:41:19Z,0,0,0,2.5,0,0.2,30.4,845.5,30.6,31.8,32.2,721,5120,0,0.4,55,0.9,0.9,30.9,20.3,24
2026-01-03T12:56:43Z,0,0,0,2.3,0,0.2,30,845.5,30.1,31.4,32.9,682,4707,0,0.8,126,1.7,1.7,30.5,20.1,23.7
2026-01-03T13:11:48Z,0,0,0,2,0,0.2,29.4,845.4,29.8,31,33.3,634,4214,0,0.3,153,0.8,0.8,30,19.8,23.4
2026-01-03T13:26:53Z,0,0,0,1.7,0,0.2,31.3,845.4,31.4,32.7,31.3,580,3660,0,0.4,70,1.3,1.3,31.8,20.7,24.6
2026-01-03T13:42:06Z,0,0,0,1.5,0,0.2,30.3,845.6,30.3,32.3,30.7,534,3166,0,1.2,63,2.2,2.2,31.3,20.3,24.2
2026-01-03T13:57:52Z,0,0,0,1.2,0,0.2,29.8,845.5,30.1,31.5,34.3,475,2559,0,0.8,71,1.3,1.3,30.8,20.5,24
2026-01-03T14:12:58Z,0,0,0,0.9,0,0.2,28.1,845.7,28.6,29.6,39.4,432,2102,0,0.5,90,1.1,1.1,29.2,20,22.9
2026-01-03T14:28:03Z,0,0,0,0.7,0,0.2,27.3,845.7,27.6,28.7,40.7,385,1618,0,1.2,85,2.2,2.2,28.4,19.5,22.3
2026-01-03T14:43:08Z,0,0,0,0.2,0,0.2,26.5,845.9,26.6,26.9,44.2,300,526,0,0.1,145,0.4,0.4,27,18.7,21.3
2026-01-03T14:58:12Z,0,0,0,0.2,0,0.2,25.8,846.1,25.9,26.2,46,291,478,0,0.4,109,0.9,0.9,26.2,18.4,20.7
2026-01-03T15:13:28Z,0,0,0,0.1,0,0.2,25.3,846.2,25.4,25.6,46.6,282,420,0,0.3,89,0.9,0.9,25.5,18,20.2
2026-01-03T15:28:28Z,0,0,0,0.1,0,0.2,24.7,846.4,24.8,25,47,272,337,0,0.7,142,2,2,24.8,17.5,19.6
2026-01-03T15:43:49Z,0,0,0,0,0,0.2,24,846.6,24.2,24.3,48.6,263,275,0,0.8,90,1.5,1.5,24.2,17.2,19.1
2026-01-03T15:59:11Z,0,0,0,0,0,0.2,23.5,846.8,23.7,23.8,49.9,260,254,0,0.3,109,0.9,0.9,23.7,17,18.7
2026-01-03T16:14:19Z,0,0,0,0,0,0.2,23.1,847,23.2,23.3,50.5,261,254,0,0.2,81,1.1,1.1,23.2,16.6,18.3
2026-01-03T16:29:25Z,0,0,0,0,0,0.2,22.5,847.3,22.7,22.9,52,260,254,0,0.4,86,1.1,1.1,22.7,16.4,17.9
2026-01-03T16:44:30Z,0,0,0,0,0,0.2,22.2,847.5,22.3,22.5,53.2,260,253,0,0.2,93,0.7,0.7,22.3,16.3,17.6
2026-01-03T16:59:53Z,0,0,0,0,0,0.2,21.9,847.7,22.1,22.1,54.5,260,252,0,0.3,101,0.7,0.7,22,16.2,17.3
2026-01-03T17:14:58Z,0,0,0,0,0,0.2,21.8,847.7,22,22,55.1,261,252,0,0.2,96,0.7,0.7,21.9,16.2,17.2
2026-01-03T17:30:00Z,0,0,0,0,0,0.2,21.7,848.1,21.9,21.9,55.2,260,254,0,1.2,76,2.6,2.6,21.8,16.1,17.1
2026-01-03T17:45:06Z,0,0,0,0,0,0.2,21.5,848.4,21.7,21.8,56.6,260,253,0,0.3,48,0.7,0.7,21.6,16.1,17
2026-01-03T18:00:11Z,0,0,0,0,0,0.2,20.9,848.5,21,21.2,59.2,261,254,0,0.2,78,0.4,0.4,21,15.9,16.5
2026-01-03T18:15:16Z,0,0,0,0,0,0.2,20.3,848.8,20.4,20.5,61.5,260,253,0,0.1,102,0.2,0.2,20.4,15.7,15.9
2026-01-03T18:30:21Z,0,0,0,0,0,0.2,19.6,848.9,19.6,19.9,64.5,261,252,0,0.1,102,0.4,0.4,19.7,15.5,15.3
2026-01-03T18:45:26Z,0,0,0,0,0,0.2,19,849,19.2,19.3,67.4,261,253,0,0,102,0,0,19.2,15.3,14.8
2026-01-03T19:00:32Z,0,0,0,0,0,0.2,18.4,849.2,18.4,18.7,69.5,261,253,0,0,102,0,0,18.6,15,14.2
2026-01-03T19:15:57Z,0,0,0,0,0,0.2,18,849.4,18.2,18.4,72.6,260,254,0,0,102,0,0,18.2,15.1,14
2026-01-03T19:31:02Z,0,0,0,0,0,0.2,18.1,849.4,18.3,18.5,73.9,259,252,0,0.2,102,0.4,0.4,18.4,15.4,14.1
2026-01-03T19:46:07Z,0,0,0,0,0,0.2,18.4,849.4,18.7,18.8,74.3,259,255,0,0.2,92,0.8,0.8,18.7,15.6,14.4
2026-01-03T20:02:05Z,0,0,0,0,0,0.2,18.9,849.5,19.1,19.3,73.3,261,252,0,0.6,83,1.3,1.3,19.3,16,14.9
2026-01-03T20:17:11Z,0,0,0,0,0,0.2,18.8,849.4,19.1,19.2,73.6,259,254,0,0.6,76,1.3,1.3,19.2,16,14.8
2026-01-03T20:32:16Z,0,0,0,0,0,0.2,18.7,849.4,18.9,19,74.4,261,253,0,0,67,0,0,18.9,15.9,14.6
2026-01-03T20:47:21Z,0,0,0,0,0,0.2,18.2,849.5,18.2,18.3,77,259,253,0,0,67,0,0,18.3,15.6,14
2026-01-03T21:02:26Z,0,0,0,0,0,0.2,17.7,849.4,17.7,17.9,78.5,261,253,0,0,67,0,0,17.9,15.4,13.6
2026-01-03T21:18:09Z,0,0,0,0,0,0.2,17.2,849.2,17.2,17.5,81.2,260,253,0,0,67,0,0,17.4,15.2,13.2
2026-01-03T21:33:15Z,0,0,0,0,0,0.2,16.9,849.2,17,17.3,81.5,261,254,0,0,67,0,0,17.2,15.1,13
2026-01-03T21:48:19Z,0,0,0,0,0,0.2,16.7,849.2,16.8,17,82.7,261,253,0,0,67,0,0,17,15,12.8
2026-01-03T22:04:11Z,0,0,0,0,0,0.2,16.7,849.2,16.8,17,83.6,261,253,0,0,67,0,0,17,15.1,12.8
2026-01-03T22:19:17Z,0,0,0,0,0,0.2,16.6,849,16.8,17,83.8,259,253,0,0,67,0,0,17,15.1,12.8
2026-01-03T22:34:22Z,0,0,0,0,0,0.2,16.4,848.8,16.5,16.7,84.8,259,254,0,0,67,0.2,0.2,16.7,14.9,12.5
2026-01-03T22:49:27Z,0,0,0,0,0,0.2,16.2,848.8,16.3,16.6,85.2,260,254,0,0,67,0,0,16.6,14.9,12.4
2026-01-03T23:05:14Z,0,0,0,0,0,0.2,16.2,848.7,16.4,16.6,86.2,261,254,0,0,67,0,0,16.6,14.9,12.3
2026-01-03T23:20:19Z,0,0,0,0,0,0.2,16.4,848.6,16.6,16.9,85.7,261,252,0,0,67,0,0,16.9,15.2,12.6
2026-01-03T23:35:24Z,0,0,0,0,0,0.2,16.5,848.7,16.7,16.9,85.5,261,253,0,0,67,0,0,16.9,15.2,12.7
2026-01-03T23:50:29Z,0,0,0,0,0,0.2,16.5,848.6,16.7,16.9,85.7,258,253,0,0,67,0,0,16.9,15.2,12.7
2026-01-04T00:00:33Z,0,0,0,0,0,0.2,16.5,848.6,16.7,16.9,85.2,259,253,0,0,67,0,0,16.9,15.1,12.6
2026-01-04T00:15:38Z,0,0,0,0,0,0.2,16.6,848.4,16.8,17,84.9,259,254,0,0,67,0,0,17,15.2,12.8
2026-01-04T00:30:43Z,0,0,0,0,0,0.2,16.7,848.4,16.8,17.1,84.9,260,254,0,0,67,0,0,17.1,15.3,12.8
2026-01-04T00:46:09Z,0,0,0,0,0,0.2,16.5,848.2,16.7,16.9,85.4,260,253,0,0,67,0,0,16.9,15.2,12.6
2026-01-04T01:01:14Z,0,0,0,0,0,0.2,16.3,848.3,16.4,16.7,86.5,260,254,0,0,67,0,0,16.7,15.1,12.5
2026-01-04T01:16:19Z,0,0,0,0,0,0.2,16.1,848.3,16.2,16.5,86.7,260,253,0,0,67,0,0,16.4,14.9,12.2
2026-01-04T01:31:24Z,0,0,0,0,0,0.2,15.9,848.4,16.1,16.2,88.2,260,253,0,0,67,0,0,16.2,14.8,12
2026-01-04T01:46:29Z,0,0,0,0,0,0.2,16,848.3,16.2,16.4,88.4,260,253,0,0,67,0,0,16.4,15,12.2
2026-01-04T02:01:34Z,0,0,0,0,0,0.2,15.7,848.4,15.9,16.1,88.2,260,255,0,0,67,0,0,16.1,14.7,11.9
2026-01-04T02:17:05Z,0,0,0,0,0,0.2,15.5,848.6,15.8,15.9,89.2,261,253,0,0,67,0,0,15.9,14.6,11.7
2026-01-04T02:32:49Z,0,0,0,0,0,0.2,15.5,848.6,15.8,15.9,89.9,259,254,0,0,67,0,0,15.9,14.7,11.7
2026-01-04T02:48:12Z,0,0,0,0,0,0.2,15.6,848.8,15.9,15.9,90.1,260,253,0,0.1,67,0.2,0.2,16,14.8,11.8
2026-01-04T03:03:32Z,0,0,0,0,0,0.2,15.4,848.9,15.8,15.8,89.8,260,254,0,0,67,0,0,15.7,14.6,11.5
2026-01-04T03:18:37Z,0,0,0,0,0,0.2,15.2,849,15.6,15.6,90.6,262,268,0,0.1,67,0.4,0.4,15.6,14.5,11.4
2026-01-04T03:33:42Z,0,0,0,0,0,0.2,15.1,849,15.3,15.4,90.7,265,301,0,0,67,0,0,15.4,14.3,11.2
2026-01-04T03:48:47Z,0,0,0,0.1,0,0.2,15.1,849.2,15.4,15.4,91.2,277,417,0,0,67,0,0,15.4,14.4,11.2
2026-01-04T04:03:52Z,0,0,0,0.2,0,0.2,15.3,849.5,15.7,15.7,91.5,291,520,0,0.2,105,0.4,0.4,15.7,14.7,11.5
2026-01-04T04:19:18Z,0,0,0,0.2,0,0.2,15.6,849.5,16.1,16.1,89.8,303,628,0,0.1,324,0.4,0.4,16.1,14.9,11.9
2026-01-04T04:34:23Z,0,0,0,0.3,0,0.2,16.5,849.9,16.6,16.8,88.3,316,737,0,0,315,0,0,16.8,15.4,12.6
2026-01-04T04:49:29Z,0,0,0,0.4,0,0.2,17.4,850.1,17.5,17.7,83.9,336,926,0,0.3,315,1.1,1.1,17.7,15.8,13.5
2026-01-04T05:04:34Z,0,0,0,0.9,0,0.2,18.7,850.3,18.6,18.6,82.1,420,1990,0,0.2,287,0.7,0.7,18.6,16.4,14.3
2026-01-04T05:19:39Z,0,0,0,1.1,0,0.2,21.1,850.2,20.4,20.2,75,466,2502,0,0.4,42,0.9,0.9,20.2,17.1,15.8
2026-01-04T05:34:44Z,0,0,0,1.4,0,0.2,23.2,850.2,22.3,22.2,66.3,520,3062,0,0.6,40,1.3,1.3,22.2,17.8,17.5
2026-01-04T05:50:26Z,0,0,0,1.7,0,0.2,22.9,850,22.5,23,57.8,576,3635,0,1.6,112,3.9,3.9,22.9,17.4,18.1
2026-01-04T06:05:39Z,0,0,0,1.9,0,0,23.5,850.2,23.2,23.6,56.3,612,4019,0,1.1,53,2.2,2.2,23.5,17.7,18.6
2026-01-04T06:21:35Z,0,0,0,2.3,0,0,24,850.2,23.7,24,56,693,4925,0,0.1,120,0.7,0.7,24,18,18.9
2026-01-04T06:36:41Z,0,0,0,2.5,0,0,25.1,850.1,24.6,25.3,51.1,728,5280,0,1.3,60,2.4,2.4,25.3,18.5,20
2026-01-04T06:51:46Z,0,0,0,2.7,0,0,25.9,849.8,25.5,25.9,50.9,768,5669,0,0.3,91,0.9,0.9,25.9,18.9,20.4
2026-01-04T07:06:51Z,0,0,0,3,0,0,24.4,849.7,24.2,25,50.4,807,6075,0,0.8,167,3.7,3.7,25,18.1,19.7
2026-01-04T07:22:37Z,0,0,0,3.2,0,0,24.8,849.6,24.6,25.3,50.1,848,6501,0,0.6,138,1.3,1.3,25.3,18.3,20
2026-01-04T07:37:42Z,0,0,0,3.3,0,0,25.3,849.5,24.9,25.7,49,876,6806,0,1.5,73,3.1,3.1,25.7,18.4,20.3
2026-01-04T07:52:47Z,0,0,0,3.5,0,0,26.1,849.1,25.6,26.1,47.8,904,7074,0,1.1,18,2.4,2.4,26.1,18.6,20.6
2026-01-04T08:07:52Z,0,0,0,3.6,0,0,25.5,848.8,25.4,26.1,48.7,934,7400,0,0.8,53,2.2,2.2,26.1,18.8,20.6
2026-01-04T08:23:30Z,0,0,0,3.8,0,0,26,848.7,25.8,26.8,46.2,962,7671,0,1.5,93,2.8,2.8,27.1,18.9,21.3
2026-01-04T08:38:35Z,0,0,0,3.9,0,0,26.6,848.6,26.6,27.3,45.4,983,7870,0,1.2,85,2,2,27.4,19.2,21.6
2026-01-04T08:53:40Z,0,0,0,4,0,0,25.8,848.5,25.7,26.6,47.4,997,8048,0,1.7,89,3.7,3.7,26.6,18.9,21
2026-01-04T09:08:45Z,0,0,0,4,0,0,26.7,848,26.8,27.3,46.7,1008,8147,0,0.3,111,1.7,1.7,27.5,19.4,21.6
2026-01-04T09:23:50Z,0,0,0,4.2,0,0,26,847.8,25.8,26.7,49.9,1035,8460,0,1.3,49,2,2,27.1,19.4,21.4
2026-01-04T09:38:55Z,0,0,0,4.1,0,0,26.6,847.5,26.4,27.1,48.2,1022,8325,0,1.2,359,2,2,27.4,19.5,21.6
2026-01-04T09:54:44Z,0,0,0,4.1,0,0,26.7,847.2,26.5,27.5,46.5,1021,8294,0,2.3,74,4.6,4.6,27.7,19.6,21.8
2026-01-04T10:09:50Z,0,0,0,4.1,0,0,27,847,26.9,27.6,47.5,1021,8291,0,0.8,73,2.4,2.4,27.8,19.8,21.9
2026-01-04T10:25:35Z,0,0,0,4,0,0,27.3,846.7,27.2,28.1,46.3,1006,8132,0,1.3,60,3.5,3.5,28.2,20,22.2
2026-01-04T10:40:41Z,0,0,0,3.9,0,0,28.2,846.3,28.1,28.8,46.2,993,7987,0,0.8,0,1.3,1.3,29,20.6,22.7
2026-01-04T10:55:46Z,0,0,0,3.8,0,0,28.5,846.1,28.2,29.1,43.4,963,7698,0,1.3,39,3.1,3.1,29.1,20.4,22.8
2026-01-04T11:10:48Z,0,0,0,3.7,0,0,28.3,845.9,28.2,29.4,44.5,945,7497,0,1.6,93,3.4,3.4,29.5,20.8,23.1
2026-01-04T11:25:54Z,0,0,0,3.8,0,0,27.5,845.7,27.4,28.6,43.4,956,7625,0,1.4,75,2.6,2.6,28.5,19.9,22.4
2026-01-04T11:40:59Z,0,0,0,3.5,0,0,27.2,845.6,27.2,28.2,46.9,908,7127,0,0.9,107,2.2,2.2,28.4,20.3,22.3
2026-01-04T11:56:14Z,0,0,0,3.3,0,0,27.9,845.5,28,29,44.6,868,6680,0,0.3,106,1.1,1.1,29,20.4,22.7
2026-01-04T12:11:39Z,0,0,0,2.8,0,0,28.1,845.5,28.4,29.3,43.2,789,5846,0,1.2,105,4.4,4.4,29.2,20.5,22.9
2026-01-04T12:26:45Z,0,0,0,2.7,0,0,28.8,845.4,28.9,30.1,41.6,754,5446,0,0.6,67,1.5,1.5,30,20.8,23.4
2026-01-04T12:41:47Z,0,0,0,2.3,0,0,29,845.2,28.9,30,40.9,690,4794,0,1.1,79,2,2,29.8,20.6,23.3
2026-01-04T12:56:52Z,0,0,0,2.1,0,0,29.2,845.1,29.2,30.7,40.3,653,4420,0,0.5,82,2.6,2.6,30.6,21.1,23.8
2026-01-04T13:11:53Z,0,0,0,1.8,0,0,28.4,845.1,28.6,29.9,42,598,3836,0,0.8,89,3.1,3.1,29.8,20.8,23.3
2026-01-04T13:26:58Z,0,0,0,1.5,0,0,27.6,845.1,27.6,28.9,42.6,536,3172,0,1.1,92,3.3,3.3,28.7,20,22.5
2026-01-04T13:42:03Z,0,0,0,1.3,0,0,28.1,845.3,28.2,29.3,42,496,2762,0,0.9,95,2.8,2.8,29.1,20.2,22.8
2026-01-04T13:57:53Z,0,0,0,1.1,0,0,27.8,845.2,27.8,29.2,41.6,460,2374,0,0.7,64,2.6,2.6,28.9,20.1,22.7
2026-01-04T14:13:15Z,0,0,0,0.9,0,0,27.2,845.2,27.2,28.4,43.8,418,1937,0,0.7,36,1.5,1.5,28.3,19.8,22.2
2026-01-04T14:28:18Z,0,0,0,0.7,0,0,26.3,845.4,26.4,27.3,45.3,384,1577,0,0.9,51,2,2,27.4,19.2,21.6
2026-01-04T14:44:02Z,0,0,0,0.3,0,0,25.4,845.5,25.4,25.8,48,312,678,0,0.6,78,1.4,1.4,25.8,18.4,20.4
2026-01-04T14:59:28Z,0,0,0,0.2,0,0,24.9,845.7,25,25.3,52.3,294,532,0,0.1,116,0.4,0.4,25.3,18.6,20
2026-01-04T15:14:57Z,0,0,0,0.1,0,0,24.1,846,24.4,24.5,55,280,422,0,0.2,106,0.7,0.7,24.5,18.4,19.4
2026-01-04T15:30:51Z,0,0,0,0.1,0,0,23.5,846.1,23.7,23.9,57.2,267,305,0,0,110,0.2,0.2,23.8,18.1,18.8
2026-01-04T15:46:41Z,0,0,0,0,0,0,23.1,846.4,23.2,23.4,58.6,263,262,0,0.2,36,0.9,0.9,23.4,17.9,18.4
2026-01-04T16:02:14Z,0,0,0,0,0,0,22.6,846.6,22.8,23,59.5,261,253,0,0.1,89,0.4,0.4,22.9,17.6,18.1
2026-01-04T16:18:04Z,0,0,0,0,0,0,22.3,846.9,22.4,22.6,61,260,252,0,0,97,0.4,0.4,22.5,17.5,17.8
2026-01-04T16:33:50Z,0,0,0,0,0,0,22,847.1,22.2,22.3,61.7,260,253,0,0.2,111,0.4,0.4,22.3,17.3,17.5
2026-01-04T16:49:12Z,0,0,0,0,0,0,21.8,847.3,22,22.1,61.7,260,254,0,0.7,93,1.7,1.7,22,17.1,17.3
2026-01-04T17:06:07Z,0,0,0,0,0,0,21.8,847.4,22,22.1,61.7,259,254,0,0.9,39,2.2,2.2,22,17.1,17.3
2026-01-04T17:21:12Z,0,0,0,0,0,0,21.5,847.6,21.7,21.8,62.2,260,255,0,0.4,101,0.9,0.9,21.8,16.9,17.1
2026-01-04T17:36:58Z,0,0,0,0,0,0,21.3,847.9,21.4,21.6,63.1,259,253,0,0.1,104,0.2,0.2,21.5,16.9,16.9
2026-01-04T17:52:26Z,0,0,0,0,0,0,21.2,848.2,21.4,21.5,63.7,260,253,0,0,114,0,0,21.4,16.8,16.8
2026-01-04T18:07:37Z,0,0,0,0,0,0,21.1,848.5,21.2,21.4,64.4,260,253,0,0,114,0,0,21.3,16.9,16.7
2026-01-04T18:23:05Z,0,0,0,0,0,0,20.8,848.6,20.9,21,66.3,260,254,0,0,114,0,0,21,16.7,16.4
2026-01-04T18:39:02Z,0,0,0,0,0,0,20.5,848.8,20.6,20.8,68.5,260,253,0,0,114,0,0,20.7,16.8,16.2
2026-01-04T18:54:40Z,0,0,0,0,0,0,20,849,20.1,20.3,69.7,260,254,0,0,114,0,0,20.2,16.5,15.8
2026-01-04T19:10:17Z,0,0,0,0,0,0,19.5,849.1,19.5,19.6,72.1,261,255,0,0,114,0,0,19.6,16.2,15.2
2026-01-04T19:25:29Z,0,0,0,0,0,0,19,849.1,19.2,19.4,73.6,260,253,0,0,114,0,0,19.3,16.1,15
2026-01-04T19:41:01Z,0,0,0,0,0,0,18.6,849,18.6,18.9,76.3,260,253,0,0,114,0.2,0.2,18.9,16.1,14.6
2026-01-04T19:56:14Z,0,0,0,0,0,0,18.2,849.2,18.3,18.5,78,260,253,0,0,114,0,0,18.5,15.8,14.2
2026-01-04T20:11:31Z,0,0,0,0,0,0,18,849.3,18.1,18.3,79,260,254,0,0,114,0,0,18.3,15.8,14
2026-01-04T20:27:21Z,0,0,0,0,0,0,17.7,849.4,17.8,18,80,261,253,0,0,114,0,0,18,15.7,13.7
2026-01-04T20:43:15Z,0,0,0,0,0,0,17.5,849.5,17.6,17.8,81.7,262,254,0,0,114,0,0,17.8,15.6,13.5
2026-01-04T20:58:17Z,0,0,0,0,0,0,17.2,849.6,17.4,17.6,82.6,260,253,0,0,114,0,0,17.6,15.5,13.3
2026-01-04T21:14:11Z,0,0,0,0,0,0,17.1,849.5,17.2,17.5,83.2,261,252,0,0,114,0,0,17.5,15.5,13.2
2026-01-04T21:30:05Z,0,0,0,0,0,0,17.1,849.6,17.3,17.5,83.7,261,254,0,0,114,0,0,17.5,15.6,13.2
2026-01-04T21:45:11Z,0,0,0,0,0,0,17.1,849.5,17.2,17.5,84.3,261,253,0,0.1,114,0.2,0.2,17.5,15.6,13.2
2026-01-04T22:01:05Z,0,0,0,0,0,0,17.1,849.4,17.3,17.4,84,260,254,0,0,114,0,0,17.4,15.5,13.2
2026-01-04T22:16:11Z,0,0,0,0,0,0,16.9,849.5,17,17.2,84.3,260,253,0,0,114,0,0,17.2,15.3,13
2026-01-04T22:31:19Z,0,0,0,0,0,0,16.8,849.3,17,17.2,84.8,261,253,0,0,114,0,0,17.2,15.4,13
2026-01-04T22:46:24Z,0,0,0,0,0,0,16.9,849.2,17.1,17.4,83.4,260,253,0,0,114,0,0,17.3,15.4,13.1
2026-01-04T23:01:30Z,0,0,0,0,0,0,16.7,849.1,16.8,17.1,83.7,261,253,0,0,114,0,0,17.1,15.2,12.8
2026-01-04T23:16:35Z,0,0,0,0,0,0,16.5,849.1,16.6,16.8,84.3,259,253,0,0,114,0,0,16.8,15,12.5
2026-01-04T23:31:41Z,0,0,0,0,0,0,16.2,849.1,16.2,16.5,85.2,261,254,0,0,114,0,0,16.5,14.8,12.3
2026-01-04T23:47:05Z,0,0,0,0,0,0,16,848.9,16.2,16.3,86.1,261,253,0,0,114,0,0,16.3,14.7,12.1
2026-01-05T00:00:10Z,0,0,0,0,0,0,15.7,849,16.1,16.1,87.2,260,253,0,0.1,114,0.2,0.2,16.1,14.6,11.9
2026-01-05T00:15:11Z,0,0,0,0,0,0,15.8,849.1,16.1,16.2,86.5,260,254,0,0,114,0,0,16.2,14.7,12
2026-01-05T00:30:17Z,0,0,0,0,0,0,15.5,849.2,15.8,15.9,87.1,260,254,0,0,114,0,0,15.8,14.4,11.6
2026-01-05T00:45:22Z,0,0,0,0,0,0,15.4,849.2,15.7,15.8,88.2,260,254,0,0,114,0,0,15.7,14.4,11.5
2026-01-05T01:00:27Z,0,0,0,0,0,0,15.1,849.1,15.4,15.5,87.8,260,253,0,0,114,0,0,15.5,14.1,11.3
2026-01-05T01:15:33Z,0,0,0,0,0,0,15,849.3,15.4,15.5,88,260,253,0,0,114,0.2,0.2,15.4,14.1,11.2
2026-01-05T01:30:38Z,0,0,0,0,0,0,15,849.3,15.4,15.5,87.2,261,254,0,0.3,114,0.9,0.9,15.5,14,11.3
2026-01-05T01:45:43Z,0,0,0,0,0,0,15,849.5,15.4,15.4,86.1,261,253,0,0,114,0.2,0.2,15.4,13.8,11.2
2026-01-05T02:01:09Z,0,0,0,0,0,0,14.8,849.5,15.1,15.2,86.5,261,253,0,0,114,0,0,15.1,13.6,10.9
2026-01-05T02:16:15Z,0,0,0,0,0,0,14.6,849.7,14.9,15,86.4,260,253,0,0.2,114,0.4,0.4,14.9,13.4,10.7
2026-01-05T02:31:20Z,0,0,0,0,0,0,14.3,849.8,14.6,14.7,86.8,259,252,0,0,114,0,0,14.6,13.2,10.4
2026-01-05T02:46:26Z,0,0,0,0,0,0,14,849.9,14.4,14.5,87.1,260,253,0,0,114,0,0,14.4,13,10.2
2026-01-05T03:01:31Z,0,0,0,0,0,0,13.8,850.1,14,14.2,87.7,261,255,0,0,114,0,0,14.1,12.8,9.9
2026-01-05T03:17:28Z,0,0,0,0,0,0,13.6,850.3,13.9,14.1,88.5,261,258,0,0,114,0.2,0.2,13.9,12.7,9.7
2026-01-05T03:32:36Z,0,0,0,0,0,0,13.7,850.3,14.1,14.2,87.7,263,285,0,0.2,114,0.4,0.4,14.1,12.8,9.9
2026-01-05T03:47:41Z,0,0,0,0.1,0,0,13.6,850.6,14,14.1,87.7,275,389,0,0.2,114,0.7,0.7,13.9,12.7,9.7
2026-01-05T04:02:47Z,0,0,0,0.2,0,0,14,850.6,14.4,14.6,85.3,287,503,0,0.1,114,0.4,0.4,14.4,12.9,10.2
2026-01-05T04:17:53Z,0,0,0,0.2,0,0,14.4,850.8,14.7,14.8,84.9,302,632,0,0,114,0.2,0.2,14.7,13.1,10.5
2026-01-05T04:33:16Z,0,0,0,0.2,0,0,15.1,850.8,15.5,15.5,82.6,303,621,0,0.1,114,0.4,0.4,15.4,13.5,11.2
2026-01-05T04:48:21Z,0,0,0,0.3,0,0,16.1,851.2,16.3,16.4,79.7,318,746,0,0.3,114,0.7,0.7,16.3,14.1,12.1
2026-01-05T05:03:26Z,0,0,0,0.9,0,0,18.2,851.2,17.9,17.8,75.7,428,2114,0,0.1,114,0.2,0.2,17.7,14.9,13.4
2026-01-05T05:18:31Z,0,0,0,1.2,0,0,21,851.4,19.9,19.7,67.8,474,2609,0,0.5,113,0.9,0.9,19.6,15.7,15.2
2026-01-05T05:33:36Z,0,0,0,1.4,0,0,23.7,851.5,22.8,22.4,60.5,525,3124,0,0.1,114,0.4,0.4,22.4,17.3,17.6
2026-01-05T05:48:42Z,0,0,0,1.7,0,0,24.6,851.5,23.2,23.2,54.4,570,3603,0,0.8,104,2.2,2.2,23.1,17.1,18.2
2026-01-05T06:03:47Z,0,0,0,1.9,0,0,23.5,851.6,22.9,23.6,53.5,610,4038,0,0.6,98,1.2,1.2,23.5,17.3,18.6
2026-01-05T06:18:52Z,0,0,0,2.2,0,0,24.3,851.5,24,24.3,50.2,673,4712,0,0.3,37,1.1,1.1,24.2,17.4,19.1
2026-01-05T06:34:26Z,0,0,0,2.4,0,0,23.3,851.5,22.8,24,49.2,709,5093,0,2.3,95,4.4,4.4,23.8,17,18.8
2026-01-05T06:49:43Z,0,0,0,2.6,0,0,24.6,851.4,24.6,24.8,47.9,750,5567,0,0.3,120,1.1,1.1,24.7,17.5,19.5
2026-01-05T07:04:48Z,0,0,0,2.9,0,0,24.9,851.2,24.5,25.2,49,793,5968,0,0.5,73,1.1,1.1,25.1,18,19.9
2026-01-05T07:20:17Z,0,0,0,3.1,0,0,24.9,851.1,24.3,25.3,48.5,838,6512,0,1.1,35,2.4,2.4,25.3,18,20
2026-01-05T07:36:29Z,0,0,0,3.3,0,0,24.2,851,23.9,24.9,46.3,877,6868,0,1.1,95,2.4,2.4,24.8,17.3,19.6
2026-01-05T07:51:54Z,0,0,0,3.5,0,0,24.7,850.8,24.5,25.2,46.5,900,7075,0,0.7,50,1.5,1.5,25.1,17.6,19.9
2026-01-05T08:07:18Z,0,0,0,3.6,0,0,25.7,850.6,25.1,25.6,40.8,931,7398,0,1.5,15,2.6,2.6,25.4,17,20.1
2026-01-05T08:22:23Z,0,0,0,3.7,0,0,25.1,850.4,24.8,25.7,42.2,940,7542,0,2.1,61,3.9,3.9,25.6,17.4,20.2
2026-01-05T08:37:28Z,0,0,0,3.9,0,0,25.1,850.2,24.9,25.8,44.7,978,7886,0,0.5,66,1.5,1.5,25.7,17.8,20.3
2026-01-05T08:52:34Z,0,0,0,3.9,0,0,25.3,849.9,25.2,25.9,42.2,985,7983,0,1.7,92,3.1,3.1,25.8,17.5,20.4
2026-01-05T09:07:39Z,0,0,0,4,0,0,26.2,849.7,26.1,26.8,38.5,1009,8215,0,1.1,86,4.4,4.4,26.7,17.6,21
2026-01-05T09:23:25Z,0,0,0,4.1,0,0,25.4,849.4,25.5,26.3,37.8,1013,8291,0,0.7,59,1.5,1.5,26.1,17,20.6
2026-01-05T09:38:37Z,0,0,0,4.1,0,0,26.6,849.1,26.5,27.3,34.8,1020,8344,0,0.8,75,3.1,3.1,26.8,17.3,21.1
2026-01-05T09:54:24Z,0,0,0,4,0,0,25.8,848.7,26,26.7,34.7,1009,8230,0,1.3,138,2.8,2.8,26.5,16.8,21
2026-01-05T10:09:29Z,0,0,0,4,0,0,27,848.6,27,27.9,33.3,1005,8177,0,1.3,74,2.8,2.8,27.2,17.5,21.4
2026-01-05T10:24:35Z,0,0,0,3.9,0,0,26.6,848.2,26.6,27.5,35.9,990,7998,0,0.9,87,2.6,2.6,27,17.7,21.3
2026-01-05T10:40:30Z,0,0,0,3.8,0,0,27.3,848,27.2,28.3,34.5,969,7792,0,1.7,70,3.1,3.1,27.6,18,21.7
2026-01-05T10:55:40Z,0,0,0,3.6,0,0,26.3,847.8,26.2,27.5,36,937,7461,0,0.9,102,1.7,1.7,27,17.7,21.3
2026-01-05T11:10:59Z,0,0,0,3.6,0,0,26.9,847.6,26.8,28,38.5,927,7317,0,2.4,78,3.7,3.7,27.5,18.5,21.7
2026-01-05T11:26:21Z,0,0,0,3.4,0,0,28,847.4,28,29.2,38,892,6956,0,0.9,79,2,2,28.7,19.5,22.5
2026-01-05T11:41:49Z,0,0,0,3.2,0,0,26.6,847.1,26.6,27.8,39.8,845,6499,0,1.6,77,3.1,3.1,27.5,18.6,21.6
2026-01-05T11:57:14Z,0,0,0,3,0,0,27.3,846.8,27.4,28.6,38.6,816,6163,0,1.4,66,3.3,3.3,28.1,19.1,22.1
2026-01-05T12:12:20Z,0,0,0,2.8,0,0,28.7,846.7,28.8,29.7,36.7,783,5804,0,0.6,89,3.1,3.1,29,19.6,22.7
2026-01-05T12:27:26Z,0,0,0,2.5,0,0,28.4,846.6,28.2,29.5,36,727,5232,0,1,80,2.2,2.2,28.8,19.3,22.6
2026-01-05T12:42:31Z,0,0,0,2.3,0,0,29.1,846.6,29.6,30.6,35.8,686,4811,0,0,79,0.2,0.2,29.9,20.1,23.3
2026-01-05T12:57:37Z,0,0,0,2.1,0,0,29,846.5,28.8,30.3,34.5,642,4349,0,0.2,75,0.7,0.7,29.4,19.6,23
2026-01-05T13:13:25Z,0,0,0,1,0,0,27.5,846.7,27.6,29.1,37.2,441,1977,0,0.8,82,1.5,1.5,28.5,19.2,22.4
2026-01-05T13:28:30Z,0,0,0,1.5,0,0,27,846.7,27.3,28.4,38,539,3260,0,0.6,93,2,2,27.8,18.7,21.9
2026-01-05T13:43:35Z,0,0,0,1.3,0,0,26.4,846.8,26.7,27.7,37.9,507,2912,0,1,98,2.6,2.6,27.3,18.2,21.5
2026-01-05T13:58:40Z,0,0,0,1.1,0,0,26.4,847,26.4,27.8,38,460,2415,0,1.4,87,3.8,3.8,27.3,18.3,21.5
2026-01-05T14:13:46Z,0,0,0,0.9,0,0,26.2,847.1,26.3,27.5,37.8,421,1997,0,1,88,2.2,2.2,27.2,18,21.4
2026-01-05T14:28:51Z,0,0,0,0.6,0,0,25.5,847.1,25.6,26.5,39.1,373,1486,0,1.3,70,2.6,2.6,26.4,17.5,20.8
2026-01-05T14:43:56Z,0,0,0,0.3,0,0,24.7,847.2,24.8,25.2,41.9,312,725,0,0.9,74,2.6,2.6,25,16.9,19.8
2026-01-05T14:59:20Z,0,0,0,0.2,0,0,24.2,847.4,24.4,24.6,42.5,302,625,0,0.3,87,0.7,0.7,24.4,16.5,19.3
2026-01-05T15:14:25Z,0,0,0,0.2,0,0,23.8,847.7,23.9,24.1,43.1,291,555,0,1.4,85,3.1,3.1,23.9,16.2,18.9
2026-01-05T15:29:36Z,0,0,0,0.1,0,0,23.5,847.7,23.6,23.8,44.2,270,361,0,0.3,88,1.5,1.5,23.6,16.1,18.7
2026-01-05T15:44:42Z,0,0,0,0,0,0,23.1,848,23.2,23.4,44.1,262,270,0,0.3,84,2.2,2.2,23.2,15.7,18.3
2026-01-05T15:59:48Z,0,0,0,0,0,0,22.7,848.1,22.9,23,45,261,254,0,0.8,90,2,2,22.8,15.5,18
2026-01-05T16:15:42Z,0,0,0,0,0,0,22.2,848.2,22.4,22.6,46.4,260,254,0,0.2,87,0.7,0.7,22.3,15.4,17.6
2026-01-05T16:31:19Z,0,0,0,0,0,0,21.6,848.5,21.8,21.9,48.8,259,253,0,0.1,87,0.4,0.4,21.7,15.2,17.1
2026-01-05T16:46:47Z,0,0,0,0,0,0,21.3,848.5,21.5,21.6,49.7,260,252,0,0,87,0,0,21.4,15,16.8
2026-01-05T17:01:52Z,0,0,0,0,0,0,20.9,848.7,21.1,21.2,51.5,261,253,0,0.5,87,2.2,2.2,21,14.9,16.4
2026-01-05T17:17:49Z,0,0,0,0,0,0,20.9,848.9,21.1,21.2,52.1,260,254,0,0.6,87,2.2,2.2,20.9,15,16.4
2026-01-05T17:33:38Z,0,0,0,0,0,0,20.4,849.1,20.6,20.8,53.3,261,254,0,0.2,87,0.7,0.7,20.5,14.8,16
2026-01-05T17:48:45Z,0,0,0,0,0,0,20.1,849.3,20.3,20.5,53.5,260,254,0,0.3,87,0.7,0.7,20.2,14.6,15.7
2026-01-05T18:04:38Z,0,0,0,0,0,0,19.8,849.3,20,20.2,54.8,261,253,0,0.1,87,0.2,0.2,19.9,14.5,15.5
2026-01-05T18:19:40Z,0,0,0,0,0,0,19.5,849.4,19.8,19.9,55.7,260,253,0,0.3,87,0.9,0.9,19.6,14.4,15.2
2026-01-05T18:34:45Z,0,0,0,0,0,0,19.3,849.5,19.5,19.6,57.9,261,254,0,0,87,0.2,0.2,19.4,14.4,15
2026-01-05T18:49:50Z,0,0,0,0,0,0,19,849.8,19.2,19.4,59.3,259,254,0,0,87,0,0,19.2,14.4,14.8
2026-01-05T19:04:55Z,0,0,0,0,0,0,18.8,849.8,18.9,19.2,60.6,260,253,0,0,87,0,0,18.9,14.3,14.6
2026-01-05T19:20:00Z,0,0,0,0,0,0,18.6,849.9,18.8,19,62,258,253,0,0,87,0,0,18.8,14.3,14.4
2026-01-05T19:35:05Z,0,0,0,0,0,0,18.4,850.1,18.5,18.7,63.6,260,253,0,0,87,0,0,18.5,14.3,14.2
2026-01-05T19:50:30Z,0,0,0,0,0,0,18.1,849.9,18.2,18.5,64,260,253,0,0,87,0,0,18.3,14.1,14
2026-01-05T20:05:35Z,0,0,0,0,0,0,17.6,850,17.8,18,66.3,261,253,0,0,87,0,0,17.8,14,13.5
2026-01-05T20:20:40Z,0,0,0,0,0,0,17.1,849.9,17.2,17.5,68.3,262,253,0,0.1,87,0.2,0.2,17.3,13.8,13.1
2026-01-05T20:35:45Z,0,0,0,0,0,0,16.8,850,16.9,17.1,71.7,261,253,0,0,87,0,0,17,13.8,12.7
2026-01-05T20:50:51Z,0,0,0,0,0,0,16.5,849.9,16.7,16.9,70.6,260,253,0,0,87,0,0,16.7,13.4,12.4
2026-01-05T21:05:56Z,0,0,0,0,0,0,16.3,850,16.6,16.7,71,260,253,0,0,87,0,0,16.5,13.3,12.3
2026-01-05T21:21:01Z,0,0,0,0,0,0,16.3,849.8,16.5,16.7,72.5,260,254,0,0,87,0,0,16.5,13.5,12.3
2026-01-05T21:36:06Z,0,0,0,0,0,0,16.1,849.8,16.3,16.5,74.2,261,253,0,0,87,0,0,16.3,13.5,12.1
2026-01-05T21:51:11Z,0,0,0,0,0,0,15.8,849.6,16.1,16.2,75.3,259,254,0,0,87,0.2,0.2,16,13.3,11.8
2026-01-05T22:06:33Z,0,0,0,0,0,0,15.4,849.6,15.7,15.8,76.8,261,253,0,0,87,0,0,15.6,13.1,11.4
2026-01-05T22:21:38Z,0,0,0,0,0,0,15.1,849.7,15.4,15.4,77.8,261,253,0,0,87,0,0,15.2,12.9,11
2026-01-05T22:36:43Z,0,0,0,0,0,0,14.8,849.6,15.2,15.3,78.6,261,253,0,0,87,0,0,15.1,12.8,10.9
2026-01-05T22:51:49Z,0,0,0,0,0,0,14.7,849.6,15.1,15.2,78.8,260,252,0,0,87,0,0,15,12.8,10.8
2026-01-05T23:06:54Z,0,0,0,0,0,0,14.5,849.5,14.8,14.8,80,260,253,0,0,87,0,0,14.7,12.6,10.5
2026-01-05T23:21:59Z,0,0,0,0,0,0,14.4,849.5,14.8,14.9,78.2,262,254,0,0,87,0,0,14.7,12.4,10.5
2026-01-05T23:37:05Z,0,0,0,0,0,0,14,849.4,14.3,14.4,79.3,261,253,0,0,87,0.2,0.2,14.2,12.1,10
2026-01-05T23:52:10Z,0,0,0,0,0,0,13.6,849.5,13.9,14.1,78.7,260,253,0,0,87,0,0,13.8,11.7,9.6
2026-01-06T00:00:34Z,0,0,0,0,0,0,13.5,849.6,13.8,13.9,79,261,253,0,0,87,0,0,13.7,11.6,9.4
2026-01-06T00:15:39Z,0,0,0,0,0,0,13.3,849.5,13.7,13.8,79.7,260,253,0,0,87,0.2,0.2,13.6,11.6,9.4
2026-01-06T00:30:44Z,0,0,0,0,0,0,13.2,849.4,13.6,13.7,79.7,260,253,0,0,87,0,0,13.4,11.4,9.2
2026-01-06T00:45:49Z,0,0,0,0,0,0,13,849.4,13.4,13.5,80.3,261,253,0,0,87,0,0,13.2,11.3,9
2026-01-06T01:00:54Z,0,0,0,0,0,0,12.7,849.4,12.9,13.1,81.4,261,253,0,0,87,0,0,12.8,11.1,8.6
2026-01-06T01:16:00Z,0,0,0,0,0,0,12.5,849.6,12.8,13.1,81.7,261,254,0,0,87,0,0,12.8,11,8.5
2026-01-06T01:31:05Z,0,0,0,0,0,0,12.8,849.8,13.4,13.5,77,260,253,0,0.3,87,0.9,0.9,13.2,11,9
2026-01-06T01:46:10Z,0,0,0,0,0,0,13.1,849.9,13.6,13.7,76.1,260,254,0,0,87,0.2,0.2,13.4,11.1,9.2
2026-01-06T02:01:15Z,0,0,0,0,0,0,12.8,850,13.1,13.2,76.9,260,255,0,0,87,0,0,12.9,10.7,8.7
2026-01-06T02:16:38Z,0,0,0,0,0,0,12.6,850,13,13.1,77.5,260,255,0,0,87,0.2,0.2,12.8,10.7,8.6
2026-01-06T02:31:43Z,0,0,0,0,0,0,12.3,850.2,12.6,12.8,78.7,260,253,0,0,87,0,0,12.5,10.5,8.2
2026-01-06T02:46:48Z,0,0,0,0,0,0,12.1,850.3,12.5,12.7,79.6,261,253,0,0.1,87,0.4,0.4,12.4,10.5,8.1
2026-01-06T03:02:24Z,0,0,0,0,0,0,12.2,850.4,12.7,12.8,78.2,262,254,0,0,87,0.2,0.2,12.5,10.4,8.2
2026-01-06T03:18:00Z,0,0,0,0,0,0,12.1,850.5,12.5,12.6,79.1,260,258,0,0.2,87,0.2,0.2,12.3,10.4,8
2026-01-06T03:33:45Z,0,0,0,0,0,0,11.8,850.6,12.1,12.3,80.4,264,291,0,0,87,0.2,0.2,12,10.2,7.7
2026-01-06T03:48:51Z,0,0,0,0.1,0,0,11.7,850.8,12.1,12.2,81.5,276,391,0,0,87,0,0,11.9,10.2,7.6
2026-01-06T04:03:56Z,0,0,0,0.2,0,0,12,851,12.4,12.6,79.9,287,493,0,0,87,0,0,12.3,10.4,8
2026-01-06T04:19:01Z,0,0,0,0.2,0,0,12.8,851.1,13.3,13.4,77.6,298,595,0,0.1,87,0.4,0.4,13.1,10.9,8.8
2026-01-06T04:34:06Z,0,0,0,0.2,0,0,14,851.3,14.4,14.5,73.6,302,637,0,0.1,87,0.2,0.2,14.2,11.5,10
2026-01-06T04:49:11Z,0,0,0,0.3,0,0,15.2,851.4,15.6,15.6,70.2,313,727,0,0,87,0.2,0.2,15.3,12.2,11.2
2026-01-06T05:04:16Z,0,0,0,0.9,0,0,17.5,851.2,17.3,17.2,64.9,431,2152,0,0.3,87,0.7,0.7,16.9,13.1,12.7
2026-01-06T05:19:21Z,0,0,0,1.2,0,0,19.8,851.4,18.9,18.8,60.3,476,2634,0,0.8,87,1.5,1.5,18.5,13.9,14.2
2026-01-06T05:34:46Z,0,0,0,1.4,0,0,21,851.4,20.1,19.9,57.5,526,3158,0,0.3,87,0.7,0.7,19.6,14.6,15.2
2026-01-06T05:49:51Z,0,0,0,1.7,0,0,22.7,851.4,22,22.1,50.1,575,3679,0,0.5,87,0.9,0.9,21.8,15.5,17.2
2026-01-06T06:04:56Z,0,0,0,2,0,0,22,851.4,21.6,22.4,48.7,623,4199,0,0.7,87,1.5,1.5,22.2,15.6,17.5
2026-01-06T06:20:52Z,0,0,0,2.2,0,0,23.3,851.4,22.8,23.2,47.2,668,4668,0,0.5,87,1.3,1.3,23,16.1,18.2
2026-01-06T06:35:56Z,0,0,0,2.4,0,0,23.9,851.3,23.5,23.9,45.5,708,5114,0,0.8,79,1.3,1.3,23.7,16.3,18.7
2026-01-06T06:51:01Z,0,0,0,2.6,0,0,25.2,851.3,24.6,25,44.6,750,5549,0,0.6,54,2,2,24.8,17.1,19.6
2026-01-06T07:06:06Z,0,0,0,2.9,0,0,24.7,851.3,24.2,25,41.5,796,6039,0,1.6,69,3.4,3.4,24.8,16.6,19.6
2026-01-06T07:21:07Z,0,0,0,3.1,0,0,25,851.1,24.6,25.3,42,832,6410,0,1,78,1.5,1.5,25.1,17,19.9
2026-01-06T07:36:55Z,0,0,0,3.3,0,0,24,851,23.6,24.5,41,869,6800,0,2.2,69,3.7,3.7,24.3,16.1,19.2
2026-01-06T07:52:00Z,0,0,0,3.5,0,0,25.4,850.8,25.3,26,39.5,906,7170,0,1.2,75,3.3,3.3,25.9,17.1,20.4
2026-01-06T08:07:05Z,0,0,0,3.6,0,0,24.8,850.6,24.6,25.5,40.6,931,7451,0,1,80,3.3,3.3,25.4,16.9,20
2026-01-06T08:22:10Z,0,0,0,3.7,0,0,25.8,850.3,25.6,26.4,39.8,950,7648,0,1.2,76,2.6,2.6,26.3,17.5,20.7
2026-01-06T08:37:47Z,0,0,0,3.8,0,0,26.2,850.1,26.2,26.9,37.2,967,7820,0,1.3,78,2.2,2.2,26.7,17.4,21
2026-01-06T08:52:54Z,0,0,0,3.9,0,0,25.4,849.9,25.4,26.2,38.3,991,8059,0,1.2,75,2.6,2.6,26.1,17.1,20.6
2026-01-06T09:08:00Z,0,0,0,4,0,0,25.2,849.9,25.1,26.1,38.8,994,8097,0,1.5,88,2.8,2.8,25.9,17.1,20.5
2026-01-06T09:23:17Z,0,0,0,4,0,0,25.8,849.8,25.6,26.6,38.3,1003,8215,0,1.3,88,2.4,2.4,26.4,17.4,20.9
2026-01-06T09:38:21Z,0,0,0,4,0,0,26.2,849.5,26.1,26.8,39.2,1010,8258,0,1.3,39,2.6,2.6,26.7,17.7,21.1
2026-01-06T09:53:26Z,0,0,0,4.1,0,0,26.2,849.3,26.5,27,35.6,1013,8278,0,1.3,74,2.2,2.2,26.7,17.2,21.1
2026-01-06T10:09:17Z,0,0,0,4,0,0,25.6,849,25.4,26.6,38,998,8158,0,0.2,81,0.7,0.7,26.5,17.3,20.9
2026-01-06T10:24:21Z,0,0,0,3.9,0,0,26.1,848.8,26.1,27,37,985,7995,0,1.2,88,2.4,2.4,26.7,17.5,21.1
2026-01-06T10:39:55Z,0,0,0,3.8,0,0,26.7,848.4,26.9,27.7,37.1,973,7872,0,0.3,79,1.1,1.1,27.2,18,21.5
2026-01-06T10:55:19Z,0,0,0,3.7,0,0,26.8,848.1,26.7,27.9,37.1,952,7628,0,0.4,83,1.3,1.3,27.4,18.2,21.6
2026-01-06T11:10:46Z,0,0,0,3.6,0,0,27.2,847.8,27.1,28.2,37.4,926,7340,0,1.8,60,3.1,3.1,27.7,18.5,21.8
2026-01-06T11:25:51Z,0,0,0,3.4,0,0,27.2,847.6,27.1,28.4,37.4,893,6983,0,1,84,2.4,2.4,27.8,18.7,21.9
2026-01-06T11:40:56Z,0,0,0,3.3,0,0,27.5,847.4,27.7,28.7,38.1,867,6695,0,1.1,81,2.8,2.8,28.2,19.1,22.1
2026-01-06T11:56:01Z,0,0,0,3,0,0,28.2,847.2,28.4,29.4,38.4,827,6269,0,0.4,93,1.7,1.7,28.9,19.7,22.7
2026-01-06T12:11:49Z,0,0,0,2.8,0,0,28.1,847.1,28,29.5,36.2,785,5809,0,1.9,81,2.6,2.6,28.7,19.3,22.5
2026-01-06T12:27:06Z,0,0,0,2.6,0,0,28.4,847,28.8,29.9,36.7,746,5423,0,1.1,72,3.7,3.7,29.2,19.7,22.9
2026-01-06T12:42:11Z,0,0,0,2.4,0,0,27.7,847,27.8,29,37.9,708,5011,0,1.4,109,4.1,4.1,28.4,19.2,22.3
2026-01-06T12:57:17Z,0,0,0,2.2,0,0,28,847,28.2,29.5,37.8,659,4495,0,0.5,90,2.2,2.2,28.9,19.6,22.7
2026-01-06T13:13:16Z,0,0,0,1.9,0,0,28.6,846.9,28.6,30.3,35,618,4069,0,1.6,94,2.6,2.6,29.5,19.7,23.1
2026-01-06T13:28:21Z,0,0,0,1.7,0,0,27.3,846.9,27.3,28.8,36.7,569,3571,0,1,85,2.6,2.6,28.1,18.8,22.1
2026-01-06T13:43:27Z,0,0,0,1.4,0,0,28.3,846.9,28.6,29.8,36.3,515,2989,0,0.2,79,0.7,0.7,29.1,19.6,22.8
2026-01-06T13:58:55Z,0,0,0,1.1,0,0,27.8,846.8,28.1,29.5,35.5,469,2489,0,1.3,66,3.1,3.1,28.7,19.1,22.5
2026-01-06T14:14:30Z,0,0,0,0.9,0,0,26.9,847,27.3,28.5,38.3,423,2001,0,0.6,81,1.5,1.5,28,18.9,22
2026-01-06T14:29:51Z,0,0,0,0.6,0,0,25.3,847.3,25.7,26.3,41.8,374,1464,0,0.2,119,0.7,0.7,26.2,17.7,20.7
2026-01-06T14:45:43Z,0,0,0,0.3,0,0,24.8,847.3,24.9,25.3,43.4,306,667,0,0.7,93,1.7,1.7,25.1,17.2,19.9
2026-01-06T15:01:15Z,0,0,0,0.2,0,0,24.3,847.5,24.5,24.7,45,296,579,0,0.2,183,0.7,0.7,24.5,16.9,19.4
2026-01-06T15:17:13Z,0,0,0,0.2,0,0,23.7,847.6,23.9,24.2,45.7,285,473,0,1.2,86,4.6,4.6,24,16.6,19
2026-01-06T15:32:49Z,0,0,0,0.1,0,0,23.3,847.8,23.5,23.7,46.7,271,352,0,1,69,2.4,2.4,23.5,16.4,18.6
2026-01-06T15:48:05Z,0,0,0,0,0,0,22.7,848,22.9,23.1,48.1,262,269,0,0.2,80,0.4,0.4,22.9,16,18
2026-01-06T16:03:44Z,0,0,0,0,0,0,22.2,848.1,22.4,22.6,49.5,261,254,0,0.2,69,1.3,1.3,22.4,15.8,17.6
2026-01-06T16:19:09Z,0,0,0,0,0,0,21.9,848.4,22.2,22.2,50.5,261,253,0,0,79,0.2,0.2,22.1,15.7,17.3
2026-01-06T16:34:44Z,0,0,0,0,0,0,21.8,848.6,21.9,22,51.1,260,254,0,0.5,62,2.4,2.4,21.8,15.6,17.2
2026-01-06T16:52:19Z,0,0,0,0,0,0,21.4,848.8,21.5,21.8,52.2,259,253,0,0.1,80,0.4,0.4,21.5,15.5,16.9
2026-01-06T17:07:26Z,0,0,0,0,0,0,21.1,849,21.2,21.4,52.9,260,254,0,0.1,84,0.4,0.4,21.2,15.3,16.6
2026-01-06T17:22:31Z,0,0,0,0,0,0,20.9,849.2,21.1,21.2,53,260,253,0,0.1,84,0.4,0.4,21,15.2,16.5
2026-01-06T17:37:57Z,0,0,0,0,0,0,20.5,849.3,20.7,20.9,54,260,253,0,0,84,0,0,20.6,15,16.1
2026-01-06T17:53:03Z,0,0,0,0,0,0,20.2,849.5,20.4,20.6,55.3,260,254,0,0.2,84,0.7,0.7,20.3,14.9,15.9
2026-01-06T18:08:09Z,0,0,0,0,0,0,19.9,849.8,20.1,20.2,56.6,260,253,0,0,84,0.2,0.2,20,14.8,15.6
2026-01-06T18:23:16Z,0,0,0,0,0,0,19.5,849.8,19.7,19.9,59,261,254,0,0,84,0,0,19.7,14.8,15.2
2026-01-06T18:38:22Z,0,0,0,0,0,0,19.2,849.9,19.4,19.5,60.9,260,253,0,0,84,0.2,0.2,19.3,14.7,15
2026-01-06T18:53:27Z,0,0,0,0,0,0,18.6,850.1,18.8,19,62.7,259,253,0,0,84,0,0,18.8,14.4,14.5
2026-01-06T19:09:16Z,0,0,0,0,0,0,18,850.4,18.1,18.4,65.7,260,254,0,0,84,0.2,0.2,18.2,14.2,13.9
2026-01-06T19:24:29Z,0,0,0,0,0,0,17.7,850.5,17.9,18.1,67.6,260,253,0,0,84,0,0,17.9,14.2,13.6
2026-01-06T19:39:35Z,0,0,0,0,0,0,17.5,850.7,17.7,17.9,69.8,261,254,0,0,84,0,0,17.7,14.3,13.4
2026-01-06T19:54:40Z,0,0,0,0,0,0,17.1,850.7,17.2,17.4,70.5,260,252,0,0,84,0,0,17.3,13.9,13
2026-01-06T20:10:02Z,0,0,0,0,0,0,16.8,850.8,16.9,17.2,72,261,253,0,0,84,0,0,17,13.9,12.8
2026-01-06T20:25:08Z,0,0,0,0,0,0,16.5,850.9,16.6,16.9,73.3,261,255,0,0,84,0,0,16.7,13.8,12.5
2026-01-06T20:40:13Z,0,0,0,0,0,0,16.3,850.8,16.5,16.7,74.1,260,253,0,0,84,0,0,16.6,13.7,12.3
2026-01-06T20:55:18Z,0,0,0,0,0,0,16.1,850.6,16.3,16.5,74.5,261,253,0,0,84,0,0,16.4,13.6,12.2
2026-01-06T21:10:23Z,0,0,0,0,0,0,16,850.7,16.3,16.5,74.9,260,253,0,0,84,0,0,16.3,13.6,12.1
2026-01-06T21:25:29Z,0,0,0,0,0,0,16,850.4,16.2,16.5,75.4,260,254,0,0,84,0,0,16.3,13.6,12.1
2026-01-06T21:40:34Z,0,0,0,0,0,0,15.9,850.4,16.2,16.3,75.6,261,253,0,0,84,0,0,16.2,13.5,12
2026-01-06T21:55:39Z,0,0,0,0,0,0,15.7,850.3,16.1,16.1,76.9,260,253,0,0,84,0,0,15.9,13.4,11.7
2026-01-06T22:10:44Z,0,0,0,0,0,0,15.4,850.2,15.7,15.8,77.8,260,254,0,0,84,0,0,15.6,13.3,11.4
2026-01-06T22:26:07Z,0,0,0,0,0,0,15.1,850,15.5,15.6,78.9,261,253,0,0,84,0,0,15.4,13.2,11.2
2026-01-06T22:41:16Z,0,0,0,0,0,0,14.9,850,15.2,15.3,79.8,259,253,0,0,84,0,0,15.2,13,11
2026-01-06T22:56:21Z,0,0,0,0,0,0,14.6,849.8,14.9,15,80.7,260,253,0,0,84,0,0,14.9,12.8,10.7
2026-01-06T23:11:23Z,0,0,0,0,0,0,14.6,849.7,15.1,15.2,80.7,260,255,0,0,84,0,0,15,13,10.8
2026-01-06T23:26:29Z,0,0,0,0,0,0,14.7,849.7,15.1,15.3,79.7,263,253,0,0,84,0,0,15.1,13,10.9
2026-01-06T23:41:34Z,0,0,0,0,0,0,14.6,849.6,14.9,15,80.3,261,253,0,0,84,0,0,14.8,12.8,10.6
2026-01-06T23:56:40Z,0,0,0,0,0,0,14.2,849.4,14.5,14.6,81.8,260,253,0,0,84,0,0,14.5,12.6,10.3
2026-01-07T00:00:41Z,0,0,0,0,0,0,14.1,849.5,14.4,14.6,82.3,259,253,0,0,84,0,0,14.4,12.6,10.2
2026-01-07T00:15:46Z,0,0,0,0,0,0,14.4,849.4,14.7,15,80.2,259,253,0,0,84,0,0,14.8,12.7,10.6
2026-01-07T00:31:33Z,0,0,0,0,0,0,14.5,849.3,14.9,15,79.1,260,253,0,0,84,0,0,14.9,12.7,10.7
2026-01-07T00:46:38Z,0,0,0,0,0,0,14.5,849.3,14.9,15,79.8,260,254,0,0,84,0,0,14.8,12.7,10.6
2026-01-07T01:01:44Z,0,0,0,0,0,0,14.5,849.4,14.9,15,79.2,259,253,0,0.1,84,0.4,0.4,14.8,12.6,10.6
2026-01-07T01:16:49Z,0,0,0,0,0,0,14.5,849.6,14.9,15,78.9,260,252,0,0,84,0.2,0.2,14.8,12.6,10.6
2026-01-07T01:32:15Z,0,0,0,0,0,0,14.1,849.6,14.3,14.5,80.2,261,253,0,0,84,0,0,14.3,12.3,10.1
2026-01-07T01:47:21Z,0,0,0,0,0,0,13.6,849.8,13.9,14.1,82.3,261,254,0,0,84,0,0,13.9,12.1,9.6
2026-01-07T02:02:26Z,0,0,0,0,0,0,13.3,849.8,13.6,13.8,83.3,261,254,0,0,84,0,0,13.6,11.9,9.3
2026-01-07T02:17:32Z,0,0,0,0,0,0,13.2,849.7,13.4,13.6,83.8,262,254,0,0,84,0,0,13.4,11.8,9.2
2026-01-07T02:32:37Z,0,0,0,0,0,0,13.1,849.9,13.3,13.5,84.5,261,254,0,0,84,0,0,13.3,11.8,9.1
2026-01-07T02:48:33Z,0,0,0,0,0,0,12.8,850,13.1,13.2,85.3,260,255,0,0,84,0,0,13,11.6,8.8
2026-01-07T03:03:39Z,0,0,0,0,0,0,12.6,850,12.9,13.1,85.8,260,254,0,0,84,0.2,0.2,12.9,11.5,8.6
2026-01-07T03:19:29Z,0,0,0,0,0,0,12.6,850.1,13.1,13.2,84.8,260,257,0,0,84,0,0,13,11.5,8.7
2026-01-07T03:34:36Z,0,0,0,0,0,0,12.5,850.3,12.9,13,85.1,263,280,0,0,84,0.2,0.2,12.8,11.3,8.5
2026-01-07T03:49:41Z,0,0,0,0.1,0,0,12.7,850.3,13,13.1,84.1,274,389,0,0.1,84,0.2,0.2,12.9,11.4,8.7
2026-01-07T04:04:46Z,0,0,0,0.2,0,0,13,850.3,13.4,13.6,82.1,285,493,0,0.3,84,0.9,0.9,13.3,11.6,9.1
2026-01-07T04:19:52Z,0,0,0,0.2,0,0,13.5,850.4,13.9,14,80.9,299,604,0,0.2,84,0.4,0.4,13.8,11.8,9.5
2026-01-07T04:34:58Z,0,0,0,0.3,0,0,14.4,850.7,14.7,14.8,77.3,305,664,0,0.2,84,0.7,0.7,14.5,12.2,10.3
2026-01-07T04:50:23Z,0,0,0,0.3,0,0,15.3,850.8,15.5,15.6,75.6,319,790,0,0,84,0.2,0.2,15.3,12.8,11.1
2026-01-07T05:05:28Z,0,0,0,0.9,0,0,17.1,850.8,16.8,16.8,71.6,429,2118,0,0.3,84,0.9,0.9,16.6,13.5,12.4
2026-01-07T05:20:33Z,0,0,0,1.2,0,0,20.2,850.8,19.3,19.1,63.5,475,2599,0,0.5,84,1.1,1.1,18.9,14.6,14.5
2026-01-07T05:35:38Z,0,0,0,1.4,0,0,21.5,850.8,20.9,20.8,59.5,520,3072,0,0,84,0.2,0.2,20.6,15.7,16.1
2026-01-07T05:50:43Z,0,0,0,1.7,0,0,22,850.8,21.5,21.9,51.6,574,3679,0,0.4,66,0.9,0.9,21.7,15.6,17.1
2026-01-07T06:05:49Z,0,0,0,1.9,0,0,23,850.9,22.6,23.1,49.1,616,4132,0,0.8,81,3.3,3.3,22.9,16.2,18.1
2026-01-07T06:20:54Z,0,0,0,2.2,0,0,22.7,851,22.4,23,44.2,670,4684,0,1.4,79,3.3,3.3,22.7,15.4,17.9
2026-01-07T06:36:22Z,0,0,0,2.3,0,0,23.1,850.8,22.9,23.4,42.5,689,4863,0,0.6,91,2.6,2.6,23.1,15.5,18.2
2026-01-07T06:51:28Z,0,0,0,2.7,0,0,24.4,850.7,24.1,24.7,41.7,759,5631,0,0.3,78,1.4,1.4,24.5,16.4,19.4
2026-01-07T07:06:33Z,0,0,0,2.9,0,0,23.9,850.6,23.6,24.3,42.9,794,6021,0,1.4,85,2.4,2.4,24.1,16.3,19
2026-01-07T07:21:39Z,0,0,0,3,0,0,24.8,850.6,24.5,25.3,40.4,824,6298,0,0.7,85,1.7,1.7,25.1,16.7,19.8
2026-01-07T07:36:44Z,0,0,0,2.9,0,0,24.5,850.3,24.2,24.8,39.5,803,6086,0,1.5,71,2.8,2.8,24.6,16.1,19.4
2026-01-07T07:51:50Z,0,0,0,3.3,0,0,24.6,850.2,24.2,24.9,39.6,874,6813,0,1.8,79,3.9,3.9,24.7,16.2,19.5
2026-01-07T08:07:33Z,0,0,0,3,0,0,24.3,850.1,24.1,24.9,42.2,810,6124,0,1,96,3.5,3.5,24.7,16.7,19.6
2026-01-07T08:23:33Z,0,0,0,3.5,0,0,24.6,849.8,24.5,25.2,40.8,910,7207,0,1.2,86,2.4,2.4,25.1,16.7,19.8
2026-01-07T08:38:38Z,0,0,0,2.7,0,0,24.5,849.5,24.3,24.9,41.5,758,5582,0,1.6,66,2.8,2.8,24.7,16.6,19.6
2026-01-07T08:53:44Z,0,0,0,4.1,0,0,25.1,849.3,24.9,25.7,39.8,1017,8328,0,1.4,76,4.1,4.1,25.5,16.9,20.2
2026-01-07T09:08:49Z,0,0,0,4.1,0,0,25.8,849.1,25.5,26.4,39,1013,8269,0,1.5,59,4.1,4.1,26.2,17.3,20.7
2026-01-07T09:24:32Z,0,0,0,4,0,0,25.8,848.9,25.6,26.5,41.9,1007,8200,0,0.4,73,1.7,1.7,26.4,17.9,20.8
2026-01-07T09:39:37Z,0,0,0,4.1,0,0,26.1,848.6,26.2,26.9,40.2,1015,8248,0,1.3,63,2.6,2.6,26.8,17.9,21.1
2026-01-07T09:54:42Z,0,0,0,4.1,0,0,26.9,848.4,26.5,27.2,40.4,1015,8245,0,1.7,88,3.9,3.9,27.1,18.3,21.3
2026-01-07T10:10:40Z,0,0,0,4,0,0,26.2,848.1,26.1,26.9,40.2,1004,8129,0,1.5,70,3.5,3.5,26.8,18,21.1
2026-01-07T10:26:20Z,0,0,0,3.9,0,0,26.6,847.8,26.5,27.5,39.6,993,8017,0,1.6,70,3.5,3.5,27.2,18.3,21.4
2026-01-07T10:41:43Z,0,0,0,3.8,0,0,27.7,847.6,27.2,27.9,37.3,969,7757,0,1.3,347,2.2,2.2,27.4,18.2,21.6
2026-01-07T10:57:01Z,0,0,0,3.7,0,0,27.2,847.5,27.3,28.2,38.6,942,7468,0,1.4,120,3.5,3.5,27.8,18.7,21.8
2026-01-07T11:12:49Z,0,0,0,3.6,0,0,28.1,847.1,27.9,28.9,38,923,7262,0,0.9,76,2.6,2.6,28.3,19.1,22.2
2026-01-07T11:27:54Z,0,0,0,3.4,0,0,28,846.7,27.9,29.4,34.4,899,7009,0,1.6,75,2.2,2.2,28.5,18.8,22.4
2026-01-07T11:42:55Z,0,0,0,3.2,0,0,29.6,846.5,29.7,31,33.4,861,6618,0,1.3,78,3.1,3.1,30.1,19.9,23.5
2026-01-07T11:58:50Z,0,0,0,3,0,0,28.9,846.4,29.1,30.2,35.6,825,6226,0,0.3,68,0.7,0.7,29.4,19.7,23
2026-01-07T12:13:55Z,0,0,0,2.8,0,0,28.9,846.3,29.2,30.2,34.8,788,5833,0,0.7,114,1.7,1.7,29.3,19.5,22.9
2026-01-07T12:29:00Z,0,0,0,2.6,0,0,28.6,846.2,28.9,29.8,34.3,749,5437,0,0.8,152,2,2,28.9,19.1,22.6
2026-01-07T12:44:05Z,0,0,0,2.4,0,0,29.4,846.1,29.7,30.6,33.8,706,4982,0,0.4,125,1.1,1.1,29.7,19.7,23.2
2026-01-07T12:59:10Z,0,0,0,2.1,0,0,28.6,846.1,28.9,29.9,36.7,657,4457,0,0.5,83,2.2,2.2,29.2,19.7,22.9
2026-01-07T13:14:15Z,0,0,0,1.9,0,0,27.8,846.2,28.1,28.9,37.4,605,3924,0,1.1,97,2.4,2.4,28.3,19.1,22.3
2026-01-07T13:29:20Z,0,0,0,1.6,0,0,27.5,846.3,28,28.6,38.8,563,3490,0,0.4,165,2,2,28.1,19.1,22.1
2026-01-07T13:45:01Z,0,0,0,1.3,0,0,28,846.5,28.2,29.2,37.6,506,2899,0,0.5,62,2.2,2.2,28.6,19.3,22.5
2026-01-07T14:00:50Z,0,0,0,1.1,0,0,27.5,846.5,27.8,29,37.8,459,2386,0,0.2,63,1.3,1.3,28.4,19.2,22.3
2026-01-07T14:15:55Z,0,0,0,0.9,0,0,27.1,846.7,27.4,28.5,37.9,417,1928,0,0.9,70,1.7,1.7,27.9,18.8,22
2026-01-07T14:30:58Z,0,0,0,0.5,0,0,25.9,846.8,26,26.8,40.9,354,1221,0,1.2,123,3.5,3.5,26.8,18,21.1
2026-01-07T14:46:04Z,0,0,0,0.2,0,0,25.3,847,25.4,25.7,43.1,304,633,0,1.2,90,4.1,4.1,25.6,17.5,20.2
2026-01-07T15:02:02Z,0,0,0,0.2,0,0,24.8,847.2,24.9,25.2,45.1,294,534,0,0.3,105,0.9,0.9,25.1,17.4,19.8
2026-01-07T15:17:07Z,0,0,0,0.1,0,0,24.3,847.4,24.4,24.6,46.2,282,443,0,0.6,68,2.4,2.4,24.5,17.1,19.4
2026-01-07T15:32:13Z,0,0,0,0.1,0,0,23.8,847.5,24,24.2,47.5,269,313,0,1.1,94,3.5,3.5,24,16.9,19
2026-01-07T15:47:19Z,0,0,0,0,0,0,23.3,847.8,23.5,23.6,48.8,263,266,0,0,119,0,0,23.5,16.6,18.5
2026-01-07T16:02:30Z,0,0,0,0,0,0,22.8,847.9,23,23.1,50.1,260,252,0,0.6,71,2,2,23,16.4,18.1
2026-01-07T16:17:53Z,0,0,0,0,0,0,22.5,848.1,22.8,22.9,50.4,262,253,0,0.1,62,0.7,0.7,22.7,16.2,17.9
2026-01-07T16:32:58Z,0,0,0,0,0,0,22.3,848.3,22.5,22.6,51.1,260,254,0,0.2,134,0.9,0.9,22.4,16.1,17.7
2026-01-07T16:48:04Z,0,0,0,0,0,0,22,848.5,22.1,22.3,52.1,260,254,0,0.1,116,0.7,0.7,22.1,16,17.4
2026-01-07T17:03:08Z,0,0,0,0,0,0,21.8,848.9,22.1,22.1,51.9,260,254,0,0.4,117,1.1,1.1,21.9,15.8,17.2
2026-01-07T17:18:14Z,0,0,0,0,0,0,21.5,849,21.7,21.8,52.1,260,254,0,0.4,89,1.5,1.5,21.6,15.5,16.9
2026-01-07T17:33:20Z,0,0,0,0,0,0,21.2,849.2,21.4,21.5,52.7,261,253,0,0.1,56,0.4,0.4,21.3,15.4,16.7
2026-01-07T17:48:25Z,0,0,0,0,0,0,21,849.5,21.2,21.3,52.6,260,253,0,0.2,110,0.9,0.9,21.1,15.2,16.5
2026-01-07T18:04:16Z,0,0,0,0,0,0,20.7,849.6,20.9,21,53,261,253,0,0.3,93,0.7,0.7,20.8,15,16.3
2026-01-07T18:19:22Z,0,0,0,0,0,0,20.3,849.7,20.4,20.6,54.5,259,254,0,0,65,0,0,20.4,14.8,15.9
2026-01-07T18:34:29Z,0,0,0,0,0,0,20,849.8,20.1,20.3,55.9,261,253,0,0,65,0,0,20.1,14.7,15.6
2026-01-07T18:49:35Z,0,0,0,0,0,0,19.3,850,19.4,19.6,59.9,261,255,0,0.1,65,0.2,0.2,19.4,14.6,15
2026-01-07T19:05:05Z,0,0,0,0,0,0,18.8,850.2,19,19.2,62,260,254,0,0,64,0.2,0.2,19,14.5,14.6
2026-01-07T19:20:11Z,0,0,0,0,0,0,18.3,850.5,18.4,18.5,64.5,261,252,0,0.1,64,0.7,0.7,18.3,14.2,14
2026-01-07T19:35:16Z,0,0,0,0,0,0,18.1,850.6,18.4,18.6,61.9,259,253,0,0.2,72,0.7,0.7,18.4,14,14.1
2026-01-07T19:50:22Z,0,0,0,0,0,0,18.5,850.6,18.9,19,58.5,260,254,0,0.2,74,0.4,0.4,18.8,14,14.4
2026-01-07T20:05:27Z,0,0,0,0,0,0,19.2,850.8,19.4,19.5,54.9,260,254,0,0.6,103,2,2,19.2,13.9,14.8
2026-01-07T20:20:33Z,0,0,0,0,0,0,19,850.7,19.2,19.4,55.4,260,253,0,0,93,0,0,19.1,13.8,14.7
2026-01-07T20:35:39Z,0,0,0,0,0,0,18.4,850.8,18.5,18.6,59.8,260,253,0,0.1,82,0.4,0.4,18.4,13.8,14.1
2026-01-07T20:51:32Z,0,0,0,0,0,0,17.7,850.9,17.8,18,62,262,254,0,0,82,0,0,17.7,13.5,13.5
2026-01-07T21:07:21Z,0,0,0,0,0,0,17,850.9,17.1,17.2,65.2,260,254,0,0,82,0,0,17,13.1,12.7
2026-01-07T21:22:34Z,0,0,0,0,0,0,16.6,850.8,16.7,16.9,66.4,261,253,0,0,82,0,0,16.6,12.9,12.4
2026-01-07T21:37:38Z,0,0,0,0,0,0,16.3,850.7,16.5,16.7,66.4,261,253,0,0,82,0,0,16.5,12.8,12.3
2026-01-07T21:53:24Z,0,0,0,0,0,0,16.1,850.5,16.4,16.6,66.3,259,253,0,0,82,0,0,16.3,12.7,12.1
2026-01-07T22:08:29Z,0,0,0,0,0,0,16,850.3,16.3,16.3,69.4,261,253,0,0,82,0,0,16.1,12.8,11.9
2026-01-07T22:23:34Z,0,0,0,0,0,0,15.8,850.2,16.1,16.2,69.1,259,255,0,0,82,0,0,15.9,12.6,11.7
2026-01-07T22:38:40Z,0,0,0,0,0,0,15.6,850.3,16,16.2,69.3,261,253,0,0,82,0,0,15.9,12.6,11.7
2026-01-07T22:54:10Z,0,0,0,0,0,0,15.6,850.1,15.9,15.9,71.8,259,252,0,0,82,0,0,15.7,12.7,11.5
2026-01-07T23:09:16Z,0,0,0,0,0,0,15.4,850.1,15.8,15.8,73,260,254,0,0,82,0,0,15.6,12.7,11.4
2026-01-07T23:24:21Z,0,0,0,0,0,0,15.5,849.9,15.9,16,72.3,260,253,0,0,82,0,0,15.8,12.9,11.6
2026-01-07T23:39:26Z,0,0,0,0,0,0,15.6,849.8,16,16.1,72.2,260,253,0,0,82,0,0,15.8,12.9,11.6
2026-01-07T23:54:31Z,0,0,0,0,0,0,15.6,849.6,16,16,73.5,260,254,0,0,82,0,0,15.8,13,11.6
2026-01-08T00:00:58Z,0,0,0,0,0,0,15.6,849.6,16,16,71.4,260,252,0,0.2,82,0.4,0.4,15.8,12.7,11.6
2026-01-08T00:16:07Z,0,0,0,0,0,0,16,849.2,16.3,16.3,67.7,260,253,0,0.2,81,0.7,0.7,16,12.6,11.8
2026-01-08T00:31:12Z,0,0,0,0,0,0,15.8,849.2,16.2,16.1,69.8,261,253,0,0,82,0,0,15.9,12.7,11.7
2026-01-08T00:46:18Z,0,0,0,0,0,0,15.4,849.2,15.8,15.8,69.4,261,252,0,0,82,0,0,15.5,12.3,11.3
2026-01-08T01:01:23Z,0,0,0,0,0,0,15,849.1,15.2,15.4,70.9,259,255,0,0,82,0,0,15.1,12.1,10.9
2026-01-08T01:16:28Z,0,0,0,0,0,0,14.7,849,15,15.1,72.9,260,253,0,0,82,0,0,14.8,12.1,10.6
2026-01-08T01:31:29Z,0,0,0,0,0,0,14.5,849.5,14.8,14.9,74.2,260,252,0,0.2,82,0.4,0.4,14.6,12,10.4
2026-01-08T01:46:35Z,0,0,0,0,0,0,14.8,850,15.1,15.3,73.3,261,254,0,0,82,0.2,0.2,15.1,12.3,10.9
2026-01-08T02:02:13Z,0,0,0,0,0,0,14.7,849.9,15,15.1,74,259,252,0,0.2,82,0.4,0.4,14.9,12.2,10.7
2026-01-08T02:17:19Z,0,0,0,0,0,0,14.4,850.2,14.8,14.9,74.8,260,254,0,0.3,82,0.7,0.7,14.6,12,10.4
2026-01-08T02:33:03Z,0,0,0,0,0,0,14.2,850.2,14.5,14.7,74.7,260,253,0,0.2,82,0.2,0.2,14.4,11.8,10.2
2026-01-08T02:48:12Z,0,0,0,0,0,0,13.8,850.3,14.1,14.2,76.3,260,253,0,0,82,0.2,0.2,14,11.6,9.7
2026-01-08T03:03:18Z,0,0,0,0,0,0,13.6,850.3,13.9,14,76.5,260,253,0,0,82,0.2,0.2,13.7,11.4,9.5
2026-01-08T03:18:29Z,0,0,0,0,0,0,13.4,850.3,13.8,13.9,77.6,260,258,0,0,82,0,0,13.6,11.4,9.4
2026-01-08T03:33:37Z,0,0,0,0,0,0,13.2,850.1,13.5,13.6,78.7,264,284,0,0,82,0,0,13.4,11.3,9.1
2026-01-08T03:49:28Z,0,0,0,0.1,0,0,13,850.1,13.2,13.4,80.4,272,371,0,0,82,0,0,13.2,11.2,8.9
2026-01-08T04:04:33Z,0,0,0,0.2,0,0,13.1,850.5,13.4,13.6,80.5,286,477,0,0,82,0,0,13.3,11.4,9.1
2026-01-08T04:19:39Z,0,0,0,0.2,0,0,13.6,850.7,14,14.1,78.5,298,591,0,0.2,72,0.4,0.4,13.8,11.7,9.6
2026-01-08T04:34:44Z,0,0,0,0.2,0,0,14.5,850.9,14.9,14.9,76.2,299,564,0,0.1,71,0.4,0.4,14.6,12.2,10.4
2026-01-08T04:49:49Z,0,0,0,0.3,0,0,14.9,851.2,15.1,15.1,78.2,315,760,0,0,71,0,0,14.9,12.6,10.7
2026-01-08T05:04:54Z,0,0,0,1.1,0,0,16,851.2,16.1,16.1,72.6,467,2613,0,0.1,71,0.4,0.4,15.9,12.9,11.7
2026-01-08T05:20:22Z,0,0,0,1.2,0,0,20,851.2,19.2,19,61,478,2647,0,0.3,76,0.7,0.7,18.8,14.3,14.5
2026-01-08T05:35:27Z,0,0,0,1.4,0,0,21.5,851.3,21,21.1,53.7,520,3085,0,0.2,125,0.7,0.7,20.9,15.1,16.3
2026-01-08T05:50:32Z,0,0,0,1.6,0,0,21.9,851.1,21.4,21.8,48.8,564,3568,0,1.6,69,2.4,2.4,21.6,15.1,17
2026-01-08T06:05:37Z,0,0,0,1.9,0,0,22.7,851.1,22.5,22.6,48.2,613,4067,0,0.2,123,0.7,0.7,22.4,15.7,17.7
2026-01-08T06:20:42Z,0,0,0,2.1,0,0,22.7,851.1,22.4,23,44.9,654,4500,0,2.1,89,4.6,4.6,22.7,15.5,17.9
2026-01-08T06:35:47Z,0,0,0,2.4,0,0,23.2,850.9,23,23.6,45.3,708,5081,0,0.9,88,3.4,3.4,23.4,16.1,18.5
2026-01-08T06:51:33Z,0,0,0,2.7,0,0,23.4,850.9,23.2,23.8,43.7,752,5525,0,1.4,84,2.8,2.8,23.6,16,18.6
2026-01-08T07:06:39Z,0,0,0,2.9,0,0,23.9,850.7,23.7,24.2,43.2,791,5948,0,0.8,78,2.8,2.8,24,16.2,18.9
2026-01-08T07:21:45Z,0,0,0,3.1,0,0,23.8,850.7,23.7,24.3,41.3,832,6357,0,2.8,82,5.9,5.9,24,16,19
2026-01-08T07:36:50Z,0,0,0,3.3,0,0,24.3,850.4,24.3,24.7,42.1,865,6718,0,0.9,116,3.9,3.9,24.5,16.5,19.4
2026-01-08T07:51:56Z,0,0,0,3,0,0,24.1,850.2,24.2,24.8,42.5,822,6219,0,0.8,105,4.4,4.4,24.6,16.6,19.4
2026-01-08T08:07:35Z,0,0,0,4.6,0,0,24.1,850.1,24.1,24.7,42.5,1111,9457,0,1.6,81,3.7,3.7,24.5,16.5,19.4
2026-01-08T08:23:33Z,0,0,0,3.8,0,0,24.7,850,24.8,25.3,43.8,976,7897,0,0.9,84,2.6,2.6,25.2,17.3,19.9
2026-01-08T08:38:34Z,0,0,0,3.9,0,0,25.5,849.8,25.2,26.1,41.2,979,7921,0,0.8,97,2.4,2.4,26,17.5,20.5
2026-01-08T08:53:39Z,0,0,0,3.9,0,0,26.2,849.7,25.9,26.4,40,990,8014,0,0.8,357,1.5,1.5,26.3,17.6,20.8
2026-01-08T09:08:45Z,0,0,0,4.1,0,0,25.8,849.4,25.5,26.4,40.1,1021,8358,0,1.1,48,2.6,2.6,26.3,17.5,20.7
2026-01-08T09:23:50Z,0,0,0,4.7,0,0,26.6,849.2,26.2,27,39.2,1124,9530,0,0.7,64,2.6,2.6,26.8,17.9,21.2
2026-01-08T09:38:50Z,0,0,0,1.8,0,0,25.4,849,25.5,26.2,41.7,590,3706,0,0.3,147,0.7,0.7,26.1,17.6,20.6
2026-01-08T09:54:39Z,0,0,0,4.2,0,0,26.7,848.7,26.7,27.4,38.4,1035,8487,0,0.9,148,3.9,3.9,27.1,18.1,21.4
2026-01-08T10:10:05Z,0,0,0,4,0,0,27.2,848.4,27,27.9,34.7,1006,8164,0,1.7,76,3.1,3.1,27.3,17.8,21.5
2026-01-08T10:25:10Z,0,0,0,3.2,0,0,27,848,26.8,28.1,32.9,853,6451,0,2.7,75,5,5,27.3,17.5,21.5
2026-01-08T10:40:15Z,0,0,0,3.9,0,0,27,847.9,26.9,27.9,35.3,978,7867,0,1.8,58,3.5,3.5,27.3,17.8,21.5
2026-01-08T10:55:20Z,0,0,0,3.3,0,0,27.6,847.8,27.4,28.5,33.5,877,6730,0,0.7,43,2,2,27.6,17.9,21.8
2026-01-08T11:10:25Z,0,0,0,3.5,0,0,28.1,847.6,28.1,29,33.1,919,7247,0,1.3,73,2.8,2.8,28.1,18.3,22.1
2026-01-08T11:25:31Z,0,0,0,3.4,0,0,28.2,847.5,28.2,29.1,34.2,890,6904,0,1.5,38,2.6,2.6,28.3,18.6,22.2
2026-01-08T11:40:37Z,0,0,0,1.6,0,0,28.1,847.4,28.1,29.3,33.3,564,3368,0,0.4,100,1.1,1.1,28.3,18.5,22.3
2026-01-08T11:55:42Z,0,0,0,2.8,0,0,27.3,847.3,27.3,28.5,34.6,770,5622,0,1.2,91,2.4,2.4,27.7,18.2,21.8
2026-01-08T12:12:07Z,0,0,0,2.2,0,0,29,847.1,29.1,30.2,32.1,665,4512,0,0.4,55,1.3,1.3,29.2,19,22.8
2026-01-08T12:27:12Z,0,0,0,1.4,0,0,27.4,847.1,27.5,28.6,34.1,508,2733,0,1.3,62,2.8,2.8,27.8,18.2,21.9
2026-01-08T12:42:17Z,0,0,0,2.6,0,0,28.1,846.9,28.5,29.3,33.4,736,5392,0,0.3,130,0.7,0.7,28.3,18.5,22.2
2026-01-08T12:57:23Z,0,0,0,2.2,0,0,28,846.8,28.4,29.3,33.8,669,4638,0,0.7,171,2.2,2.2,28.4,18.6,22.3
2026-01-08T13:12:27Z,0,0,0,1.9,0,0,27.9,846.8,28.2,29.2,34.1,617,4062,0,1.2,146,2.6,2.6,28.3,18.7,22.3
2026-01-08T13:27:33Z,0,0,0,1.7,0,0,28.3,846.8,28.7,29.7,35,573,3620,0,0.2,92,0.7,0.7,28.9,19.2,22.7
2026-01-08T13:43:19Z,0,0,0,1.4,0,0,28.2,846.9,28.1,29.4,35,519,3052,0,1.1,80,3.9,3.9,28.6,19,22.4
2026-01-08T13:59:16Z,0,0,0,1.1,0,0,27.5,846.8,27.6,28.8,36.8,460,2390,0,0.8,82,1.5,1.5,28.2,18.9,22.1
2026-01-08T14:14:21Z,0,0,0,0.8,0,0,26.1,847,26.3,26.9,39.5,401,1732,0,1,69,1.5,1.5,26.8,17.8,21.1
2026-01-08T14:29:26Z,0,0,0,0.5,0,0,26,847.1,26,26.8,39.6,354,1214,0,2.3,78,3.9,3.9,26.7,17.8,21.1
2026-01-08T14:44:31Z,0,0,0,0.3,0,0,25.1,847.2,25.2,25.6,42.8,309,676,0,0.2,78,0.9,0.9,25.4,17.3,20.1
2026-01-08T14:59:36Z,0,0,0,0.3,0,0,24.6,847.4,24.8,25,43.5,310,782,0,0.9,96,2,2,24.8,16.9,19.6
2026-01-08T15:14:42Z,0,0,0,0.2,0,0,24.2,847.6,24.4,24.6,44.4,286,540,0,0.7,101,3.1,3.1,24.4,16.8,19.3
2026-01-08T15:29:47Z,0,0,0,0.1,0,0,23.7,847.8,23.9,24.1,45.6,269,322,0,0.8,100,1.7,1.7,23.9,16.5,18.9
2026-01-08T15:44:52Z,0,0,0,0,0,0,23.3,848,23.5,23.6,46.5,261,267,0,0.2,141,1.2,1.2,23.5,16.3,18.5
2026-01-08T16:00:16Z,0,0,0,0,0,0,23.1,848.2,23.2,23.4,46.8,260,253,0,1.2,91,3.3,3.3,23.2,16.1,18.3
2026-01-08T16:15:21Z,0,0,0,0,0,0,22.8,848.4,22.9,23.1,47,261,253,0,0.2,99,1.1,1.1,22.9,15.9,18.1
2026-01-08T16:30:26Z,0,0,0,0,0,0,22.5,848.5,22.7,22.8,47.6,258,254,0,1,91,2.6,2.6,22.6,15.8,17.8
2026-01-08T16:45:30Z,0,0,0,0,0,0,22.3,848.8,22.4,22.6,48.3,260,254,0,0,126,0.2,0.2,22.4,15.7,17.6
2026-01-08T17:00:36Z,0,0,0,0,0,0,22.1,848.9,22.3,22.4,48.3,260,254,0,0,83,0.4,0.4,22.2,15.5,17.5
2026-01-08T17:15:41Z,0,0,0,0,0,0,21.9,849,22.1,22.2,48.4,260,253,0,0.3,61,0.7,0.7,22,15.4,17.3
2026-01-08T17:30:46Z,0,0,0,0,0,0,21.5,849.1,21.8,21.9,48.7,260,254,0,0.4,92,0.9,0.9,21.6,15.1,17
2026-01-08T17:45:51Z,0,0,0,0,0,0,21.1,849.3,21.3,21.4,49.7,259,253,0,0.2,91,0.8,0.8,21.2,14.9,16.6
2026-01-08T18:00:57Z,0,0,0,0,0,0,20.8,849.4,20.9,21.1,50.8,260,253,0,0.1,59,0.4,0.4,20.8,14.7,16.3
2026-01-08T18:16:20Z,0,0,0,0,0,0,20.4,849.7,20.5,20.7,53.2,259,254,0,0,59,0.2,0.2,20.4,14.7,15.9
2026-01-08T18:31:26Z,0,0,0,0,0,0,19.8,849.9,19.8,20,55.3,260,253,0,0,59,0.2,0.2,19.7,14.4,15.3
2026-01-08T18:46:32Z,0,0,0,0,0,0,19.1,850.1,19.1,19.3,56.4,260,254,0,0,59,0,0,19.1,14,14.7
2026-01-08T19:01:37Z,0,0,0,0,0,0,18.3,850.2,18.4,18.6,58.5,259,254,0,0,59,0,0,18.4,13.6,14.1
2026-01-08T19:16:44Z,0,0,0,0,0,0,17.9,850.4,18.1,18.3,61.2,261,254,0,0,59,0,0,18,13.6,13.7
2026-01-08T19:32:40Z,0,0,0,0,0,0,17.7,850.3,17.9,18.1,60.5,262,253,0,0,59,0,0,17.8,13.3,13.5
2026-01-08T19:48:30Z,0,0,0,0,0,0,17.5,850.4,17.7,17.8,63,261,254,0,0,59,0,0,17.6,13.4,13.3
2026-01-08T20:03:36Z,0,0,0,0,0,0,17.3,850.4,17.5,17.6,63.8,260,252,0,0,59,0,0,17.4,13.3,13.1
2026-01-08T20:18:43Z,0,0,0,0,0,0,17,850.4,17.1,17.4,64.5,261,253,0,0,59,0,0,17.1,13.2,12.9
2026-01-08T20:34:42Z,0,0,0,0,0,0,16.8,850.5,16.9,17.2,66.3,260,253,0,0,59,0,0,16.9,13.2,12.7
2026-01-08T20:50:25Z,0,0,0,0,0,0,16.5,850.5,16.6,16.8,67.8,261,253,0,0,59,0,0,16.6,13.1,12.4
2026-01-08T21:05:31Z,0,0,0,0,0,0,16.1,850.4,16.3,16.4,69.1,258,254,0,0,59,0,0,16.2,12.8,12
2026-01-08T21:20:36Z,0,0,0,0,0,0,15.7,850.2,15.9,16.1,70.9,261,253,0,0,59,0,0,15.8,12.7,11.6
2026-01-08T21:36:20Z,0,0,0,0,0,0,15.6,850.3,15.9,16,71.1,261,254,0,0,59,0,0,15.7,12.7,11.5
2026-01-08T21:51:27Z,0,0,0,0,0,0,15.4,850.2,15.8,15.9,73.6,261,253,0,0,59,0,0,15.6,12.8,11.4
2026-01-08T22:07:08Z,0,0,0,0,0,0,15.6,850.1,15.9,16,71.6,260,252,0,0,59,0,0,15.8,12.8,11.6
2026-01-08T22:22:29Z,0,0,0,0,0,0,15.4,850.1,15.7,15.8,71.1,260,254,0,0,59,0,0,15.5,12.5,11.3
2026-01-08T22:37:53Z,0,0,0,0,0,0,15.5,850.1,16,16,68.7,259,253,0,0.4,26,0.9,0.9,15.8,12.4,11.6
2026-01-08T22:53:22Z,0,0,0,0,0,0,15.5,849.9,15.9,15.9,69.7,261,254,0,0,4,0,0,15.7,12.5,11.5
2026-01-08T23:08:35Z,0,0,0,0,0,0,15.5,849.9,15.8,15.9,69.1,261,253,0,0.3,3,0.7,0.7,15.6,12.3,11.4
2026-01-08T23:23:41Z,0,0,0,0,0,0,15.4,850,15.8,15.9,69.6,259,253,0,0,3,0.2,0.2,15.6,12.4,11.4
2026-01-08T23:38:46Z,0,0,0,0,0,0,15.2,849.8,15.6,15.6,69.2,258,254,0,0.2,342,0.9,0.9,15.4,12.1,11.2
2026-01-08T23:54:36Z,0,0,0,0,0,0,14.8,849.7,15,15.2,71.3,260,253,0,0.1,342,0.2,0.2,14.9,11.9,10.7
2026-01-09T00:00:38Z,0,0,0,0,0,0,14.5,849.7,14.8,14.9,71.7,262,253,0,0,342,0.2,0.2,14.6,11.7,10.4
2026-01-09T00:15:43Z,0,0,0,0,0,0,14.2,849.6,14.5,14.6,72.4,261,253,0,0.1,342,0.2,0.2,14.4,11.6,10.2
2026-01-09T00:30:48Z,0,0,0,0,0,0,14.1,849.5,14.5,14.6,72.9,259,252,0,0,341,0,0,14.3,11.6,10.1
2026-01-09T00:45:53Z,0,0,0,0,0,0,14.1,849.5,14.5,14.6,71.7,261,254,0,0.1,342,0.4,0.4,14.3,11.4,10.1
2026-01-09T01:00:58Z,0,0,0,0,0,0,14,849.4,14.4,14.5,71.9,262,253,0,0,342,0.2,0.2,14.2,11.3,10
2026-01-09T01:16:03Z,0,0,0,0,0,0,14,849.3,14.3,14.5,71.6,261,254,0,0,344,0.2,0.2,14.2,11.3,10
2026-01-09T01:31:51Z,0,0,0,0,0,0,13.7,849.6,14,14.2,72.8,260,254,0,0,343,0,0,13.9,11.2,9.7
2026-01-09T01:47:48Z,0,0,0,0,0,0,13.8,850.2,14.1,14.1,73.2,260,254,0,0.6,107,1.1,1.1,13.8,11.2,9.6
2026-01-09T02:02:53Z,0,0,0,0,0,0,14.1,850.4,14.4,14.5,71.4,261,254,0,0,113,0,0,14.2,11.3,10
2026-01-09T02:17:58Z,0,0,0,0,0,0,13.9,850.4,14.2,14.3,72,261,254,0,0,113,0,0,14,11.2,9.8
2026-01-09T02:33:03Z,0,0,0,0,0,0,13.7,850.6,14.1,14.2,72.9,261,254,0,0,113,0,0,13.9,11.2,9.7
2026-01-09T02:48:58Z,0,0,0,0,0,0,13.8,850.8,14.2,14.2,74.9,260,252,0,0.1,113,0.4,0.4,13.9,11.4,9.7
2026-01-09T03:04:02Z,0,0,0,0,0,0,13.8,850.8,14.2,14.2,76,261,253,0,0.1,113,0.4,0.4,14,11.6,9.7
2026-01-09T03:19:08Z,0,0,0,0,0,0,13.4,851.1,13.7,13.9,77.6,261,256,0,0,113,0,0,13.6,11.4,9.4
2026-01-09T03:34:13Z,0,0,0,0,0,0,13.1,851.1,13.4,13.5,79.8,263,286,0,0,113,0.2,0.2,13.3,11.3,9
2026-01-09T03:49:37Z,0,0,0,0.1,0,0,12.8,851.4,13.1,13.2,81.9,273,370,0,0.1,113,0.2,0.2,13,11.2,8.7
2026-01-09T04:04:43Z,0,0,0,0.1,0,0,13.1,851.7,13.4,13.6,88.3,280,470,0,0.3,113,1.1,1.1,13.4,12.2,9.2
2026-01-09T04:19:48Z,0,0,0,0.2,0,0,13.5,852,13.7,13.9,89.8,286,523,0,0.1,113,0.4,0.4,13.8,12.7,9.5
2026-01-09T04:34:53Z,0,0,0,0.3,0,0,13.8,852.1,14.1,14.2,90.1,312,772,0,0.3,113,0.7,0.7,14.1,13.1,9.9
2026-01-09T04:50:50Z,0,0,0,0.6,0,0,14.6,852,14.9,15,89.2,369,1477,0,0.7,112,1.5,1.5,14.9,13.7,10.7
2026-01-09T05:05:56Z,0,0,0,0.4,0,0,16.2,852.1,16.2,16.1,84.4,333,905,0,0.3,10,1.1,1.1,16.1,14.3,11.9
2026-01-09T05:21:01Z,0,0,0,0.8,0,0,17.9,852,17.4,17.4,80.6,411,1826,0,0.7,53,1.5,1.5,17.4,15.1,13.1
2026-01-09T05:36:06Z,0,0,0,0.7,0,0,18.2,852.1,17.6,17.6,78.4,385,1531,0,0.5,20,1.1,1.1,17.6,15.1,13.3
2026-01-09T05:51:12Z,0,0,0,1.2,0,0,18.2,852.2,18,18.3,73.8,480,2577,0,0.2,47,0.9,0.9,18.2,15.1,13.9
2026-01-09T06:06:58Z,0,0,0,1.9,0,0,19.5,852.1,18.8,19.1,66.2,611,4080,0,0.9,64,2,2,19,15,14.6
2026-01-09T06:22:04Z,0,0,0,2.2,0,0,21.7,852,21.1,21.7,58,668,4660,0,0.2,100,0.7,0.7,21.5,16.2,16.9
2026-01-09T06:37:09Z,0,0,0,2.4,0,0,22.9,852,22.7,23.1,55.1,705,5064,0,0.6,96,1.5,1.5,23,17.1,18.1
2026-01-09T06:52:15Z,0,0,0,2.7,0,0,21.7,852,21.4,22.2,57,757,5645,0,0.2,52,0.4,0.4,22.1,16.6,17.4
2026-01-09T07:07:20Z,0,0,0,2.8,0,0,22,851.8,21.7,22.5,54.6,785,5908,0,1.2,75,1.7,1.7,22.4,16.6,17.7
2026-01-09T07:22:46Z,0,0,0,3.1,0,0,24,851.5,23.6,24.4,51,828,6335,0,1.2,72,3.3,3.3,24.3,17.6,19.2
2026-01-09T07:38:13Z,0,0,0,3.2,0,0,23.2,851.3,22.9,23.8,51.9,862,6699,0,0.2,104,0.9,0.9,23.7,17.3,18.7
2026-01-09T07:53:18Z,0,0,0,3.4,0,0,24.7,851.1,24.3,25,46.2,896,7038,0,1,25,2,2,24.8,17.4,19.6
2026-01-09T08:08:23Z,0,0,0,3.7,0,0,24.1,851,24,24.7,47.4,944,7576,0,1.1,75,2.8,2.8,24.6,17.3,19.4
2026-01-09T08:23:49Z,0,0,0,4,0,0,24.6,850.7,24.5,25.2,45.1,1011,8321,0,1.7,99,4.6,4.6,25.1,17.4,19.9
2026-01-09T08:38:51Z,0,0,0,4,0,0,25.1,850.3,25,25.9,44.9,997,8137,0,0.7,123,2.8,2.8,25.8,17.9,20.3
2026-01-09T08:53:56Z,0,0,0,3.9,0,0,24.8,850.1,24.6,25.5,43.6,985,7981,0,1.5,90,3.5,3.5,25.3,17.4,20
2026-01-09T09:09:41Z,0,0,0,3.9,0,0,24.7,849.9,24.6,25.6,42.8,991,8031,0,1.7,79,3.7,3.7,25.5,17.3,20.1
2026-01-09T09:25:04Z,0,0,0,4.1,0,0,25.7,849.8,25.6,26.4,41.7,1029,8416,0,1,230,2.8,2.8,26.3,17.8,20.7
2026-01-09T09:40:09Z,0,0,0,4.1,0,0,25.9,849.5,25.9,26.7,42.3,1014,8254,0,1.7,70,3.9,3.9,26.6,18.2,21
2026-01-09T09:55:14Z,0,0,0,4,0,0,25.1,849.3,25.2,26,43.1,1006,8197,0,0.6,134,1.3,1.3,25.9,17.8,20.5
2026-01-09T10:10:20Z,0,0,0,4,0,0,26.4,849,25.9,26.5,40.6,999,8097,0,0.6,73,1.3,1.3,26.4,17.7,20.8
2026-01-09T10:25:25Z,0,0,0,3.9,0,0,26.4,848.7,26.6,27.5,39.7,989,7970,0,0.8,150,3.1,3.1,27.2,18.3,21.4
2026-01-09T10:40:31Z,0,0,0,3.9,0,0,27,848.4,26.7,27.7,38.6,977,7839,0,0.6,86,2,2,27.3,18.3,21.5
2026-01-09T10:56:17Z,0,0,0,3.7,0,0,26.9,848.2,26.9,28.2,38.8,947,7526,0,1.5,75,2.6,2.6,27.8,18.8,21.8
2026-01-09T11:11:23Z,0,0,0,3.6,0,0,26.4,847.9,26.9,27.7,38.1,927,7314,0,1.8,135,2.8,2.8,27.3,18.3,21.5
2026-01-09T11:26:28Z,0,0,0,3.5,0,0,27.2,847.7,27.1,28.3,37.9,911,7161,0,2,83,3.5,3.5,27.8,18.7,21.9
2026-01-09T11:41:34Z,0,0,0,0.8,0,0,28,847.3,27.7,29,37.6,413,1629,0,0.8,43,2,2,28.4,19.1,22.3
2026-01-09T11:57:14Z,0,0,0,3.4,0,0,27.3,847.2,27.6,28.4,38.9,884,6920,0,1.5,169,3.1,3.1,28,19,22
2026-01-09T12:12:19Z,0,0,0,3.2,0,0,26.6,847.1,26.9,27.5,41.3,856,6648,0,0.5,81,1.1,1.1,27.3,18.6,21.5
2026-01-09T12:27:24Z,0,0,0,1.3,0,0,27.7,847,27.4,28.8,39.1,504,2676,0,1.1,80,3.3,3.3,28.3,19.3,22.2
2026-01-09T12:43:07Z,0,0,0,2.3,0,0,27.3,846.9,27.4,28.6,39.1,696,4900,0,0.5,125,2.2,2.2,28.2,19.2,22.1
2026-01-09T12:58:13Z,0,0,0,0.8,0,0,27.6,846.8,28,28.9,38.6,401,1606,0,0.4,120,2.2,2.2,28.4,19.3,22.3
2026-01-09T13:13:19Z,0,0,0,1.5,0,0,28,846.8,28.1,29.4,40.1,537,3160,0,0.3,26,1.3,1.3,29,19.9,22.7
2026-01-09T13:28:24Z,0,0,0,1.8,0,0,27.6,846.8,27.8,28.7,39.1,596,3930,0,0.3,125,1.1,1.1,28.2,19.2,22.2
2026-01-09T13:43:29Z,0,0,0,1.2,0,0,26.7,847,26.7,27.8,39,476,2550,0,1.5,72,3.5,3.5,27.5,18.5,21.6
2026-01-09T13:58:35Z,0,0,0,1,0,0,26.5,847.2,26.6,27.7,39.1,441,2194,0,1.8,68,3.3,3.3,27.4,18.4,21.6
2026-01-09T14:14:19Z,0,0,0,0.9,0,0,25.8,847.4,26.1,26.8,41.5,415,2000,0,0.1,99,0.7,0.7,26.8,18.1,21.1
2026-01-09T14:30:16Z,0,0,0,0.4,0,0,25.6,847.5,25.8,26.4,40.9,330,980,0,1.1,80,2.8,2.8,26.2,17.6,20.7
2026-01-09T14:45:29Z,0,0,0,0.3,0,0,24.6,847.5,24.7,25.1,42.7,314,828,0,0.6,104,1.7,1.7,24.9,16.9,19.7
2026-01-09T15:00:35Z,0,0,0,0.2,0,0,24.2,847.6,24.3,24.6,43.8,300,637,0,0.4,102,1.1,1.1,24.5,16.7,19.3
2026-01-09T15:15:40Z,0,0,0,0.2,0,0,23.7,847.8,23.9,24.1,43.7,284,447,0,0.5,76,1.5,1.5,23.9,16.2,18.9
2026-01-09T15:31:34Z,0,0,0,0.1,0,0,23.3,848,23.4,23.6,45.1,271,334,0,0.7,76,2.2,2.2,23.4,16.1,18.5
2026-01-09T15:46:39Z,0,0,0,0,0,0,23.1,848.3,23.4,23.4,45.2,262,263,0,0.2,72,1.1,1.1,23.2,15.9,18.3
2026-01-09T16:02:28Z,0,0,0,0,0,0,23.2,848.4,23.4,23.5,45.3,260,253,0,0.6,110,2.2,2.2,23.3,16,18.4
2026-01-09T16:18:18Z,0,0,0,0,0,0,23.1,848.6,23.2,23.4,44.5,261,253,0,2,85,3.1,3.1,23.1,15.8,18.3
2026-01-09T16:33:23Z,0,0,0,0,0,0,22.9,848.8,23,23.2,45.6,261,253,0,0.1,95,0.2,0.2,23,15.8,18.1
2026-01-09T16:48:38Z,0,0,0,0,0,0,22.6,849.1,22.8,22.9,45.5,260,253,0,0.9,84,2.4,2.4,22.6,15.5,17.9
2026-01-09T17:04:28Z,0,0,0,0,0,0,22.4,849.2,22.5,22.7,46.2,259,252,0,0.4,80,2,2,22.5,15.5,17.7
2026-01-09T17:19:30Z,0,0,0,0,0,0,22.2,849.4,22.4,22.5,47,261,253,0,0.7,90,1.4,1.4,22.3,15.4,17.5
2026-01-09T17:35:22Z,0,0,0,0,0,0,21.9,849.6,22.1,22.2,48.1,261,253,0,0,105,0,0,22,15.4,17.3
2026-01-09T17:50:28Z,0,0,0,0,0,0,21.6,849.8,21.7,21.9,48.7,260,254,0,0,97,0.2,0.2,21.6,15.1,17
2026-01-09T18:05:59Z,0,0,0,0,0,0,21.4,850,21.6,21.8,49.2,260,252,0,0,99,0.2,0.2,21.5,15.1,16.9
2026-01-09T18:21:35Z,0,0,0,0,0,0,21.2,850.2,21.4,21.5,51.6,260,254,0,0.1,100,0.4,0.4,21.3,15.2,16.7
2026-01-09T18:36:40Z,0,0,0,0,0,0,20.7,850.3,20.9,21,53.2,259,254,0,0,101,0,0,20.8,15,16.3
2026-01-09T18:52:29Z,0,0,0,0,0,0,20.1,850.4,20.1,20.3,55,260,253,0,0,101,0,0,20.1,14.6,15.6
2026-01-09T19:08:13Z,0,0,0,0,0,0,19.8,850.6,19.9,20,55.4,261,254,0,0,100,0.2,0.2,19.8,14.4,15.4
2026-01-09T19:23:29Z,0,0,0,0,0,0,19.7,850.6,19.8,20,56.4,259,253,0,0,96,0,0,19.8,14.6,15.4
2026-01-09T19:38:34Z,0,0,0,0,0,0,19.2,850.7,19.4,19.6,57.4,261,254,0,0.2,90,0.7,0.7,19.4,14.3,15
2026-01-09T19:53:40Z,0,0,0,0,0,0,19,850.7,19.2,19.4,58.4,260,253,0,0,96,0,0,19.1,14.2,14.8
2026-01-09T20:08:49Z,0,0,0,0,0,0,18.8,850.7,18.9,19.1,60.1,260,254,0,0,96,0,0,18.9,14.2,14.5
2026-01-09T20:24:30Z,0,0,0,0,0,0,18.4,850.7,18.5,18.7,62.8,260,253,0,0,96,0,0,18.5,14.2,14.1
2026-01-09T20:39:34Z,0,0,0,0,0,0,18,850.6,18.2,18.4,62.9,261,254,0,0,96,0,0,18.2,13.9,13.9
2026-01-09T20:55:30Z,0,0,0,0,0,0,18,850.6,18.2,18.5,64.3,261,254,0,0,96,0,0,18.3,14.2,14
2026-01-09T21:10:32Z,0,0,0,0,0,0,18.2,850.5,18.4,18.7,62.3,260,253,0,0.2,96,0.4,0.4,18.4,14.1,14.1
2026-01-09T21:25:33Z,0,0,0,0,0,0,18.4,850.4,18.6,18.8,62.7,261,253,0,0,96,0.2,0.2,18.6,14.3,14.3
2026-01-09T21:40:41Z,0,0,0,0,0,0,18.4,850.2,18.6,18.8,62.4,258,254,0,0.1,96,0.4,0.4,18.6,14.2,14.2
2026-01-09T21:55:46Z,0,0,0,0,0,0,18.3,850.3,18.5,18.7,63.6,260,253,0,0,96,0.2,0.2,18.5,14.3,14.2
2026-01-09T22:10:52Z,0,0,0,0,0,0,18.2,850,18.4,18.5,63.9,260,254,0,0,96,0,0,18.3,14.2,14
2026-01-09T22:25:58Z,0,0,0,0,0,0,18,849.8,18.2,18.4,64.4,259,253,0,0,96,0,0,18.2,14.1,13.9
2026-01-09T22:41:48Z,0,0,0,0,0,0,17.9,849.7,18.1,18.3,64.2,261,254,0,0,96,0,0,18.1,14,13.8
2026-01-09T22:56:54Z,0,0,0,0,0,0,17.8,849.6,17.9,18.1,66.2,260,253,0,0,96,0,0,17.9,14,13.6
2026-01-09T23:11:59Z,0,0,0,0,0,0,17.7,849.7,17.9,18.1,65.7,260,254,0,0,96,0,0,17.9,14,13.6
2026-01-09T23:27:46Z,0,0,0,0,0,0,17.8,849.6,18,18.2,64.8,261,253,0,0,96,0,0,18,14,13.8
2026-01-09T23:42:52Z,0,0,0,0,0,0,17.8,849.4,17.9,18.1,66.8,260,254,0,0,96,0,0,17.9,14.1,13.7
2026-01-09T23:57:57Z,0,0,0,0,0,0,17.5,849.3,17.6,17.8,68.2,260,254,0,0,96,0,0,17.6,14,13.4
2026-01-10T00:00:59Z,0,0,0,0,0,0,17.5,849.3,17.6,17.8,68.4,261,254,0,0,96,0,0,17.6,14,13.3
2026-01-10T00:16:05Z,0,0,0,0,0,0,17.2,849.2,17.3,17.5,70.3,258,253,0,0,96,0,0,17.3,14,13.1
2026-01-10T00:31:30Z,0,0,0,0,0,0,16.8,849.1,17.1,17.2,70.4,261,253,0,0,96,0.2,0.2,17,13.7,12.8
2026-01-10T00:46:36Z,0,0,0,0,0,0,16.7,849,16.9,17.2,71.2,260,253,0,0,96,0,0,17,13.8,12.7
2026-01-10T01:01:41Z,0,0,0,0,0,0,16.5,849.1,16.7,16.9,70.9,260,253,0,0,96,0,0,16.7,13.5,12.5
2026-01-10T01:16:47Z,0,0,0,0,0,0,16.2,849.2,16.4,16.6,71.8,261,254,0,0,96,0,0,16.4,13.3,12.2
2026-01-10T01:32:35Z,0,0,0,0,0,0,16.6,849.6,16.7,16.9,71.9,260,254,0,0,99,0,0,16.7,13.6,12.5
2026-01-10T01:47:41Z,0,0,0,0,0,0,16,849.7,16.2,16.5,75.4,259,253,0,0.1,147,0.4,0.4,16.3,13.6,12.1
2026-01-10T02:02:46Z,0,0,0,0,0,0,15.6,849.8,15.9,16.1,78.9,260,253,0,0,147,0.2,0.2,15.9,13.6,11.7
2026-01-10T02:17:52Z,0,0,0,0,0,0,15.2,849.8,15.6,15.6,80.6,260,252,0,0,148,0,0,15.5,13.4,11.3
2026-01-10T02:33:51Z,0,0,0,0,0,0,14.9,850.1,15.2,15.3,82.7,261,253,0,0,148,0,0,15.2,13.3,11
2026-01-10T02:49:42Z,0,0,0,0,0,0,14.8,850.2,15.1,15.2,84.6,259,253,0,0,148,0.2,0.2,15.1,13.4,10.9
2026-01-10T03:05:19Z,0,0,0,0,0,0,14.7,850.3,15,15.1,85.6,260,254,0,0,148,0,0,15,13.4,10.8
2026-01-10T03:20:37Z,0,0,0,0,0,0,14.6,850.6,14.9,14.9,86.7,260,255,0,0,148,0,0,14.8,13.4,10.6
2026-01-10T03:35:43Z,0,0,0,0,0,0,14.2,850.7,14.4,14.6,86.6,265,285,0,0,148,0.2,0.2,14.5,13.1,10.3
2026-01-10T03:50:48Z,0,0,0,0.1,0,0,14,850.7,14.2,14.4,86.7,274,382,0,0,148,0,0,14.2,12.8,10
2026-01-10T04:05:53Z,0,0,0,0.2,0,0,14,850.8,14.3,14.4,87.1,289,520,0,0.2,147,0.7,0.7,14.3,12.9,10.1
2026-01-10T04:20:59Z,0,0,0,0.2,0,0,14.5,850.9,14.8,14.9,87.1,304,692,0,0,147,0.2,0.2,14.8,13.4,10.6
2026-01-10T04:36:04Z,0,0,0,0.3,0,0,15.3,851,15.5,15.5,85.8,313,724,0,0.2,147,0.9,0.9,15.4,13.9,11.2
2026-01-10T04:51:09Z,0,0,0,0.4,0,0,16,851.3,16.2,16.3,83.2,339,1060,0,0.4,147,0.9,0.9,16.2,14.3,12
2026-01-10T05:06:15Z,0,0,0,0.9,0,0,17.5,851.4,17.1,17.1,80.6,417,1976,0,0,147,0.2,0.2,17.1,14.8,12.8
2026-01-10T05:21:41Z,0,0,0,1.1,0,0,19.4,851.2,18.8,18.7,75.5,463,2491,0,0.3,147,0.9,0.9,18.7,15.8,14.4
2026-01-10T05:36:46Z,0,0,0,1.4,0,0,19.4,851.3,19.1,18.7,74.5,513,3024,0,0.1,147,0.4,0.4,18.6,15.6,14.3
2026-01-10T05:51:51Z,0,0,0,1.6,0,0,21.1,851.3,20.4,20.1,68.7,562,3515,0,0.5,147,1.1,1.1,20,16.2,15.6
2026-01-10T06:06:56Z,0,0,0,1.8,0,0,23.2,851.2,22.4,22.5,60.8,601,3924,0,0.4,147,0.7,0.7,22.5,17.4,17.7
2026-01-10T06:22:01Z,0,0,0,1.8,0,0,23.3,851.2,22.6,23.1,56.8,583,3660,0,0.7,110,1.7,1.7,23,17.4,18.2
2026-01-10T06:37:07Z,0,0,0,2.4,0,0,23.2,851.1,22.4,22.7,58.2,711,5080,0,0.7,78,1.1,1.1,22.6,17.2,17.8
2026-01-10T06:52:12Z,0,0,0,2.6,0,0,23.8,850.9,23.3,23.9,54.1,746,5440,0,0.2,102,0.7,0.7,23.8,17.6,18.8
2026-01-10T07:07:18Z,0,0,0,2.8,0,0,25.4,850.6,24.7,25.6,50.2,788,5868,0,0.2,70,0.7,0.7,25.5,18.5,20.2
2026-01-10T07:22:48Z,0,0,0,3.1,0,0,25.3,850.4,24.6,25.5,48.6,832,6336,0,1.3,62,2.4,2.4,25.4,18.2,20.1
2026-01-10T07:38:03Z,0,0,0,3.3,0,0,25.2,850.3,25.2,25.7,48.4,872,6775,0,0.4,114,1.7,1.7,25.6,18.3,20.2
2026-01-10T07:53:08Z,0,0,0,3.5,0,0,26,850.1,25.8,26.6,48.3,917,7264,0,0.3,96,1.3,1.3,26.6,19.1,21
2026-01-10T08:08:13Z,0,0,0,3.7,0,0,24.7,850,25.1,25.3,50,940,7527,0,0.3,168,1.3,1.3,25.3,18.3,20
2026-01-10T08:23:19Z,0,0,0,3.8,0,0,26.2,849.8,26.1,26.8,48.2,971,7806,0,0.3,284,0.9,0.9,27.1,19.2,21.4
2026-01-10T08:38:44Z,0,0,0,1.7,0,0,26.5,849.6,26.5,27.4,44.8,566,3196,0,1.2,86,2.6,2.6,27.4,19.2,21.6
2026-01-10T08:54:24Z,0,0,0,4.1,0,0,25.5,849.5,25.6,26.3,46.5,1024,8377,0,1.1,109,2,2,26.3,18.6,20.7
2026-01-10T09:09:29Z,0,0,0,4.3,0,0,25.8,849.3,25.9,26.6,46.5,1054,8673,0,0.2,84,0.7,0.7,26.6,18.8,21
2026-01-10T09:24:35Z,0,0,0,1.3,0,0,25.1,849.2,25.1,25.9,45.6,498,2495,0,0.5,55,1.1,1.1,25.8,18.1,20.4
2026-01-10T09:39:36Z,0,0,0,4.1,0,0,25.9,848.9,26.1,26.8,43.8,1018,8268,0,0.9,94,1.7,1.7,26.9,18.5,21.2
2026-01-10T09:54:42Z,0,0,0,4.2,0,0,25.9,848.6,26.2,26.7,44.2,1041,8524,0,1.1,123,2.2,2.2,26.7,18.5,21
2026-01-10T10:10:19Z,0,0,0,4.3,0,0,26.1,848.3,26.5,26.9,43.9,1055,8687,0,0.7,120,1.5,1.5,27,18.6,21.3
2026-01-10T10:25:24Z,0,0,0,4.3,0,0,26.8,848.1,27,27.7,41.4,1059,8716,0,0.3,173,1.2,1.2,27.5,18.8,21.6
2026-01-10T10:40:35Z,0,0,0,4,0,0,26.5,847.7,26.6,27.6,41.7,1007,8221,0,0.8,88,1.5,1.5,27.4,18.8,21.6
2026-01-10T10:55:40Z,0,0,0,1.2,0,0,26.7,847.7,26.7,28,41.7,485,2382,0,0.9,109,2.6,2.6,27.8,19.2,21.9
2026-01-10T11:10:46Z,0,0,0,3.8,0,0,26.9,847.4,26.9,28.2,40.7,971,7800,0,0.4,118,2,2,27.9,19.2,22
2026-01-10T11:25:51Z,0,0,0,3.6,0,0,26.2,847.2,26.5,27,43,934,7386,0,0.1,111,1.1,1.1,27.1,18.6,21.3
2026-01-10T11:41:14Z,0,0,0,3.3,0,0,28,847,27.9,29.1,39.3,873,6764,0,0.4,85,1.3,1.3,28.7,19.6,22.5
2026-01-10T11:56:19Z,0,0,0,3.2,0,0,26.7,847,27.4,27.7,39.8,848,6489,0,0.4,189,1.3,1.3,27.4,18.5,21.6
2026-01-10T12:11:24Z,0,0,0,3,0,0,27.1,846.9,27.1,28.1,38.6,827,6302,0,0.8,83,2,2,27.7,18.7,21.8
2026-01-10T12:28:36Z,0,0,0,2.7,0,0,27.7,846.8,27.6,29,38.7,767,5645,0,0.3,23,1.1,1.1,28.5,19.4,22.4
2026-01-10T12:44:32Z,0,0,0,2.6,0,0,27.9,846.7,27.9,29.4,36,735,5319,0,1.4,66,2.4,2.4,28.6,19.1,22.4
2026-01-10T12:59:37Z,0,0,0,2.4,0,0,27.7,846.7,28.2,29.3,35.8,702,4959,0,1.4,128,4.1,4.1,28.5,19,22.4
2026-01-10T13:15:20Z,0,0,0,2,0,0,28.2,846.6,28.4,29.7,36.5,621,4093,0,0.8,80,1.7,1.7,29,19.5,22.7
2026-01-10T13:30:26Z,0,0,0,1.7,0,0,27.8,846.5,28.1,29,36.6,579,3667,0,0.7,119,2.6,2.6,28.3,19,22.3
2026-01-10T13:45:31Z,0,0,0,1.4,0,0,26.6,846.6,26.8,28.1,38.4,524,3066,0,1.1,76,2,2,27.6,18.6,21.7
2026-01-10T14:00:37Z,0,0,0,0.4,0,0,26,846.6,26.2,27.1,40,334,933,0,0.8,119,2.8,2.8,27,18.1,21.3
2026-01-10T14:15:43Z,0,0,0,0.5,0,0,24.8,846.8,24.9,25.5,44.1,346,1079,0,1.3,83,3.7,3.7,25.4,17.5,20.1
2026-01-10T14:30:52Z,0,0,0,0.3,0,0,24.7,846.9,24.8,25.3,44.1,322,872,0,1.9,89,3.5,3.5,25.2,17.3,19.9
2026-01-10T14:46:17Z,0,0,0,0.4,0,0,24.6,847.1,24.8,25,45,330,993,0,0.8,82,1.7,1.7,24.9,17.2,19.7
2026-01-10T15:01:23Z,0,0,0,0.3,0,0,24.4,847.2,24.6,24.9,45,306,716,0,0.8,86,1.3,1.3,24.7,17.1,19.5
2026-01-10T15:16:27Z,0,0,0,0.2,0,0,23.9,847.4,24.1,24.3,45.7,286,494,0,1.6,94,3.7,3.7,24.1,16.7,19.1
2026-01-10T15:31:32Z,0,0,0,0.1,0,0,23.4,847.5,23.5,23.7,46.2,271,330,0,1.8,91,3.7,3.7,23.5,16.3,18.6
2026-01-10T15:47:27Z,0,0,0,0,0,0,22.9,847.8,23.1,23.2,46.9,261,268,0,0.9,79,2.4,2.4,23,16,18.2
2026-01-10T16:02:35Z,0,0,0,0,0,0,22.6,848,22.8,22.9,47.7,259,253,0,0.8,76,2,2,22.7,15.8,17.9
2026-01-10T16:17:44Z,0,0,0,0,0,0,22.2,848.4,22.4,22.6,48.7,261,254,0,0.4,77,0.9,0.9,22.4,15.7,17.6
2026-01-10T16:33:39Z,0,0,0,0,0,0,21.8,848.4,21.9,22.1,50.2,260,253,0,0,60,0.2,0.2,21.9,15.5,17.2
2026-01-10T16:48:45Z,0,0,0,0,0,0,21.5,848.7,21.7,21.8,50.8,259,253,0,0.1,113,0.4,0.4,21.6,15.4,17
2026-01-10T17:04:41Z,0,0,0,0,0,0,20.9,848.9,21.1,21.3,52.1,260,254,0,0,91,0.2,0.2,21,15.1,16.5
2026-01-10T17:20:37Z,0,0,0,0,0,0,20.7,849.1,20.9,21,52.9,260,252,0,0,93,0.2,0.2,20.7,14.9,16.2
2026-01-10T17:35:37Z,0,0,0,0,0,0,20.6,849.4,20.8,20.9,53,260,253,0,0.1,104,0.2,0.2,20.7,14.9,16.1
2026-01-10T17:50:38Z,0,0,0,0,0,0,20.5,849.5,20.7,20.8,54.1,259,254,0,0,93,0,0,20.6,15,16.1
2026-01-10T18:05:40Z,0,0,0,0,0,0,20.4,849.7,20.6,20.7,53.8,261,253,0,0.1,99,0.4,0.4,20.5,14.8,16
2026-01-10T18:20:41Z,0,0,0,0,0,0,20.5,849.7,20.8,20.8,53.8,262,253,0,0.1,76,0.7,0.7,20.6,14.9,16.1
2026-01-10T18:35:54Z,0,0,0,0,0,0,20.4,849.7,20.6,20.7,54.2,261,253,0,0.1,112,0.4,0.4,20.5,14.9,16
2026-01-10T18:51:40Z,0,0,0,0,0,0,19.9,850,20,20.1,57.6,261,254,0,0,112,0,0,19.9,14.8,15.4
2026-01-10T19:06:56Z,0,0,0,0,0,0,19.5,850,19.7,19.9,58.6,260,254,0,0.2,112,0.4,0.4,19.6,14.7,15.2
2026-01-10T19:22:02Z,0,0,0,0,0,0,19.5,850.2,19.6,19.8,58.7,261,252,0,0.1,112,0.4,0.4,19.6,14.7,15.2
2026-01-10T19:37:40Z,0,0,0,0,0,0,19.3,850.2,19.5,19.7,58.9,260,254,0,0,112,0.2,0.2,19.5,14.6,15.1
2026-01-10T19:53:37Z,0,0,0,0,0,0,19.2,850.4,19.4,19.6,59.7,260,252,0,0.1,112,0.4,0.4,19.4,14.6,15
2026-01-10T20:08:43Z,0,0,0,0,0,0,18.8,850.4,18.9,19.1,60.7,260,252,0,0,112,0.2,0.2,18.9,14.3,14.5
2026-01-10T20:23:45Z,0,0,0,0,0,0,18.3,850.3,18.4,18.6,62.3,261,253,0,0,112,0,0,18.4,14,14.1
2026-01-10T20:39:40Z,0,0,0,0,0,0,17.9,850.2,18,18.2,63.6,261,252,0,0,112,0.2,0.2,18,13.8,13.7
2026-01-10T20:54:41Z,0,0,0,0,0,0,17.5,850.2,17.6,17.8,64.8,260,253,0,0,112,0.2,0.2,17.6,13.6,13.3
2026-01-10T21:09:46Z,0,0,0,0,0,0,17.1,850.2,17.1,17.3,67.6,259,252,0,0,112,0,0,17.1,13.5,12.9
2026-01-10T21:24:51Z,0,0,0,0,0,0,16.7,850,16.8,17,68.4,260,254,0,0,112,0.2,0.2,16.8,13.3,12.6
2026-01-10T21:39:56Z,0,0,0,0,0,0,16.9,850,17.1,17.3,67.5,259,255,0,0,112,0,0,17.1,13.5,12.9
2026-01-10T21:55:01Z,0,0,0,0,0,0,16.7,849.9,16.8,17,69.1,261,252,0,0,112,0.2,0.2,16.8,13.4,12.6
2026-01-10T22:10:07Z,0,0,0,0,0,0,16.3,849.9,16.5,16.7,69.6,260,254,0,0,112,0,0,16.5,13.2,12.3
2026-01-10T22:25:12Z,0,0,0,0,0,0,16,849.8,16.3,16.4,71.9,260,254,0,0,112,0,0,16.1,13.1,11.9
2026-01-10T22:40:36Z,0,0,0,0,0,0,16,849.8,16.2,16.4,71.8,260,254,0,0,112,0,0,16.2,13.1,12
2026-01-10T22:55:42Z,0,0,0,0,0,0,16.1,849.3,16.4,16.6,71.6,261,253,0,0,112,0,0,16.4,13.3,12.1
2026-01-10T23:10:53Z,0,0,0,0,0,0,16.4,849.2,16.7,16.9,71.1,260,254,0,0,112,0.2,0.2,16.7,13.5,12.5
2026-01-10T23:25:59Z,0,0,0,0,0,0,16.6,849,16.9,17.1,70.9,259,253,0,0,112,0.2,0.2,16.9,13.6,12.6
2026-01-10T23:41:04Z,0,0,0,0,0,0,16.7,848.9,16.9,17.1,69.9,262,253,0,0,112,0.2,0.2,16.9,13.6,12.7
2026-01-10T23:56:09Z,0,0,0,0,0,0,16.8,848.7,16.9,17.2,70.2,259,253,0,0,112,0.2,0.2,17,13.7,12.8
2026-01-11T00:00:10Z,0,0,0,0,0,0,16.7,848.7,16.9,17.2,70.2,260,253,0,0,112,0,0,17,13.7,12.7
2026-01-11T00:15:36Z,0,0,0,0,0,0,16.7,848.9,16.9,17.1,69.2,260,254,0,0.1,337,0.4,0.4,16.9,13.5,12.7
2026-01-11T00:30:42Z,0,0,0,0,0,0,16.7,848.9,16.9,17.1,69.3,261,253,0,0,36,0.2,0.2,16.9,13.5,12.7
2026-01-11T00:45:47Z,0,0,0,0,0,0,16.6,848.8,16.8,17,70.5,262,254,0,0,35,0.2,0.2,16.8,13.5,12.5
2026-01-11T01:00:52Z,0,0,0,0,0,0,16.5,848.7,16.7,16.9,70.9,261,252,0,0,35,0.2,0.2,16.7,13.5,12.5
2026-01-11T01:15:57Z,0,0,0,0,0,0,16.5,848.8,16.6,16.9,71.3,259,253,0,0,73,0,0,16.7,13.5,12.5
2026-01-11T01:31:02Z,0,0,0,0,0,0,16.3,848.9,16.5,16.6,72.5,260,254,0,0,73,0,0,16.4,13.4,12.2
2026-01-11T01:46:06Z,0,0,0,0,0,0,15.9,848.9,16.2,16.3,74,259,253,0,0,72,0,0,16.1,13.3,11.9
2026-01-11T02:01:12Z,0,0,0,0,0,0,15.5,848.9,15.8,15.8,76.1,260,254,0,0,72,0.2,0.2,15.6,13.1,11.4
2026-01-11T02:16:17Z,0,0,0,0,0,0,15.1,849.1,15.4,15.5,76.4,262,252,0,0,72,0,0,15.3,12.8,11.1
2026-01-11T02:31:49Z,0,0,0,0,0,0,14.7,849.2,15,15.2,77.8,259,253,0,0,72,0,0,15,12.6,10.8
2026-01-11T02:46:55Z,0,0,0,0,0,0,14.4,849.2,14.8,14.8,79.4,260,253,0,0,72,0,0,14.6,12.5,10.4
2026-01-11T03:02:00Z,0,0,0,0,0,0,14.2,849.3,14.4,14.6,80.2,260,254,0,0,72,0,0,14.4,12.4,10.2
2026-01-11T03:17:06Z,0,0,0,0,0,0,14,849.4,14.3,14.5,81,260,255,0,0,72,0.2,0.2,14.3,12.3,10.1
2026-01-11T03:32:11Z,0,0,0,0,0,0,13.9,849.5,14.2,14.4,81.4,262,277,0,0,72,0,0,14.2,12.3,10
2026-01-11T03:47:16Z,0,0,0,0.1,0,0,14,849.6,14.3,14.4,81.8,275,394,0,0,72,0.2,0.2,14.2,12.4,10
2026-01-11T04:02:22Z,0,0,0,0.2,0,0,14,849.6,14.4,14.5,82.4,291,566,0,0,72,0,0,14.3,12.5,10.1
2026-01-11T04:17:46Z,0,0,0,0.4,0,0,14.7,849.9,15.1,15,81.6,334,1108,0,0,72,0.2,0.2,14.9,12.9,10.7
2026-01-11T04:32:51Z,0,0,0,0.5,0,0,16.5,850.1,16.6,16.8,75.7,344,1186,0,0,26,0.2,0.2,16.6,13.9,12.4
2026-01-11T04:47:56Z,0,0,0,0.5,0,0,18.3,850.3,18.4,18.4,69.4,351,1217,0,0.1,39,0.4,0.4,18.3,14.7,14
2026-01-11T05:03:02Z,0,0,0,0.7,0,0,19.8,850.3,19.5,19.5,64.7,393,1667,0,0.4,336,1.1,1.1,19.3,15.2,15
2026-01-11T05:18:07Z,0,0,0,0.9,0,0,20.9,850.5,20.4,20.5,62.4,425,1984,0,0.5,98,0.9,0.9,20.4,15.8,15.9
2026-01-11T05:33:19Z,0,0,0,1.3,0,0,21.2,850.5,20.9,21,61,505,2937,0,0,110,0.2,0.2,20.9,16.1,16.4
2026-01-11T05:48:25Z,0,0,0,1.5,0,0,22.5,850.5,22.2,22.2,57,543,3316,0,0.8,105,1.7,1.7,22.1,16.6,17.4
2026-01-11T06:04:06Z,0,0,0,1.7,0,0,23.6,850.5,23.2,23.4,54.8,572,3627,0,0.1,67,0.7,0.7,23.4,17.4,18.4
2026-01-11T06:19:12Z,0,0,0,2,0,0,24.6,850.4,23.9,24.3,49.8,625,4129,0,0.8,74,1.7,1.7,24.2,17.4,19.1
2026-01-11T06:34:17Z,0,0,0,2.2,0,0,23.4,850.4,22.9,23.8,52,670,4630,0,0.6,74,1.2,1.2,23.7,17.3,18.7
2026-01-11T06:50:03Z,0,0,0,2.5,0,0,24.4,850.3,23.9,24.6,49.2,718,5143,0,1.1,84,2.6,2.6,24.6,17.6,19.4
2026-01-11T07:05:08Z,0,0,0,2.7,0,0,25,850.2,24.3,25.2,47.8,766,5653,0,1.5,79,2.4,2.4,25.1,17.8,19.8
2026-01-11T07:20:14Z,0,0,0,3,0,0,24.3,850.2,23.9,25,48.9,809,6091,0,1.4,88,3.1,3.1,24.9,17.8,19.7
2026-01-11T07:35:19Z,0,0,0,3.1,0,0,25,850,24.5,25.2,48.5,843,6447,0,0.5,90,1.3,1.3,25.2,18,19.9
2026-01-11T07:50:45Z,0,0,0,3.3,0,0,25.7,850,25.2,25.8,46.9,882,6881,0,0.3,106,0.7,0.7,25.7,18.2,20.3
2026-01-11T08:06:10Z,0,0,0,3.5,0,0,26.5,849.9,26.4,26.7,45,916,7194,0,0.8,153,2.5,2.5,26.6,18.6,21
2026-01-11T08:21:15Z,0,0,0,3.6,0,0,25.6,849.6,25.4,26.2,47.4,934,7407,0,0.5,122,1.5,1.5,26.2,18.6,20.7
2026-01-11T08:36:20Z,0,0,0,3.7,0,0,26.4,849.5,26.1,26.9,44.2,951,7585,0,0.3,74,1.1,1.1,27,18.6,21.3
2026-01-11T08:52:51Z,0,0,0,3.9,0,0,26.7,849.3,26.4,27.4,42,978,7849,0,0.5,70,2,2,27.3,18.7,21.5
2026-01-11T09:08:15Z,0,0,0,3.8,0,0,25.4,848.9,25.3,26.4,44.5,969,7774,0,0.7,26,1.3,1.3,26.3,18.3,20.7
2026-01-11T09:23:20Z,0,0,0,3.9,0,0,26.1,848.7,26.4,26.8,42.9,993,8004,0,0.5,129,1.7,1.7,26.8,18.3,21.2
2026-01-11T09:38:33Z,0,0,0,3.9,0,0,26.2,848.6,26.2,26.8,39.2,986,7937,0,0.5,135,2,2,26.7,17.7,21.1
2026-01-11T09:54:22Z,0,0,0,3.9,0,0,27.8,848.2,27.8,28.6,35.9,988,7971,0,0.7,81,2.6,2.6,27.9,18.5,21.9
2026-01-11T10:09:28Z,0,0,0,3.9,0,0,27.3,848,27.2,28.2,35.2,988,7926,0,1.1,102,3.1,3.1,27.6,18.1,21.7
2026-01-11T10:24:33Z,0,0,0,3.9,0,0,28.2,847.6,28.1,29,34.2,987,7932,0,0.6,47,1.3,1.3,28.1,18.5,22.1
2026-01-11T10:39:35Z,0,0,0,3.8,0,0,29.7,847.3,29.8,30.5,31.5,966,7698,0,0.7,44,3.1,3.1,29.4,19.1,23
2026-01-11T10:54:41Z,0,0,0,3.7,0,0,29,847.1,28.9,29.9,29.4,948,7522,0,0.6,43,1.5,1.5,28.6,18.1,22.4
2026-01-11T11:09:46Z,0,0,0,3.6,0,0,27.8,846.8,27.9,28.9,28.5,934,7398,0,0.7,164,1.7,1.7,27.7,17.2,21.8
2026-01-11T11:25:39Z,0,0,0,3.5,0,0,29.4,846.6,29.7,30.3,30,900,7021,0,0.1,122,0.4,0.4,29,18.6,22.8
2026-01-11T11:40:45Z,0,0,0,3.3,0,0,29.7,846.4,29.5,30.9,27.2,877,6754,0,0.8,52,2.4,2.4,29.4,18.4,23
2026-01-11T11:56:23Z,0,0,0.2,3.1,0,0,29.8,846.2,29.6,30.8,33,836,6323,0,0.7,91,2.6,2.6,29.8,19.6,23.3
2026-01-11T12:11:29Z,0,0,0.2,2.9,0,0,29.3,846.2,29.7,30.5,33.5,795,5883,0,0.7,104,2,2,29.6,19.5,23.1
2026-01-11T12:26:35Z,0,0,0.2,2.7,0,0,28.8,846.1,29.1,30,34.1,753,5467,0,0.5,54,2,2,29.1,19.3,22.8
2026-01-11T12:42:34Z,0,0,0.2,2.4,0,0,28.8,846,29.1,30,33.3,704,4928,0,1,69,4.1,4.1,29.1,19.1,22.8
2026-01-11T12:57:40Z,0,0,0.2,2.2,0,0,28.7,846.2,29.2,29.9,32.7,665,4523,0,0.5,153,1.1,1.1,28.9,18.9,22.6
2026-01-11T13:12:42Z,0,0,0.2,1.9,0,0,29,846.2,29.1,30.5,30.4,616,4004,0,1.4,107,2.4,2.4,29.2,18.8,22.9
2026-01-11T13:28:03Z,0,0,0.2,1.7,0,0,29.1,846.2,29.6,30.5,31.9,571,3548,0,0.3,154,0.9,0.9,29.4,19.2,23
2026-01-11T13:43:25Z,0,0,0.2,1.4,0,0,28.4,846.3,28.6,29.8,32.9,519,3027,0,0.1,83,0.7,0.7,28.7,18.8,22.6
2026-01-11T13:58:31Z,0,0,0.2,1.2,0,0,28.1,846.4,28.5,29.6,33.6,476,2556,0,0.6,67,1.7,1.7,28.6,18.8,22.5
2026-01-11T14:13:37Z,0,0,0.2,0.9,0,0,27,846.4,27.1,28.1,34.8,432,2109,0,1.7,86,3.3,3.3,27.4,17.9,21.6
2026-01-11T14:28:42Z,0,0,0.2,0.7,0,0,26.7,846.5,26.9,27.8,35.1,391,1669,0,0.5,79,2.2,2.2,27.2,17.7,21.4
2026-01-11T14:44:31Z,0,0,0.2,0.3,0,0,25.9,846.9,26,26.4,37.9,317,761,0,1.2,83,3.3,3.3,26.2,17.1,20.7
2026-01-11T14:59:37Z,0,0,0.2,0.2,0,0,25.4,847.1,25.5,25.8,39.1,302,629,0,0.5,83,1.7,1.7,25.6,16.9,20.2
2026-01-11T15:14:43Z,0,0,0.2,0.2,0,0,24.8,847.3,24.9,25.2,38.4,289,520,0,1.7,83,3.5,3.5,25,16.3,19.7
2026-01-11T15:30:40Z,0,0,0.2,0.1,0,0,24.4,847.4,24.6,24.8,40.1,275,399,0,0.3,74,0.9,0.9,24.5,16.2,19.4
2026-01-11T15:45:45Z,0,0,0.2,0,0,0,24,847.6,24.1,24.3,41.1,261,273,0,0.8,64,2.4,2.4,24.1,16,19
2026-01-11T16:01:40Z,0,0,0.2,0,0,0,23.4,847.8,23.6,23.7,42.2,259,254,0,0.7,71,2,2,23.5,15.7,18.5
2026-01-11T16:17:38Z,0,0,0.2,0,0,0,23.2,848,23.4,23.5,42.8,261,254,0,0.6,73,1.3,1.3,23.2,15.6,18.3
2026-01-11T16:32:44Z,0,0,0.2,0,0,0,22.9,848.2,23.1,23.2,43.8,260,253,0,0.2,74,0.7,0.7,22.9,15.5,18.1
2026-01-11T16:48:41Z,0,0,0.2,0,0,0,22.6,848.4,22.8,22.9,44,260,253,0,0.4,47,0.7,0.7,22.6,15.3,17.9
2026-01-11T17:04:40Z,0,0,0.2,0,0,0,22,848.8,22.2,22.3,45.7,259,254,0,0.6,57,1.5,1.5,22.1,15.1,17.4
2026-01-11T17:19:45Z,0,0,0.2,0,0,0,21.6,848.9,21.8,21.9,45.8,260,254,0,0.1,67,0.4,0.4,21.7,14.8,17
2026-01-11T17:35:08Z,0,0,0.2,0,0,0,21.3,849.2,21.4,21.6,46.4,260,254,0,0.2,67,0.4,0.4,21.3,14.6,16.7
2026-01-11T17:50:13Z,0,0,0.2,0,0,0,20.9,849.5,21.1,21.2,48.1,260,254,0,0.2,67,0.4,0.4,20.9,14.5,16.4
2026-01-11T18:05:14Z,0,0,0.2,0,0,0,20.5,849.6,20.7,20.8,49.2,260,254,0,0.1,67,0.2,0.2,20.5,14.3,16
2026-01-11T18:20:50Z,0,0,0.2,0,0,0,19.9,849.8,19.9,20,52,259,253,0,0,67,0.2,0.2,19.7,14,15.3
2026-01-11T18:35:55Z,0,0,0.2,0,0,0,19.2,850.1,19.3,19.4,53.3,259,254,0,0,67,0,0,19.1,13.6,14.8
2026-01-11T18:50:58Z,0,0,0.2,0,0,0,19,850.2,19.1,19.3,54.4,260,253,0,0,67,0,0,19,13.7,14.7
2026-01-11T19:06:04Z,0,0,0.2,0,0,0,19,850.2,19.2,19.5,54.6,259,253,0,0,67,0.2,0.2,19.2,13.8,14.8
2026-01-11T19:21:10Z,0,0,0.2,0,0,0,19.1,850.4,19.4,19.6,54.4,260,254,0,0,66,0,0,19.3,13.9,14.9
2026-01-11T19:36:15Z,0,0,0.2,0,0,0,18.9,850.4,19.1,19.2,55.8,261,255,0,0,67,0,0,19,13.8,14.6
2026-01-11T19:52:06Z,0,0,0.2,0,0,0,18.7,850.5,18.9,19.1,56.9,260,253,0,0,67,0,0,18.8,13.8,14.5
2026-01-11T20:07:12Z,0,0,0.2,0,0,0,18.7,850.5,18.9,19.1,56.7,260,253,0,0,67,0.2,0.2,18.8,13.8,14.5
2026-01-11T20:22:17Z,0,0,0.2,0,0,0,18.3,850.6,18.5,18.8,57.9,259,253,0,0,67,0.2,0.2,18.5,13.6,14.2
2026-01-11T20:37:41Z,0,0,0.2,0,0,0,17.9,850.5,18.1,18.3,59.1,260,253,0,0.1,66,0.2,0.2,18,13.4,13.8
2026-01-11T20:52:47Z,0,0,0.2,0,0,0,17.5,850.5,17.7,17.9,60.7,261,254,0,0,66,0,0,17.6,13.2,13.4
2026-01-11T21:07:52Z,0,0,0.2,0,0,0,17.3,850.3,17.4,17.6,61.8,260,252,0,0.1,67,0.2,0.2,17.3,13.1,13.1
2026-01-11T21:22:57Z,0,0,0.2,0,0,0,17,850.3,17.2,17.3,64.7,261,253,0,0,66,0,0,17.1,13.2,12.8
2026-01-11T21:38:19Z,0,0,0.2,0,0,0,16.5,850.2,16.7,16.8,66,261,254,0,0,66,0,0,16.5,12.8,12.3
2026-01-11T21:53:43Z,0,0,0.2,0,0,0,16.1,850.2,16.2,16.5,67.3,260,254,0,0,66,0,0,16.3,12.7,12
2026-01-11T22:09:03Z,0,0,0.2,0,0,0,15.8,850,16.1,16.3,70,260,253,0,0,66,0,0,16,12.8,11.8
2026-01-11T22:24:08Z,0,0,0.2,0,0,0,15.6,849.8,15.9,16,71.1,261,254,0,0,66,0,0,15.7,12.7,11.5
2026-01-11T22:39:14Z,0,0,0.2,0,0,0,15.3,849.8,15.8,15.7,73,260,252,0,0,66,0,0,15.5,12.6,11.3
2026-01-11T22:54:19Z,0,0,0.2,0,0,0,15.2,849.7,15.6,15.6,73.4,261,254,0,0,66,0,0,15.4,12.6,11.2
2026-01-11T23:09:24Z,0,0,0.2,0,0,0,15.1,849.5,15.5,15.5,74.2,260,255,0,0,66,0,0,15.3,12.6,11.1
2026-01-11T23:25:04Z,0,0,0.2,0,0,0,14.9,849.4,15.2,15.4,74.8,261,253,0,0,66,0,0,15.1,12.5,10.9
2026-01-11T23:41:02Z,0,0,0.2,0,0,0,14.8,849.2,15.1,15.2,76.3,261,254,0,0,66,0,0,15,12.5,10.8
2026-01-11T23:56:03Z,0,0,0.2,0,0,0,14.6,849.2,15,15.1,77,260,254,0,0,66,0,0,14.9,12.5,10.7
2026-01-12T00:00:04Z,0,0,0.2,0,0,0,14.6,849.1,15,15.1,77.1,261,253,0,0,66,0,0,14.9,12.5,10.7
2026-01-12T00:15:10Z,0,0,0.2,0,0,0,14.6,849.2,15.1,15.2,76.9,261,254,0,0,66,0,0,15,12.6,10.8
2026-01-12T00:30:16Z,0,0,0.2,0,0,0,14.9,849.2,15.2,15.4,77.1,259,254,0,0,66,0,0,15.2,12.8,11
2026-01-12T00:45:33Z,0,0,0.2,0,0,0,15.3,849.2,15.8,15.8,75.1,260,254,0,0,66,0,0,15.6,13,11.4
2026-01-12T01:00:52Z,0,0,0.2,0,0,0,15.7,849.2,16.2,16.3,72.6,260,253,0,0.2,65,0.7,0.7,16,13.1,11.8
2026-01-12T01:15:57Z,0,0,0.2,0,0,0,15.9,849.2,16.2,16.3,72.7,260,254,0,0,66,0.2,0.2,16.1,13.2,11.9
2026-01-12T01:31:03Z,0,0,0.2,0,0,0,16.1,849.2,16.3,16.6,71.7,261,254,0,0,66,0.2,0.2,16.4,13.3,12.1
2026-01-12T01:46:08Z,0,0,0.2,0,0,0,16.1,849.2,16.3,16.5,71.9,260,253,0,0.1,65,0.2,0.2,16.3,13.3,12.1
2026-01-12T02:01:59Z,0,0,0.2,0,0,0,16.2,849.3,16.4,16.6,72,259,254,0,0,66,0,0,16.4,13.3,12.2
2026-01-12T02:17:04Z,0,0,0.2,0,0,0,16.4,849.5,16.7,16.9,71.1,260,252,0,0.1,66,0.7,0.7,16.7,13.5,12.5
2026-01-12T02:32:09Z,0,0,0.2,0,0,0,16.3,849.5,16.5,16.7,71.9,259,254,0,0.1,67,0.4,0.4,16.5,13.5,12.3
2026-01-12T02:47:59Z,0,0,0.2,0,0,0,16,849.8,16.2,16.4,73.2,262,255,0,0,67,0.2,0.2,16.2,13.3,12
2026-01-12T03:03:04Z,0,0,0.2,0,0,0,15.6,849.9,15.8,15.9,75.1,260,253,0,0,67,0.2,0.2,15.7,13.1,11.5
2026-01-12T03:18:10Z,0,0,0.2,0,0,0,15.1,850.1,15.4,15.5,76.3,261,254,0,0,67,0.2,0.2,15.3,12.8,11.1
2026-01-12T03:33:15Z,0,0,0.2,0,0,0,14.9,850.2,15.3,15.3,77.2,262,266,0,0.1,67,0.4,0.4,15.1,12.7,10.9
2026-01-12T03:48:20Z,0,0,0.2,0.1,0,0,14.9,850.3,15.3,15.4,77.8,270,347,0,0,66,0,0,15.2,12.8,11
2026-01-12T04:03:26Z,0,0,0.2,0.1,0,0,14.9,850.6,15.2,15.3,78.1,282,456,0,0,66,0,0,15.1,12.8,10.9
2026-01-12T04:18:31Z,0,0,0.2,0.3,0,0,15.2,850.7,15.5,15.6,79.3,308,749,0,0,66,0,0,15.4,13.2,11.2
2026-01-12T04:33:37Z,0,0,0.2,0.3,0,0,16,851.1,16.2,16.2,76.4,319,812,0,0.2,66,0.4,0.4,16,13.4,11.8
2026-01-12T04:49:01Z,0,0,0.2,0.4,0,0,16.9,851.2,16.9,17.1,75.9,336,972,0,0.3,67,0.7,0.7,16.9,14.2,12.7
2026-01-12T05:04:06Z,0,0,0.2,0.5,0,0,17.6,851.4,17.4,17.6,75.5,353,1156,0,0.9,71,2,2,17.5,14.7,13.3
2026-01-12T05:19:11Z,0,0,0.2,1,0,0,18.5,851.5,18.2,18.6,69.9,452,2340,0,1.5,71,3.7,3.7,18.4,14.9,14.1
2026-01-12T05:34:17Z,0,0,0.2,1.3,0,0,19.5,851.6,19.2,19.6,67.1,502,2906,0,1.7,79,3.1,3.1,19.5,15.5,15.1
2026-01-12T05:49:22Z,0,0,0.2,1.2,0,0,18.7,851.6,18.8,19.4,67.4,491,2776,0,0.8,78,2.4,2.4,19.2,15.4,14.9
2026-01-12T06:04:28Z,0,0,0,0.5,0.2,0,18.9,851.7,18.9,19.5,67.1,358,1327,0,1.1,77,1.7,1.7,19.3,15.4,15
2026-01-12T06:19:33Z,0,0,0,1.4,0.2,0,19.3,851.7,19.3,19.6,67.8,511,2954,0,0.9,45,2,2,19.5,15.7,15.1
2026-01-12T06:34:39Z,0,0,0,1.5,0.2,0,20.2,851.8,20.3,20.7,64.1,533,3187,0,0.9,67,2,2,20.6,16.2,16.1
2026-01-12T06:50:13Z,0,0,0,1.4,0.2,0,20.4,851.8,20.3,21,63,508,2927,0,0.4,79,1.1,1.1,20.9,16.3,16.4
2026-01-12T07:05:19Z,0,0,0,3.4,0.2,0,20.7,851.6,20.8,21.3,63.7,888,7206,0,0.1,126,0.4,0.4,21.2,16.6,16.6
2026-01-12T07:20:26Z,0,0,0,1,0.2,0,21.1,851.4,20.9,21.9,60.3,438,2017,0,1.2,79,2.6,2.6,21.8,16.7,17.1
2026-01-12T07:35:50Z,0,0,0,2.7,0.2,0,21.6,851.2,21.4,22.2,58.8,753,5497,0,0.8,74,2,2,22.1,16.8,17.4
2026-01-12T07:51:00Z,0,0,0,1,0.2,0,21.3,851.1,21.2,22,58.4,440,2130,0,0.9,79,2.2,2.2,21.9,16.6,17.2
2026-01-12T08:06:54Z,0,0,0,1.6,0.2,0,21.9,850.9,21.9,22.4,58.7,548,3273,0,0.4,85,1.1,1.1,22.3,16.9,17.5
2026-01-12T08:21:59Z,0,0,0,1.4,0.2,0,22.7,850.6,22.8,23.4,54.3,526,3099,0,1.2,90,3.3,3.3,23.3,17.2,18.4
2026-01-12T08:37:05Z,0,0,0,3.7,0.2,0,23.3,850.3,23.1,23.9,54.2,956,7741,0,0.8,72,2,2,23.8,17.6,18.8
2026-01-12T08:52:10Z,0,0,0,1.4,0.2,0,22.5,850.3,22.5,23.4,55.6,516,2870,0,0.8,79,2.4,2.4,23.3,17.4,18.4
2026-01-12T09:07:10Z,0,0,0,2,0.2,0,22.8,850,22.6,23.5,53.4,639,4205,0,1.7,79,4.1,4.1,23.4,17.2,18.5
2026-01-12T09:23:02Z,0,0,0,4.2,0.2,0,24.7,849.8,24.4,25.2,50.6,1048,8732,0,1.7,84,3.7,3.7,25.2,18.3,19.9
2026-01-12T09:38:56Z,0,0,0,4.5,0.2,0,23.6,849.5,23.4,24.4,51.4,1095,9320,0,1.8,81,3.3,3.3,24.3,17.7,19.2
2026-01-12T09:54:02Z,0,0,0,1.3,0.2,0,24.3,849.5,24.3,25.1,50.8,506,2870,0,0.2,135,0.7,0.7,25,18.2,19.8
2026-01-12T10:09:07Z,0,0,0,3.5,0.2,0,25.2,849.1,25.1,26,48.6,911,7198,0,0.7,59,1.8,1.8,25.9,18.6,20.5
2026-01-12T10:24:12Z,0,0,0,4,0.2,0,25,848.9,25,25.8,48.2,995,8088,0,1.2,61,2,2,25.8,18.4,20.4
2026-01-12T10:39:18Z,0,0,0,3.5,0.2,0,24.2,848.7,24.2,25.1,49.6,908,7114,0,1.6,66,3.1,3.1,25.1,18,19.8
2026-01-12T10:54:24Z,0,0,0,4,0.2,0,25.3,848.5,25.1,26.5,46.1,1003,8211,0,1.2,89,2.4,2.4,26.5,18.7,20.9
2026-01-12T11:09:29Z,0,0,0,2.4,0.2,0,25.9,848.4,25.8,27,44.7,703,4735,0,1.7,82,2.6,2.6,27.1,18.8,21.4
2026-01-12T11:24:34Z,0,0,0,3.6,0.2,0,26.6,848.1,26.6,27.8,44,925,7325,0,1.2,84,2.4,2.4,27.7,19.3,21.8
2026-01-12T11:40:15Z,0,0,0,1.2,0.2,0,25.7,848,25.7,26.6,45.9,473,2400,0,0.2,124,0.7,0.7,26.5,18.7,20.9
2026-01-12T11:55:20Z,0,0,0,1.5,0.2,0,25.4,848,25.5,26.5,45.5,535,3092,0,1.6,103,3.5,3.5,26.5,18.6,20.9
2026-01-12T12:10:25Z,0,0,0,3,0.2,0,25.3,847.9,25.6,26.3,46.3,820,6295,0,0.5,105,2.8,2.8,26.2,18.5,20.7
2026-01-12T12:26:11Z,0,0,0,2.5,0.2,0,24.9,847.8,25.2,26,46.3,732,5305,0,0.7,146,1.5,1.5,26,18.3,20.5
2026-01-12T12:42:05Z,0,0,0,2.6,0.2,0,25.9,847.9,26.1,27,45.8,736,5370,0,0.2,59,0.9,0.9,27.1,19,21.4
2026-01-12T12:57:10Z,0,0,0,0.9,0.2,0,25,847.9,25.2,26,46.7,432,2028,0,1.1,82,2.2,2.2,25.9,18.3,20.4
2026-01-12T13:12:10Z,0,0,0,1,0.2,0,25.4,847.9,25.4,26.4,45.7,452,2244,0,0.3,125,1.7,1.7,26.3,18.5,20.8
2026-01-12T13:27:15Z,0,0,0,0.8,0.2,0,24.3,847.9,24.3,25.1,47.9,396,1632,0,0.8,97,2.2,2.2,25,17.8,19.8
2026-01-12T13:42:20Z,0,0,0,0.6,0.2,0,23.7,848,23.8,24.3,50.9,378,1446,0,0.7,69,1.7,1.7,24.2,17.5,19.1
2026-01-12T13:57:23Z,0,0,0,0.5,0.2,0,23.5,848,23.7,24,51.3,357,1231,0,0.6,153,1.3,1.3,23.9,17.4,18.9
2026-01-12T14:12:27Z,0,0,0,0.4,0.2,0,23.1,848.2,23.2,23.6,52.6,332,984,0,0.2,128,0.4,0.4,23.5,17.2,18.6
2026-01-12T14:27:33Z,0,0,0,0.4,0.2,0,22.8,848.3,22.9,23.2,52.8,325,912,0,0.6,66,1.1,1.1,23.1,16.9,18.2
2026-01-12T14:42:39Z,0,0,0,0.4,0.2,0,22.4,848.2,22.6,22.9,54,324,912,0,1.2,87,3.9,3.9,22.8,16.8,17.9
2026-01-12T14:57:43Z,0,0,0,0.2,0.2,0,22.3,848.4,22.5,22.7,54,295,587,0,0.8,50,2.4,2.4,22.6,16.6,17.8
2026-01-12T15:12:48Z,0,0,0,0.1,0.2,0,22.1,848.6,22.2,22.5,55.3,276,420,0,0.7,85,1.3,1.3,22.4,16.6,17.6
2026-01-12T15:28:18Z,0,0,0,0.1,0.2,0,21.9,848.8,22.1,22.3,55.6,267,319,0,0.7,84,2.4,2.4,22.1,16.4,17.4
2026-01-12T15:43:23Z,0,0,0,0,0.2,0,21.8,849,21.9,22.1,56,261,262,0,0.6,67,2,2,22,16.4,17.3
2026-01-12T15:58:29Z,0,0,0,0,0.2,0,21.6,849.2,21.8,22,56.6,260,253,0,0.9,64,1.7,1.7,21.8,16.3,17.1
2026-01-12T16:13:35Z,0,0,0,0,0.2,0,21.5,849.3,21.6,21.8,56.9,261,254,0,1.4,82,4.6,4.6,21.7,16.2,17.1
2026-01-12T16:29:30Z,0,0,0,0,0.2,0,21.4,849.5,21.6,21.7,57.8,260,253,0,0.2,135,0.9,0.9,21.6,16.2,16.9
2026-01-12T16:44:36Z,0,0,0,0,0.2,0,21.3,849.9,21.4,21.6,58.2,260,254,0,0.2,118,0.7,0.7,21.5,16.2,16.8
2026-01-12T16:59:42Z,0,0,0,0,0.2,0,21.2,850.1,21.4,21.5,58.9,261,252,0,0.5,43,1.1,1.1,21.4,16.2,16.8
2026-01-12T17:15:57Z,0,0,0,0,0.2,0,21,850.2,21.1,21.3,59.9,259,254,0,0,109,0,0,21.2,16.2,16.6
2026-01-12T17:31:18Z,0,0,0,0,0.2,0,20.8,850.4,20.9,21.1,60.4,261,254,0,0.7,69,1.7,1.7,21,16.1,16.5
2026-01-12T17:46:24Z,0,0,0,0,0.2,0,20.5,850.6,20.6,20.8,61.7,260,254,0,0.7,82,2.2,2.2,20.7,16,16.2
2026-01-12T18:01:29Z,0,0,0,0,0.2,0,20.2,850.8,20.4,20.6,62.4,260,253,0,0.5,61,1.3,1.3,20.4,15.8,16
2026-01-12T18:16:34Z,0,0,0,0,0.2,0,19.9,850.9,20.1,20.3,63.8,261,253,0,0,58,0,0,20.2,15.8,15.7
2026-01-12T18:31:40Z,0,0,0,0,0.2,0,19.8,851,20.1,20.2,64.3,259,254,0,0,90,0,0,20.1,15.7,15.6
2026-01-12T18:46:45Z,0,0,0,0,0.2,0,19.8,851.2,19.9,20.1,65,261,252,0,0.1,85,0.4,0.4,20,15.8,15.6
2026-01-12T19:01:50Z,0,0,0,0,0.2,0,19.8,851.3,19.9,20.1,65.2,260,254,0,0.1,68,0.4,0.4,20,15.8,15.6
2026-01-12T19:17:15Z,0,0,0,0,0.2,0,19.6,851.4,19.7,19.9,66.4,261,253,0,0,68,0,0,19.8,15.7,15.4
2026-01-12T19:32:21Z,0,0,0,0,0.2,0,19.5,851.5,19.7,19.9,66.7,262,255,0,0.2,73,0.7,0.7,19.8,15.7,15.3
2026-01-12T19:47:26Z,0,0,0,0,0.2,0,19.8,851.6,20,20.1,65.4,261,253,0,0.1,40,0.4,0.4,20,15.8,15.6
2026-01-12T20:02:31Z,0,0,0,0,0.2,0,19.7,851.5,19.9,20.1,66.6,259,252,0,0.1,183,0.7,0.7,20,15.9,15.5
2026-01-12T20:17:37Z,0,0,0,0,0.2,0,19.4,851.4,19.6,19.8,67.5,261,253,0,0,182,0,0,19.7,15.8,15.3
2026-01-12T20:32:43Z,0,0,0,0,0.2,0,19.4,851.4,19.6,19.7,67.2,260,253,0,0.2,183,0.4,0.4,19.6,15.7,15.2
2026-01-12T20:47:48Z,0,0,0,0,0.2,0,19.3,851.3,19.4,19.7,67.4,261,251,0,0.1,49,0.4,0.4,19.6,15.7,15.2
2026-01-12T21:02:54Z,0,0,0,0,0.2,0,19.2,851.1,19.4,19.6,67.7,261,253,0,0.3,102,0.9,0.9,19.5,15.6,15.1
2026-01-12T21:18:20Z,0,0,0,0,0.2,0,19.2,851.1,19.4,19.6,67.9,261,253,0,0.4,78,1.3,1.3,19.5,15.6,15.1
2026-01-12T21:33:31Z,0,0,0,0,0.2,0,19.1,851.1,19.3,19.5,68.4,260,253,0,0.1,101,0.4,0.4,19.4,15.6,15
2026-01-12T21:48:36Z,0,0,0,0,0.2,0,19,850.9,19.2,19.4,68.6,261,254,0,0.1,136,0.7,0.7,19.3,15.6,14.9
2026-01-12T22:03:42Z,0,0,0,0,0.2,0,19,850.8,19.1,19.3,69.4,260,253,0,0,136,0,0,19.2,15.6,14.9
2026-01-12T22:19:41Z,0,0,0,0,0.2,0,18.9,850.7,19.1,19.3,68.8,260,253,0,1,81,2,2,19.2,15.5,14.8
2026-01-12T22:34:42Z,0,0,0,0,0.2,0,18.9,850.5,19.1,19.3,69.4,260,253,0,0.1,88,0.4,0.4,19.2,15.5,14.8
2026-01-12T22:49:48Z,0,0,0,0,0.2,0,18.9,850.3,19.1,19.3,69.6,261,254,0,0.3,108,0.7,0.7,19.2,15.5,14.8
2026-01-12T23:05:28Z,0,0,0,0,0.2,0,18.8,850.3,18.9,19.2,69.8,261,253,0,0,116,0.2,0.2,19.1,15.5,14.7
2026-01-12T23:20:36Z,0,0,0,0,0.2,0,18.7,850.2,18.9,19.1,70.3,259,253,0,0.3,116,0.7,0.7,19,15.5,14.7
2026-01-12T23:35:41Z,0,0,0,0,0.2,0,18.7,850.1,18.9,19.1,70.8,261,254,0,0,116,0,0,19,15.5,14.6
2026-01-12T23:50:47Z,0,0,0,0,0.2,0,18.6,850.1,18.7,18.9,71.7,260,253,0,0,116,0,0,18.8,15.4,14.4
2026-01-13T00:00:51Z,0,0,0,0,0.2,0,18.4,850.1,18.6,18.8,72.3,260,253,0,0,116,0,0,18.7,15.4,14.4
2026-01-13T00:15:57Z,0,0,0,0,0.2,0,18.3,850.1,18.4,18.6,73,261,254,0,0,116,0,0,18.5,15.4,14.2
2026-01-13T00:31:02Z,0,0,0,0,0.2,0,18.2,849.9,18.4,18.6,74,260,254,0,0,116,0,0,18.5,15.4,14.2
2026-01-13T00:46:28Z,0,0,0,0,0.2,0,18,850.1,18.2,18.4,74,260,253,0,0,116,0,0,18.3,15.3,14
2026-01-13T01:01:33Z,0,0,0,0,0.2,0,17.9,850.1,18.1,18.3,74.5,260,254,0,0,116,0,0,18.2,15.2,13.9
2026-01-13T01:16:39Z,0,0,0,0,0.2,0,17.8,850.1,17.9,18.1,74.8,259,253,0,0,116,0,0,18,15.1,13.7
2026-01-13T01:31:44Z,0,0,0,0,0.2,0,17.7,850.2,17.9,18.1,74.6,260,254,0,0,116,0,0,18,15,13.7
2026-01-13T01:46:50Z,0,0,0,0,0.2,0,17.6,850.1,17.8,18,74.8,261,252,0,0,116,0.2,0.2,17.9,15,13.7
2026-01-13T02:01:55Z,0,0,0,0,0.2,0,17.2,850.2,17.2,17.5,76,260,253,0,0,116,0,0,17.4,14.7,13.2
2026-01-13T02:17:00Z,0,0,0,0,0.2,0,16.5,850.3,16.6,16.9,78.1,260,253,0,0,116,0,0,16.8,14.3,12.6
2026-01-13T02:32:05Z,0,0,0,0,0.2,0,16,850.6,16.2,16.3,80.4,260,253,0,0,116,0,0,16.2,14,12
2026-01-13T02:47:31Z,0,0,0,0,0.2,0,15.8,850.6,16.2,16.2,81.6,259,253,0,0,116,0,0,16.1,14.1,11.9
2026-01-13T03:02:37Z,0,0,0,0,0.2,0,15.5,850.8,15.8,15.9,82.4,259,253,0,0,116,0,0,15.8,13.9,11.6
2026-01-13T03:17:42Z,0,0,0,0,0.2,0,15.3,850.9,15.6,15.7,83.9,261,254,0,0,116,0,0,15.6,13.8,11.4
2026-01-13T03:32:47Z,0,0,0,0,0.2,0,15.1,850.9,15.4,15.4,84.3,262,274,0,0,116,0,0,15.3,13.6,11.1
2026-01-13T03:47:53Z,0,0,0,0.1,0.2,0,15.1,851.1,15.4,15.4,85.3,272,367,0,0.2,92,0.9,0.9,15.3,13.7,11.1
2026-01-13T04:02:58Z,0,0,0,0.1,0.2,0,15.4,851.2,15.8,15.7,84,281,430,0,0.2,92,0.6,0.6,15.6,13.8,11.4
2026-01-13T04:18:03Z,0,0,0,0.2,0.2,0,15.8,851.4,16.1,16.1,83.1,302,677,0,0.1,52,0.2,0.2,16,14.1,11.8
2026-01-13T04:33:08Z,0,0,0,0.3,0.2,0,16.6,851.5,16.6,16.7,81.7,309,696,0,0.7,78,1.3,1.3,16.6,14.5,12.4
2026-01-13T04:48:13Z,0,0,0,0.4,0.2,0,17.2,851.6,17.2,17.3,80,336,1020,0,0.6,69,0.9,0.9,17.3,15,13
2026-01-13T05:03:37Z,0,0,0,0.5,0.2,0,18,851.8,17.8,18,77.6,347,1101,0,0.9,52,2.4,2.4,17.9,15.3,13.7
2026-01-13T05:18:43Z,0,0,0,1.1,0.2,0,19.5,851.9,19,19.1,74.5,459,2463,0,0.4,54,0.7,0.7,19.1,16,14.7
2026-01-13T05:33:48Z,0,0,0,1.3,0.2,0,20.3,851.9,19.8,20.2,69.3,502,2940,0,0.7,93,2.6,2.6,20.1,16.3,15.6
2026-01-13T05:48:53Z,0,0,0,1.6,0.2,0,22.2,851.9,21.6,21.8,64.3,550,3460,0,0.9,58,1.3,1.3,21.8,17.2,17.1
2026-01-13T06:03:58Z,0,0,0,1.9,0,0,21,852.1,20.4,21.4,63,606,4049,0,0.9,85,2.6,2.6,21.3,16.6,16.7
2026-01-13T06:19:03Z,0,0,0,2.4,0,0,21.2,852.1,20.8,21.6,63,704,5223,0,0.9,45,2.2,2.2,21.5,16.8,16.9
2026-01-13T06:34:22Z,0,0,0,1,0,0,22.3,852.2,22.1,22.8,59.1,447,2164,0,0.5,114,1.3,1.3,22.7,17.4,17.9
2026-01-13T06:50:07Z,0,0,0,1,0,0,20.4,852.1,20.4,21,64.9,446,2110,0,0.5,106,1.1,1.1,20.9,16.5,16.4
2026-01-13T07:05:13Z,0,0,0,2.8,0,0,21.7,852.1,21.5,22.2,60.4,780,5983,0,0.3,138,1.1,1.1,22.1,17.1,17.4
2026-01-13T07:20:18Z,0,0,0,0.8,0,0,20.3,852,20.2,20.8,64.2,398,1686,0,1,67,2.8,2.8,20.7,16.3,16.2
2026-01-13T07:36:10Z,0,0,0,0.9,0,0,20.6,852,20.6,21,62.7,420,2019,0,0.6,83,1.1,1.1,20.9,16.3,16.4
2026-01-13T07:52:07Z,0,0,0,1.5,0,0,21.8,851.7,21.6,22.4,56.6,537,3188,0,1.3,86,2.4,2.4,22.3,16.7,17.6
2026-01-13T08:07:20Z,0,0,0,4.1,0,0,22.9,851.4,22.8,23.4,54.1,1012,8411,0,1,82,2.8,2.8,23.3,17.3,18.4
2026-01-13T08:22:26Z,0,0,0,2.8,0,0,23.2,851.2,23.1,23.9,51.1,789,5874,0,1.7,58,3.3,3.3,23.8,17.2,18.8
2026-01-13T08:37:31Z,0,0,0,4.3,0,0,24.4,850.8,24.3,25,48.6,1060,8935,0,1.6,99,4.1,4.1,24.9,17.8,19.7
2026-01-13T08:53:12Z,0,0,0,1,0,0,23.4,850.6,23.2,24.1,50.8,453,2177,0,1.8,83,3.5,3.5,24,17.3,19
2026-01-13T09:08:17Z,0,0,0,4.6,0,0,24.5,850.4,24.4,25.1,46.7,1108,9467,0,1.4,65,2.6,2.6,25,17.6,19.8
2026-01-13T09:24:17Z,0,0,0,1.4,0,0,24.4,850.2,24.6,25.2,48.5,519,2909,0,0.2,113,0.7,0.7,25.1,17.9,19.8
2026-01-13T09:39:23Z,0,0,0,2.5,0,0,25.2,850.1,25.2,26,46.8,728,5074,0,0.8,96,2.6,2.6,25.9,18.3,20.5
2026-01-13T09:54:29Z,0,0,0,4.1,0,0,25.6,849.7,25.8,26.5,45.2,1013,8314,0,1.4,76,3.3,3.3,26.4,18.5,20.8
2026-01-13T10:09:33Z,0,0,0,4,0,0,25.3,849.5,25.2,26.2,45,1002,8220,0,1.5,90,3.1,3.1,26.1,18.2,20.6
2026-01-13T10:24:38Z,0,0,0,3.9,0,0,25.7,849.1,25.9,26.6,44.6,990,8083,0,1.3,107,3.1,3.1,26.5,18.4,20.9
2026-01-13T10:40:22Z,0,0,0,3.9,0,0,26.1,848.9,26,27,44.7,987,8060,0,2.1,73,3.5,3.5,27.1,18.8,21.4
2026-01-13T10:55:28Z,0,0,0,3.8,0,0,26.3,848.5,26.2,27.3,43.5,973,7909,0,1.3,61,3.7,3.7,27.3,18.9,21.5
2026-01-13T11:10:32Z,0,0,0,3.6,0,0,26.6,848.3,26.4,27.6,41.5,934,7488,0,1.6,90,2.8,2.8,27.5,18.8,21.6
2026-01-13T11:26:11Z,0,0,0,3.5,0,0,27.3,848.1,27.2,28.2,41.7,917,7302,0,0.7,10,1.7,1.7,28,19.3,22
2026-01-13T11:41:16Z,0,0,0,3.3,0,0,27.5,847.8,27.4,28.6,39.7,880,6916,0,1.9,66,3.3,3.3,28.2,19.2,22.1
2026-01-13T11:56:27Z,0,0,0,3.2,0,0,27.2,847.6,27.3,28.4,40.6,853,6631,0,0.9,169,2.8,2.8,28.1,19.3,22.1
2026-01-13T12:11:32Z,0,0,0,3,0,0,26.9,847.5,26.7,28.1,40.1,815,6222,0,1.6,98,3.2,3.2,27.8,18.9,21.8
2026-01-13T12:26:37Z,0,0,0,2.8,0,0,28.1,847.2,28,29.5,38.3,771,5726,0,0.1,143,0.4,0.4,28.9,19.7,22.7
2026-01-13T12:41:42Z,0,0,0,2.4,0,0,27.6,847.1,27.6,28.9,37.6,713,5137,0,1.2,109,4.4,4.4,28.3,19.1,22.2
2026-01-13T12:57:18Z,0,0,0,2.2,0,0,28.3,847.1,28.2,29.6,36.7,677,4734,0,1.8,67,4.8,4.8,28.9,19.4,22.6
2026-01-13T13:12:23Z,0,0,0,2,0,0,27.3,846.9,27.3,28.6,37.9,627,4216,0,1.3,72,3.1,3.1,28.1,18.9,22.1
2026-01-13T13:28:20Z,0,0,0,1.7,0,0,27.7,847,27.9,29.4,37.2,576,3674,0,1.4,115,4.6,4.6,28.8,19.4,22.6
2026-01-13T13:43:25Z,0,0,0,1.5,0,0,27,846.9,27.2,28.4,39.9,530,3184,0,0.9,113,4,4,28,19.1,22
2026-01-13T13:58:31Z,0,0,0,1.2,0,0,27.4,847.1,27.8,28.7,38.9,484,2683,0,0.4,114,1.5,1.5,28.2,19.2,22.2
2026-01-13T14:13:36Z,0,0,0,0.9,0,0,26.7,847.4,27,28.1,39.8,433,2142,0,0.7,106,2,2,27.7,18.9,21.8
2026-01-13T14:28:42Z,0,0,0,0.7,0,0,25.8,847.4,26.1,27,42.7,391,1689,0,0.7,94,1.5,1.5,27,18.5,21.3
2026-01-13T14:43:47Z,0,0,0,0.3,0,0,24.9,847.3,25,25.3,45.4,310,674,0,0.9,84,2.2,2.2,25.2,17.6,19.9
2026-01-13T14:58:52Z,0,0,0,0.2,0,0,24.3,847.5,24.5,24.7,46.9,301,614,0,0.7,103,1.8,1.8,24.6,17.2,19.4
2026-01-13T15:14:24Z,0,0,0,0.2,0,0,23.9,847.7,24,24.2,47.6,288,507,0,0.3,118,1.3,1.3,24.1,17,19.1
2026-01-13T15:29:30Z,0,0,0,0.1,0,0,23.4,848,23.6,23.8,48.3,274,367,0,1.6,79,3.1,3.1,23.6,16.7,18.7
2026-01-13T15:44:47Z,0,0,0,0,0,0,23,848,23.1,23.3,49.6,265,286,0,0.8,92,2.8,2.8,23.1,16.4,18.2
2026-01-13T15:59:53Z,0,0,0,0,0,0,22.5,848.2,22.6,22.9,50.8,260,255,0,0.2,77,0.9,0.9,22.7,16.3,17.9
2026-01-13T16:14:58Z,0,0,0,0,0,0,22.2,848.5,22.4,22.5,51.8,260,253,0,0.4,90,2.2,2.2,22.3,16.1,17.6
2026-01-13T16:30:21Z,0,0,0,0,0,0,21.9,848.6,22,22.2,53.1,259,253,0,0.8,59,1.7,1.7,22,16,17.3
2026-01-13T16:45:26Z,0,0,0,0,0,0,21.5,848.9,21.8,21.9,54.9,262,254,0,0.2,95,1.3,1.3,21.7,16,17.1
2026-01-13T17:00:31Z,0,0,0,0,0,0,21.2,849.1,21.4,21.5,56.2,259,254,0,0.1,86,0.4,0.4,21.3,15.8,16.7
2026-01-13T17:15:37Z,0,0,0,0,0,0,21,849.3,21.2,21.3,56.9,261,252,0,0.7,86,2,2,21.1,15.8,16.6
2026-01-13T17:30:42Z,0,0,0,0,0,0,21,849.5,21.2,21.3,57,259,253,0,0.9,81,2,2,21.2,15.8,16.6
2026-01-13T17:45:48Z,0,0,0,0,0,0,20.8,849.7,21,21.2,58,261,253,0,0.9,73,2,2,21,15.8,16.5
2026-01-13T18:00:53Z,0,0,0,0,0,0,20.5,849.9,20.7,20.8,58.7,261,253,0,0.8,80,2.4,2.4,20.7,15.6,16.2
2026-01-13T18:15:58Z,0,0,0,0,0,0,20.2,850,20.4,20.5,59.9,259,253,0,0.3,68,0.9,0.9,20.4,15.5,15.9
2026-01-13T18:31:24Z,0,0,0,0,0,0,19.9,850,20.1,20.2,60.8,260,253,0,0.8,80,1.7,1.7,20.1,15.3,15.6
2026-01-13T18:47:00Z,0,0,0,0,0,0,19.8,850.1,19.9,20.1,60.8,260,254,0,0.3,92,0.7,0.7,19.9,15.2,15.5
2026-01-13T19:02:25Z,0,0,0,0,0,0,19.5,850,19.6,19.9,61.4,260,254,0,0.2,99,0.4,0.4,19.7,15.1,15.3
2026-01-13T19:17:52Z,0,0,0,0,0,0,19,850.2,19.1,19.4,63.5,258,252,0,0,99,0,0,19.2,14.9,14.8
2026-01-13T19:32:57Z,0,0,0,0,0,0,18.4,850.3,18.6,18.7,66.9,260,254,0,0,99,0,0,18.5,14.7,14.2
2026-01-13T19:48:02Z,0,0,0,0,0,0,18,850.3,18,18.2,68.3,260,253,0,0,99,0,0,18.1,14.4,13.8
2026-01-13T20:03:07Z,0,0,0,0,0,0,17.5,850.2,17.7,17.9,70,259,254,0,0,99,0,0,17.7,14.3,13.4
2026-01-13T20:18:30Z,0,0,0,0,0,0,17.2,850.2,17.2,17.5,71.3,261,253,0,0,99,0,0,17.4,14.1,13.1
2026-01-13T20:33:35Z,0,0,0,0,0,0,16.8,850,16.9,17.2,72.3,260,253,0,0,99,0,0,17,13.9,12.8
2026-01-13T20:48:40Z,0,0,0,0,0,0,16.5,850.2,16.7,16.9,73.3,259,253,0,0,99,0,0,16.7,13.8,12.5
2026-01-13T21:03:46Z,0,0,0,0,0,0,16.3,850,16.4,16.6,74.3,260,253,0,0,99,0.2,0.2,16.5,13.7,12.3
2026-01-13T21:18:51Z,0,0,0,0,0,0,16,850,16.3,16.4,75,261,254,0,0,99,0,0,16.2,13.5,12
2026-01-13T21:34:49Z,0,0,0,0,0,0,15.7,849.9,16.1,16.1,76.2,261,254,0,0,99,0,0,15.9,13.4,11.7
2026-01-13T21:49:55Z,0,0,0,0,0,0,15.7,849.8,16,16.1,76.3,260,253,0,0,99,0,0,15.9,13.3,11.7
2026-01-13T22:05:00Z,0,0,0,0,0,0,15.5,849.7,15.9,16,76.6,261,254,0,0,99,0,0,15.8,13.3,11.6
2026-01-13T22:20:05Z,0,0,0,0,0,0,15.3,849.6,15.7,15.7,77.8,259,254,0,0,99,0,0,15.6,13.2,11.4
2026-01-13T22:35:11Z,0,0,0,0,0,0,15.2,849.4,15.6,15.7,78.9,261,253,0,0,99,0,0,15.6,13.3,11.4
2026-01-13T22:50:34Z,0,0,0,0,0,0,15,849.2,15.3,15.4,80,261,254,0,0,99,0,0,15.3,13.1,11.1
2026-01-13T23:05:40Z,0,0,0,0,0,0,14.8,849.1,15.1,15.2,81.2,260,254,0,0,99,0,0,15.1,13.1,10.9
2026-01-13T23:20:45Z,0,0,0,0,0,0,14.7,848.9,15.1,15.2,81.3,261,254,0,0,99,0,0,15,13,10.8
2026-01-13T23:35:51Z,0,0,0,0,0,0,14.7,848.8,15.1,15.2,81,259,254,0,0,99,0,0,15.1,13.1,10.9
2026-01-13T23:50:56Z,0,0,0,0,0,0,14.4,848.6,14.6,14.8,81.8,260,253,0,0,99,0,0,14.6,12.7,10.4
2026-01-14T00:01:00Z,0,0,0,0,0,0,14.1,848.6,14.2,14.4,83.3,260,254,0,0,99,0,0,14.3,12.5,10.1
2026-01-14T00:16:05Z,0,0,0,0,0,0,13.8,848.7,14.1,14.2,84.2,260,253,0,0,99,0,0,14.1,12.4,9.8
2026-01-14T00:31:11Z,0,0,0,0,0,0,13.6,848.7,13.9,14.1,84.7,259,253,0,0,99,0.2,0.2,13.9,12.4,9.7
2026-01-14T00:46:37Z,0,0,0,0,0,0,13.4,848.7,13.6,13.8,85.3,260,253,0,0,99,0,0,13.6,12.1,9.4
2026-01-14T01:01:43Z,0,0,0,0,0,0,13.1,848.9,13.4,13.6,85.5,261,255,0,0,99,0,0,13.4,11.9,9.1
2026-01-14T01:16:48Z,0,0,0,0,0,0,12.9,848.9,13.1,13.3,86,260,254,0,0,99,0,0,13.1,11.8,8.9
2026-01-14T01:31:54Z,0,0,0,0,0,0,12.5,849,12.8,13,86.3,261,254,0,0,99,0,0,12.8,11.5,8.5
2026-01-14T01:46:59Z,0,0,0,0,0,0,12.2,849.1,12.5,12.7,87.2,261,254,0,0,99,0,0,12.5,11.2,8.2
2026-01-14T02:02:57Z,0,0,0,0,0,0,12.2,849.3,12.5,12.7,87.8,261,254,0,0,99,0,0,12.5,11.3,8.2
2026-01-14T02:18:53Z,0,0,0,0,0,0,12.1,849.5,12.4,12.6,87.5,261,254,0,0,99,0.2,0.2,12.4,11.2,8.1
2026-01-14T02:33:59Z,0,0,0,0,0,0,11.8,849.6,12.1,12.4,87.4,260,254,0,0,99,0,0,12.1,11,7.8
2026-01-14T02:49:04Z,0,0,0,0,0,0,11.7,849.7,12.1,12.1,87.7,261,253,0,0,99,0,0,11.9,10.8,7.6
2026-01-14T03:04:09Z,0,0,0,0,0,0,11.6,849.9,11.9,12.1,88.2,259,254,0,0,99,0,0,11.9,10.8,7.6
2026-01-14T03:19:43Z,0,0,0,0,0,0,11.7,849.9,12,12.2,87.7,261,255,0,0,99,0,0,12,10.9,7.7
2026-01-14T03:34:49Z,0,0,0,0,0,0,11.3,850,11.6,11.9,87.2,263,282,0,0.3,99,0.4,0.4,11.7,10.5,7.3
2026-01-14T03:50:13Z,0,0,0,0.1,0,0,11.6,850.3,12,12.1,87.9,273,371,0,0,99,0,0,11.9,10.8,7.6
2026-01-14T04:05:19Z,0,0,0,0.2,0,0,11.7,850.4,12.1,12.2,87.5,284,458,0,0.1,99,0.4,0.4,12,10.8,7.7
2026-01-14T04:20:44Z,0,0,0,0.2,0,0,12.2,850.7,12.6,12.7,85.8,304,673,0,0.1,99,0.2,0.2,12.5,11.2,8.2
2026-01-14T04:35:49Z,0,0,0,0.2,0,0,13.3,850.9,13.4,13.5,83.2,301,598,0,0.2,99,0.4,0.4,13.3,11.6,9
2026-01-14T04:50:54Z,0,0,0,0.4,0,0,14.2,851.2,14.4,14.5,81.1,325,900,0,0.1,99,0.4,0.4,14.3,12.3,10.1
2026-01-14T05:06:00Z,0,0,0,0.3,0,0,16.2,851.2,16.1,15.9,76.2,321,788,0,0.4,99,0.7,0.7,15.7,13.1,11.5
2026-01-14T05:21:05Z,0,0,0,1.1,0,0,19,851.3,18.1,17.9,70.7,469,2633,0,0.2,99,0.7,0.7,17.7,14.4,13.4
2026-01-14T05:37:01Z,0,0,0,1.4,0,0,19.9,851.1,19,19.4,61.9,520,3189,0,0.6,99,0.9,0.9,19.2,14.7,14.8
2026-01-14T05:52:26Z,0,0,0,1.7,0,0,22.1,851.1,21,20.8,57,575,3751,0,0.6,32,1.1,1.1,20.6,15.3,16.1
2026-01-14T06:07:31Z,0,0,0,2,0,0,22.5,851.3,21.8,22.3,50.9,620,4230,0,0.4,46,0.7,0.7,22.1,15.8,17.4
2026-01-14T06:22:51Z,0,0,0,2.2,0,0,21.4,851.2,21,21.8,51.3,660,4700,0,1.1,93,3.1,3.1,21.6,15.4,17
2026-01-14T06:38:37Z,0,0,0,2.4,0,0,22.2,851.1,21.9,22.4,48.9,713,5261,0,1.3,78,3.5,3.5,22.2,15.6,17.5
2026-01-14T06:54:34Z,0,0,0,2.7,0,0,21.5,851.1,21.2,22,49.9,758,5731,0,1.6,83,4.3,4.3,21.8,15.4,17.1
2026-01-14T07:09:36Z,0,0,0,2.9,0,0,22.3,851.1,22,22.8,49.9,804,6226,0,0.5,95,0.9,0.9,22.6,16.1,17.8
2026-01-14T07:24:41Z,0,0,0,3.2,0,0,23.8,851,23.9,24.1,45.9,855,6737,0,0.3,108,0.9,0.9,24,16.6,18.9
2026-01-14T07:39:46Z,0,0,0,3.4,0,0,23.4,850.9,23.3,24,47.8,886,7096,0,0.3,100,1.3,1.3,23.8,16.8,18.8
2026-01-14T07:55:37Z,0,0,0,3.4,0,0,23.7,850.5,23.5,24.3,43.8,894,7195,0,0.9,75,1.5,1.5,24.1,16.4,19
2026-01-14T08:10:42Z,0,0,0,3.7,0,0,23.7,850.5,23.4,23.9,44.2,946,7704,0,0.5,26,2.2,2.2,23.7,16.2,18.8
2026-01-14T08:25:48Z,0,0,0,3.7,0,0,24.1,850.3,23.7,24.6,42,954,7809,0,1.1,95,2.8,2.8,24.5,16.4,19.3
2026-01-14T08:40:53Z,0,0,0,3.9,0,0,25.1,849.9,24.9,25.7,38.1,993,8236,0,1.3,97,4.8,4.8,25.5,16.6,20.2
2026-01-14T08:55:59Z,0,0,0,4,0,0,25.2,849.8,24.8,25.6,40,997,8262,0,1.6,64,2.8,2.8,25.4,16.8,20.1
2026-01-14T09:11:04Z,0,0,0,4,0,0,26,849.5,25.4,26.2,38.7,995,8225,0,1.3,72,4.1,4.1,26,17.1,20.6
2026-01-14T09:26:50Z,0,0,0,4.1,0,0,24.6,849.3,24.3,25.5,39.7,1014,8432,0,1.5,67,4.1,4.1,25.4,16.8,20
2026-01-14T09:41:55Z,0,0,0,4.1,0,0,24.8,849.2,24.8,25.7,39.9,1018,8475,0,2,73,4.1,4.1,25.5,16.9,20.2
2026-01-14T09:57:00Z,0,0,0,4.1,0,0,25.8,848.7,25.5,26.5,40,1022,8517,0,0.4,97,1.7,1.7,26.3,17.6,20.8
2026-01-14T10:12:05Z,0,0,0,4.1,0,0,25.7,848.5,25.6,26.7,37.8,1017,8436,0,2.1,76,3.9,3.9,26.5,17.4,20.9
2026-01-14T10:27:10Z,0,0,0,4,0,0,25.8,848.2,26.1,26.8,38.8,996,8219,0,0.7,203,2,2,26.7,17.6,21
2026-01-14T10:42:16Z,0,0,0,3.8,0,0,26.4,848,26.4,27.6,36.7,975,7977,0,0.8,96,1.7,1.7,27.2,17.9,21.4
2026-01-14T10:57:38Z,0,0,0,3.7,0,0,26.8,847.7,26.4,27.7,34.7,941,7627,0,1.1,37,3.1,3.1,27.1,17.6,21.4
2026-01-14T11:12:44Z,0,0,0,3.6,0,0,26.9,847.5,26.8,27.9,35.3,933,7534,0,1,50,2.8,2.8,27.3,17.8,21.5
2026-01-14T11:27:45Z,0,0,0,3.4,0,0,27.6,847.2,27.6,28.7,33.9,898,7151,0,1.1,40,2.4,2.4,27.9,18.2,21.9
2026-01-14T11:42:50Z,0,0,0,3.3,0,0,26.8,847,26.7,28.2,36,868,6828,0,0.6,94,2.4,2.4,27.5,18.2,21.7
2026-01-14T11:57:55Z,0,0,0,3.1,0,0,27.3,846.9,27.1,28.4,33.4,830,6430,0,1.7,67,3.3,3.3,27.6,17.9,21.7
2026-01-14T12:13:55Z,0,0,0,2.9,0,0,27.8,846.7,27.6,29.1,32.4,797,6058,0,1.1,61,2,2,28.1,18.2,22.1
2026-01-14T12:29:45Z,0,0,0,2.7,0,0,27.5,846.5,27.7,28.8,33.6,755,5609,0,0.9,91,2.8,2.8,27.9,18.2,22
2026-01-14T12:44:50Z,0,0,0,2.5,0,0,28,846.4,28.2,29.4,31.5,717,5224,0,0.7,75,2.2,2.2,28.3,18.2,22.2
2026-01-14T12:59:55Z,0,0,0,2.2,0,0,27.9,846.4,27.9,29.5,31.2,661,4599,0,1.9,93,3.3,3.3,28.4,18.2,22.3
2026-01-14T13:15:00Z,0,0,0,2,0,0,27.7,846.3,27.8,29.4,29,628,4290,0,1.3,92,3.3,3.3,28.1,17.6,22.1
2026-01-14T13:30:06Z,0,0,0,1.7,0,0,28,846.5,28.2,29.6,30.4,574,3685,0,1.2,90,2.4,2.4,28.4,18.1,22.3
2026-01-14T13:45:47Z,0,0,0,1.5,0,0,28,846.4,28.2,29.5,29.7,527,3201,0,0.7,100,1.3,1.3,28.3,17.9,22.2
2026-01-14T14:00:47Z,0,0,0,1.2,0,0,27.8,846.5,28.1,29.4,27.8,479,2684,0,0.2,99,1.2,1.2,28.1,17.5,22.1
2026-01-14T14:15:52Z,0,0,0,1,0,0,26.9,846.7,27.2,28.4,29.5,437,2216,0,0.5,81,2.8,2.8,27.4,17,21.5
2026-01-14T14:30:57Z,0,0,0,0.7,0,0,26.3,846.7,26.4,27.5,31.1,389,1692,0,0.1,94,0.4,0.4,26.8,16.7,21.2
2026-01-14T14:46:52Z,0,0,0,0.2,0,0,25.6,846.8,25.7,26,35,296,541,0,0.9,90,2.2,2.2,25.8,16.3,20.4
2026-01-14T15:01:57Z,0,0,0,0.2,0,0,24.9,847.1,25,25.2,36.9,291,485,0,0.2,132,0.7,0.7,25,16,19.8
2026-01-14T15:17:02Z,0,0,0,0.1,0,0,24.2,847.1,24.4,24.6,37,283,420,0,0.3,94,0.9,0.9,24.3,15.5,19.2
2026-01-14T15:33:49Z,0,0,0,0.1,0,0,23.7,847.4,23.9,24,37.8,270,345,0,0.3,95,1.1,1.1,23.8,15.3,18.8
2026-01-14T15:48:54Z,0,0,0,0,0,0,23.2,847.6,23.3,23.5,38.2,261,278,0,0.8,96,2.6,2.6,23.2,14.9,18.3
2026-01-14T16:04:00Z,0,0,0,0,0,0,22.7,847.7,22.8,23,37.8,260,254,0,0.6,96,1.7,1.7,22.7,14.4,17.9
2026-01-14T16:19:05Z,0,0,0,0,0,0,22.2,847.9,22.3,22.5,38.2,260,253,0,0.6,96,1.3,1.3,22.1,14.1,17.4
2026-01-14T16:34:10Z,0,0,0,0,0,0,21.8,847.9,22.1,22.1,39.1,259,253,0,0.2,96,0.7,0.7,21.8,13.9,17.1
2026-01-14T16:49:40Z,0,0,0,0,0,0,21.1,848.1,21.3,21.5,39.8,259,254,0,0.3,96,0.9,0.9,21.1,13.5,16.5
2026-01-14T17:05:04Z,0,0,0,0,0,0,20.8,848.4,21.1,21.1,40.5,260,255,0,0.4,96,0.9,0.9,20.8,13.3,16.2
2026-01-14T17:20:09Z,0,0,0,0,0,0,20.7,848.6,20.9,21,41.6,261,253,0,0.6,93,1.3,1.3,20.6,13.4,16.1
2026-01-14T17:35:15Z,0,0,0,0,0,0,20.5,848.8,20.6,20.8,44,260,252,0,0.1,87,0.2,0.2,20.4,13.5,15.9
2026-01-14T17:50:20Z,0,0,0,0,0,0,20.2,849,20.4,20.5,46,262,254,0,0.5,94,1.3,1.3,20.1,13.6,15.7
2026-01-14T18:05:25Z,0,0,0,0,0,0,19.9,849.2,20,20.2,47.6,262,254,0,0.4,82,1.3,1.3,19.9,13.6,15.4
2026-01-14T18:20:54Z,0,0,0,0,0,0,19.5,849.3,19.7,19.8,49.8,261,253,0,0.3,70,1.1,1.1,19.5,13.5,15.1
2026-01-14T18:36:00Z,0,0,0,0,0,0,19.1,849.4,19.2,19.5,51,258,253,0,0.1,96,0.4,0.4,19.1,13.4,14.8
2026-01-14T18:51:06Z,0,0,0,0,0,0,18.7,849.3,18.9,19.1,52.4,260,253,0,0,96,0.2,0.2,18.8,13.2,14.4
2026-01-14T19:06:11Z,0,0,0,0,0,0,18.3,849.4,18.4,18.6,53.7,260,253,0,0,96,0.2,0.2,18.3,13,14
2026-01-14T19:21:17Z,0,0,0,0,0,0,17.7,849.5,17.8,18,55.8,259,253,0,0,96,0,0,17.6,12.7,13.4
2026-01-14T19:36:22Z,0,0,0,0,0,0,17.2,849.6,17.4,17.6,57.8,261,254,0,0.3,96,0.4,0.4,17.3,12.6,13
2026-01-14T19:51:28Z,0,0,0,0,0,0,16.8,849.8,17,17.2,59.2,260,253,0,0,96,0.2,0.2,16.9,12.4,12.6
2026-01-14T20:06:33Z,0,0,0,0,0,0,16.4,849.9,16.6,16.8,61.3,261,254,0,0,96,0,0,16.5,12.3,12.2
2026-01-14T20:21:56Z,0,0,0,0,0,0,15.9,849.9,16.2,16.2,63.3,259,253,0,0,96,0,0,15.9,12,11.7
2026-01-14T20:37:02Z,0,0,0,0,0,0,15.6,849.9,15.9,16,64.6,261,253,0,0,96,0,0,15.7,12,11.5
2026-01-14T20:52:07Z,0,0,0,0,0,0,15.3,849.8,15.6,15.8,65.7,259,254,0,0,96,0,0,15.4,11.8,11.2
2026-01-14T21:07:13Z,0,0,0,0,0,0,15.1,849.7,15.6,15.6,66.5,260,255,0,0,96,0,0,15.3,11.8,11.1
2026-01-14T21:22:18Z,0,0,0,0,0,0,15,849.6,15.4,15.5,67.8,260,254,0,0,96,0,0,15.2,11.8,11
2026-01-14T21:37:24Z,0,0,0,0,0,0,14.9,849.4,15.2,15.3,68.4,261,253,0,0,96,0,0,15,11.8,10.8
2026-01-14T21:53:03Z,0,0,0,0,0,0,14.7,849.4,15.1,15.1,69.5,260,253,0,0,96,0,0,14.8,11.7,10.6
2026-01-14T22:08:09Z,0,0,0,0,0,0,14.5,849.2,14.9,15,70.3,260,254,0,0,96,0,0,14.7,11.6,10.5
2026-01-14T22:23:14Z,0,0,0,0,0,0,14.3,849,14.7,14.8,70.8,260,253,0,0,96,0,0,14.5,11.5,10.3
2026-01-14T22:38:19Z,0,0,0,0,0,0,14.3,848.8,14.6,14.7,70.8,260,253,0,0,96,0,0,14.4,11.4,10.2
2026-01-14T22:53:24Z,0,0,0,0,0,0,14,848.7,14.4,14.5,71.9,259,253,0,0,96,0.2,0.2,14.2,11.4,10
2026-01-14T23:08:30Z,0,0,0,0,0,0,13.9,848.5,14.3,14.4,72.6,260,253,0,0,96,0,0,14.1,11.4,9.9
2026-01-14T23:23:35Z,0,0,0,0,0,0,13.7,848.3,13.9,14.1,73.9,261,254,0,0.1,96,0.2,0.2,13.8,11.2,9.6
2026-01-14T23:38:41Z,0,0,0,0,0,0,13.6,848.4,14.1,14.2,74.6,260,252,0,0.1,96,0.2,0.2,13.9,11.3,9.7
2026-01-14T23:54:03Z,0,0,0,0,0,0,13.9,848.3,14.3,14.5,73.4,260,255,0,0.1,96,0.4,0.4,14.2,11.5,10
