ts,rg1,rg2,rg1tt,rg2tt,rg1tp,rg2tp,temp_bmx,press_bmx,temp_mcp,temp_sht,humidity_sht,si1145_vis,si1145_ir,si1145_uv,wind_spd,wind_dir,wind_gust,wind_gust_dir,heat_idx,wet_bulb_temp,wet_bulb_globe_temp
2026-07-14T00:00:02Z,0,0,0,0,0,0,12.9,850.8,13.2,13.4,80.6,260,254,0,0,329,0,0,13.1,11.2,8.9
2026-07-14T00:15:10Z,0,0,0,0,0,0,12.5,850.8,12.8,13,81.2,261,253,0,0,18,0.2,0.2,12.7,10.9,8.5
2026-07-14T00:30:18Z,0,0,0,0,0,0,12.3,850.8,12.6,12.8,81.6,261,253,0,0,22,0,0,12.5,10.8,8.3
2026-07-14T00:45:26Z,0,0,0,0,0,0,12.2,850.8,12.6,12.8,81.5,259,254,0,0,20,0,0,12.5,10.7,8.2
2026-07-14T01:00:49Z,0,0,0,0,0,0,12.1,850.9,12.4,12.5,82.6,260,253,0,0,20,0,0,12.3,10.6,8
2026-07-14T01:15:57Z,0,0,0,0,0,0,11.7,850.7,12,12.2,83.9,260,252,0,0,20,0,0,12,10.5,7.6
2026-07-14T01:31:05Z,0,0,0,0,0,0,11.4,850.9,11.7,11.9,84.7,259,252,0,0,20,0,0,11.6,10.3,7.3
2026-07-14T01:46:13Z,0,0,0,0,0,0,11.2,851,11.6,11.6,85.6,259,252,0,0,20,0,0,11.4,10.1,7
2026-07-14T02:01:21Z,0,0,0,0,0,0,11.1,851.1,11.4,11.7,85.8,260,254,0,0,20,0,0,11.4,10.1,7.1
2026-07-14T02:16:29Z,0,0,0,0,0,0,10.9,851.1,11.2,11.4,86.2,260,254,0,0,20,0,0,11.2,9.9,6.8
2026-07-14T02:31:53Z,0,0,0,0,0,0,10.9,851.1,11.2,11.4,86.8,260,254,0,0,20,0,0,11.2,10,6.8
2026-07-14T02:47:01Z,0,0,0,0,0,0,10.8,851.2,11.1,11.3,87.6,260,252,0,0,20,0,0,11,9.9,6.6
2026-07-14T03:02:10Z,0,0,0,0,0,0,10.6,851.4,10.9,11.1,88.5,260,253,0,0,20,0,0,10.8,9.8,6.4
2026-07-14T03:17:18Z,0,0,0,0,0,0,10.5,851.5,10.8,11,89,261,254,0,0,20,0,0,10.7,9.8,6.3
2026-07-14T03:32:27Z,0,0,0,0,0,0,10.3,851.6,10.6,10.8,89.7,261,276,0,0,20,0,0,10.6,9.7,6.1
2026-07-14T03:47:35Z,0,0,0,0.1,0,0,10.3,851.7,10.6,10.7,90.4,269,342,0,0,20,0,0,10.5,9.7,6
2026-07-14T04:02:57Z,0,0,0,0.1,0,0,10.4,851.8,10.8,10.8,90.9,278,443,0,0,20,0,0,10.6,9.8,6.2
2026-07-14T04:18:06Z,0,0,0,0.2,0,0,11.2,852.2,11.6,11.3,90.9,297,653,0,0,20,0,0,11.1,10.3,6.7
2026-07-14T04:33:14Z,0,0,0,0.2,0,0,12,852.2,12.4,12.2,88.6,304,714,0,0,20,0,0,12,10.9,7.7
2026-07-14T04:48:22Z,0,0,0,0.5,0,0,13.6,852.4,14,13.2,85,350,1336,0,0,20,0,0,13,11.6,8.8
2026-07-14T05:03:30Z,0,0,0,0.7,0,0,15.8,852.6,16.1,14.8,78,384,1715,0,0,65,0.2,0.2,14.6,12.3,10.4
2026-07-14T05:18:39Z,0,0,0,0.9,0,0,16.7,852.7,16.8,16.5,70.5,423,2153,0,0.5,109,1.3,1.3,16.3,13.1,12
2026-07-14T05:34:00Z,0,0,0,1.1,0,0,17.2,852.8,17.2,17.1,68,458,2552,0,0.3,131,0.9,0.9,16.8,13.3,12.6
2026-07-14T05:49:08Z,0,0,0,1.3,0,0,18.4,852.9,18.7,18.3,63.8,499,2974,0,0.4,92,1.1,1.1,18.1,14,13.8
2026-07-14T06:04:16Z,0,0,0,1.5,0,0,19.2,853.1,19.2,19.3,59.7,539,3420,0,0.9,74,1.5,1.5,19,14.3,14.7
2026-07-14T06:19:23Z,0,0,0,1.7,0,0,19,853.2,19.2,19.4,60.3,579,3857,0,0,109,0.2,0.2,19.1,14.5,14.8
2026-07-14T06:34:31Z,0,0,0,1.9,0,0,20.5,853.2,20.9,20.5,57.4,605,4159,0,0.3,117,1.1,1.1,20.3,15.1,15.8
2026-07-14T06:49:39Z,0,0,0,2.1,0,0,21,853.3,21.2,21.2,55.5,649,4620,0,0.3,94,1.3,1.3,21,15.5,16.5
2026-07-14T07:05:05Z,0,0,0,2.3,0,0,20.3,853.3,20.6,20.7,55.9,686,5015,0,0.3,87,1.3,1.3,20.5,15.1,16
2026-07-14T07:20:12Z,0,0,0,2.5,0,0,20,853.3,20.2,20.8,55.7,714,5335,0,0.7,59,1.3,1.3,20.5,15.1,16
2026-07-14T07:35:19Z,0,0,0,2.5,0,0,21.5,853,21.4,21.2,56.1,731,5539,0,0,104,0.4,0.4,21.1,15.6,16.5
2026-07-14T07:50:27Z,0,0,0,2.7,0,0,21.5,853,22,21.8,54,764,5859,0,0.3,105,1.1,1.1,21.6,15.8,17
2026-07-14T08:05:35Z,0,0,0,2.8,0,0,21.7,852.7,22.7,21.8,55.2,786,6131,0,0,258,0,0,21.7,16,17
2026-07-14T08:20:43Z,0,0,0,3,0,0,23.3,852.3,23.6,23.5,50.3,812,6364,0,0.3,15,1.1,1.1,23.3,16.7,18.4
2026-07-14T08:35:46Z,0,0,0,2.3,0,0,23.5,852.2,23.6,23.6,49.5,691,5215,0,0.5,77,1.5,1.5,23.4,16.7,18.5
2026-07-14T08:51:11Z,0,0,0,3.1,0,0,21.8,852.1,22.8,22.6,51.1,836,6659,0,1,163,1.7,1.7,22.4,16.1,17.7
2026-07-14T09:06:19Z,0,0,0,3.2,0,0,23.1,851.9,23.6,23.6,50.2,852,6803,0,0.6,59,2,2,23.4,16.8,18.5
2026-07-14T09:21:27Z,0,0,0,3.2,0,0,23.3,851.7,24.1,24,47.7,859,6863,0,0.8,197,1.3,1.3,23.9,16.8,18.8
2026-07-14T09:37:19Z,0,0,0,3.2,0,0,23.1,851.5,23.7,23.7,49.2,857,6835,0,1,154,2.4,2.4,23.5,16.7,18.6
2026-07-14T09:52:21Z,0,0,0,3.2,0,0,24.4,851.3,24.6,24.8,46.3,855,6804,0,0.9,34,2,2,24.7,17.3,19.5
2026-07-14T10:07:29Z,0,0,0,3.2,0,0,24.6,851.1,24.9,25.4,48.6,848,6724,0,0.1,104,1.1,1.1,25.3,18.1,20
2026-07-14T10:22:37Z,0,0,0,3.1,0,0,24.8,850.9,25.4,25.6,45.1,832,6559,0,0.7,104,1.7,1.7,25.5,17.7,20.2
2026-07-14T10:37:45Z,0,0,0,3,0,0,25.1,850.7,25.6,26.1,44.7,821,6444,0,0.3,110,1.1,1.1,26,18.1,20.6
2026-07-14T10:52:53Z,0,0,0,3,0,0,25.3,850.5,25.5,26.1,45.8,807,6267,0,0.4,51,1.7,1.7,26.1,18.3,20.6
2026-07-14T11:08:16Z,0,0,0,2.8,0,0,25.7,850.5,25.8,26.6,43.5,774,5950,0,1.4,83,3.5,3.5,26.5,18.3,21
2026-07-14T11:23:22Z,0,0,0,2.7,0,0,26,850.3,26.1,26.8,43.5,755,5716,0,1.4,91,2.8,2.8,26.9,18.5,21.2
2026-07-14T11:38:23Z,0,0,0,2.5,0,0,25.4,850.2,25.6,26.2,45.2,726,5400,0,0.6,175,3.5,3.5,26.1,18.3,20.6
2026-07-14T11:54:22Z,0,0,0,2.3,0,0,25.6,849.9,25.6,26.3,44.1,694,5044,0,0.6,71,1.1,1.1,26.2,18.2,20.7
2026-07-14T12:09:30Z,0,0,0,2.2,0,0,26.1,849.8,26.4,26.9,43.2,668,4727,0,0.1,140,0.7,0.7,26.9,18.5,21.2
2026-07-14T12:24:38Z,0,0,0,2,0,0,25.8,849.6,25.9,26.6,43.6,633,4355,0,0.9,74,1.7,1.7,26.5,18.3,21
2026-07-14T12:39:45Z,0,0,0,1.8,0,0,26,849.5,26.5,27,42.9,597,3959,0,0.3,120,1.3,1.3,27,18.5,21.3
2026-07-14T12:54:53Z,0,0,0,1.6,0,0,25.7,849.4,26,26.8,43.4,557,3549,0,0.9,82,2.5,2.5,26.9,18.5,21.2
2026-07-14T13:10:28Z,0,0,0,1.4,0,0,25.3,849.2,25.8,26.4,43.8,521,3148,0,0.6,66,2,2,26.3,18.2,20.8
2026-07-14T13:25:35Z,0,0,0,1.2,0,0,25.4,849.4,25.8,26.5,42.6,483,2754,0,1,69,2.4,2.4,26.5,18.1,20.9
2026-07-14T13:40:42Z,0,0,0,1,0,0,25.6,849.3,26.2,26.8,43,448,2351,0,0.1,160,0.7,0.7,26.9,18.4,21.2
2026-07-14T13:56:30Z,0,0,0,0.8,0,0,25.1,849.3,25.6,26.4,43.3,412,1954,0,0.6,153,1.5,1.5,26.3,18.1,20.8
2026-07-14T14:11:37Z,0,0,0,0.6,0,0,24.8,849.3,25.4,26,43.5,376,1560,0,0.3,78,1.5,1.5,25.9,17.8,20.5
2026-07-14T14:28:23Z,0,0,0,0.4,0,0,24.2,849.4,24.7,25.3,45.3,340,1162,0,0.3,140,1.5,1.5,25.2,17.5,19.9
2026-07-14T14:43:28Z,0,0,0,0.2,0,0,23.6,849.6,23.9,24.2,48.3,299,596,0,0.8,113,1.3,1.3,24,17,19
2026-07-14T14:58:35Z,0,0,0,0.2,0,0,23,849.8,23.2,23.4,50.5,289,507,0,0,120,0.2,0.2,23.3,16.7,18.4
2026-07-14T15:13:43Z,0,0,0,0.1,0,0,22.5,850,22.7,22.9,52,278,404,0,0.2,125,1,1,22.8,16.5,18
2026-07-14T15:28:51Z,0,0,0,0.1,0,0,22,849.9,22.2,22.4,53.6,269,312,0,0.3,128,1.1,1.1,22.2,16.3,17.5
2026-07-14T15:43:59Z,0,0,0,0,0,0,21.5,850,21.7,21.9,55.9,263,265,0,0,205,0.2,0.2,21.7,16.1,17.1
2026-07-14T15:59:23Z,0,0,0,0,0,0,21.1,850.1,21.2,21.4,57.4,259,254,0,0.7,118,2,2,21.3,15.9,16.7
2026-07-14T16:14:30Z,0,0,0,0,0,0,20.8,850.2,21,21.1,58.3,260,252,0,0.3,110,1.3,1.3,21,15.8,16.4
2026-07-14T16:29:38Z,0,0,0,0,0,0,20.5,850.3,20.6,20.8,59.5,259,253,0,0.8,108,2.6,2.6,20.7,15.7,16.1
2026-07-14T16:44:45Z,0,0,0,0,0,0,20.2,850.3,20.3,20.5,60.3,260,253,0,0,115,0,0,20.4,15.5,15.9
2026-07-14T16:59:53Z,0,0,0,0,0,0,19.9,850.4,20.1,20.3,60.7,261,254,0,0.6,101,1.7,1.7,20.1,15.3,15.6
2026-07-14T17:15:00Z,0,0,0,0,0,0,19.6,850.5,19.8,20,61.4,260,253,0,0,125,0.4,0.4,19.8,15.2,15.4
2026-07-14T17:30:27Z,0,0,0,0,0,0,19.4,850.8,19.6,19.8,62.6,260,253,0,0.4,117,1.5,1.5,19.6,15.1,15.2
2026-07-14T17:45:34Z,0,0,0,0,0,0,19,850.9,19.2,19.4,65,260,253,0,0.1,114,0.9,0.9,19.2,15.1,14.9
2026-07-14T18:00:42Z,0,0,0,0,0,0,18.7,851,18.9,19.1,66.7,260,254,0,0,116,0.4,0.4,18.9,15,14.6
2026-07-14T18:15:49Z,0,0,0,0,0,0,18.5,851.3,18.6,18.9,68.1,260,254,0,0,218,0.2,0.2,18.7,15,14.4
2026-07-14T18:30:56Z,0,0,0,0,0,0,18.1,851.4,18.2,18.5,69.6,260,254,0,0.1,187,0.4,0.4,18.4,14.8,14.1
2026-07-14T18:46:37Z,0,0,0,0,0,0,17.7,851.4,17.9,18.1,71.5,260,254,0,0.1,187,0.7,0.7,18,14.7,13.7
2026-07-14T19:01:37Z,0,0,0,0,0,0,17.4,851.6,17.5,17.8,73,258,253,0,0,186,0,0,17.6,14.6,13.4
2026-07-14T19:16:45Z,0,0,0,0,0,0,17.3,851.7,17.4,17.6,73.8,260,253,0,0.1,198,0.4,0.4,17.5,14.5,13.3
2026-07-14T19:31:52Z,0,0,0,0,0,0,17,851.8,17.1,17.4,75,261,254,0,0.1,94,0.4,0.4,17.2,14.4,13
2026-07-14T19:47:00Z,0,0,0,0,0,0,16.7,852,16.9,17.1,76,261,254,0,0,119,0,0,17,14.3,12.7
2026-07-14T20:02:07Z,0,0,0,0,0,0,16.4,852,16.6,16.8,77.1,260,253,0,0.1,80,0.4,0.4,16.7,14.1,12.5
2026-07-14T20:17:34Z,0,0,0,0,0,0,16.1,852.2,16.3,16.5,78.2,260,254,0,0,108,0,0,16.4,14,12.2
2026-07-14T20:32:42Z,0,0,0,0,0,0,16.2,852.3,16.4,16.6,78.5,260,253,0,0,100,0.2,0.2,16.4,14,12.2
2026-07-14T20:47:50Z,0,0,0,0,0,0,16.6,852.2,16.7,16.9,77.4,261,254,0,0.1,176,0.9,0.9,16.8,14.3,12.6
2026-07-14T21:02:58Z,0,0,0,0,0,0,16.6,852.2,16.8,17,77.2,259,254,0,0.3,176,0.9,0.9,16.9,14.3,12.7
2026-07-14T21:18:06Z,0,0,0,0,0,0,16.3,852.1,16.5,16.8,78.8,261,254,0,0,111,0,0,16.7,14.3,12.4
2026-07-14T21:33:14Z,0,0,0,0,0,0,16.2,852.1,16.4,16.6,80,259,253,0,0,111,0,0,16.5,14.3,12.3
2026-07-14T21:48:37Z,0,0,0,0,0,0,16.2,851.9,16.4,16.6,80.5,260,253,0,0,111,0.2,0.2,16.5,14.3,12.3
2026-07-14T22:03:45Z,0,0,0,0,0,0,16.2,851.8,16.4,16.6,80.8,261,253,0,0.2,111,0.7,0.7,16.5,14.4,12.3
2026-07-14T22:18:53Z,0,0,0,0,0,0,16.1,851.8,16.2,16.5,81.1,260,253,0,0.3,111,1.1,1.1,16.5,14.3,12.3
2026-07-14T22:34:01Z,0,0,0,0,0,0,16,851.7,16.2,16.5,81.6,261,253,0,0,111,0,0,16.4,14.3,12.2
2026-07-14T22:49:09Z,0,0,0,0,0,0,16,851.7,16.3,16.4,82.1,259,253,0,0,113,0,0,16.3,14.3,12.1
2026-07-14T23:04:17Z,0,0,0,0,0,0,15.9,851.5,16.2,16.4,82,260,254,0,0,113,0,0,16.3,14.3,12.1
2026-07-14T23:19:40Z,0,0,0,0,0,0,15.9,851.3,16.2,16.3,82.7,260,253,0,0.1,113,0.7,0.7,16.2,14.3,12
2026-07-14T23:34:47Z,0,0,0,0,0,0,15.8,851.2,16.1,16.1,83.2,259,253,0,0,112,0,0,16.1,14.2,11.9
2026-07-14T23:49:55Z,0,0,0,0,0,0,15.6,851.1,15.9,16,84,259,254,0,0,82,0.2,0.2,15.9,14.2,11.7
2026-07-15T00:00:00Z,0,0,0,0,0,0,15.5,851.2,15.9,16,84.5,260,254,0,0,80,0,0,15.9,14.2,11.7
2026-07-15T00:15:09Z,0,0,0,0,0,0,15.4,851.1,15.8,15.9,85.1,260,254,0,0,103,0,0,15.8,14.1,11.6
2026-07-15T00:30:17Z,0,0,0,0,0,0,15.4,851.1,15.8,15.9,85.3,260,254,0,0,83,0,0,15.8,14.2,11.6
2026-07-15T00:45:40Z,0,0,0,0,0,0,15.4,851.2,15.8,15.9,85.2,259,253,0,0,83,0,0,15.8,14.2,11.6
2026-07-15T01:00:49Z,0,0,0,0,0,0,15.5,851.1,15.8,15.9,85.2,259,253,0,0,83,0,0,15.8,14.2,11.6
2026-07-15T01:15:56Z,0,0,0,0,0,0,15.5,851.3,15.8,15.9,85.3,261,254,0,0,83,0,0,15.8,14.2,11.6
2026-07-15T01:31:03Z,0,0,0,0,0,0,15.5,851.3,15.8,15.9,85.5,260,253,0,0,83,0,0,15.8,14.2,11.6
2026-07-15T01:46:11Z,0,0,0,0,0,0,15.3,851.1,15.6,15.7,86.3,259,253,0,0,83,0,0,15.6,14.1,11.4
2026-07-15T02:01:18Z,0,0,0,0,0,0,14.8,851.1,15,15.2,87.4,259,253,0,0,83,0,0,15.1,13.7,10.9
2026-07-15T02:16:44Z,0,0,0,0,0,0,14.3,851.3,14.7,14.8,89.2,260,253,0,0,82,0,0,14.7,13.6,10.5
2026-07-15T02:31:51Z,0,0,0,0,0,0,14.3,851.4,14.6,14.7,90.5,259,253,0,0,82,0,0,14.7,13.6,10.5
2026-07-15T02:46:58Z,0,0,0,0,0,0,14.4,851.5,14.8,14.9,90.6,261,252,0,0,82,0.2,0.2,14.8,13.8,10.6
2026-07-15T03:02:06Z,0,0,0,0,0,0,14.4,851.8,14.7,14.8,90.2,260,253,0,0,82,0,0,14.7,13.7,10.5
2026-07-15T03:17:13Z,0,0,0,0,0,0,14.4,851.9,14.8,14.8,90.7,259,254,0,0,82,0,0,14.8,13.7,10.6
2026-07-15T03:32:20Z,0,0,0,0,0,0,14.5,851.9,14.9,15,90.6,263,265,0,0,82,0,0,14.9,13.9,10.7
2026-07-15T03:47:47Z,0,0,0,0.1,0,0,14.6,852.2,15,15,90.3,266,318,0,0,83,0.2,0.2,15,13.9,10.8
2026-07-15T04:02:54Z,0,0,0,0.1,0,0,14.7,852.1,15,15.1,90,278,427,0,0,82,0,0,15,13.9,10.8
2026-07-15T04:18:02Z,0,0,0,0.2,0,0,14.8,852.4,15.1,15.1,90,288,546,0,0,82,0,0,15.1,14,10.9
2026-07-15T04:33:09Z,0,0,0,0.3,0,0,15.2,852.3,15.7,15.5,87.3,308,732,0,0.5,127,1.3,1.3,15.5,14,11.3
2026-07-15T04:48:17Z,0,0,0,0.5,0,0,15.9,852.5,16.4,16,85.8,352,1346,0,0,136,0,0,15.9,14.3,11.7
2026-07-15T05:03:24Z,0,0,0,0.7,0,0,17.4,852.6,18.4,17,82.2,388,1771,0,0.1,135,0.4,0.4,17,14.9,12.7
2026-07-15T05:18:50Z,0,0,0,0.9,0,0,18.6,852.7,19.7,18,77.5,433,2314,0,0.1,135,0.4,0.4,18,15.4,13.7
2026-07-15T05:33:59Z,0,0,0,1.1,0,0,17.8,853,18.5,17.5,79.9,468,2733,0,0,138,0,0,17.4,15.1,13.2
2026-07-15T05:49:06Z,0,0,0,1.4,0,0,18.9,853.1,19.1,18.9,74.6,511,3217,0,0,138,0,0,18.8,15.8,14.5
2026-07-15T06:04:13Z,0,0,0,1.9,0,0,20.1,853.1,20.4,20,70.2,605,4280,0,0,108,0.2,0.2,20,16.3,15.5
2026-07-15T06:19:21Z,0,0,0,0.8,0,0,20.1,853.1,20.8,19.5,68.4,408,1835,0,1,268,1.7,1.7,19.4,15.7,15.1
2026-07-15T06:34:28Z,0,0,0,0.8,0,0,18.5,853.3,18.9,18.4,71.4,400,1674,0,0.1,251,0.7,0.7,18.2,14.9,13.9
2026-07-15T06:50:03Z,0,0,0,2.2,0,0,20,853.3,20.3,19.9,68.2,662,4856,0,0.2,197,1.1,1.1,19.8,15.9,15.4
2026-07-15T07:05:10Z,0,0,0,2.4,0,0,20,853.4,20.3,20.4,64.1,705,5284,0,0.1,197,0.4,0.4,20.3,15.9,15.8
2026-07-15T07:20:59Z,0,0,0,2.6,0,0,21.5,853.3,21.8,22.1,60,749,5733,0,0.2,78,1.1,1.1,22,16.9,17.3
2026-07-15T07:36:05Z,0,0,0,1.3,0,0,21.1,853.4,21.8,21.7,58.7,494,2536,0,1.7,179,2.4,2.4,21.6,16.4,17
2026-07-15T07:51:30Z,0,0,0,1,0,0,22.1,853.3,22.9,22.4,57.1,448,2051,0,0.2,165,1.1,1.1,22.3,16.7,17.5
2026-07-15T08:06:37Z,0,0,0,3.1,0,0,21.4,853.2,22.4,21.9,58.7,839,6717,0,1,148,2.2,2.2,21.8,16.5,17.1
2026-07-15T08:21:45Z,0,0,0,1.1,0,0,23,853,23.4,23.6,54.7,472,2256,0,0.6,94,1.3,1.3,23.5,17.5,18.6
2026-07-15T08:36:53Z,0,0,0,3.3,0,0,23.2,852.8,23.6,23.4,56.7,879,7130,0,0.5,106,1.1,1.1,23.3,17.6,18.4
2026-07-15T08:52:44Z,0,0,0,3.3,0,0,23.7,852.6,24.3,24.3,52,875,7077,0,0.8,117,2.6,2.6,24.2,17.7,19.2
2026-07-15T09:07:52Z,0,0,0,3.4,0,0,24,852.4,24.2,24.7,49.3,885,7130,0,0.3,113,0.7,0.7,24.6,17.7,19.5
2026-07-15T09:22:52Z,0,0,0,3.5,0,0,24.1,852.2,24.6,24.2,50.9,912,7443,0,0.7,243,1.3,1.3,24.1,17.5,19.1
2026-07-15T09:38:39Z,0,0,0,3.4,0,0,24.1,852.2,24.8,24.9,48.8,889,7187,0,0.4,204,1.1,1.1,24.8,17.7,19.6
2026-07-15T09:53:46Z,0,0,0,3.5,0,0,24.9,851.9,25.2,25.7,47.9,904,7321,0,0.4,89,2.4,2.4,25.7,18.3,20.3
2026-07-15T10:09:42Z,0,0,0,3.4,0,0,24.5,851.7,25,25.3,48.9,882,7171,0,1,170,2.4,2.4,25.3,18.1,20
2026-07-15T10:24:49Z,0,0,0,3.5,0,0,25.2,851.5,25.3,26.1,47.2,904,7357,0,0.6,82,2.2,2.2,26,18.5,20.6
2026-07-15T10:39:50Z,0,0,0,3.7,0,0,26,851.4,26.5,26.9,46.9,942,7832,0,0.7,86,2,2,27.1,19.1,21.4
2026-07-15T10:54:56Z,0,0,0,2.2,0,0,25.6,851.2,25.6,26.1,46.4,679,4793,0,0.1,81,0.9,0.9,26.1,18.4,20.6
2026-07-15T11:10:03Z,0,0,0,1.2,0,0,26,851,26.4,26.8,45.8,482,2485,0,0.1,50,0.9,0.9,27,18.9,21.3
2026-07-15T11:25:10Z,0,0,0,0.9,0,0,24.1,850.9,24.6,24.7,49.6,428,1911,0,0.5,196,1.1,1.1,24.6,17.7,19.5
2026-07-15T11:41:00Z,0,0,0,0.9,0,0,25.2,850.8,25.7,25.9,47.2,424,1892,0,0.4,94,1.3,1.3,25.9,18.4,20.4
2026-07-15T11:56:07Z,0,0,0,0.9,0,0,25.3,850.6,25.9,25.9,47.2,424,1869,0,0.8,72,1.7,1.7,25.8,18.3,20.4
2026-07-15T12:11:15Z,0,0,0,2.2,0,0,25.4,850.5,25.9,26.2,44.6,664,4858,0,0.3,176,1.5,1.5,26.1,18.2,20.6
2026-07-15T12:26:41Z,0,0,0,2.1,0,0,26.7,850.2,26.9,27.6,40.4,643,4509,0,0.3,105,1.3,1.3,27.4,18.6,21.6
2026-07-15T12:41:47Z,0,0,0,1.9,0,0,26.6,850.2,27.1,27.8,40.9,617,4300,0,0.7,85,2.4,2.4,27.5,18.8,21.7
2026-07-15T12:56:54Z,0,0,0,1.8,0,0,25.8,850,26.2,26.9,41.6,583,3905,0,0.6,79,1.1,1.1,26.9,18.2,21.2
2026-07-15T13:12:01Z,0,0,0,0.6,0,0,25.3,850.1,25.9,26.1,42.9,379,1371,0,0.5,162,2,2,26,17.8,20.6
2026-07-15T13:27:49Z,0,0,0,1.1,0,0,25.8,849.9,26.4,27,41.1,466,2592,0,1.2,72,2.8,2.8,26.9,18.2,21.2
2026-07-15T13:42:56Z,0,0,0,1,0,0,24.8,850,25,25.7,44,451,2429,0,0.7,96,1.5,1.5,25.6,17.6,20.2
2026-07-15T13:58:04Z,0,0,0,0.8,0,0,25,850.1,25.6,26,43.7,407,1932,0,0.2,105,0.4,0.4,25.8,17.8,20.4
2026-07-15T14:13:53Z,0,0,0,0.6,0,0,24.7,850.2,25.4,25.7,44.1,368,1470,0,0,218,0.2,0.2,25.6,17.7,20.3
2026-07-15T14:29:01Z,0,0,0,0.4,0,0,24.3,850.2,24.9,25.3,44.2,335,1074,0,0.2,192,1.3,1.3,25.2,17.4,19.9
2026-07-15T14:44:08Z,0,0,0,0.2,0,0,23.5,850.3,23.8,24.1,46.2,300,593,0,0,88,0.2,0.2,24,16.7,18.9
2026-07-15T14:59:16Z,0,0,0,0.2,0,0,23.1,850.3,23.4,23.5,46.9,285,490,0,0.3,86,2,2,23.3,16.2,18.4
2026-07-15T15:14:42Z,0,0,0,0.1,0,0,22.7,850.4,22.8,23,49.8,276,400,0,1.2,98,2.2,2.2,22.9,16.3,18
2026-07-15T15:29:50Z,0,0,0,0.1,0,0,22.2,850.5,22.4,22.5,51.7,266,311,0,0.1,99,0.9,0.9,22.4,16.1,17.6
2026-07-15T15:44:58Z,0,0,0,0,0,0,21.7,850.8,21.9,22.1,53.5,260,261,0,0.1,103,0.7,0.7,21.9,16,17.2
2026-07-15T16:00:05Z,0,0,0,0,0,0,21.3,850.9,21.5,21.7,55.4,260,253,0,0,104,0.4,0.4,21.5,15.9,16.9
2026-07-15T16:15:13Z,0,0,0,0,0,0,21,851,21.2,21.3,56.7,258,254,0,0.5,101,2.4,2.4,21.1,15.7,16.6
2026-07-15T16:30:21Z,0,0,0,0,0,0,20.5,851.2,20.6,20.9,58.3,259,254,0,0.3,143,1.3,1.3,20.7,15.6,16.2
2026-07-15T16:45:47Z,0,0,0,0,0,0,20.2,851.4,20.4,20.6,59.5,260,253,0,0,177,0.2,0.2,20.4,15.5,15.9
2026-07-15T17:00:55Z,0,0,0,0,0,0,20.1,851.5,20.2,20.4,60.2,262,253,0,0.1,100,0.4,0.4,20.3,15.4,15.8
2026-07-15T17:16:03Z,0,0,0,0,0,0,19.9,851.7,20.1,20.2,61.3,260,254,0,0,101,0,0,20.1,15.4,15.6
2026-07-15T17:31:11Z,0,0,0,0,0,0,19.6,851.8,19.8,20,62.1,260,253,0,0,207,0.4,0.4,19.8,15.3,15.4
2026-07-15T17:46:19Z,0,0,0,0,0,0,19.4,852,19.6,19.8,63.2,260,254,0,0,100,0.4,0.4,19.6,15.2,15.2
2026-07-15T18:01:27Z,0,0,0,0,0,0,19.6,852.2,19.8,19.9,63.3,261,253,0,0,163,0,0,19.8,15.4,15.4
2026-07-15T18:16:50Z,0,0,0,0,0,0,19.4,852.3,19.6,19.8,63.8,261,253,0,0.3,159,0.9,0.9,19.7,15.4,15.3
2026-07-15T18:31:59Z,0,0,0,0,0,0,19.1,852.5,19.3,19.5,65.5,259,253,0,0.4,82,1.5,1.5,19.4,15.2,15
2026-07-15T18:47:07Z,0,0,0,0,0,0,18.7,852.8,18.9,19.1,67.5,260,253,0,0,90,0.2,0.2,18.9,15.1,14.6
2026-07-15T19:02:15Z,0,0,0,0,0,0,18.4,852.9,18.6,18.8,68.9,262,255,0,0.5,92,1.3,1.3,18.7,15,14.3
2026-07-15T19:18:00Z,0,0,0,0,0,0,18.3,853.1,18.4,18.6,69.7,260,253,0,0,93,0,0,18.4,14.9,14.1
2026-07-15T19:33:08Z,0,0,0,0,0,0,17.8,853.2,18,18.2,71.7,260,254,0,0,93,0,0,18,14.8,13.8
2026-07-15T19:48:16Z,0,0,0,0,0,0,17.5,853.3,17.7,17.9,73.2,259,253,0,0,93,0,0,17.8,14.7,13.5
2026-07-15T20:03:24Z,0,0,0,0,0,0,17.5,853.3,17.8,17.9,74.6,260,253,0,0,93,0,0,17.8,14.8,13.5
2026-07-15T20:18:32Z,0,0,0,0,0,0,17.6,853.5,17.8,18,73.8,260,254,0,0,93,0,0,17.9,14.9,13.6
2026-07-15T20:33:56Z,0,0,0,0,0,0,17.7,853.5,17.9,18.1,73.7,259,254,0,0,93,0,0,18,14.9,13.7
2026-07-15T20:49:04Z,0,0,0,0,0,0,17.7,853.5,17.8,18.1,74,262,252,0,0.1,93,0.7,0.7,18,15,13.7
2026-07-15T21:04:12Z,0,0,0,0,0,0,17.6,853.5,17.8,18,74.9,261,254,0,0,93,0,0,17.9,15,13.6
2026-07-15T21:19:20Z,0,0,0,0,0,0,17.6,853.5,17.8,18,75.3,260,254,0,0,93,0,0,17.9,15,13.6
2026-07-15T21:34:28Z,0,0,0,0,0,0,17.5,853.3,17.7,17.9,75.2,261,253,0,0,93,0,0,17.8,14.9,13.5
2026-07-15T21:49:36Z,0,0,0,0,0,0,17.5,853.1,17.6,17.9,75,261,253,0,0,93,0.2,0.2,17.8,14.9,13.5
2026-07-15T22:05:00Z,0,0,0,0,0,0,17.2,853,17.2,17.5,76,261,254,0,0,93,0,0,17.4,14.7,13.2
2026-07-15T22:20:08Z,0,0,0,0,0,0,16.7,852.9,16.8,17.1,77.6,261,254,0,0.1,93,0.9,0.9,17,14.4,12.7
2026-07-15T22:35:16Z,0,0,0,0,0,0,16.4,852.7,16.6,16.8,78.1,261,254,0,0.1,92,0.9,0.9,16.7,14.2,12.5
2026-07-15T22:50:24Z,0,0,0,0,0,0,16.1,852.6,16.2,16.5,79.1,261,254,0,0,95,0.2,0.2,16.4,14.1,12.2
2026-07-15T23:05:32Z,0,0,0,0,0,0,15.8,852.5,16.1,16.2,80.4,259,254,0,0,95,0.2,0.2,16.1,13.9,11.9
2026-07-15T23:20:40Z,0,0,0,0,0,0,15.5,852.5,15.8,15.9,81.6,260,253,0,0,95,0,0,15.8,13.8,11.6
2026-07-15T23:36:04Z,0,0,0,0,0,0,15.3,852.3,15.6,15.7,82.8,261,253,0,0,95,0.2,0.2,15.6,13.7,11.4
2026-07-15T23:51:12Z,0,0,0,0,0,0,15,852.4,15.2,15.4,83.8,260,254,0,0,95,0,0,15.3,13.5,11.1
2026-07-16T00:00:17Z,0,0,0,0,0,0,14.8,852.4,15.1,15.2,84.6,260,253,0,0,95,0,0,15.1,13.4,10.9
2026-07-16T00:15:25Z,0,0,0,0,0,0,14.4,852.3,14.7,14.8,85.8,261,254,0,0,95,0,0,14.7,13.2,10.5
2026-07-16T00:30:33Z,0,0,0,0,0,0,14.1,852.2,14.3,14.5,87.1,260,254,0,0,95,0,0,14.4,13,10.2
2026-07-16T00:45:41Z,0,0,0,0,0,0,13.9,852.2,14.1,14.3,88.4,261,253,0,0,95,0,0,14.2,13,10
2026-07-16T01:01:06Z,0,0,0,0,0,0,13.7,852.2,13.9,14.1,89.6,260,253,0,0,95,0,0,14,12.9,9.7
2026-07-16T01:16:14Z,0,0,0,0,0,0,13.4,852.3,13.8,13.9,90,259,253,0,0,95,0,0,13.8,12.7,9.6
2026-07-16T01:31:23Z,0,0,0,0,0,0,13.3,852.2,13.6,13.8,91.2,261,254,0,0.1,95,0.7,0.7,13.7,12.7,9.4
2026-07-16T01:46:31Z,0,0,0,0,0,0,13.1,852.3,13.4,13.6,91.2,260,253,0,0,95,0,0,13.5,12.6,9.2
2026-07-16T02:01:39Z,0,0,0,0,0,0,13.1,852.5,13.4,13.6,92.2,261,252,0,0,95,0,0,13.5,12.7,9.3
2026-07-16T02:16:47Z,0,0,0,0,0,0,13.1,852.6,13.4,13.5,92.7,260,254,0,0,95,0,0,13.5,12.7,9.2
2026-07-16T02:32:09Z,0,0,0,0,0,0,12.8,852.6,13.1,13.2,92.7,260,253,0,0,95,0,0,13.1,12.4,8.9
2026-07-16T02:47:17Z,0,0,0,0,0,0,12.7,852.9,12.9,13.1,93.1,260,253,0,0,95,0,0,13,12.4,8.8
2026-07-16T03:02:26Z,0,0,0,0,0,0,12.7,853,12.9,13.1,93.6,261,253,0,0,95,0,0,13.1,12.4,8.8
2026-07-16T03:17:34Z,0,0,0,0,0,0,12.7,853,12.9,13.1,93.7,260,255,0,0,95,0,0,13,12.4,8.8
2026-07-16T03:32:42Z,0,0,0,0,0,0,12.5,853.1,12.8,12.9,93.5,261,269,0,0,95,0,0,12.8,12.1,8.5
2026-07-16T03:47:50Z,0,0,0,0.1,0,0,12.3,853.2,12.6,12.7,93.5,268,353,0,0,95,0,0,12.6,12,8.3
2026-07-16T04:03:12Z,0,0,0,0.1,0,0,12.4,853.2,12.6,12.8,93.6,282,477,0,0,92,0,0,12.6,12,8.4
2026-07-16T04:18:20Z,0,0,0,0.2,0,0,12.7,853.3,13,13,93.7,299,663,0,0,92,0,0,12.9,12.3,8.6
2026-07-16T04:33:28Z,0,0,0,0.3,0,0,13.4,853.4,13.8,13.6,92.5,309,735,0,0.3,29,0.9,0.9,13.5,12.8,9.3
2026-07-16T04:48:36Z,0,0,0,0.5,0,0,14.5,853.4,14.9,14.5,89.3,352,1324,0,0,10,0,0,14.4,13.2,10.2
2026-07-16T05:03:44Z,0,0,0,0.6,0,0,16.4,853.5,16.6,15.7,85.1,379,1633,0,0,10,0.2,0.2,15.6,14,11.4
2026-07-16T05:18:51Z,0,0,0,0.9,0,0,17.3,853.7,17.4,16.5,82.5,416,2098,0,0,10,0.2,0.2,16.5,14.5,12.3
2026-07-16T05:34:15Z,0,0,0,1.1,0,0,19,853.8,19.3,18.4,77.1,455,2494,0,0,10,0,0,18.3,15.6,14
2026-07-16T05:49:24Z,0,0,0,1.2,0,0,18.2,853.9,19,17.8,78,490,2866,0,0.4,9,0.9,0.9,17.7,15.1,13.4
2026-07-16T06:04:31Z,0,0,0,1.5,0,0,19.3,853.8,19.4,18.8,75.6,527,3290,0,0.1,10,0.4,0.4,18.8,15.9,14.5
2026-07-16T06:19:39Z,0,0,0,1.6,0,0,18.9,853.8,19.6,18.7,74.9,561,3641,0,0.7,9,1.7,1.7,18.6,15.6,14.3
2026-07-16T06:34:51Z,0,0,0,1.9,0,0,20.3,853.8,20.6,20,70.7,603,4096,0,0.1,10,0.4,0.4,19.9,16.3,15.5
2026-07-16T06:50:16Z,0,0,0,2,0,0,21,853.8,21.6,20.8,68.5,629,4393,0,0,10,0.2,0.2,20.8,16.9,16.3
2026-07-16T07:05:23Z,0,0,0,2.1,0,0,21.4,853.7,21.8,21.2,65.8,654,4681,0,0.3,10,0.9,0.9,21.1,16.8,16.5
2026-07-16T07:20:25Z,0,0,0,2.2,0,0,21.4,853.6,21.8,21.3,65.4,666,4835,0,1,252,2,2,21.2,16.9,16.6
2026-07-16T07:35:32Z,0,0,0,2.5,0,0,22,853.4,22.8,22.1,61.9,723,5456,0,1.3,234,2.2,2.2,22,17.1,17.3
2026-07-16T07:50:39Z,0,0,0,2.6,0,0,22.5,853.2,23.2,22.6,61.2,739,5615,0,0.2,160,0.4,0.4,22.6,17.5,17.8
2026-07-16T08:05:47Z,0,0,0,2.8,0,0,23,853.1,23.9,23.1,60.6,787,6084,0,0.3,207,1.1,1.1,23,17.8,18.2
2026-07-16T08:20:54Z,0,0,0,3,0,0,23.1,853,23.4,23,58.8,810,6353,0,0,311,0.2,0.2,22.9,17.5,18.1
2026-07-16T08:36:36Z,0,0,0,3.1,0,0,24,852.8,24.8,24.1,53.5,837,6572,0,1.2,238,2.4,2.4,24,17.7,19
2026-07-16T08:51:44Z,0,0,0,3.2,0,0,24.8,852.5,25.4,24.8,52,853,6719,0,1.2,250,2.8,2.8,24.7,18.1,19.6
2026-07-16T09:06:51Z,0,0,0,3.2,0,0,25,852.3,25.6,25.4,49.3,862,6840,0,1.5,169,3.1,3.1,25.4,18.3,20.1
2026-07-16T09:21:58Z,0,0,0,3.3,0,0,25.3,852.2,25.9,25.9,49.5,865,6861,0,0.7,148,2.2,2.2,25.9,18.7,20.5
2026-07-16T09:37:21Z,0,0,0,3.2,0,0,25.7,852.1,26.3,26.3,49.1,856,6757,0,0.3,178,1.7,1.7,26.3,19,20.7
2026-07-16T09:52:28Z,0,0,0,3.2,0,0,25.9,851.9,26.4,26.5,47.2,863,6822,0,0.2,178,1.2,1.2,26.4,18.8,20.9
2026-07-16T10:07:36Z,0,0,0,3.2,0,0,27,851.7,27.6,27.4,45.4,853,6700,0,0.2,183,0.9,0.9,27.5,19.3,21.7
2026-07-16T10:22:44Z,0,0,0,3.1,0,0,27.2,851.5,27.8,27.5,45.5,836,6543,0,0.7,245,1.5,1.5,27.5,19.3,21.7
2026-07-16T10:37:51Z,0,0,0,1,0,0,27.6,851.3,28.3,28.2,43.7,453,2081,0,0,130,0.2,0.2,28.2,19.7,22.1
2026-07-16T10:52:59Z,0,0,0,3.2,0,0,27,850.9,27.5,27.1,44.3,844,6627,0,0.3,261,0.9,0.9,27.2,18.8,21.4
2026-07-16T11:08:24Z,0,0,0,3,0,0,27.9,850.6,28.5,28.7,40.9,811,6258,0,0.9,183,3.9,3.9,28.4,19.6,22.3
2026-07-16T11:23:32Z,0,0,0,2.4,0,0,27.1,850.4,27.8,27.7,42.2,713,5277,0,0.5,157,1.5,1.5,27.6,19,21.7
2026-07-16T11:39:32Z,0,0,0,2.9,0,0,27.5,850.1,27.8,28.1,41.7,800,6334,0,0.5,71,0.9,0.9,27.9,19.3,22
2026-07-16T11:54:39Z,0,0,0,0.9,0,0,27,849.9,27.2,27.9,45.8,432,1988,0,1.5,85,3.9,3.9,28,19.7,22
2026-07-16T12:09:47Z,0,0,0,2.3,0,0,27.3,849.7,27.6,27.9,44.3,693,4996,0,0.5,198,1.7,1.7,27.9,19.5,22
2026-07-16T12:25:34Z,0,0,0,1.9,0,0,27.8,849.6,28.1,28.6,43.2,613,4132,0,0.4,147,1.1,1.1,28.5,19.9,22.4
2026-07-16T12:40:42Z,0,0,0,2.3,0,0,27.7,849.5,28,28.6,43.8,686,5116,0,0.8,107,1.5,1.5,28.5,20,22.4
2026-07-16T12:55:49Z,0,0,0,0.8,0,0,26.5,849.5,26.9,27.1,47.1,414,1834,0,0.7,94,2,2,27.4,19.4,21.6
2026-07-16T13:11:36Z,0,0,0,1.4,0,0,27,849.3,27.3,27.9,45.5,518,3183,0,2.2,82,3.3,3.3,27.9,19.7,22
2026-07-16T13:26:43Z,0,0,0,0.5,0,0,26.3,849.3,26.8,27.1,47.2,344,1022,0,0.2,167,1.1,1.1,27.3,19.3,21.5
2026-07-16T13:41:50Z,0,0,0,1,0,0,26.4,849.1,26.8,27.2,46.9,451,2442,0,1.3,75,2.8,2.8,27.4,19.4,21.6
2026-07-16T13:56:58Z,0,0,0,0.8,0,0,26.9,849.2,27.4,27.9,45.6,410,2114,0,0.9,116,3.1,3.1,28,19.7,22
2026-07-16T14:12:26Z,0,0,0,0.6,0,0,26.4,849.4,26.8,27.4,46.5,367,1594,0,1.3,134,2.8,2.8,27.5,19.4,21.7
2026-07-16T14:27:34Z,0,0,0,0.4,0,0,25.5,849.5,25.8,26.3,48.8,328,1056,0,0.3,141,0.9,0.9,26.2,18.9,20.7
2026-07-16T14:42:41Z,0,0,0,0.2,0,0,24.8,849.4,25.1,25.3,51.3,298,588,0,0.2,163,0.9,0.9,25.2,18.4,19.9
2026-07-16T14:58:35Z,0,0,0,0.2,0,0,24.3,849.6,24.4,24.6,52.8,294,609,0,0.1,209,0.4,0.4,24.6,18.1,19.4
2026-07-16T15:13:42Z,0,0,0,0.1,0,0,24.1,849.7,24.2,24.4,53.4,274,400,0,0.7,113,2.4,2.4,24.4,18,19.3
2026-07-16T15:28:50Z,0,0,0,0,0,0,23.7,849.9,23.8,24.1,53.8,265,288,0,0.8,112,2,2,24,17.8,19
2026-07-16T15:43:58Z,0,0,0,0,0,0,23.5,849.9,23.6,23.8,54.2,262,268,0,0.1,154,0.4,0.4,23.7,17.6,18.7
2026-07-16T15:59:05Z,0,0,0,0,0,0,23.2,850,23.3,23.5,54.4,261,254,0,0.3,128,1.1,1.1,23.4,17.3,18.5
2026-07-16T16:14:31Z,0,0,0,0,0,0,22.6,850,22.8,23,55.5,259,254,0,0.5,162,1.1,1.1,22.9,17.1,18.1
2026-07-16T16:29:38Z,0,0,0,0,0,0,22.1,850.2,22.3,22.5,57.1,261,254,0,0.2,162,0.7,0.7,22.4,16.9,17.7
2026-07-16T16:44:45Z,0,0,0,0,0,0,21.9,850.3,22.1,22.2,58.3,259,253,0,0.2,128,1.5,1.5,22.1,16.8,17.4
2026-07-16T16:59:52Z,0,0,0,0,0,0,21.8,850.5,21.9,22.1,58.8,259,253,0,0.3,108,1.7,1.7,22,16.7,17.3
2026-07-16T17:15:43Z,0,0,0,0,0,0,21.5,850.7,21.7,21.9,59.5,259,254,0,0,124,0,0,21.8,16.6,17.1
2026-07-16T17:30:50Z,0,0,0,0,0,0,21.5,850.8,21.6,21.8,58.7,260,253,0,0,124,0.4,0.4,21.7,16.5,17.1
2026-07-16T17:45:58Z,0,0,0,0,0,0,21.4,850.9,21.5,21.7,58.6,260,253,0,0.1,114,0.4,0.4,21.6,16.3,16.9
2026-07-16T18:01:06Z,0,0,0,0,0,0,21.2,851.1,21.4,21.5,59.6,261,254,0,0,136,0,0,21.4,16.3,16.8
2026-07-16T18:16:14Z,0,0,0,0,0,0,21.1,851.2,21.2,21.5,58.8,260,253,0,0,136,0,0,21.3,16.2,16.7
2026-07-16T18:31:37Z,0,0,0,0,0,0,21.1,851.3,21.2,21.4,59.1,260,253,0,0.1,136,0.7,0.7,21.3,16.2,16.7
2026-07-16T18:46:45Z,0,0,0,0,0,0,21.1,851.4,21.2,21.4,58.9,260,255,0,0.3,187,1.1,1.1,21.3,16.1,16.7
2026-07-16T19:01:52Z,0,0,0,0,0,0,20.7,851.5,20.9,21.1,58.7,261,254,0,0.5,126,2,2,20.9,15.8,16.4
2026-07-16T19:17:00Z,0,0,0,0,0,0,20.5,851.8,20.6,20.8,59.1,261,253,0,0.7,191,1.3,1.3,20.7,15.6,16.2
2026-07-16T19:32:08Z,0,0,0,0,0,0,20.1,852,20.3,20.5,59.4,261,254,0,0.2,202,0.7,0.7,20.4,15.4,15.9
2026-07-16T19:47:48Z,0,0,0,0,0,0,19.8,852.1,19.9,20.2,59.9,261,253,0,0.5,205,2,2,20,15.1,15.5
2026-07-16T20:02:55Z,0,0,0,0,0,0,19.2,852.1,19.4,19.6,61,261,254,0,0.7,207,2.4,2.4,19.4,14.8,15
2026-07-16T20:18:02Z,0,0,0,0,0,0,18.8,852.2,18.9,19.2,62.1,260,254,0,0.8,189,3.7,3.7,19,14.5,14.6
2026-07-16T20:33:10Z,0,0,0,0,0,0,18.5,852.2,18.7,18.9,63.3,260,253,0,0.6,175,1.7,1.7,18.7,14.4,14.4
2026-07-16T20:48:18Z,0,0,0,0,0,0,18.3,852.4,18.5,18.7,64.2,260,252,0,0,189,0.4,0.4,18.5,14.4,14.2
2026-07-16T21:03:43Z,0,0,0,0,0,0,17.9,852.4,18.1,18.4,65.8,260,253,0,0,123,0.2,0.2,18.2,14.3,13.9
2026-07-16T21:18:51Z,0,0,0,0,0,0,17.5,852.3,17.7,18,67.3,259,254,0,0,158,0.2,0.2,17.8,14,13.5
2026-07-16T21:33:59Z,0,0,0,0,0,0,17,852.3,17.1,17.4,69,260,252,0,0.1,108,0.6,0.6,17.2,13.8,13
2026-07-16T21:49:08Z,0,0,0,0,0,0,16.6,852.3,16.8,17,70.9,259,253,0,0,122,0,0,16.8,13.6,12.6
2026-07-16T22:04:16Z,0,0,0,0,0,0,16.2,852.2,16.4,16.6,72.6,260,253,0,0.1,131,0.2,0.2,16.4,13.5,12.2
2026-07-16T22:19:25Z,0,0,0,0,0,0,15.8,852.1,16.1,16.2,74.5,260,253,0,0,131,0,0,16,13.2,11.8
2026-07-16T22:34:46Z,0,0,0,0,0,0,15.4,852.1,15.8,15.8,76.1,261,253,0,0,131,0,0,15.6,13.1,11.4
2026-07-16T22:49:54Z,0,0,0,0,0,0,15.2,852,15.5,15.6,78.1,261,254,0,0,131,0.2,0.2,15.4,13,11.2
2026-07-16T23:05:54Z,0,0,0,0,0,0,14.9,852.1,15.2,15.3,78.7,261,253,0,0,131,0,0,15.1,12.9,10.9
2026-07-16T23:21:02Z,0,0,0,0,0,0,14.8,851.9,15.1,15.2,80.3,261,252,0,0,162,0.2,0.2,15.1,13,10.9
2026-07-16T23:36:11Z,0,0,0,0,0,0,14.7,851.7,15,15.1,80.8,259,254,0,0,162,0,0,15,12.9,10.8
2026-07-16T23:51:20Z,0,0,0,0,0,0,14.6,851.7,14.9,15,81.4,261,255,0,0,162,0,0,14.8,12.9,10.6
2026-07-17T00:00:24Z,0,0,0,0,0,0,14.5,851.6,14.7,14.9,82,260,253,0,0,162,0,0,14.7,12.8,10.5
2026-07-17T00:15:48Z,0,0,0,0,0,0,14.1,851.6,14.4,14.5,83.4,260,253,0,0,162,0,0,14.4,12.6,10.2
2026-07-17T00:30:56Z,0,0,0,0,0,0,13.8,851.5,14.1,14.3,83.8,260,254,0,0,162,0,0,14.1,12.5,9.9
2026-07-17T00:46:04Z,0,0,0,0,0,0,13.5,851.5,13.8,14,84.4,260,253,0,0,162,0,0,13.8,12.2,9.6
2026-07-17T01:01:12Z,0,0,0,0,0,0,13.4,851.6,13.7,13.8,86.1,260,254,0,0,162,0,0,13.7,12.3,9.5
2026-07-17T01:16:20Z,0,0,0,0,0,0,13.5,851.7,13.9,14,86,259,253,0,0,162,0,0,13.8,12.4,9.6
2026-07-17T01:31:28Z,0,0,0,0,0,0,13.3,851.8,13.6,13.7,86.6,261,253,0,0,162,0.2,0.2,13.6,12.2,9.3
2026-07-17T01:46:51Z,0,0,0,0,0,0,13.1,852.1,13.4,13.6,87.8,260,253,0,0,162,0,0,13.4,12.2,9.2
2026-07-17T02:01:59Z,0,0,0,0,0,0,13.1,852,13.5,13.6,88.1,260,253,0,0,162,0,0,13.5,12.3,9.2
2026-07-17T02:17:07Z,0,0,0,0,0,0,13.4,852.3,13.8,13.9,87.9,260,253,0,0,162,0,0,13.8,12.5,9.5
2026-07-17T02:32:15Z,0,0,0,0,0,0,13.7,852.3,14.1,14.2,87.3,261,254,0,0.2,162,1.1,1.1,14.1,12.7,9.8
2026-07-17T02:47:23Z,0,0,0,0,0,0,13.9,852.4,14.2,14.3,86.4,262,253,0,0.2,162,0.7,0.7,14.2,12.8,10
2026-07-17T03:02:30Z,0,0,0,0,0,0,13.9,852.5,14.2,14.3,86.6,260,254,0,0,162,0,0,14.2,12.8,10
2026-07-17T03:17:56Z,0,0,0,0,0,0,13.8,852.4,14.1,14.2,86.4,260,254,0,0.2,162,0.9,0.9,14.1,12.7,9.9
2026-07-17T03:33:03Z,0,0,0,0,0,0,13.8,852.6,14.1,14.2,87,262,263,0,0,162,0,0,14.1,12.8,9.9
2026-07-17T03:48:11Z,0,0,0,0,0,0,13.8,852.7,14.1,14.3,86.9,265,303,0,0,162,0,0,14.2,12.8,9.9
2026-07-17T04:03:19Z,0,0,0,0.1,0,0,14,852.8,14.3,14.4,86.6,271,366,0,0,162,0,0,14.3,12.9,10.1
2026-07-17T04:18:27Z,0,0,0,0.1,0,0,14.2,853,14.5,14.6,86.4,281,509,0,0,162,0,0,14.5,13.1,10.3
2026-07-17T04:33:35Z,0,0,0,0.2,0,0,14.3,853,14.6,14.8,85.6,300,705,0,0.2,162,0.7,0.7,14.7,13.1,10.5
2026-07-17T04:48:59Z,0,0,0,0.3,0,0,14.6,853.2,14.9,15.1,85.1,308,799,0,0.1,162,0.7,0.7,15,13.4,10.8
2026-07-17T05:04:07Z,0,0,0,0.4,0,0,14.8,853.3,15.1,15.2,84.4,327,1001,0,0.6,162,1.3,1.3,15.1,13.4,10.9
2026-07-17T05:19:07Z,0,0,0,0.5,0,0,15.3,853.4,15.6,15.7,83.2,351,1257,0,0.2,162,0.4,0.4,15.6,13.7,11.4
2026-07-17T05:35:07Z,0,0,0,0.7,0,0,15.9,853.5,16.1,16.3,81.3,388,1676,0,0,162,0,0,16.2,14.1,12
2026-07-17T05:50:32Z,0,0,0,0.8,0,0,16.9,853.6,17,17.1,78.6,407,1882,0,0,162,0,0,17,14.6,12.8
2026-07-17T06:05:40Z,0,0,0,1,0,0,17.4,853.7,17.3,17.3,75.9,436,2205,0,0.7,162,1.3,1.3,17.2,14.4,12.9
2026-07-17T06:20:48Z,0,0,0,1,0,0,17.7,853.6,17.6,17.6,75,438,2184,0,0.9,162,1.3,1.3,17.5,14.6,13.2
2026-07-17T06:35:55Z,0,0,0,1.1,0,0,18,853.5,18,18.5,72.5,460,2308,0,0.6,162,1.5,1.5,18.5,15.2,14.1
2026-07-17T06:51:03Z,0,0,0,2.5,0,0,19.2,853.6,19.1,19.3,70.6,731,5748,0,0.1,92,0.4,0.4,19.2,15.7,14.8
2026-07-17T07:06:11Z,0,0,0,2.6,0,0,20,853.5,19.8,20.5,65.9,747,6066,0,0.7,67,1.5,1.5,20.4,16.2,15.9
2026-07-17T07:21:35Z,0,0,0,1.1,0,0,20.6,853.4,20.8,21.3,64,455,2388,0,0,139,0.2,0.2,21.2,16.7,16.7
2026-07-17T07:36:43Z,0,0,0,1.4,0,0,19.4,853.3,19.5,20.1,66.5,514,3081,0,0.3,95,0.7,0.7,20.1,16,15.6
2026-07-17T07:51:51Z,0,0,0,1.6,0,0,19.6,853.1,19.7,20,65.9,562,3590,0,0.2,330,0.9,0.9,19.9,15.8,15.5
2026-07-17T08:06:58Z,0,0,0,1.1,0,0,19.6,853,19.6,20.2,65.9,462,2512,0,0.5,69,1.3,1.3,20.2,16,15.7
2026-07-17T08:22:06Z,0,0,0,1,0,0,18.8,852.8,19.2,18.9,70.9,448,2355,0,0.1,232,0.4,0.4,18.8,15.4,14.5
2026-07-17T08:37:14Z,0,0,0,1.5,0,0,19.9,852.6,20.5,20.1,65.4,534,3284,0,0.8,232,1.3,1.3,20,15.8,15.6
2026-07-17T08:52:43Z,0,0,0,1.6,0,0,20.3,852.3,20.4,20.8,63.7,551,3431,0,1.1,75,1.7,1.7,20.7,16.3,16.2
2026-07-17T09:07:50Z,0,0,0,1.3,0,0,20.9,852.1,21.1,21.4,61.5,500,2868,0,1.3,142,2,2,21.3,16.5,16.7
2026-07-17T09:22:58Z,0,0,0,1.7,0,0,20.9,851.9,21.5,21.6,60.7,573,3634,0,0.2,87,1.1,1.1,21.5,16.5,16.9
2026-07-17T09:38:05Z,0,0,0,1.2,0,0,21.2,851.9,21.7,21.8,60.4,487,2745,0,0.2,89,1.1,1.1,21.7,16.7,17.1
2026-07-17T09:53:13Z,0,0,0,1.6,0,0,20.8,851.8,21.3,21.5,62,557,3524,0,0.1,89,0.4,0.4,21.4,16.6,16.8
2026-07-17T10:08:21Z,0,0,0,1.2,0,0,21.6,851.7,22.1,22.3,59.1,492,2788,0,0,89,0.4,0.4,22.2,16.9,17.5
2026-07-17T10:23:41Z,0,0,0,2.2,0,0,22.5,851.4,22.9,23.3,56.9,668,4462,0,0.4,89,1.3,1.3,23.2,17.5,18.3
2026-07-17T10:38:49Z,0,0,0,1.8,0,0,22.1,851.3,22.8,22.9,56.5,594,3778,0,1.3,183,3.3,3.3,22.8,17.1,18
2026-07-17T10:53:56Z,0,0,0,1.4,0,0,22,851,22.4,22.5,57.8,524,3095,0,0.5,181,1.1,1.1,22.4,17,17.7
2026-07-17T11:09:04Z,0,0,0,1.3,0,0,22.2,850.8,22.7,22.6,57.6,494,2818,0,0.4,186,1.1,1.1,22.5,17,17.7
2026-07-17T11:24:11Z,0,0,0,1.6,0,0,21.6,850.6,22.1,22.1,58.7,550,3442,0,0.5,186,1.1,1.1,22,16.7,17.3
2026-07-17T11:39:38Z,0,0,0,1.1,0,0,22.4,850.4,22.9,22.9,56.8,465,2504,0,0.8,197,2.6,2.6,22.8,17.2,18
2026-07-17T11:54:45Z,0,0,0,0.8,0,0,22.7,850.3,23.3,23.2,56.4,409,1847,0,0.4,203,1.1,1.1,23.1,17.4,18.3
2026-07-17T12:09:53Z,0,0,0,0.7,0,0,22.1,850.1,22.5,22.6,56.4,385,1635,0,0.7,198,1.7,1.7,22.5,16.9,17.8
2026-07-17T12:25:00Z,0,0,0,0.8,0,0,22.3,849.8,22.7,22.7,57.3,413,1939,0,0,178,0.2,0.2,22.6,17,17.8
2026-07-17T12:40:08Z,0,0,0,0.8,0,0,22.1,849.8,22.4,22.6,57,399,1785,0,0,183,0,0,22.5,16.9,17.7
2026-07-17T12:55:16Z,0,0,0,0.5,0,0,22.1,849.6,22.3,22.5,57.3,350,1248,0,0,184,0.2,0.2,22.4,16.9,17.6
2026-07-17T13:10:41Z,0,0,0,0.5,0,0,21.9,849.6,22.2,22,59.6,343,1161,0,0,184,0.2,0.2,21.9,16.8,17.3
2026-07-17T13:25:49Z,0,0,0,0.4,0,0,21.6,849.5,21.9,22,58.5,328,1014,0,0.2,173,0.7,0.7,21.9,16.6,17.3
2026-07-17T13:40:58Z,0,0,0,0.3,0,0,21.9,849.5,22.2,22.4,58.9,316,884,0,0.2,173,1.1,1.1,22.3,17,17.5
2026-07-17T13:56:49Z,0,0,0,0.4,0,0,21.6,849.5,21.8,22,59.4,330,1038,0,0.1,173,0.4,0.4,21.9,16.7,17.2
2026-07-17T14:11:57Z,0,0,0,0.3,0,0,21.5,849.5,21.7,22,60.9,314,854,0,0,172,0,0,21.9,16.9,17.2
2026-07-17T14:27:53Z,0,0,0,0.2,0,0,21.3,849.7,21.5,21.8,62.5,299,686,0,0.3,116,1.5,1.5,21.7,17,17.1
2026-07-17T14:43:02Z,0,0,0,0.2,0,0,20.6,849.9,20.8,21.1,65.6,287,561,0,0,97,0.2,0.2,21,16.7,16.5
2026-07-17T14:58:11Z,0,0,0,0.1,0,0,20.2,850.1,20.4,20.7,67.2,271,383,0,0.6,97,1.4,1.4,20.6,16.6,16.1
2026-07-17T15:13:19Z,0,0,0,0.1,0,0,19.7,850.2,19.9,20.2,68.9,270,353,0,0.6,97,2.2,2.2,20.1,16.3,15.7
2026-07-17T15:28:47Z,0,0,0,0,0,0,19.4,850.2,19.6,19.8,70.3,263,288,0,0.2,90,0.7,0.7,19.7,16.1,15.3
2026-07-17T15:43:56Z,0,0,0,0,0,0,19,850.6,19.1,19.4,71.3,259,256,0,0.8,79,3.3,3.3,19.4,15.9,15
2026-07-17T15:59:04Z,0,0,0,0,0,0,18.8,850.6,18.9,19.2,72.4,262,253,0,0.1,98,0.7,0.7,19.1,15.8,14.8
2026-07-17T16:14:13Z,0,0,0,0,0,0,18.6,850.8,18.8,19,72.6,260,253,0,0.1,98,0.7,0.7,19,15.7,14.6
2026-07-17T16:29:21Z,0,0,0,0,0,0,18.5,850.9,18.6,18.9,72.9,260,254,0,0.1,98,0.4,0.4,18.9,15.6,14.5
2026-07-17T16:44:29Z,0,0,0,0,0,0,18.5,850.9,18.7,18.9,72.9,260,254,0,0.5,98,1.7,1.7,18.8,15.6,14.5
2026-07-17T16:59:51Z,0,0,0,0,0,0,18.4,851.1,18.6,18.8,73.1,261,254,0,0.1,98,0.4,0.4,18.7,15.5,14.4
2026-07-17T17:14:59Z,0,0,0,0,0,0,18.3,851.2,18.5,18.7,73.5,261,254,0,0.4,99,1.1,1.1,18.6,15.5,14.3
2026-07-17T17:30:07Z,0,0,0,0,0,0,18.2,851.1,18.4,18.6,73.3,260,252,0,0.3,99,1.1,1.1,18.5,15.4,14.2
2026-07-17T17:45:15Z,0,0,0,0,0,0,18.1,851.1,18.3,18.6,72.9,259,253,0,0.6,189,1.1,1.1,18.5,15.3,14.2
2026-07-17T18:00:23Z,0,0,0,0,0,0,18.1,851.3,18.2,18.5,72.9,258,254,0,0.2,189,0.7,0.7,18.4,15.2,14.1
2026-07-17T18:15:32Z,0,0,0,0,0,0,18,851.6,18.2,18.4,71.9,259,255,0,0.5,189,2,2,18.3,15,14
2026-07-17T18:30:55Z,0,0,0,0,0,0,17.9,851.6,18.1,18.3,72.1,260,253,0,0.3,189,0.9,0.9,18.2,14.9,13.9
2026-07-17T18:46:04Z,0,0,0,0,0,0,17.9,851.7,18.1,18.3,72.1,260,253,0,0,188,0,0,18.2,14.9,13.9
2026-07-17T19:01:12Z,0,0,0,0,0,0,17.9,851.8,18.1,18.2,70.7,260,254,0,0.2,179,0.4,0.4,18.1,14.7,13.8
2026-07-17T19:17:05Z,0,0,0,0,0,0,17.8,851.9,18,18.2,70.5,261,253,0,0.1,179,0.7,0.7,18,14.7,13.8
2026-07-17T19:32:13Z,0,0,0,0,0,0,17.7,852.1,17.9,18.1,71.1,261,253,0,0.2,173,0.4,0.4,17.9,14.6,13.7
2026-07-17T19:47:22Z,0,0,0,0,0,0,17.6,852.2,17.8,18,71.5,260,254,0,0.1,173,0.7,0.7,17.8,14.6,13.6
2026-07-17T20:02:30Z,0,0,0,0,0,0,17.5,852.4,17.7,17.9,71.8,261,253,0,0.2,95,0.9,0.9,17.7,14.5,13.5
2026-07-17T20:17:39Z,0,0,0,0,0,0,17.4,852.4,17.6,17.8,72.5,260,254,0,0,95,0,0,17.7,14.6,13.4
2026-07-17T20:33:01Z,0,0,0,0,0,0,17.4,852.3,17.6,17.8,72.7,260,253,0,0,95,0.2,0.2,17.6,14.5,13.4
2026-07-17T20:48:10Z,0,0,0,0,0,0,17.3,852.4,17.5,17.7,72.8,260,253,0,0,95,0,0,17.6,14.5,13.3
2026-07-17T21:03:19Z,0,0,0,0,0,0,17.3,852.2,17.4,17.7,73,259,253,0,0,95,0.4,0.4,17.5,14.5,13.3
2026-07-17T21:18:27Z,0,0,0,0,0,0,17.2,852.1,17.4,17.6,73.4,260,253,0,0,95,0,0,17.5,14.5,13.2
2026-07-17T21:33:36Z,0,0,0,0,0,0,17.2,852,17.4,17.6,72.8,259,252,0,0,95,0.2,0.2,17.5,14.4,13.2
2026-07-17T21:48:44Z,0,0,0,0,0,0,17.2,851.9,17.4,17.6,72.4,260,253,0,0,95,0,0,17.4,14.3,13.2
2026-07-17T22:04:06Z,0,0,0,0,0,0,17.2,851.8,17.4,17.6,72.3,260,252,0,0.1,95,0.7,0.7,17.4,14.3,13.2
2026-07-17T22:19:14Z,0,0,0,0,0,0,17.2,851.7,17.3,17.6,72.5,260,254,0,0,95,0.2,0.2,17.4,14.3,13.2
2026-07-17T22:34:22Z,0,0,0,0,0,0,17.1,851.7,17.2,17.5,73,260,253,0,0,95,0,0,17.3,14.3,13.1
2026-07-17T22:49:31Z,0,0,0,0,0,0,17,851.5,17.2,17.4,75.1,260,253,0,0,95,0,0,17.3,14.5,13.1
2026-07-17T23:04:39Z,0,0,0,0,0,0,16.9,851.4,17.1,17.3,76.7,260,253,0,0.2,95,1.1,1.1,17.2,14.6,13
2026-07-17T23:19:48Z,0,0,0,0,0,0,16.8,851.4,16.9,17.2,77.7,261,253,0,0.3,95,0.9,0.9,17.1,14.6,12.9
2026-07-17T23:35:14Z,0,0,0,0,0,0,16.7,851.2,16.8,17.1,78.4,260,253,0,0.1,95,0.4,0.4,17,14.6,12.8
2026-07-17T23:50:22Z,0,0,0,0,0,0,16.6,851,16.8,17,79,260,254,0,0,95,0,0,17,14.6,12.7
2026-07-18T00:00:28Z,0,0,0,0,0,0,16.6,851.1,16.7,16.9,79.4,259,253,0,0.1,95,0.4,0.4,16.8,14.5,12.6
2026-07-18T00:15:36Z,0,0,0,0,0,0,16.3,851,16.4,16.7,80,260,253,0,0,95,0,0,16.6,14.4,12.4
2026-07-18T00:30:45Z,0,0,0,0,0,0,15.8,851.1,16.1,16.2,80.8,261,254,0,0,95,0,0,16.1,14,11.9
2026-07-18T00:46:09Z,0,0,0,0,0,0,15.4,851.1,15.8,15.9,81.3,261,254,0,0,95,0,0,15.8,13.7,11.6
2026-07-18T01:01:17Z,0,0,0,0,0,0,15.1,851.2,15.4,15.5,82.1,261,253,0,0,95,0,0,15.4,13.4,11.2
2026-07-18T01:16:27Z,0,0,0,0,0,0,14.7,851.2,15,15.1,82,261,253,0,0,95,0,0,15,13.1,10.8
2026-07-18T01:31:35Z,0,0,0,0,0,0,14.3,851.4,14.6,14.7,83.2,261,254,0,0,95,0,0,14.6,12.8,10.4
2026-07-18T01:46:44Z,0,0,0,0,0,0,14.1,851.4,14.5,14.6,83.9,260,254,0,0,95,0.2,0.2,14.4,12.8,10.2
2026-07-18T02:02:10Z,0,0,0,0,0,0,13.9,851.5,14.2,14.4,85.1,261,254,0,0.7,95,1.7,1.7,14.2,12.7,10
2026-07-18T02:17:19Z,0,0,0,0,0,0,13.7,851.5,14,14.1,86.6,259,253,0,0.8,95,2.2,2.2,14,12.6,9.8
2026-07-18T02:32:27Z,0,0,0,0,0,0,13.5,851.7,13.9,14,87.8,260,253,0,0,95,0,0,13.9,12.6,9.7
2026-07-18T02:47:36Z,0,0,0,0,0,0,13.4,851.8,13.7,13.8,88.7,259,254,0,0,95,0,0,13.7,12.5,9.4
2026-07-18T03:02:45Z,0,0,0,0,0,0,13.3,851.9,13.6,13.7,89.4,260,253,0,0,95,0,0,13.6,12.5,9.3
2026-07-18T03:18:14Z,0,0,0,0,0,0,13.2,852.1,13.5,13.7,89.7,260,255,0,0,95,0,0,13.6,12.5,9.3
2026-07-18T03:33:23Z,0,0,0,0,0,0,13.2,852.2,13.5,13.7,89.9,261,267,0,0,95,0,0,13.6,12.5,9.3
2026-07-18T03:48:32Z,0,0,0,0.1,0,0,13.2,852.2,13.5,13.6,90,268,354,0,0,95,0,0,13.5,12.4,9.2
2026-07-18T04:03:41Z,0,0,0,0.2,0,0,13.4,852.1,13.6,13.8,90.3,285,557,0,0,95,0.2,0.2,13.7,12.7,9.4
2026-07-18T04:19:32Z,0,0,0,0.2,0,0,14,852.4,14.4,14.4,89,303,741,0,0,95,0,0,14.3,13.1,10.1
2026-07-18T04:34:56Z,0,0,0,0.3,0,0,14.6,852.5,14.9,14.8,86.8,307,681,0,0,95,0,0,14.7,13.3,10.5
2026-07-18T04:50:05Z,0,0,0,0.3,0,0,14.6,852.5,14.9,14.8,86,310,701,0,0,95,0,0,14.7,13.2,10.5
2026-07-18T05:05:15Z,0,0,0,0.3,0,0,14.8,852.5,15.2,15,86,320,782,0,0,95,0,0,14.9,13.4,10.7
2026-07-18T05:20:24Z,0,0,0,0.8,0,0,16.4,852.6,16.7,16.1,83.3,406,2060,0,0,95,0.2,0.2,16,14.2,11.8
2026-07-18T05:35:33Z,0,0,0,1.4,0,0,18.3,852.6,18.7,17.8,76.1,512,3245,0,0,95,0,0,17.7,14.9,13.4
2026-07-18T05:50:58Z,0,0,0,1,0,0,18.6,852.7,19.2,18.4,72.9,449,2379,0,0,95,0,0,18.3,15.1,14
2026-07-18T06:06:06Z,0,0,0,0.9,0,0,18.8,852.8,19.2,18.9,71.8,416,2018,0,0,95,0.2,0.2,18.8,15.4,14.4
2026-07-18T06:21:15Z,0,0,0,1.1,0,0,18.1,853,18.6,18.1,73.5,456,2458,0,0.6,95,0.9,0.9,18,14.9,13.7
2026-07-18T06:36:23Z,0,0,0,1,0,0,18.7,853,19.1,18.9,71.3,442,2288,0,0.5,95,1.1,1.1,18.8,15.4,14.5
2026-07-18T06:51:31Z,0,0,0,1,0,0,19.5,852.9,19.7,19.9,68.6,449,2336,0,0,95,0.2,0.2,19.8,16,15.4
2026-07-18T07:06:38Z,0,0,0,0.9,0,0,20.1,853,19.9,20,68.5,423,2078,0,0,95,0.2,0.2,19.9,16.1,15.5
2026-07-18T07:22:01Z,0,0,0,1.5,0,0,19.6,852.8,19.8,19.6,68.4,534,3333,0,0.2,95,0.9,0.9,19.5,15.7,15.1
2026-07-18T07:37:09Z,0,0,0,1.6,0,0,22.1,852.9,22.6,22.1,62.1,562,3574,0,0.1,95,0.2,0.2,22.1,17.2,17.4
2026-07-18T07:52:16Z,0,0,0,2,0,0,22,852.8,22.8,22.2,60.6,623,4161,0,0.4,95,0.7,0.7,22.1,17.1,17.4
2026-07-18T08:07:24Z,0,0,0,2.8,0,0,22.4,852.5,22.6,22.2,61,789,6164,0,0,95,0.2,0.2,22.2,17.1,17.4
2026-07-18T08:22:32Z,0,0,0,3.2,0,0,22.9,852.4,23.2,22.5,58,864,7190,0,0.5,95,1.7,1.7,22.4,16.9,17.6
2026-07-18T08:37:40Z,0,0,0,3.3,0,0,24.1,852.2,24.9,24.4,53.3,868,7081,0,0.1,95,0.4,0.4,24.4,18,19.3
2026-07-18T08:53:06Z,0,0,0,3.1,0,0,24.8,852,25.3,25.2,52.2,843,6726,0,0.1,95,0.4,0.4,25.2,18.5,19.9
2026-07-18T09:08:14Z,0,0,0,3.1,0,0,25.8,851.9,26.2,26.1,49.8,829,6563,0,0.1,95,1.1,1.1,26.1,18.9,20.6
2026-07-18T09:23:21Z,0,0,0,3,0,0,24.6,851.7,25.2,24.5,51.4,825,6597,0,1.3,248,2.4,2.4,24.5,17.8,19.3
2026-07-18T09:38:29Z,0,0,0,3.2,0,0,25.2,851.5,25.8,25.6,48.9,858,6831,0,1.1,188,2.4,2.4,25.6,18.4,20.2
2026-07-18T09:53:36Z,0,0,0,3.2,0,0,25.7,851.1,25.9,25.6,49.7,848,6735,0,0,100,0.4,0.4,25.6,18.5,20.2
2026-07-18T10:08:44Z,0,0,0,1.8,0,0,25.4,851.1,25.8,25.3,50.2,588,3475,0,0.4,247,1.1,1.1,25.2,18.3,19.9
2026-07-18T10:24:10Z,0,0,0,3.3,0,0,25.2,850.9,25.9,25.3,48.8,878,7317,0,1,237,2,2,25.2,18,19.9
2026-07-18T10:39:19Z,0,0,0,3.6,0,0,26.5,850.6,27.3,27.2,43.9,921,7677,0,0.8,168,2,2,27.3,18.9,21.5
2026-07-18T10:55:18Z,0,0,0,1.2,0,0,25.5,850.4,26.1,25.7,45.4,478,2593,0,0.2,175,0.7,0.7,25.6,17.9,20.2
2026-07-18T11:10:25Z,0,0,0,3,0,0,25.8,850.3,26.2,26,45.9,824,7018,0,0.1,199,0.4,0.4,25.9,18.2,20.4
2026-07-18T11:25:32Z,0,0,0,1.7,0,0,27.4,850,27.4,27.9,42.6,576,3737,0,0,198,0,0,27.7,19.2,21.8
2026-07-18T11:40:39Z,0,0,0,1.3,0,0,26.8,849.8,27.2,26.9,44.4,500,2844,0,0.9,199,1.7,1.7,27,18.7,21.3
2026-07-18T11:55:47Z,0,0,0,1.4,0,0,26.5,849.5,27,26.9,43.4,522,3089,0,0.7,199,2,2,27,18.5,21.3
2026-07-18T12:11:13Z,0,0,0,1,0,0,25.8,849.4,26.2,26.3,44.5,449,2300,0,1.2,178,2.6,2.6,26.2,18.2,20.7
2026-07-18T12:26:21Z,0,0,0,0.6,0,0,25.7,849.4,26.1,26.1,45.9,369,1469,0,0.4,204,1.5,1.5,26,18.3,20.5
2026-07-18T12:41:29Z,0,0,0,0.5,0,0,25.1,849.3,25.4,25.5,49.8,354,1216,0,0.2,170,0.9,0.9,25.5,18.4,20.1
2026-07-18T12:56:37Z,0,0,0,1.3,0,0,25.1,849.2,25.5,25.6,49.9,500,3041,0,0.8,179,2.4,2.4,25.6,18.5,20.2
2026-07-18T13:11:45Z,0,0,0,0.9,0,0,25.8,849.2,26.3,26.5,47.8,431,2005,0,0.4,215,1.1,1.1,26.4,18.9,20.9
2026-07-18T13:26:53Z,0,0,0,0.4,0,0,25,849.3,25.2,25.6,51.8,329,973,0,0.7,102,3.1,3.1,25.6,18.8,20.2
2026-07-18T13:42:17Z,0,0,0,0.3,0,0,24.2,849.3,24.4,24.7,53.7,317,853,0,1.4,69,2.2,2.2,24.7,18.3,19.5
2026-07-18T13:57:25Z,0,0,0,0.4,0,0,24.2,849.1,24.4,24.6,54.8,330,1010,0,0,65,0,0,24.6,18.4,19.4
2026-07-18T14:12:33Z,0,0,0,0.1,0,0,24.1,849.4,24.2,24.4,55.9,268,351,0,0.8,29,2,2,24.4,18.4,19.3
2026-07-18T14:27:42Z,0,0,0,0.1,0,0,22.2,849.7,22.3,22.6,63.1,271,372,0,0.6,77,1.3,1.3,22.6,17.8,17.8
2026-07-18T14:42:50Z,0,0,0,0.1,0,0,21.9,849.7,22,22.2,64.6,283,522,0,0.1,29,0.4,0.4,22.2,17.7,17.5
2026-07-18T14:57:58Z,0,0,0,0.2,0,0,21.9,849.7,22.1,22.3,65,285,509,0,0.1,46,0.4,0.4,22.3,17.7,17.5
2026-07-18T15:13:26Z,0,0,0,0.1,0,0,21.5,850,21.6,21.7,67.6,277,415,0,0,85,0,0,21.7,17.6,17.1
2026-07-18T15:28:33Z,0,0,0,0.1,0,0,21,850,21.1,21.3,69.1,266,299,0,0,85,0,0,21.3,17.4,16.7
2026-07-18T15:43:42Z,0,0,0,0,0,0,20.5,850.1,20.6,20.9,71.2,261,260,0,0,96,0,0,20.9,17.2,16.3
2026-07-18T15:58:49Z,0,0,0,0,0,0,20.4,850.3,20.5,20.7,71.8,260,253,0,0,96,0,0,20.7,17.2,16.2
2026-07-18T16:13:57Z,0,0,0,0,0,0,20.3,850.5,20.5,20.7,70.9,261,254,0,0.8,82,2.8,2.8,20.7,17,16.2
2026-07-18T16:29:23Z,0,0,0,0,0,0,20.5,850.4,20.7,20.8,67,260,254,0,0,107,0,0,20.8,16.7,16.2
2026-07-18T16:44:31Z,0,0,0,0,0,0,20.5,850.6,20.6,20.8,64.7,262,254,0,0.6,124,1.7,1.7,20.7,16.4,16.2
2026-07-18T16:59:40Z,0,0,0,0,0,0,20.3,850.8,20.4,20.6,64.6,260,253,0,0,116,0.4,0.4,20.6,16.2,16.1
2026-07-18T17:14:48Z,0,0,0,0,0,0,20.3,850.9,20.5,20.6,64.5,259,254,0,0,119,0,0,20.5,16.1,16
2026-07-18T17:29:57Z,0,0,0,0,0,0,20.2,851.1,20.4,20.5,64.8,259,253,0,0,118,0,0,20.4,16.1,15.9
2026-07-18T17:45:34Z,0,0,0,0,0,0,20.2,851.3,20.4,20.5,67.1,261,253,0,0,118,0,0,20.5,16.4,16
2026-07-18T18:00:42Z,0,0,0,0,0,0,20,851.4,20.2,20.3,68.1,260,253,0,0,118,0,0,20.3,16.3,15.8
2026-07-18T18:15:50Z,0,0,0,0,0,0,19.7,851.4,19.9,20.1,67.3,262,253,0,0,118,0,0,20,16,15.5
2026-07-18T18:30:58Z,0,0,0,0,0,0,19.7,851.6,19.9,20.1,66,262,253,0,0,164,0,0,20,15.9,15.5
2026-07-18T18:46:06Z,0,0,0,0,0,0,19.8,851.6,20,20.1,65,261,254,0,0,164,0,0,20,15.8,15.6
2026-07-18T19:01:29Z,0,0,0,0,0,0,20,851.7,20.1,20.3,63.2,259,253,0,0.3,173,2.4,2.4,20.1,15.7,15.7
2026-07-18T19:16:37Z,0,0,0,0,0,0,20.1,851.7,20.2,20.4,60.8,260,254,0,0.5,186,1.1,1.1,20.2,15.5,15.8
2026-07-18T19:31:44Z,0,0,0,0,0,0,20,851.7,20.2,20.4,60.1,260,253,0,0.2,184,0.7,0.7,20.2,15.3,15.7
2026-07-18T19:46:52Z,0,0,0,0,0,0,19.5,851.7,19.8,19.9,60.5,260,252,0,0.5,185,1.5,1.5,19.7,15,15.3
2026-07-18T20:02:01Z,0,0,0,0,0,0,19.1,851.7,19.2,19.5,60,260,254,0,0.5,149,2.6,2.6,19.3,14.5,14.9
2026-07-18T20:17:26Z,0,0,0,0,0,0,18.5,851.7,18.7,19,61,260,253,0,0.3,164,0.9,0.9,18.7,14.2,14.4
2026-07-18T20:32:34Z,0,0,0,0,0,0,18,851.8,18.2,18.4,62.6,260,253,0,0.1,155,0.7,0.7,18.2,13.9,13.9
2026-07-18T20:47:42Z,0,0,0,0,0,0,17.5,851.7,17.6,17.9,64.3,260,254,0,0,113,0,0,17.6,13.6,13.4
2026-07-18T21:03:33Z,0,0,0,0,0,0,17,851.8,17.1,17.4,65.7,259,254,0,0.3,90,0.9,0.9,17.2,13.4,13
2026-07-18T21:18:41Z,0,0,0,0,0,0,16.6,851.7,16.8,17,67.4,261,253,0,0,100,0,0,16.7,13.2,12.5
2026-07-18T21:33:50Z,0,0,0,0,0,0,16.2,851.5,16.2,16.5,69.6,261,254,0,0,100,0.4,0.4,16.3,13,12
2026-07-18T21:48:58Z,0,0,0,0,0,0,15.8,851.4,16.1,16.1,71.1,261,253,0,0,79,0,0,15.9,12.8,11.7
2026-07-18T22:04:06Z,0,0,0,0,0,0,15.7,851.4,16,16,71.1,260,252,0,0,94,0,0,15.8,12.7,11.6
2026-07-18T22:19:30Z,0,0,0,0,0,0,15.4,851.3,15.8,15.7,73,260,253,0,0,95,0,0,15.5,12.6,11.3
2026-07-18T22:34:38Z,0,0,0,0,0,0,15,851,15.3,15.4,74.6,260,252,0,0,120,0,0,15.2,12.5,11
2026-07-18T22:49:47Z,0,0,0,0,0,0,14.7,851,14.9,15.1,75.3,260,254,0,0,120,0,0,14.8,12.3,10.6
2026-07-18T23:04:55Z,0,0,0,0,0,0,14.4,850.9,14.8,14.9,77.4,260,255,0,0,120,0,0,14.7,12.3,10.5
2026-07-18T23:20:03Z,0,0,0,0,0,0,14.3,850.8,14.6,14.7,77.3,260,253,0,0,120,0,0,14.5,12.2,10.3
2026-07-18T23:35:12Z,0,0,0,0,0,0,14.2,850.7,14.5,14.6,77.7,260,253,0,0,120,0,0,14.4,12.1,10.2
2026-07-18T23:50:33Z,0,0,0,0,0,0,13.8,850.6,14.1,14.2,79.2,261,253,0,0,120,0,0,14,11.9,9.8
2026-07-19T00:00:38Z,0,0,0,0,0,0,13.6,850.6,13.8,14,80.2,261,251,0,0,120,0,0,13.8,11.8,9.6
2026-07-19T00:15:47Z,0,0,0,0,0,0,13.4,850.4,13.7,13.9,82.2,261,253,0,0,120,0,0,13.6,11.9,9.4
2026-07-19T00:30:55Z,0,0,0,0,0,0,13.2,850.5,13.5,13.6,82.2,259,253,0,0,120,0,0,13.4,11.6,9.2
2026-07-19T00:46:04Z,0,0,0,0,0,0,12.9,850.4,13.2,13.3,83.8,261,254,0,0,120,0,0,13.1,11.5,8.9
2026-07-19T01:01:12Z,0,0,0,0,0,0,12.6,850.4,12.9,13.1,85.3,260,252,0,0,120,0,0,12.9,11.4,8.6
2026-07-19T01:16:21Z,0,0,0,0,0,0,12.6,850.5,12.8,13,86.5,260,253,0,0,120,0,0,12.8,11.5,8.5
2026-07-19T01:31:43Z,0,0,0,0,0,0,12.5,850.6,12.9,13,87,260,253,0,0,120,0,0,12.9,11.6,8.6
2026-07-19T01:46:51Z,0,0,0,0,0,0,12.3,850.7,12.6,12.8,87.2,261,254,0,0,120,0,0,12.6,11.4,8.3
2026-07-19T02:02:00Z,0,0,0,0,0,0,12.2,851.1,12.4,12.6,87.6,260,254,0,0,120,0,0,12.4,11.2,8.1
2026-07-19T02:17:08Z,0,0,0,0,0,0,12.1,851,12.4,12.5,87.9,261,254,0,0,81,0,0,12.3,11.2,8
2026-07-19T02:32:17Z,0,0,0,0,0,0,12,851.2,12.3,12.4,88.5,260,252,0,0,81,0.2,0.2,12.2,11.2,7.9
2026-07-19T02:47:40Z,0,0,0,0,0,0,11.9,851.3,12.2,12.4,88.9,260,254,0,0,81,0,0,12.2,11.1,7.9
2026-07-19T03:02:48Z,0,0,0,0,0,0,11.8,851.6,12.2,12.3,89.1,260,253,0,0,81,0,0,12.1,11.1,7.8
2026-07-19T03:18:40Z,0,0,0,0,0,0,11.6,851.8,11.9,12.1,89.5,260,255,0,0,81,0,0,11.9,10.9,7.6
2026-07-19T03:34:04Z,0,0,0,0,0,0,11.4,851.9,11.6,11.8,90.4,261,269,0,0,81,0,0,11.6,10.8,7.3
2026-07-19T03:49:12Z,0,0,0,0.1,0,0,11.2,852.1,11.4,11.6,90.6,269,336,0,0,81,0,0,11.4,10.6,7.1
2026-07-19T04:04:19Z,0,0,0,0.1,0,0,11.1,852.2,11.4,11.6,91.4,280,453,0,0,81,0,0,11.4,10.6,7
2026-07-19T04:19:27Z,0,0,0,0.2,0,0,11.7,852.3,12.1,12.1,91.6,297,663,0,0,81,0,0,12,11.2,7.6
2026-07-19T04:34:35Z,0,0,0,0.3,0,0,12.7,852.3,13.1,12.9,89.2,308,710,0,0,80,0,0,12.7,11.6,8.4
2026-07-19T04:49:43Z,0,0,0,0.5,0,0,13.8,852.4,14.1,13.8,85.4,348,1315,0,1.2,75,2,2,13.6,12.1,9.4
2026-07-19T05:05:07Z,0,0,0,0.6,0,0,15.2,852.5,15.4,14.7,81.7,379,1684,0,0,328,0.4,0.4,14.5,12.6,10.3
2026-07-19T05:20:15Z,0,0,0,0.8,0,0,17.2,852.7,17.4,16.6,76.8,414,2089,0,0.2,70,0.9,0.9,16.4,13.9,12.2
2026-07-19T05:35:23Z,0,0,0,1,0,0,18.5,852.7,18.9,18,71.1,450,2483,0,0.2,82,0.7,0.7,17.9,14.6,13.6
2026-07-19T05:50:31Z,0,0,0,1.2,0,0,18.3,852.9,18.3,18.1,69.3,483,2862,0,0.2,125,0.7,0.7,17.9,14.4,13.7
2026-07-19T06:05:38Z,0,0,0,1.4,0,0,18.2,853.1,18.8,18.5,68.8,524,3312,0,0,119,0.2,0.2,18.3,14.7,14
2026-07-19T06:20:46Z,0,0,0,1.6,0,0,17.8,853,19,18.1,70.1,563,3737,0,0,139,0,0,17.9,14.5,13.6
2026-07-19T06:36:19Z,0,0,0,1.8,0,0,19.3,853,20.2,19.5,64.4,599,4117,0,0.6,152,1.5,1.5,19.4,15.2,15
2026-07-19T06:51:26Z,0,0,0,2,0,0,19.6,853,19.8,20,63,632,4485,0,0.1,86,0.7,0.7,19.8,15.4,15.4
2026-07-19T07:06:33Z,0,0,0,2.2,0,0,19.7,852.9,20.1,20.2,62.1,661,4815,0,0.4,124,1.1,1.1,20.1,15.5,15.6
2026-07-19T07:21:41Z,0,0,0,2.3,0,0,20.7,852.8,21.1,21.2,60.1,688,5117,0,0.2,110,1.5,1.5,21.1,16.1,16.5
2026-07-19T07:36:49Z,0,0,0,2.4,0,0,20.9,852.7,20.9,21,60.8,702,5300,0,0.1,23,0.7,0.7,20.8,16,16.3
2026-07-19T07:52:14Z,0,0,0,2.6,0,0,20.9,852.5,21.8,21.5,59.1,744,5741,0,0.7,156,1.3,1.3,21.3,16.2,16.7
2026-07-19T08:07:22Z,0,0,0,2.7,0,0,21.2,852.4,21.3,21.9,57.1,758,5884,0,0.5,77,1.5,1.5,21.7,16.3,17.1
2026-07-19T08:22:29Z,0,0,0,2.9,0,0,22.5,852.1,23,23.1,54.9,800,6281,0,0.4,48,0.7,0.7,23,17.1,18.2
2026-07-19T08:37:37Z,0,0,0,3,0,0,23,852,23.4,23.7,53.8,810,6399,0,0.1,48,0.7,0.7,23.6,17.4,18.6
2026-07-19T08:52:44Z,0,0,0,3,0,0,22.9,851.8,23.1,23.3,53.8,825,6551,0,0.2,341,0.7,0.7,23.2,17.1,18.3
2026-07-19T09:07:52Z,0,0,0,3.2,0,0,23.6,851.6,24,24.2,51.7,844,6730,0,0.2,142,1.1,1.1,24.2,17.6,19.1
2026-07-19T09:23:17Z,0,0,0,3.1,0,0,24.2,851.2,24.6,24.3,53.1,843,6726,0,0.2,166,0.7,0.7,24.2,17.8,19.1
2026-07-19T09:38:25Z,0,0,0,3.2,0,0,25,851,25.5,25.6,47.7,850,6771,0,0.6,188,1.1,1.1,25.5,18.1,20.2
2026-07-19T09:54:23Z,0,0,0,3.2,0,0,24.3,850.8,25.1,24.6,51.4,852,6783,0,0,188,0.2,0.2,24.6,17.9,19.4
2026-07-19T10:09:25Z,0,0,0,3.2,0,0,25.2,850.3,25.6,24.9,48.4,848,6718,0,0.8,184,1.3,1.3,24.8,17.6,19.6
2026-07-19T10:24:27Z,0,0,0,3.1,0,0,25.4,850.1,26.1,25.6,47,829,6535,0,0.3,162,0.7,0.7,25.6,18.1,20.2
2026-07-19T10:39:34Z,0,0,0,3,0,0,25.9,849.9,25.9,26.7,45.6,816,6381,0,0.4,56,2,2,26.9,18.7,21.2
2026-07-19T10:54:42Z,0,0,0,2.9,0,0,25.9,849.7,26.7,26.6,45.6,798,6182,0,0.1,169,0.4,0.4,26.6,18.7,21
2026-07-19T11:09:49Z,0,0,0,2.8,0,0,25.8,849.4,26.7,26.5,45.1,782,5978,0,0.9,156,1.8,1.8,26.4,18.4,20.8
2026-07-19T11:25:29Z,0,0,0,2.1,0,0,26.8,849.2,27.2,27.5,43.1,654,4512,0,0.8,135,2.4,2.4,27.4,19,21.6
2026-07-19T11:40:37Z,0,0,0,2.5,0,0,27.2,849,27.3,27.9,42.1,730,5431,0,0,123,0.2,0.2,27.8,19.2,21.8
2026-07-19T11:55:44Z,0,0,0,2.3,0,0,26.6,848.9,27.1,27.4,42.1,687,5005,0,1.1,122,2.2,2.2,27.3,18.7,21.5
2026-07-19T12:10:52Z,0,0,0,2.2,0,0,27.7,848.6,27.8,28.6,39.9,660,4706,0,0.2,88,0.7,0.7,28.2,19.3,22.2
2026-07-19T12:26:20Z,0,0,0,2.1,0,0,28.3,848.5,28.4,29.1,38.8,655,4791,0,0,293,0,0,28.6,19.5,22.4
2026-07-19T12:41:28Z,0,0,0,2,0,0,27.7,848.5,27.8,28.7,39.4,631,4501,0,0.1,78,0.7,0.7,28.3,19.3,22.2
2026-07-19T12:56:35Z,0,0,0,1.8,0,0,27.7,848.4,27.9,28.9,40,584,3977,0,0,117,0,0,28.5,19.6,22.4
2026-07-19T13:11:42Z,0,0,0,0.9,0,0,27.9,848.4,28.4,29,40.2,436,2124,0,0,111,0,0,28.7,19.7,22.5
2026-07-19T13:26:50Z,0,0,0,1.3,0,0,27.6,848.4,27.9,28.5,40,504,3107,0,1,71,1.5,1.5,28.2,19.3,22.1
2026-07-19T13:41:57Z,0,0,0,1,0,0,27.5,848.3,27.8,28.8,39.1,440,2313,0,1.1,76,2.6,2.6,28.3,19.3,22.2
2026-07-19T13:57:22Z,0,0,0,0.8,0,0,27.2,848.3,27.6,28.3,39.7,413,1998,0,0.7,60,1.5,1.5,27.9,19,21.9
2026-07-19T14:12:30Z,0,0,0,0.4,0,0,25.8,848.3,26.2,26.6,43.3,324,893,0,0.2,167,0.8,0.8,26.5,18.3,20.9
2026-07-19T14:27:38Z,0,0,0,0.4,0,0,25.4,848.4,25.6,25.9,45.5,325,919,0,1.1,49,2.8,2.8,25.8,18,20.4
2026-07-19T14:42:45Z,0,0,0,0.3,0,0,25.1,848.5,25.2,25.6,46.7,305,676,0,0.1,101,0.7,0.7,25.5,18,20.2
2026-07-19T14:58:28Z,0,0,0,0.2,0,0,24.5,848.6,24.7,24.9,48.1,284,464,0,0.2,106,0.7,0.7,24.8,17.6,19.6
2026-07-19T15:13:35Z,0,0,0,0.1,0,0,24,848.7,24.2,24.4,49.2,277,415,0,0.3,145,2.2,2.2,24.3,17.4,19.2
2026-07-19T15:28:43Z,0,0,0,0.1,0,0,23.6,848.7,23.7,24,51,266,303,0,0,163,0.2,0.2,23.9,17.3,18.9
2026-07-19T15:43:50Z,0,0,0,0,0,0,23.1,848.9,23.4,23.5,52.2,260,260,0,0.2,155,0.9,0.9,23.3,17,18.4
2026-07-19T15:58:58Z,0,0,0,0,0,0,22.9,848.9,23,23.2,53.1,261,254,0,0,134,0,0,23.1,16.9,18.2
2026-07-19T16:14:06Z,0,0,0,0,0,0,22.5,849.1,22.6,22.8,54.1,259,253,0,0,175,0.2,0.2,22.7,16.7,17.9
2026-07-19T16:29:28Z,0,0,0,0,0,0,22.1,849.3,22.3,22.4,55.2,259,254,0,0,152,0.4,0.4,22.3,16.5,17.6
2026-07-19T16:44:36Z,0,0,0,0,0,0,21.7,849.4,21.8,22,56.1,260,253,0,0,152,0.4,0.4,21.9,16.3,17.2
2026-07-19T16:59:43Z,0,0,0,0,0,0,21.5,849.5,21.7,21.8,56.9,260,255,0,0,152,0,0,21.7,16.2,17.1
2026-07-19T17:14:51Z,0,0,0,0,0,0,21.3,849.7,21.4,21.6,57.2,259,253,0,0,152,0,0,21.5,16.1,16.8
2026-07-19T17:29:58Z,0,0,0,0,0,0,21,849.8,21.1,21.3,58,261,253,0,0.3,152,0.7,0.7,21.1,15.9,16.6
2026-07-19T17:45:06Z,0,0,0,0,0,0,21,849.9,21.2,21.3,58.9,260,254,0,0,151,0,0,21.1,16,16.6
2026-07-19T18:00:31Z,0,0,0,0,0,0,20.7,850.1,20.8,21,59.8,261,254,0,0,151,0,0,20.8,15.8,16.3
2026-07-19T18:15:39Z,0,0,0,0,0,0,20.2,850.3,20.3,20.6,60.9,261,254,0,0,151,0,0,20.4,15.7,16
2026-07-19T18:30:47Z,0,0,0,0,0,0,19.9,850.4,20.1,20.2,61.3,261,254,0,0,93,0.4,0.4,20.1,15.4,15.6
2026-07-19T18:45:54Z,0,0,0,0,0,0,19.5,850.4,19.6,19.8,62.1,261,253,0,0.1,90,0.4,0.4,19.7,15.1,15.3
2026-07-19T19:01:02Z,0,0,0,0,0,0,19.2,850.7,19.4,19.6,63,259,254,0,0.1,96,0.7,0.7,19.4,15,15
2026-07-19T19:16:42Z,0,0,0,0,0,0,19.4,850.6,19.6,19.7,62.2,258,254,0,0.1,128,0.4,0.4,19.5,15,15.1
2026-07-19T19:31:50Z,0,0,0,0,0,0,19,850.7,19.2,19.4,62.9,260,254,0,0,128,0,0,19.2,14.8,14.8
2026-07-19T19:46:57Z,0,0,0,0,0,0,18.6,850.7,18.8,19,64.4,261,254,0,0.1,143,0.4,0.4,18.8,14.7,14.5
2026-07-19T20:02:45Z,0,0,0,0,0,0,18.5,850.8,18.7,18.8,65.6,261,254,0,0,94,0.2,0.2,18.7,14.7,14.3
2026-07-19T20:17:52Z,0,0,0,0,0,0,18.2,850.8,18.4,18.6,67.4,261,254,0,0.1,191,0.2,0.2,18.4,14.6,14.1
2026-07-19T20:33:00Z,0,0,0,0,0,0,17.9,850.9,18.1,18.2,69.5,260,253,0,0.3,105,1.7,1.7,18.1,14.6,13.8
2026-07-19T20:48:08Z,0,0,0,0,0,0,17.6,850.7,17.8,18,71.4,261,253,0,0.1,167,0.7,0.7,17.8,14.6,13.6
2026-07-19T21:03:16Z,0,0,0,0,0,0,17.1,850.6,17.2,17.6,73.2,260,253,0,0,150,0,0,17.4,14.4,13.2
2026-07-19T21:18:40Z,0,0,0,0,0,0,16.8,850.6,16.9,17.2,75.2,260,252,0,0,150,0,0,17,14.3,12.8
2026-07-19T21:33:48Z,0,0,0,0,0,0,16.4,850.5,16.5,16.8,76.7,260,253,0,0,150,0,0,16.7,14.1,12.4
2026-07-19T21:48:56Z,0,0,0,0,0,0,16,850.4,16.3,16.4,78.7,260,253,0,0,150,0,0,16.3,13.9,12.1
2026-07-19T22:04:05Z,0,0,0,0,0,0,15.8,850.3,16.1,16.1,80.6,260,253,0,0,150,0,0,16,13.9,11.8
2026-07-19T22:19:13Z,0,0,0,0,0,0,15.5,850.3,15.9,15.9,81.8,260,254,0,0,150,0,0,15.8,13.8,11.6
2026-07-19T22:34:21Z,0,0,0,0,0,0,15.4,850.1,15.8,15.9,80.6,260,254,0,0,150,0,0,15.7,13.6,11.5
2026-07-19T22:49:44Z,0,0,0,0,0,0,15.2,850,15.5,15.6,81.6,261,254,0,0,150,0.2,0.2,15.5,13.5,11.3
2026-07-19T23:04:52Z,0,0,0,0,0,0,15,849.9,15.3,15.4,82.7,260,254,0,0,150,0,0,15.3,13.4,11.1
2026-07-19T23:20:00Z,0,0,0,0,0,0,14.8,849.8,15.1,15.2,83.7,261,253,0,0,150,0,0,15.1,13.3,10.9
2026-07-19T23:35:08Z,0,0,0,0,0,0,14.5,849.8,14.8,14.9,85.2,259,254,0,0,150,0,0,14.8,13.2,10.6
2026-07-19T23:50:16Z,0,0,0,0,0,0,14.2,849.6,14.5,14.7,86.4,261,254,0,0,150,0,0,14.6,13.1,10.4
2026-07-20T00:00:21Z,0,0,0,0,0,0,14,849.7,14.3,14.4,87.4,259,254,0,0,150,0,0,14.3,13,10.1
2026-07-20T00:15:46Z,0,0,0,0,0,0,13.7,849.8,13.9,14.1,88.4,262,252,0,0,150,0,0,14,12.8,9.8
2026-07-20T00:30:54Z,0,0,0,0,0,0,13.4,850.1,13.7,13.9,90.1,261,252,0,0,150,0,0,13.8,12.7,9.5
2026-07-20T00:46:01Z,0,0,0,0,0,0,13.3,850.1,13.6,13.8,91.3,263,254,0,0,150,0,0,13.7,12.8,9.5
2026-07-20T01:01:09Z,0,0,0,0,0,0,13.4,850.2,13.7,13.8,91.6,258,253,0,0,150,0,0,13.7,12.8,9.5
2026-07-20T01:16:17Z,0,0,0,0,0,0,13.2,850.4,13.5,13.6,91.6,261,253,0,0,150,0,0,13.5,12.7,9.3
2026-07-20T01:31:25Z,0,0,0,0,0,0,13.1,850.4,13.4,13.6,92.7,260,253,0,0,150,0,0,13.5,12.7,9.3
2026-07-20T01:46:50Z,0,0,0,0,0,0,13.4,850.5,13.7,13.9,93.4,261,254,0,0,150,0,0,13.8,13.1,9.6
2026-07-20T02:01:58Z,0,0,0,0,0,0,13.8,850.8,14.1,14.2,93.3,262,253,0,0.1,150,0.7,0.7,14.2,13.4,10
2026-07-20T02:17:12Z,0,0,0,0,0,0,14.1,850.9,14.4,14.4,93,261,253,0,0.1,150,0.4,0.4,14.4,13.6,10.2
2026-07-20T02:32:35Z,0,0,0,0,0,0,14.2,851,14.5,14.6,92.3,261,255,0,0,150,0,0,14.6,13.7,10.4
2026-07-20T02:47:44Z,0,0,0,0,0,0,14.2,850.9,14.4,14.6,92.1,261,252,0,0.1,150,0.4,0.4,14.5,13.6,10.3
2026-07-20T03:02:51Z,0,0,0,0,0,0,14,851,14.3,14.4,92.6,260,254,0,0,150,0.4,0.4,14.4,13.6,10.2
2026-07-20T03:17:59Z,0,0,0,0,0,0,13.8,851.1,14.1,14.2,93.1,259,254,0,0,150,0,0,14.1,13.4,9.9
2026-07-20T03:33:07Z,0,0,0,0,0,0,13.8,851.2,14,14.1,93.7,261,264,0,0,150,0,0,14.1,13.4,9.9
2026-07-20T03:48:15Z,0,0,0,0,0,0,13.8,851.4,14.1,14.3,93.8,264,293,0,0,150,0,0,14.2,13.5,10
2026-07-20T04:03:40Z,0,0,0,0.1,0,0,13.9,851.4,14.2,14.4,93.3,269,349,0,0,150,0,0,14.3,13.6,10.1
2026-07-20T04:18:48Z,0,0,0,0.1,0,0,14.2,851.6,14.5,14.6,92.8,277,434,0,0,150,0,0,14.6,13.8,10.4
2026-07-20T04:33:56Z,0,0,0,0.1,0,0,14.5,851.6,14.8,14.9,91.9,281,481,0,0,150,0,0,14.9,14,10.7
2026-07-20T04:49:04Z,0,0,0,0.3,0,0,14.8,851.7,15.1,15.2,90.7,311,840,0,0.3,150,0.9,0.9,15.2,14.1,11
2026-07-20T05:04:13Z,0,0,0,0.3,0,0,15.4,851.9,15.6,15.7,89,319,913,0,0,150,0.2,0.2,15.7,14.5,11.5
2026-07-20T05:19:35Z,0,0,0,0.4,0,0,15.8,851.9,16,16.1,87.6,333,1059,0,0,150,0.4,0.4,16.1,14.6,11.9
2026-07-20T05:34:43Z,0,0,0,0.5,0,0,16.3,852.2,16.4,16.6,85.2,350,1268,0,0.1,150,0.7,0.7,16.6,14.9,12.4
2026-07-20T05:49:51Z,0,0,0,0.6,0,0,16.6,852.2,16.7,17,82.8,374,1540,0,0.3,150,0.7,0.7,17,15,12.8
2026-07-20T06:04:59Z,0,0,0,0.9,0,0,17.3,852.3,17.4,17.8,80,423,2066,0,0.5,150,0.7,0.7,17.7,15.4,13.4
2026-07-20T06:20:08Z,0,0,0,0.7,0,0,17,852.3,17.2,17.6,80.3,388,1680,0,0,150,0,0,17.6,15.3,13.3
2026-07-20T06:35:16Z,0,0,0,1.1,0,0,17.9,852.3,18,18.5,76.2,458,2450,0,0.3,150,0.7,0.7,18.4,15.6,14.1
2026-07-20T06:50:38Z,0,0,0,1.1,0,0,18.4,852.1,18.6,19.1,74.8,460,2475,0,0.4,150,1.5,1.5,19.1,16,14.7
2026-07-20T07:05:45Z,0,0,0,1.3,0,0,19.1,852.1,19.2,19.6,73.1,501,2921,0,0.3,150,0.7,0.7,19.6,16.3,15.2
2026-07-20T07:20:53Z,0,0,0,1.2,0,0,19,852.2,19,19.7,72,488,2762,0,0.3,150,0.7,0.7,19.6,16.2,15.2
2026-07-20T07:36:01Z,0,0,0,1.1,0,0,19.8,852.1,19.8,20.4,69,454,2402,0,0.4,146,0.9,0.9,20.3,16.5,15.8
2026-07-20T07:51:56Z,0,0,0,1.1,0,0,20.5,852,20.5,20.9,66.1,465,2496,0,0.5,146,0.9,0.9,20.9,16.7,16.3
2026-07-20T08:07:04Z,0,0,0,1,0,0,20.2,851.9,20.1,20.4,67.3,452,2368,0,0.7,81,1.5,1.5,20.3,16.3,15.8
2026-07-20T08:22:11Z,0,0,0,1.3,0,0,20.4,851.7,20.2,20.4,69,502,2903,0,0.1,85,0.4,0.4,20.4,16.6,15.9
2026-07-20T08:37:20Z,0,0,0,1.3,0,0,20.6,851.6,20.4,21.1,66.6,502,2911,0,0.6,79,1.3,1.3,21,16.8,16.5
2026-07-20T08:52:43Z,0,0,0,3.2,0,0,20.6,851.5,20.6,21.2,66,853,6928,0,0.3,79,1.1,1.1,21.2,16.9,16.6
2026-07-20T09:07:52Z,0,0,0,1.4,0,0,20.9,851.1,21.5,21.5,65.1,518,2977,0,0.1,165,0.4,0.4,21.5,17,16.8
2026-07-20T09:23:00Z,0,0,0,4,0,0,21.8,850.9,21.7,21.8,65.3,1001,8767,0,0.4,79,1.1,1.1,21.7,17.3,17.1
2026-07-20T09:38:08Z,0,0,0,1.8,0,0,22.5,850.5,22.5,23.1,59,592,3784,0,0.5,78,1.3,1.3,23.1,17.7,18.2
2026-07-20T09:53:16Z,0,0,0,1.9,0,0,22.3,850.4,22.4,22.9,60,605,3849,0,0.7,76,1.3,1.3,22.8,17.6,18
2026-07-20T10:08:25Z,0,0,0,2.5,0,0,24.3,850.1,24.1,24.1,57.8,723,5171,0,0,74,0.4,0.4,24.1,18.3,19
2026-07-20T10:23:47Z,0,0,0,1.4,0,0,23.8,849.9,23.4,23.9,56.2,523,3007,0,0.8,349,2.4,2.4,23.8,18,18.8
2026-07-20T10:38:54Z,0,0,0,3.7,0,0,24.2,849.8,24.2,24.6,54.5,944,7877,0,1,68,1.7,1.7,24.6,18.4,19.4
2026-07-20T10:54:02Z,0,0,0,3.4,0,0,24.2,849.6,24.2,24.6,55.7,896,7401,0,0.6,84,1.1,1.1,24.6,18.5,19.4
2026-07-20T11:09:55Z,0,0,0,3.3,0,0,24.3,849.4,24.2,24.8,56.1,881,7189,0,0,75,0.4,0.4,24.8,18.7,19.6
2026-07-20T11:25:03Z,0,0,0,1.1,0,0,24,849.4,23.9,24.8,54.2,457,2194,0,0.1,72,0.7,0.7,24.8,18.5,19.6
2026-07-20T11:40:57Z,0,0,0,2.9,0,0,24.3,849.2,24.5,25,56.2,795,6244,0,1,79,1.5,1.5,25,18.9,19.8
2026-07-20T11:56:04Z,0,0,0,2.6,0,0,24.5,849,24.7,25.4,55.2,749,5686,0,0.1,85,0.7,0.7,25.5,19.2,20.1
2026-07-20T12:11:11Z,0,0,0,1.1,0,0,23.8,848.9,23.8,24.7,56.3,462,2241,0,0.7,121,2.6,2.6,24.7,18.7,19.5
2026-07-20T12:26:31Z,0,0,0,2.2,0,0,24.8,848.8,25.1,25.6,53.7,666,4855,0,0.7,79,2.2,2.2,25.6,19.1,20.2
2026-07-20T12:41:55Z,0,0,0,1.1,0,0,25,848.7,25.1,26.2,51.4,455,2176,0,1.1,90,2.6,2.6,26.2,19.2,20.7
2026-07-20T12:57:04Z,0,0,0,1.9,0,0,25.1,848.6,25.3,26.3,50.4,603,4104,0,1.1,81,2.2,2.2,26.3,19.2,20.8
2026-07-20T13:12:12Z,0,0,0,0.5,0,0,24.3,848.6,24.8,25.4,53,344,950,0,1.1,81,2.4,2.4,25.4,18.8,20.1
2026-07-20T13:27:20Z,0,0,0,0.9,0,0,24.4,848.4,24.9,25.5,53.9,417,1941,0,0,74,0.4,0.4,25.5,19,20.1
2026-07-20T13:42:29Z,0,0,0,1.1,0,0,24,848.5,24.7,25.2,54.2,457,2499,0,0.7,82,2,2,25.2,18.8,19.9
2026-07-20T13:57:57Z,0,0,0,0.6,0,0,24.3,848.6,24.8,25.7,52.4,378,1525,0,1.1,87,2.4,2.4,25.7,18.9,20.3
2026-07-20T14:13:05Z,0,0,0,0.4,0,0,23.1,848.8,23.2,23.9,57.7,329,862,0,0.7,73,0.9,0.9,23.8,18.1,18.8
2026-07-20T14:28:13Z,0,0,0,0.5,0,0,23,848.8,23.4,24.1,57.1,342,1167,0,0.6,66,1.5,1.5,24.1,18.3,19
2026-07-20T14:43:21Z,0,0,0,0.2,0,0,22.5,848.7,22.7,23.3,60,301,599,0,0.9,87,2.1,2.1,23.3,18,18.4
2026-07-20T14:59:07Z,0,0,0,0.2,0,0,21.7,848.9,21.9,22.2,63.7,289,499,0,0.5,81,2.2,2.2,22.2,17.5,17.5
2026-07-20T15:14:14Z,0,0,0,0.1,0,0,21.1,848.8,21.2,21.5,66.1,276,378,0,0.8,112,2.4,2.4,21.5,17.2,16.9
2026-07-20T15:29:23Z,0,0,0,0,0,0,20.4,848.9,20.6,20.8,68.1,265,293,0,0.4,79,1.1,1.1,20.8,16.8,16.3
2026-07-20T15:44:31Z,0,0,0,0,0,0,19.8,849.1,19.9,20.2,69.6,262,262,0,1.2,79,2.8,2.8,20.2,16.5,15.7
2026-07-20T15:59:39Z,0,0,0,0,0,0,19.4,849.2,19.6,19.8,71.1,261,254,0,0.4,80,1.3,1.3,19.8,16.3,15.3
2026-07-20T16:15:01Z,0,0,0,0,0,0,19.1,849.4,19.2,19.5,72.2,261,253,0,0,80,0,0,19.4,16.1,15
2026-07-20T16:30:09Z,0,0,0,0,0,0,18.7,849.8,18.8,19.1,73.5,260,253,0,0.1,80,0.4,0.4,19,15.8,14.7
2026-07-20T16:45:17Z,0,0,0,0,0,0,18.4,849.6,18.6,18.8,73.5,260,253,0,0,80,0,0,18.8,15.6,14.4
2026-07-20T17:00:25Z,0,0,0,0,0,0,18.3,849.9,18.4,18.7,73.2,261,253,0,0.1,80,0.7,0.7,18.6,15.4,14.3
2026-07-20T17:15:32Z,0,0,0,0,0,0,18.1,850,18.2,18.5,73.4,259,253,0,0,80,0,0,18.4,15.3,14.1
2026-07-20T17:30:40Z,0,0,0,0,0,0,18,850.3,18.1,18.4,73.9,260,254,0,0,80,0,0,18.3,15.2,14
2026-07-20T17:46:06Z,0,0,0,0,0,0,17.8,850.5,18,18.2,74.5,261,253,0,0.1,80,0.6,0.6,18.1,15.2,13.8
2026-07-20T18:01:14Z,0,0,0,0,0,0,17.6,850.6,17.8,17.9,75.3,260,253,0,0.1,80,0.4,0.4,17.8,15,13.6
2026-07-20T18:16:22Z,0,0,0,0,0,0,17.4,850.6,17.6,17.8,75.5,261,253,0,1,144,2.6,2.6,17.7,14.9,13.4
2026-07-20T18:31:30Z,0,0,0,0,0,0,17.1,850.6,17.3,17.5,76,260,253,0,0.5,169,1.1,1.1,17.4,14.7,13.2
2026-07-20T18:46:37Z,0,0,0,0,0,0,16.9,850.7,17.1,17.3,76.3,260,253,0,0.7,169,1.3,1.3,17.2,14.5,13
2026-07-20T19:01:45Z,0,0,0,0,0,0,16.7,850.8,16.8,17.1,76.9,261,253,0,0,169,0,0,17,14.4,12.8
2026-07-20T19:17:09Z,0,0,0,0,0,0,16.5,851,16.7,16.9,77.9,259,252,0,0,169,0.2,0.2,16.8,14.3,12.6
2026-07-20T19:32:17Z,0,0,0,0,0,0,16.3,851,16.4,16.6,79.2,261,254,0,0,169,0,0,16.5,14.2,12.3
2026-07-20T19:47:25Z,0,0,0,0,0,0,15.9,851.1,16.2,16.2,80.7,260,254,0,0,169,0,0,16.1,14,11.9
2026-07-20T20:02:33Z,0,0,0,0,0,0,15.6,851,15.9,15.9,81.6,261,252,0,0,169,0,0,15.8,13.8,11.6
2026-07-20T20:17:41Z,0,0,0,0,0,0,15.4,851.1,15.8,15.8,82.3,259,254,0,0,169,0,0,15.7,13.7,11.5
2026-07-20T20:32:49Z,0,0,0,0,0,0,15.1,851.1,15.3,15.4,84,261,254,0,0,169,0,0,15.3,13.6,11.1
2026-07-20T20:48:14Z,0,0,0,0,0,0,14.9,851.1,15.2,15.3,85.9,260,254,0,0,169,0,0,15.2,13.6,11
2026-07-20T21:03:22Z,0,0,0,0,0,0,14.8,851,15.1,15.2,85.1,260,253,0,0,169,0,0,15.1,13.5,10.9
2026-07-20T21:18:30Z,0,0,0,0,0,0,14.6,850.8,14.9,15.1,85.4,259,253,0,0,169,0,0,15,13.4,10.8
2026-07-20T21:33:38Z,0,0,0,0,0,0,14.3,850.7,14.6,14.7,86.7,259,253,0,0,169,0,0,14.6,13.2,10.4
2026-07-20T21:48:46Z,0,0,0,0,0,0,14.1,850.7,14.3,14.5,87.7,260,253,0,0,169,0,0,14.4,13.1,10.2
2026-07-20T22:03:54Z,0,0,0,0,0,0,14.1,850.5,14.4,14.6,88,259,253,0,0,169,0,0,14.5,13.2,10.3
2026-07-20T22:19:17Z,0,0,0,0,0,0,14.4,850.3,14.8,14.9,87,259,253,0,0,169,0,0,14.8,13.4,10.6
2026-07-20T22:34:25Z,0,0,0,0,0,0,14.3,850.2,14.6,14.7,87.2,259,253,0,0,169,0,0,14.6,13.2,10.4
2026-07-20T22:49:33Z,0,0,0,0,0,0,14,850,14.2,14.4,87.7,260,253,0,0,169,0,0,14.3,13,10.1
2026-07-20T23:04:41Z,0,0,0,0,0,0,13.8,849.9,14,14.1,88.6,261,254,0,0,169,0,0,14,12.8,9.8
2026-07-20T23:19:49Z,0,0,0,0,0,0,13.5,850,13.8,13.9,89.4,260,252,0,0,169,0,0,13.8,12.7,9.6
2026-07-20T23:35:14Z,0,0,0,0,0,0,13.3,849.9,13.6,13.7,89.6,260,253,0,0,169,0,0,13.6,12.5,9.4
2026-07-20T23:50:22Z,0,0,0,0,0,0,13,849.8,13.2,13.4,90.5,259,254,0,0,169,0,0,13.3,12.4,9.1
2026-07-21T00:00:27Z,0,0,0,0,0,0,12.9,849.7,13.2,13.4,91.2,261,253,0,0,169,0,0,13.3,12.4,9
2026-07-21T00:15:35Z,0,0,0,0,0,0,12.7,849.7,13,13.2,91.5,260,254,0,0,169,0,0,13.1,12.2,8.8
2026-07-21T00:30:43Z,0,0,0,0,0,0,12.6,849.6,12.9,13,92,260,253,0,0,169,0,0,12.9,12.1,8.7
2026-07-21T00:45:51Z,0,0,0,0,0,0,12.4,849.4,12.7,12.9,92.4,261,253,0,0,169,0,0,12.7,12,8.5
2026-07-21T01:01:13Z,0,0,0,0,0,0,12.4,849.4,12.8,12.9,93.3,260,253,0,0,169,0,0,12.8,12.1,8.5
2026-07-21T01:16:36Z,0,0,0,0,0,0,12.4,849.5,12.6,12.8,93.6,261,253,0,0,169,0,0,12.7,12.1,8.5
2026-07-21T01:31:44Z,0,0,0,0,0,0,12.7,849.7,13.1,13.1,94,261,254,0,0,169,0,0,13,12.4,8.8
2026-07-21T01:46:52Z,0,0,0,0,0,0,13,849.7,13.4,13.5,94.1,260,253,0,0,169,0,0,13.4,12.8,9.2
2026-07-21T02:02:00Z,0,0,0,0,0,0,13.4,849.8,13.8,13.8,93.5,260,254,0,0,169,0,0,13.8,13.1,9.5
2026-07-21T02:17:08Z,0,0,0,0,0,0,13.8,850.1,14.1,14.1,92,261,253,0,0.2,169,0.7,0.7,14.1,13.2,9.9
2026-07-21T02:32:17Z,0,0,0,0,0,0,14,850.2,14.2,14.3,89.9,261,254,0,0,169,0,0,14.2,13.2,10
2026-07-21T02:47:39Z,0,0,0,0,0,0,14.2,850.3,14.4,14.6,89.1,261,254,0,0,169,0,0,14.5,13.3,10.3
2026-07-21T03:02:47Z,0,0,0,0,0,0,14.4,850.4,14.7,14.8,88.8,260,253,0,0,169,0,0,14.7,13.5,10.5
2026-07-21T03:17:55Z,0,0,0,0,0,0,14.4,850.7,14.7,14.8,88.2,261,253,0,0.1,169,0.2,0.2,14.8,13.5,10.6
2026-07-21T03:33:02Z,0,0,0,0,0,0,14.3,850.8,14.7,14.8,88.1,261,260,0,0.2,169,1.1,1.1,14.7,13.4,10.5
2026-07-21T03:48:10Z,0,0,0,0,0,0,14.4,850.9,14.8,14.8,88.2,265,303,0,0,169,0.2,0.2,14.8,13.5,10.6
2026-07-21T04:03:18Z,0,0,0,0.1,0,0,14.5,851.1,14.8,14.9,88.3,276,424,0,0,169,0.4,0.4,14.9,13.6,10.7
2026-07-21T04:18:43Z,0,0,0,0.2,0,0,14.8,851.2,15.2,15.2,87.7,293,592,0,0,169,0,0,15.2,13.8,11
2026-07-21T04:33:51Z,0,0,0,0.3,0,0,15.1,851.4,15.4,15.4,87.4,311,806,0,0,169,0,0,15.3,14,11.2
2026-07-21T04:48:58Z,0,0,0,0.4,0,0,15.6,851.5,15.9,15.8,85.9,335,1087,0,0.1,169,0.4,0.4,15.8,14.2,11.6
2026-07-21T05:04:06Z,0,0,0,0.3,0,0,16.2,851.7,16.4,16.4,84,318,763,0,0,169,0,0,16.4,14.6,12.2
2026-07-21T05:19:14Z,0,0,0,0.6,0,0,18,851.7,18.2,17.7,78.8,362,1301,0,0.3,169,0.7,0.7,17.6,15.2,13.4
2026-07-21T05:34:21Z,0,0,0,1,0,0,19.6,851.8,19.8,19.1,74.4,455,2498,0,0.1,169,0.2,0.2,19.1,16,14.7
2026-07-21T05:49:46Z,0,0,0,1.3,0,0,20.3,851.8,20.3,19.4,71.7,494,2969,0,0.2,169,0.7,0.7,19.4,16,15
2026-07-21T06:04:54Z,0,0,0,1.5,0,0,18.8,852,19.2,18.3,74.5,546,3624,0,0.7,169,1.3,1.3,18.2,15.2,13.9
2026-07-21T06:20:01Z,0,0,0,1.7,0,0,20.5,851.9,20.9,20.2,69.6,569,3744,0,0.2,169,0.7,0.7,20.2,16.5,15.7
2026-07-21T06:35:09Z,0,0,0,1.9,0,0,22.4,851.8,22.2,21.9,63.3,606,4141,0,0.5,169,0.9,0.9,21.8,17.1,17.1
2026-07-21T06:50:17Z,0,0,0,2.1,0,0,21.9,851.8,22.2,21.8,64.1,647,4575,0,0,169,0.2,0.2,21.8,17.2,17.1
2026-07-21T07:05:24Z,0,0,0,2.2,0,0,21.9,851.7,22.6,21.9,63.5,677,4912,0,0.2,169,0.7,0.7,21.9,17.2,17.2
2026-07-21T07:20:51Z,0,0,0,2.4,0,0,21,851.7,21.6,21.1,66,709,5251,0,0.6,198,1.3,1.3,21,16.8,16.5
2026-07-21T07:35:58Z,0,0,0,2.5,0,0,21.9,851.5,22.8,22,63.6,719,5408,0,0.3,183,1.1,1.1,22,17.3,17.3
2026-07-21T07:51:06Z,0,0,0,2.7,0,0,22.6,851.5,23.6,23.1,59.2,758,5784,0,0.7,181,1.7,1.7,23,17.6,18.2
2026-07-21T08:06:13Z,0,0,0,2.9,0,0,22.6,851.5,23.4,22.6,60,799,6179,0,0.2,201,0.7,0.7,22.6,17.4,17.8
2026-07-21T08:21:21Z,0,0,0,2.9,0,0,23.8,851.3,24.6,24.3,55.6,798,6223,0,0.6,173,1.1,1.1,24.2,18.2,19.2
2026-07-21T08:36:28Z,0,0,0,3.1,0,0,24.1,851,24.9,24.6,52,838,6590,0,0.6,172,2.2,2.2,24.5,17.9,19.4
2026-07-21T08:51:53Z,0,0,0,2.8,0,0,24.1,851,24.8,24.3,53.3,775,5899,0,0.6,172,1.3,1.3,24.3,17.9,19.2
2026-07-21T09:07:01Z,0,0,0,3.2,0,0,24.2,850.8,24.7,24.4,52.7,844,6711,0,0.4,171,1.5,1.5,24.3,17.9,19.2
2026-07-21T09:22:09Z,0,0,0,3.3,0,0,25.1,850.6,25.8,25.3,50.5,872,6933,0,1.1,170,2,2,25.3,18.3,20
2026-07-21T09:37:16Z,0,0,0,3.4,0,0,25.8,850.4,26.3,26.3,49,894,7228,0,0.7,77,1.3,1.3,26.3,19,20.8
2026-07-21T09:52:23Z,0,0,0,3.4,0,0,25.8,850.1,26.2,25.9,49.6,894,7232,0,0.6,77,1.7,1.7,25.9,18.7,20.4
2026-07-21T10:08:05Z,0,0,0,3.5,0,0,26,850,26.6,27,46.4,901,7325,0,0.7,78,1.3,1.3,27.2,19.1,21.4
2026-07-21T10:23:13Z,0,0,0,3.3,0,0,25.9,849.8,26.7,26.4,47.5,865,6849,0,0.8,175,1.5,1.5,26.4,18.8,20.8
2026-07-21T10:39:04Z,0,0,0,3.2,0,0,27.1,849.5,27.6,28,45.2,853,6720,0,0.7,70,1.5,1.5,28,19.7,22
2026-07-21T10:54:12Z,0,0,0,3.3,0,0,27.3,849.4,27.8,28,44.6,874,7062,0,1,190,3.1,3.1,28,19.6,22
2026-07-21T11:09:13Z,0,0,0,0.9,0,0,26.1,849.2,26.8,26.8,47.2,430,1922,0,0.3,174,1.7,1.7,27,19.1,21.3
2026-07-21T11:24:20Z,0,0,0,3,0,0,27.5,849.2,27.8,28.2,45.2,805,6358,0,0.8,84,2.2,2.2,28.2,19.9,22.2
2026-07-21T11:39:28Z,0,0,0,2.9,0,0,28.1,848.9,28.1,28.8,42.9,803,6321,0,0.2,79,0.7,0.7,28.7,20,22.5
2026-07-21T11:54:35Z,0,0,0,2.5,0,0,27.4,848.8,27.6,28.2,44.6,725,5498,0,0.3,84,0.9,0.9,28.2,19.8,22.2
2026-07-21T12:10:01Z,0,0,0,2.2,0,0,28,848.6,28.4,28.8,43.1,672,4925,0,0.4,93,1.5,1.5,28.7,20,22.5
2026-07-21T12:25:08Z,0,0,0,2.2,0,0,27,848.5,27.1,27.9,45.5,673,4916,0,0.3,105,1.3,1.3,28,19.7,22
2026-07-21T12:40:16Z,0,0,0,1.8,0,0,26.9,848.4,26.8,27.9,44.5,596,4066,0,2.1,63,3.3,3.3,27.9,19.5,21.9
2026-07-21T12:55:23Z,0,0,0,1.7,0,0,27.8,848.4,28.1,28.7,43.7,573,3750,0,0.3,81,1.5,1.5,28.7,20.1,22.5
2026-07-21T13:10:31Z,0,0,0,0.6,0,0,26.2,848.4,26.7,27,45.9,379,1377,0,1.1,163,2.8,2.8,27.2,19,21.4
2026-07-21T13:25:38Z,0,0,0,1.4,0,0,25.9,848.4,26,26.5,47.2,511,3166,0,2.1,98,4.1,4.1,26.5,18.8,20.9
2026-07-21T13:41:04Z,0,0,0,0.6,0,0,25.7,848.4,26,26.4,46.9,364,1286,0,0.5,123,1.6,1.6,26.3,18.7,20.8
2026-07-21T13:56:12Z,0,0,0,0.7,0,0,25.5,848.4,25.9,26.1,47.6,387,1644,0,0.3,89,0.9,0.9,26,18.5,20.6
2026-07-21T14:11:19Z,0,0,0,0.6,0,0,25.4,848.3,25.6,26.1,47,371,1517,0,0.3,119,0.9,0.9,26.1,18.5,20.6
2026-07-21T14:26:26Z,0,0,0,0.5,0,0,25.2,848.5,25.6,25.9,46.9,346,1291,0,0.9,61,2.6,2.6,25.8,18.3,20.4
2026-07-21T14:41:33Z,0,0,0,0.2,0,0,24.5,848.6,24.8,24.9,48.2,290,589,0,1.1,129,2.8,2.8,24.8,17.7,19.6
2026-07-21T14:56:41Z,0,0,0,0.2,0,0,24.2,848.9,24.4,24.5,48.8,285,505,0,0.3,178,2.2,2.2,24.4,17.4,19.3
2026-07-21T15:12:06Z,0,0,0,0.1,0,0,23.8,849,24,24.1,49.7,282,443,0,0.5,119,1.5,1.5,24,17.2,19
2026-07-21T15:27:19Z,0,0,0,0.1,0,0,23.2,849,23.4,23.6,51.5,267,314,0,0.3,155,1.5,1.5,23.4,17,18.5
2026-07-21T15:42:26Z,0,0,0,0,0,0,22.8,849.1,23,23.2,52.4,261,264,0,0.3,162,1.1,1.1,23,16.8,18.2
2026-07-21T15:58:15Z,0,0,0,0,0,0,22.5,849.3,22.6,22.8,52.7,261,254,0,0.6,156,1.5,1.5,22.7,16.5,17.9
2026-07-21T16:13:22Z,0,0,0,0,0,0,22.3,849.4,22.5,22.6,52.6,260,253,0,0.5,115,2.2,2.2,22.5,16.3,17.7
2026-07-21T16:28:30Z,0,0,0,0,0,0,22.2,849.7,22.3,22.5,53.2,261,252,0,0,186,0.2,0.2,22.4,16.3,17.6
2026-07-21T16:43:38Z,0,0,0,0,0,0,22,849.9,22.2,22.3,53.5,260,252,0,0,139,0.2,0.2,22.1,16.2,17.4
2026-07-21T16:59:03Z,0,0,0,0,0,0,21.8,850.2,21.9,22.1,53.9,262,255,0,0.2,120,0.7,0.7,21.9,16.1,17.3
2026-07-21T17:14:11Z,0,0,0,0,0,0,21.5,850.2,21.8,21.9,54.1,262,253,0,0,153,0.5,0.5,21.7,15.9,17.1
2026-07-21T17:29:19Z,0,0,0,0,0,0,21.1,850.5,21.3,21.5,54.8,258,253,0,0.5,151,1.7,1.7,21.3,15.6,16.7
2026-07-21T17:44:27Z,0,0,0,0,0,0,20.8,850.7,21.1,21.2,55.8,261,252,0,0.2,150,1.3,1.3,21,15.5,16.5
2026-07-21T18:00:12Z,0,0,0,0,0,0,20.4,851,20.6,20.8,56.6,261,253,0,1.7,110,4.6,4.6,20.6,15.3,16.1
2026-07-21T18:15:20Z,0,0,0,0,0,0,20.1,851,20.2,20.5,58.3,260,255,0,0,152,0.2,0.2,20.3,15.2,15.8
2026-07-21T18:30:27Z,0,0,0,0,0,0,19.7,851.1,19.8,20,59.6,259,253,0,0,152,0,0,19.8,15,15.4
2026-07-21T18:45:35Z,0,0,0,0,0,0,19.4,851.2,19.6,19.7,61.2,259,254,0,0,152,0.2,0.2,19.5,14.9,15.1
2026-07-21T19:00:42Z,0,0,0,0,0,0,19.1,851.3,19.2,19.5,64,259,253,0,0.1,152,0.2,0.2,19.3,15,14.9
2026-07-21T19:16:10Z,0,0,0,0,0,0,18.9,851.6,19.1,19.3,65.9,261,254,0,0.3,152,0.7,0.7,19.2,15.1,14.8
2026-07-21T19:31:19Z,0,0,0,0,0,0,18.6,851.6,18.7,18.9,67.4,261,254,0,0.1,151,0.9,0.9,18.8,15,14.5
2026-07-21T19:46:26Z,0,0,0,0,0,0,18.1,851.9,18.2,18.5,69.4,260,252,0,0,151,0.2,0.2,18.3,14.8,14
2026-07-21T20:01:34Z,0,0,0,0,0,0,17.7,851.9,17.9,18.1,71,260,253,0,0.2,151,1.1,1.1,17.9,14.6,13.7
2026-07-21T20:16:42Z,0,0,0,0,0,0,17.6,851.9,17.8,18,71.9,262,253,0,0,151,0,0,17.9,14.6,13.6
2026-07-21T20:31:50Z,0,0,0,0,0,0,18,851.8,18.2,18.3,71.5,260,254,0,0.5,92,1.3,1.3,18.1,14.8,13.8
2026-07-21T20:47:14Z,0,0,0,0,0,0,18,851.9,18.2,18.4,71.4,259,253,0,0,77,0,0,18.3,15,14
2026-07-21T21:02:22Z,0,0,0,0,0,0,17.8,851.7,18,18.2,71.9,261,254,0,0.1,98,0.4,0.4,18,14.8,13.8
2026-07-21T21:17:30Z,0,0,0,0,0,0,17.4,851.7,17.6,17.8,73.1,260,253,0,0,73,0,0,17.7,14.6,13.4
2026-07-21T21:32:38Z,0,0,0,0,0,0,17.1,851.6,17.2,17.5,74.1,262,254,0,0,73,0,0,17.3,14.4,13.1
2026-07-21T21:47:45Z,0,0,0,0,0,0,16.9,851.6,17,17.2,75.3,260,255,0,0,92,0,0,17.1,14.3,12.9
2026-07-21T22:02:54Z,0,0,0,0,0,0,16.6,851.5,16.7,16.9,76.5,259,253,0,0,124,0,0,16.8,14.2,12.6
2026-07-21T22:18:18Z,0,0,0,0,0,0,16.2,851.2,16.3,16.6,77.6,260,254,0,0,124,0.2,0.2,16.5,14,12.2
2026-07-21T22:33:26Z,0,0,0,0,0,0,15.9,851.1,16.2,16.3,79.2,259,252,0,0,124,0,0,16.2,13.9,12
2026-07-21T22:48:34Z,0,0,0,0,0,0,15.6,851,16,16,81.7,259,253,0,0,124,0,0,15.9,13.9,11.7
2026-07-21T23:03:42Z,0,0,0,0,0,0,15.3,851,15.6,15.6,82.4,260,253,0,0,124,0,0,15.5,13.6,11.3
2026-07-21T23:18:50Z,0,0,0,0,0,0,14.9,851,15.2,15.3,83.7,261,253,0,0,124,0,0,15.2,13.5,11
2026-07-21T23:33:58Z,0,0,0,0,0,0,14.7,851,15.1,15.1,84,259,253,0,0,124,0,0,15,13.3,10.8
2026-07-21T23:49:38Z,0,0,0,0,0,0,14.5,851,14.8,14.9,85.3,260,254,0,0,124,0,0,14.8,13.2,10.6
2026-07-22T00:00:44Z,0,0,0,0,0,0,14.4,851,14.7,14.8,85.6,259,254,0,0,124,0,0,14.7,13.2,10.5
2026-07-22T00:16:07Z,0,0,0,0,0,0,14.3,851,14.6,14.8,86.3,260,253,0,0,124,0,0,14.6,13.2,10.4
2026-07-22T00:31:15Z,0,0,0,0,0,0,14.5,851.2,14.8,14.9,86.9,261,253,0,0,124,0,0,14.8,13.4,10.6
2026-07-22T00:46:17Z,0,0,0,0,0,0,14.5,851.2,14.8,14.9,87,260,253,0,0,124,0,0,14.8,13.4,10.6
2026-07-22T01:01:24Z,0,0,0,0,0,0,14.4,851.2,14.6,14.8,87.5,260,253,0,0.1,124,0.4,0.4,14.7,13.4,10.5
2026-07-22T01:16:32Z,0,0,0,0,0,0,14.1,851.2,14.3,14.5,88.6,261,254,0,0,8,0,0,14.4,13.2,10.2
2026-07-22T01:32:15Z,0,0,0,0,0,0,13.8,851.4,14,14.2,90.3,261,252,0,0,8,0,0,14.1,13.1,9.9
2026-07-22T01:47:22Z,0,0,0,0,0,0,13.6,851.4,13.9,14,91.3,260,254,0,0,344,0,0,13.9,13,9.7
2026-07-22T02:02:30Z,0,0,0,0,0,0,13.3,851.5,13.6,13.7,91.7,259,253,0,0,344,0,0,13.6,12.8,9.4
2026-07-22T02:18:18Z,0,0,0,0,0,0,13.5,851.6,13.8,13.9,93.1,259,254,0,0,51,0,0,13.9,13.1,9.7
2026-07-22T02:33:26Z,0,0,0,0,0,0,13.6,851.7,13.9,14.1,93.3,260,253,0,0,56,0,0,14,13.3,9.8
2026-07-22T02:48:34Z,0,0,0,0,0,0,13.5,851.6,13.8,14,93.3,260,254,0,0,56,0,0,13.9,13.2,9.7
2026-07-22T03:03:41Z,0,0,0,0,0,0,13.5,851.9,13.8,13.9,94.1,260,253,0,0,10,0.2,0.2,13.9,13.3,9.7
2026-07-22T03:18:49Z,0,0,0,0,0,0,13.5,852,13.8,13.9,94.6,261,254,0,0,10,0.2,0.2,13.9,13.3,9.7
2026-07-22T03:34:16Z,0,0,0,0,0,0,13.6,852,13.9,14,95,261,263,0,0,11,0,0,14,13.5,9.8
2026-07-22T03:49:24Z,0,0,0,0,0,0,13.8,852.1,14.1,14.2,95.3,264,289,0,0,86,0,0,14.2,13.7,10
2026-07-22T04:04:31Z,0,0,0,0.1,0,0,13.9,852.3,14.1,14.3,95.5,271,349,0,0,86,0.2,0.2,14.3,13.8,10.1
2026-07-22T04:19:39Z,0,0,0,0.1,0,0,14.2,852.4,14.4,14.6,95.6,274,405,0,0,86,0,0,14.6,14.1,10.4
2026-07-22T04:34:47Z,0,0,0,0.1,0,0,14.4,852.8,14.7,14.8,95.6,283,502,0,0,86,0,0,14.8,14.2,10.6
2026-07-22T04:50:13Z,0,0,0,0.2,0,0,14.5,853,14.9,14.9,94.5,289,558,0,0,86,0,0,14.9,14.3,10.8
2026-07-22T05:05:21Z,0,0,0,0.2,0,0,14.9,853.3,15.2,15.3,92.9,295,658,0,0,86,0,0,15.3,14.5,11.2
2026-07-22T05:20:29Z,0,0,0,0.3,0,0,15.4,853.3,15.7,15.8,90.5,311,805,0,0,86,0.2,0.2,15.8,14.7,11.6
2026-07-22T05:35:37Z,0,0,0,0.2,0,0,15.8,853.6,16.1,16.2,88.6,300,700,0,0,86,0,0,16.2,14.9,12
2026-07-22T05:50:45Z,0,0,0,0.3,0,0,15.9,853.7,16.2,16.4,86.9,307,763,0,0,86,0.2,0.2,16.4,14.8,12.2
2026-07-22T06:05:52Z,0,0,0,0.2,0,0,16.1,853.8,16.3,16.5,86.4,297,658,0,0,86,0,0,16.5,14.9,12.3
2026-07-22T06:21:18Z,0,0,0,0.2,0,0,16,853.8,16.2,16.5,86,306,748,0,0,82,0.2,0.2,16.4,14.8,12.2
2026-07-22T06:36:25Z,0,0,0,0.3,0,0,16.3,853.9,16.4,16.7,84.3,319,901,0,0,81,0,0,16.7,14.9,12.5
2026-07-22T06:51:26Z,0,0,0,0.4,0,0,16.5,854,16.8,17,82.4,339,1107,0,0.2,116,0.4,0.4,16.9,14.9,12.7
2026-07-22T07:06:34Z,0,0,0,0.4,0,0,17,853.9,17.1,17.5,80.8,338,1104,0,0.1,116,0.4,0.4,17.4,15.2,13.2
2026-07-22T07:21:42Z,0,0,0,0.3,0,0,17.2,854,17.3,17.7,79.7,310,807,0,0.3,116,0.7,0.7,17.6,15.3,13.4
2026-07-22T07:37:28Z,0,0,0,0.3,0,0,17,853.9,17.2,17.5,80.9,310,820,0,0.5,129,1.3,1.3,17.4,15.2,13.2
2026-07-22T07:52:36Z,0,0,0,0.5,0,0,17.3,853.9,17.6,17.7,79.7,347,1210,0,0,130,0,0,17.7,15.3,13.4
2026-07-22T08:07:44Z,0,0,0,0.4,0,0,17.6,853.9,17.8,17.8,78.9,341,1140,0,0,137,0.2,0.2,17.8,15.3,13.5
2026-07-22T08:23:31Z,0,0,0,0.4,0,0,17.6,853.8,17.8,18,78,334,1085,0,0,137,0,0,18,15.4,13.7
2026-07-22T08:38:39Z,0,0,0,0.7,0,0,17.7,853.8,18.1,18.2,78.2,383,1623,0,0,137,0,0,18.1,15.6,13.9
2026-07-22T08:53:47Z,0,0,0,0.9,0,0,18.4,853.6,18.6,18.7,75.8,424,2063,0,0.4,137,1.3,1.3,18.7,15.8,14.4
2026-07-22T09:08:55Z,0,0,0,0.9,0,0,18.6,853.4,18.8,18.8,75.3,432,2146,0,0,137,0.2,0.2,18.8,15.8,14.4
2026-07-22T09:24:02Z,0,0,0,0.9,0,0,18.7,853.4,19,18.9,74.5,434,2172,0,0.2,138,0.7,0.7,18.9,15.8,14.5
2026-07-22T09:39:27Z,0,0,0,1,0,0,19.1,853.1,19.4,19.4,73.2,448,2323,0,0.1,138,0.9,0.9,19.4,16.1,15
2026-07-22T09:54:33Z,0,0,0,1.2,0,0,19.4,852.9,19.9,19.8,70.3,477,2643,0,0.3,137,0.7,0.7,19.7,16.1,15.3
2026-07-22T10:09:34Z,0,0,0,1.3,0,0,19.7,852.8,20.1,20.3,68.7,504,2946,0,0.8,138,1.7,1.7,20.3,16.4,15.8
2026-07-22T10:25:34Z,0,0,0,1.7,0,0,20.1,852.5,20.7,20.5,68.6,575,3711,0,0.8,138,2,2,20.4,16.5,15.9
2026-07-22T10:40:41Z,0,0,0,1.8,0,0,20.5,852.3,21.1,20.8,65.8,599,3971,0,0.3,151,0.9,0.9,20.7,16.5,16.2
2026-07-22T10:56:37Z,0,0,0,1.6,0,0,20.5,852.2,20.9,21.1,64.7,548,3423,0,1.3,113,2.6,2.6,21.1,16.6,16.5
2026-07-22T11:12:35Z,0,0,0,1.1,0,0,20.9,851.8,21.5,21.4,63.4,461,2492,0,1.5,174,2.6,2.6,21.3,16.7,16.7
2026-07-22T11:27:37Z,0,0,0,1.2,0,0,20.7,851.7,21.2,21.4,64.1,476,2649,0,0,133,0.2,0.2,21.3,16.8,16.7
2026-07-22T11:43:36Z,0,0,0,1.6,0,0,21.6,851.5,21.9,22.2,60.6,556,3487,0,0.6,174,1.5,1.5,22.2,17.1,17.5
2026-07-22T11:58:43Z,0,0,0,1.4,0,0,22.7,851.3,23.2,23.5,56.8,512,2968,0,0.7,177,2.3,2.3,23.4,17.7,18.5
2026-07-22T12:13:49Z,0,0,0,1.3,0,0,21.5,851.2,22,22.1,60.7,498,2790,0,0.6,195,1.5,1.5,22,17,17.3
2026-07-22T12:28:56Z,0,0,0,1.2,0,0,22.5,851,22.8,23.1,57.5,473,2370,0,0.1,193,0.9,0.9,23,17.4,18.2
2026-07-22T12:44:04Z,0,0,0,1,0,0,21.9,850.9,22.8,22.4,58.4,440,2016,0,0.7,251,1.5,1.5,22.4,17,17.6
2026-07-22T12:59:11Z,0,0,0,0.9,0,0,22.3,850.8,22.5,23.1,57.4,424,1967,0,1.3,80,2,2,23.1,17.5,18.2
2026-07-22T13:14:35Z,0,0,0,0.6,0,0,21.7,850.8,22.2,22.3,59,367,1202,0,0,150,0.2,0.2,22.2,16.9,17.5
2026-07-22T13:29:43Z,0,0,0,1.2,0,0,22.5,850.8,22.9,23.7,55.5,488,2816,0,0.1,87,0.4,0.4,23.6,17.7,18.7
2026-07-22T13:44:49Z,0,0,0,1,0,0,23.2,850.7,23.9,24.5,52.6,447,2350,0,0.1,141,0.7,0.7,24.4,17.9,19.3
2026-07-22T13:59:57Z,0,0,0,0.4,0,0,22.8,850.6,23.8,24.3,52.5,334,878,0,0,141,0.2,0.2,24.2,17.8,19.2
2026-07-22T14:15:05Z,0,0,0,0.6,0,0,22.5,850.7,23.4,23.2,55.9,372,1516,0,0,141,0,0,23.1,17.3,18.2
2026-07-22T14:30:12Z,0,0,0,0.5,0,0,23.3,850.6,23.9,24.7,50.8,344,1216,0,0.8,82,1.1,1.1,24.6,17.9,19.5
2026-07-22T14:45:39Z,0,0,0,0.3,0,0,22.9,850.7,23,23.5,54.5,317,833,0,0.2,123,0.7,0.7,23.4,17.4,18.5
2026-07-22T15:00:47Z,0,0,0,0.2,0,0,22.5,850.8,22.6,22.9,56.5,302,784,0,0,72,0,0,22.8,17.1,17.9
2026-07-22T15:15:55Z,0,0,0,0.1,0,0,21.6,851,21.8,22.2,59.2,271,401,0,0,124,0.2,0.2,22.1,16.8,17.4
2026-07-22T15:31:02Z,0,0,0,0,0,0,20.9,851.1,21.1,21.4,61.3,265,283,0,0.1,153,0.9,0.9,21.3,16.4,16.7
2026-07-22T15:46:10Z,0,0,0,0,0,0,20.4,851.2,20.6,20.8,62.9,260,257,0,0,120,0.2,0.2,20.7,16.1,16.2
2026-07-22T16:01:18Z,0,0,0,0,0,0,20,851.2,20.1,20.4,64.2,261,254,0,0.1,127,0.7,0.7,20.3,15.9,15.8
2026-07-22T16:16:43Z,0,0,0,0,0,0,19.5,851.4,19.7,19.9,64.6,260,253,0,0.6,173,2,2,19.7,15.5,15.3
2026-07-22T16:31:50Z,0,0,0,0,0,0,19.1,851.4,19.2,19.5,66.2,260,253,0,0,152,0.2,0.2,19.3,15.3,15
2026-07-22T16:46:58Z,0,0,0,0,0,0,18.8,851.5,18.9,19.2,66.5,260,255,0,0.9,186,1.7,1.7,19,15.1,14.7
2026-07-22T17:02:06Z,0,0,0,0,0,0,18.5,851.6,18.7,18.9,67.4,260,254,0,0,185,0,0,18.8,15,14.4
2026-07-22T17:17:13Z,0,0,0,0,0,0,18.1,851.8,18.3,18.5,68.9,260,253,0,0.1,186,0.7,0.7,18.4,14.8,14.1
2026-07-22T17:32:21Z,0,0,0,0,0,0,18.1,852,18.2,18.4,69,262,254,0,0,185,0,0,18.3,14.7,14
2026-07-22T17:47:46Z,0,0,0,0,0,0,17.8,852.1,17.9,18.2,70.5,261,254,0,0,185,0,0,18,14.7,13.8
2026-07-22T18:02:53Z,0,0,0,0,0,0,17.9,852.4,18,18.2,71,260,254,0,0,185,0,0,18.1,14.7,13.8
2026-07-22T18:18:01Z,0,0,0,0,0,0,18,852.4,18.2,18.4,70.6,261,253,0,0,186,0.2,0.2,18.3,14.9,14
2026-07-22T18:33:55Z,0,0,0,0,0,0,18,852.5,18.1,18.3,70.4,260,254,0,0,185,0,0,18.2,14.8,13.9
2026-07-22T18:49:02Z,0,0,0,0,0,0,17.9,852.5,18,18.2,70.8,259,253,0,0,185,0,0,18.1,14.7,13.8
2026-07-22T19:04:10Z,0,0,0,0,0,0,17.8,852.5,18,18.2,70.5,260,253,0,0,185,0,0,18.1,14.7,13.8
2026-07-22T19:19:17Z,0,0,0,0,0,0,17.8,852.5,17.9,18.1,70.7,259,255,0,0,185,0,0,18,14.6,13.7
2026-07-22T19:34:58Z,0,0,0,0,0,0,17.6,852.6,17.8,18,72,262,254,0,0,185,0,0,17.8,14.6,13.6
2026-07-22T19:50:05Z,0,0,0,0,0,0,17.5,852.5,17.6,17.9,72.3,261,254,0,0,185,0,0,17.7,14.6,13.5
2026-07-22T20:05:12Z,0,0,0,0,0,0,17.5,852.4,17.6,17.9,73.6,261,254,0,0,185,0,0,17.7,14.7,13.5
2026-07-22T20:20:58Z,0,0,0,0,0,0,17.5,852.3,17.7,17.9,72.6,260,254,0,0,185,0,0,17.7,14.6,13.5
2026-07-22T20:36:05Z,0,0,0,0,0,0,17.2,852.3,17.4,17.6,73.8,260,253,0,0,185,0,0,17.5,14.5,13.2
2026-07-22T20:51:13Z,0,0,0,0,0,0,16.8,852.3,16.9,17.1,75.3,260,253,0,0,186,0.4,0.4,17,14.2,12.7
2026-07-22T21:06:21Z,0,0,0,0,0,0,16.6,852.3,16.7,16.9,76.1,260,254,0,0.1,186,0.4,0.4,16.8,14.1,12.6
2026-07-22T21:21:52Z,0,0,0,0,0,0,16.3,852.2,16.4,16.7,78.8,260,252,0,0.1,190,0.4,0.4,16.5,14.2,12.3
2026-07-22T21:36:53Z,0,0,0,0,0,0,15.8,852.1,16.2,16.2,82,259,254,0,0,189,0,0,16.1,14.1,11.9
2026-07-22T21:52:00Z,0,0,0,0,0,0,15.7,852,16,16.1,84.6,260,253,0,0,189,0,0,16,14.3,11.8
2026-07-22T22:07:55Z,0,0,0,0,0,0,15.3,851.8,15.6,15.7,85.9,260,253,0,0,189,0,0,15.7,14.1,11.5
2026-07-22T22:22:55Z,0,0,0,0,0,0,15,851.8,15.3,15.3,87.8,259,255,0,0,189,0,0,15.3,13.9,11.1
2026-07-22T22:37:57Z,0,0,0,0,0,0,14.9,851.7,15.2,15.3,87.8,261,252,0,0,189,0,0,15.3,13.9,11.1
2026-07-22T22:53:05Z,0,0,0,0,0,0,14.8,851.5,15.1,15.2,87.8,261,254,0,0,189,0,0,15.1,13.8,10.9
2026-07-22T23:08:47Z,0,0,0,0,0,0,14.9,851.4,15.2,15.3,90.1,261,252,0,0,110,0,0,15.3,14.2,11.1
2026-07-22T23:24:10Z,0,0,0,0,0,0,14.8,851.4,15.1,15.2,90.8,260,253,0,0.1,119,0.4,0.4,15.2,14.1,11
2026-07-22T23:39:18Z,0,0,0,0,0,0,14.6,851.4,14.9,15,91.3,261,253,0,0,119,0,0,15,14,10.8
2026-07-22T23:54:27Z,0,0,0,0,0,0,14.6,851.3,14.9,15,92.1,262,253,0,0,119,0,0,14.9,14.1,10.8
2026-07-23T00:00:31Z,0,0,0,0,0,0,14.5,851.3,14.8,14.9,92.2,258,253,0,0,119,0,0,14.9,14,10.7
2026-07-23T00:15:39Z,0,0,0,0,0,0,14.4,851.2,14.6,14.8,92.6,259,253,0,0,119,0,0,14.8,13.9,10.6
2026-07-23T00:30:46Z,0,0,0,0,0,0,14.3,851.2,14.6,14.6,92.4,261,254,0,0,119,0,0,14.6,13.8,10.4
2026-07-23T00:46:09Z,0,0,0,0,0,0,14.1,851.2,14.3,14.5,92.6,259,253,0,0,119,0,0,14.4,13.6,10.2
2026-07-23T01:01:17Z,0,0,0,0,0,0,14.1,851.2,14.4,14.5,92.8,261,253,0,0,119,0,0,14.5,13.7,10.3
2026-07-23T01:16:25Z,0,0,0,0,0,0,14.4,851.2,14.6,14.7,93.1,260,254,0,0,119,0,0,14.7,13.9,10.5
2026-07-23T01:31:33Z,0,0,0,0,0,0,14.6,851.2,14.9,15,92.9,261,254,0,0,119,0,0,15,14.2,10.8
2026-07-23T01:46:41Z,0,0,0,0,0,0,14.9,851.3,15.2,15.3,92.2,260,254,0,0,119,0.2,0.2,15.3,14.4,11.1
2026-07-23T02:01:51Z,0,0,0,0,0,0,15.1,851.5,15.3,15.5,91.4,261,253,0,0,151,0.2,0.2,15.5,14.5,11.3
2026-07-23T02:17:12Z,0,0,0,0,0,0,15,851.5,15.3,15.4,91.8,262,254,0,0.1,151,0.7,0.7,15.4,14.4,11.2
2026-07-23T02:32:20Z,0,0,0,0,0,0,14.9,851.6,15.3,15.3,91.6,261,254,0,0,151,0,0,15.3,14.4,11.1
2026-07-23T02:47:29Z,0,0,0,0,0,0,14.9,851.7,15.2,15.3,91.3,262,254,0,0,151,0,0,15.3,14.3,11.1
2026-07-23T03:02:37Z,0,0,0,0,0,0,15,851.8,15.2,15.4,91.3,260,253,0,0,151,0,0,15.4,14.4,11.2
2026-07-23T03:17:44Z,0,0,0,0,0,0,15,851.7,15.3,15.4,91.2,260,252,0,0,151,0,0,15.4,14.4,11.2
2026-07-23T03:32:52Z,0,0,0,0,0,0,15,851.8,15.3,15.4,91.1,260,256,0,0,151,0,0,15.4,14.4,11.2
2026-07-23T03:48:15Z,0,0,0,0,0,0,15.1,851.8,15.4,15.4,91,261,269,0,0,151,0,0,15.4,14.4,11.2
2026-07-23T04:03:23Z,0,0,0,0.1,0,0,15.1,852,15.4,15.5,90.9,266,314,0,0,151,0,0,15.5,14.5,11.3
2026-07-23T04:18:30Z,0,0,0,0.1,0,0,15.2,852.1,15.6,15.6,90,270,369,0,0,151,0,0,15.6,14.4,11.4
2026-07-23T04:33:38Z,0,0,0,0.1,0,0,15.4,852.2,15.7,15.8,89.4,278,453,0,0,151,0,0,15.8,14.5,11.6
2026-07-23T04:48:45Z,0,0,0,0.2,0,0,15.6,852.5,15.9,16,88.2,284,525,0,0,151,0,0,16,14.6,11.8
2026-07-23T05:03:53Z,0,0,0,0.2,0,0,15.9,852.6,16.2,16.3,87.4,301,698,0,0,151,0,0,16.3,14.8,12.1
2026-07-23T05:19:18Z,0,0,0,0.2,0,0,16.1,852.7,16.3,16.5,85.7,296,658,0,0.8,151,1.3,1.3,16.4,14.8,12.2
2026-07-23T05:34:26Z,0,0,0,0.3,0,0,16.4,853,16.5,16.7,84.9,303,736,0,0.1,151,0.4,0.4,16.7,14.9,12.5
2026-07-23T05:49:34Z,0,0,0,0.4,0,0,16.6,853,16.8,17,83.5,330,1030,0,0,151,0.2,0.2,17,15,12.7
2026-07-23T06:04:42Z,0,0,0,0.6,0,0,17.1,853.1,17.1,17.4,80.9,363,1402,0,0.4,151,0.9,0.9,17.3,15.1,13.1
2026-07-23T06:19:49Z,0,0,0,0.7,0,0,17.7,853.2,17.8,17.9,78.9,381,1584,0,0.3,151,1.1,1.1,17.9,15.4,13.6
2026-07-23T06:34:57Z,0,0,0,0.5,0,0,17.6,853.2,17.9,17.9,79.6,344,1197,0,0,247,0,0,17.8,15.4,13.5
2026-07-23T06:50:29Z,0,0,0,0.7,0,0,17.7,853.2,18,17.8,78,389,1681,0,0.9,248,1.2,1.2,17.8,15.2,13.5
2026-07-23T07:05:36Z,0,0,0,0.6,0,0,17.7,853.2,17.9,18,78.1,364,1415,0,0,248,0.2,0.2,17.9,15.3,13.6
2026-07-23T07:21:31Z,0,0,0,0.7,0,0,17.8,853.2,18.1,18.1,77.2,383,1619,0,0.1,254,0.9,0.9,18.1,15.4,13.8
2026-07-23T07:36:38Z,0,0,0,0.6,0,0,18,853,18.1,18.2,76.9,359,1363,0,0,279,0,0,18.1,15.4,13.8
2026-07-23T07:51:47Z,0,0,0,0.7,0,0,18.2,853.1,18.4,18.4,74.7,393,1727,0,1.2,279,1.7,1.7,18.4,15.4,14.1
2026-07-23T08:06:54Z,0,0,0,0.8,0,0,18.7,853,18.9,18.9,73.3,412,1943,0,0.4,279,1.1,1.1,18.9,15.7,14.5
2026-07-23T08:22:01Z,0,0,0,0.8,0,0,19,853,19.2,19.1,73.4,397,1781,0,0.6,259,0.9,0.9,19.1,15.9,14.7
2026-07-23T08:37:32Z,0,0,0,0.9,0,0,19.1,852.9,19.4,19.4,69.5,431,2115,0,0.8,252,1.3,1.3,19.3,15.6,14.9
2026-07-23T08:52:40Z,0,0,0,0.9,0,0,19.8,852.8,20,20,68.3,428,2117,0,0,253,0.4,0.4,19.9,16.1,15.5
2026-07-23T09:07:47Z,0,0,0,1.1,0,0,20.1,852.8,20.5,20.6,63.8,469,2555,0,0.6,252,1.1,1.1,20.5,16,16
2026-07-23T09:22:55Z,0,0,0,1.6,0,0,20.9,852.5,21.4,21.2,60.7,554,3454,0,0.3,250,1.3,1.3,21.1,16.2,16.5
2026-07-23T09:38:36Z,0,0,0,1.5,0,0,21.6,852.4,21.9,21.9,60.3,532,3230,0,0,182,0,0,21.8,16.7,17.1
2026-07-23T09:53:43Z,0,0,0,2.6,0,0,21.2,852.2,21.3,21.1,60.6,736,5477,0,1.5,261,2.4,2.4,21,16.1,16.4
2026-07-23T10:08:51Z,0,0,0,1.5,0,0,22.1,852.1,22.6,22.5,58.2,530,3207,0,0.1,146,0.2,0.2,22.4,17,17.6
2026-07-23T10:23:58Z,0,0,0,1.7,0,0,21.5,851.9,22.1,21.6,59.5,577,3698,0,0.2,144,0.7,0.7,21.5,16.4,16.9
2026-07-23T10:39:05Z,0,0,0,1.8,0,0,22.4,851.7,23.1,22.7,56.4,594,3883,0,0,145,0,0,22.6,16.9,17.8
2026-07-23T10:54:30Z,0,0,0,1.4,0,0,21.7,851.5,22.2,22,57.3,523,3112,0,0.3,148,0.9,0.9,21.9,16.5,17.2
2026-07-23T11:09:38Z,0,0,0,1.2,0,0,22.5,851.4,22.5,22.8,55,487,2704,0,1.5,74,2.4,2.4,22.7,16.9,17.9
2026-07-23T11:24:45Z,0,0,0,3.3,0,0,22.2,851.1,22.8,22.9,54.3,870,7244,0,0.9,140,1.3,1.3,22.8,16.8,18
2026-07-23T11:39:52Z,0,0,0,1.4,0,0,23.2,851,23.8,23.8,53.1,513,2976,0,0.2,258,0.7,0.7,23.7,17.5,18.7
2026-07-23T11:55:00Z,0,0,0,1.2,0,0,22.7,850.8,23.2,23.2,55.6,481,2650,0,0.3,119,1.5,1.5,23.1,17.3,18.2
2026-07-23T12:10:07Z,0,0,0,1.4,0,0,22.3,850.7,22.7,22.8,57.1,525,3213,0,0,176,0.2,0.2,22.7,17.1,17.9
2026-07-23T12:25:34Z,0,0,0,1.5,0,0,22.5,850.5,23,23.2,54.4,541,3333,0,0.9,136,1.7,1.7,23.1,17.1,18.2
2026-07-23T12:40:41Z,0,0,0,1.8,0,0,23.9,850.3,24.1,24.9,50.8,598,4140,0,1.2,111,3.1,3.1,24.9,18.1,19.6
2026-07-23T12:55:48Z,0,0,0,1.7,0,0,23.3,850.2,23.6,24.4,51.2,570,3848,0,0.7,43,1.5,1.5,24.3,17.7,19.2
2026-07-23T13:10:55Z,0,0,0,1.5,0,0,23.5,850.2,23.8,24.5,51.6,541,3464,0,0.7,100,2.2,2.2,24.4,17.8,19.3
2026-07-23T13:26:02Z,0,0,0,1.2,0,0,23.9,850.1,24.2,25.2,51.5,477,2729,0,0.3,83,0.9,0.9,25.2,18.4,19.9
2026-07-23T13:41:09Z,0,0,0,1,0,0,23.2,850.1,24.1,24.3,52,439,2309,0,0,138,0,0,24.2,17.7,19.2
2026-07-23T13:56:36Z,0,0,0,0.8,0,0,24.1,850,24.6,25.3,50.2,404,1929,0,0,72,0.2,0.2,25.2,18.3,20
2026-07-23T14:11:43Z,0,0,0,0.8,0,0,23,850,23.2,24.1,52.6,401,2010,0,0.2,46,0.9,0.9,24,17.6,19
2026-07-23T14:26:51Z,0,0,0,0.3,0,0,22.1,850.2,22.6,22.9,58.3,305,772,0,0.9,112,2.2,2.2,22.9,17.4,18
2026-07-23T14:41:58Z,0,0,0,0.2,0,0,21.5,850.4,21.8,22,60.8,293,575,0,0.2,140,1.3,1.3,21.9,16.9,17.2
2026-07-23T14:57:05Z,0,0,0,0.2,0,0,21,850.3,21.2,21.5,62.3,286,495,0,0.1,140,0.7,0.7,21.4,16.7,16.8
2026-07-23T15:12:13Z,0,0,0,0.1,0,0,20.8,850.7,20.9,21.2,63.5,273,395,0,0.1,54,0.2,0.2,21.1,16.5,16.5
2026-07-23T15:27:39Z,0,0,0,0.1,0,0,20.7,850.7,20.9,21,63.8,266,294,0,0.3,40,0.7,0.7,21,16.4,16.4
2026-07-23T15:42:46Z,0,0,0,0,0,0,20.6,850.9,20.7,20.9,62.3,261,260,0,0.2,46,1.1,1.1,20.8,16.2,16.3
2026-07-23T15:57:54Z,0,0,0,0,0,0,20.4,851,20.6,20.8,62.6,260,254,0,0.5,46,1.7,1.7,20.6,16,16.1
2026-07-23T16:13:02Z,0,0,0,0,0,0,20,850.9,20.2,20.4,63.4,260,255,0,0,46,0,0,20.3,15.8,15.8
2026-07-23T16:28:10Z,0,0,0,0,0,0,19.6,851.1,19.8,20,65.6,259,252,0,0.3,46,1.1,1.1,19.9,15.7,15.4
2026-07-23T16:43:17Z,0,0,0,0,0,0,19.2,851.1,19.4,19.6,66.8,261,253,0,0.2,46,0.9,0.9,19.5,15.5,15.1
2026-07-23T16:58:41Z,0,0,0,0,0,0,18.9,851.2,19.1,19.3,68,258,252,0,0,46,0,0,19.2,15.4,14.8
2026-07-23T17:13:49Z,0,0,0,0,0,0,18.8,851.4,19,19.2,68.7,259,253,0,0.1,46,0.9,0.9,19.1,15.4,14.7
2026-07-23T17:28:57Z,0,0,0,0,0,0,18.7,851.7,18.8,19.1,69.7,260,254,0,0.1,46,0.4,0.4,19,15.4,14.7
2026-07-23T17:44:05Z,0,0,0,0,0,0,18.6,851.7,18.8,19,70.1,260,252,0,0.7,46,1.7,1.7,18.9,15.4,14.5
2026-07-23T17:59:13Z,0,0,0,0,0,0,18.6,851.8,18.8,18.9,70.5,260,254,0,0,46,0,0,18.8,15.3,14.5
2026-07-23T18:14:38Z,0,0,0,0,0,0,18.4,852,18.6,18.8,70.7,261,254,0,0.2,129,1.6,1.6,18.7,15.3,14.4
2026-07-23T18:29:46Z,0,0,0,0,0,0,18.2,852.1,18.5,18.7,71.3,260,255,0,0,190,0,0,18.6,15.2,14.2
2026-07-23T18:44:53Z,0,0,0,0,0,0,18.1,852.3,18.3,18.5,71.1,260,253,0,0.1,89,0.7,0.7,18.4,15,14.1
2026-07-23T19:00:47Z,0,0,0,0,0,0,18.1,852.4,18.3,18.5,70.3,260,253,0,0.7,179,3.5,3.5,18.4,14.9,14.1
2026-07-23T19:15:54Z,0,0,0,0,0,0,18.1,852.4,18.2,18.5,70.1,261,254,0,0,136,0.2,0.2,18.4,14.9,14.1
2026-07-23T19:31:02Z,0,0,0,0,0,0,18,852.5,18.2,18.4,70.2,260,253,0,0,177,0,0,18.3,14.8,14
2026-07-23T19:46:09Z,0,0,0,0,0,0,17.9,852.7,18,18.3,70.3,260,254,0,0,138,0.2,0.2,18.1,14.7,13.9
2026-07-23T20:01:17Z,0,0,0,0,0,0,17.8,852.5,17.9,18.2,70.5,260,252,0,0.4,138,1.1,1.1,18,14.6,13.8
2026-07-23T20:16:43Z,0,0,0,0,0,0,17.7,852.6,17.8,18,70.4,261,254,0,0.9,178,2.6,2.6,17.9,14.5,13.6
2026-07-23T20:31:51Z,0,0,0,0,0,0,17.5,852.5,17.8,17.9,71.3,259,254,0,0.4,154,2.4,2.4,17.7,14.5,13.5
2026-07-23T20:46:59Z,0,0,0,0,0,0,17.3,852.4,17.5,17.7,72.2,259,253,0,0.8,193,2,2,17.5,14.4,13.3
2026-07-23T21:02:07Z,0,0,0,0,0,0,17.1,852.4,17.3,17.5,73.4,261,253,0,0.6,114,2,2,17.4,14.4,13.2
2026-07-23T21:17:14Z,0,0,0,0,0,0,16.9,852.2,17.1,17.3,74.6,261,255,0,0.4,137,1.5,1.5,17.2,14.3,13
2026-07-23T21:32:22Z,0,0,0,0,0,0,16.7,852.1,16.9,17.1,75.4,260,254,0,0.7,137,1.3,1.3,17,14.2,12.8
2026-07-23T21:47:48Z,0,0,0,0,0,0,16.5,851.8,16.6,16.9,76.3,260,253,0,0.1,139,0.7,0.7,16.7,14.1,12.5
2026-07-23T22:03:12Z,0,0,0,0,0,0,16.2,851.6,16.4,16.6,77.2,260,254,0,0.2,139,0.7,0.7,16.5,14,12.3
2026-07-23T22:18:36Z,0,0,0,0,0,0,16.1,851.6,16.2,16.5,77.5,260,254,0,0,139,0.2,0.2,16.4,13.9,12.2
2026-07-23T22:33:44Z,0,0,0,0,0,0,16,851.5,16.2,16.4,77.8,258,253,0,0,139,0,0,16.3,13.8,12.1
2026-07-23T22:48:52Z,0,0,0,0,0,0,15.9,851.4,16.2,16.3,78,261,254,0,0,139,0,0,16.2,13.8,12
2026-07-23T23:04:00Z,0,0,0,0,0,0,15.8,851.3,16.1,16.2,78.7,261,254,0,0,139,0,0,16.1,13.7,11.9
2026-07-23T23:19:45Z,0,0,0,0,0,0,15.7,851.2,16.1,16.1,79.2,262,253,0,0,139,0,0,16,13.7,11.8
2026-07-23T23:34:53Z,0,0,0,0,0,0,15.8,850.9,16.1,16.2,79,260,254,0,0,139,0,0,16,13.7,11.8
2026-07-23T23:50:00Z,0,0,0,0,0,0,15.7,850.9,16.1,16.1,79.2,260,254,0,0,139,0,0,15.9,13.7,11.7
2026-07-24T00:00:06Z,0,0,0,0,0,0,15.5,850.9,15.8,15.9,80.1,261,253,0,0,139,0,0,15.7,13.6,11.5
2026-07-24T00:15:14Z,0,0,0,0,0,0,15.3,850.8,15.6,15.7,80.8,261,253,0,0,139,0,0,15.6,13.5,11.4
2026-07-24T00:30:40Z,0,0,0,0,0,0,15.3,850.7,15.6,15.8,80.5,260,253,0,0,139,0.2,0.2,15.6,13.5,11.4
2026-07-24T00:45:48Z,0,0,0,0,0,0,15.2,850.7,15.5,15.6,80.9,261,253,0,0.2,139,0.4,0.4,15.5,13.4,11.3
2026-07-24T01:00:55Z,0,0,0,0,0,0,15.1,850.7,15.4,15.5,81.8,260,253,0,0,139,0,0,15.4,13.4,11.2
2026-07-24T01:16:03Z,0,0,0,0,0,0,15,850.7,15.2,15.4,82.3,261,253,0,0,139,0,0,15.3,13.4,11.1
2026-07-24T01:31:11Z,0,0,0,0,0,0,14.8,850.8,15.1,15.3,83,261,253,0,0,139,0,0,15.2,13.4,11
2026-07-24T01:46:19Z,0,0,0,0,0,0,14.8,850.8,15.1,15.3,83.5,259,253,0,0,139,0,0,15.2,13.4,11
2026-07-24T02:01:44Z,0,0,0,0,0,0,14.8,851,15.1,15.2,83.8,260,254,0,0,139,0,0,15.1,13.4,10.9
2026-07-24T02:16:53Z,0,0,0,0,0,0,14.9,851,15.2,15.3,84.1,260,254,0,0,139,0,0,15.2,13.5,11
2026-07-24T02:32:01Z,0,0,0,0,0,0,14.9,851.3,15.2,15.3,83.7,260,254,0,0,139,0,0,15.2,13.5,11
2026-07-24T02:47:09Z,0,0,0,0,0,0,14.9,851.4,15.2,15.3,83.2,260,252,0,0,139,0,0,15.2,13.4,11
2026-07-24T03:02:17Z,0,0,0,0,0,0,14.9,851.5,15.2,15.4,83.6,258,253,0,0,139,0,0,15.2,13.5,11
2026-07-24T03:17:26Z,0,0,0,0,0,0,14.9,851.5,15.2,15.3,83.7,261,253,0,0,139,0.2,0.2,15.2,13.4,11
2026-07-24T03:32:48Z,0,0,0,0,0,0,14.9,851.5,15.1,15.2,84.2,261,258,0,0.1,139,0.4,0.4,15.1,13.4,10.9
2026-07-24T03:47:56Z,0,0,0,0,0,0,14.8,851.5,15.1,15.3,84.2,262,283,0,0,139,0,0,15.1,13.4,11
2026-07-24T04:03:04Z,0,0,0,0.1,0,0,14.9,851.7,15.2,15.3,84.4,270,344,0,0,139,0,0,15.2,13.5,11
2026-07-24T04:18:13Z,0,0,0,0.1,0,0,15,851.9,15.3,15.4,84,277,430,0,0,139,0,0,15.3,13.6,11.1
2026-07-24T04:33:21Z,0,0,0,0.1,0,0,15.2,852,15.6,15.7,83.5,282,494,0,0,139,0,0,15.6,13.8,11.4
2026-07-24T04:48:29Z,0,0,0,0.2,0,0,15.4,852.2,15.8,15.8,82.1,294,610,0,0,139,0,0,15.7,13.8,11.5
2026-07-24T05:03:50Z,0,0,0,0.3,0,0,15.6,852.4,16,16,81.4,305,757,0,0,139,0,0,15.9,13.9,11.7
2026-07-24T05:18:58Z,0,0,0,0.4,0,0,15.5,852.5,15.9,16,81,328,1006,0,0.9,138,1.7,1.7,15.9,13.8,11.7
2026-07-24T05:34:06Z,0,0,0,0.4,0,0,16,852.7,16.2,16.4,79.6,329,1019,0,0.1,139,0.2,0.2,16.3,14,12.1
2026-07-24T05:49:13Z,0,0,0,0.4,0,0,15.9,852.8,16.3,16.4,79.4,339,1126,0,0.8,139,2,2,16.3,14,12.1
2026-07-24T06:04:21Z,0,0,0,0.4,0,0,16.1,853,16.3,16.5,79.3,335,1095,0,0.4,139,1.3,1.3,16.4,14.1,12.2
2026-07-24T06:20:02Z,0,0,0,0.9,0,0,16.2,853,16.5,16.6,78.1,416,2015,0,1.3,134,2.6,2.6,16.5,14.1,12.3
2026-07-24T06:35:10Z,0,0,0,1.6,0,0,16.8,853.2,17.1,17.2,77,564,3902,0,0.2,123,0.8,0.8,17.1,14.5,12.9
2026-07-24T06:50:17Z,0,0,0,1.9,0,0,18.3,853,18.6,18.3,73.5,610,4283,0,0.3,208,1.1,1.1,18.2,15.1,13.9
2026-07-24T07:05:25Z,0,0,0,1.5,0,0,18.6,853.1,18.9,18.6,72.6,537,3127,0,0.1,236,0.4,0.4,18.5,15.3,14.2
2026-07-24T07:20:50Z,0,0,0,2.6,0,0,19.2,853.1,19.7,19.4,69.8,734,5646,0,0,212,0,0,19.3,15.7,15
2026-07-24T07:35:58Z,0,0,0,2.6,0,0,20.3,853,20.9,20.5,66,749,5710,0,0.2,154,0.9,0.9,20.5,16.3,16
2026-07-24T07:51:05Z,0,0,0,2.7,0,0,20.3,852.8,20.7,20.3,65,763,5883,0,0.9,212,2.7,2.7,20.2,15.9,15.7
2026-07-24T08:06:13Z,0,0,0,3,0,0,20.8,852.7,21.3,20.6,62.3,818,6448,0,2.3,249,3.7,3.7,20.4,15.8,15.9
2026-07-24T08:21:20Z,0,0,0,3.1,0,0,21.1,852.5,21.7,21.1,62.7,833,6563,0,0.5,246,1.1,1.1,21,16.3,16.4
2026-07-24T08:36:28Z,0,0,0,3.1,0,0,22.7,852.3,23.3,23,57.3,839,6657,0,0.6,152,1.3,1.3,22.9,17.3,18.1
2026-07-24T08:51:54Z,0,0,0,2.8,0,0,22.9,852,23.4,23,56.9,777,5910,0,1,17,2.4,2.4,22.9,17.2,18
2026-07-24T09:07:01Z,0,0,0,3.1,0,0,22.8,851.7,23.1,22.8,58.7,841,6663,0,0.6,239,1.3,1.3,22.7,17.3,17.9
2026-07-24T09:22:08Z,0,0,0,3.2,0,0,23.3,851.4,23.8,23.5,54.9,850,6788,0,0.8,264,2,2,23.4,17.4,18.5
2026-07-24T09:37:16Z,0,0,0,3.3,0,0,23.7,851.2,24.4,24.2,52.8,871,6967,0,1.4,182,2.6,2.6,24.1,17.7,19.1
2026-07-24T09:52:24Z,0,0,0,3.2,0,0,23.9,851.1,24.5,24.3,52.6,855,6792,0,1.1,173,3.1,3.1,24.2,17.7,19.1
2026-07-24T10:07:31Z,0,0,0,3.3,0,0,24.4,850.7,25,24.4,51.3,867,6875,0,0.4,226,2,2,24.3,17.7,19.2
2026-07-24T10:22:57Z,0,0,0,3.2,0,0,25.1,850.4,25.7,25.4,49.6,860,6797,0,0.1,135,0.7,0.7,25.3,18.3,20
2026-07-24T10:38:05Z,0,0,0,3.1,0,0,25.8,850.2,26.4,25.9,48.1,836,6563,0,0.2,82,0.9,0.9,25.9,18.5,20.4
2026-07-24T10:53:13Z,0,0,0,3.1,0,0,26.1,850,26.9,26.8,45.4,835,6558,0,0,167,0.2,0.2,27,18.8,21.3
2026-07-24T11:08:20Z,0,0,0,3.4,0,0,26.1,849.7,26.8,26.7,45.6,889,7293,0,1.2,183,3.1,3.1,26.6,18.7,21
2026-07-24T11:23:28Z,0,0,0,3,0,0,26.7,849.6,27.2,27.5,44.5,809,6409,0,1.2,78,2.2,2.2,27.5,19.2,21.7
2026-07-24T11:38:35Z,0,0,0,0.8,0,0,25.7,849.4,26.2,26.5,46.8,411,1878,0,0.3,176,1.4,1.4,26.5,18.7,20.9
2026-07-24T11:54:01Z,0,0,0,1.1,0,0,25.4,849.3,25.8,26,49.4,464,2462,0,0,188,0.2,0.2,26,18.8,20.5
2026-07-24T12:09:09Z,0,0,0,0.9,0,0,25.5,849.2,25.6,26.2,48.2,425,2050,0,0.4,81,1.1,1.1,26.1,18.7,20.6
2026-07-24T12:24:14Z,0,0,0,2.2,0,0,25.9,848.9,26,26.7,48.8,660,4799,0,0.2,73,0.7,0.7,27.1,19.3,21.4
2026-07-24T12:39:21Z,0,0,0,2,0,0,25.9,848.9,25.9,26.7,48.2,629,4474,0,0.8,68,2.4,2.4,27.1,19.2,21.3
2026-07-24T12:54:29Z,0,0,0,1.2,0,0,26,848.8,26.4,27.1,46.2,486,2672,0,0.7,153,1.7,1.7,27.3,19.2,21.5
2026-07-24T13:09:36Z,0,0,0,1.8,0,0,26.5,848.8,26.9,27.4,46.3,587,4077,0,1.4,100,5,5,27.6,19.5,21.7
2026-07-24T13:24:44Z,0,0,0,0.6,0,0,25.9,848.9,26.3,26.8,47.6,369,1431,0,0.2,150,0.7,0.7,27.1,19.1,21.3
2026-07-24T13:40:09Z,0,0,0,0.8,0,0,24.7,848.8,25,25.3,49.9,409,1970,0,0.8,130,2.2,2.2,25.3,18.3,20
2026-07-24T13:55:11Z,0,0,0,0.5,0,0,25.1,848.9,25.4,25.7,49.4,358,1281,0,0.4,105,1.2,1.2,25.7,18.5,20.3
2026-07-24T14:10:19Z,0,0,0,0.4,0,0,25.1,848.9,25.4,25.8,48.8,330,1008,0,0.9,81,2.2,2.2,25.8,18.5,20.4
2026-07-24T14:25:26Z,0,0,0,0.4,0,0,24.3,849.1,24.6,24.9,50.9,329,981,0,0.4,137,1.7,1.7,24.8,18,19.6
2026-07-24T14:41:15Z,0,0,0,0.2,0,0,23.9,849.2,24.1,24.3,52.1,295,631,0,0.7,156,1.3,1.3,24.2,17.7,19.2
2026-07-24T14:56:22Z,0,0,0,0.1,0,0,23.5,849.3,23.8,23.9,53.2,269,350,0,0,164,0.2,0.2,23.8,17.5,18.8
2026-07-24T15:11:30Z,0,0,0,0.1,0,0,23.3,849.5,23.5,23.7,53.7,268,346,0,0.6,117,2.1,2.1,23.6,17.4,18.6
2026-07-24T15:26:38Z,0,0,0,0,0,0,23,849.5,23.2,23.3,54.4,265,299,0,0.2,185,0.4,0.4,23.2,17.2,18.3
2026-07-24T15:41:45Z,0,0,0,0,0,0,22.7,849.7,22.9,23.1,54.8,261,261,0,0,120,0.2,0.2,23,17,18.1
2026-07-24T15:57:09Z,0,0,0,0,0,0,22.5,849.8,22.7,22.9,55.1,260,254,0,0.4,116,1.1,1.1,22.8,16.9,18
2026-07-24T16:12:18Z,0,0,0,0,0,0,22.4,850.1,22.6,22.8,55.1,260,254,0,0.1,141,0.4,0.4,22.6,16.8,17.8
2026-07-24T16:27:26Z,0,0,0,0,0,0,22.3,850.2,22.4,22.6,54.7,261,253,0,0.1,101,0.4,0.4,22.5,16.6,17.7
2026-07-24T16:42:33Z,0,0,0,0,0,0,22,850.2,22.1,22.3,53.2,261,254,0,0.2,171,1.1,1.1,22.1,16.1,17.4
2026-07-24T16:57:41Z,0,0,0,0,0,0,21.9,850.4,22.1,22.2,52.5,259,253,0,0.4,128,1.7,1.7,22.1,16,17.4
2026-07-24T17:12:49Z,0,0,0,0,0,0,21.7,850.6,21.8,22,53,261,255,0,0,117,0.2,0.2,21.8,15.9,17.2
2026-07-24T17:28:13Z,0,0,0,0,0,0,21.5,850.9,21.8,21.9,53.6,259,253,0,0,108,0,0,21.7,15.8,17
2026-07-24T17:43:21Z,0,0,0,0,0,0,21.4,851.1,21.5,21.7,57.9,261,253,0,0,105,0,0,21.6,16.3,17
2026-07-24T17:58:29Z,0,0,0,0,0,0,20.9,851.2,20.9,21.2,65.2,259,253,0,0,52,0,0,21.2,16.8,16.6
2026-07-24T18:13:37Z,0,0,0,0,0,0,20.3,851.5,20.4,20.7,68,260,254,0,0,69,0,0,20.6,16.7,16.1
2026-07-24T18:28:45Z,0,0,0,0,0,0,19.8,851.6,19.9,20.1,70.3,260,254,0,0,69,0,0,20.1,16.4,15.6
2026-07-24T18:43:53Z,0,0,0,0,0,0,19.1,851.8,19.2,19.4,73.4,261,253,0,0,69,0,0,19.3,16.1,14.9
2026-07-24T18:59:17Z,0,0,0,0,0,0,18.7,851.7,18.8,19,74.4,259,253,0,0,69,0,0,19,15.9,14.6
2026-07-24T19:14:26Z,0,0,0,0,0,0,18.3,851.8,18.5,18.7,71.7,260,253,0,0,69,0,0,18.6,15.3,14.3
2026-07-24T19:29:33Z,0,0,0,0,0,0,18.3,851.9,18.4,18.7,70.5,260,254,0,0,69,0,0,18.5,15.1,14.2
2026-07-24T19:44:41Z,0,0,0,0,0,0,18.6,851.9,18.7,18.9,69,260,253,0,0,175,0,0,18.8,15.1,14.4
2026-07-24T19:59:50Z,0,0,0,0,0,0,18.2,851.9,18.4,18.6,70.2,260,254,0,0.2,140,1.3,1.3,18.5,15,14.2
2026-07-24T20:14:58Z,0,0,0,0,0,0,17.8,851.9,18,18.2,72.6,259,253,0,0.1,185,0.7,0.7,18.1,14.9,13.8
2026-07-24T20:30:20Z,0,0,0,0,0,0,17.6,851.8,17.8,18,75.8,261,254,0,0.7,190,1.3,1.3,17.9,15.1,13.6
2026-07-24T20:45:41Z,0,0,0,0,0,0,17.2,851.8,17.3,17.6,78.6,260,253,0,0.7,213,2,2,17.5,15.1,13.3
2026-07-24T21:01:05Z,0,0,0,0,0,0,16.9,851.8,17,17.3,80.1,261,255,0,0,184,0,0,17.2,14.9,13
2026-07-24T21:16:14Z,0,0,0,0,0,0,16.4,851.8,16.5,16.8,81.8,259,252,0,0,185,0.2,0.2,16.7,14.6,12.5
2026-07-24T21:31:22Z,0,0,0,0,0,0,16.1,851.7,16.2,16.5,83.9,260,254,0,0.4,185,1.1,1.1,16.5,14.6,12.3
2026-07-24T21:46:31Z,0,0,0,0,0,0,15.9,851.6,16.2,16.3,84.5,261,254,0,0,184,0,0,16.3,14.5,12.1
2026-07-24T22:01:39Z,0,0,0,0,0,0,15.8,851.4,16.1,16.2,85.7,262,253,0,0,185,0.4,0.4,16.1,14.5,11.9
2026-07-24T22:16:47Z,0,0,0,0,0,0,15.8,851.4,16.1,16.2,86.2,260,253,0,0,184,0,0,16.1,14.6,11.9
2026-07-24T22:32:09Z,0,0,0,0,0,0,15.9,851.3,16.2,16.3,86.1,260,253,0,0,184,0,0,16.3,14.7,12.1
2026-07-24T22:47:18Z,0,0,0,0,0,0,16.1,851.1,16.2,16.5,85.9,261,252,0,0.1,185,0.2,0.2,16.4,14.8,12.2
2026-07-24T23:02:27Z,0,0,0,0,0,0,16.2,851,16.4,16.6,85.4,261,252,0,0,184,0,0,16.6,14.9,12.4
2026-07-24T23:17:35Z,0,0,0,0,0,0,16.3,851,16.4,16.7,85.2,261,253,0,0,185,0.2,0.2,16.6,14.9,12.4
2026-07-24T23:33:20Z,0,0,0,0,0,0,16.2,850.9,16.3,16.6,86,261,253,0,0.1,185,0.7,0.7,16.6,15,12.4
2026-07-24T23:48:27Z,0,0,0,0,0,0,16.2,851,16.4,16.6,85.9,261,254,0,0.1,185,0.7,0.7,16.6,15,12.4
2026-07-25T00:00:35Z,0,0,0,0,0,0,16.2,850.9,16.3,16.6,85.9,260,253,0,0.2,185,0.7,0.7,16.6,15,12.4
2026-07-25T00:15:43Z,0,0,0,0,0,0,16.2,850.8,16.4,16.6,85.6,260,254,0,0,185,0.2,0.2,16.6,14.9,12.4
2026-07-25T00:31:12Z,0,0,0,0,0,0,16.2,850.7,16.4,16.6,85.3,260,252,0,0,184,0,0,16.6,14.9,12.4
2026-07-25T00:46:20Z,0,0,0,0,0,0,16.2,850.7,16.4,16.6,86.2,261,253,0,0,184,0,0,16.6,15,12.4
2026-07-25T01:01:29Z,0,0,0,0,0,0,16.1,850.7,16.2,16.5,87.1,260,253,0,0,185,0.2,0.2,16.5,15,12.3
2026-07-25T01:16:38Z,0,0,0,0,0,0,16,850.8,16.2,16.4,87.5,261,253,0,0.1,185,0.4,0.4,16.4,15,12.2
2026-07-25T01:31:46Z,0,0,0,0,0,0,15.9,850.9,16.2,16.4,87.5,261,253,0,0.1,185,0.4,0.4,16.3,14.9,12.1
2026-07-25T01:46:54Z,0,0,0,0,0,0,16,851,16.2,16.3,87.6,260,254,0,0,184,0,0,16.3,14.9,12.1
2026-07-25T02:02:17Z,0,0,0,0,0,0,16,851.2,16.2,16.3,87.6,261,253,0,0,184,0,0,16.3,14.9,12.1
2026-07-25T02:17:25Z,0,0,0,0,0,0,16,851.2,16.3,16.4,87.8,260,253,0,0,184,0,0,16.4,15,12.2
2026-07-25T02:32:34Z,0,0,0,0,0,0,16,851.3,16.2,16.4,87.7,259,254,0,0.1,185,0.2,0.2,16.4,15,12.2
2026-07-25T02:47:43Z,0,0,0,0,0,0,16,851.3,16.2,16.3,88,260,254,0,0,184,0,0,16.3,14.9,12.1
2026-07-25T03:02:52Z,0,0,0,0,0,0,15.9,851.5,16.2,16.2,87.2,262,254,0,0.3,185,0.7,0.7,16.2,14.8,12
2026-07-25T03:18:20Z,0,0,0,0,0,0,15.5,851.6,16,16,88.2,259,253,0,0.4,185,1.1,1.1,16,14.6,11.8
2026-07-25T03:33:28Z,0,0,0,0,0,0,15.3,851.7,15.7,15.7,89.5,261,258,0,0.7,185,1.7,1.7,15.7,14.5,11.5
2026-07-25T03:48:36Z,0,0,0,0,0,0,15.5,851.8,15.8,15.8,89.9,262,275,0,0,184,0,0,15.8,14.6,11.6
2026-07-25T04:03:45Z,0,0,0,0.1,0,0,15.4,851.8,15.8,15.8,88.9,267,324,0,0.5,185,1.5,1.5,15.8,14.5,11.6
2026-07-25T04:18:54Z,0,0,0,0.1,0,0,15.5,851.8,15.8,15.9,88.8,273,409,0,0.5,185,1.6,1.6,15.8,14.6,11.6
2026-07-25T04:34:22Z,0,0,0,0.1,0,0,15.6,852,15.9,16,88.4,279,462,0,0,184,0,0,16,14.7,11.8
2026-07-25T04:49:31Z,0,0,0,0.2,0,0,15.7,852.2,16,16.1,87.4,286,550,0,0.3,137,1.1,1.1,16.1,14.7,11.9
2026-07-25T05:04:40Z,0,0,0,0.2,0,0,15.9,852.3,16.2,16.3,86.8,299,676,0,0.1,138,0.7,0.7,16.3,14.8,12.1
2026-07-25T05:19:49Z,0,0,0,0.3,0,0,16,852.4,16.3,16.4,86.3,305,739,0,0.2,138,0.9,0.9,16.4,14.8,12.2
2026-07-25T05:34:58Z,0,0,0,0.3,0,0,16.2,852.6,16.4,16.6,85.8,312,818,0,0,138,0.2,0.2,16.6,15,12.4
2026-07-25T05:50:25Z,0,0,0,0.4,0,0,16.3,852.7,16.5,16.7,85.1,326,993,0,0.1,138,0.7,0.7,16.7,15,12.5
2026-07-25T06:05:34Z,0,0,0,0.4,0,0,16.6,852.8,16.7,16.9,84.9,341,1158,0,0.1,138,0.4,0.4,16.9,15.1,12.7
2026-07-25T06:20:43Z,0,0,0,0.5,0,0,17,852.9,17.2,17.3,83.7,357,1329,0,0,138,0.2,0.2,17.3,15.4,13
2026-07-25T06:35:52Z,0,0,0,0.6,0,0,17.4,852.9,17.7,17.8,82.2,379,1590,0,0,138,0.2,0.2,17.8,15.7,13.5
2026-07-25T06:51:01Z,0,0,0,0.6,0,0,17.6,853,17.7,17.7,81.8,373,1510,0,0,138,0,0,17.6,15.5,13.4
2026-07-25T07:06:27Z,0,0,0,0.7,0,0,18,852.9,18.3,18.5,79.7,388,1704,0,0,138,0,0,18.5,16,14.1
2026-07-25T07:21:36Z,0,0,0,0.9,0,0,18,853,18.5,18.6,78.7,432,2180,0,0.7,138,1.3,1.3,18.6,16,14.3
2026-07-25T07:36:44Z,0,0,0,1.1,0,0,18.6,852.9,18.9,19,77.6,460,2481,0,0.2,138,0.7,0.7,18.9,16.2,14.6
2026-07-25T07:51:53Z,0,0,0,0.6,0,0,19.3,852.9,19.6,19.6,74.1,375,1544,0,0.1,139,0.7,0.7,19.6,16.4,15.2
2026-07-25T08:07:02Z,0,0,0,1.2,0,0,19.1,852.8,19.4,19.4,74.2,478,2656,0,0,139,0.2,0.2,19.4,16.3,15
2026-07-25T08:22:30Z,0,0,0,1.2,0,0,20,852.7,20.2,20.5,70.1,488,2761,0,0.4,139,0.7,0.7,20.4,16.7,16
2026-07-25T08:37:39Z,0,0,0,1.3,0,0,20.5,852.4,20.9,21.1,66.6,500,2914,0,0.1,139,0.4,0.4,21,16.8,16.5
2026-07-25T08:52:47Z,0,0,0,1.5,0,0,20.7,852.2,21.1,20.6,65.5,537,3339,0,0.2,250,1,1,20.6,16.3,16.1
2026-07-25T09:07:56Z,0,0,0,1.9,0,0,21.6,851.9,21.8,21.4,65.4,602,4047,0,0,234,0.2,0.2,21.4,17,16.8
2026-07-25T09:23:04Z,0,0,0,1.3,0,0,21.7,851.8,22.2,21.8,64.8,496,2884,0,0.4,248,1.2,1.2,21.8,17.3,17.1
2026-07-25T09:38:12Z,0,0,0,2.4,0,0,21.2,851.7,21.7,21.8,62.5,710,5317,0,1,175,2.4,2.4,21.8,17,17.1
2026-07-25T09:53:34Z,0,0,0,1.4,0,0,21.8,851.4,22.4,22.3,61.8,519,3104,0,0,193,0.2,0.2,22.2,17.3,17.5
2026-07-25T10:08:42Z,0,0,0,1.1,0,0,21.9,851.3,22.4,22.2,60.9,471,2582,0,0.1,168,0.4,0.4,22.2,17.2,17.5
2026-07-25T10:24:01Z,0,0,0,1.2,0,0,22,851.1,22.4,22.4,59.7,483,2719,0,0.1,188,0.7,0.7,22.4,17.2,17.6
2026-07-25T10:39:08Z,0,0,0,1.3,0,0,22.1,850.9,22.4,22.2,58.6,497,2863,0,0.9,239,1.5,1.5,22.1,16.8,17.4
2026-07-25T10:54:36Z,0,0,0,1.5,0,0,22.9,850.6,23.2,23.4,55.4,528,3200,0,0.7,189,1.3,1.3,23.3,17.4,18.4
2026-07-25T11:09:44Z,0,0,0,1.9,0,0,23.8,850.4,24.1,24.4,54.3,602,4023,0,0.3,78,1,1,24.4,18.1,19.3
2026-07-25T11:24:51Z,0,0,0,1.4,0,0,23.2,850.4,23.8,24,53.3,522,3138,0,0.5,166,1.7,1.7,23.9,17.6,18.9
2026-07-25T11:40:46Z,0,0,0,1.4,0,0,23.8,850.2,23.9,24.3,56,517,3084,0,1,74,2,2,24.3,18.3,19.2
2026-07-25T11:55:53Z,0,0,0,1.2,0,0,23.5,849.9,23.9,24.2,53.6,489,2753,0,0.3,128,0.7,0.7,24.2,17.9,19.1
2026-07-25T12:11:01Z,0,0,0,1.1,0,0,23.3,849.7,23.8,24,56.7,454,2388,0,0.2,166,1.1,1.1,23.9,18.1,18.9
2026-07-25T12:26:09Z,0,0,0,2.2,0,0,23.7,849.4,23.8,24.4,55.6,668,5024,0,0,94,0.2,0.2,24.4,18.3,19.3
2026-07-25T12:41:46Z,0,0,0,1,0,0,23.1,849.5,23.6,23.9,55.5,437,2201,0,0.5,128,2.2,2.2,23.9,17.9,18.9
2026-07-25T12:56:47Z,0,0,0,1,0,0,22.9,849.4,23.1,23.5,57.1,449,2311,0,1.1,95,2.2,2.2,23.4,17.7,18.5
2026-07-25T13:11:54Z,0,0,0,1,0,0,23.2,849.4,23.5,23.9,56.1,448,2299,0,0.9,64,2,2,23.8,17.9,18.8
2026-07-25T13:27:02Z,0,0,0,1,0,0,23.3,849.3,23.4,24.2,55.4,435,2135,0,0.8,103,2,2,24.2,18.1,19.1
2026-07-25T13:42:10Z,0,0,0,0.6,0,0,23.8,849.4,24.2,24.8,54.5,362,1411,0,0.5,124,2,2,24.7,18.5,19.6
2026-07-25T13:57:38Z,0,0,0,0.3,0,0,22.2,849.5,22.3,22.9,59.2,305,764,0,0.6,101,2.2,2.2,22.8,17.5,18
2026-07-25T14:13:46Z,0,0,0,0.3,0,0,21.7,849.4,21.9,22.2,61.6,315,856,0,0.5,67,1.5,1.5,22.1,17.2,17.4
2026-07-25T14:28:54Z,0,0,0,0.4,0,0,21.7,849.5,21.8,22.1,62.1,326,969,0,0.8,83,2.4,2.4,22.1,17.2,17.4
2026-07-25T14:44:01Z,0,0,0,0.3,0,0,21.4,849.7,21.6,21.9,62.8,305,748,0,0.6,82,2.6,2.6,21.8,17.1,17.1
2026-07-25T14:59:10Z,0,0,0,0.2,0,0,21.1,849.7,21.2,21.5,63.8,287,558,0,0.3,95,1.3,1.3,21.4,16.9,16.8
2026-07-25T15:14:17Z,0,0,0,0.1,0,0,20.7,849.8,20.9,21.1,65.1,275,393,0,0.7,77,1.5,1.5,21,16.7,16.5
2026-07-25T15:29:41Z,0,0,0,0.1,0,0,20.2,850,20.3,20.6,67.1,268,319,0,0.6,105,1.7,1.7,20.5,16.5,16
2026-07-25T15:44:48Z,0,0,0,0,0,0,19.8,850.2,19.9,20.2,68.2,261,267,0,0.3,126,0.9,0.9,20.1,16.2,15.7
2026-07-25T15:59:57Z,0,0,0,0,0,0,19.5,850.3,19.7,19.9,69,262,254,0,0.5,73,1.5,1.5,19.8,16.1,15.4
2026-07-25T16:15:05Z,0,0,0,0,0,0,19.2,850.5,19.4,19.6,69.7,259,254,0,0.3,139,1.3,1.3,19.5,15.9,15.1
2026-07-25T16:30:12Z,0,0,0,0,0,0,19.2,850.7,19.4,19.5,69.2,260,252,0,0.3,115,1.5,1.5,19.4,15.7,15.1
2026-07-25T16:45:20Z,0,0,0,0,0,0,19.2,850.9,19.4,19.6,68.7,261,253,0,0,133,0.2,0.2,19.5,15.8,15.1
2026-07-25T17:00:44Z,0,0,0,0,0,0,19.2,851.1,19.3,19.6,68.5,261,254,0,0.1,113,0.4,0.4,19.5,15.7,15.1
2026-07-25T17:15:52Z,0,0,0,0,0,0,19.1,851.2,19.2,19.5,68.4,261,253,0,0,96,0,0,19.4,15.6,15
2026-07-25T17:31:01Z,0,0,0,0,0,0,19,851.3,19.1,19.4,69,262,254,0,0,117,0,0,19.3,15.6,14.9
2026-07-25T17:46:09Z,0,0,0,0,0,0,18.9,851.5,19.1,19.3,69.8,259,254,0,0,158,0.2,0.2,19.2,15.6,14.8
2026-07-25T18:01:53Z,0,0,0,0,0,0,18.8,851.8,18.9,19.2,70.3,260,254,0,0.3,142,0.9,0.9,19.1,15.6,14.7
2026-07-25T18:17:01Z,0,0,0,0,0,0,18.7,851.7,18.8,19.1,70.6,261,253,0,0,157,0.2,0.2,19,15.5,14.6
2026-07-25T18:32:09Z,0,0,0,0,0,0,18.6,851.8,18.8,19,70.9,260,253,0,0,191,0,0,18.9,15.5,14.6
2026-07-25T18:47:17Z,0,0,0,0,0,0,18.5,851.9,18.7,18.9,71,260,255,0,0.2,192,0.7,0.7,18.8,15.4,14.5
2026-07-25T19:02:25Z,0,0,0,0,0,0,18.5,852,18.6,18.9,70.9,260,252,0,0.2,158,0.7,0.7,18.8,15.4,14.5
2026-07-25T19:17:50Z,0,0,0,0,0,0,18.5,852,18.7,18.9,70.7,260,254,0,0,159,0,0,18.8,15.3,14.5
2026-07-25T19:32:57Z,0,0,0,0,0,0,18.5,852,18.6,18.9,70.5,259,253,0,0,191,0.2,0.2,18.8,15.3,14.4
2026-07-25T19:48:27Z,0,0,0,0,0,0,18.5,852,18.6,18.8,70.7,261,253,0,0.1,191,0.4,0.4,18.7,15.3,14.4
2026-07-25T20:03:51Z,0,0,0,0,0,0,18.4,852,18.6,18.8,70.7,261,253,0,0.1,146,0.9,0.9,18.6,15.2,14.3
2026-07-25T20:18:59Z,0,0,0,0,0,0,18.3,852,18.4,18.6,70.7,260,253,0,0.1,151,0.7,0.7,18.5,15.1,14.2
2026-07-25T20:34:06Z,0,0,0,0,0,0,18.1,851.9,18.3,18.5,70.6,260,253,0,0,126,0.2,0.2,18.4,15,14.1
2026-07-25T20:49:14Z,0,0,0,0,0,0,17.7,851.8,17.9,18.1,71.2,260,254,0,0,176,0,0,18,14.7,13.7
2026-07-25T21:04:22Z,0,0,0,0,0,0,17.3,851.6,17.5,17.7,72.2,261,252,0,0,174,0,0,17.6,14.4,13.3
2026-07-25T21:19:30Z,0,0,0,0,0,0,16.8,851.4,16.9,17.2,74.1,261,255,0,0,174,0.4,0.4,17.1,14.2,12.8
2026-07-25T21:34:54Z,0,0,0,0,0,0,16.3,851.2,16.4,16.7,76.2,259,254,0,0,174,0.1,0.1,16.5,13.9,12.3
2026-07-25T21:50:02Z,0,0,0,0,0,0,16,851.1,16.2,16.4,77.1,261,253,0,0,174,0,0,16.2,13.7,12
2026-07-25T22:05:10Z,0,0,0,0,0,0,15.6,851.1,16,16,78.5,261,254,0,0,174,0,0,15.9,13.5,11.7
2026-07-25T22:20:18Z,0,0,0,0,0,0,15.3,851.1,15.6,15.6,80,260,253,0,0,174,0,0,15.5,13.3,11.3
2026-07-25T22:35:26Z,0,0,0,0,0,0,15.4,851,15.8,15.8,80.1,262,254,0,0,174,0,0,15.6,13.5,11.4
2026-07-25T22:50:34Z,0,0,0,0,0,0,15.9,850.8,16.2,16.2,78.6,259,253,0,0.1,174,0.4,0.4,16,13.7,11.8
2026-07-25T23:05:59Z,0,0,0,0,0,0,16.2,850.8,16.3,16.5,77.8,260,254,0,0,174,0,0,16.4,13.9,12.2
2026-07-25T23:21:06Z,0,0,0,0,0,0,16.2,850.7,16.4,16.6,77,261,254,0,0.3,174,1.5,1.5,16.5,13.9,12.2
2026-07-25T23:36:14Z,0,0,0,0,0,0,16.2,850.8,16.3,16.6,77.5,259,253,0,0,174,0,0,16.4,13.9,12.2
2026-07-25T23:51:22Z,0,0,0,0,0,0,16,850.8,16.3,16.5,78.1,258,253,0,0.4,174,1.1,1.1,16.3,13.9,12.1
2026-07-26T00:00:27Z,0,0,0,0,0,0,15.9,850.7,16.2,16.4,78.8,261,254,0,0,174,0.2,0.2,16.2,13.9,12
2026-07-26T00:15:35Z,0,0,0,0,0,0,15.8,850.7,16.1,16.3,79.9,260,253,0,0,174,0.2,0.2,16.2,13.9,12
2026-07-26T00:31:00Z,0,0,0,0,0,0,15.7,850.8,16.1,16.2,80.6,261,254,0,0.2,174,0.7,0.7,16,13.9,11.8
2026-07-26T00:46:08Z,0,0,0,0,0,0,15.7,850.8,16.1,16.1,81.1,259,253,0,0,174,0,0,16,13.9,11.8
2026-07-26T01:01:16Z,0,0,0,0,0,0,15.6,850.8,16,16.1,81.6,260,254,0,0,174,0,0,16,13.9,11.8
2026-07-26T01:16:24Z,0,0,0,0,0,0,15.5,850.8,15.9,16,82.2,260,253,0,0.1,174,0.5,0.5,15.9,13.9,11.7
2026-07-26T01:31:32Z,0,0,0,0,0,0,15.5,850.9,15.9,15.9,82.6,259,254,0,0.5,174,0.9,0.9,15.9,13.9,11.7
2026-07-26T01:46:40Z,0,0,0,0,0,0,15.5,851.1,15.9,15.9,83.1,260,253,0,0,174,0,0,15.8,14,11.7
2026-07-26T02:02:02Z,0,0,0,0,0,0,15.4,851.1,15.8,15.9,83.3,261,253,0,0,174,0,0,15.8,14,11.6
2026-07-26T02:17:10Z,0,0,0,0,0,0,15.3,851.3,15.6,15.8,84,261,254,0,0,174,0.2,0.2,15.7,13.9,11.5
2026-07-26T02:32:19Z,0,0,0,0,0,0,15.2,851.4,15.6,15.6,85.1,261,253,0,0.7,174,1.5,1.5,15.6,13.9,11.4
2026-07-26T02:47:27Z,0,0,0,0,0,0,15,851.6,15.4,15.5,86,259,254,0,0,174,0,0,15.4,13.9,11.2
2026-07-26T03:02:36Z,0,0,0,0,0,0,15,851.7,15.3,15.4,86.3,261,254,0,0,174,0,0,15.3,13.8,11.1
2026-07-26T03:17:44Z,0,0,0,0,0,0,15,851.7,15.2,15.4,86.4,261,254,0,0,174,0,0,15.3,13.8,11.1
2026-07-26T03:33:06Z,0,0,0,0,0,0,15,851.9,15.3,15.4,86.8,261,258,0,0,174,0.2,0.2,15.3,13.9,11.1
2026-07-26T03:48:14Z,0,0,0,0,0,0,15,852.1,15.3,15.4,86.9,264,298,0,0,174,0,0,15.4,13.9,11.2
2026-07-26T04:03:23Z,0,0,0,0.1,0,0,15,852.4,15.4,15.4,87.1,270,356,0,0,174,0,0,15.3,13.9,11.2
2026-07-26T04:18:31Z,0,0,0,0.1,0,0,15.1,852.4,15.4,15.6,86.9,274,423,0,0,174,0.2,0.2,15.5,14.1,11.3
2026-07-26T04:33:39Z,0,0,0,0.2,0,0,15.3,852.6,15.6,15.7,86.3,299,686,0,0,174,0,0,15.6,14.1,11.4
2026-07-26T04:48:48Z,0,0,0,0.4,0,0,15.6,852.8,16,16,85.2,326,993,0,0.2,174,0.7,0.7,16,14.3,11.8
2026-07-26T05:04:10Z,0,0,0,0.7,0,0,16.5,852.8,16.8,16.6,82.2,387,1687,0,0.4,174,0.9,0.9,16.6,14.6,12.4
2026-07-26T05:19:18Z,0,0,0,1.1,0,0,17.4,852.9,18.2,17.5,78.8,470,2855,0,0.4,174,1.3,1.3,17.5,15,13.2
2026-07-26T05:34:26Z,0,0,0,0.6,0,0,17.4,853.2,17.8,17.6,78.2,363,1385,0,0.4,211,1.5,1.5,17.5,15,13.3
2026-07-26T05:49:35Z,0,0,0,0.8,0,0,17.6,853.2,17.9,17.9,77.1,413,1946,0,0.2,216,0.7,0.7,17.8,15.1,13.5
2026-07-26T06:04:44Z,0,0,0,0.6,0,0,17.6,853.3,17.8,17.7,77.1,378,1557,0,0.4,220,1.1,1.1,17.6,15,13.3
2026-07-26T06:20:36Z,0,0,0,0.5,0,0,17.8,853.3,18,18,77,355,1285,0,0,220,0.2,0.2,18,15.3,13.7
2026-07-26T06:36:21Z,0,0,0,0.5,0,0,17.9,853.4,18.1,18.1,76.7,352,1256,0,0.4,224,1.3,1.3,18,15.3,13.7
2026-07-26T06:51:29Z,0,0,0,0.4,0,0,17.8,853.2,18.1,18,76.5,331,1028,0,0,223,0,0,17.9,15.2,13.7
2026-07-26T07:06:38Z,0,0,0,0.5,0,0,17.8,853.2,18.1,18.1,76.8,345,1181,0,0.2,224,1.1,1.1,18,15.3,13.8
2026-07-26T07:21:47Z,0,0,0,0.8,0,0,18,853.2,18.3,18.3,75.2,407,1877,0,0.7,224,1.5,1.5,18.3,15.4,14
2026-07-26T07:37:09Z,0,0,0,1.4,0,0,18.7,853.1,19.1,19.2,71.7,516,3037,0,0.2,164,1.1,1.1,19.1,15.7,14.7
2026-07-26T07:52:18Z,0,0,0,0.9,0,0,19.3,853,19.6,19.5,69.4,419,2006,0,0.2,232,0.7,0.7,19.4,15.7,15
2026-07-26T08:07:26Z,0,0,0,1.1,0,0,19.5,852.9,19.9,19.9,68.6,454,2392,0,0.9,232,1.7,1.7,19.8,16,15.4
2026-07-26T08:22:34Z,0,0,0,1,0,0,19.9,852.9,20.2,20.3,66.2,439,2224,0,0.4,232,1.5,1.5,20.2,16.1,15.7
2026-07-26T08:37:42Z,0,0,0,1.2,0,0,20.2,852.7,20.4,20.5,66.5,487,2736,0,0.3,232,1.1,1.1,20.5,16.3,16
2026-07-26T08:53:19Z,0,0,0,1.3,0,0,20.4,852.5,20.8,20.9,64.3,497,2856,0,0.7,232,1.7,1.7,20.8,16.4,16.3
2026-07-26T09:08:26Z,0,0,0,1.2,0,0,20.4,852.3,20.9,20.8,65.1,483,2688,0,1.2,179,3.3,3.3,20.7,16.4,16.2
2026-07-26T09:23:34Z,0,0,0,1.2,0,0,20.7,852.2,21.1,21,64.2,488,2717,0,0.7,229,1.1,1.1,21,16.5,16.4
2026-07-26T09:38:42Z,0,0,0,1.5,0,0,20.7,851.9,21.1,21.1,64.2,530,3185,0,0.8,229,1.3,1.3,21.1,16.6,16.5
2026-07-26T09:53:50Z,0,0,0,1.4,0,0,21.9,851.8,22.2,22.2,60.8,518,3067,0,0.2,235,1.1,1.1,22.2,17.1,17.5
2026-07-26T10:09:16Z,0,0,0,1.5,0,0,21.8,851.6,22.2,22.1,62.1,536,3256,0,0.1,153,0.7,0.7,22,17.2,17.3
2026-07-26T10:24:24Z,0,0,0,1,0,0,21.3,851.4,21.8,21.8,61.3,441,2247,0,0.2,153,0.4,0.4,21.7,16.8,17.1
2026-07-26T10:39:32Z,0,0,0,0.6,0,0,21.5,851.4,21.9,21.8,60.9,360,1327,0,0.1,220,0.4,0.4,21.7,16.7,17.1
2026-07-26T10:54:40Z,0,0,0,1,0,0,20.9,851.3,21.2,21.3,62.6,441,2220,0,0.6,205,1.5,1.5,21.2,16.5,16.6
2026-07-26T11:09:48Z,0,0,0,1.6,0,0,21.9,850.9,22.2,22.4,59.3,564,3597,0,0.3,166,1.3,1.3,22.3,17.1,17.6
2026-07-26T11:24:56Z,0,0,0,1.4,0,0,22.1,850.7,22.4,22.4,59.6,513,2997,0,0.7,221,1.7,1.7,22.3,17.1,17.6
2026-07-26T11:40:20Z,0,0,0,2.6,0,0,22.7,850.5,23.2,23.3,58.1,734,5708,0,0,221,0.2,0.2,23.3,17.7,18.4
2026-07-26T11:55:28Z,0,0,0,1.2,0,0,22.7,850.3,23.1,23.4,56.7,473,2545,0,1,221,1.5,1.5,23.4,17.6,18.5
2026-07-26T12:10:36Z,0,0,0,0.6,0,0,22.2,850.2,22.4,22.9,58.5,371,1471,0,0.7,99,1.7,1.7,22.9,17.4,18
2026-07-26T12:25:44Z,0,0,0,0.5,0,0,21.6,850.1,21.9,22.1,60.5,354,1287,0,0.6,89,1.3,1.3,22.1,17,17.4
2026-07-26T12:40:52Z,0,0,0,0.4,0,0,21.4,850,21.6,21.9,61.3,328,984,0,0.8,122,1.3,1.3,21.8,16.9,17.2
2026-07-26T12:56:00Z,0,0,0,0.3,0,0,21.3,849.9,21.6,21.8,62.8,323,934,0,0.5,182,2.4,2.4,21.7,17,17.1
2026-07-26T13:11:29Z,0,0,0,0.4,0,0,20.8,849.9,20.9,21.2,64.4,326,957,0,0.8,151,2.8,2.8,21.2,16.7,16.6
2026-07-26T13:26:36Z,0,0,0,0.5,0,0,20.9,850,21.1,21.3,64.6,342,1119,0,0,125,0.2,0.2,21.2,16.8,16.6
2026-07-26T13:41:45Z,0,0,0,0.4,0,0,20.9,849.8,21.1,21.4,64.4,329,947,0,0.1,159,0.7,0.7,21.3,16.8,16.7
2026-07-26T13:56:53Z,0,0,0,0.4,0,0,21.1,849.8,21.2,21.6,64.4,332,1027,0,0.4,83,1.3,1.3,21.6,17,16.9
2026-07-26T14:12:27Z,0,0,0,0.8,0,0,21.2,849.7,21.5,21.9,63,398,1990,0,0.7,70,1.7,1.7,21.8,17.1,17.2
2026-07-26T14:27:35Z,0,0,0,0.4,0,0,21.8,849.8,22.1,22.8,60.7,335,1095,0,0.4,62,1.3,1.3,22.8,17.6,18
2026-07-26T14:42:43Z,0,0,0,0.3,0,0,21.3,849.8,21.4,21.9,62.5,314,885,0,0.3,151,1.1,1.1,21.8,17,17.1
2026-07-26T14:57:52Z,0,0,0,0.2,0,0,20.9,849.8,21,21.5,64.4,296,696,0,0.7,90,1.2,1.2,21.5,17,16.8
2026-07-26T15:13:01Z,0,0,0,0.1,0,0,20.7,850,20.9,21.1,66,273,408,0,0.2,89,0.7,0.7,21.1,16.8,16.5
2026-07-26T15:28:28Z,0,0,0,0,0,0,20.4,850,20.6,20.8,67.1,263,277,0,0,75,0.2,0.2,20.7,16.6,16.2
2026-07-26T15:43:36Z,0,0,0,0,0,0,20.2,850.2,20.3,20.6,67.1,260,256,0,0.3,80,0.7,0.7,20.5,16.4,16
2026-07-26T15:58:45Z,0,0,0,0,0,0,20,850.2,20.2,20.4,67.6,260,253,0,0.1,117,0.7,0.7,20.3,16.3,15.8
2026-07-26T16:13:53Z,0,0,0,0,0,0,19.9,850,20,20.2,68.1,259,254,0,0,117,0,0,20.2,16.3,15.7
2026-07-26T16:29:02Z,0,0,0,0,0,0,19.7,850,19.9,20.1,68.3,261,253,0,0,109,0,0,20,16.1,15.6
2026-07-26T16:44:30Z,0,0,0,0,0,0,19.6,850.2,19.7,20,70.4,261,252,0,0,24,0.2,0.2,19.9,16.3,15.5
2026-07-26T16:59:41Z,0,0,0,0,0,0,19.3,850.3,19.4,19.6,73,259,253,0,0.1,341,0.4,0.4,19.6,16.3,15.2
2026-07-26T17:14:49Z,0,0,0,0,0,0,18.9,850.4,19.1,19.2,74.8,261,252,0,0.3,3,0.7,0.7,19.2,16.2,14.8
2026-07-26T17:29:57Z,0,0,0,0,0,0,18.7,850.4,18.8,19,75.8,261,253,0,0,328,0,0,19,16.1,14.7
2026-07-26T17:45:06Z,0,0,0,0,0,0,18.5,850.4,18.6,18.9,76.4,261,254,0,0,333,0,0,18.9,16,14.5
2026-07-26T18:00:33Z,0,0,0,0,0,0,18.4,850.6,18.5,18.7,77.1,259,253,0,0,332,0,0,18.7,16,14.4
2026-07-26T18:15:41Z,0,0,0,0,0,0,18.3,850.7,18.4,18.7,77.5,261,254,0,0,357,0,0,18.6,15.9,14.3
2026-07-26T18:30:45Z,0,0,0,0,0,0,18.2,851,18.4,18.6,77.8,260,254,0,0,337,0.2,0.2,18.6,15.9,14.3
2026-07-26T18:46:09Z,0,0,0,0,0,0,18.1,851.2,18.2,18.5,78,260,253,0,0,44,0,0,18.5,15.9,14.2
2026-07-26T19:01:15Z,0,0,0,0,0,0,18,851.2,18.2,18.4,78.6,261,253,0,0,43,0.2,0.2,18.4,15.8,14.1
2026-07-26T19:16:23Z,0,0,0,0,0,0,17.8,851.1,17.9,18.2,79.2,260,253,0,0,43,0,0,18.2,15.7,13.9
2026-07-26T19:31:32Z,0,0,0,0,0,0,17.7,851.2,17.8,18,79.6,260,253,0,0,43,0,0,18,15.6,13.7
2026-07-26T19:46:41Z,0,0,0,0,0,0,17.7,851.1,17.8,18,79.9,261,253,0,0,44,0,0,18,15.6,13.7
2026-07-26T20:01:49Z,0,0,0,0,0,0,17.7,851,17.9,18.1,79.9,259,253,0,0,43,0.2,0.2,18.1,15.7,13.8
2026-07-26T20:17:13Z,0,0,0,0,0,0,17.8,851.1,18,18.1,78.9,262,255,0,0.1,43,0.4,0.4,18.1,15.6,13.8
2026-07-26T20:32:22Z,0,0,0,0,0,0,17.9,851.1,18.1,18.3,78.2,260,254,0,0.2,142,0.7,0.7,18.2,15.7,14
2026-07-26T20:47:31Z,0,0,0,0,0,0,18,851,18.1,18.3,77.3,259,253,0,0,73,0.2,0.2,18.3,15.6,14
2026-07-26T21:02:39Z,0,0,0,0,0,0,18,850.9,18.2,18.4,76.8,261,253,0,0,106,0,0,18.3,15.6,14
2026-07-26T21:17:48Z,0,0,0,0,0,0,17.9,850.9,18.1,18.3,75,259,254,0,0.6,182,2.4,2.4,18.2,15.3,13.9
2026-07-26T21:33:16Z,0,0,0,0,0,0,17.8,850.9,17.9,18.1,75.2,261,253,0,0.6,199,1.3,1.3,18,15.2,13.8
2026-07-26T21:48:25Z,0,0,0,0,0,0,17.5,850.6,17.7,17.9,76.5,261,254,0,0.1,164,0.4,0.4,17.8,15.1,13.6
2026-07-26T22:03:34Z,0,0,0,0,0,0,17.2,850.5,17.3,17.6,77.9,260,254,0,0.2,151,1,1,17.5,15,13.3
2026-07-26T22:18:42Z,0,0,0,0,0,0,17,850.4,17.2,17.4,79.6,260,254,0,0,185,0,0,17.4,15,13.1
2026-07-26T22:33:50Z,0,0,0,0,0,0,16.9,850.2,17.1,17.3,81.2,259,254,0,0.5,188,1.1,1.1,17.2,15.1,13
2026-07-26T22:48:59Z,0,0,0,0,0,0,16.7,850,16.9,17.1,81.8,260,254,0,0.2,129,0.7,0.7,17.1,15,12.9
2026-07-26T23:04:20Z,0,0,0,0,0,0,16.6,850,16.7,17,83.1,259,254,0,0.4,196,2,2,17,15,12.7
2026-07-26T23:19:29Z,0,0,0,0,0,0,16.5,850,16.6,16.9,84,260,254,0,0,195,0,0,16.9,15,12.6
2026-07-26T23:34:38Z,0,0,0,0,0,0,16.3,849.8,16.4,16.7,85.1,261,254,0,0.6,153,1.3,1.3,16.7,14.9,12.4
2026-07-26T23:49:47Z,0,0,0,0,0,0,16.1,849.7,16.2,16.5,85.7,260,253,0,0.2,158,0.9,0.9,16.5,14.8,12.3
2026-07-27T00:00:54Z,0,0,0,0,0,0,15.9,849.7,16.2,16.4,86,259,253,0,0.2,157,0.9,0.9,16.4,14.8,12.2
2026-07-27T00:16:22Z,0,0,0,0,0,0,15.9,849.6,16.2,16.3,86.3,262,252,0,0.1,186,0.5,0.5,16.3,14.7,12.1
2026-07-27T00:31:30Z,0,0,0,0,0,0,15.9,849.8,16.2,16.3,86.2,259,253,0,0,185,0,0,16.3,14.7,12.1
2026-07-27T00:46:38Z,0,0,0,0,0,0,15.9,849.7,16.2,16.3,86.1,259,253,0,0,186,0.2,0.2,16.2,14.6,12
2026-07-27T01:01:46Z,0,0,0,0,0,0,15.8,849.6,16.1,16.2,86.3,261,254,0,0,186,0.2,0.2,16.2,14.6,12
2026-07-27T01:16:55Z,0,0,0,0,0,0,15.7,849.6,16.1,16.1,86.3,260,254,0,0,116,0.2,0.2,16.1,14.5,11.9
2026-07-27T01:32:23Z,0,0,0,0,0,0,15.7,849.9,16,16.1,86.3,260,253,0,0,97,0,0,16.1,14.5,11.9
2026-07-27T01:47:32Z,0,0,0,0,0,0,15.7,849.9,16.1,16.1,86.2,259,254,0,0,138,0,0,16.1,14.5,11.9
2026-07-27T02:02:40Z,0,0,0,0,0,0,15.7,850,16,16.1,86.5,260,254,0,0.1,138,0.4,0.4,16,14.5,11.8
2026-07-27T02:17:48Z,0,0,0,0,0,0,15.7,850.1,16,16.1,86.8,260,254,0,0.4,138,1.1,1.1,16.1,14.5,11.9
2026-07-27T02:32:57Z,0,0,0,0,0,0,15.7,850.2,16.1,16.1,86.8,260,254,0,0,180,0,0,16.1,14.6,11.9
2026-07-27T02:48:25Z,0,0,0,0,0,0,15.7,850.4,16.1,16.1,87.1,260,253,0,0,180,0,0,16.1,14.6,11.9
2026-07-27T03:03:35Z,0,0,0,0,0,0,15.6,850.4,15.9,16,88.7,261,253,0,0.4,175,0.7,0.7,16,14.7,11.8
2026-07-27T03:18:44Z,0,0,0,0,0,0,15.4,850.5,15.6,15.8,90.4,260,254,0,0,96,0,0,15.8,14.7,11.6
2026-07-27T03:33:52Z,0,0,0,0,0,0,15,850.6,15.2,15.6,92,261,255,0,0.7,63,1.3,1.3,15.6,14.6,11.4
2026-07-27T03:49:00Z,0,0,0.2,0,0,0,14.7,850.5,15,15.2,93.4,262,288,0,0,157,0.4,0.4,15.2,14.4,11
2026-07-27T04:04:28Z,0,0,0.4,0,0,0,14.5,850.6,14.8,15,94.1,263,314,0,0.1,122,0.4,0.4,15,14.3,10.8
2026-07-27T04:19:36Z,0,0,0.6,0.1,0,0,14.4,850.9,14.6,14.8,94.7,268,346,0,0.1,199,0.7,0.7,14.8,14.2,10.6
2026-07-27T04:34:44Z,0,0,0.6,0.1,0,0,14.4,851,14.6,14.8,95.2,269,344,0,0,148,0,0,14.9,14.3,10.7
2026-07-27T04:49:52Z,0,0,0.6,0.1,0,0,14.3,851.2,14.7,14.8,95.5,271,376,0,0.4,179,1.3,1.3,14.8,14.3,10.6
2026-07-27T05:05:01Z,0,0,0.8,0.1,0,0,14.4,851.5,14.8,14.9,95.8,279,451,0,0.3,181,1.1,1.1,15,14.4,10.8
2026-07-27T05:20:10Z,0,0,0.8,0.2,0,0,14.4,851.6,14.8,14.9,95.9,285,514,0,0,189,0.2,0.2,14.9,14.4,10.7
2026-07-27T05:35:33Z,0,0,0.8,0.1,0,0,14.6,851.8,14.9,15,96,283,479,0,0,188,0,0,15.1,14.6,10.9
2026-07-27T05:50:41Z,0,0,0.8,0.2,0,0,14.6,851.9,15,15.1,96,293,614,0,0,189,0.4,0.4,15.1,14.6,10.9
2026-07-27T06:05:50Z,0,0,0,0.2,0.8,0,14.8,852.1,15.1,15.2,95.9,287,531,0,0,139,0.7,0.7,15.2,14.7,11
2026-07-27T06:20:58Z,0,0,0,0.3,0.8,0,14.8,852.3,15.1,15.2,95.7,314,824,0,0.7,139,1.1,1.1,15.3,14.7,11.1
2026-07-27T06:36:07Z,0,0,0,0.2,0.8,0,15,852.2,15.3,15.4,95.5,303,696,0,0,139,0,0,15.5,14.9,11.3
2026-07-27T06:51:41Z,0,0,0,0.5,0.8,0,15.2,852.3,15.6,15.6,95.3,342,1121,0,0,139,0,0,15.7,15,11.5
2026-07-27T07:06:49Z,0,0,0,0.3,0.8,0,15.2,852.5,15.6,15.6,94.8,319,864,0,0,207,0,0,15.7,15,11.5
2026-07-27T07:21:57Z,0,0,0,0.4,0.8,0,15.2,852.5,15.4,15.6,92.9,325,952,0,0,208,0.2,0.2,15.6,14.8,11.4
2026-07-27T07:37:06Z,0,0,0,0.6,0.8,0,15.6,852.5,15.9,16,92.8,363,1390,0,0,207,0,0,16,15.1,11.8
2026-07-27T07:52:14Z,0,0,0,1.8,0.8,0,16.3,852.2,16.4,16.7,91.5,585,3901,0,0,208,0.2,0.2,16.8,15.7,12.5
2026-07-27T08:07:36Z,0,0,0,0.9,0.8,0,17,852,17.3,17.5,84.4,416,1977,0,0.3,208,0.7,0.7,17.6,15.7,13.3
2026-07-27T08:22:45Z,0,0,0,0.8,0.8,0,17.1,851.9,17.3,17.6,85.2,398,1811,0,0,180,0,0,17.6,15.8,13.4
2026-07-27T08:37:53Z,0,0,0,1.5,0.8,0,18.9,851.8,19,19.2,80,541,3333,0,0.1,181,0.4,0.4,19.2,16.7,14.8
2026-07-27T08:53:01Z,0,0,0,0.6,0.8,0,18.7,851.6,19.2,19.3,79,369,1462,0,0,181,0.4,0.4,19.3,16.7,14.9
2026-07-27T09:08:09Z,0,0,0,0.6,0.8,0,19.1,851.5,19.3,19.5,76,367,1414,0,0.2,181,0.9,0.9,19.5,16.6,15.1
2026-07-27T09:23:17Z,0,0,0,0.6,0.8,0,18.1,851.4,18.6,18.6,79.8,372,1446,0,0.4,181,1.1,1.1,18.6,16.1,14.2
2026-07-27T09:38:39Z,0,0,0,0.5,0.8,0,18,851.3,18.3,18.5,78.6,342,1129,0,0,181,0.2,0.2,18.4,15.9,14.1
2026-07-27T09:53:47Z,0,0,0,0.3,0.8,0,18.2,851.1,18.3,18.6,78.9,323,925,0,0,181,0.2,0.2,18.6,16.1,14.3
2026-07-27T10:08:55Z,0,0,0,0.3,0.8,0,18.6,851,18.6,18.9,78.5,321,917,0,0,180,0,0,18.9,16.3,14.6
2026-07-27T10:24:03Z,0,0,0,0.4,0.8,0,18.6,850.9,18.5,18.8,80.2,330,1028,0,0.1,181,0.2,0.2,18.8,16.4,14.5
2026-07-27T10:39:11Z,0,0,0,0.6,0.8,0,18.6,850.7,18.6,18.9,79.9,379,1584,0,0.2,181,0.7,0.7,18.9,16.5,14.6
2026-07-27T10:54:19Z,0,0,0,1.1,0.8,0,18.9,850.4,18.9,19.1,79.4,460,2438,0,0.3,181,1.5,1.5,19.2,16.6,14.8
2026-07-27T11:09:42Z,0,0,0,1.5,0.8,0,19.8,850.1,19.8,20.1,75.9,539,3290,0,0.1,85,0.7,0.7,20.1,17.1,15.7
2026-07-27T11:24:50Z,0,0,0,1.5,0.8,0,20.9,849.8,20.8,21.3,73,543,3347,0,0,43,0.2,0.2,21.3,17.8,16.7
2026-07-27T11:39:57Z,0,0,0,1.4,0.8,0,20.7,849.6,20.6,21.2,71.8,519,3086,0,0.5,70,1.1,1.1,21.2,17.6,16.6
2026-07-27T11:55:50Z,0,0,0,1.4,0.8,0,21.6,849.3,21.8,22.3,67.4,519,3075,0,0.4,77,0.9,0.9,22.3,18,17.5
2026-07-27T12:10:57Z,0,0,0,1.5,0.8,0,21.8,849.2,21.8,22.4,66,540,3337,0,0.4,340,1.1,1.1,22.4,18,17.6
2026-07-27T12:26:05Z,0,0,0,1.2,0.8,0,21.7,849.2,21.8,22.5,64.9,488,2737,0,0.5,47,0.9,0.9,22.5,17.9,17.7
2026-07-27T12:41:13Z,0,0,0,0.9,0.8,0,21.3,849.1,21.2,22,64.8,424,2069,0,0.3,75,1.1,1.1,22,17.5,17.3
2026-07-27T12:56:21Z,0,0,0,1.1,0.8,0,20.6,848.9,20.9,21.3,66.5,463,2470,0,0.7,150,2,2,21.3,17,16.7
2026-07-27T13:11:47Z,0,0,0,1,0.8,0,21,848.8,21.3,21.8,65.1,451,2275,0,0.8,82,1.7,1.7,21.8,17.3,17.1
2026-07-27T13:26:56Z,0,0,0,0.8,0.8,0,21,848.9,21.1,21.8,66,413,1924,0,0.2,101,0.7,0.7,21.8,17.4,17.1
2026-07-27T13:42:04Z,0,0,0,0.8,0.8,0,20.9,848.8,21.2,21.6,66.6,403,1825,0,0.1,132,0.4,0.4,21.5,17.3,16.9
2026-07-27T13:57:13Z,0,0,0,0.5,0.8,0,20.5,849,20.8,21.1,67.5,356,1299,0,0.2,173,0.7,0.7,21.1,17,16.5
2026-07-27T14:12:22Z,0,0,0,0.4,0.8,0,20.3,849.2,20.5,20.8,68.7,340,1128,0,0,120,0.2,0.2,20.8,16.9,16.3
2026-07-27T14:27:50Z,0,0,0,0.3,0.8,0,19.9,849.2,20.1,20.4,69.6,321,908,0,0.1,82,0.4,0.4,20.3,16.6,15.9
2026-07-27T14:42:58Z,0,0,0,0.2,0.8,0,19.8,849.5,19.9,20.2,70.1,304,712,0,0.1,108,0.4,0.4,20.2,16.5,15.7
2026-07-27T14:58:57Z,0,0,0,0.2,0.8,0,19.3,849.6,19.4,19.8,70.6,290,565,0,0.8,72,2,2,19.7,16.1,15.3
2026-07-27T15:14:05Z,0,0,0,0.1,0.8,0,19,849.7,19.2,19.4,71.4,274,391,0,0.3,135,1.1,1.1,19.4,15.9,15
2026-07-27T15:29:13Z,0,0,0,0,0.8,0,18.8,849.8,18.9,19.2,72.4,264,275,0,0.1,86,1.1,1.1,19.2,15.9,14.8
2026-07-27T15:44:22Z,0,0,0,0,0.8,0,18.6,850,18.8,19,72.9,261,256,0,0.2,81,0.7,0.7,19,15.7,14.6
2026-07-27T15:59:30Z,0,0,0,0,0.8,0,18.6,850.1,18.7,18.9,73.1,261,254,0,0.4,130,0.9,0.9,18.9,15.7,14.5
2026-07-27T16:14:54Z,0,0,0,0,0.8,0,18.4,850.2,18.6,18.8,73.8,261,253,0,0,119,0,0,18.8,15.7,14.4
2026-07-27T16:30:01Z,0,0,0,0,0.8,0,18.4,850.4,18.5,18.7,73.7,262,253,0,0,126,0.4,0.4,18.6,15.5,14.3
2026-07-27T16:45:10Z,0,0,0,0,0.8,0,18.3,850.4,18.4,18.7,73.1,260,253,0,0,142,0,0,18.6,15.4,14.3
2026-07-27T17:00:18Z,0,0,0,0,0.8,0,18.3,850.5,18.4,18.6,72.7,258,253,0,0.2,131,0.7,0.7,18.5,15.3,14.2
2026-07-27T17:15:26Z,0,0,0,0,0.8,0,18.3,850.5,18.4,18.6,71.9,261,254,0,0.2,182,0.9,0.9,18.5,15.2,14.2
2026-07-27T17:31:01Z,0,0,0,0,0.8,0,18.1,850.6,18.2,18.4,73.2,260,254,0,0,181,0,0,18.3,15.2,14
2026-07-27T17:46:24Z,0,0,0,0,0.8,0,17.9,850.7,18,18.2,74.8,259,253,0,0,181,0,0,18.1,15.2,13.8
2026-07-27T18:01:33Z,0,0,0,0,0.8,0,17.7,850.8,17.8,18,75.8,261,253,0,0,181,0,0,17.9,15.1,13.7
2026-07-27T18:16:41Z,0,0,0,0,0.8,0,17.5,850.9,17.6,17.8,76.1,260,253,0,0,181,0,0,17.8,15,13.5
2026-07-27T18:31:48Z,0,0,0,0,0.8,0,17.4,851.1,17.6,17.8,77.3,260,253,0,0,181,0,0,17.7,15.1,13.4
2026-07-27T18:46:56Z,0,0,0,0,0.8,0,17.3,851.4,17.4,17.7,78.3,259,254,0,0.3,182,0.9,0.9,17.6,15.1,13.4
2026-07-27T19:02:05Z,0,0,0,0,0.8,0,17.3,851.4,17.4,17.6,79.3,260,253,0,0,181,0,0,17.6,15.2,13.3
2026-07-27T19:17:28Z,0,0,0,0,0.8,0,17.1,851.3,17.2,17.5,79.9,260,252,0,0,181,0,0,17.4,15.1,13.2
2026-07-27T19:32:36Z,0,0,0,0,0.8,0,17,851.4,17.2,17.4,80.7,261,254,0,0,181,0,0,17.4,15.1,13.1
2026-07-27T19:47:44Z,0,0,0,0,0.8,0,17,851.4,17.1,17.3,81.2,259,253,0,0.1,182,0.7,0.7,17.3,15.1,13.1
2026-07-27T20:02:52Z,0,0,0,0,0.8,0,16.9,851.1,17.1,17.3,81.9,260,254,0,0,181,0,0,17.3,15.2,13.1
2026-07-27T20:18:00Z,0,0,0,0,0.8,0,16.7,851.1,16.9,17.1,82.5,260,253,0,0,181,0,0,17.1,15.1,12.9
2026-07-27T20:33:08Z,0,0,0,0,0.8,0,16.6,850.9,16.8,17,83.3,260,253,0,0,181,0,0,17,15.1,12.8
2026-07-27T20:48:33Z,0,0,0,0,0.8,0,16.7,850.8,16.8,17.1,83.8,261,253,0,0.1,182,0.4,0.4,17,15.2,12.8
2026-07-27T21:03:41Z,0,0,0,0,0.8,0,16.5,850.7,16.6,16.8,84.4,259,253,0,0,181,0,0,16.8,15,12.6
2026-07-27T21:18:50Z,0,0,0,0,0.8,0,16,850.5,16.2,16.3,86.3,262,254,0,0,181,0,0,16.3,14.7,12.1
2026-07-27T21:33:58Z,0,0,0,0,0.8,0,15.4,850.3,15.8,15.7,88.1,261,253,0,0,181,0,0,15.7,14.3,11.5
2026-07-27T21:49:06Z,0,0,0,0,0.8,0,15.1,850.2,15.2,15.4,89.4,260,254,0,0,181,0,0,15.3,14.2,11.1
2026-07-27T22:04:15Z,0,0,0,0,0.8,0,14.7,850.2,14.9,15,90.7,260,253,0,0,181,0,0,15,13.9,10.8
2026-07-27T22:19:36Z,0,0,0,0,0.8,0,14.4,850.1,14.6,14.8,91.6,261,253,0,0,181,0,0,14.7,13.8,10.5
2026-07-27T22:34:45Z,0,0,0,0,0.8,0,14.3,850,14.6,14.7,92.4,261,253,0,0,181,0,0,14.6,13.8,10.4
2026-07-27T22:49:53Z,0,0,0,0,0.8,0,15,850,15.1,15.2,91.3,261,254,0,0,182,0,0,15.2,14.2,11
2026-07-27T23:05:01Z,0,0,0,0,0.8,0,15.1,849.8,15.3,15.4,87.1,261,254,0,0.1,183,1.1,1.1,15.3,13.9,11.1
2026-07-27T23:20:09Z,0,0,0,0,0.8,0,15.2,849.7,15.4,15.6,85.6,259,253,0,1,202,1.7,1.7,15.5,13.9,11.3
2026-07-27T23:35:17Z,0,0,0,0,0.8,0,15,849.7,15.4,15.4,85.6,260,254,0,0,201,0,0,15.4,13.8,11.2
2026-07-27T23:50:39Z,0,0,0,0,0.8,0,14.9,849.4,15.2,15.4,86.2,261,253,0,0,202,0.2,0.2,15.3,13.8,11.1
2026-07-28T00:00:45Z,0,0,0,0,0.8,0,14.8,849.4,15.1,15.2,86.7,259,253,0,0,201,0,0,15.2,13.7,11
2026-07-28T00:15:52Z,0,0,0,0,0.8,0,14.7,849.3,14.9,15.1,87.3,259,253,0,0.1,202,0.9,0.9,15,13.7,10.8
2026-07-28T00:31:00Z,0,0,0,0,0.8,0,14.6,849.3,14.9,15.1,87.8,259,253,0,0,201,0,0,15,13.7,10.8
2026-07-28T00:46:08Z,0,0,0,0,0.8,0,14.6,849.3,14.9,15,88.1,259,253,0,0,201,0,0,15,13.7,10.8
2026-07-28T01:01:16Z,0,0,0,0,0.8,0,14.7,849.3,14.9,15.1,88.5,261,254,0,0,201,0,0,15,13.8,10.8
2026-07-28T01:16:41Z,0,0,0,0,0.8,0,14.7,849.4,15,15.1,88.2,261,253,0,0.1,202,0.4,0.4,15,13.7,10.8
2026-07-28T01:31:49Z,0,0,0,0,0.8,0,14.7,849.4,15,15.1,88,260,253,0,0.1,202,0.5,0.5,15,13.7,10.8
2026-07-28T01:46:57Z,0,0,0,0,0.8,0,14.6,849.6,14.9,15,88.5,260,253,0,0,201,0,0,15,13.7,10.8
2026-07-28T02:02:05Z,0,0,0,0,0.8,0,14.6,849.7,14.9,15,88.7,261,254,0,0,202,0.2,0.2,14.9,13.7,10.7
2026-07-28T02:17:13Z,0,0,0,0,0.8,0,14.4,849.9,14.8,14.8,89.3,259,255,0,0,201,0,0,14.8,13.6,10.6
2026-07-28T02:32:21Z,0,0,0,0,0.8,0,14.2,850.1,14.6,14.7,89.9,261,254,0,0.2,202,0.7,0.7,14.6,13.5,10.4
2026-07-28T02:47:44Z,0,0,0,0,0.8,0,14.2,850.2,14.5,14.6,90.1,261,254,0,0,201,0,0,14.6,13.5,10.4
2026-07-28T03:02:52Z,0,0,0,0,0.8,0,14.2,850.3,14.6,14.7,90.2,261,254,0,0,201,0,0,14.6,13.5,10.4
2026-07-28T03:18:01Z,0,0,0,0,0.8,0,14.2,850.4,14.5,14.6,90.5,261,254,0,0,200,0,0,14.6,13.5,10.4
2026-07-28T03:33:09Z,0,0,0,0,0.8,0,14.2,850.5,14.4,14.6,90.6,260,261,0,0,201,0.2,0.2,14.5,13.5,10.3
2026-07-28T03:48:17Z,0,0,0,0,0.8,0,14.2,850.6,14.4,14.6,90.8,264,289,0,0,200,0,0,14.5,13.5,10.3
2026-07-28T04:03:26Z,0,0,0,0.1,0.8,0,14.2,850.9,14.5,14.6,91,268,323,0,0.3,201,0.9,0.9,14.5,13.6,10.3
2026-07-28T04:18:47Z,0,0,0,0.1,0.8,0,14.2,851.1,14.4,14.6,90.9,273,362,0,0,201,0.2,0.2,14.6,13.6,10.4
2026-07-28T04:33:56Z,0,0,0,0.1,0.8,0,14,851.3,14.3,14.5,91.1,277,436,0,0,200,0,0,14.4,13.5,10.2
2026-07-28T04:49:55Z,0,0,0,0.2,0.8,0,14.1,851.4,14.4,14.6,91.2,287,558,0,0,200,0,0,14.5,13.6,10.3
2026-07-28T05:05:03Z,0,0,0,0.2,0.8,0,14.3,851.6,14.6,14.7,90.9,296,640,0,0.1,201,0.2,0.2,14.7,13.7,10.5
2026-07-28T05:20:10Z,0,0,0,0.2,0.8,0,14.6,851.8,14.9,15,89.7,303,715,0,0,200,0,0,15,13.8,10.8
2026-07-28T05:35:18Z,0,0,0,0.4,0.8,0,14.8,852,15.1,15.2,89,334,1061,0,0,201,0.2,0.2,15.1,13.9,10.9
2026-07-28T05:50:26Z,0,0,0,0.5,0.8,0,15.2,852,15.6,15.7,86.2,357,1333,0,0.1,201,0.7,0.7,15.6,14.1,11.4
2026-07-28T06:05:54Z,0,0,0,0.7,0,0,15.7,852.1,16.1,16.2,84.8,387,1664,0,0,200,0,0,16.1,14.4,11.9
2026-07-28T06:21:02Z,0,0,0,0.7,0,0,16.4,852.1,16.6,16.9,83.1,393,1728,0,0,200,0,0,16.9,14.9,12.6
2026-07-28T06:36:11Z,0,0,0,0.9,0,0,16.3,852.3,16.6,16.9,82.1,416,1981,0,0,200,0,0,16.8,14.8,12.6
2026-07-28T06:51:19Z,0,0,0,0.9,0,0,17.3,852.3,17.4,17.7,78.6,425,2074,0,1,201,1.3,1.3,17.6,15.2,13.4
2026-07-28T07:06:27Z,0,0,0,1.1,0,0,17.3,852.2,17.4,17.9,78.7,462,2470,0,0.6,201,1.5,1.5,17.8,15.3,13.6
2026-07-28T07:21:35Z,0,0,0,1.4,0,0,18.7,852.3,18.8,19.1,75.4,513,3025,0,0.2,73,0.7,0.7,19,16.1,14.7
2026-07-28T07:36:58Z,0,0,0,1.5,0,0,20.5,852.2,20.4,20.8,68.1,537,3309,0,0.4,65,1.1,1.1,20.8,16.8,16.3
2026-07-28T07:52:06Z,0,0,0,1.3,0,0,19.6,852.2,19.4,20.1,70.2,499,2847,0,0.1,132,0.7,0.7,20.1,16.4,15.6
2026-07-28T08:07:15Z,0,0,0,3.2,0,0,19.3,852.1,19.8,19.9,69.3,864,7339,0,0.5,156,0.9,0.9,19.8,16.1,15.4
2026-07-28T08:22:22Z,0,0,0,1,0,0,19.7,852.1,20,20.4,67.5,436,2206,0,0.6,192,1.1,1.1,20.3,16.3,15.9
2026-07-28T08:37:30Z,0,0,0,1.2,0,0,19.6,852.1,19.8,20.2,68.7,483,2729,0,0.1,183,0.9,0.9,20.2,16.3,15.7
2026-07-28T08:52:39Z,0,0,0,1.3,0,0,20.6,851.9,20.8,21,66.6,505,2963,0,0,9,0.2,0.2,20.9,16.7,16.4
2026-07-28T09:08:02Z,0,0,0,1.5,0,0,20.4,851.6,20.6,21,65.5,528,3186,0,0,146,0.2,0.2,21,16.7,16.4
2026-07-28T09:23:09Z,0,0,0,1.2,0,0,20.7,851.5,20.9,20.8,66.2,477,2640,0,0.1,191,0.4,0.4,20.8,16.6,16.2
2026-07-28T09:38:17Z,0,0,0,1.5,0,0,20.7,851.3,20.7,21.3,63.3,528,3175,0,0,151,0.7,0.7,21.2,16.6,16.6
2026-07-28T09:53:26Z,0,0,0,1.6,0,0,21.2,851.1,21.6,21.9,62,564,3594,0,0.3,129,0.9,0.9,21.8,17,17.1
2026-07-28T10:08:34Z,0,0,0,1.9,0,0,21.4,850.9,21.4,22.1,61.8,619,4226,0,1.6,92,2.8,2.8,22,17.1,17.3
2026-07-28T10:23:58Z,0,0,0,1.5,0,0,21.4,850.7,21.9,22.3,61.6,530,3100,0,0.3,195,1.1,1.1,22.3,17.3,17.5
2026-07-28T10:39:06Z,0,0,0,3.5,0,0,22.8,850.3,22.8,23.2,58.4,911,7529,0,0.7,327,1.3,1.3,23.2,17.7,18.3
2026-07-28T10:54:14Z,0,0,0,3.4,0,0,23.4,850.2,23.8,24.1,56.5,899,7359,0,0.5,94,1.6,1.6,24.1,18.2,19
2026-07-28T11:09:22Z,0,0,0,1.4,0,0,23.3,850.1,23.2,23.8,57.2,518,3108,0,0.6,58,1.3,1.3,23.8,18,18.8
2026-07-28T11:24:30Z,0,0,0,1,0,0,22.6,850,22.6,23,60.4,438,2215,0,0.6,86,1.5,1.5,23,17.8,18.1
2026-07-28T11:39:38Z,0,0,0,1.2,0,0,21.3,849.9,21.4,22,62.4,481,2649,0,1.2,84,2.2,2.2,22,17.2,17.3
2026-07-28T11:55:02Z,0,0,0,1.4,0,0,22.5,849.7,22.6,23.3,59.6,525,3143,0,1.1,70,2.4,2.4,23.2,17.9,18.3
2026-07-28T12:10:09Z,0,0,0,1.1,0,0,21.7,849.6,21.8,22.6,60.5,460,2240,0,1.4,74,3.1,3.1,22.5,17.4,17.8
2026-07-28T12:25:16Z,0,0,0,1.2,0,0,23.2,849.5,23.2,24.2,55.8,480,2660,0,1.3,84,2.2,2.2,24.2,18.2,19.1
2026-07-28T12:40:25Z,0,0,0,2.2,0,0,21.4,849.5,21.5,22.2,62,663,4932,0,0.1,126,0.4,0.4,22.1,17.2,17.4
2026-07-28T12:56:10Z,0,0,0,1.8,0,0,21.8,849.5,21.9,22.7,60.1,590,3945,0,1.8,68,3.9,3.9,22.6,17.4,17.8
2026-07-28T13:11:18Z,0,0,0,1.5,0,0,22.1,849.5,22.4,23.1,59.7,539,3390,0,0.6,85,2,2,23.1,17.8,18.2
2026-07-28T13:26:26Z,0,0,0,0.9,0,0,22.2,849.6,22.4,23.4,58.7,422,1890,0,1.6,75,3.1,3.1,23.3,17.8,18.4
2026-07-28T13:42:22Z,0,0,0,1.1,0,0,21.9,849.5,22.1,23,60.3,468,2641,0,1.2,77,3.1,3.1,22.9,17.7,18.1
2026-07-28T13:57:30Z,0,0,0,1,0,0,21.2,849.6,21.4,22.2,62,436,2277,0,1.7,75,4.4,4.4,22.1,17.2,17.4
2026-07-28T14:12:38Z,0,0,0,0.5,0,0,21.2,849.8,21.4,22.2,61.5,345,1196,0,1.6,102,3.3,3.3,22.2,17.2,17.5
2026-07-28T14:27:46Z,0,0,0,0.3,0,0,20.4,849.8,20.5,21,64.7,313,827,0,0.9,60,2,2,21,16.6,16.4
2026-07-28T14:43:10Z,0,0,0,0.2,0,0,19.7,849.9,19.8,20.2,67.5,291,598,0,1.3,66,2.6,2.6,20.1,16.1,15.6
2026-07-28T14:58:19Z,0,0,0,0.1,0,0,19.5,850,19.6,20,67.9,280,465,0,1,106,2,2,19.9,16,15.4
2026-07-28T15:13:27Z,0,0,0,0.1,0,0,19.3,850.1,19.4,19.7,68.4,269,336,0,0.6,145,2,2,19.6,15.8,15.2
2026-07-28T15:28:36Z,0,0,0,0,0,0,19.1,850.3,19.2,19.5,68.8,263,266,0,1.5,68,2.6,2.6,19.4,15.6,15
2026-07-28T15:43:44Z,0,0,0,0,0,0,18.9,850.6,19,19.3,69.4,261,258,0,0.5,83,1.1,1.1,19.2,15.6,14.9
2026-07-28T15:58:52Z,0,0,0,0,0,0,18.8,850.6,18.9,19.2,69.8,260,254,0,0.6,96,2,2,19.1,15.5,14.8
2026-07-28T16:14:51Z,0,0,0,0,0,0,18.7,850.5,18.8,19.1,69.9,261,253,0,0.7,107,2.8,2.8,19,15.4,14.6
2026-07-28T16:30:16Z,0,0,0,0,0,0,18.5,850.5,18.6,18.9,70.5,261,253,0,0.2,166,0.7,0.7,18.8,15.3,14.5
2026-07-28T16:45:24Z,0,0,0,0,0,0,18.3,850.7,18.5,18.8,71,261,253,0,0.3,134,1.3,1.3,18.7,15.2,14.3
2026-07-28T17:00:32Z,0,0,0,0,0,0,18.2,850.9,18.4,18.7,70.9,261,254,0,0.4,113,1.3,1.3,18.6,15.2,14.2
2026-07-28T17:15:40Z,0,0,0,0,0,0,18.1,851,18.3,18.5,71.3,261,253,0,0,136,0.2,0.2,18.4,15.1,14.1
2026-07-28T17:31:26Z,0,0,0,0,0,0,18,851.2,18.2,18.5,71.4,259,253,0,0.5,109,2.2,2.2,18.3,15,14
2026-07-28T17:46:34Z,0,0,0,0,0,0,18,851.4,18.1,18.4,71.8,260,253,0,0,95,0.2,0.2,18.3,15,14
2026-07-28T18:01:43Z,0,0,0,0,0,0,17.9,851.5,18.1,18.3,72.1,260,253,0,0.1,161,0.4,0.4,18.2,15,13.9
2026-07-28T18:16:52Z,0,0,0,0,0,0,17.9,851.7,18.1,18.3,72.4,259,253,0,0,133,0,0,18.2,15,13.9
2026-07-28T18:32:21Z,0,0,0,0,0,0,17.8,852,18,18.2,72.7,260,254,0,0,134,0,0,18.1,14.9,13.8
2026-07-28T18:47:30Z,0,0,0,0,0,0,17.8,852,17.9,18.1,72.9,260,254,0,0,133,0,0,18,14.9,13.8
2026-07-28T19:02:38Z,0,0,0,0,0,0,17.7,852,17.9,18.1,73.4,261,254,0,0,133,0,0,18,14.9,13.7
2026-07-28T19:18:28Z,0,0,0,0,0,0,17.7,852,17.9,18.1,74.2,259,254,0,0,134,0,0,18,15,13.7
2026-07-28T19:33:36Z,0,0,0,0,0,0,17.7,852.1,17.9,18,73.6,261,253,0,0,134,0,0,17.9,14.9,13.7
2026-07-28T19:48:44Z,0,0,0,0,0,0,17.7,852.1,17.9,18,74.5,261,252,0,0,134,0,0,17.9,15,13.7
2026-07-28T20:03:52Z,0,0,0,0,0,0,17.6,852.2,17.7,17.9,74.9,261,254,0,0,133,0,0,17.8,14.9,13.5
2026-07-28T20:19:00Z,0,0,0,0,0,0,17.5,852.2,17.7,17.9,75.7,261,253,0,0,133,0,0,17.8,15,13.5
2026-07-28T20:34:24Z,0,0,0,0,0,0,17.3,852.3,17.5,17.7,76.7,259,253,0,0,134,0,0,17.6,14.9,13.4
2026-07-28T20:49:32Z,0,0,0,0,0,0,17.2,852.2,17.4,17.6,76.8,260,253,0,0,133,0,0,17.5,14.8,13.3
2026-07-28T21:04:40Z,0,0,0,0,0,0,17.2,852.2,17.4,17.6,76.8,260,253,0,0,134,0,0,17.5,14.9,13.3
2026-07-28T21:19:48Z,0,0,0,0,0,0,17.2,852.1,17.3,17.5,77.4,260,253,0,0,134,0,0,17.5,14.9,13.2
2026-07-28T21:34:56Z,0,0,0,0,0,0,17.1,852.1,17.2,17.4,77.6,259,253,0,0,134,0,0,17.3,14.8,13.1
2026-07-28T21:50:04Z,0,0,0,0,0,0,17,852,17.2,17.4,77.7,261,253,0,0,134,0,0,17.4,14.8,13.1
2026-07-28T22:05:27Z,0,0,0,0,0,0,17,851.8,17.1,17.3,77.7,260,254,0,0,134,0,0,17.2,14.7,13
2026-07-28T22:20:34Z,0,0,0,0,0,0,17,851.6,17.1,17.4,75.3,260,254,0,0,134,0,0,17.2,14.4,13
2026-07-28T22:35:42Z,0,0,0,0,0,0,17.1,851.5,17.3,17.4,75.2,260,254,0,0,134,0,0,17.3,14.5,13.1
2026-07-28T22:50:50Z,0,0,0,0,0,0,17.3,851.3,17.4,17.6,73.5,262,253,0,0.2,139,0.9,0.9,17.5,14.5,13.2
2026-07-28T23:05:57Z,0,0,0,0,0,0,17.2,851.2,17.4,17.6,73.9,260,253,0,1.2,181,2.6,2.6,17.5,14.5,13.2
2026-07-28T23:21:04Z,0,0,0,0,0,0,16.5,851,16.6,16.9,77.7,260,253,0,0,145,0,0,16.8,14.3,12.6
2026-07-28T23:36:35Z,0,0,0,0,0,0,16.1,850.8,16.2,16.5,79.1,261,253,0,0,195,0.2,0.2,16.4,14.1,12.2
2026-07-28T23:51:43Z,0,0,0,0,0,0,15.9,851,16.2,16.3,79.6,260,253,0,0.1,167,0.7,0.7,16.2,14,12
2026-07-29T00:00:48Z,0,0,0,0,0,0,15.8,851,16.1,16.2,80.4,261,253,0,0.4,192,1.5,1.5,16.1,14,11.9
2026-07-29T00:15:56Z,0,0,0,0,0,0,15.6,851,15.9,16,81.7,261,253,0,1.2,169,2,2,15.9,13.9,11.7
2026-07-29T00:31:03Z,0,0,0,0,0,0,15.6,851.1,16,16,82.1,260,254,0,0.8,194,1.4,1.4,15.9,13.9,11.7
2026-07-29T00:46:31Z,0,0,0,0,0,0,15.6,851.2,15.9,16,81.8,260,254,0,0.2,79,1.3,1.3,15.9,13.9,11.7
2026-07-29T01:01:39Z,0,0,0,0,0,0,15.5,851.4,15.8,15.9,82.6,260,254,0,0,96,0.2,0.2,15.9,13.9,11.7
2026-07-29T01:16:47Z,0,0,0,0,0,0,15.3,851.5,15.7,15.8,83.2,259,253,0,0.7,130,1.7,1.7,15.7,13.9,11.5
2026-07-29T01:31:56Z,0,0,0,0,0,0,15.2,851.5,15.6,15.7,83.7,261,253,0,0,129,0,0,15.6,13.8,11.4
2026-07-29T01:47:05Z,0,0,0,0,0,0,15.1,851.4,15.5,15.6,84.1,260,253,0,0.3,176,0.7,0.7,15.5,13.7,11.3
2026-07-29T02:02:43Z,0,0,0,0,0,0,15.1,851.5,15.5,15.6,84,260,254,0,0,176,0,0,15.5,13.7,11.3
2026-07-29T02:17:51Z,0,0,0,0,0,0,15.1,851.5,15.4,15.5,84.2,261,253,0,0,176,0,0,15.4,13.7,11.2
2026-07-29T02:33:00Z,0,0,0,0,0,0,15.1,851.7,15.4,15.5,84.3,260,254,0,0,176,0,0,15.4,13.7,11.3
2026-07-29T02:48:08Z,0,0,0,0,0,0,15.1,851.7,15.4,15.5,84,260,253,0,0,176,0,0,15.4,13.7,11.2
2026-07-29T03:03:16Z,0,0,0,0,0,0,15.1,851.9,15.4,15.5,83.9,260,254,0,0,176,0,0,15.4,13.7,11.2
2026-07-29T03:18:37Z,0,0,0,0,0,0,15.1,851.9,15.4,15.5,83.8,260,254,0,0.6,176,0.9,0.9,15.4,13.6,11.2
2026-07-29T03:33:46Z,0,0,0,0,0,0,15.1,852.1,15.4,15.5,85.9,262,258,0,0.1,176,0.4,0.4,15.5,13.9,11.3
2026-07-29T03:48:54Z,0,0,0,0,0,0,15.1,852.4,15.3,15.5,86.8,262,280,0,0,176,0,0,15.4,14,11.2
2026-07-29T04:04:02Z,0,0,0,0.1,0,0,15.1,852.7,15.3,15.5,87.2,267,313,0,0.2,176,0.7,0.7,15.4,14,11.2
2026-07-29T04:19:09Z,0,0,0,0.1,0,0,15,852.9,15.3,15.4,86.1,269,355,0,0,176,0.2,0.2,15.4,13.8,11.2
2026-07-29T04:34:18Z,0,0,0,0.1,0,0,15.1,853.2,15.4,15.5,85,280,472,0,0,176,0,0,15.4,13.8,11.2
2026-07-29T04:49:40Z,0,0,0,0.2,0,0,15.3,853.3,15.6,15.7,84.4,293,611,0,0,176,0,0,15.7,13.9,11.5
2026-07-29T05:04:48Z,0,0,0,0.3,0,0,15.6,853.5,15.9,16.1,84.1,305,756,0,0,176,0,0,16,14.2,11.8
2026-07-29T05:19:55Z,0,0,0,0.4,0,0,15.8,853.7,16.2,16.3,83.3,327,993,0,0,176,0,0,16.2,14.3,12
2026-07-29T05:35:03Z,0,0,0,0.5,0,0,16.1,853.8,16.2,16.5,83,351,1248,0,0,176,0,0,16.5,14.5,12.3
2026-07-29T05:50:11Z,0,0,0,0.4,0,0,16.6,854,16.7,17,80.1,332,1059,0,0,176,0.4,0.4,16.9,14.7,12.7
2026-07-29T06:05:19Z,0,0,0,0.7,0,0,16.8,854.2,17,17.3,79.2,380,1592,0,0,84,0,0,17.3,14.9,13
2026-07-29T06:20:43Z,0,0,0,0.5,0,0,17.5,854.2,17.9,18,77.4,351,1283,0,0,84,0,0,17.9,15.3,13.6
2026-07-29T06:35:50Z,0,0,0,0.8,0,0,17,854.2,17.1,17.2,80,408,1925,0,0,190,0,0,17.1,14.8,12.9
2026-07-29T06:50:58Z,0,0,0,1,0,0,17.7,854.3,18,17.9,78,437,2246,0,0,190,0,0,17.8,15.2,13.5
2026-07-29T07:06:06Z,0,0,0,1.2,0,0,18.9,854.2,19.2,19.1,73.1,480,2713,0,0.4,191,0.9,0.9,19,15.8,14.7
2026-07-29T07:21:13Z,0,0,0,1.5,0,0,19,854.1,19.1,18.9,73.6,532,3143,0,0.1,192,0.6,0.6,18.8,15.7,14.5
2026-07-29T07:36:21Z,0,0,0,3.4,0,0,20.8,854,21.2,20.8,67.2,892,7617,0,0.4,190,1.3,1.3,20.7,16.6,16.2
2026-07-29T07:51:46Z,0,0,0,2.5,0,0,22.6,853.7,22.8,23.3,60.2,714,5353,0,0.3,88,0.7,0.7,23.2,18,18.4
2026-07-29T08:06:55Z,0,0,0,1.1,0,0,20.2,853.5,20.3,19.9,68,471,2619,0,0.3,238,0.9,0.9,19.8,16,15.4
2026-07-29T08:22:02Z,0,0,0,1.6,0,0,20.3,853.4,20.7,20.6,65.9,555,3521,0,0.2,289,0.4,0.4,20.5,16.3,16
2026-07-29T08:37:10Z,0,0,0,1.6,0,0,20.5,853.3,21,20.9,63.9,560,3552,0,0,168,0,0,20.8,16.3,16.2
2026-07-29T08:52:18Z,0,0,0,1.8,0,0,22.2,853.1,22.5,22.6,57.9,591,3882,0,0.5,167,1.3,1.3,22.5,17.1,17.8
2026-07-29T09:07:26Z,0,0,0,2.1,0,0,23.5,852.9,23.6,23.7,55.8,647,4492,0,0.1,12,0.4,0.4,23.6,17.7,18.7
2026-07-29T09:22:50Z,0,0,0,3.4,0,0,23.5,852.7,23.8,23.2,56,888,7440,0,0.9,254,2.4,2.4,23.1,17.3,18.3
2026-07-29T09:37:56Z,0,0,0,1.2,0,0,23,852.4,23.6,23,56.7,482,2453,0,1.4,175,2,2,22.9,17.2,18.1
2026-07-29T09:53:04Z,0,0,0,3.3,0,0,22.8,852.2,23.2,23.1,56.7,878,7206,0,0.9,175,2,2,23,17.3,18.2
2026-07-29T10:08:57Z,0,0,0,3.3,0,0,23.6,852,24.2,24.1,52,869,7087,0,0.3,175,1.1,1.1,24.1,17.6,19
2026-07-29T10:24:05Z,0,0,0,3.3,0,0,24.4,851.8,24.8,25.1,50.9,882,7100,0,0,175,0,0,25.1,18.3,19.8
2026-07-29T10:39:12Z,0,0,0,1.8,0,0,25.6,851.7,25.7,26.2,47.3,588,3566,0,0.2,142,0.9,0.9,26.2,18.6,20.7
2026-07-29T10:54:19Z,0,0,0,3.1,0,0,24.8,851.5,25.5,25.5,49.1,837,6858,0,0.3,173,1.1,1.1,25.5,18.3,20.1
2026-07-29T11:10:00Z,0,0,0,1,0,0,25.4,851.1,26.1,26.5,46.8,451,2215,0,0.7,173,1.7,1.7,26.5,18.7,20.9
2026-07-29T11:25:58Z,0,0,0,2.7,0,0,25.6,850.9,25.9,26.5,47.2,765,5947,0,0.4,173,0.9,0.9,26.5,18.8,20.9
2026-07-29T11:41:06Z,0,0,0,2.7,0,0,25.5,850.7,25.8,26.4,46.9,760,5908,0,1.6,123,3.5,3.5,26.4,18.7,20.8
2026-07-29T11:56:13Z,0,0,0,1.7,0,0,26.4,850.3,26.9,26.8,46.2,572,3938,0,0.6,140,1.1,1.1,27,18.9,21.3
2026-07-29T12:12:05Z,0,0,0,2.4,0,0,26.8,850.2,27.4,27.8,43.4,712,5316,0,0,157,0.2,0.2,27.8,19.3,21.8
2026-07-29T12:27:12Z,0,0,0,0.7,0,0,25.9,850,26.5,26.7,45.3,391,1508,0,0,132,0,0,26.6,18.7,21
2026-07-29T12:42:20Z,0,0,0,2,0,0,25.9,849.9,26.1,26.3,45.8,637,4512,0,1.5,68,2.4,2.4,26.2,18.4,20.7
2026-07-29T12:57:28Z,0,0,0,0.5,0,0,25,849.7,25.2,25.9,46.8,350,1081,0,0.6,136,1.5,1.5,25.8,18.3,20.4
2026-07-29T13:13:07Z,0,0,0,1.6,0,0,25.6,849.6,26.2,26.4,45.2,551,3534,0,0.6,160,1.1,1.1,26.3,18.4,20.8
2026-07-29T13:28:15Z,0,0,0,1.4,0,0,26.4,849.4,27,27.6,42.5,526,3315,0,0.8,164,1.7,1.7,27.5,18.9,21.6
2026-07-29T13:43:22Z,0,0,0,1.1,0,0,25.2,849.5,25.8,26.1,46.4,459,2548,0,0.5,161,1.7,1.7,26,18.4,20.6
2026-07-29T13:58:30Z,0,0,0,0.9,0,0,25.1,849.5,25.6,26,46.8,416,2004,0,0.3,135,0.9,0.9,25.9,18.3,20.5
2026-07-29T14:13:38Z,0,0,0,0.6,0,0,25.8,849.4,26.4,27.1,43.7,376,1575,0,0.6,79,1.5,1.5,27.2,18.8,21.4
2026-07-29T14:29:03Z,0,0,0,0.5,0,0,25.2,849.6,25.6,26.4,45.6,354,1310,0,0.1,160,0.4,0.4,26.3,18.5,20.8
2026-07-29T14:44:10Z,0,0,0,0.3,0,0,24.7,849.7,24.9,25.3,48,320,883,0,0.2,55,1.1,1.1,25.3,18,20
2026-07-29T14:59:18Z,0,0,0,0.2,0,0,23.8,849.7,23.9,24.2,50.5,299,646,0,0.2,120,0.9,0.9,24.1,17.4,19.1
2026-07-29T15:14:59Z,0,0,0,0.1,0,0,23.2,849.9,23.4,23.5,51,275,410,0,0.3,129,1.3,1.3,23.4,16.9,18.5
2026-07-29T15:30:23Z,0,0,0,0,0,0,22.8,849.9,23,23.2,52.1,263,287,0,0.1,138,0.7,0.7,23.1,16.7,18.2
2026-07-29T15:45:31Z,0,0,0,0,0,0,22.6,850.1,22.8,22.9,52.3,262,260,0,0.3,144,1.1,1.1,22.8,16.6,18
2026-07-29T16:00:39Z,0,0,0,0,0,0,22.3,850.2,22.4,22.6,53.2,261,254,0,0,126,0.2,0.2,22.5,16.4,17.7
2026-07-29T16:15:47Z,0,0,0,0,0,0,21.9,850.4,22,22.2,54.5,260,254,0,0.2,122,0.7,0.7,22.1,16.2,17.4
2026-07-29T16:30:55Z,0,0,0,0,0,0,21.7,850.7,21.9,22,55.3,259,254,0,0,118,0,0,21.9,16.2,17.2
2026-07-29T16:46:03Z,0,0,0,0,0,0,21.6,850.9,21.8,22,55.5,260,254,0,0.4,135,1.5,1.5,21.8,16.1,17.1
2026-07-29T17:01:27Z,0,0,0,0,0,0,21.5,851.1,21.7,21.8,56.2,262,254,0,0.4,130,1.5,1.5,21.7,16.1,17
2026-07-29T17:16:35Z,0,0,0,0,0,0,21.3,851.2,21.5,21.7,56.2,261,252,0,0.3,134,1.3,1.3,21.5,16,16.9
2026-07-29T17:31:44Z,0,0,0,0,0,0,21,851.2,21.2,21.4,56.8,260,254,0,0.3,144,1.3,1.3,21.3,15.9,16.7
2026-07-29T17:46:52Z,0,0,0,0,0,0,20.6,851.1,20.8,20.9,57.7,260,254,0,0.3,143,1.3,1.3,20.8,15.6,16.2
2026-07-29T18:01:59Z,0,0,0,0,0,0,20.2,851.3,20.3,20.5,58.7,261,253,0,0.3,142,1.1,1.1,20.4,15.3,15.9
2026-07-29T18:17:37Z,0,0,0,0,0,0,19.8,851.6,19.9,20.1,60.3,259,254,0,0,170,0,0,19.9,15.1,15.5
2026-07-29T18:32:45Z,0,0,0,0,0,0,19.1,851.8,19.3,19.4,61.2,260,253,0,0.3,170,1.1,1.1,19.2,14.7,14.9
2026-07-29T18:47:53Z,0,0,0,0,0,0,19,851.9,19.1,19.3,61.8,260,254,0,0.3,202,1.5,1.5,19.1,14.6,14.8
2026-07-29T19:03:41Z,0,0,0,0,0,0,18.9,851.9,19.1,19.3,61.7,259,253,0,0,141,0.2,0.2,19.1,14.6,14.7
2026-07-29T19:18:48Z,0,0,0,0,0,0,18.7,852.2,18.8,19.1,62,260,255,0,0,139,0,0,18.9,14.4,14.5
2026-07-29T19:34:42Z,0,0,0,0,0,0,18.3,852.4,18.5,18.7,63,260,253,0,0,139,0,0,18.5,14.2,14.2
2026-07-29T19:49:49Z,0,0,0,0,0,0,18,852.5,18.1,18.4,64.3,260,253,0,0,139,0.2,0.2,18.1,14.1,13.8
2026-07-29T20:04:56Z,0,0,0,0,0,0,17.8,852.6,18,18.1,65.2,260,254,0,0,139,0.2,0.2,17.9,14,13.7
2026-07-29T20:20:04Z,0,0,0,0,0,0,17.4,852.7,17.6,17.8,66.8,259,254,0,0,139,0,0,17.6,13.9,13.4
2026-07-29T20:35:12Z,0,0,0,0,0,0,17.1,852.7,17.3,17.5,68.4,260,254,0,0,139,0,0,17.3,13.8,13.1
2026-07-29T20:50:37Z,0,0,0,0,0,0,16.7,852.6,16.8,17,70.3,261,253,0,0,139,0,0,16.8,13.5,12.6
2026-07-29T21:05:45Z,0,0,0,0,0,0,16.3,852.6,16.5,16.7,72.3,260,254,0,0,139,0,0,16.5,13.4,12.3
2026-07-29T21:20:52Z,0,0,0,0,0,0,16.1,852.6,16.3,16.5,73.9,260,254,0,0,82,0,0,16.3,13.4,12.1
2026-07-29T21:35:59Z,0,0,0,0,0,0,15.9,852.7,16.2,16.3,75.4,260,253,0,0,106,0,0,16.1,13.4,11.9
2026-07-29T21:51:07Z,0,0,0,0,0,0,16,852.6,16.3,16.4,75.7,260,254,0,0,136,0.2,0.2,16.2,13.6,12
2026-07-29T22:06:16Z,0,0,0,0,0,0,15.8,852.4,16.2,16.2,77.3,260,253,0,0.3,129,1.1,1.1,16.1,13.6,11.9
2026-07-29T22:21:42Z,0,0,0,0,0,0,15.6,852.4,15.9,16,79.3,261,254,0,0,129,0.2,0.2,15.9,13.6,11.7
2026-07-29T22:36:50Z,0,0,0,0,0,0,15.2,852.4,15.4,15.6,81,260,253,0,0,129,0,0,15.4,13.4,11.2
2026-07-29T22:51:58Z,0,0,0,0,0,0,14.7,852.3,15,15.1,83,260,253,0,0,129,0,0,15,13.2,10.8
2026-07-29T23:07:07Z,0,0,0,0,0,0,14.6,852.2,14.9,15,84.2,261,252,0,0,129,0.2,0.2,14.8,13.2,10.6
2026-07-29T23:22:50Z,0,0,0,0,0,0,14.9,852,15.2,15.3,84.5,261,254,0,0,129,0,0,15.2,13.5,11
2026-07-29T23:37:57Z,0,0,0,0,0,0,15.3,852,15.6,15.6,83.6,261,253,0,0.4,129,0.7,0.7,15.5,13.7,11.3
2026-07-29T23:53:05Z,0,0,0,0,0,0,15.3,851.9,15.7,15.8,83.3,261,254,0,0,129,0.2,0.2,15.7,13.8,11.5
2026-07-30T00:00:09Z,0,0,0,0,0,0,15.3,851.8,15.6,15.7,83.3,259,254,0,0,129,0,0,15.6,13.8,11.4
2026-07-30T00:15:17Z,0,0,0,0,0,0,15,851.8,15.2,15.4,82.4,260,253,0,0,129,0,0,15.2,13.4,11
2026-07-30T00:30:42Z,0,0,0,0,0,0,14.5,851.6,14.7,14.8,84.3,260,254,0,0.1,129,0.4,0.4,14.7,13.1,10.5
2026-07-30T00:45:50Z,0,0,0,0,0,0,14,851.7,14.2,14.4,86.1,261,253,0,0,129,0,0,14.3,12.8,10.1
2026-07-30T01:00:58Z,0,0,0,0,0,0,13.8,851.9,14.1,14.2,87.5,260,254,0,0,129,0,0,14.1,12.8,9.9
2026-07-30T01:16:06Z,0,0,0,0,0,0,13.8,851.9,14.1,14.3,88,261,253,0,0.7,129,1.5,1.5,14.1,12.9,9.9
2026-07-30T01:31:14Z,0,0,0,0,0,0,13.9,851.9,14.1,14.3,88.5,261,254,0,0,129,0,0,14.2,13,10
2026-07-30T01:46:23Z,0,0,0,0,0,0,13.8,851.8,14.2,14.3,88.4,260,253,0,0,129,0.2,0.2,14.2,13,10
2026-07-30T02:01:47Z,0,0,0,0,0,0,13.6,851.9,13.8,13.9,89.5,259,253,0,0,129,0.2,0.2,13.8,12.8,9.6
2026-07-30T02:16:55Z,0,0,0,0,0,0,13.2,852,13.5,13.7,89.7,259,253,0,0,129,0,0,13.6,12.6,9.4
2026-07-30T02:32:02Z,0,0,0,0,0,0,13.1,852.1,13.3,13.5,91.2,261,254,0,0,129,0,0,13.4,12.5,9.2
2026-07-30T02:47:10Z,0,0,0,0,0,0,12.9,852.3,13.1,13.3,91.5,260,252,0,0,129,0,0,13.2,12.3,8.9
2026-07-30T03:02:19Z,0,0,0,0,0,0,12.6,852.4,12.8,13.1,92.1,260,253,0,0,129,0,0,13,12.2,8.7
2026-07-30T03:17:27Z,0,0,0,0,0,0,12.5,852.4,12.8,12.9,92.9,261,253,0,0,129,0,0,12.8,12.1,8.5
2026-07-30T03:32:51Z,0,0,0,0,0,0,12.6,852.6,12.9,13,93.6,262,272,0,0,129,0,0,12.9,12.3,8.7
2026-07-30T03:47:58Z,0,0,0,0.1,0,0,12.8,852.7,13.1,13.2,93.9,268,344,0,0,129,0,0,13.2,12.5,8.9
2026-07-30T04:03:07Z,0,0,0,0.1,0,0,13.2,853.1,13.6,13.6,93.9,269,359,0,0,129,0,0,13.6,12.9,9.4
2026-07-30T04:18:15Z,0,0,0,0.1,0,0,13.6,853.2,13.9,14,93.4,277,444,0,0,129,0,0,13.9,13.2,9.7
2026-07-30T04:33:23Z,0,0,0,0.1,0,0,14,853.3,14.3,14.4,91.8,283,502,0,0,129,0,0,14.3,13.5,10.1
2026-07-30T04:49:02Z,0,0,0,0.2,0,0,14.5,853.3,14.8,14.9,90.1,296,653,0,0.3,129,0.7,0.7,14.8,13.7,10.6
2026-07-30T05:04:09Z,0,0,0,0.3,0,0,14.6,853.4,14.9,15.1,88.8,322,942,0,0,129,0.2,0.2,15,13.8,10.8
2026-07-30T05:19:18Z,0,0,0,0.7,0,0,15.4,853.4,15.8,15.8,86.3,391,1715,0,0.1,129,0.9,0.9,15.7,14.2,11.5
2026-07-30T05:34:25Z,0,0,0,0.7,0,0,16.2,853.7,16.4,16.5,83.7,392,1692,0,0,129,0,0,16.5,14.6,12.2
2026-07-30T05:49:33Z,0,0,0,1.1,0,0,16.9,853.8,17.2,17.3,78.9,464,2576,0,0.5,129,0.9,0.9,17.2,14.8,13
2026-07-30T06:04:59Z,0,0,0,0.6,0,0,17.7,853.8,17.9,17.8,78.3,377,1564,0,0,129,0,0,17.8,15.2,13.5
2026-07-30T06:20:07Z,0,0,0,0.5,0,0,17.4,853.9,17.8,17.8,76.2,355,1324,0,0.1,129,0.7,0.7,17.7,15,13.4
2026-07-30T06:35:15Z,0,0,0,0.8,0,0,17.3,853.9,17.6,17.5,76.9,405,1853,0,0.1,129,0.4,0.4,17.4,14.7,13.1
2026-07-30T06:50:23Z,0,0,0,1,0,0,18.4,853.9,18.6,18.7,73.5,443,2256,0,0,129,0,0,18.7,15.5,14.3
2026-07-30T07:05:30Z,0,0,0,1.5,0,0,18,853.8,18.4,18,75.8,532,3161,0,0.4,136,1.3,1.3,17.9,15.1,13.7
2026-07-30T07:20:38Z,0,0,0,1.4,0,0,18.4,853.8,18.8,18.5,72.6,519,2938,0,0.1,137,0.4,0.4,18.4,15.2,14.1
2026-07-30T07:36:04Z,0,0,0,2.8,0,0,19.4,853.7,19.9,19.3,71.1,773,6142,0,0,137,0,0,19.2,15.7,14.8
2026-07-30T07:51:11Z,0,0,0,2.8,0,0,19.9,853.6,20.6,20,67.7,780,6106,0,0.2,137,0.7,0.7,19.9,16,15.5
2026-07-30T08:07:10Z,0,0,0,3,0,0,21,853.4,21.5,20.8,64.9,827,6649,0,0.3,137,1.1,1.1,20.7,16.4,16.2
2026-07-30T08:22:17Z,0,0,0,3.3,0,0,22.1,853.3,22.6,22.7,59.4,872,7083,0,0.7,137,1.3,1.3,22.6,17.3,17.8
2026-07-30T08:38:10Z,0,0,0,3.4,0,0,21.5,853.1,22.4,22.1,59,887,7167,0,0.2,171,0.9,0.9,22,16.7,17.3
2026-07-30T08:53:17Z,0,0,0,3.6,0,0,22.9,853,23.4,23.5,55.5,921,7455,0,0.5,49,1.3,1.3,23.4,17.5,18.5
2026-07-30T09:08:24Z,0,0,0,3.4,0,0,24.3,852.9,24.7,24.3,52.6,893,7220,0,0.5,245,1.3,1.3,24.3,17.8,19.2
2026-07-30T09:23:31Z,0,0,0,3.7,0,0,23.3,852.8,24.1,24,53.5,939,7681,0,0.6,168,2,2,23.9,17.7,18.9
2026-07-30T09:38:39Z,0,0,0,3.9,0,0,25,852.4,25.2,25.3,51.5,980,8236,0,0.3,64,0.7,0.7,25.3,18.5,20
2026-07-30T09:53:47Z,0,0,0,3.9,0,0,23.9,852.1,24,24.5,52.5,979,8270,0,1.4,62,2.4,2.4,24.4,17.9,19.3
2026-07-30T10:09:09Z,0,0,0,1.6,0,0,24.1,851.8,24.6,24.1,52.5,559,3228,0,0.3,240,0.9,0.9,24,17.6,19
2026-07-30T10:24:16Z,0,0,0,3.9,0,0,24.2,851.5,24.8,24.6,51.6,989,8281,0,0.4,133,1.1,1.1,24.6,17.9,19.4
2026-07-30T10:39:23Z,0,0,0,1.2,0,0,24.6,851.3,25.1,25.3,50.9,487,2551,0,0.1,129,0.4,0.4,25.2,18.4,19.9
2026-07-30T10:54:30Z,0,0,0,1.4,0,0,25.5,851.1,25.4,25.3,48.6,520,2883,0,0.6,36,1.7,1.7,25.2,18,19.9
2026-07-30T11:09:38Z,0,0,0,3.5,0,0,25.8,850.9,26.4,26.3,47.8,920,7695,0,0.5,35,1.5,1.5,26.2,18.7,20.7
2026-07-30T11:24:45Z,0,0,0,1.2,0,0,25.8,850.7,26.4,26.4,46.2,478,2470,0,0.5,35,1.7,1.7,26.4,18.6,20.8
2026-07-30T11:40:12Z,0,0,0,2.9,0,0,25.3,850.7,25.8,25.9,49.1,790,6406,0,0.8,186,2,2,25.9,18.6,20.5
2026-07-30T11:55:19Z,0,0,0,0.8,0,0,24.3,850.4,24.5,25,52.2,412,1775,0,0.5,130,1.7,1.7,24.9,18.3,19.7
2026-07-30T12:10:27Z,0,0,0,2.4,0,0,25,850.2,25.2,25.6,51,698,5136,0,0.4,42,1.3,1.3,25.6,18.7,20.2
2026-07-30T12:25:35Z,0,0,0,2.2,0,0,25.9,850.1,26.1,26.9,46.2,659,4665,0,1.3,34,2.4,2.4,27.1,19,21.3
2026-07-30T12:40:42Z,0,0,0,2,0,0,25.8,849.8,25.9,26.8,46.2,623,4243,0,0.2,35,0.9,0.9,27,18.9,21.3
2026-07-30T12:57:14Z,0,0,0,1.8,0,0,26.5,849.7,26.9,27.7,44.5,585,3911,0,1,56,2.4,2.4,27.7,19.4,21.8
2026-07-30T13:12:22Z,0,0,0,1.5,0,0,26,849.6,26.4,27.1,47,534,3411,0,1,79,1.5,1.5,27.3,19.3,21.5
2026-07-30T13:27:29Z,0,0,0,1.1,0,0,24.8,849.7,25.4,25.8,48.8,468,2660,0,0.3,174,0.9,0.9,25.8,18.5,20.4
2026-07-30T13:43:18Z,0,0,0,0.5,0,0,24.5,849.7,24.9,25.4,49.6,356,1204,0,1.3,138,2.2,2.2,25.4,18.3,20.1
2026-07-30T13:58:26Z,0,0,0,0.4,0,0,24,849.6,24.1,24.6,52,339,1082,0,1,101,3.1,3.1,24.5,18,19.4
2026-07-30T14:14:10Z,0,0,0,0.3,0,0,23.8,849.6,23.9,24.2,53.1,321,860,0,0.1,73,1.1,1.1,24.1,17.8,19.1
2026-07-30T14:29:33Z,0,0,0,0.3,0,0,23.6,849.7,23.9,24.1,53.3,315,829,0,0.6,125,2,2,24.1,17.7,19
2026-07-30T14:44:42Z,0,0,0,0.2,0,0,22.9,849.9,23.1,23.4,55.3,288,517,0,0.6,41,1.7,1.7,23.3,17.4,18.4
2026-07-30T14:59:50Z,0,0,0,0.1,0,0,22.6,850,22.8,23,56.5,275,374,0,0.7,41,2,2,22.9,17.2,18.1
2026-07-30T15:15:44Z,0,0,0,0,0,0,22.4,850.2,22.6,22.7,57.5,265,292,0,0.6,41,1.1,1.1,22.6,17.1,17.8
2026-07-30T15:30:51Z,0,0,0,0,0,0,22.2,850.4,22.3,22.5,57.9,262,262,0,0.3,41,0.7,0.7,22.4,17,17.7
2026-07-30T15:46:45Z,0,0,0,0,0,0,21.9,850.5,22.1,22.3,57.5,261,257,0,0.6,42,1.3,1.3,22.2,16.7,17.5
2026-07-30T16:01:52Z,0,0,0,0,0,0,21.6,850.6,21.7,21.9,58.5,260,254,0,0.2,89,1.3,1.3,21.8,16.5,17.1
2026-07-30T16:17:00Z,0,0,0,0,0,0,21.3,850.8,21.4,21.6,59.7,261,254,0,0.7,131,2.4,2.4,21.5,16.4,16.9
2026-07-30T16:32:08Z,0,0,0,0,0,0,21.1,850.9,21.2,21.4,60.8,260,253,0,0.3,109,2,2,21.3,16.4,16.7
2026-07-30T16:47:45Z,0,0,0,0,0,0,20.6,851,20.8,21,62,259,253,0,1.2,194,3.7,3.7,20.9,16.2,16.4
2026-07-30T17:02:53Z,0,0,0,0,0,0,20.3,851.1,20.5,20.7,63.4,260,254,0,0.4,136,1.1,1.1,20.6,16.1,16.1
2026-07-30T17:18:01Z,0,0,0,0,0,0,19.8,851.3,19.9,20.2,64.9,260,253,0,0,137,0.2,0.2,20.1,15.8,15.6
2026-07-30T17:33:09Z,0,0,0,0,0,0,19.5,851.5,19.6,19.9,66.6,260,253,0,0,137,0.2,0.2,19.7,15.7,15.3
2026-07-30T17:48:17Z,0,0,0,0,0,0,19.5,851.5,19.7,19.8,66.6,259,253,0,0,137,0,0,19.7,15.7,15.3
2026-07-30T18:03:42Z,0,0,0,0,0,0,19.5,851.7,19.7,19.9,66.4,262,254,0,0.2,137,0.4,0.4,19.7,15.7,15.3
2026-07-30T18:18:50Z,0,0,0,0,0,0,19.3,851.7,19.5,19.7,66.4,262,254,0,0,137,0,0,19.6,15.6,15.2
2026-07-30T18:33:58Z,0,0,0,0,0,0,18.9,851.7,19,19.2,67.8,261,254,0,0,137,0,0,19.1,15.3,14.7
2026-07-30T18:49:05Z,0,0,0,0,0,0,18.6,851.9,18.7,18.9,69.3,260,253,0,0,137,0,0,18.8,15.2,14.5
2026-07-30T19:04:13Z,0,0,0,0,0,0,18.5,851.9,18.7,18.9,70.6,261,253,0,0,137,0,0,18.8,15.4,14.5
2026-07-30T19:19:21Z,0,0,0,0,0,0,18.5,852,18.7,18.9,70.5,260,253,0,0.1,137,0.4,0.4,18.8,15.3,14.5
2026-07-30T19:34:44Z,0,0,0,0,0,0,18.5,852,18.6,18.9,70.6,260,254,0,0,137,0,0,18.8,15.3,14.5
2026-07-30T19:49:52Z,0,0,0,0,0,0,18.5,852,18.6,18.9,70.6,260,253,0,0,137,0,0,18.8,15.3,14.4
2026-07-30T20:05:00Z,0,0,0,0,0,0,18.5,852.2,18.6,18.9,72.1,261,253,0,0,137,0,0,18.8,15.5,14.5
2026-07-30T20:20:08Z,0,0,0,0,0,0,18.4,852,18.6,18.8,71.6,262,254,0,0,137,0,0,18.7,15.3,14.3
2026-07-30T20:35:15Z,0,0,0,0,0,0,18.4,852,18.5,18.8,71.3,260,253,0,0,137,0,0,18.7,15.3,14.3
2026-07-30T20:50:55Z,0,0,0,0,0,0,18.5,852,18.8,18.8,68,260,253,0,0,137,0,0,18.7,15,14.4
2026-07-30T21:05:55Z,0,0,0,0,0,0,18.7,851.7,18.8,19,65.2,260,253,0,0.3,136,2,2,18.9,14.8,14.5
2026-07-30T21:21:03Z,0,0,0,0,0,0,18.4,851.9,18.6,18.8,65.4,261,253,0,0.4,140,1.7,1.7,18.6,14.6,14.3
2026-07-30T21:36:11Z,0,0,0,0,0,0,18.2,851.9,18.4,18.6,66.4,260,253,0,0.1,191,0.7,0.7,18.4,14.5,14.1
2026-07-30T21:51:19Z,0,0,0,0,0,0,18.1,851.9,18.2,18.5,66.8,260,254,0,0.7,177,1.5,1.5,18.3,14.5,14
2026-07-30T22:06:27Z,0,0,0,0,0,0,17.9,851.7,18.1,18.3,66.8,261,253,0,0.1,177,0.4,0.4,18.1,14.3,13.8
2026-07-30T22:21:53Z,0,0,0,0,0,0,17.7,851.5,17.9,18.1,67.6,260,254,0,0,139,0,0,17.9,14.2,13.7
2026-07-30T22:37:00Z,0,0,0,0,0,0,17.5,851.3,17.6,17.9,68.2,260,253,0,0,139,0.4,0.4,17.7,14.1,13.4
2026-07-30T22:52:07Z,0,0,0,0,0,0,17,851.1,17.2,17.4,69.9,259,253,0,0,140,0.4,0.4,17.2,13.9,13
2026-07-30T23:07:15Z,0,0,0,0,0,0,16.5,851,16.6,16.8,72.2,260,254,0,0,140,0,0,16.6,13.6,12.4
2026-07-30T23:22:23Z,0,0,0,0,0,0,15.9,850.9,16.1,16.2,74.1,261,253,0,0,140,0,0,16,13.2,11.8
2026-07-30T23:37:49Z,0,0,0,0,0,0,15.4,850.9,15.6,15.7,76.9,260,252,0,0,140,0,0,15.5,13,11.3
2026-07-30T23:52:57Z,0,0,0,0,0,0,15.1,850.9,15.3,15.4,77.7,261,253,0,0,140,0,0,15.2,12.9,11
2026-07-31T00:00:01Z,0,0,0,0,0,0,15,851.1,15.2,15.4,79.9,261,253,0,0,140,0,0,15.2,13.1,11
2026-07-31T00:15:09Z,0,0,0,0,0,0,14.8,851.1,15.1,15.3,78.8,261,255,0,0,140,0,0,15.1,12.9,10.9
2026-07-31T00:30:17Z,0,0,0,0,0,0,14.5,851.1,14.8,15,79.5,260,253,0,0,140,0,0,14.8,12.6,10.6
2026-07-31T00:45:25Z,0,0,0,0,0,0,14.3,851.1,14.6,14.7,80.4,259,254,0,0,140,0,0,14.5,12.5,10.3
2026-07-31T01:00:34Z,0,0,0,0,0,0,14.2,851,14.5,14.6,80.9,259,254,0,0,140,0,0,14.4,12.4,10.2
2026-07-31T01:15:55Z,0,0,0,0,0,0,14.1,851,14.4,14.5,81.7,259,253,0,0,140,0.2,0.2,14.3,12.4,10.1
2026-07-31T01:31:03Z,0,0,0,0,0,0,14,851.2,14.4,14.4,82.4,260,253,0,0,140,0,0,14.3,12.4,10
2026-07-31T01:46:04Z,0,0,0,0,0,0,14,851.4,14.2,14.4,82.9,260,253,0,0,140,0,0,14.2,12.4,10
2026-07-31T02:01:11Z,0,0,0,0,0,0,13.7,851.5,13.9,14.1,83.6,261,253,0,0,140,0,0,13.9,12.2,9.7
2026-07-31T02:16:20Z,0,0,0,0,0,0,13.4,851.6,13.6,13.8,85.7,261,254,0,0,140,0,0,13.6,12.2,9.4
2026-07-31T02:31:28Z,0,0,0,0,0,0,13.1,851.9,13.4,13.5,87,259,253,0,0,140,0,0,13.3,12.1,9.1
2026-07-31T02:46:36Z,0,0,0,0,0,0,12.9,852.1,13.1,13.2,87.9,259,253,0,0,140,0,0,13.1,11.9,8.8
2026-07-31T03:01:59Z,0,0,0,0,0,0,12.6,852.2,12.8,13,89.2,261,253,0,0,140,0,0,12.8,11.8,8.6
2026-07-31T03:17:08Z,0,0,0,0,0,0,12.3,852.4,12.5,12.8,89.9,260,255,0,0,140,0,0,12.6,11.6,8.3
2026-07-31T03:32:16Z,0,0,0,0,0,0,12.4,852.3,12.7,12.9,91.5,261,269,0,0,140,0.2,0.2,12.8,12,8.5
2026-07-31T03:47:25Z,0,0,0,0.1,0,0,12.6,852.5,12.9,13.1,91.7,267,339,0,0,140,0,0,13,12.2,8.8
2026-07-31T04:02:34Z,0,0,0,0.1,0,0,13,852.7,13.3,13.5,91,275,415,0,0,140,0,0,13.4,12.4,9.1
2026-07-31T04:18:02Z,0,0,0,0.1,0,0,13.4,852.8,13.8,13.8,89.8,279,465,0,0.1,354,0.4,0.4,13.7,12.7,9.5
2026-07-31T04:33:10Z,0,0,0,0.2,0,0,13.7,852.9,14,14.1,89.2,287,532,0,0,19,0,0,14,12.9,9.8
2026-07-31T04:48:18Z,0,0,0,0.2,0,0,14,853.1,14.3,14.5,88.2,296,635,0,0,19,0,0,14.4,13.1,10.2
2026-07-31T05:03:26Z,0,0,0,0.2,0,0,14.3,853.5,14.6,14.7,87.4,302,725,0,0,19,0.2,0.2,14.6,13.3,10.4
2026-07-31T05:18:35Z,0,0,0,0.3,0,0,14.7,853.6,14.9,15.1,85.8,316,856,0,0,19,0,0,15,13.4,10.8
2026-07-31T05:33:43Z,0,0,0,0.5,0,0,15.3,853.7,15.6,15.7,84.1,352,1302,0,0,18,0.2,0.2,15.6,13.8,11.4
2026-07-31T05:49:05Z,0,0,0,0.5,0,0,15.5,853.8,15.7,15.8,82.9,357,1350,0,0,314,0.2,0.2,15.7,13.8,11.5
2026-07-31T06:04:13Z,0,0,0,0.6,0,0,16.3,853.8,16.3,16.6,80.4,363,1392,0,0,353,0,0,16.5,14.3,12.3
2026-07-31T06:19:21Z,0,0,0,0.7,0,0,16.4,853.8,16.5,16.7,78.3,385,1644,0,0.1,260,0.4,0.4,16.6,14.2,12.4
2026-07-31T06:34:30Z,0,0,0,0.9,0,0,17.4,853.8,17.6,17.7,76.5,417,1981,0,0,259,0,0,17.6,14.9,13.4
2026-07-31T06:49:38Z,0,0,0,0.9,0,0,17.1,853.8,17.4,17.2,76.1,434,2160,0,0.3,245,0.9,0.9,17.1,14.4,12.9
2026-07-31T07:04:46Z,0,0,0,1.1,0,0,17.2,853.7,17.2,17.5,75.5,458,2427,0,0,231,0,0,17.4,14.6,13.1
2026-07-31T07:20:08Z,0,0,0,1,0,0,17.7,853.7,17.8,17.6,73.9,449,2318,0,0.1,233,0.7,0.7,17.5,14.5,13.3
2026-07-31T07:35:16Z,0,0,0,0.9,0,0,17.7,853.6,18.1,18,73,431,2141,0,0.8,233,1.5,1.5,17.9,14.8,13.6
2026-07-31T07:50:25Z,0,0,0,1.2,0,0,18.2,853.5,18.2,18.7,70.2,483,2697,0,0.9,229,1.5,1.5,18.6,15.1,14.3
2026-07-31T08:05:32Z,0,0,0,1.8,0,0,19.7,853.3,19.7,19.8,67.7,584,3608,0,0.1,230,0.7,0.7,19.7,15.8,15.3
2026-07-31T08:20:41Z,0,0,0,3.5,0,0,20,853.1,20.4,20.7,64.9,909,7709,0,0,124,0,0,20.6,16.3,16.1
2026-07-31T08:35:47Z,0,0,0,1.4,0,0,20.3,853,21,20.4,65.7,525,2948,0,0.2,203,0.7,0.7,20.3,16.1,15.8
2026-07-31T08:51:12Z,0,0,0,1.5,0,0,21.4,852.8,21.8,21.3,62.5,542,3100,0,0.6,269,1.3,1.3,21.2,16.5,16.7
2026-07-31T09:06:19Z,0,0,0,2.8,0,0,22.3,852.5,22.6,22.8,57.8,779,5867,0,0.8,90,1.5,1.5,22.7,17.2,17.9
2026-07-31T09:21:19Z,0,0,0,3,0,0,21.9,852.3,22.8,22.2,58.3,818,6480,0,0.8,199,1.5,1.5,22.1,16.7,17.4
2026-07-31T09:36:25Z,0,0,0,3.5,0,0,22.9,852,23.2,23,57,902,7537,0,1.5,161,2.8,2.8,23,17.3,18.1
2026-07-31T09:51:33Z,0,0,0,3.2,0,0,22.5,851.7,23.2,22.9,57.9,852,6907,0,0.9,184,1.3,1.3,22.9,17.3,18
2026-07-31T10:06:40Z,0,0,0,3.2,0,0,22.7,851.4,23.6,23.3,57.2,853,6895,0,0.9,232,2.2,2.2,23.3,17.6,18.4
2026-07-31T10:21:47Z,0,0,0,3.1,0,0,23.3,851.1,23.6,23.2,55.9,833,6684,0,0.3,269,1,1,23.2,17.3,18.3
2026-07-31T10:36:54Z,0,0,0,3.2,0,0,24.5,850.8,24.8,24.3,54.1,851,6901,0,0.6,270,1.5,1.5,24.2,18,19.2
2026-07-31T10:52:21Z,0,0,0,2.8,0,0,24.5,850.4,25.4,25.5,50.5,775,6153,0,0.7,192,1.5,1.5,25.5,18.5,20.1
2026-07-31T11:07:28Z,0,0,0,3.1,0,0,25,850.2,25.3,24.9,51.3,832,6715,0,0.6,251,2.8,2.8,24.9,18.1,19.7
2026-07-31T11:22:36Z,0,0,0,1.2,0,0,24.9,849.9,25.4,24.8,51.8,483,2392,0,0.7,232,2,2,24.7,18.1,19.6
2026-07-31T11:37:44Z,0,0,0,1.8,0,0,25.6,849.5,25.9,26,48.9,601,3895,0,0.4,155,1.1,1.1,25.9,18.6,20.5
2026-07-31T11:53:30Z,0,0,0,2.6,0,0,25.1,849.3,25.6,25.7,49,741,5954,0,0.6,158,1.7,1.7,25.6,18.4,20.2
2026-07-31T12:08:37Z,0,0,0,2.3,0,0,25.3,849,25.8,25.6,48.1,686,5491,0,1.9,172,3.3,3.3,25.5,18.2,20.2
2026-07-31T12:23:45Z,0,0,0,1,0,0,25.5,848.9,25.8,26,47.9,437,2025,0,0.8,162,1.5,1.5,26,18.5,20.5
2026-07-31T12:39:21Z,0,0,0,2.2,0,0,25.9,848.7,26.4,26.5,46.4,660,4907,0,0.3,185,0.9,0.9,26.5,18.7,20.9
2026-07-31T12:54:27Z,0,0,0,1.7,0,0,25.6,848.6,26.2,26.3,46.2,577,4039,0,0.7,170,1.7,1.7,26.3,18.5,20.7
2026-07-31T13:09:38Z,0,0,0,0.7,0,0,26.3,848.3,26.8,27,45.6,385,1479,0,0.2,168,0.9,0.9,27.2,19,21.4
2026-07-31T13:25:02Z,0,0,0,0.8,0,0,25.5,848.4,26.1,26.1,47.1,413,1887,0,0,205,0,0,26,18.5,20.6
2026-07-31T13:40:11Z,0,0,0,0.5,0,0,25.6,848.3,25.9,26.1,47.1,348,1204,0,0.3,99,1.7,1.7,26.1,18.5,20.6
2026-07-31T13:55:18Z,0,0,0,0.4,0,0,25.3,848.3,25.5,25.7,48.9,333,1008,0,0,90,0.2,0.2,25.7,18.4,20.3
2026-07-31T14:10:26Z,0,0,0,0.6,0,0,25.1,848.3,25.4,25.6,49.5,376,1504,0,0.5,114,1.3,1.3,25.5,18.4,20.2
2026-07-31T14:25:34Z,0,0,0,0.3,0,0,24.7,848.2,24.8,25.3,51,321,879,0,1.1,85,2.8,2.8,25.3,18.4,20
2026-07-31T14:40:42Z,0,0,0,0.2,0,0,23.9,848.4,24,24.3,53.7,287,478,0,0.6,101,1.5,1.5,24.3,18,19.2
2026-07-31T14:56:06Z,0,0,0,0.1,0,0,23.3,848.5,23.4,23.6,56.2,283,456,0,1.8,83,5,5,23.5,17.7,18.6
2026-07-31T15:11:14Z,0,0,0,0.1,0,0,22.8,848.6,22.9,23.2,57.9,273,387,0,0.3,52,1.1,1.1,23.1,17.6,18.2
2026-07-31T15:26:19Z,0,0,0,0,0,0,22.2,848.9,22.3,22.7,61.5,262,266,0,0.4,76,1.1,1.1,22.6,17.6,17.8
2026-07-31T15:41:27Z,0,0,0,0,0,0,21.7,848.9,21.8,22,63.6,260,256,0,0.1,182,0.4,0.4,22,17.3,17.3
2026-07-31T15:57:17Z,0,0,0,0,0,0,21.4,849,21.5,21.8,64.8,261,254,0,0.1,181,0.4,0.4,21.7,17.2,17.1
2026-07-31T16:12:25Z,0,0,0,0,0,0,21,849.1,21.1,21.4,65.9,261,253,0,0.2,73,0.7,0.7,21.4,17.1,16.8
2026-07-31T16:28:16Z,0,0,0,0,0,0,20.7,849.2,20.9,21.1,67.3,261,253,0,0.1,76,0.2,0.2,21,16.9,16.5
2026-07-31T16:43:24Z,0,0,0,0,0,0,20.5,849.4,20.7,20.8,68.9,261,252,0,0,76,0,0,20.8,16.9,16.3
2026-07-31T16:59:20Z,0,0,0,0,0,0,20.2,849.7,20.4,20.5,69.1,261,254,0,0,116,0,0,20.5,16.7,16
2026-07-31T17:15:17Z,0,0,0,0,0,0,20.6,849.8,20.7,20.9,64.9,260,253,0,0.3,117,0.9,0.9,20.8,16.5,16.3
2026-07-31T17:30:24Z,0,0,0,0,0,0,20.5,849.9,20.7,20.8,64.1,261,253,0,0.3,118,0.7,0.7,20.7,16.3,16.2
2026-07-31T17:45:32Z,0,0,0,0,0,0,20.2,850,20.3,20.5,64.7,261,253,0,0.2,126,1.1,1.1,20.4,16.1,15.9
2026-07-31T18:00:40Z,0,0,0,0,0,0,19.8,850.2,20,20.2,65.4,261,254,0,0,120,0,0,20,15.8,15.6
2026-07-31T18:15:47Z,0,0,0,0,0,0,19.6,850.3,19.7,20,66,262,253,0,0,120,0,0,19.8,15.7,15.4
2026-07-31T18:30:55Z,0,0,0,0,0,0,19.4,850.4,19.6,19.7,65.9,260,254,0,0.2,135,1.1,1.1,19.6,15.5,15.2
2026-07-31T18:46:16Z,0,0,0,0,0,0,19.1,850.5,19.3,19.5,66.8,260,253,0,0,135,0,0,19.4,15.4,15
2026-07-31T19:01:24Z,0,0,0,0,0,0,18.9,850.5,19,19.3,67.6,259,254,0,0,135,0.2,0.2,19.1,15.3,14.8
2026-07-31T19:16:31Z,0,0,0,0,0,0,18.9,850.5,19,19.2,67.5,261,254,0,0.3,135,1.3,1.3,19.1,15.3,14.8
2026-07-31T19:32:28Z,0,0,0,0,0,0,19.1,850.8,19.2,19.4,66.5,261,252,0,0,135,0,0,19.3,15.3,14.9
2026-07-31T19:48:25Z,0,0,0,0,0,0,19,850.9,19.2,19.4,66.7,261,253,0,0.2,155,1.3,1.3,19.3,15.3,14.9
2026-07-31T20:03:35Z,0,0,0,0,0,0,18.9,850.9,19.1,19.3,67.2,260,253,0,0.5,155,1.5,1.5,19.1,15.2,14.8
2026-07-31T20:18:37Z,0,0,0,0,0,0,18.6,851,18.9,19.1,67.6,261,253,0,1.1,154,2.4,2.4,18.9,15.1,14.6
2026-07-31T20:34:26Z,0,0,0,0,0,0,18.4,851,18.6,18.8,68.7,260,253,0,0.2,154,0.7,0.7,18.7,15,14.3
2026-07-31T20:49:32Z,0,0,0,0,0,0,18.3,850.9,18.4,18.7,69.1,260,254,0,0.3,154,1.1,1.1,18.6,14.9,14.2
2026-07-31T21:06:22Z,0,0,0,0,0,0,18,850.9,18.2,18.5,70.1,261,254,0,0,154,0,0,18.3,14.9,14
2026-07-31T21:21:29Z,0,0,0,0,0,0,17.6,850.8,17.8,18.1,71.6,259,254,0,0.4,154,1.3,1.3,18,14.7,13.7
2026-07-31T21:36:37Z,0,0,0,0,0,0,17.2,850.7,17.4,17.7,73.8,261,253,0,0,154,0.2,0.2,17.6,14.6,13.3
2026-07-31T21:51:46Z,0,0,0,0,0,0,16.8,850.5,16.9,17.2,76,261,254,0,0.1,154,0.4,0.4,17.1,14.4,12.8
2026-07-31T22:06:54Z,0,0,0,0,0,0,16.3,850.4,16.5,16.8,77.5,261,254,0,0,154,0,0,16.7,14.2,12.5
2026-07-31T22:22:19Z,0,0,0,0,0,0,16,850.3,16.2,16.4,79.5,261,254,0,0,154,0,0,16.3,14,12.1
2026-07-31T22:37:28Z,0,0,0,0,0,0,15.7,850.1,16,16,80.8,260,254,0,0,154,0,0,15.9,13.8,11.7
2026-07-31T22:52:36Z,0,0,0,0,0,0,15.2,850,15.5,15.6,82.4,260,253,0,0,154,0,0,15.5,13.6,11.3
2026-07-31T23:07:44Z,0,0,0,0,0,0,15,850,15.3,15.3,84.1,260,253,0,0,154,0,0,15.2,13.5,11
2026-07-31T23:22:52Z,0,0,0,0,0,0,14.8,849.9,15.1,15.1,85.1,260,254,0,0,154,0,0,15,13.4,10.8
2026-07-31T23:38:00Z,0,0,0,0,0,0,14.6,849.7,14.9,15,85.4,260,253,0,0,154,0,0,14.9,13.3,10.7
2026-07-31T23:53:23Z,0,0,0,0,0,0,14.5,849.6,14.9,15,86.2,260,252,0,0,154,0,0,14.9,13.4,10.7
2026-08-01T00:00:26Z,0,0,0,0,0,0,14.6,849.6,14.9,15.1,86.7,260,254,0,0,154,0,0,15,13.5,10.8
2026-08-01T00:15:35Z,0,0,0,0,0,0,14.8,849.4,15.1,15.2,86.8,260,253,0,0,154,0,0,15.1,13.7,10.9
2026-08-01T00:30:43Z,0,0,0,0,0,0,15,849.4,15.4,15.3,86.5,260,253,0,0,154,0,0,15.3,13.8,11.1
2026-08-01T00:45:52Z,0,0,0,0,0,0,15,849.5,15.3,15.4,86.2,259,254,0,0,154,0,0,15.4,13.8,11.2
2026-08-01T01:01:00Z,0,0,0,0,0,0,15.1,849.6,15.4,15.4,86.6,261,254,0,0,154,0,0,15.4,13.9,11.2
2026-08-01T01:16:08Z,0,0,0,0,0,0,15,849.7,15.3,15.4,85.8,260,253,0,0,154,0,0,15.3,13.7,11.1
2026-08-01T01:31:29Z,0,0,0,0,0,0,15,849.9,15.3,15.4,85.2,259,253,0,0,154,0,0,15.3,13.7,11.1
2026-08-01T01:46:37Z,0,0,0,0,0,0,15,850,15.3,15.4,85.4,260,255,0,0,154,0,0,15.3,13.7,11.1
2026-08-01T02:02:35Z,0,0,0,0,0,0,15,850.1,15.4,15.5,86.6,260,254,0,0,154,0,0,15.4,13.9,11.2
2026-08-01T02:17:43Z,0,0,0,0,0,0,14.9,850.1,15.1,15.2,86.6,260,254,0,0.1,154,0.7,0.7,15.1,13.7,10.9
2026-08-01T02:32:51Z,0,0,0,0,0,0,14.6,850.3,14.9,15.1,87.1,261,253,0,0,154,0,0,15,13.6,10.8
2026-08-01T02:47:58Z,0,0,0,0,0,0,14.6,850.5,14.9,15.1,87.4,259,253,0,0.1,154,0.4,0.4,15,13.6,10.8
2026-08-01T03:03:06Z,0,0,0,0,0,0,14.8,850.6,15.1,15.2,87.5,261,254,0,0,154,0,0,15.1,13.8,10.9
2026-08-01T03:18:34Z,0,0,0,0,0,0,14.8,850.7,15.1,15.3,87.5,261,254,0,0,154,0,0,15.2,13.8,11
2026-08-01T03:33:41Z,0,0,0,0,0,0,14.9,850.9,15.3,15.4,87.1,260,257,0,0,154,0,0,15.3,13.9,11.1
2026-08-01T03:48:49Z,0,0,0,0,0,0,15,851.1,15.3,15.4,87,262,276,0,0.1,154,0.6,0.6,15.4,13.9,11.2
2026-08-01T04:03:57Z,0,0,0,0,0,0,15.1,851.2,15.5,15.5,86.8,265,299,0,0,154,0,0,15.5,14,11.3
2026-08-01T04:19:05Z,0,0,0,0.1,0,0,15.2,851.4,15.6,15.6,86.6,266,312,0,0.3,153,0.9,0.9,15.6,14.1,11.4
2026-08-01T04:34:13Z,0,0,0,0.1,0,0,15.4,851.6,15.8,15.8,86,272,376,0,0.5,153,0.9,0.9,15.7,14.1,11.5
2026-08-01T04:49:37Z,0,0,0,0.1,0,0,15.4,851.7,15.8,15.8,85.3,276,433,0,0.1,154,0.2,0.2,15.8,14.1,11.6
2026-08-01T05:04:45Z,0,0,0,0.2,0,0,15.5,851.9,15.9,15.9,84.8,286,543,0,0,154,0,0,15.8,14.2,11.6
2026-08-01T05:19:53Z,0,0,0,0.2,0,0,15.6,852.2,15.9,16,83.4,294,644,0,0,154,0,0,15.9,14.1,11.7
2026-08-01T05:35:01Z,0,0,0,0.3,0,0,15.8,852.4,16.2,16.2,82.5,311,818,0,0.1,154,0.7,0.7,16.1,14.2,11.9
2026-08-01T05:50:10Z,0,0,0,0.5,0,0,16.1,852.4,16.2,16.5,80.6,355,1318,0,0.9,154,1.7,1.7,16.4,14.2,12.2
2026-08-01T06:05:33Z,0,0,0,0.4,0,0,16.4,852.3,16.6,16.7,80.1,342,1161,0,0.3,153,1.1,1.1,16.6,14.4,12.4
2026-08-01T06:20:41Z,0,0,0,0.4,0,0,16.4,852.5,16.7,16.8,79,338,1124,0,0.6,154,1.7,1.7,16.7,14.4,12.5
2026-08-01T06:35:50Z,0,0,0,0.4,0,0,16.7,852.5,16.9,17.2,78.5,338,1110,0,0,154,0.2,0.2,17.1,14.7,12.9
2026-08-01T06:50:58Z,0,0,0,0.8,0,0,16.9,852.5,17.1,17.3,77.4,410,1932,0,0.4,154,1.1,1.1,17.2,14.6,12.9
2026-08-01T07:06:05Z,0,0,0,0.9,0,0,17.7,852.6,18,18.1,75.6,425,2071,0,0.1,154,0.5,0.5,18,15.2,13.7
2026-08-01T07:21:44Z,0,0,0,1,0,0,18.3,852.5,18.6,18.6,73.7,441,2247,0,0.4,154,1.3,1.3,18.5,15.4,14.2
2026-08-01T07:36:52Z,0,0,0,0.8,0,0,18.4,852.5,18.8,19,72.1,408,1889,0,0.2,154,0.7,0.7,18.9,15.6,14.5
2026-08-01T07:51:59Z,0,0,0,0.7,0,0,18.3,852.6,18.8,18.9,72.2,383,1596,0,0,154,0,0,18.9,15.6,14.5
2026-08-01T08:07:07Z,0,0,0,0.8,0,0,18.6,852.4,18.8,18.8,72.7,401,1810,0,0,154,0.2,0.2,18.7,15.5,14.4
2026-08-01T08:22:15Z,0,0,0,1.6,0,0,18.6,852.2,18.8,18.6,72.2,549,3439,0,0.3,153,1.1,1.1,18.5,15.3,14.2
2026-08-01T08:37:40Z,0,0,0,1,0,0,19,852,19.2,19.4,69.9,440,2240,0,0.1,154,0.4,0.4,19.3,15.7,14.9
2026-08-01T08:52:48Z,0,0,0,1.4,0,0,19.1,851.9,19.5,19.4,69.3,515,3066,0,0.5,153,1.1,1.1,19.3,15.6,14.9
2026-08-01T09:07:48Z,0,0,0,1.7,0,0,20.3,851.6,20.5,20.5,68.5,580,3793,0,0.1,154,0.4,0.4,20.5,16.6,16
2026-08-01T09:22:56Z,0,0,0,2.6,0,0,20.9,851.4,21.2,20.9,64.2,746,5764,0,0.9,153,1.5,1.5,20.9,16.4,16.3
2026-08-01T09:38:04Z,0,0,0,1.8,0,0,20.9,851.2,21.4,21.3,63.5,590,3890,0,0.6,153,1.3,1.3,21.2,16.6,16.6
2026-08-01T09:53:11Z,0,0,0,1.5,0,0,21,851,21.4,21.1,63.8,547,3358,0,1.3,155,2,2,21,16.5,16.4
2026-08-01T10:08:19Z,0,0,0,2.4,0,0,22.4,850.6,22.6,22.4,60.1,700,5197,0,0.9,155,1.7,1.7,22.3,17.2,17.6
2026-08-01T10:23:43Z,0,0,0,1.4,0,0,22.9,850.5,23.3,23.5,57.2,518,3074,0,0.1,155,0.7,0.7,23.5,17.8,18.5
2026-08-01T10:38:50Z,0,0,0,1.2,0,0,23.3,850.2,23.8,23.9,56,486,2731,0,0.3,155,0.9,0.9,23.9,17.9,18.9
2026-08-01T10:53:57Z,0,0,0,1.3,0,0,22.3,850.1,22.7,23,57.8,500,2882,0,0.6,153,1.1,1.1,22.9,17.4,18.1
2026-08-01T11:09:05Z,0,0,0,1.1,0,0,22.4,849.9,22.8,23.1,57.9,456,2394,0,0,154,0.2,0.2,23,17.5,18.1
2026-08-01T11:24:14Z,0,0,0,1.7,0,0,23.1,849.7,23.2,23.6,57.1,574,3643,0,0.4,154,1.1,1.1,23.6,17.8,18.6
2026-08-01T11:39:22Z,0,0,0,1.5,0,0,22.6,849.4,22.7,23.3,58.3,539,3228,0,0.7,128,1.3,1.3,23.3,17.8,18.4
2026-08-01T11:54:47Z,0,0,0,2.3,0,0,23.1,849.3,23.2,23.9,57.4,679,5051,0,1.1,82,3.1,3.1,23.9,18.2,18.9
2026-08-01T12:09:55Z,0,0,0,2.4,0,0,22.6,849.2,22.6,23.4,59.2,696,5470,0,1.7,64,3.1,3.1,23.4,17.9,18.4
2026-08-01T12:25:44Z,0,0,0,1.9,0,0,22.4,849,22.4,23.2,61,615,4445,0,0.9,102,2.8,2.8,23.2,18,18.3
2026-08-01T12:41:08Z,0,0,0,0.7,0,0,20.9,848.8,21.3,21.5,65.4,381,1573,0,1,188,4.6,4.6,21.5,17.1,16.9
2026-08-01T12:56:16Z,0,0,0,0.6,0,0,20.5,848.7,20.8,20.9,67.6,367,1434,0,0.9,153,2.2,2.2,20.9,16.8,16.3
2026-08-01T13:11:24Z,0,0,0,0.4,0,0,20.3,848.9,20.5,20.8,68.2,333,1057,0,0.8,153,1.7,1.7,20.7,16.8,16.2
2026-08-01T13:27:15Z,0,0,0,0.4,0,0,20,849,20.2,20.5,69.2,334,1064,0,0.5,153,2.2,2.2,20.5,16.6,16
2026-08-01T13:42:23Z,0,0,0,0.2,0,0,19.8,849.1,19.9,20.2,70,295,618,0,1.3,75,2.6,2.6,20.2,16.5,15.7
2026-08-01T13:59:11Z,0,0,0,0.3,0,0,19.5,849.2,19.6,20,71,311,809,0,1.1,66,2,2,19.9,16.4,15.5
2026-08-01T14:14:19Z,0,0,0,0.2,0,0,19.4,849.3,19.5,19.9,71.3,293,622,0,0.7,100,1.5,1.5,19.8,16.3,15.4
2026-08-01T14:30:16Z,0,0,0,0.1,0,0,19,849.3,19.1,19.5,72.7,279,473,0,1,63,3.3,3.3,19.5,16.2,15.1
2026-08-01T14:45:23Z,0,0,0,0.1,0,0,18.8,849.5,18.9,19.2,73.8,282,502,0,0.5,67,1.1,1.1,19.2,16,14.8
2026-08-01T15:00:31Z,0,0,0,0.1,0,0,18.5,849.6,18.7,19,74.5,275,434,0,1.4,71,2.4,2.4,19,15.9,14.6
2026-08-01T15:15:39Z,0,0,0,0,0,0,18.3,849.7,18.4,18.8,75.1,265,289,0,0.7,77,1.5,1.5,18.7,15.7,14.4
2026-08-01T15:30:47Z,0,0,0,0,0,0,18,849.8,18.2,18.5,76,261,270,0,1.1,83,2.4,2.4,18.4,15.6,14.1
2026-08-01T15:46:11Z,0,0,0,0,0,0,17.9,849.9,18,18.3,76.7,260,255,0,0.2,101,0.7,0.7,18.3,15.5,14
2026-08-01T16:01:20Z,0,0,0,0,0,0,17.8,850,17.9,18.2,77.1,261,253,0,0.1,76,0.7,0.7,18.1,15.4,13.8
2026-08-01T16:16:28Z,0,0,0,0,0,0,17.8,850.2,17.9,18.1,77.4,260,254,0,0.1,106,0.7,0.7,18.1,15.4,13.8
2026-08-01T16:31:35Z,0,0,0,0,0,0,17.7,850.4,17.9,18.1,77.7,261,254,0,0,106,0,0,18.1,15.5,13.8
2026-08-01T16:47:24Z,0,0,0,0,0,0,17.7,850.6,17.9,18.1,78.1,260,252,0,0.1,60,0.4,0.4,18.1,15.5,13.8
2026-08-01T17:02:25Z,0,0,0,0,0,0,17.6,850.7,17.8,18,78.7,260,254,0,0,41,0,0,17.9,15.4,13.6
2026-08-01T17:18:22Z,0,0,0,0,0,0,17.5,850.9,17.6,17.8,79.1,260,253,0,0,104,0.2,0.2,17.8,15.3,13.5
2026-08-01T17:33:30Z,0,0,0,0,0,0,17.4,851.1,17.6,17.7,79.2,260,253,0,0.3,65,1.1,1.1,17.7,15.3,13.4
2026-08-01T17:48:38Z,0,0,0,0,0,0,17.4,851.2,17.5,17.8,79.1,259,254,0,0,94,0,0,17.7,15.3,13.4
2026-08-01T18:03:47Z,0,0,0,0,0,0,17.4,851.4,17.6,17.8,78.4,260,254,0,0,111,0,0,17.8,15.2,13.5
2026-08-01T18:19:23Z,0,0,0,0,0,0,17.5,851.7,17.7,17.9,78,261,253,0,0,111,0,0,17.8,15.2,13.5
2026-08-01T18:34:32Z,0,0,0,0,0,0,17.5,851.6,17.6,17.9,77.4,258,253,0,0,108,0.2,0.2,17.8,15.2,13.5
2026-08-01T18:49:40Z,0,0,0,0,0,0,17.4,851.6,17.6,17.8,77.5,261,253,0,0,108,0,0,17.7,15.1,13.5
2026-08-01T19:05:28Z,0,0,0,0,0,0,17.4,851.6,17.6,17.8,78.1,261,254,0,0,108,0,0,17.7,15.2,13.5
2026-08-01T19:20:36Z,0,0,0,0,0,0,17.3,851.5,17.4,17.7,78.6,260,253,0,0,108,0,0,17.7,15.2,13.4
2026-08-01T19:35:44Z,0,0,0,0,0,0,17.3,851.8,17.4,17.6,80,261,253,0,0,108,0,0,17.6,15.2,13.3
2026-08-01T19:50:52Z,0,0,0,0,0,0,17.2,852.1,17.2,17.5,80.4,260,253,0,0.2,108,0.9,0.9,17.5,15.2,13.2
2026-08-01T20:06:00Z,0,0,0,0,0,0,17.1,852,17.2,17.4,81,260,254,0,0,313,0,0,17.4,15.2,13.1
2026-08-01T20:21:23Z,0,0,0,0,0,0,17,851.8,17.1,17.4,81.2,260,254,0,0,313,0,0,17.3,15.1,13.1
2026-08-01T20:36:31Z,0,0,0,0,0,0,16.9,851.7,16.9,17.2,82,259,253,0,0,313,0,0,17.2,15.1,13
2026-08-01T20:51:40Z,0,0,0,0,0,0,16.6,851.8,16.7,16.9,83.3,259,253,0,0.2,314,0.7,0.7,16.9,15,12.7
2026-08-01T21:06:47Z,0,0,0,0,0,0,16.5,851.8,16.6,16.9,84.2,260,254,0,0,323,0.2,0.2,16.8,15,12.6
2026-08-01T21:21:56Z,0,0,0,0,0,0,16.5,851.7,16.6,16.9,84.4,260,254,0,0,355,0.4,0.4,16.9,15.1,12.7
2026-08-01T21:37:04Z,0,0,0,0,0,0,16.5,851.7,16.6,16.8,84.6,260,254,0,0,325,0.2,0.2,16.8,15,12.6
2026-08-01T21:52:27Z,0,0,0,0,0,0,16.3,851.7,16.4,16.7,84.6,259,253,0,0,324,0,0,16.7,14.9,12.5
2026-08-01T22:07:35Z,0,0,0,0,0,0,16.2,851.5,16.3,16.6,85.1,260,253,0,0,324,0,0,16.6,14.8,12.4
2026-08-01T22:22:43Z,0,0,0,0,0,0,15.9,851.3,16.1,16.3,85.6,262,253,0,0,324,0,0,16.2,14.6,12
2026-08-01T22:37:51Z,0,0,0,0,0,0,15.6,851.3,15.9,15.9,87.1,259,253,0,0,324,0,0,15.9,14.5,11.7
2026-08-01T22:52:58Z,0,0,0,0,0,0,15.6,851.2,15.9,15.9,87.9,261,253,0,0,325,0.2,0.2,15.9,14.5,11.7
2026-08-01T23:08:06Z,0,0,0,0,0,0,15.5,851,15.9,15.9,87.7,260,254,0,0,324,0,0,15.9,14.5,11.7
2026-08-01T23:23:29Z,0,0,0,0,0,0,15.4,850.8,15.8,15.8,88.2,261,254,0,0,324,0,0,15.8,14.5,11.6
2026-08-01T23:38:37Z,0,0,0,0,0,0,15.4,850.8,15.8,15.8,88.4,261,254,0,0,324,0,0,15.8,14.4,11.6
2026-08-01T23:53:45Z,0,0,0,0,0,0,15.4,850.7,15.8,15.9,88.5,260,253,0,0,324,0,0,15.8,14.5,11.6
2026-08-02T00:00:50Z,0,0,0,0,0,0,15.5,850.8,15.9,15.9,88.2,260,253,0,0,325,0.2,0.2,15.9,14.5,11.7
2026-08-02T00:15:58Z,0,0,0,0,0,0,15.7,850.8,16,16,87.4,261,252,0,0.3,80,1.1,1.1,16,14.6,11.8
2026-08-02T00:31:06Z,0,0,0,0,0,0,15.5,850.8,15.9,15.9,86.2,261,253,0,0,106,0.2,0.2,15.9,14.4,11.7
2026-08-02T00:46:29Z,0,0,0,0,0,0,15.4,850.7,15.8,15.8,85.4,259,253,0,0,117,0,0,15.7,14.1,11.5
2026-08-02T01:01:37Z,0,0,0,0,0,0,15.2,850.5,15.6,15.7,85.5,260,253,0,0,117,0,0,15.6,14,11.4
2026-08-02T01:16:45Z,0,0,0,0,0,0,14.9,850.6,15.2,15.4,86.4,261,253,0,0,117,0,0,15.3,13.8,11.1
2026-08-02T01:31:53Z,0,0,0,0,0,0,14.6,850.7,14.8,15,87.2,262,254,0,0,117,0,0,14.9,13.5,10.7
2026-08-02T01:47:01Z,0,0,0,0,0,0,14.2,850.7,14.5,14.6,89,261,253,0,0,117,0,0,14.5,13.4,10.3
2026-08-02T02:02:09Z,0,0,0,0,0,0,13.9,850.8,14.2,14.3,89.8,260,254,0,0,117,0,0,14.2,13.2,10
2026-08-02T02:17:31Z,0,0,0,0,0,0,13.9,851,14.1,14.2,90.8,260,253,0,0,117,0.2,0.2,14.2,13.2,9.9
2026-08-02T02:32:34Z,0,0,0,0,0,0,13.9,851,14.2,14.4,90,260,252,0,0.3,136,1.3,1.3,14.3,13.2,10.1
2026-08-02T02:47:41Z,0,0,0,0,0,0,13.7,851.2,14,14.1,91.1,259,253,0,0.2,136,1.1,1.1,14.1,13.1,9.9
2026-08-02T03:02:49Z,0,0,0,0,0,0,13.6,851.4,13.9,14.1,91.8,261,253,0,0,136,0,0,14,13.1,9.8
2026-08-02T03:18:41Z,0,0,0,0,0,0,13.6,851.6,13.9,14,92.1,261,253,0,0,136,0,0,14,13.1,9.7
2026-08-02T03:33:49Z,0,0,0,0,0,0,13.6,851.6,13.9,14,92.3,261,265,0,0,136,0,0,13.9,13.1,9.7
2026-08-02T03:49:43Z,0,0,0,0.1,0,0,13.5,851.7,13.8,13.9,92.4,270,361,0,0,136,0,0,13.9,13.1,9.7
2026-08-02T04:04:50Z,0,0,0,0.2,0,0,13.7,851.9,13.9,14.1,92.7,284,526,0,0,136,0,0,14,13.2,9.8
2026-08-02T04:19:58Z,0,0,0,0.1,0,0,13.9,852.2,14.2,14.3,92.3,279,460,0,0,136,0,0,14.2,13.4,10
2026-08-02T04:35:06Z,0,0,0,0.2,0,0,14.1,852.5,14.3,14.4,91.4,292,605,0,0,136,0,0,14.4,13.5,10.2
2026-08-02T04:50:14Z,0,0,0,0.2,0,0,14.2,852.6,14.6,14.6,90.1,298,681,0,0.1,136,0.4,0.4,14.6,13.5,10.4
2026-08-02T05:05:38Z,0,0,0,0.3,0,0,14.5,853,14.9,15,89,313,832,0,0,136,0,0,14.9,13.7,10.7
2026-08-02T05:20:46Z,0,0,0,0.4,0,0,14.9,853,15.2,15.3,87.6,340,1129,0,0.4,136,1.1,1.1,15.2,13.9,11.1
2026-08-02T05:35:53Z,0,0,0,0.4,0,0,15.6,853.1,15.9,16,85.1,336,1099,0,0,136,0,0,15.9,14.3,11.7
2026-08-02T05:51:00Z,0,0,0,0.5,0,0,15.7,853.1,16.1,16.2,83.4,351,1227,0,0.6,136,0.9,0.9,16.2,14.3,12
2026-08-02T06:06:07Z,0,0,0,1.6,0,0,16.9,853.1,17.2,17,81.1,565,3799,0,0.8,135,1.3,1.3,16.9,14.8,12.7
2026-08-02T06:21:15Z,0,0,0,1.4,0,0,17.9,853.1,18.6,17.8,78.1,525,3159,0,0.4,135,0.9,0.9,17.7,15.2,13.5
2026-08-02T06:36:42Z,0,0,0,0.8,0,0,18.1,853.3,18.4,18,76.5,411,1903,0,1.1,134,2.2,2.2,17.9,15.1,13.6
2026-08-02T06:51:50Z,0,0,0,0.8,0,0,17.4,853.3,17.6,17.5,77.6,400,1792,0,0.3,135,0.7,0.7,17.4,14.9,13.2
2026-08-02T07:06:58Z,0,0,0,0.6,0,0,17.5,853.2,17.7,17.6,76.6,362,1368,0,0.4,135,0.9,0.9,17.5,14.9,13.3
2026-08-02T07:22:06Z,0,0,0,0.8,0,0,17.9,853.2,17.9,18,76.2,400,1790,0,0.1,135,0.4,0.4,17.9,15.2,13.7
2026-08-02T07:37:14Z,0,0,0,1.2,0,0,18.2,852.9,18.4,18.5,74.8,484,2728,0,0.2,135,0.7,0.7,18.4,15.4,14.1
2026-08-02T07:52:22Z,0,0,0,1.1,0,0,18.8,852.8,18.9,18.8,72.7,460,2470,0,0,135,0,0,18.7,15.5,14.4
2026-08-02T08:07:46Z,0,0,0,0.9,0,0,19,852.6,19.1,19.1,72.9,432,2159,0,0,135,0.2,0.2,19.1,15.8,14.7
2026-08-02T08:22:53Z,0,0,0,1.7,0,0,20.7,852.4,20.8,20.6,66.8,571,3696,0,0.5,135,1.1,1.1,20.6,16.5,16.1
2026-08-02T08:38:00Z,0,0,0,3.4,0,0,20.7,852.3,21.1,20.5,66.9,895,7501,0,0,135,0.4,0.4,20.5,16.4,16
2026-08-02T08:53:08Z,0,0,0,1.4,0,0,20.7,852.1,21,20.8,66.2,508,3010,0,0.3,234,1.1,1.1,20.7,16.5,16.2
2026-08-02T09:08:15Z,0,0,0,3.4,0,0,21.1,851.9,21.5,21,65.7,885,7251,0,0.2,256,0.7,0.7,20.9,16.6,16.4
2026-08-02T09:23:23Z,0,0,0,3.2,0,0,21.2,851.7,21.8,21.5,63.8,858,6857,0,0.9,159,2,2,21.5,16.9,16.8
2026-08-02T09:38:49Z,0,0,0,1.3,0,0,21.3,851.5,21.9,21.9,62.3,493,2756,0,0.7,176,1.5,1.5,21.8,17,17.1
2026-08-02T09:53:56Z,0,0,0,1.4,0,0,21.8,851.3,22.1,21.9,62.2,510,2990,0,0.4,244,2.4,2.4,21.8,17,17.1
2026-08-02T10:09:03Z,0,0,0,1.3,0,0,22,851.1,22.4,22.3,61.6,494,2778,0,0.2,234,1.1,1.1,22.2,17.3,17.5
2026-08-02T10:24:11Z,0,0,0,1.8,0,0,21.8,851,22.2,22.5,60.1,592,3994,0,1,174,2.2,2.2,22.4,17.2,17.6
2026-08-02T10:40:03Z,0,0,0,1.3,0,0,21.8,850.8,22.2,22.5,59.2,494,2846,0,0.6,184,1.3,1.3,22.4,17.2,17.7
2026-08-02T10:55:10Z,0,0,0,1.8,0,0,22.4,850.5,22.9,22.9,58.6,590,3895,0,0.2,184,1.1,1.1,22.8,17.4,18
2026-08-02T11:10:18Z,0,0,0,1.8,0,0,23,850.3,23.6,23.5,58.1,596,3892,0,0,188,0.4,0.4,23.5,17.9,18.5
2026-08-02T11:25:32Z,0,0,0,1.4,0,0,22.7,850.1,23.1,23.5,58.9,511,2981,0,0.4,101,1.8,1.8,23.5,18,18.6
2026-08-02T11:40:55Z,0,0,0,2.3,0,0,23.1,849.9,23.4,23.8,58.5,680,5226,0,0.2,131,0.7,0.7,23.7,18.2,18.7
2026-08-02T11:56:03Z,0,0,0,1.8,0,0,22.9,849.7,22.9,23.7,57.2,588,3789,0,0.7,120,1.7,1.7,23.7,18,18.7
2026-08-02T12:11:10Z,0,0,0,1,0,0,23.7,849.4,23.9,24.6,55.6,447,2151,0,0.5,107,1.5,1.5,24.6,18.5,19.4
2026-08-02T12:26:18Z,0,0,0,1,0,0,23.2,849.3,23.6,23.9,55.8,439,2126,0,0.5,120,0.9,0.9,23.8,17.9,18.8
2026-08-02T12:41:22Z,0,0,0,1.8,0,0,23.6,849,23.9,24.2,56,590,4219,0,0.6,181,1.5,1.5,24.2,18.2,19.1
2026-08-02T12:56:29Z,0,0,0,1,0,0,22.8,849.2,23.1,23.5,58.3,446,2283,0,0.1,130,0.2,0.2,23.5,18,18.6
2026-08-02T13:11:37Z,0,0,0,0.9,0,0,23.1,849.1,23.6,24,56.1,423,2038,0,0.8,124,2.8,2.8,23.9,18,18.9
2026-08-02T13:27:06Z,0,0,0,1.2,0,0,24.3,849.2,24.9,25.3,53.1,476,2742,0,0.5,111,1.3,1.3,25.3,18.7,20
2026-08-02T13:42:13Z,0,0,0,0.8,0,0,24,849.3,24.4,24.7,54.8,396,1775,0,0.3,38,1.1,1.1,24.7,18.5,19.5
2026-08-02T13:57:20Z,0,0,0,0.6,0,0,23.5,849.3,23.6,24.1,56.2,372,1506,0,0.3,117,1.1,1.1,24.1,18.2,19
2026-08-02T14:12:28Z,0,0,0,0.5,0,0,23,849.4,23.1,23.5,57.3,344,1201,0,0.1,75,0.4,0.4,23.4,17.7,18.5
2026-08-02T14:27:37Z,0,0,0,0.3,0,0,21.5,849.5,21.6,22.3,64.3,311,801,0,1,84,1.7,1.7,22.2,17.6,17.5
2026-08-02T14:43:04Z,0,0,0,0.2,0,0,20.9,849.7,21,21.4,67.4,289,522,0,0.6,56,1.5,1.5,21.3,17.2,16.7
2026-08-02T14:58:12Z,0,0,0,0.1,0,0,20,849.8,20.1,20.4,71.5,272,339,0,1,70,1.5,1.5,20.4,16.8,15.9
2026-08-02T15:13:20Z,0,0,0,0.1,0,0,19.4,849.9,19.5,19.7,73.9,266,302,0,0.3,22,0.7,0.7,19.7,16.5,15.3
2026-08-02T15:28:27Z,0,0,0,0,0,0,19.1,850,19.2,19.4,75.2,263,281,0,0.3,22,0.7,0.7,19.4,16.4,15
2026-08-02T15:43:36Z,0,0,0,0,0,0,18.8,850,18.9,19.1,76.7,261,257,0,0.6,69,1.3,1.3,19.1,16.3,14.8
2026-08-02T16:00:23Z,0,0,0,0,0,0,18.6,850.1,18.7,18.9,77.8,260,254,0,0.4,49,1.1,1.1,18.9,16.2,14.6
2026-08-02T16:15:31Z,0,0,0,0,0,0,18.3,850.2,18.4,18.7,78.6,260,255,0,0.4,76,1.1,1.1,18.7,16.1,14.3
2026-08-02T16:30:39Z,0,0,0,0,0,0,18.2,850.2,18.3,18.6,79.4,261,253,0,0.2,38,0.7,0.7,18.6,16.1,14.2
2026-08-02T16:46:02Z,0,0,0,0,0,0,18,850.5,18.1,18.4,80.7,261,253,0,0,331,0.2,0.2,18.3,16,14
2026-08-02T17:01:09Z,0,0,0,0,0,0,17.9,850.7,18.1,18.3,81.1,260,253,0,0,54,0,0,18.3,16,14
2026-08-02T17:16:17Z,0,0,0,0,0,0,18,850.7,18.1,18.4,81,260,252,0,0.1,356,0.4,0.4,18.4,16.1,14.1
2026-08-02T17:31:24Z,0,0,0,0,0,0,18.1,850.6,18.2,18.5,81,260,252,0,0,313,0,0,18.5,16.2,14.2
2026-08-02T17:47:12Z,0,0,0,0,0,0,18.1,850.3,18.2,18.5,80.8,260,253,0,0,312,0,0,18.5,16.1,14.1
2026-08-02T18:02:20Z,0,0,0,0,0,0,18,850.6,18.1,18.4,80.2,260,253,0,0,312,0,0,18.3,16,14
2026-08-02T18:17:27Z,0,0,0,0,0,0,18,850.9,18.2,18.5,79.7,260,253,0,0,312,0,0,18.4,16,14.1
2026-08-02T18:33:15Z,0,0,0,0,0,0,18,851.3,18.1,18.3,81.8,261,254,0,0.1,333,0.4,0.4,18.3,16.1,14
2026-08-02T18:48:22Z,0,0,0,0,0,0,17.8,851.4,17.9,18.2,82.8,261,253,0,0.1,115,0.4,0.4,18.2,16.1,13.9
2026-08-02T19:03:30Z,0,0,0,0,0,0,17.8,851.3,17.9,18.1,81.9,259,253,0,0,115,0,0,18.1,16,13.8
2026-08-02T19:19:15Z,0,0,0,0,0,0,17.8,851.3,17.9,18.1,82,259,254,0,0,115,0,0,18.2,16,13.9
2026-08-02T19:34:17Z,0,0,0,0,0,0,17.8,851.7,18.1,18.2,81.8,261,254,0,0,115,0,0,18.2,16,13.9
2026-08-02T19:49:24Z,0,0,0,0,0,0,17.8,851.7,18,18.2,81.7,259,253,0,0,115,0,0,18.2,16,13.9
2026-08-02T20:04:32Z,0,0,0,0,0,0,17.8,851.7,18,18.2,81.2,261,254,0,0,115,0,0,18.2,15.9,13.9
2026-08-02T20:19:41Z,0,0,0,0,0,0,17.9,851.6,18,18.2,78.2,260,253,0,0.5,160,1.1,1.1,18.2,15.6,13.9
2026-08-02T20:34:49Z,0,0,0,0,0,0,17.6,851.6,17.8,18,73.7,261,254,0,0.1,163,0.7,0.7,17.9,14.9,13.6
2026-08-02T20:50:12Z,0,0,0,0,0,0,17.2,851.7,17.3,17.6,71.6,259,252,0,0.1,162,0.4,0.4,17.4,14.2,13.2
2026-08-02T21:05:20Z,0,0,0,0,0,0,16.8,851.6,16.9,17.2,72,260,254,0,0,162,0,0,17.1,13.9,12.8
2026-08-02T21:20:28Z,0,0,0,0,0,0,16.3,851.5,16.4,16.7,73.6,261,254,0,0,162,0,0,16.5,13.6,12.3
2026-08-02T21:35:36Z,0,0,0,0,0,0,15.8,851.3,16.1,16.1,74.8,260,253,0,0,162,0,0,15.9,13.2,11.7
2026-08-02T21:50:44Z,0,0,0,0,0,0,15.5,851.2,15.8,15.9,75.9,261,253,0,0,162,0,0,15.7,13.1,11.5
2026-08-02T22:05:53Z,0,0,0,0,0,0,15.2,850.9,15.5,15.5,77.9,260,254,0,0,162,0,0,15.4,13,11.2
2026-08-02T22:21:16Z,0,0,0,0,0,0,14.9,850.9,15.2,15.3,78.9,260,253,0,0,163,0,0,15.1,12.9,10.9
2026-08-02T22:36:29Z,0,0,0,0,0,0,14.6,850.7,14.9,15,80,260,252,0,0.1,162,0.4,0.4,14.9,12.8,10.7
2026-08-02T22:51:37Z,0,0,0,0,0,0,14.8,850.7,15,15.2,80.5,261,254,0,0,163,0,0,15,12.9,10.8
2026-08-02T23:06:44Z,0,0,0,0,0,0,14.4,850.6,14.6,14.7,81.5,259,252,0,0,163,0,0,14.5,12.6,10.3
2026-08-02T23:21:53Z,0,0,0,0,0,0,14.1,850.5,14.4,14.5,82.9,260,252,0,0,163,0,0,14.3,12.5,10.1
2026-08-02T23:37:20Z,0,0,0,0,0,0,13.8,850.4,14.1,14.3,83.6,260,253,0,0.1,162,0.2,0.2,14.1,12.4,9.9
2026-08-02T23:52:28Z,0,0,0,0,0,0,13.9,850.4,14.1,14.2,83.4,259,254,0,0,163,0,0,14.1,12.4,9.9
2026-08-03T00:00:33Z,0,0,0,0,0,0,13.7,850.3,13.9,14.1,83.6,260,253,0,0,163,0,0,13.9,12.3,9.7
2026-08-03T00:15:41Z,0,0,0,0,0,0,13.5,850.3,13.8,13.9,84.5,261,253,0,0,163,0,0,13.7,12.2,9.5
2026-08-03T00:30:48Z,0,0,0,0,0,0,13.2,850.3,13.4,13.6,85.1,262,253,0,0,163,0,0,13.5,12,9.2
2026-08-03T00:45:56Z,0,0,0,0,0,0,13.1,850.4,13.4,13.5,85.9,259,253,0,0,163,0,0,13.4,12,9.1
2026-08-03T01:01:20Z,0,0,0,0,0,0,13,850.5,13.4,13.5,86.4,259,253,0,0,163,0,0,13.3,12,9.1
2026-08-03T01:16:27Z,0,0,0,0,0,0,13.3,850.6,13.5,13.7,86.3,260,254,0,0,163,0.2,0.2,13.5,12.2,9.3
2026-08-03T01:31:35Z,0,0,0,0,0,0,13.3,850.6,13.6,13.7,86.4,261,254,0,0,163,0.2,0.2,13.6,12.2,9.3
2026-08-03T01:46:43Z,0,0,0,0,0,0,13.3,850.7,13.6,13.7,86.5,262,253,0,0,163,0,0,13.5,12.2,9.3
2026-08-03T02:01:50Z,0,0,0,0,0,0,13.2,850.7,13.5,13.6,86.8,260,254,0,0,162,0.2,0.2,13.5,12.1,9.2
2026-08-03T02:16:58Z,0,0,0,0,0,0,13.1,851,13.4,13.6,87.7,261,253,0,0.3,162,0.9,0.9,13.4,12.2,9.2
2026-08-03T02:32:23Z,0,0,0,0,0,0,13.2,851.3,13.5,13.7,88.3,261,253,0,0,163,0,0,13.5,12.4,9.3
2026-08-03T02:47:31Z,0,0,0,0,0,0,13.3,851.5,13.6,13.8,87.8,261,254,0,0,163,0.2,0.2,13.6,12.4,9.4
2026-08-03T03:02:39Z,0,0,0,0,0,0,13.4,851.7,13.7,13.9,87.7,259,253,0,0,163,0,0,13.7,12.5,9.5
2026-08-03T03:17:46Z,0,0,0,0,0,0,13.4,852,13.8,13.9,87.5,261,253,0,0,163,0,0,13.8,12.5,9.5
2026-08-03T03:32:54Z,0,0,0,0,0,0,13.5,852.1,13.8,13.9,87.9,261,258,0,0.1,162,0.2,0.2,13.8,12.6,9.6
2026-08-03T03:48:02Z,0,0,0,0,0,0,13.6,852.3,13.9,14,87.7,264,290,0,0,163,0,0,13.9,12.6,9.6
2026-08-03T04:03:27Z,0,0,0,0.1,0,0,13.6,852.3,13.9,14.1,87.3,268,344,0,0,162,0,0,14,12.6,9.7
2026-08-03T04:18:35Z,0,0,0,0.1,0,0,13.8,852.6,14.1,14.2,87.1,275,413,0,0,162,0,0,14.1,12.8,9.9
2026-08-03T04:33:43Z,0,0,0,0.1,0,0,13.9,852.7,14.2,14.4,85.8,283,518,0,0.1,162,0.2,0.2,14.2,12.8,10
2026-08-03T04:48:50Z,0,0,0,0.2,0,0,14.2,852.8,14.4,14.6,84.4,297,699,0,0.1,162,0.6,0.6,14.5,12.9,10.3
2026-08-03T05:03:58Z,0,0,0,0.2,0,0,14.5,853.2,14.8,14.9,84.1,303,730,0,0,162,0.2,0.2,14.8,13.1,10.6
2026-08-03T05:19:06Z,0,0,0,0.2,0,0,14.6,853.4,14.8,14.9,83.8,301,705,0,0.3,162,0.7,0.7,14.8,13.1,10.6
2026-08-03T05:34:32Z,0,0,0,0.3,0,0,14.9,853.4,15.1,15.3,83.2,312,827,0,0,162,0,0,15.2,13.4,11
2026-08-03T05:49:39Z,0,0,0,0.4,0,0,15.1,853.4,15.4,15.6,81.7,332,1030,0,0.4,162,0.9,0.9,15.5,13.5,11.3
2026-08-03T06:04:48Z,0,0,0,0.7,0,0,15.4,853.6,15.7,15.9,81.1,384,1649,0,0.3,162,0.7,0.7,15.8,13.7,11.6
2026-08-03T06:20:41Z,0,0,0,0.6,0,0,15.5,853.6,15.8,16.1,80.7,379,1534,0,0.4,162,1.1,1.1,16,13.9,11.8
2026-08-03T06:35:41Z,0,0,0,0.7,0,0,16.4,853.5,16.5,16.9,76.9,386,1615,0,0.1,105,0.4,0.4,16.8,14.2,12.5
2026-08-03T06:50:49Z,0,0,0,0.8,0,0,16.5,853.5,16.5,17.1,75.9,401,1817,0,0.6,105,1,1,16.9,14.2,12.7
2026-08-03T07:05:56Z,0,0,0,0.6,0,0,16.5,853.5,16.8,17,76.8,377,1542,0,0.1,209,0.4,0.4,16.8,14.2,12.6
2026-08-03T07:21:05Z,0,0,0,0.7,0,0,16.5,853.6,16.8,17.1,76.4,383,1602,0,0.2,208,0.7,0.7,17,14.3,12.7
2026-08-03T07:36:12Z,0,0,0,0.8,0,0,16.9,853.6,17.2,17.4,74.8,401,1811,0,0.1,206,0.7,0.7,17.3,14.4,13
2026-08-03T07:51:37Z,0,0,0,0.4,0,0,17.1,853.7,17.4,17.4,74.9,339,1105,0,0,206,0.2,0.2,17.2,14.4,13
2026-08-03T08:06:45Z,0,0,0,0.5,0,0,17.4,853.6,17.6,17.7,73.4,342,1159,0,0.4,206,1.1,1.1,17.6,14.6,13.3
2026-08-03T08:21:53Z,0,0,0,0.6,0,0,17,853.5,16.9,17.5,73.6,372,1502,0,0,205,0,0,17.4,14.4,13.2
2026-08-03T08:37:00Z,0,0,0,1,0,0,17.4,853.4,17.6,17.8,73,445,2274,0,0.2,206,0.9,0.9,17.7,14.6,13.4
2026-08-03T08:52:46Z,0,0,0,1.1,0,0,18.3,853.3,18.6,18.7,70.7,471,2578,0,0.4,206,0.7,0.7,18.6,15.2,14.3
2026-08-03T09:07:53Z,0,0,0,1,0,0,18.4,853.1,18.4,18.6,71.8,442,2268,0,0.3,206,0.9,0.9,18.5,15.2,14.1
2026-08-03T09:23:01Z,0,0,0,1,0,0,18.9,853,18.6,19,69.9,449,2335,0,0.1,206,0.2,0.2,18.9,15.3,14.5
2026-08-03T09:38:09Z,0,0,0,1.1,0,0,19.8,852.8,19.8,20.3,65.8,457,2409,0,0,103,0.2,0.2,20.2,16,15.7
2026-08-03T09:53:16Z,0,0,0,0.9,0,0,19.6,852.6,19.6,20,66.9,432,2148,0,0.3,24,0.7,0.7,19.9,15.9,15.5
2026-08-03T10:08:42Z,0,0,0,0.8,0,0,19.3,852.5,19.3,19.8,67.2,404,1833,0,0.5,24,1.7,1.7,19.7,15.7,15.3
2026-08-03T10:24:26Z,0,0,0,0.8,0,0,18.7,852.4,19,19,69.7,411,1906,0,0.1,24,0.4,0.4,18.8,15.3,14.5
2026-08-03T10:39:51Z,0,0,0,1,0,0,19.1,852.2,19.4,19.7,67.3,443,2268,0,0.1,24,0.4,0.4,19.6,15.6,15.2
2026-08-03T10:54:58Z,0,0,0,0.9,0,0,19.9,852.2,20,20.5,64.8,435,2183,0,0,24,0,0,20.4,16.1,15.9
2026-08-03T11:10:05Z,0,0,0,1.3,0,0,19.7,851.8,19.9,20.4,63.5,496,2867,0,1.2,93,2,2,20.3,15.8,15.8
2026-08-03T11:25:12Z,0,0,0,1.4,0,0,20.9,851.6,21.1,21.5,61,525,3137,0,0.4,99,0.9,0.9,21.4,16.5,16.8
2026-08-03T11:40:20Z,0,0,0,1.1,0,0,20.9,851.4,21.4,21.6,61,457,2401,0,0.2,107,1.1,1.1,21.5,16.6,16.9
2026-08-03T11:56:02Z,0,0,0,0.8,0,0,20.1,851.3,20.3,21,61.5,408,1874,0,0.9,106,1.5,1.5,20.8,16.1,16.3
2026-08-03T12:11:10Z,0,0,0,0.6,0,0,20,851.2,20.4,20.6,64.9,378,1564,0,0.6,107,2.2,2.2,20.5,16.2,16
2026-08-03T12:26:17Z,0,0,0,0.6,0,0,19.5,851.1,19.8,20,67.4,378,1541,0,0.7,192,1.5,1.5,19.9,16,15.5
2026-08-03T12:41:25Z,0,0,0,0.9,0,0,19.4,850.9,19.5,19.9,67.6,418,1999,0,1.3,89,2,2,19.8,15.9,15.4
2026-08-03T12:56:32Z,0,0,0,0.8,0,0,19.9,850.8,19.9,20.4,66.7,414,1955,0,0.8,84,1.5,1.5,20.3,16.2,15.8
2026-08-03T13:11:57Z,0,0,0,0.6,0,0,19.9,850.7,20.1,20.5,66.2,362,1363,0,0.7,118,2,2,20.4,16.3,15.9
2026-08-03T13:27:04Z,0,0,0,0.4,0,0,19.6,850.7,19.9,20.1,67.3,333,1048,0,0.3,56,0.9,0.9,20.1,16.1,15.6
2026-08-03T13:42:12Z,0,0,0,0.4,0,0,19.7,850.6,19.9,20.2,68,341,1147,0,0,111,0,0,20.2,16.2,15.7
2026-08-03T13:57:19Z,0,0,0,0.3,0,0,19.3,850.6,19.6,20,69.2,307,732,0,0.6,110,1.5,1.5,19.9,16.2,15.5
2026-08-03T14:12:27Z,0,0,0,0.2,0,0,18.7,850.7,18.9,19.2,71.8,293,611,0,0.4,117,1.1,1.1,19.2,15.8,14.8
2026-08-03T14:27:54Z,0,0,0,0.2,0,0,18.6,850.8,18.8,19.1,72,294,631,0,0.6,65,1.3,1.3,19,15.7,14.6
2026-08-03T14:43:02Z,0,0,0,0.1,0,0,18.6,850.8,18.8,19,72.4,273,398,0,0,97,0,0,19,15.7,14.6
2026-08-03T14:58:09Z,0,0,0,0.1,0,0,18.4,850.9,18.6,18.9,72.9,270,357,0,0.5,107,0.9,0.9,18.8,15.6,14.5
2026-08-03T15:13:17Z,0,0,0,0,0,0,18.3,850.8,18.5,18.8,73.7,264,310,0,0.3,107,1.1,1.1,18.7,15.6,14.4
2026-08-03T15:29:08Z,0,0,0,0,0,0,18.2,851,18.3,18.6,74.1,261,261,0,0.3,84,1.1,1.1,18.5,15.5,14.2
2026-08-03T15:44:16Z,0,0,0,0,0,0,18,851.1,18.2,18.5,74.5,260,255,0,1.2,77,2.6,2.6,18.4,15.4,14.1
2026-08-03T15:59:24Z,0,0,0,0,0,0,18,851.3,18.1,18.4,74.7,260,253,0,0.1,97,0.4,0.4,18.3,15.4,14
2026-08-03T16:15:07Z,0,0,0,0,0,0,17.9,851.4,18.1,18.3,75.1,261,253,0,0,78,0,0,18.2,15.3,14
2026-08-03T16:30:15Z,0,0,0,0,0,0,17.8,851.5,18,18.2,75.5,259,254,0,0,107,0.2,0.2,18.1,15.3,13.9
2026-08-03T16:45:23Z,0,0,0,0,0,0,17.8,851.7,17.9,18.1,75.8,260,254,0,0.4,107,1.1,1.1,18.1,15.2,13.8
2026-08-03T17:00:32Z,0,0,0,0,0,0,17.7,851.9,17.9,18.1,76.9,260,254,0,0,65,0.2,0.2,18,15.3,13.7
2026-08-03T17:15:40Z,0,0,0,0,0,0,17.6,852,17.8,18,76.7,260,252,0,0,92,0.2,0.2,17.9,15.2,13.6
2026-08-03T17:31:02Z,0,0,0,0,0,0,17.6,852.1,17.7,17.9,76.2,260,253,0,0,97,0,0,17.9,15.1,13.6
2026-08-03T17:46:10Z,0,0,0,0,0,0,17.5,852.2,17.6,17.9,75.8,263,254,0,0.3,96,0.9,0.9,17.8,15,13.5
2026-08-03T18:01:11Z,0,0,0,0,0,0,17.4,852.3,17.6,17.8,76.1,259,253,0,0,44,0,0,17.7,14.9,13.4
2026-08-03T18:16:19Z,0,0,0,0,0,0,17.4,852.4,17.6,17.7,76.5,260,253,0,0,104,0.2,0.2,17.7,14.9,13.4
2026-08-03T18:31:28Z,0,0,0,0,0,0,17.3,852.6,17.5,17.7,76.6,260,253,0,0,104,0,0,17.6,14.9,13.4
2026-08-03T18:46:36Z,0,0,0,0,0,0,17.3,852.6,17.3,17.6,77.8,260,252,0,0,104,0,0,17.5,15,13.3
2026-08-03T19:01:44Z,0,0,0,0,0,0,17.1,852.7,17.2,17.4,79.8,260,253,0,0,104,0,0,17.4,15,13.1
2026-08-03T19:17:09Z,0,0,0,0,0,0,16.9,852.7,17.1,17.3,81,261,254,0,0,104,0,0,17.2,15,13
2026-08-03T19:32:17Z,0,0,0,0,0,0,16.8,852.7,16.9,17.2,81.6,260,254,0,0,104,0,0,17.1,15,12.9
2026-08-03T19:47:25Z,0,0,0,0,0,0,16.7,852.7,16.8,17.1,82.1,260,253,0,0,104,0,0,17,15,12.8
2026-08-03T20:02:33Z,0,0,0,0,0,0,16.7,852.6,16.8,17,82.4,261,254,0,0,104,0,0,17,14.9,12.7
2026-08-03T20:17:41Z,0,0,0,0,0,0,16.6,852.4,16.7,17,82.8,260,254,0,0,104,0,0,16.9,15,12.7
2026-08-03T20:32:49Z,0,0,0,0,0,0,16.6,852.4,16.7,16.9,83.2,262,254,0,0,104,0,0,16.9,14.9,12.7
2026-08-03T20:48:12Z,0,0,0,0,0,0,16.5,852.3,16.6,16.8,83.5,261,254,0,0,104,0,0,16.8,14.9,12.6
2026-08-03T21:03:20Z,0,0,0,0,0,0,16.5,852.1,16.6,16.8,84.1,261,253,0,0,104,0,0,16.8,15,12.6
2026-08-03T21:18:28Z,0,0,0,0,0,0,16.4,852.3,16.5,16.7,83.9,261,253,0,0,104,0,0,16.7,14.8,12.5
2026-08-03T21:33:36Z,0,0,0,0,0,0,16.3,852.3,16.4,16.8,84,261,253,0,0,104,0,0,16.7,14.9,12.5
2026-08-03T21:48:44Z,0,0,0,0,0,0,16.3,852.2,16.4,16.7,84.2,260,253,0,0,104,0,0,16.7,14.9,12.5
2026-08-03T22:03:52Z,0,0,0,0,0,0,16.3,852.1,16.5,16.7,84.2,260,254,0,0,104,0,0,16.7,14.9,12.5
2026-08-03T22:19:14Z,0,0,0,0,0,0,16.3,852,16.4,16.7,84.6,261,253,0,0,104,0,0,16.6,14.9,12.4
2026-08-03T22:34:22Z,0,0,0,0,0,0,16.2,851.9,16.3,16.5,85,259,254,0,0,104,0,0,16.5,14.8,12.3
2026-08-03T22:49:30Z,0,0,0,0,0,0,16,851.7,16.3,16.5,85.5,261,254,0,0,104,0,0,16.4,14.8,12.2
2026-08-03T23:04:38Z,0,0,0,0,0,0,16,851.8,16.3,16.4,85.7,260,254,0,0,104,0,0,16.4,14.7,12.1
2026-08-03T23:19:46Z,0,0,0,0,0,0,16,851.8,16.3,16.4,86.2,259,253,0,0,104,0,0,16.3,14.7,12.1
2026-08-03T23:34:54Z,0,0,0,0,0,0,16,851.8,16.2,16.4,86,262,254,0,0,104,0,0,16.4,14.8,12.2
2026-08-03T23:50:17Z,0,0,0,0,0,0,16,851.8,16.2,16.4,85.9,261,253,0,0,104,0,0,16.3,14.7,12.1
2026-08-04T00:00:23Z,0,0,0,0,0,0,16,851.8,16.3,16.4,85.8,259,254,0,0,104,0,0,16.4,14.7,12.1
2026-08-04T00:15:31Z,0,0,0,0,0,0,16,851.8,16.2,16.4,85.8,260,254,0,0,104,0,0,16.4,14.7,12.1
2026-08-04T00:30:39Z,0,0,0,0,0,0,15.9,851.9,16.2,16.3,85.9,260,254,0,0,104,0,0,16.3,14.7,12.1
2026-08-04T00:45:48Z,0,0,0,0,0,0,15.9,851.9,16.2,16.3,85.9,260,253,0,0,104,0,0,16.2,14.6,12
2026-08-04T01:00:56Z,0,0,0,0,0,0,15.8,851.9,16.1,16.2,86.3,260,254,0,0,104,0,0,16.2,14.6,12
2026-08-04T01:16:18Z,0,0,0,0,0,0,15.7,851.9,16,16.1,85.2,260,253,0,0.5,104,1.1,1.1,16,14.4,11.8
2026-08-04T01:31:26Z,0,0,0,0,0,0,15.6,851.7,16,16,84.7,261,253,0,0,104,0,0,16,14.2,11.8
2026-08-04T01:46:34Z,0,0,0,0,0,0,15.6,851.9,15.9,16,84.8,261,254,0,0,104,0,0,15.9,14.2,11.7
2026-08-04T02:01:43Z,0,0,0,0,0,0,15.6,852,15.9,16,85.1,260,253,0,0,104,0,0,15.9,14.2,11.7
2026-08-04T02:16:51Z,0,0,0,0,0,0,15.5,852,15.9,15.9,85.3,259,253,0,0,104,0,0,15.9,14.2,11.7
2026-08-04T02:32:00Z,0,0,0,0,0,0,15.5,852.1,15.9,15.9,85.5,260,254,0,0,104,0,0,15.9,14.3,11.7
2026-08-04T02:47:21Z,0,0,0,0,0,0,15.5,852,15.8,15.9,85.5,261,253,0,0,104,0,0,15.8,14.2,11.7
2026-08-04T03:02:29Z,0,0,0,0,0,0,15.5,852.2,15.8,15.9,86,261,255,0,0,104,0,0,15.8,14.3,11.6
2026-08-04T03:18:28Z,0,0,0,0,0,0,15.4,852.2,15.8,15.8,85.7,259,254,0,0,104,0,0,15.7,14.2,11.6
2026-08-04T03:33:36Z,0,0,0,0,0,0,15.4,852.2,15.8,15.8,86,262,263,0,0,104,0,0,15.7,14.2,11.5
2026-08-04T03:48:44Z,0,0,0,0,0,0,15.3,852.4,15.6,15.7,86.6,265,310,0,0,104,0,0,15.6,14.1,11.4
2026-08-04T04:03:52Z,0,0,0,0.1,0,0,15.3,852.6,15.7,15.8,86.7,269,323,0,0,104,0,0,15.7,14.2,11.5
2026-08-04T04:19:00Z,0,0,0,0.1,0,0,15.4,852.8,15.8,15.9,86.4,275,407,0,0,104,0,0,15.8,14.3,11.6
2026-08-04T04:34:25Z,0,0,0,0.2,0,0,15.7,852.9,16,16.1,85.8,290,580,0,0,104,0,0,16,14.4,11.8
2026-08-04T04:49:33Z,0,0,0,0.3,0,0,16.1,853,16.2,16.4,84,312,823,0,0,104,0,0,16.4,14.6,12.2
2026-08-04T05:04:41Z,0,0,0,0.3,0,0,16.3,853.3,16.3,16.7,83.4,323,973,0,0,104,0.2,0.2,16.7,14.8,12.5
2026-08-04T05:19:49Z,0,0,0,0.2,0,0,16.6,853.5,16.8,17.1,80.5,304,723,0,0.2,104,0.7,0.7,17,14.8,12.8
2026-08-04T05:34:57Z,0,0,0,0.2,0,0,16.6,853.7,16.8,16.8,81.7,300,700,0,0,104,0,0,16.8,14.7,12.6
2026-08-04T05:50:05Z,0,0,0,0.3,0,0,16.6,853.8,16.7,17,81.3,321,925,0,0,109,0.2,0.2,16.9,14.8,12.7
2026-08-04T06:05:28Z,0,0,0,0.4,0,0,16.8,853.8,17,17.2,79.8,333,1072,0,0,110,0,0,17.1,14.8,12.9
2026-08-04T06:20:37Z,0,0,0,0.6,0,0,17.4,853.9,17.5,17.6,76.2,372,1500,0,0.2,109,0.7,0.7,17.6,14.8,13.3
2026-08-04T06:35:45Z,0,0,0,0.7,0,0,17.5,853.9,17.8,17.8,75.6,390,1664,0,0.3,205,0.7,0.7,17.7,14.9,13.4
2026-08-04T06:50:53Z,0,0,0,0.6,0,0,17.7,853.9,17.9,18,75.1,375,1523,0,0.3,205,1,1,17.9,15,13.6
2026-08-04T07:06:01Z,0,0,0,0.9,0,0,18,853.8,18.4,18.5,73.2,432,2136,0,0,205,0.2,0.2,18.4,15.3,14.1
2026-08-04T07:21:09Z,0,0,0,0.9,0,0,19.1,853.7,19.3,19.4,71,427,2078,0,0,205,0.2,0.2,19.4,15.9,15
2026-08-04T07:36:30Z,0,0,0,0.7,0,0,18.6,853.7,18.8,18.7,71.9,382,1588,0,0.7,219,1.5,1.5,18.6,15.3,14.3
2026-08-04T07:51:38Z,0,0,0,0.7,0,0,18.5,853.7,18.7,18.7,72.1,386,1633,0,0.5,231,1.1,1.1,18.6,15.3,14.3
2026-08-04T08:06:38Z,0,0,0,0.8,0,0,18.8,853.7,19.1,19.1,71.6,401,1799,0,0,199,0,0,19,15.7,14.7
2026-08-04T08:22:37Z,0,0,0,0.8,0,0,19.2,853.6,19.4,19.4,70.1,413,1922,0,0,200,0.4,0.4,19.3,15.7,14.9
2026-08-04T08:37:45Z,0,0,0,0.7,0,0,19,853.6,19.2,19.1,70.7,388,1647,0,0,251,0.2,0.2,19,15.5,14.7
2026-08-04T08:52:53Z,0,0,0,0.7,0,0,19,853.5,19.4,19.5,69.1,389,1642,0,0.4,118,0.9,0.9,19.4,15.7,15
2026-08-04T09:08:34Z,0,0,0,0.6,0,0,19.3,853.4,19.6,19.7,68.5,366,1403,0,0.2,118,0.9,0.9,19.6,15.8,15.2
2026-08-04T09:23:58Z,0,0,0,0.5,0,0,19.1,853.4,19.3,19.6,70.7,348,1212,0,0.8,117,1.7,1.7,19.6,16,15.2
2026-08-04T09:39:06Z,0,0,0,0.6,0,0,18.9,853.2,19.2,19.4,71.1,360,1342,0,0.5,118,1.3,1.3,19.4,15.9,15
2026-08-04T09:54:14Z,0,0,0,0.6,0,0,19,853,19.1,19.5,70.7,372,1456,0,0,118,0.2,0.2,19.4,15.9,15
2026-08-04T10:09:22Z,0,0,0,0.4,0,0,19.7,852.9,19.9,20.1,68.6,339,1117,0,0.6,118,2.2,2.2,20,16.2,15.6
2026-08-04T10:24:30Z,0,0,0,0.6,0,0,19.1,852.8,19.4,19.6,70.4,365,1373,0,0.1,197,0.4,0.4,19.6,16,15.2
2026-08-04T10:39:38Z,0,0,0,0.6,0,0,19.3,852.7,19.6,19.8,71.4,363,1369,0,0.1,197,0.4,0.4,19.7,16.2,15.3
2026-08-04T10:55:02Z,0,0,0,0.6,0,0,19.1,852.6,19.2,19.7,71,361,1335,0,0.8,101,1.7,1.7,19.6,16.1,15.2
2026-08-04T11:10:08Z,0,0,0,0.7,0,0,19.3,852.4,19.6,19.8,70.6,393,1690,0,0.1,190,0.8,0.8,19.7,16.1,15.3
2026-08-04T11:25:17Z,0,0,0,0.5,0,0,19.4,852.4,19.6,19.9,70.3,348,1203,0,0,119,0.4,0.4,19.9,16.2,15.4
2026-08-04T11:40:25Z,0,0,0,0.4,0,0,19.3,852.3,19.4,19.9,70.5,336,1056,0,0,119,0,0,19.8,16.2,15.4
2026-08-04T11:55:34Z,0,0,0,0.3,0,0,18.7,852.1,19,19.3,72.2,305,717,0,0.5,204,1.7,1.7,19.2,15.9,14.8
2026-08-04T12:10:43Z,0,0,0,0.3,0,0,18.5,852,18.7,18.9,73.2,308,753,0,0.2,175,1,1,18.9,15.7,14.5
2026-08-04T12:26:06Z,0,0,0,0.2,0,0,18.4,852,18.6,18.8,73.6,302,682,0,0.4,123,1.7,1.7,18.8,15.6,14.4
2026-08-04T12:41:15Z,0,0,0,0.2,0,0,18.1,852,18.3,18.6,74.5,292,578,0,0.2,117,1.1,1.1,18.5,15.5,14.2
2026-08-04T12:56:24Z,0,0,0,0.2,0,0,18.1,852,18.3,18.6,74.3,291,581,0,0,117,0.2,0.2,18.5,15.5,14.2
2026-08-04T13:11:32Z,0,0,0,0.2,0,0,18,852,18.2,18.5,74.7,293,600,0,0.1,153,0.7,0.7,18.4,15.4,14.1
2026-08-04T13:26:41Z,0,0,0,0.2,0,0,17.9,851.9,18.1,18.3,75.2,294,610,0,0.2,114,0.9,0.9,18.3,15.3,14
2026-08-04T13:42:15Z,0,0,0,0.2,0,0,17.9,851.9,18.1,18.4,74.9,293,605,0,0.6,153,1.7,1.7,18.3,15.4,14
2026-08-04T13:57:23Z,0,0,0,0.2,0,0,17.8,851.8,18,18.2,75.4,289,566,0,0,186,0.2,0.2,18.1,15.2,13.8
2026-08-04T14:12:32Z,0,0,0,0.2,0,0,17.8,851.9,17.9,18.2,75.5,286,526,0,0.3,108,0.9,0.9,18.1,15.3,13.8
2026-08-04T14:27:41Z,0,0,0,0.1,0,0,17.7,852,17.9,18.1,76.3,281,466,0,0,106,0.2,0.2,18.1,15.3,13.8
2026-08-04T14:42:49Z,0,0,0,0.1,0,0,17.5,852,17.7,17.9,77.4,272,359,0,0.3,189,0.9,0.9,17.8,15.2,13.5
2026-08-04T14:58:12Z,0,0,0,0.1,0,0,17.4,852.1,17.5,17.8,77.8,267,334,0,0.5,189,1.5,1.5,17.7,15.1,13.4
2026-08-04T15:13:19Z,0,0,0,0,0,0,17.5,852,17.6,17.8,76.4,264,304,0,0,188,0,0,17.7,15,13.5
2026-08-04T15:28:27Z,0,0,0,0,0,0,17.5,852.1,17.6,17.9,75.8,261,267,0,0,188,0,0,17.8,15,13.5
2026-08-04T15:43:35Z,0,0,0,0,0,0,17.5,852.3,17.6,17.9,77.8,259,256,0,0,188,0,0,17.8,15.2,13.5
2026-08-04T15:58:44Z,0,0,0,0,0,0,17.3,852.3,17.4,17.6,79.3,259,253,0,0,189,0.2,0.2,17.6,15.2,13.3
2026-08-04T16:14:22Z,0,0,0,0,0,0,17.1,852.4,17.3,17.5,79.7,261,253,0,0,188,0,0,17.4,15.1,13.2
2026-08-04T16:29:31Z,0,0,0,0,0,0,17,852.3,17.1,17.3,80.6,260,253,0,0.1,189,0.4,0.4,17.3,15,13
2026-08-04T16:45:22Z,0,0,0,0,0,0,16.9,852.4,17,17.2,81.2,260,254,0,0,188,0,0,17.2,15,12.9
2026-08-04T17:00:31Z,0,0,0,0,0,0,16.8,852.5,16.9,17.2,81.9,260,253,0,0,188,0,0,17.1,15,12.9
2026-08-04T17:15:39Z,0,0,0,0,0,0,16.7,852.5,16.8,17.1,82.2,261,253,0,0,188,0,0,17.1,15,12.8
2026-08-04T17:30:48Z,0,0,0,0,0,0,16.7,852.6,16.8,17.1,82.7,260,253,0,0,188,0,0,17.1,15.1,12.8
2026-08-04T17:45:56Z,0,0,0,0,0,0,16.7,852.5,16.8,17,82.9,260,253,0,0,188,0,0,17,15,12.8
2026-08-04T18:01:20Z,0,0,0,0,0,0,16.6,852.7,16.8,17,83.3,260,254,0,0,188,0,0,16.9,15,12.7
2026-08-04T18:16:35Z,0,0,0,0,0,0,16.6,852.9,16.7,16.9,83.8,260,253,0,0,188,0,0,16.9,15,12.7
2026-08-04T18:31:43Z,0,0,0,0,0,0,16.6,852.8,16.7,16.9,83.5,260,253,0,0,272,0,0,16.9,15,12.6
2026-08-04T18:46:52Z,0,0,0,0,0,0,16.5,852.8,16.6,16.8,83.7,261,253,0,0,272,0,0,16.8,14.9,12.6
2026-08-04T19:02:00Z,0,0,0,0,0,0,16.4,852.9,16.6,16.8,84,261,252,0,0,272,0,0,16.8,14.9,12.6
2026-08-04T19:17:22Z,0,0,0,0,0,0,16.4,853,16.5,16.8,84.3,260,254,0,0,272,0,0,16.7,14.9,12.5
2026-08-04T19:32:30Z,0,0,0,0,0,0,16.3,852.9,16.4,16.7,84.7,260,254,0,0,272,0,0,16.7,14.9,12.5
2026-08-04T19:47:39Z,0,0,0,0,0,0,16.2,853,16.3,16.6,84.7,261,254,0,0,272,0,0,16.6,14.8,12.4
2026-08-04T20:03:30Z,0,0,0,0,0,0,16.2,853,16.3,16.6,85.1,259,254,0,0,272,0,0,16.6,14.8,12.3
2026-08-04T20:18:38Z,0,0,0,0,0,0,16.2,853.1,16.3,16.6,85.2,260,253,0,0,272,0,0,16.5,14.8,12.3
2026-08-04T20:33:46Z,0,0,0,0,0,0,16.2,853,16.3,16.5,83.8,262,254,0,0,271,0.4,0.4,16.5,14.6,12.3
2026-08-04T20:48:54Z,0,0,0,0,0,0,16.6,852.8,16.7,16.9,80.1,259,253,0,0.1,114,0.4,0.4,16.8,14.6,12.6
2026-08-04T21:04:02Z,0,0,0,0,0,0,16.6,852.7,16.8,17,80.3,260,253,0,0,114,0,0,16.9,14.7,12.7
2026-08-04T21:19:27Z,0,0,0,0,0,0,16.6,852.7,16.7,17,77.2,259,253,0,0,208,0,0,16.9,14.3,12.6
2026-08-04T21:34:35Z,0,0,0,0,0,0,16.5,852.7,16.6,16.9,78.1,260,254,0,0,208,0,0,16.8,14.3,12.5
2026-08-04T21:49:43Z,0,0,0,0,0,0,16.4,852.6,16.4,16.7,77.4,261,253,0,0,208,0,0,16.6,14.1,12.4
2026-08-04T22:04:52Z,0,0,0,0,0,0,16.2,852.4,16.3,16.6,76.3,259,253,0,0.4,209,1.1,1.1,16.5,13.9,12.3
2026-08-04T22:20:00Z,0,0,0,0,0,0,16.2,852.2,16.4,16.6,76.2,259,253,0,0,208,0,0,16.4,13.8,12.2
2026-08-04T22:35:08Z,0,0,0,0,0,0,16,852.2,16.3,16.4,76.6,261,254,0,0,208,0,0,16.2,13.7,12
2026-08-04T22:50:31Z,0,0,0,0,0,0,15.6,852,15.8,15.9,78.3,261,252,0,0,208,0,0,15.7,13.4,11.5
2026-08-04T23:05:40Z,0,0,0,0,0,0,15,851.9,15.2,15.3,80.1,261,253,0,0,208,0,0,15.1,13,11
2026-08-04T23:20:48Z,0,0,0,0,0,0,14.4,852,14.6,14.8,82.2,260,254,0,0,208,0,0,14.6,12.7,10.4
2026-08-04T23:35:56Z,0,0,0,0,0,0,14,851.8,14.4,14.4,82.7,259,253,0,0,208,0,0,14.2,12.4,10
2026-08-04T23:51:04Z,0,0,0,0,0,0,13.8,851.8,14.1,14.2,83.7,261,253,0,0,208,0,0,14,12.3,9.8
2026-08-05T00:00:09Z,0,0,0,0,0,0,13.6,851.7,13.9,14,83.6,260,253,0,0,208,0,0,13.8,12.2,9.6
2026-08-05T00:15:31Z,0,0,0,0,0,0,13.2,851.7,13.6,13.6,85.2,261,252,0,0,208,0,0,13.4,12,9.2
2026-08-05T00:30:39Z,0,0,0,0,0,0,13,851.7,13.2,13.4,86.7,260,252,0,0,208,0,0,13.2,11.9,9
2026-08-05T00:45:39Z,0,0,0,0,0,0,12.8,851.9,13,13.2,86.7,260,253,0,0,208,0,0,13.1,11.8,8.8
2026-08-05T01:00:47Z,0,0,0,0,0,0,12.7,852,13,13.2,87.5,262,254,0,0,209,0.2,0.2,13,11.8,8.7
2026-08-05T01:15:55Z,0,0,0,0,0,0,12.5,851.9,12.9,13,87.5,260,253,0,0,208,0,0,12.9,11.6,8.6
2026-08-05T01:31:04Z,0,0,0,0,0,0,12.3,851.9,12.6,12.8,88.8,261,254,0,0,208,0,0,12.6,11.5,8.4
2026-08-05T01:46:12Z,0,0,0,0,0,0,11.9,852,12.1,12.3,89.4,259,253,0,0,208,0,0,12.1,11.1,7.8
2026-08-05T02:01:35Z,0,0,0,0,0,0,11.6,852.3,11.8,11.9,90.9,260,254,0,0,208,0,0,11.8,10.9,7.4
2026-08-05T02:16:43Z,0,0,0,0,0,0,11.4,852.6,11.6,11.8,92,260,253,0,0,208,0,0,11.6,10.9,7.3
2026-08-05T02:31:52Z,0,0,0,0,0,0,11.2,852.7,11.5,11.7,92.6,262,253,0,0,208,0,0,11.5,10.9,7.2
2026-08-05T02:47:00Z,0,0,0,0,0,0,11,852.8,11.3,11.5,93.1,261,251,0,0,208,0,0,11.3,10.7,7
2026-08-05T03:02:09Z,0,0,0,0,0,0,10.9,853,11.2,11.4,93.5,261,253,0,0,208,0,0,11.2,10.6,6.8
2026-08-05T03:17:17Z,0,0,0,0,0,0,10.9,852.9,11.2,11.4,93.9,259,253,0,0,208,0,0,11.2,10.7,6.9
2026-08-05T03:32:39Z,0,0,0,0,0,0,10.9,853,11.2,11.4,94.1,261,271,0,0,208,0,0,11.2,10.7,6.9
2026-08-05T03:47:48Z,0,0,0,0.1,0,0,10.8,853.1,11.1,11.3,94,269,345,0,0,208,0,0,11.1,10.6,6.7
2026-08-05T04:02:56Z,0,0,0,0.1,0,0,11,853.1,11.3,11.4,94.3,280,456,0,0,209,0.2,0.2,11.3,10.8,6.9
2026-08-05T04:18:05Z,0,0,0,0.2,0,0,11.5,853.4,11.9,11.9,94.5,293,556,0,0,208,0,0,11.7,11.2,7.4
2026-08-05T04:33:14Z,0,0,0,0.3,0,0,12.1,853.5,12.6,12.6,93.4,308,730,0,0,208,0,0,12.4,11.8,8.2
2026-08-05T04:48:41Z,0,0,0,0.3,0,0,13.4,853.8,13.9,13.8,88.8,316,744,0,0.8,254,2.2,2.2,13.7,12.6,9.5
2026-08-05T05:03:49Z,0,0,0,0.7,0,0,14.7,853.9,15.1,14.9,84,387,1766,0,1,234,1.7,1.7,14.8,13.1,10.6
2026-08-05T05:18:58Z,0,0,0,0.9,0,0,15.7,854.1,16.2,15.7,80.8,423,2186,0,1,241,2,2,15.6,13.5,11.4
2026-08-05T05:34:07Z,0,0,0,1,0,0,16.5,854.3,16.9,16.4,78.9,452,2472,0,0.5,211,1.1,1.1,16.3,14,12.1
2026-08-05T05:49:58Z,0,0,0,1.2,0,0,16.9,854.4,17.2,16.8,75.7,487,2866,0,0.9,240,1.5,1.5,16.6,13.9,12.4
2026-08-05T06:05:06Z,0,0,0,1.5,0,0,17.6,854.5,18.2,17.5,74.6,535,3398,0,0.2,258,0.7,0.7,17.4,14.5,13.2
2026-08-05T06:20:14Z,0,0,0,1.8,0,0,18.6,854.5,19.4,18.5,68.4,584,3926,0,0.9,219,2.2,2.2,18.3,14.7,14
2026-08-05T06:35:23Z,0,0,0,2,0,0,19.1,854.3,20.1,19.2,66,632,4458,0,1.2,207,1.7,1.7,19,15,14.7
2026-08-05T06:50:55Z,0,0,0,2.2,0,0,19.6,854.1,20.2,19.7,63.2,664,4863,0,0.8,230,1.7,1.7,19.5,15.2,15.2
2026-08-05T07:06:02Z,0,0,0,2,0,0,19.5,854,19.8,19.3,64.1,632,4514,0,0.4,227,0.9,0.9,19.1,14.9,14.8
2026-08-05T07:21:11Z,0,0,0,2.7,0,0,21.8,854,21.8,21.9,56.5,764,5979,0,0.6,90,1.5,1.5,21.7,16.2,17.1
2026-08-05T07:36:19Z,0,0,0,2.9,0,0,22,853.9,23,22.2,54.9,797,6244,0,0.1,117,0.4,0.4,22.1,16.3,17.4
2026-08-05T07:51:27Z,0,0,0,3,0,0,21.1,854,22,21.7,54.5,814,6416,0,0.7,126,1.3,1.3,21.6,15.8,16.9
2026-08-05T08:07:22Z,0,0,0,3.2,0,0,22.1,854,22.7,22.4,51.7,851,6860,0,1.3,164,2.6,2.6,22.2,16,17.5
2026-08-05T08:22:47Z,0,0,0,3.2,0,0,22.5,853.7,22.8,22.6,51.9,851,6786,0,1.5,56,2.2,2.2,22.5,16.2,17.7
2026-08-05T08:37:54Z,0,0,0,3.2,0,0,22.9,853.6,23.6,23.2,49.2,861,6889,0,0,113,0.2,0.2,23.1,16.4,18.2
2026-08-05T08:53:02Z,0,0,0,3.3,0,0,21.4,853.4,22.1,21.5,52.9,876,7060,0,0.8,213,1.3,1.3,21.3,15.4,16.7
2026-08-05T09:08:09Z,0,0,0,3.3,0,0,22.3,853.1,22.8,22.5,50.5,878,7075,0,0.8,331,2.2,2.2,22.3,15.9,17.5
2026-08-05T09:23:17Z,0,0,0,3.4,0,0,23.6,852.8,24.2,24.1,44.9,887,7159,0,0.4,224,0.9,0.9,23.9,16.5,18.9
2026-08-05T09:38:57Z,0,0,0,3.4,0,0,23.8,852.6,24.7,24.7,42.9,892,7207,0,0.7,192,2,2,24.5,16.6,19.4
2026-08-05T09:54:05Z,0,0,0,3.4,0,0,24.4,852.3,24.9,24.5,45.3,885,7142,0,0.2,212,0.4,0.4,24.4,16.9,19.3
2026-08-05T10:09:13Z,0,0,0,3.3,0,0,23.6,852,24.3,24.3,44.7,874,7024,0,0.9,172,2.2,2.2,24.1,16.6,19.1
2026-08-05T10:24:20Z,0,0,0,3.2,0,0,25.1,851.7,25.8,25.7,42.6,855,6850,0,0.1,192,0.7,0.7,25.6,17.4,20.2
2026-08-05T10:39:28Z,0,0,0,3.2,0,0,25.1,851.5,25.9,25.8,40,847,6720,0,0.2,110,0.7,0.7,25.7,17.1,20.3
2026-08-05T10:54:58Z,0,0,0,3.1,0,0,26.2,851.3,26.4,26.7,40.6,830,6532,0,0,12,0.2,0.2,26.6,17.9,21
2026-08-05T11:10:06Z,0,0,0,2.9,0,0,25.6,851.1,26.1,26.4,38.9,803,6247,0,1,77,3.3,3.3,26.3,17.3,20.7
2026-08-05T11:25:07Z,0,0,0,2.8,0,0,27.3,850.8,27.3,27.5,36.9,776,5960,0,0.5,23,0.9,0.9,27,17.8,21.3
2026-08-05T11:41:02Z,0,0,0,2.6,0,0,26.6,850.7,27,27.5,36,743,5593,0,1.9,181,4.4,4.4,27,17.7,21.3
2026-08-05T11:56:09Z,0,0,0,2.5,0,0,26.3,850.4,26.6,27.2,37.2,714,5344,0,0.4,122,1.5,1.5,26.8,17.6,21.2
2026-08-05T12:11:17Z,0,0,0,2.3,0,0,26.3,850.3,26.4,27.1,38.6,684,5016,0,1.3,77,2.8,2.8,26.8,17.8,21.2
2026-08-05T12:26:25Z,0,0,0,2,0,0,26.1,850.1,26.6,27,38.2,632,4461,0,0.8,191,1.1,1.1,26.7,17.6,21.1
2026-08-05T12:41:33Z,0,0,0,1,0,0,26.8,850,27.2,27.8,37.7,436,2020,0,0.5,106,1.7,1.7,27.3,18.2,21.5
2026-08-05T12:56:59Z,0,0,0,1.5,0,0,26,849.9,26.3,26.7,39.5,544,3501,0,1.4,85,3.7,3.7,26.5,17.7,21
2026-08-05T13:12:06Z,0,0,0,1.4,0,0,25.8,849.9,26.1,26.5,39.3,517,3182,0,2.6,79,4.4,4.4,26.4,17.5,20.8
2026-08-05T13:27:13Z,0,0,0,1.2,0,0,25.4,850,25.6,26.3,39.7,481,2782,0,1.1,89,2.4,2.4,26.1,17.4,20.6
2026-08-05T13:42:21Z,0,0,0,1,0,0,25.5,849.8,25.9,26.4,39.8,444,2346,0,0.6,118,1.7,1.7,26.3,17.5,20.7
2026-08-05T13:57:28Z,0,0,0,0.8,0,0,25.4,849.9,25.9,26.3,39.7,407,1942,0,0.1,20,0.7,0.7,26.2,17.4,20.7
2026-08-05T14:12:36Z,0,0,0,0.6,0,0,25.3,849.9,25.9,26.5,39.4,375,1572,0,0.7,88,2.4,2.4,26.3,17.5,20.8
2026-08-05T14:28:07Z,0,0,0,0.5,0,0,24.6,849.9,25.1,25.6,40.5,344,1214,0,0.7,134,2.4,2.4,25.4,16.9,20.1
2026-08-05T14:43:14Z,0,0,0,0.2,0,0,24.3,850.2,24.6,25,41.5,303,645,0,0.9,64,2.2,2.2,24.8,16.6,19.6
2026-08-05T14:58:22Z,0,0,0,0.2,0,0,23.6,850.3,23.9,24,43.3,292,525,0,0.6,200,1.5,1.5,23.8,16.1,18.8
2026-08-05T15:13:29Z,0,0,0,0.1,0,0,23.1,850.5,23.3,23.5,44.2,278,424,0,0.2,147,1.1,1.1,23.3,15.8,18.4
2026-08-05T15:28:36Z,0,0,0,0.1,0,0,22.7,850.6,22.9,23,44.6,268,316,0,0.3,153,1.1,1.1,22.8,15.5,18
2026-08-05T15:43:44Z,0,0,0,0,0,0,22.1,850.8,22.2,22.5,46.2,262,261,0,0,122,0.4,0.4,22.2,15.3,17.5
2026-08-05T15:59:06Z,0,0,0,0,0,0,21.6,850.9,21.7,21.9,47.7,260,254,0,0,148,0.4,0.4,21.7,15,17
2026-08-05T16:14:13Z,0,0,0,0,0,0,21.2,850.9,21.3,21.5,48.6,260,252,0,0,148,0,0,21.2,14.8,16.7
2026-08-05T16:29:21Z,0,0,0,0,0,0,20.9,851,21.1,21.2,49.6,262,252,0,0,97,0,0,21,14.7,16.4
2026-08-05T16:44:29Z,0,0,0,0,0,0,20.5,851.1,20.7,20.9,50.5,260,252,0,0.5,111,1.7,1.7,20.6,14.5,16.1
2026-08-05T16:59:37Z,0,0,0,0,0,0,20.1,851.3,20.2,20.5,52,260,253,0,0,145,0,0,20.2,14.4,15.7
2026-08-05T17:14:46Z,0,0,0,0,0,0,19.6,851.2,19.7,19.9,54.2,260,254,0,0,145,0,0,19.6,14.1,15.2
2026-08-05T17:30:14Z,0,0,0,0,0,0,19.1,851.4,19.3,19.5,55.3,260,254,0,0,145,0,0,19.2,13.9,14.8
2026-08-05T17:45:24Z,0,0,0,0,0,0,18.7,851.5,18.7,18.9,58,260,254,0,0,145,0,0,18.7,13.8,14.3
2026-08-05T18:00:32Z,0,0,0,0,0,0,18.1,851.6,18.2,18.4,60.8,261,253,0,0,145,0,0,18.1,13.7,13.8
2026-08-05T18:15:41Z,0,0,0,0,0,0,17.9,851.6,17.9,18.1,61.7,260,255,0,0.2,144,0.9,0.9,17.9,13.6,13.6
2026-08-05T18:30:49Z,0,0,0,0,0,0,18.8,851.8,18.9,19.1,60,260,254,0,0.3,94,1.3,1.3,18.8,14.2,14.5
2026-08-05T18:46:11Z,0,0,0,0,0,0,18.7,852.2,18.9,19,62.1,261,254,0,0.5,159,1.3,1.3,18.8,14.4,14.5
2026-08-05T19:01:20Z,0,0,0,0,0,0,18.2,852.3,18.4,18.6,64.6,260,253,0,0.1,84,0.4,0.4,18.4,14.3,14.1
2026-08-05T19:17:20Z,0,0,0,0,0,0,17.9,852.3,18,18.2,66.3,260,254,0,0.1,125,0.4,0.4,18.1,14.2,13.8
2026-08-05T19:32:27Z,0,0,0,0,0,0,17.5,852.4,17.7,17.9,67.7,260,253,0,0,138,0,0,17.7,14.1,13.5
2026-08-05T19:47:35Z,0,0,0,0,0,0,17.2,852.4,17.3,17.6,69.7,259,254,0,0,138,0.2,0.2,17.4,14,13.1
2026-08-05T20:02:43Z,0,0,0,0,0,0,16.8,852.3,16.9,17.1,71.8,261,253,0,0,88,0,0,16.9,13.8,12.7
2026-08-05T20:17:51Z,0,0,0,0,0,0,16.4,852.4,16.6,16.8,74.2,260,254,0,0,88,0,0,16.6,13.8,12.4
2026-08-05T20:33:16Z,0,0,0,0,0,0,16.2,852.4,16.3,16.6,75.5,259,253,0,0,88,0,0,16.4,13.7,12.2
2026-08-05T20:48:24Z,0,0,0,0,0,0,16.2,852.5,16.3,16.5,77.7,260,253,0,0,113,0.2,0.2,16.4,13.9,12.2
2026-08-05T21:03:24Z,0,0,0,0,0,0,15.9,852.5,16.2,16.2,79.3,260,254,0,0,113,0,0,16.1,13.8,11.9
2026-08-05T21:18:32Z,0,0,0,0,0,0,15.5,852.6,15.9,15.9,80.2,262,253,0,0,113,0.2,0.2,15.8,13.6,11.6
2026-08-05T21:33:40Z,0,0,0,0,0,0,15.4,852.5,15.7,15.8,81.1,261,252,0,0,113,0,0,15.7,13.6,11.5
2026-08-05T21:48:48Z,0,0,0,0,0,0,15.5,852.5,15.9,16,80.7,261,253,0,0,113,0.2,0.2,15.9,13.8,11.7
2026-08-05T22:04:13Z,0,0,0,0,0,0,15.7,852.3,16,16.1,80.8,261,253,0,0,113,0,0,16,13.9,11.8
2026-08-05T22:19:21Z,0,0,0,0,0,0,15.9,852.2,16.2,16.3,81.1,259,254,0,0.7,70,1.7,1.7,16.2,14.1,12
2026-08-05T22:34:29Z,0,0,0,0,0,0,16.1,852.1,16.3,16.5,78.9,261,254,0,0.2,83,1.3,1.3,16.4,14,12.2
2026-08-05T22:49:36Z,0,0,0,0,0,0,16,852,16.2,16.4,78.8,260,254,0,0,104,0.1,0.1,16.3,14,12.1
2026-08-05T23:04:44Z,0,0,0,0,0,0,15.9,851.9,16.2,16.3,79,261,253,0,0,103,0,0,16.2,13.9,12
2026-08-05T23:19:52Z,0,0,0,0,0,0,15.8,851.5,16.1,16.2,79.9,261,253,0,0,93,0.2,0.2,16.1,13.9,11.9
2026-08-05T23:35:15Z,0,0,0,0,0,0,15.7,851.6,16.1,16.1,80.8,258,253,0,0.1,93,0.4,0.4,16,13.9,11.8
2026-08-05T23:50:24Z,0,0,0,0,0,0,15.7,851.6,16,16.1,81.4,263,254,0,0,93,0,0,16,13.9,11.8
2026-08-06T00:00:29Z,0,0,0,0,0,0,15.6,851.6,15.9,16,81.8,260,253,0,0,93,0.2,0.2,15.9,13.9,11.7
2026-08-06T00:15:37Z,0,0,0,0,0,0,15.6,851.7,15.9,16,82.7,260,253,0,0,93,0.4,0.4,15.9,14,11.7
2026-08-06T00:30:45Z,0,0,0,0,0,0,15.6,851.6,15.9,15.9,83.5,261,253,0,0,92,0,0,15.9,14,11.7
2026-08-06T00:45:54Z,0,0,0,0,0,0,15.5,851.5,15.8,15.9,84.3,261,253,0,0,92,0.2,0.2,15.8,14.1,11.6
2026-08-06T01:01:02Z,0,0,0,0,0,0,15.4,851.5,15.8,15.8,84.6,259,253,0,0,92,0,0,15.8,14.1,11.6
2026-08-06T01:16:24Z,0,0,0,0,0,0,15.4,851.5,15.8,15.9,85,260,253,0,0,92,0,0,15.8,14.1,11.6
2026-08-06T01:31:32Z,0,0,0,0,0,0,15.5,851.6,15.8,15.9,85.3,260,254,0,0,92,0,0,15.8,14.2,11.6
2026-08-06T01:46:40Z,0,0,0,0,0,0,15.5,851.5,15.8,15.9,85.3,259,252,0,0,92,0,0,15.8,14.2,11.6
2026-08-06T02:01:48Z,0,0,0,0,0,0,15.5,851.7,15.8,15.9,85.9,261,253,0,0.1,92,0.4,0.4,15.8,14.2,11.6
2026-08-06T02:16:56Z,0,0,0,0,0,0,15.4,851.7,15.8,15.9,85.7,259,254,0,0.1,92,0.4,0.4,15.8,14.2,11.6
2026-08-06T02:32:04Z,0,0,0,0,0,0,15.4,851.8,15.7,15.8,85.8,260,253,0,0,92,0,0,15.7,14.2,11.6
2026-08-06T02:47:28Z,0,0,0,0,0,0,15.4,851.9,15.8,15.9,86.3,261,252,0,0,118,0.4,0.4,15.8,14.3,11.6
2026-08-06T03:02:36Z,0,0,0,0,0,0,15.4,852.1,15.7,15.8,87.2,260,254,0,0.6,173,2,2,15.7,14.3,11.5
2026-08-06T03:17:44Z,0,0,0,0,0,0,15.4,852.1,15.8,15.8,87.3,262,254,0,0,92,0,0,15.7,14.3,11.5
2026-08-06T03:32:52Z,0,0,0,0,0,0,15.2,852.3,15.6,15.6,87.9,260,260,0,0,171,0.2,0.2,15.6,14.2,11.4
2026-08-06T03:48:00Z,0,0,0,0,0,0,15,852.4,15.4,15.5,88.7,263,284,0,0.1,171,0.4,0.4,15.4,14.2,11.2
2026-08-06T04:03:08Z,0,0,0,0.1,0,0,14.9,852.7,15.2,15.4,89,267,320,0,0.1,171,0.2,0.2,15.3,14.1,11.1
2026-08-06T04:18:30Z,0,0,0,0.1,0,0,15,852.9,15.3,15.4,88.7,272,374,0,0,171,0.2,0.2,15.4,14.1,11.2
2026-08-06T04:33:38Z,0,0,0,0.1,0,0,14.8,853.2,15.2,15.3,89.1,278,450,0,0.2,171,0.4,0.4,15.2,14,11
2026-08-06T04:48:46Z,0,0,0,0.2,0,0,14.9,853.4,15.2,15.3,88.5,290,588,0,0.3,171,0.7,0.7,15.3,14,11.1
2026-08-06T05:03:54Z,0,0,0,0.2,0,0,15,853.5,15.4,15.5,87,306,745,0,0.7,171,1.3,1.3,15.4,14,11.2
2026-08-06T05:19:40Z,0,0,0,0.4,0,0,15.6,853.6,15.9,16,85.6,330,1019,0,0,171,0,0,16,14.4,11.8
2026-08-06T05:34:48Z,0,0,0,0.5,0,0,16,853.7,16.2,16.4,83.8,349,1237,0,0,171,0,0,16.4,14.5,12.2
2026-08-06T05:49:56Z,0,0,0,0.7,0,0,16.2,853.9,16.5,16.8,82.6,385,1622,0,0.1,171,0.4,0.4,16.7,14.7,12.5
2026-08-06T06:05:05Z,0,0,0,0.9,0,0,17.7,854,17.9,18,78.3,426,2102,0,0.1,171,0.4,0.4,18,15.4,13.7
2026-08-06T06:20:29Z,0,0,0,1.1,0,0,18.7,854,18.9,19,73.3,463,2442,0,0.7,171,1.1,1.1,19,15.8,14.6
2026-08-06T06:35:37Z,0,0,0,1.8,0,0,18.9,854,18.6,18.6,73.1,585,3879,0,0.3,171,0.9,0.9,18.5,15.3,14.2
2026-08-06T06:50:45Z,0,0,0,1.1,0,0,20.3,854,20.4,20.6,66.4,465,2322,0,0,171,0.2,0.2,20.5,16.4,16
2026-08-06T07:06:41Z,0,0,0,1.3,0,0,21.4,853.9,21.3,21.2,63.1,497,2727,0,0.1,171,0.7,0.7,21.1,16.5,16.5
2026-08-06T07:22:05Z,0,0,0,3.1,0,0,21.2,854,21.4,21.7,58.9,830,6700,0,0.1,171,0.4,0.4,21.6,16.4,16.9
2026-08-06T07:37:14Z,0,0,0,3,0,0,22.4,853.8,23.1,22.8,55.2,818,6475,0,0.8,178,1.7,1.7,22.7,16.9,17.9
2026-08-06T07:52:22Z,0,0,0,3.6,0,0,22.1,853.6,22.8,22.6,56.2,924,7753,0,0.6,135,1.7,1.7,22.5,16.8,17.7
2026-08-06T08:07:30Z,0,0,0,2.9,0,0,22,853.5,22.9,22.2,58.4,806,6264,0,0.3,227,0.7,0.7,22.2,16.8,17.4
2026-08-06T08:22:37Z,0,0,0,3.8,0,0,24,853.4,24.9,24.7,51.5,971,8314,0,0.1,172,0.9,0.9,24.6,18,19.5
2026-08-06T08:37:45Z,0,0,0,1.8,0,0,22.9,853.2,23.5,23.8,51.7,590,3676,0,0.5,153,1.5,1.5,23.7,17.2,18.7
2026-08-06T08:53:08Z,0,0,0,3.8,0,0,23,852.8,23.1,23.2,55.6,962,8084,0,0.5,333,1,1,23.1,17.2,18.2
2026-08-06T09:08:16Z,0,0,0,3.5,0,0,23.1,852.6,23.8,23.6,54.3,920,7633,0,0.5,159,1.3,1.3,23.6,17.5,18.6
2026-08-06T09:23:24Z,0,0,0,3.9,0,0,23.2,852.5,23.5,23.8,52.6,990,8477,0,1.7,72,2.4,2.4,23.7,17.4,18.7
2026-08-06T09:38:32Z,0,0,0,3.6,0,0,22.8,852.2,23.5,23.3,53.9,936,7741,0,1.5,186,2.4,2.4,23.2,17.1,18.3
2026-08-06T09:54:20Z,0,0,0,1.9,0,0,24.8,852,25.2,25.6,50.5,614,3839,0,0.2,81,0.7,0.7,25.6,18.6,20.2
2026-08-06T10:10:17Z,0,0,0,4,0,0,23.8,851.7,24.4,24.4,52.9,999,8519,0,0,181,0.4,0.4,24.3,17.9,19.2
2026-08-06T10:25:25Z,0,0,0,2.5,0,0,23.6,851.4,24.3,24.3,51.3,721,5158,0,1.3,159,2.8,2.8,24.2,17.6,19.1
2026-08-06T10:40:33Z,0,0,0,1,0,0,24.3,851,24.9,25,49.7,439,1977,0,0.9,141,2,2,24.9,17.9,19.7
2026-08-06T10:55:40Z,0,0,0,3.7,0,0,25.3,850.9,25.8,25.9,47,950,7878,0,0.7,144,1.1,1.1,25.8,18.3,20.4
2026-08-06T11:10:48Z,0,0,0,3,0,0,24.9,850.7,25.4,25.8,47.5,807,6442,0,0.3,86,1.1,1.1,25.7,18.3,20.3
2026-08-06T11:26:15Z,0,0,0,1,0,0,25.5,850.6,26.1,26.4,47,439,2202,0,0.5,111,1.7,1.7,26.3,18.7,20.8
2026-08-06T11:41:23Z,0,0,0,1,0,0,24.9,850.5,25.2,25.4,48.6,438,2196,0,0.6,124,1.3,1.3,25.4,18.1,20.1
2026-08-06T11:56:31Z,0,0,0,2.9,0,0,24.3,850.3,24.7,24.9,51.3,799,6313,0,1,168,2.2,2.2,24.8,18.1,19.6
2026-08-06T12:11:39Z,0,0,0,2.5,0,0,24.3,850.3,24.8,25,51.9,724,5438,0,0.7,161,2.8,2.8,25,18.3,19.8
2026-08-06T12:26:46Z,0,0,0,0.8,0,0,24.3,849.9,24.7,24.9,52.3,399,1589,0,0.6,94,1.5,1.5,24.9,18.3,19.7
2026-08-06T12:42:33Z,0,0,0,0.9,0,0,23.8,850.1,23.9,24.5,53.5,428,2032,0,1.3,58,2.8,2.8,24.4,18.1,19.3
2026-08-06T12:57:40Z,0,0,0,1.4,0,0,23.9,850,24.2,24.6,52.9,508,3001,0,0.7,114,1.7,1.7,24.6,18.1,19.4
2026-08-06T13:12:48Z,0,0,0,0.7,0,0,23.9,850.1,24.3,24.6,53.5,383,1591,0,0.3,153,1.1,1.1,24.6,18.2,19.4
2026-08-06T13:27:56Z,0,0,0,0.4,0,0,23.3,850.2,23.5,23.8,55.5,338,1099,0,0.3,105,0.7,0.7,23.7,17.8,18.7
2026-08-06T13:43:19Z,0,0,0,0.4,0,0,22.5,850.3,22.7,23,57.8,333,1051,0,0.7,112,2.2,2.2,22.9,17.4,18.1
2026-08-06T13:58:27Z,0,0,0,0.4,0,0,22.2,850.3,22.4,22.6,58.9,332,1038,0,0,116,0,0,22.5,17.2,17.8
2026-08-06T14:13:35Z,0,0,0,0.3,0,0,22.2,850.5,22.4,22.6,58.4,307,777,0,0.8,151,2,2,22.5,17.1,17.7
2026-08-06T14:28:42Z,0,0,0,0.3,0,0,21.8,850.6,22.1,22.3,58.3,308,773,0,1.3,121,2,2,22.2,16.9,17.5
2026-08-06T14:43:50Z,0,0,0,0.2,0,0,21.4,850.7,21.6,21.9,59.1,293,586,0,1,157,2.4,2.4,21.8,16.6,17.1
2026-08-06T14:59:31Z,0,0,0,0.2,0,0,21.3,850.8,21.4,21.6,59,286,539,0,0.3,144,2.2,2.2,21.5,16.3,16.9
2026-08-06T15:14:39Z,0,0,0,0.1,0,0,21.1,850.9,21.2,21.4,59.6,267,321,0,1,152,3.1,3.1,21.3,16.3,16.7
2026-08-06T15:29:47Z,0,0,0,0,0,0,20.7,851,20.9,21.1,61.2,264,280,0,0.6,191,1.1,1.1,21,16.2,16.5
2026-08-06T15:44:55Z,0,0,0,0,0,0,20.4,851.2,20.6,20.8,62.5,259,258,0,0.3,197,0.9,0.9,20.7,16.1,16.2
2026-08-06T16:00:20Z,0,0,0,0,0,0,20.1,851.4,20.2,20.5,62.9,260,253,0,0.9,168,2.2,2.2,20.4,15.8,15.9
2026-08-06T16:15:28Z,0,0,0,0,0,0,19.9,851.5,20.1,20.3,62.8,261,254,0,0.6,178,1.3,1.3,20.2,15.6,15.7
2026-08-06T16:30:36Z,0,0,0,0,0,0,19.7,851.6,19.9,20.1,63.2,261,253,0,0.1,124,0.4,0.4,19.9,15.5,15.5
2026-08-06T16:45:43Z,0,0,0,0,0,0,19.6,851.9,19.8,20,63.9,263,253,0,0.6,192,1.5,1.5,19.9,15.5,15.4
2026-08-06T17:00:51Z,0,0,0,0,0,0,19.6,852,19.8,20,65,259,252,0,1,167,2,2,19.9,15.6,15.4
2026-08-06T17:16:00Z,0,0,0,0,0,0,19.5,852,19.6,19.8,65.6,260,253,0,0.2,198,1.7,1.7,19.7,15.6,15.3
2026-08-06T17:31:24Z,0,0,0,0,0,0,19.3,852.1,19.4,19.6,66.2,261,253,0,0.3,197,0.7,0.7,19.5,15.5,15.1
2026-08-06T17:46:32Z,0,0,0,0,0,0,19.2,852.3,19.3,19.5,66.7,260,253,0,0.1,197,0.5,0.5,19.4,15.4,15
2026-08-06T18:01:41Z,0,0,0,0,0,0,19,852.4,19.2,19.4,67.2,259,254,0,0.1,197,0.2,0.2,19.3,15.4,14.9
2026-08-06T18:16:49Z,0,0,0,0,0,0,18.8,852.5,19,19.2,67.9,262,253,0,0.1,197,0.4,0.4,19.1,15.3,14.7
2026-08-06T18:31:57Z,0,0,0,0,0,0,18.5,852.5,18.7,19,68.8,259,253,0,0,196,0,0,18.8,15.2,14.5
2026-08-06T18:47:06Z,0,0,0,0,0,0,18.4,852.9,18.5,18.7,69.7,260,254,0,0,196,0,0,18.6,15,14.3
2026-08-06T19:02:27Z,0,0,0,0,0,0,18.3,852.9,18.4,18.6,69.8,261,255,0,0.3,197,0.7,0.7,18.5,15,14.2
2026-08-06T19:17:36Z,0,0,0,0,0,0,18.4,853,18.5,18.8,69.7,259,254,0,0,196,0,0,18.6,15.1,14.3
2026-08-06T19:32:44Z,0,0,0,0,0,0,18.3,852.9,18.5,18.7,70.3,262,253,0,0,196,0,0,18.6,15.1,14.3
2026-08-06T19:47:52Z,0,0,0,0,0,0,18.2,852.8,18.4,18.6,70,260,253,0,0,196,0,0,18.5,15,14.2
2026-08-06T20:03:00Z,0,0,0,0,0,0,18.2,852.8,18.4,18.6,70.6,261,254,0,0,196,0,0,18.5,15.1,14.2
2026-08-06T20:18:09Z,0,0,0,0,0,0,18.2,852.8,18.4,18.6,69.9,260,254,0,0.7,197,1.7,1.7,18.5,15,14.2
2026-08-06T20:33:32Z,0,0,0,0,0,0,18.4,852.7,18.5,18.7,69.6,260,253,0,0.4,197,1.1,1.1,18.6,15.1,14.3
2026-08-06T20:48:38Z,0,0,0,0,0,0,18.4,852.7,18.6,18.8,69.6,260,253,0,0.9,197,2.2,2.2,18.6,15.1,14.3
2026-08-06T21:04:38Z,0,0,0,0,0,0,18.3,852.5,18.4,18.7,70.3,259,254,0,0.1,197,0.4,0.4,18.5,15.1,14.2
2026-08-06T21:19:46Z,0,0,0,0,0,0,18.2,852.4,18.3,18.6,71.3,261,254,0,0.1,197,0.4,0.4,18.5,15.1,14.2
2026-08-06T21:34:54Z,0,0,0,0,0,0,18,852.3,18.2,18.5,73.6,261,253,0,0,197,0.2,0.2,18.4,15.3,14.1
2026-08-06T21:50:03Z,0,0,0,0,0,0,17.8,852.1,18,18.2,74.9,261,253,0,0,179,0,0,18.2,15.2,13.9
2026-08-06T22:05:12Z,0,0,0,0,0,0,17.6,851.9,17.8,18,75.9,261,254,0,0.3,179,0.7,0.7,17.9,15.1,13.7
2026-08-06T22:20:37Z,0,0,0,0,0,0,17.4,851.8,17.6,17.9,75.8,260,253,0,0.3,179,1.1,1.1,17.8,15,13.5
2026-08-06T22:35:45Z,0,0,0,0,0,0,17.3,851.6,17.4,17.7,76.5,260,254,0,0.1,179,0.9,0.9,17.6,14.9,13.4
2026-08-06T22:50:54Z,0,0,0,0,0,0,17.2,851.6,17.3,17.6,77.8,260,254,0,0.5,179,0.9,0.9,17.5,15,13.3
2026-08-06T23:06:02Z,0,0,0,0,0,0,17,851.4,17.2,17.4,78.2,260,253,0,0,179,0.2,0.2,17.4,14.9,13.1
2026-08-06T23:21:10Z,0,0,0,0,0,0,16.8,851.3,17,17.2,79.1,260,253,0,0.3,179,1.1,1.1,17.2,14.8,12.9
2026-08-06T23:36:18Z,0,0,0,0,0,0,16.7,851.2,16.8,17.2,79.5,261,254,0,0,179,0,0,17.1,14.7,12.9
2026-08-06T23:51:40Z,0,0,0,0,0,0,16.6,851.1,16.8,17,80,259,253,0,0.1,179,0.4,0.4,17,14.7,12.7
2026-08-07T00:00:45Z,0,0,0,0,0,0,16.4,851,16.6,16.8,80.7,261,253,0,0.7,179,2,2,16.7,14.5,12.5
2026-08-07T00:15:54Z,0,0,0,0,0,0,16.2,851,16.4,16.6,81.5,261,254,0,0,179,0,0,16.5,14.4,12.3
2026-08-07T00:31:02Z,0,0,0,0,0,0,16,851.1,16.2,16.4,82.4,260,254,0,0.3,179,0.9,0.9,16.4,14.4,12.1
2026-08-07T00:46:11Z,0,0,0,0,0,0,15.7,851.1,16.1,16.1,83,261,253,0,0.1,179,0.4,0.4,16,14.1,11.8
2026-08-07T01:01:19Z,0,0,0,0,0,0,15.5,851.3,15.9,15.9,84.1,260,253,0,0.1,179,0.7,0.7,15.8,14,11.6
2026-08-07T01:16:40Z,0,0,0,0,0,0,15.4,851.3,15.7,15.8,84.4,261,253,0,1.1,179,1.5,1.5,15.7,14,11.5
2026-08-07T01:31:48Z,0,0,0,0,0,0,15.2,851.4,15.6,15.6,85.2,260,253,0,0,179,0,0,15.5,13.9,11.3
2026-08-07T01:46:56Z,0,0,0,0,0,0,14.9,851.5,15.2,15.3,86.2,261,253,0,0.3,179,0.9,0.9,15.3,13.8,11.1
2026-08-07T02:02:05Z,0,0,0,0,0,0,14.8,851.5,15.1,15.3,86.8,260,254,0,0.3,179,0.7,0.7,15.2,13.8,11
2026-08-07T02:17:13Z,0,0,0,0,0,0,14.9,851.7,15.2,15.3,86.8,261,253,0,0,179,0,0,15.2,13.8,11
2026-08-07T02:32:22Z,0,0,0,0,0,0,15,851.7,15.3,15.4,86.6,260,253,0,0,179,0,0,15.4,13.9,11.2
2026-08-07T02:47:43Z,0,0,0,0,0,0,15.1,851.9,15.4,15.5,86.6,260,254,0,0.1,179,0.4,0.4,15.4,13.9,11.2
2026-08-07T03:02:52Z,0,0,0,0,0,0,15.2,851.9,15.5,15.6,86.2,260,254,0,0,179,0,0,15.5,14,11.3
2026-08-07T03:18:00Z,0,0,0,0,0,0,15.2,852,15.5,15.6,86,261,254,0,0,179,0,0,15.6,14,11.4
2026-08-07T03:33:09Z,0,0,0,0,0,0,15.3,852.2,15.6,15.7,85.6,262,266,0,0.1,179,0.6,0.6,15.6,14,11.4
2026-08-07T03:48:17Z,0,0,0,0.1,0,0,15.3,852.5,15.7,15.8,85.6,270,343,0,0,179,0,0,15.7,14.1,11.5
2026-08-07T04:03:25Z,0,0,0,0.1,0,0,15.4,852.5,15.8,15.9,84.2,278,438,0,0.6,179,1.5,1.5,15.8,14,11.6
2026-08-07T04:18:47Z,0,0,0,0.2,0,0,15.6,852.7,16,16,83.5,303,743,0,1,179,1.7,1.7,15.9,14.1,11.7
2026-08-07T04:33:55Z,0,0,0,0.3,0,0,16,852.8,16.3,16.4,82.4,313,854,0,0.1,179,0.7,0.7,16.3,14.4,12.1
2026-08-07T04:49:03Z,0,0,0,0.4,0,0,16.3,852.9,16.4,16.6,81.2,337,1104,0,1.1,181,1.7,1.7,16.5,14.4,12.3
2026-08-07T05:04:11Z,0,0,0,0.8,0,0,17.2,853.2,17.6,17.2,79.9,413,2175,0,0.1,181,0.4,0.4,17.1,14.8,12.9
2026-08-07T05:19:19Z,0,0,0,1,0,0,18.2,853.5,18.6,17.8,75.9,446,2429,0,1.6,181,2,2,17.7,14.9,13.5
2026-08-07T05:34:27Z,0,0,0,1.1,0,0,18.7,853.7,19.2,18.5,74.1,472,2733,0,1.3,181,1.7,1.7,18.4,15.3,14.1
2026-08-07T05:49:57Z,0,0,0,1.1,0,0,19.1,853.8,19.4,18.9,73.4,460,2467,0,0,180,0,0,18.8,15.6,14.5
2026-08-07T06:05:04Z,0,0,0,1.6,0,0,18.9,853.8,19.8,19.2,70.7,559,3700,0,0.5,181,0.9,0.9,19.1,15.6,14.7
2026-08-07T06:20:27Z,0,0,0,1.8,0,0,22.3,853.9,23.1,21.7,63.6,583,4025,0,0.3,181,1.5,1.5,21.7,17,17
2026-08-07T06:35:35Z,0,0,0,1.1,0,0,19.8,854,20.6,20.3,66.8,470,2586,0,0.4,181,0.9,0.9,20.2,16.2,15.8
2026-08-07T06:50:43Z,0,0,0,1.1,0,0,19.9,853.9,20.4,20.6,65.5,459,2395,0,0.1,181,0.4,0.4,20.5,16.2,16
2026-08-07T07:05:51Z,0,0,0,0.9,0,0,20,853.9,20.3,20.2,67.9,432,2007,0,0.2,181,1.3,1.3,20.1,16.2,15.7
2026-08-07T07:20:58Z,0,0,0,1,0,0,20.3,853.9,20.6,20.4,66.4,439,2128,0,0,181,0.2,0.2,20.3,16.2,15.8
2026-08-07T07:36:06Z,0,0,0,1.3,0,0,21.6,853.7,21.6,21.4,63.1,505,2758,0,0.6,181,1.3,1.3,21.4,16.7,16.8
2026-08-07T07:51:32Z,0,0,0,1.9,0,0,21.7,853.7,21.8,22.2,57.3,618,4158,0,1.3,79,2.2,2.2,22.1,16.6,17.4
2026-08-07T08:06:39Z,0,0,0,1.9,0,0,21.7,853.5,22.1,21.8,59.2,617,4098,0,0.7,195,1.3,1.3,21.7,16.5,17
2026-08-07T08:21:48Z,0,0,0,1.9,0,0,22.7,853.4,23.4,23.2,54.4,612,3956,0,0.2,124,1.1,1.1,23.1,17.1,18.2
2026-08-07T08:36:55Z,0,0,0,1.1,0,0,21.4,853.2,22.2,21.8,57.1,463,2386,0,0.3,179,1,1,21.7,16.3,17
2026-08-07T08:52:03Z,0,0,0,1.5,0,0,22.8,853,23.2,23.2,54.4,527,3003,0,0.2,144,0.9,0.9,23.1,17.1,18.2
2026-08-07T09:07:11Z,0,0,0,3.1,0,0,23.2,852.9,23.4,23.7,53.1,838,6807,0,0.1,185,0.7,0.7,23.6,17.4,18.7
2026-08-07T09:22:40Z,0,0,0,1.4,0,0,23,852.7,23.2,23.6,51.5,512,2993,0,0.3,92,1.1,1.1,23.5,17,18.6
2026-08-07T09:37:48Z,0,0,0,4,0,0,24.2,852.5,24.6,24.7,51.1,1000,8750,0,0.3,154,0.9,0.9,24.7,17.9,19.5
2026-08-07T09:52:56Z,0,0,0,3.7,0,0,25,852.3,25.8,25.3,50.1,949,8008,0,0.5,170,1.3,1.3,25.3,18.3,20
2026-08-07T10:08:03Z,0,0,0,1.1,0,0,24.7,852.1,24.8,25.4,47.2,459,2145,0,0.3,48,1.1,1.1,25.3,17.9,20
2026-08-07T10:23:11Z,0,0,0,1.1,0,0,25.1,851.8,25.5,25.4,47.4,465,2217,0,0.2,173,0.7,0.7,25.4,18,20
2026-08-07T10:38:38Z,0,0,0,1.1,0,0,24.7,851.6,25.1,25.4,47.2,461,2371,0,0.9,164,2.2,2.2,25.3,17.9,20
2026-08-07T10:53:46Z,0,0,0,3.6,0,0,24.6,851.3,24.9,25.2,47.5,934,7900,0,1.3,72,2,2,25.1,17.7,19.8
2026-08-07T11:08:55Z,0,0,0,2,0,0,25.5,851,25.6,26,47,624,4336,0,0,139,0,0,25.9,18.4,20.5
2026-08-07T11:24:03Z,0,0,0,3.3,0,0,25,850.7,25.2,25.7,45.5,870,7184,0,1.2,156,2.2,2.2,25.6,17.9,20.2
2026-08-07T11:39:11Z,0,0,0,1.1,0,0,24.7,850.5,25.4,25.7,45.6,460,2391,0,1.4,123,2.8,2.8,25.6,17.9,20.2
2026-08-07T11:54:47Z,0,0,0,2.8,0,0,25.3,850.1,25.5,25.8,46.2,783,6246,0,0.8,157,2,2,25.8,18.1,20.4
2026-08-07T12:09:54Z,0,0,0,0.8,0,0,25,850,25.3,25.8,46.1,407,1855,0,1.1,113,2.3,2.3,25.7,18,20.3
2026-08-07T12:25:03Z,0,0,0,0.8,0,0,24.6,850,24.8,25.2,47.2,411,1891,0,0.4,183,1.3,1.3,25.1,17.7,19.9
2026-08-07T12:40:11Z,0,0,0,0.9,0,0,24.7,849.8,24.9,25.2,48.2,423,1982,0,0,145,0,0,25.1,17.9,19.8
2026-08-07T12:55:35Z,0,0,0,1,0,0,25.4,849.6,25.6,26,45.5,437,2152,0,0.9,66,1.3,1.3,26,18.2,20.5
2026-08-07T13:10:43Z,0,0,0,1.1,0,0,25.8,849.5,26.2,26.4,45.7,465,2709,0,0.2,164,0.9,0.9,26.3,18.5,20.8
2026-08-07T13:25:51Z,0,0,0,0.4,0,0,24.5,849.7,24.8,25.1,47,332,1046,0,1.1,92,2.5,2.5,25,17.6,19.8
2026-08-07T13:41:46Z,0,0,0,0.3,0,0,23.9,849.8,24.1,24.4,48.9,318,889,0,0.7,155,2,2,24.3,17.3,19.2
2026-08-07T13:56:53Z,0,0,0,0.4,0,0,23.8,849.7,23.9,24.2,49.1,328,996,0,1.2,106,2.8,2.8,24.1,17.2,19
2026-08-07T14:12:02Z,0,0,0,0.2,0,0,23.5,850,23.7,23.9,49.5,287,557,0,1.3,124,2.6,2.6,23.8,17,18.8
2026-08-07T14:27:50Z,0,0,0,0.2,0,0,23.4,850,23.6,23.7,50.3,297,649,0,0.1,79,0.6,0.6,23.6,17,18.6
2026-08-07T14:43:47Z,0,0,0,0.2,0,0,23.2,850,23.3,23.5,50.1,298,674,0,0.5,172,1.3,1.3,23.4,16.8,18.5
2026-08-07T14:58:55Z,0,0,0,0.2,0,0,23,850.1,23.2,23.4,50.6,290,588,0,1.2,57,2.4,2.4,23.2,16.7,18.3
2026-08-07T15:14:04Z,0,0,0,0.1,0,0,22.6,850.1,22.8,23,52.1,277,422,0,0.1,172,0.7,0.7,22.8,16.6,18
2026-08-07T15:29:12Z,0,0,0,0,0,0,22.4,850.2,22.5,22.7,52.7,262,277,0,0.4,142,3.3,3.3,22.6,16.4,17.8
2026-08-07T15:44:20Z,0,0,0,0,0,0,22.2,850.3,22.3,22.5,53.5,262,256,0,0.6,144,1.5,1.5,22.4,16.4,17.6
2026-08-07T15:59:44Z,0,0,0,0,0,0,22,850.4,22.1,22.3,53.5,260,253,0,0.8,161,1.7,1.7,22.2,16.2,17.4
2026-08-07T16:14:53Z,0,0,0,0,0,0,21.7,850.6,21.9,22.1,53.9,262,254,0,1.1,201,3.1,3.1,21.9,16.1,17.2
2026-08-07T16:30:02Z,0,0,0,0,0,0,21.5,850.7,21.7,21.9,54.4,260,253,0,0.4,185,1.3,1.3,21.7,15.9,17.1
2026-08-07T16:45:10Z,0,0,0,0,0,0,21.3,851,21.5,21.7,54.9,259,253,0,0.4,190,1.3,1.3,21.5,15.8,16.9
2026-08-07T17:00:19Z,0,0,0,0,0,0,21.2,851.2,21.4,21.5,55.2,259,254,0,1,144,2.4,2.4,21.4,15.7,16.8
2026-08-07T17:15:27Z,0,0,0,0,0,0,20.9,851.3,21.1,21.3,56.1,259,253,0,1,186,2.6,2.6,21.1,15.6,16.5
2026-08-07T17:30:49Z,0,0,0,0,0,0,20.5,851.5,20.7,20.9,57.2,260,252,0,1.2,182,2.6,2.6,20.7,15.5,16.2
2026-08-07T17:45:58Z,0,0,0,0,0,0,20.1,851.5,20.2,20.5,58.3,260,253,0,0.6,142,2.2,2.2,20.3,15.3,15.9
2026-08-07T18:01:29Z,0,0,0,0,0,0,19.8,851.8,20,20.2,59.3,261,253,0,1.1,177,2.8,2.8,20,15.1,15.6
2026-08-07T18:16:56Z,0,0,0,0,0,0,19.5,851.9,19.8,19.9,60,261,253,0,0.9,173,2.6,2.6,19.7,15,15.3
2026-08-07T18:32:04Z,0,0,0,0,0,0,19.3,852.2,19.4,19.7,60.8,261,253,0,0.7,153,2.2,2.2,19.5,14.8,15.1
2026-08-07T18:47:12Z,0,0,0,0,0,0,19.1,852.4,19.2,19.5,61.7,261,254,0,1.1,169,3.5,3.5,19.3,14.8,14.9
2026-08-07T19:02:21Z,0,0,0,0,0,0,18.8,852.5,19,19.3,62.9,261,253,0,0.5,163,2.4,2.4,19.1,14.7,14.7
2026-08-07T19:17:29Z,0,0,0,0,0,0,18.6,852.5,18.8,19,64,259,253,0,0.9,162,1.7,1.7,18.8,14.6,14.5
2026-08-07T19:32:54Z,0,0,0,0,0,0,18.1,852.5,18.3,18.5,65.9,259,253,0,0,141,0.4,0.4,18.4,14.4,14.1
2026-08-07T19:48:02Z,0,0,0,0,0,0,18,852.5,18.2,18.4,67.1,260,254,0,0.3,135,1.1,1.1,18.2,14.5,14
2026-08-07T20:03:10Z,0,0,0,0,0,0,17.9,852.4,18.1,18.3,67.6,261,253,0,0.2,131,0.7,0.7,18.2,14.4,13.9
2026-08-07T20:18:19Z,0,0,0,0,0,0,17.7,852.4,17.9,18.1,68.9,261,253,0,0.6,169,1.7,1.7,18,14.4,13.7
2026-08-07T20:33:26Z,0,0,0,0,0,0,17.6,852.3,17.8,18,69.8,259,254,0,0.2,159,1.1,1.1,17.8,14.4,13.6
2026-08-07T20:48:34Z,0,0,0,0,0,0,17.4,852.2,17.6,17.8,71.1,259,253,0,0.6,115,2.4,2.4,17.7,14.4,13.4
2026-08-07T21:03:56Z,0,0,0,0,0,0,17.3,852.1,17.4,17.7,72.8,259,253,0,0.2,181,0.7,0.7,17.5,14.5,13.3
2026-08-07T21:19:04Z,0,0,0,0,0,0,17.1,852.2,17.2,17.5,73.4,260,253,0,0.1,121,0.7,0.7,17.4,14.4,13.2
2026-08-07T21:34:12Z,0,0,0,0,0,0,17.1,852.3,17.2,17.5,73.4,261,253,0,0,107,0,0,17.4,14.4,13.1
2026-08-07T21:49:20Z,0,0,0,0,0,0,17,852.3,17.1,17.4,74,261,254,0,0,81,0,0,17.3,14.3,13
2026-08-07T22:05:06Z,0,0,0,0,0,0,16.7,852.1,16.9,17.2,74.8,261,254,0,0.1,98,0.4,0.4,17.1,14.2,12.8
2026-08-07T22:20:14Z,0,0,0,0,0,0,16.4,851.9,16.6,16.9,76.2,261,254,0,0.1,104,0.7,0.7,16.8,14.1,12.5
2026-08-07T22:35:22Z,0,0,0,0,0,0,16.3,851.8,16.4,16.7,77.3,260,254,0,0.3,112,0.9,0.9,16.6,14,12.3
2026-08-07T22:50:30Z,0,0,0,0,0,0,16.2,851.7,16.4,16.7,77.9,260,253,0,0,116,0,0,16.5,14.1,12.3
2026-08-07T23:06:09Z,0,0,0,0,0,0,16.2,851.6,16.4,16.6,78.2,261,254,0,0,127,0.2,0.2,16.5,14.1,12.3
2026-08-07T23:21:18Z,0,0,0,0,0,0,16.1,851.5,16.3,16.5,78.7,260,253,0,0,108,0,0,16.4,14,12.2
2026-08-07T23:36:27Z,0,0,0,0,0,0,16,851.2,16.3,16.5,79.2,261,252,0,0.1,139,0.7,0.7,16.4,14.1,12.2
2026-08-07T23:51:35Z,0,0,0,0,0,0,16,851.2,16.3,16.5,79.4,260,253,0,0.5,139,1.7,1.7,16.3,14.1,12.1
2026-08-08T00:00:41Z,0,0,0,0,0,0,15.9,851.1,16.2,16.3,79.7,259,253,0,0,139,0,0,16.2,14,12
2026-08-08T00:16:02Z,0,0,0,0,0,0,15.5,851,15.9,16,80.9,260,253,0,0,139,0,0,15.9,13.8,11.7
2026-08-08T00:31:10Z,0,0,0,0,0,0,15.3,851,15.7,15.8,81.9,260,253,0,0,119,0,0,15.7,13.7,11.5
2026-08-08T00:46:18Z,0,0,0,0,0,0,15.2,850.9,15.5,15.7,82.6,259,254,0,0,119,0,0,15.6,13.7,11.4
2026-08-08T01:01:27Z,0,0,0,0,0,0,15,850.8,15.3,15.5,83.4,260,253,0,0,119,0,0,15.4,13.6,11.2
2026-08-08T01:16:35Z,0,0,0,0,0,0,14.6,851.1,15,15.1,85,260,252,0,0,138,0,0,15,13.4,10.8
2026-08-08T01:32:03Z,0,0,0,0,0,0,14.5,851.2,14.8,15,85.9,259,254,0,0,138,0.2,0.2,14.9,13.4,10.7
2026-08-08T01:47:11Z,0,0,0,0,0,0,14.6,851.4,14.9,15.1,85.9,260,253,0,0,138,0,0,15,13.4,10.8
2026-08-08T02:02:19Z,0,0,0,0,0,0,14.7,851.4,15.1,15.1,85.8,260,252,0,0,138,0.2,0.2,15,13.5,10.9
2026-08-08T02:17:27Z,0,0,0,0,0,0,14.8,851.6,15.1,15.2,85.7,260,254,0,0,138,0,0,15.1,13.6,10.9
2026-08-08T02:32:35Z,0,0,0,0,0,0,14.8,851.8,15.1,15.2,85.5,260,252,0,0.5,138,1,1,15.1,13.5,10.9
2026-08-08T02:47:44Z,0,0,0,0,0,0,14.8,851.8,15.1,15.3,85.3,262,253,0,0,138,0,0,15.2,13.6,11
2026-08-08T03:03:07Z,0,0,0,0,0,0,14.9,851.9,15.2,15.3,85.5,261,253,0,0,138,0,0,15.3,13.7,11.1
2026-08-08T03:18:16Z,0,0,0,0,0,0,14.9,852.1,15.2,15.3,85.4,260,254,0,0,138,0,0,15.3,13.7,11.1
2026-08-08T03:33:24Z,0,0,0,0,0,0,15,852.2,15.2,15.4,85.8,261,257,0,0,138,0,0,15.3,13.8,11.1
2026-08-08T03:48:33Z,0,0,0,0,0,0,15,852.4,15.3,15.4,85.5,265,280,0,0,138,0,0,15.3,13.7,11.1
2026-08-08T04:03:41Z,0,0,0,0.1,0,0,15,852.5,15.3,15.4,85.6,271,368,0,0,138,0,0,15.4,13.8,11.2
2026-08-08T04:18:49Z,0,0,0,0.1,0,0,15.2,852.7,15.5,15.6,85.4,280,482,0,0,138,0,0,15.5,13.9,11.3
2026-08-08T04:34:10Z,0,0,0,0.2,0,0,15.5,852.8,15.8,15.9,84.3,286,552,0,0,138,0,0,15.8,14,11.6
2026-08-08T04:50:56Z,0,0,0,0.2,0,0,15.6,853.1,16,16.1,83.6,296,637,0,0,138,0.2,0.2,16,14.2,11.8
2026-08-08T05:06:20Z,0,0,0,0.3,0,0,16,853.5,16.2,16.3,83,306,761,0,0,137,0,0,16.3,14.3,12.1
2026-08-08T05:21:28Z,0,0,0,0.4,0,0,16.3,853.8,16.5,16.6,81,324,965,0,0,136,0.2,0.2,16.5,14.4,12.3
2026-08-08T05:36:36Z,0,0,0,0.5,0,0,16.5,853.8,16.8,16.9,80,356,1344,0,0,137,0,0,16.8,14.5,12.6
2026-08-08T05:51:44Z,0,0,0,0.8,0,0,17.3,853.9,17.6,17.6,77.3,398,1815,0,1,186,1.7,1.7,17.6,14.9,13.3
2026-08-08T06:06:52Z,0,0,0,1,0,0,17.8,853.9,18,17.9,75.7,440,2274,0,0.1,190,0.7,0.7,17.9,15,13.6
2026-08-08T06:22:01Z,0,0,0,1.4,0,0,18.4,853.9,18.8,18.8,71.9,522,3231,0,0.8,189,2.1,2.1,18.7,15.4,14.4
2026-08-08T06:37:23Z,0,0,0,1.1,0,0,18.9,854,19.3,19.1,70.8,472,2607,0,1.1,189,2,2,19,15.5,14.6
2026-08-08T06:52:32Z,0,0,0,1.4,0,0,18.9,853.9,19.2,19,71.9,514,3061,0,0.4,189,0.9,0.9,18.9,15.6,14.6
2026-08-08T07:07:40Z,0,0,0,1.1,0,0,19.4,853.9,19.9,19.9,66.6,468,2545,0,0.3,189,1.5,1.5,19.8,15.8,15.4
2026-08-08T07:22:48Z,0,0,0,0.6,0,0,19,853.9,19.5,19.5,67.9,360,1372,0,0.4,189,1.3,1.3,19.4,15.5,15
2026-08-08T07:38:35Z,0,0,0,0.4,0,0,18.8,854,19.1,19.1,69,328,1006,0,0.1,189,0.4,0.4,18.9,15.3,14.6
2026-08-08T07:53:43Z,0,0,0,0.6,0,0,19.2,853.8,19.4,19.5,69.7,369,1449,0,0.1,190,0.4,0.4,19.4,15.7,15
2026-08-08T08:09:36Z,0,0,0,0.7,0,0,19.2,853.8,19.6,19.7,67.3,383,1612,0,0.4,190,1.1,1.1,19.6,15.7,15.2
2026-08-08T08:25:35Z,0,0,0,0.8,0,0,19.7,853.9,20.1,20.2,66.4,398,1789,0,0.4,190,2,2,20.1,16,15.6
2026-08-08T08:40:43Z,0,0,0,1,0,0,19.4,853.7,19.7,19.9,66.7,445,2315,0,0.3,189,0.9,0.9,19.8,15.7,15.3
2026-08-08T08:56:37Z,0,0,0,1.6,0,0,20.4,853.4,20.7,20.8,61.8,553,3495,0,0.1,189,0.4,0.4,20.7,16,16.1
2026-08-08T09:11:45Z,0,0,0,1.3,0,0,21.2,853.2,21.4,21,61.4,499,2893,0,0.9,189,1.3,1.3,20.9,16.1,16.4
2026-08-08T09:26:53Z,0,0,0,1.6,0,0,20.7,853,21,20.9,61.7,552,3495,0,0.8,168,1.5,1.5,20.8,16,16.2
2026-08-08T09:42:01Z,0,0,0,1.3,0,0,20.9,852.7,21.2,21.2,61,501,2905,0,0,197,0.4,0.4,21,16.2,16.5
2026-08-08T09:57:08Z,0,0,0,1.4,0,0,21.2,852.5,21.7,21.7,59.1,526,3195,0,0,211,0.2,0.2,21.6,16.4,17
2026-08-08T10:12:35Z,0,0,0,1.4,0,0,22.1,852.2,22.6,22.6,56,526,3198,0,0.1,167,0.7,0.7,22.5,16.8,17.7
2026-08-08T10:27:43Z,0,0,0,1.6,0,0,21.9,852,22.4,22.5,56.3,551,3465,0,0.3,151,1.3,1.3,22.4,16.8,17.7
2026-08-08T10:42:51Z,0,0,0,1.5,0,0,22.2,851.7,22.8,22.6,55.4,527,3173,0,0.6,144,1.7,1.7,22.5,16.7,17.7
2026-08-08T10:57:59Z,0,0,0,1.4,0,0,22.5,851.4,23,23.3,54.6,519,2947,0,0.4,167,1.5,1.5,23.2,17.2,18.3
2026-08-08T11:13:07Z,0,0,0,1.1,0,0,22.7,851.1,23.2,23.2,53.6,470,2484,0,0.4,159,1.5,1.5,23.1,17,18.2
2026-08-08T11:28:15Z,0,0,0,3.1,0,0,23.4,851,24,23.9,53.8,840,6805,0,0.1,184,0.7,0.7,23.9,17.6,18.8
2026-08-08T11:43:39Z,0,0,0,1.3,0,0,24,850.7,24.5,24.2,50.6,494,2590,0,0.9,235,2,2,24.1,17.4,19
2026-08-08T11:58:45Z,0,0,0,0.9,0,0,22.9,850.5,23.4,23.6,51.9,422,1944,0,0.5,129,1.3,1.3,23.5,17.1,18.5
2026-08-08T12:13:45Z,0,0,0,1.1,0,0,23.2,850.2,23.6,23.7,51.9,470,2238,0,0.3,184,1.1,1.1,23.6,17.1,18.6
2026-08-08T12:28:52Z,0,0,0,0.9,0,0,25.5,850.1,25.7,26.5,45.6,435,2106,0,0.6,149,2,2,26.5,18.6,20.9
2026-08-08T12:44:00Z,0,0,0,1.9,0,0,23.1,850,23.3,23.9,51,616,4401,0,1.1,74,2,2,23.8,17.2,18.8
2026-08-08T12:59:48Z,0,0,0,0.5,0,0,23.8,850,24.4,24.6,49.3,354,1313,0,0.8,173,2,2,24.6,17.6,19.4
2026-08-08T13:14:56Z,0,0,0,0.4,0,0,22.8,850.1,23.1,23.3,53.7,336,1100,0,0,146,0.2,0.2,23.2,17.1,18.3
2026-08-08T13:30:03Z,0,0,0,0.5,0,0,22.7,850.1,22.9,23.2,54.5,346,1208,0,0,85,0.2,0.2,23.1,17.1,18.2
2026-08-08T13:45:12Z,0,0,0,0.5,0,0,22.3,850.2,22.4,22.8,55.7,347,1203,0,0.7,86,1.5,1.5,22.7,16.9,17.9
2026-08-08T14:00:20Z,0,0,0,0.3,0,0,22.1,850.4,22.2,22.6,55.3,323,955,0,1.4,69,2.8,2.8,22.4,16.7,17.7
2026-08-08T14:15:46Z,0,0,0,0.4,0,0,22.3,850.5,22.4,22.7,54.8,338,1129,0,1.1,73,2,2,22.6,16.7,17.8
2026-08-08T14:30:54Z,0,0,0,0.4,0,0,22.1,850.6,22.2,22.6,55,335,1086,0,0.9,72,1.7,1.7,22.5,16.7,17.7
2026-08-08T14:46:02Z,0,0,0,0.3,0,0,22.1,850.7,22.3,22.7,55,306,727,0,0.4,114,1.5,1.5,22.6,16.7,17.8
2026-08-08T15:01:10Z,0,0,0,0.2,0,0,21.5,850.8,21.8,22,56.1,293,571,0,0.5,151,2.2,2.2,21.8,16.2,17.1
2026-08-08T15:16:19Z,0,0,0,0.1,0,0,21.2,850.8,21.4,21.6,57.8,277,434,0,0.2,143,0.4,0.4,21.5,16.2,16.9
2026-08-08T15:31:27Z,0,0,0,0,0,0,21.1,851,21.3,21.4,58.5,264,291,0,0.2,128,1.3,1.3,21.3,16.1,16.7
2026-08-08T15:46:49Z,0,0,0,0,0,0,20.9,851.1,21.1,21.3,58.8,261,259,0,1,84,1.5,1.5,21.2,16,16.6
2026-08-08T16:01:57Z,0,0,0,0,0,0,20.7,851.3,20.8,21.1,59.6,259,254,0,0.2,69,1.3,1.3,20.9,15.9,16.4
2026-08-08T16:17:04Z,0,0,0,0,0,0,20.5,851.5,20.6,20.8,61.5,259,254,0,0,88,0,0,20.7,15.9,16.2
2026-08-08T16:32:13Z,0,0,0,0,0,0,20,851.5,20.1,20.3,65.4,261,253,0,0,14,0,0,20.2,16,15.7
2026-08-08T16:47:21Z,0,0,0,0,0,0,19.6,851.6,19.7,19.9,67.1,260,253,0,0,36,0,0,19.8,15.8,15.4
2026-08-08T17:02:29Z,0,0,0,0,0,0,19.3,851.7,19.4,19.6,68.2,260,253,0,0.3,328,0.9,0.9,19.5,15.7,15.1
2026-08-08T17:17:52Z,0,0,0,0,0,0,19,851.8,19.1,19.4,69.4,259,254,0,0,65,0,0,19.3,15.7,14.9
2026-08-08T17:32:59Z,0,0,0,0,0,0,18.8,852,18.9,19.2,70.8,260,254,0,0,77,0,0,19.1,15.6,14.7
2026-08-08T17:48:08Z,0,0,0,0,0,0,18.5,851.9,18.6,18.8,72.1,261,253,0,0,77,0,0,18.7,15.4,14.4
2026-08-08T18:03:16Z,0,0,0,0,0,0,18.1,852,18.1,18.4,73.9,260,255,0,0,77,0,0,18.3,15.3,14
2026-08-08T18:18:25Z,0,0,0,0,0,0,17.5,852.2,17.6,17.9,76.2,260,252,0,0,77,0,0,17.8,15,13.5
2026-08-08T18:33:33Z,0,0,0,0,0,0,17.2,852.3,17.3,17.5,78.3,260,253,0,0,77,0,0,17.4,14.9,13.2
2026-08-08T18:48:57Z,0,0,0,0,0,0,17.1,852.4,17.3,17.5,77.9,260,253,0,0,77,0,0,17.4,14.8,13.1
2026-08-08T19:04:06Z,0,0,0,0,0,0,17.2,852.7,17.4,17.6,77.2,261,254,0,0,77,0,0,17.5,14.9,13.3
2026-08-08T19:19:14Z,0,0,0,0,0,0,17,852.6,17.2,17.4,76.3,259,253,0,0.1,77,0.4,0.4,17.3,14.6,13.1
2026-08-08T19:34:23Z,0,0,0,0,0,0,17.1,852.7,17.3,17.5,74.9,260,253,0,0,77,0,0,17.4,14.5,13.2
2026-08-08T19:49:32Z,0,0,0,0,0,0,17.8,852.7,17.9,18.1,71.5,259,252,0,0,77,0.2,0.2,17.9,14.6,13.7
2026-08-08T20:05:06Z,0,0,0,0,0,0,18.5,852.7,18.6,18.8,70.2,260,254,0,0.5,175,1.7,1.7,18.7,15.2,14.4
2026-08-08T20:20:14Z,0,0,0,0,0,0,18.3,852.8,18.6,18.7,71,260,253,0,1.1,179,2.8,2.8,18.6,15.2,14.3
2026-08-08T20:35:23Z,0,0,0,0,0,0,17.9,852.6,18.1,18.4,74.5,260,254,0,0.1,178,0.4,0.4,18.3,15.3,14
2026-08-08T20:50:31Z,0,0,0,0,0,0,17.5,852.5,17.7,17.9,77.6,261,253,0,0.9,111,1.7,1.7,17.9,15.3,13.6
2026-08-08T21:05:40Z,0,0,0,0,0,0,17.3,852.6,17.4,17.7,80.1,261,253,0,0,176,0.2,0.2,17.7,15.3,13.4
2026-08-08T21:21:04Z,0,0,0,0,0,0,17.2,852.3,17.3,17.5,81.5,260,253,0,0.5,186,1.7,1.7,17.5,15.4,13.3
2026-08-08T21:36:12Z,0,0,0,0,0,0,17,852.2,17.1,17.4,82.5,261,254,0,1,179,2,2,17.4,15.3,13.2
2026-08-08T21:51:20Z,0,0,0,0,0,0,17,852.1,17.1,17.4,82.9,260,254,0,0,136,0,0,17.4,15.4,13.2
2026-08-08T22:06:28Z,0,0,0,0,0,0,17,852,17.2,17.4,83.2,260,254,0,0,200,0,0,17.4,15.4,13.1
2026-08-08T22:21:37Z,0,0,0,0,0,0,16.9,851.9,17.1,17.3,84,260,254,0,0.2,119,0.7,0.7,17.3,15.4,13.1
2026-08-08T22:37:00Z,0,0,0,0,0,0,16.6,851.8,16.8,17,84.1,260,254,0,0.3,101,1.1,1.1,17,15.2,12.8
2026-08-08T22:52:08Z,0,0,0,0,0,0,16.5,851.6,16.6,16.9,84.5,260,253,0,0.1,193,0.5,0.5,16.9,15.1,12.7
2026-08-08T23:07:16Z,0,0,0,0,0,0,16.4,851.4,16.6,16.9,84.8,261,253,0,0.1,193,0.7,0.7,16.8,15.1,12.6
2026-08-08T23:23:07Z,0,0,0,0,0,0,16.3,851.3,16.4,16.7,84.6,259,254,0,0.1,193,1.1,1.1,16.7,14.9,12.5
2026-08-08T23:38:15Z,0,0,0,0,0,0,16.3,851.2,16.5,16.7,84.7,261,254,0,0.2,109,0.7,0.7,16.7,14.9,12.5
2026-08-08T23:53:23Z,0,0,0,0,0,0,16.2,851.1,16.3,16.6,84.7,259,254,0,0.1,183,0.7,0.7,16.6,14.8,12.4
2026-08-09T00:00:27Z,0,0,0,0,0,0,16.1,851,16.3,16.6,85,261,252,0,0.2,172,0.7,0.7,16.5,14.8,12.3
2026-08-09T00:15:35Z,0,0,0,0,0,0,15.9,851,16.2,16.3,85.9,261,254,0,0.9,200,1.7,1.7,16.3,14.7,12.1
2026-08-09T00:30:42Z,0,0,0,0,0,0,15.7,851.1,16.1,16.1,86.4,260,252,0,0.4,191,2.2,2.2,16.1,14.6,11.9
2026-08-09T00:46:09Z,0,0,0,0,0,0,15.7,851,16.1,16.1,85.9,261,254,0,0.9,173,1.7,1.7,16.1,14.5,11.9
2026-08-09T01:01:18Z,0,0,0,0,0,0,15.5,851.1,15.9,15.9,86.1,261,252,0,0.2,104,0.9,0.9,15.9,14.3,11.7
2026-08-09T01:16:25Z,0,0,0,0,0,0,15.4,851,15.7,15.9,86.9,260,253,0,0.2,126,1.1,1.1,15.8,14.3,11.6
2026-08-09T01:31:34Z,0,0,0,0,0,0,15.4,851,15.8,15.8,87.3,261,254,0,0.8,175,1.5,1.5,15.8,14.3,11.6
2026-08-09T01:46:42Z,0,0,0,0,0,0,15.4,851.1,15.8,15.8,87.3,261,254,0,0.8,190,2.6,2.6,15.8,14.4,11.6
2026-08-09T02:01:50Z,0,0,0,0,0,0,15.5,851,15.9,16,87,260,253,0,0.2,192,0.7,0.7,15.9,14.5,11.7
2026-08-09T02:17:13Z,0,0,0,0,0,0,15.4,851.2,15.8,15.9,87.4,260,254,0,0.9,160,1.7,1.7,15.8,14.4,11.6
2026-08-09T02:32:21Z,0,0,0,0,0,0,15.3,851.3,15.7,15.7,88.1,260,254,0,0.8,156,2,2,15.7,14.3,11.5
2026-08-09T02:47:29Z,0,0,0,0,0,0,15.2,851.4,15.6,15.6,88.3,260,254,0,0.1,136,0.7,0.7,15.6,14.3,11.4
2026-08-09T03:02:37Z,0,0,0,0,0,0,15.1,851.5,15.4,15.5,88.8,261,253,0,0.2,211,0.7,0.7,15.5,14.2,11.3
2026-08-09T03:17:45Z,0,0,0,0,0,0,15,851.5,15.3,15.4,88.9,260,255,0,0.2,211,1.1,1.1,15.4,14.2,11.2
2026-08-09T03:32:53Z,0,0,0,0,0,0,14.9,851.6,15.2,15.3,89.3,262,270,0,0,210,0,0,15.3,14.1,11.1
2026-08-09T03:48:16Z,0,0,0,0.1,0,0,14.9,851.8,15.2,15.3,89.5,269,340,0,0,118,0,0,15.3,14.1,11.1
2026-08-09T04:03:38Z,0,0,0,0.1,0,0,15,852.3,15.3,15.4,89.2,276,427,0,0.1,165,0.2,0.2,15.4,14.2,11.2
2026-08-09T04:18:46Z,0,0,0,0.2,0,0,15.1,852.4,15.5,15.6,88.8,299,782,0,0,165,0.2,0.2,15.5,14.3,11.3
2026-08-09T04:33:54Z,0,0,0,0.2,0,0,15.5,852.5,15.8,15.9,87.9,297,660,0,0,165,0,0,15.9,14.5,11.7
2026-08-09T04:49:02Z,0,0,0,0.2,0,0,15.6,852.7,15.9,16,87.2,294,623,0,0,164,0.2,0.2,16,14.5,11.8
2026-08-09T05:04:10Z,0,0,0,0.2,0,0,15.7,853,16.1,16.1,86.8,296,652,0,0.2,164,1.3,1.3,16.1,14.6,11.9
2026-08-09T05:19:43Z,0,0,0,0.3,0,0,15.8,853.1,16.1,16.2,86.6,307,766,0,0,165,0,0,16.2,14.7,12
2026-08-09T05:34:50Z,0,0,0,0.2,0,0,15.8,853.3,16.2,16.3,85.9,286,532,0,0,165,0,0,16.2,14.6,12
2026-08-09T05:49:58Z,0,0,0,0.1,0,0,15.8,853.5,16.1,16.1,88.6,281,463,0,0,165,0,0,16.1,14.7,11.9
2026-08-09T06:05:06Z,0,0,0,0.2,0,0,15.5,853.8,15.8,15.7,90.2,292,606,0,0,165,0,0,15.7,14.6,11.5
2026-08-09T06:20:15Z,0,0,0,0.4,0,0,15.6,853.9,15.8,15.9,91.4,327,996,0,0,165,0,0,15.9,14.9,11.7
2026-08-09T06:35:44Z,0,0,0,0.6,0,0,16.1,853.9,16.2,16.4,90.8,360,1375,0,0,165,0,0,16.4,15.3,12.2
2026-08-09T06:50:52Z,0,0,0,0.6,0,0,16.6,853.9,16.6,17,88.1,379,1570,0,0.2,164,0.7,0.7,17,15.6,12.8
2026-08-09T07:05:52Z,0,0,0,0.7,0,0,17,853.8,17.1,17.5,85.5,394,1751,0,0,165,0.2,0.2,17.5,15.8,13.3
2026-08-09T07:21:50Z,0,0,0,1,0,0,17.6,853.8,17.6,18.1,81.7,442,2276,0,0,164,0,0,18.1,15.9,13.8
2026-08-09T07:36:58Z,0,0,0,1.6,0,0,18.4,853.7,18.4,18.8,79.7,548,3401,0,0,164,0.4,0.4,18.8,16.4,14.5
2026-08-09T07:52:06Z,0,0,0,1.8,0,0,19.4,853.6,19.9,20,72.2,591,3868,0,0.4,164,1.5,1.5,19.9,16.5,15.5
2026-08-09T08:07:15Z,0,0,0,0.8,0,0,19.5,853.4,20.1,20.2,69,413,1931,0,0.5,166,1.3,1.3,20.1,16.3,15.7
2026-08-09T08:22:23Z,0,0,0,0.6,0,0,19,853.3,19.4,19.5,70.9,362,1383,0,0.2,175,1.5,1.5,19.4,15.9,15
2026-08-09T08:37:48Z,0,0,0,1,0,0,19.3,853.1,19.6,19.6,70.7,449,2329,0,0,250,0,0,19.6,16,15.2
2026-08-09T08:52:57Z,0,0,0,1.5,0,0,20.1,852.9,20.4,20.6,67,545,3357,0,0,196,0,0,20.6,16.5,16.1
2026-08-09T09:08:57Z,0,0,0,1.4,0,0,20.8,852.6,20.9,20.7,63.6,513,3006,0,0.8,245,1.3,1.3,20.6,16.1,16.1
2026-08-09T09:24:04Z,0,0,0,1.2,0,0,20.4,852.4,20.6,20.4,65.3,485,2719,0,0,263,0.4,0.4,20.3,16.1,15.9
2026-08-09T09:39:12Z,0,0,0,1.9,0,0,20.9,852.1,21.3,21.5,61.7,607,4029,0,0.1,163,0.4,0.4,21.4,16.6,16.8
2026-08-09T09:54:20Z,0,0,0,1.9,0,0,21.6,851.8,22.1,22.1,59,607,4053,0,0.3,212,0.9,0.9,22,16.8,17.3
2026-08-09T10:09:28Z,0,0,0,1.7,0,0,21.9,851.6,22.4,22.1,60.3,568,3596,0,0.1,205,0.7,0.7,22,16.9,17.3
2026-08-09T10:24:53Z,0,0,0,1,0,0,21.9,851.5,22,22,58.3,436,2160,0,0.2,28,0.7,0.7,21.9,16.6,17.3
2026-08-09T10:40:01Z,0,0,0,0.8,0,0,21.9,851.3,22,22.3,58.4,401,1783,0,0,32,0,0,22.2,16.8,17.5
2026-08-09T10:55:09Z,0,0,0,0.7,0,0,21.7,851.2,22.1,22,57.9,391,1693,0,0,31,0,0,21.9,16.5,17.2
2026-08-09T11:10:17Z,0,0,0,0.8,0,0,21.5,851,21.6,22,57.3,401,1799,0,2.2,72,2.8,2.8,21.9,16.5,17.2
2026-08-09T11:25:25Z,0,0,0,1.1,0,0,22.4,850.8,22.5,22.8,56.5,470,2543,0,0,39,0.4,0.4,22.7,17.1,17.9
2026-08-09T11:40:33Z,0,0,0,1.7,0,0,22.8,850.6,23.2,23.5,54.2,580,3750,0,0,141,0,0,23.4,17.3,18.5
2026-08-09T11:56:01Z,0,0,0,1.8,0,0,22.5,850.5,23,23.1,54.2,587,3819,0,0.1,205,0.7,0.7,23,17,18.2
2026-08-09T12:11:09Z,0,0,0,1.4,0,0,22.9,850.3,22.9,23.6,51.1,524,3155,0,1.1,62,2,2,23.4,16.9,18.5
2026-08-09T12:26:17Z,0,0,0,1.3,0,0,23.4,850.1,23.8,24,52.3,493,2782,0,0.4,158,1.7,1.7,24,17.5,18.9
2026-08-09T12:42:04Z,0,0,0,1.2,0,0,22.9,850.1,23.3,23.6,52.1,486,2687,0,0.5,90,1.3,1.3,23.5,17.1,18.5
2026-08-09T12:57:12Z,0,0,0,0.9,0,0,23.5,849.9,24.1,24.5,49.8,426,2041,0,0.1,114,0.7,0.7,24.4,17.5,19.3
2026-08-09T13:12:21Z,0,0,0,1.3,0,0,23.5,849.9,24,24.1,51.1,504,2981,0,1,175,1.7,1.7,24.1,17.4,19
2026-08-09T13:27:28Z,0,0,0,0.6,0,0,23.2,850,23.5,23.8,50.4,379,1535,0,0,133,0.4,0.4,23.7,17.1,18.7
2026-08-09T13:42:37Z,0,0,0,0.6,0,0,22.8,850.1,23.2,23.3,51.1,365,1411,0,0,176,0.2,0.2,23.2,16.7,18.3
2026-08-09T13:58:00Z,0,0,0,0.5,0,0,22.5,850.2,22.7,23,52.8,349,1275,0,0.3,112,1.1,1.1,22.9,16.7,18
2026-08-09T14:13:08Z,0,0,0,0.4,0,0,22.9,850.2,23.2,23.5,51.9,324,979,0,0,167,0.2,0.2,23.4,17,18.5
2026-08-09T14:28:16Z,0,0,0,0.3,0,0,22.7,850.3,23,23.3,51.5,312,880,0,0.2,167,0.9,0.9,23.2,16.8,18.3
2026-08-09T14:44:09Z,0,0,0,0.2,0,0,22.6,850.4,22.9,23.2,51.6,294,594,0,0.1,177,0.4,0.4,23.1,16.7,18.2
2026-08-09T14:59:17Z,0,0,0,0.2,0,0,22.1,850.4,22.4,22.6,53.5,285,520,0,0,177,0,0,22.4,16.4,17.7
2026-08-09T15:14:25Z,0,0,0,0.1,0,0,21.7,850.4,21.9,22.1,54.7,277,400,0,0.3,108,1,1,21.9,16.2,17.3
2026-08-09T15:29:33Z,0,0,0,0.1,0,0,21.2,850.6,21.4,21.6,56.2,266,315,0,0.2,91,0.9,0.9,21.5,15.9,16.8
2026-08-09T15:44:41Z,0,0,0,0,0,0,20.7,850.7,20.9,21.1,57.8,260,267,0,0,71,0.2,0.2,20.9,15.7,16.4
2026-08-09T16:00:05Z,0,0,0,0,0,0,20.2,850.7,20.3,20.6,59.5,259,254,0,0,101,0,0,20.4,15.5,15.9
2026-08-09T16:15:13Z,0,0,0,0,0,0,19.7,850.8,19.9,20.1,60.6,261,253,0,0,102,0,0,19.9,15.2,15.5
2026-08-09T16:30:13Z,0,0,0,0,0,0,19.4,850.9,19.5,19.7,62.5,261,253,0,0.2,137,0.9,0.9,19.5,15.1,15.1
2026-08-09T16:45:21Z,0,0,0,0,0,0,19.2,850.9,19.4,19.5,61.7,259,254,0,0,141,0,0,19.4,14.8,15
2026-08-09T17:00:29Z,0,0,0,0,0,0,18.8,850.9,18.9,19,63.3,259,253,0,0,141,0,0,18.8,14.6,14.5
2026-08-09T17:15:37Z,0,0,0,0,0,0,18.2,851.1,18.4,18.6,65,260,254,0,0,141,0,0,18.4,14.4,14.1
2026-08-09T17:30:45Z,0,0,0,0,0,0,18.2,851.4,18.5,18.7,65.4,260,253,0,0,141,0,0,18.5,14.5,14.2
2026-08-09T17:46:08Z,0,0,0,0,0,0,18.1,851.5,18.3,18.5,67.8,260,254,0,0,141,0,0,18.3,14.6,14
2026-08-09T18:01:15Z,0,0,0,0,0,0,18,851.4,18.1,18.3,67.6,260,254,0,0,141,0,0,18.2,14.4,13.9
2026-08-09T18:16:23Z,0,0,0,0,0,0,17.7,851.6,17.8,18,69.9,260,253,0,0,141,0,0,17.8,14.4,13.6
2026-08-09T18:31:31Z,0,0,0,0,0,0,17.4,851.8,17.5,17.7,71.7,260,253,0,0,141,0,0,17.5,14.3,13.3
2026-08-09T18:46:39Z,0,0,0,0,0,0,17.1,851.8,17.2,17.5,71.9,260,253,0,0,141,0,0,17.4,14.2,13.1
2026-08-09T19:01:46Z,0,0,0,0,0,0,17,852,17.1,17.4,73.1,259,253,0,0,141,0,0,17.2,14.2,13
2026-08-09T19:17:13Z,0,0,0,0,0,0,17.1,851.9,17.4,17.6,71,258,253,0,0,141,0,0,17.4,14.1,13.2
2026-08-09T19:32:20Z,0,0,0,0,0,0,17.9,851.9,18.2,18.2,67.2,260,253,0,0,134,0,0,18,14.3,13.7
2026-08-09T19:47:28Z,0,0,0,0,0,0,18.4,851.9,18.5,18.7,64.2,260,253,0,0,140,0,0,18.5,14.3,14.2
2026-08-09T20:02:36Z,0,0,0,0,0,0,18.2,852,18.4,18.5,63.5,259,253,0,0.5,124,2,2,18.3,14.1,14
2026-08-09T20:17:44Z,0,0,0,0,0,0,18.1,851.9,18.2,18.4,64.1,262,254,0,0.4,196,1.3,1.3,18.2,14.1,13.9
2026-08-09T20:33:09Z,0,0,0,0,0,0,17.9,851.8,18.1,18.3,64.7,260,253,0,0,145,0.2,0.2,18,14,13.8
2026-08-09T20:48:17Z,0,0,0,0,0,0,17.7,851.8,17.9,18,65.7,261,254,0,0.5,181,1.4,1.4,17.8,13.9,13.6
2026-08-09T21:03:25Z,0,0,0,0,0,0,17.6,851.7,17.8,18,66.2,260,254,0,0.9,187,2,2,17.7,13.9,13.5
2026-08-09T21:18:33Z,0,0,0,0,0,0,17.3,851.6,17.4,17.6,67.4,260,254,0,0,182,0.4,0.4,17.4,13.8,13.2
2026-08-09T21:33:41Z,0,0,0,0,0,0,16.7,851.6,16.9,17.1,69.2,259,254,0,0,180,0,0,16.9,13.5,12.7
2026-08-09T21:48:49Z,0,0,0,0,0,0,16.1,851.5,16.2,16.5,71.5,260,253,0,0,180,0,0,16.3,13.2,12.1
2026-08-09T22:04:11Z,0,0,0,0,0,0,15.5,851.3,15.8,15.9,74,261,254,0,0,180,0,0,15.7,12.9,11.5
2026-08-09T22:19:20Z,0,0,0,0,0,0,15,851.2,15.3,15.4,77.6,260,254,0,0.1,181,0.4,0.4,15.2,12.8,11
2026-08-09T22:34:28Z,0,0,0,0,0,0,14.6,851.2,14.9,15,80,260,253,0,0,180,0,0,14.8,12.7,10.6
2026-08-09T22:49:36Z,0,0,0,0,0,0,14.1,850.9,14.3,14.4,82.4,261,253,0,0,180,0,0,14.2,12.4,10
2026-08-09T23:04:44Z,0,0,0,0,0,0,13.7,850.9,13.9,14,84.9,262,253,0,0,180,0,0,13.9,12.3,9.7
2026-08-09T23:19:52Z,0,0,0,0,0,0,13.3,850.8,13.6,13.7,86.1,260,253,0,0,180,0,0,13.6,12.2,9.3
2026-08-09T23:35:14Z,0,0,0,0,0,0,13.5,850.7,13.8,13.9,87.8,259,254,0,0,180,0,0,13.8,12.6,9.6
2026-08-09T23:50:22Z,0,0,0,0,0,0,14.1,850.7,14.4,14.5,88.6,261,252,0,0,138,0.2,0.2,14.4,13.2,10.2
2026-08-10T00:00:27Z,0,0,0,0,0,0,14.5,850.7,14.8,14.9,88,262,253,0,0,138,0.2,0.2,14.8,13.5,10.6
2026-08-10T00:15:35Z,0,0,0,0,0,0,14.6,850.9,14.9,15,87.6,260,253,0,0.5,165,1.7,1.7,15,13.6,10.8
2026-08-10T00:30:43Z,0,0,0,0,0,0,14.6,850.8,14.9,15,87.5,261,253,0,0.2,126,1.1,1.1,15,13.6,10.8
2026-08-10T00:45:51Z,0,0,0,0,0,0,14.5,851,14.9,15,87.5,258,253,0,0,169,0,0,14.9,13.5,10.7
2026-08-10T01:00:59Z,0,0,0,0,0,0,14.4,851.1,14.8,14.9,87.2,260,253,0,0.5,140,1.3,1.3,14.8,13.4,10.6
2026-08-10T01:16:23Z,0,0,0,0,0,0,14.4,851.3,14.6,14.8,87.4,260,254,0,1,85,1.5,1.5,14.7,13.4,10.5
2026-08-10T01:31:31Z,0,0,0,0,0,0,14.4,851.3,14.8,14.9,87.6,259,252,0,0.4,109,1,1,14.8,13.4,10.6
2026-08-10T01:46:39Z,0,0,0,0,0,0,14.5,851.5,14.8,14.9,87.5,261,252,0,0,108,0,0,14.8,13.5,10.6
2026-08-10T02:01:48Z,0,0,0,0,0,0,14.4,851.5,14.7,14.8,87.6,260,253,0,0.1,128,0.2,0.2,14.7,13.4,10.5
2026-08-10T02:16:56Z,0,0,0,0,0,0,14.3,851.7,14.6,14.7,88.3,259,253,0,0.2,128,0.7,0.7,14.6,13.3,10.4
2026-08-10T02:32:05Z,0,0,0,0,0,0,14.1,851.8,14.4,14.6,87.7,260,253,0,0,128,0,0,14.5,13.2,10.3
2026-08-10T02:47:18Z,0,0,0,0,0,0,14.1,851.9,14.4,14.6,88.6,260,251,0,0.1,128,0.7,0.7,14.5,13.2,10.3
2026-08-10T03:02:42Z,0,0,0,0,0,0,14.1,851.9,14.4,14.6,88.8,261,252,0,0,128,0,0,14.5,13.3,10.3
2026-08-10T03:17:51Z,0,0,0,0,0,0,14,851.9,14.3,14.5,89,260,256,0,0,151,0,0,14.4,13.2,10.2
2026-08-10T03:32:59Z,0,0,0,0,0,0,14,852,14.2,14.4,89.7,263,282,0,0.3,151,0.7,0.7,14.3,13.2,10.1
2026-08-10T03:48:08Z,0,0,0,0.1,0,0,13.8,852.2,14.1,14.2,89.4,273,394,0,0,151,0,0,14.1,13,9.9
2026-08-10T04:03:16Z,0,0,0,0.1,0,0,13.3,852.4,13.5,13.8,89.6,276,432,0,0,151,0,0,13.6,12.6,9.4
2026-08-10T04:18:25Z,0,0,0,0.2,0,0,13.4,852.6,13.7,13.8,90.3,285,534,0,0.2,151,0.4,0.4,13.7,12.7,9.5
2026-08-10T04:33:47Z,0,0,0,0.2,0,0,13.7,852.9,13.9,14.1,89.6,285,520,0,0,151,0,0,14,12.9,9.8
2026-08-10T04:48:55Z,0,0,0,0.2,0,0,14,853,14.3,14.4,88.3,300,699,0,0.5,151,0.9,0.9,14.3,13.1,10.1
2026-08-10T05:04:04Z,0,0,0,0.4,0,0,14.5,853.2,14.9,15,87.4,334,1096,0,0,151,0,0,14.9,13.5,10.7
2026-08-10T05:19:12Z,0,0,0,0.5,0,0,15,853.5,15.3,15.3,86,348,1244,0,0.2,267,0.7,0.7,15.2,13.7,11
2026-08-10T05:34:21Z,0,0,0,0.8,0,0,15.2,853.8,15.7,15.7,84.2,405,1884,0,0.6,151,0.9,0.9,15.6,13.9,11.4
2026-08-10T05:49:29Z,0,0,0,0.9,0,0,16,853.8,16.3,16.3,81.3,421,1992,0,0.1,266,0.4,0.4,16.2,14.1,12
2026-08-10T06:04:50Z,0,0,0,1,0,0,16.8,853.9,16.8,16.7,77.7,439,2226,0,0,266,0.4,0.4,16.6,14.1,12.4
2026-08-10T06:19:57Z,0,0,0,1.3,0,0,17.3,853.8,17.4,17.2,76.5,493,2819,0,0.7,230,1.3,1.3,17.1,14.4,12.9
2026-08-10T06:35:06Z,0,0,0,2.2,0,0,19.3,853.9,19.5,19.1,71.9,667,4782,0,0.3,29,1.7,1.7,19,15.6,14.6
2026-08-10T06:50:13Z,0,0,0,1.1,0,0,21.1,853.9,20.8,20.6,64.9,456,2295,0,0.1,31,0.7,0.7,20.5,16.2,16
2026-08-10T07:05:21Z,0,0,0,1.1,0,0,19.4,854,19.9,19.9,64.6,457,2406,0,0.1,189,0.4,0.4,19.8,15.5,15.4
2026-08-10T07:20:29Z,0,0,0,1.9,0,0,19.6,854,20.3,20.2,63.3,616,4094,0,0.8,158,1.3,1.3,20,15.6,15.6
2026-08-10T07:35:54Z,0,0,0,1.6,0,0,19.1,854,19.6,19.5,66.1,564,3590,0,0.2,189,1.3,1.3,19.4,15.4,15
2026-08-10T07:51:02Z,0,0,0,3.5,0,0,19.7,853.8,20.1,19.9,64.4,908,7577,0,0.3,245,1,1,19.7,15.5,15.3
2026-08-10T08:06:10Z,0,0,0,2,0,0,22.1,853.6,22.6,22.5,56.8,632,4140,0,0.2,150,0.9,0.9,22.4,16.8,17.6
2026-08-10T08:22:05Z,0,0,0,1.2,0,0,21,853.4,21.8,21.8,55.8,484,2613,0,0,172,0,0,21.6,16,17
2026-08-10T08:37:12Z,0,0,0,4,0,0,21.8,853.3,22.5,22.5,53.8,1003,8483,0,0.3,167,0.9,0.9,22.3,16.4,17.6
2026-08-10T08:52:20Z,0,0,0,4.1,0,0,23.3,852.9,23.8,23.4,51.5,1020,8618,0,0.3,213,1.3,1.3,23.3,16.9,18.4
2026-08-10T09:08:02Z,0,0,0,3.8,0,0,22.3,852.8,23,23,51.2,967,8064,0,0.9,162,1.5,1.5,22.8,16.4,18
2026-08-10T09:23:10Z,0,0,0,3.8,0,0,23.2,852.6,23.9,23.5,48.7,973,8062,0,0.3,227,0.7,0.7,23.4,16.5,18.5
2026-08-10T09:38:19Z,0,0,0,3.9,0,0,24,852.3,23.9,24.6,46.8,985,8304,0,0.8,71,1.3,1.3,24.5,17.2,19.3
2026-08-10T09:53:26Z,0,0,0,3.9,0,0,23.7,852,24.6,24.4,46.5,984,8149,0,0.8,200,1.3,1.3,24.2,16.9,19.2
2026-08-10T10:08:34Z,0,0,0,0.9,0,0,23.4,851.7,23.9,23.6,47.8,435,1888,0,0.6,165,1.5,1.5,23.4,16.4,18.5
2026-08-10T10:24:01Z,0,0,0,3.5,0,0,23.7,851.4,24.1,23.9,46.4,920,7512,0,0.3,279,1,1,23.7,16.5,18.7
2026-08-10T10:39:08Z,0,0,0,3.7,0,0,24.5,851.1,24.8,24.9,44.5,938,7741,0,0.9,189,1.7,1.7,24.7,17,19.6
2026-08-10T10:54:16Z,0,0,0,3.6,0,0,24.3,851,24.9,25.2,43.1,923,7618,0,0.7,185,1.7,1.7,25,17,19.8
2026-08-10T11:09:25Z,0,0,0,0.8,0,0,25.2,850.6,25.6,26,39.9,410,1677,0,0.5,186,0.9,0.9,25.9,17.2,20.4
2026-08-10T11:25:11Z,0,0,0,1,0,0,25.8,850.4,26.3,26.5,41,442,1999,0,0.1,171,0.4,0.4,26.3,17.7,20.8
2026-08-10T11:40:19Z,0,0,0,3,0,0,26.1,850.2,26.4,27.1,40.5,809,6298,0,1.6,76,3.5,3.5,27,18.2,21.3
2026-08-10T11:55:27Z,0,0,0,2.7,0,0,25.7,850,26.4,26.8,39.2,768,5859,0,0.2,176,1.1,1.1,26.7,17.7,21
2026-08-10T12:10:35Z,0,0,0,2.4,0,0,26.6,849.7,26.6,27.7,38.3,712,5221,0,0.9,60,1.7,1.7,27.3,18.2,21.5
2026-08-10T12:25:43Z,0,0,0,2.3,0,0,26.9,849.4,26.9,28,36.4,685,4923,0,1.1,82,2.6,2.6,27.5,18.2,21.6
2026-08-10T12:41:06Z,0,0,0,1.9,0,0,26.4,849.3,26.9,27.6,36,619,4220,0,1.1,182,1.5,1.5,27.1,17.7,21.3
2026-08-10T12:56:14Z,0,0,0,1.8,0,0,25.9,849.2,26.4,26.9,35.5,594,3953,0,0.7,139,2.2,2.2,26.6,17.1,21
2026-08-10T13:11:22Z,0,0,0,1.6,0,0,25.7,849.1,26.3,26.5,34.2,549,3462,0,1,163,2.8,2.8,26.3,16.5,20.8
2026-08-10T13:26:30Z,0,0,0,1.4,0,0,25.9,849.1,26.4,26.7,33.5,509,3029,0,1.3,184,3.9,3.9,26.5,16.6,20.9
2026-08-10T13:41:38Z,0,0,0,1.1,0,0,25.9,849.1,26.6,27.3,33,471,2620,0,0.2,53,0.9,0.9,26.7,16.9,21.1
2026-08-10T13:57:01Z,0,0,0,0.9,0,0,25.2,849.2,25.9,26.2,34.2,431,2170,0,1,161,2,2,26,16.3,20.6
2026-08-10T14:12:09Z,0,0,0,0.7,0,0,25,849.2,25.4,26,34.8,392,1747,0,1.3,138,2.4,2.4,25.7,16.2,20.3
2026-08-10T14:27:18Z,0,0,0,0.5,0,0,24.5,849.2,25,25.3,36.3,342,1150,0,1.3,171,2.8,2.8,25.1,16,19.8
2026-08-10T14:43:11Z,0,0,0,0.2,0,0,24,849.4,24.3,24.6,37.4,295,551,0,0.5,100,1.3,1.3,24.3,15.6,19.2
2026-08-10T14:58:19Z,0,0,0,0.2,0,0,23.5,849.5,23.8,23.9,39,284,448,0,0.6,126,1.7,1.7,23.7,15.3,18.7
2026-08-10T15:13:28Z,0,0,0,0.1,0,0,23.1,849.7,23.2,23.5,40.9,278,392,0,0,165,0.2,0.2,23.2,15.3,18.3
2026-08-10T15:29:10Z,0,0,0,0,0,0,22.4,850,22.6,22.8,41.5,265,295,0,0,154,0.2,0.2,22.5,14.8,17.7
2026-08-10T15:44:18Z,0,0,0,0,0,0,21.9,850,22.1,22.3,41.3,260,260,0,0.3,138,1.5,1.5,22,14.4,17.3
2026-08-10T15:59:27Z,0,0,0,0,0,0,21.3,850.2,21.4,21.6,40.7,261,253,0,0,138,0.2,0.2,21.3,13.8,16.7
2026-08-10T16:14:36Z,0,0,0,0,0,0,20.9,850.2,21.1,21.2,41.4,260,252,0,0.1,139,0.4,0.4,20.8,13.5,16.3
2026-08-10T16:30:16Z,0,0,0,0,0,0,20.5,850.4,20.6,20.8,41.5,261,253,0,0.1,139,0.4,0.4,20.4,13.2,15.9
2026-08-10T16:46:15Z,0,0,0,0,0,0,20.2,850.6,20.4,20.5,40,260,254,0,0,149,0,0,20.1,12.7,15.7
2026-08-10T17:01:23Z,0,0,0,0,0,0,19.9,850.6,20,20.2,40.7,260,253,0,0,149,0,0,19.8,12.6,15.4
2026-08-10T17:16:32Z,0,0,0,0,0,0,19,850.8,19.1,19.3,42.3,260,253,0,0,149,0,0,18.8,12,14.5
2026-08-10T17:31:41Z,0,0,0,0,0,0,18.2,851,18.4,18.6,42.9,261,254,0,0,149,0.4,0.4,18.1,11.6,13.9
2026-08-10T17:46:49Z,0,0,0,0,0,0,17.8,851.2,17.9,18.1,46.2,260,254,0,0,149,0,0,17.6,11.6,13.4
2026-08-10T18:02:12Z,0,0,0,0,0,0,18.4,851.4,18.5,18.6,44.6,261,254,0,0,149,0.2,0.2,18.1,11.8,13.9
2026-08-10T18:17:20Z,0,0,0,0,0,0,18.5,851.5,18.6,18.8,45.8,259,253,0,0.5,150,1.7,1.7,18.3,12.1,14
2026-08-10T18:32:29Z,0,0,0,0,0,0,18.2,851.7,18.4,18.6,47.6,260,253,0,0,181,0,0,18.2,12.2,13.9
2026-08-10T18:47:38Z,0,0,0,0,0,0,17.8,851.6,17.9,18.2,49.5,260,252,0,0,181,0,0,17.8,12.1,13.5
2026-08-10T19:02:38Z,0,0,0,0,0,0,17.7,851.6,17.9,18.1,51.5,261,251,0,0,182,0.2,0.2,17.7,12.2,13.4
2026-08-10T19:17:47Z,0,0,0,0,0,0,17.5,851.6,17.6,17.8,53.3,261,253,0,0.1,182,0.7,0.7,17.4,12.2,13.2
2026-08-10T19:33:15Z,0,0,0,0,0,0,17.1,851.7,17.2,17.4,55.1,260,253,0,0,181,0,0,17,12.1,12.8
2026-08-10T19:48:21Z,0,0,0,0,0,0,16.5,851.8,16.6,16.9,57.6,262,254,0,0,182,0.2,0.2,16.5,11.9,12.3
2026-08-10T20:03:29Z,0,0,0,0,0,0,16.2,851.9,16.4,16.5,60,260,253,0,0,181,0,0,16.2,11.9,12
2026-08-10T20:18:38Z,0,0,0,0,0,0,15.8,851.8,16.1,16.1,62.1,259,253,0,0,181,0,0,15.8,11.8,11.6
2026-08-10T20:33:46Z,0,0,0,0,0,0,15.2,851.9,15.5,15.6,65.5,260,253,0,0,181,0,0,15.2,11.6,11
2026-08-10T20:48:55Z,0,0,0,0,0,0,15.3,851.9,15.9,16,65.5,260,253,0,0,181,0,0,15.7,12,11.5
2026-08-10T21:04:18Z,0,0,0,0,0,0,14.8,851.9,15.1,15.1,72.5,261,254,0,0.3,182,1.1,1.1,14.9,12,10.7
2026-08-10T21:19:26Z,0,0,0,0,0,0,14.9,851.7,15.4,15.4,72.7,260,254,0,0,181,0,0,15.1,12.2,10.9
2026-08-10T21:34:35Z,0,0,0,0,0,0,14.7,851.8,15,15.1,73.4,259,253,0,0.4,182,1.3,1.3,14.9,12.1,10.7
2026-08-10T21:49:43Z,0,0,0,0,0,0,14.4,851.8,14.7,14.8,74.6,260,253,0,0.1,182,0.4,0.4,14.6,11.9,10.4
2026-08-10T22:04:51Z,0,0,0,0,0,0,14.3,851.6,14.8,14.8,71.1,260,254,0,0.1,182,0.4,0.4,14.5,11.6,10.3
2026-08-10T22:19:59Z,0,0,0,0,0,0,14,851.6,14.2,14.5,72.6,262,254,0,0,181,0,0,14.2,11.4,10
2026-08-10T22:35:21Z,0,0,0,0,0,0,13.5,851.5,13.8,13.9,75.7,260,253,0,0,181,0,0,13.6,11.2,9.4
2026-08-10T22:50:30Z,0,0,0,0,0,0,13.2,851.3,13.6,13.7,76.8,261,253,0,0,181,0,0,13.4,11.1,9.2
2026-08-10T23:05:38Z,0,0,0,0,0,0,12.7,851.3,12.9,13.2,78.5,260,254,0,0,181,0,0,12.9,10.8,8.7
2026-08-10T23:20:46Z,0,0,0,0,0,0,12.3,851.2,12.5,12.7,79.4,259,252,0,0,182,0.2,0.2,12.4,10.4,8.1
2026-08-10T23:35:55Z,0,0,0,0,0,0,12.1,851.3,12.4,12.6,79.5,261,254,0,0,181,0,0,12.3,10.4,8
2026-08-10T23:51:03Z,0,0,0,0,0,0,12.1,851.2,12.4,12.6,79,261,254,0,0,181,0,0,12.3,10.4,8
2026-08-11T00:00:21Z,0,0,0,0,0,0,12.1,851.4,12.6,12.8,78,261,254,0,0,181,0,0,12.5,10.4,8.2
2026-08-11T00:15:30Z,0,0,0,0,0,0,12,851.4,12.3,12.5,77.4,260,254,0,0,182,0.2,0.2,12.1,10,7.8
2026-08-11T00:30:39Z,0,0,0,0,0,0,11.4,851.6,11.7,11.9,79.1,259,254,0,0,181,0,0,11.5,9.6,7.2
2026-08-11T00:45:47Z,0,0,0,0,0,0,10.9,851.5,11.2,11.4,80.6,261,253,0,0,181,0,0,11.1,9.4,6.7
2026-08-11T01:00:55Z,0,0,0,0,0,0,10.6,851.5,10.9,11.1,82.5,260,253,0,0,181,0,0,10.8,9.2,6.4
2026-08-11T01:16:24Z,0,0,0,0,0,0,10.5,851.6,10.8,11,83.4,259,253,0,0,181,0,0,10.7,9.2,6.2
2026-08-11T01:31:33Z,0,0,0,0,0,0,10.8,851.7,11.2,11.5,82.1,260,253,0,0.1,182,0.4,0.4,11.1,9.6,6.8
2026-08-11T01:47:15Z,0,0,0,0,0,0,11,851.8,11.4,11.6,82.1,261,254,0,0.1,182,0.4,0.4,11.2,9.6,6.9
2026-08-11T02:02:40Z,0,0,0,0,0,0,11.3,852,11.8,11.9,83.5,261,254,0,0.1,182,0.4,0.4,11.7,10.2,7.3
2026-08-11T02:17:48Z,0,0,0,0,0,0,11.8,851.9,12.1,12.3,82.7,261,253,0,0,181,0,0,12,10.4,7.7
2026-08-11T02:32:58Z,0,0,0,0,0,0,12.1,852.1,12.4,12.6,81.7,260,254,0,0,182,0.2,0.2,12.3,10.6,8
2026-08-11T02:48:07Z,0,0,0,0,0,0,12.1,852.2,12.4,12.6,83,261,253,0,0,181,0,0,12.3,10.7,8.1
2026-08-11T03:03:16Z,0,0,0,0,0,0,11.9,852.5,12.2,12.4,84,260,253,0,0,181,0,0,12.1,10.6,7.8
2026-08-11T03:18:43Z,0,0,0,0,0,0,11.8,852.6,12.1,12.3,85.7,260,254,0,0,181,0,0,12.1,10.8,7.8
2026-08-11T03:33:52Z,0,0,0,0,0,0,12.1,852.7,12.4,12.6,85.8,263,274,0,0,181,0,0,12.4,11,8.1
2026-08-11T03:49:01Z,0,0,0,0.1,0,0,12.3,852.8,12.6,12.8,85.3,271,351,0,0,182,0.2,0.2,12.6,11.2,8.3
2026-08-11T04:04:10Z,0,0,0,0.1,0,0,12.3,852.8,12.7,12.8,85.8,281,433,0,0,182,0.4,0.4,12.6,11.3,8.3
2026-08-11T04:19:19Z,0,0,0,0.2,0,0,12.7,853.1,12.9,13,85.1,296,643,0,0,291,0,0,12.8,11.4,8.6
2026-08-11T04:34:45Z,0,0,0,0.3,0,0,13.3,853.3,13.7,13.7,81.9,317,877,0,0,292,0.2,0.2,13.5,11.7,9.3
2026-08-11T04:49:53Z,0,0,0,0.6,0,0,14.4,853.3,14.8,14.6,79.8,373,1598,0,0,172,0,0,14.4,12.3,10.2
2026-08-11T05:05:02Z,0,0,0,0.6,0,0,16.6,853.3,16.7,16,74.4,359,1328,0,0.1,172,0.4,0.4,15.8,13,11.6
2026-08-11T05:20:10Z,0,0,0,0.7,0,0,16.9,853.4,16.8,16.5,72.6,382,1609,0,0,172,0,0,16.3,13.3,12.1
2026-08-11T05:35:19Z,0,0,0,0.8,0,0,17.1,853.5,17.3,16.8,71.6,409,1865,0,0.6,263,1.1,1.1,16.6,13.5,12.4
2026-08-11T05:50:47Z,0,0,0,1.4,0,0,18.2,853.6,18.8,17.9,68.8,515,3120,0,0.5,257,1.1,1.1,17.7,14.2,13.4
2026-08-11T06:05:54Z,0,0,0,1.4,0,0,20.8,853.6,21.1,20.4,61.8,511,2975,0,0.1,202,0.7,0.7,20.2,15.6,15.7
2026-08-11T06:21:02Z,0,0,0,1,0,0,19.4,853.7,19.8,19.5,62.3,453,2396,0,0.6,202,1.3,1.3,19.3,14.9,14.9
2026-08-11T06:36:11Z,0,0,0,2.9,0,0,19.5,854,19.8,19.6,62.6,794,6502,0,0.2,207,0.7,0.7,19.4,15,15
2026-08-11T06:51:19Z,0,0,0,2.9,0,0,20.2,854,20.8,20.5,59.2,797,6411,0,0.4,168,1.5,1.5,20.3,15.4,15.8
2026-08-11T07:06:27Z,0,0,0,1.2,0,0,20.2,853.9,20.8,20,61,485,2614,0,0.3,212,0.7,0.7,19.8,15.1,15.4
2026-08-11T07:21:49Z,0,0,0,1,0,0,19.2,853.9,19.5,19.2,63,437,2104,0,0.4,256,1.1,1.1,19,14.6,14.6
2026-08-11T07:36:57Z,0,0,0,3,0,0,19,853.9,19.4,19.4,61.4,807,6405,0,0.8,216,1.3,1.3,19.1,14.6,14.8
2026-08-11T07:52:06Z,0,0,0,3.4,0,0,20.4,853.8,21.1,21,55.9,893,7342,0,0.8,199,1.3,1.3,20.8,15.4,16.3
2026-08-11T08:07:14Z,0,0,0,2.7,0,0,20.4,853.7,21.1,20.4,58.8,768,5939,0,0.9,257,2.4,2.4,20.2,15.2,15.7
2026-08-11T08:24:36Z,0,0,0,3.5,0,0,22.2,853.7,22.9,22.7,52.2,912,7480,0,1.1,72,2,2,22.6,16.4,17.8
2026-08-11T08:39:45Z,0,0,0,3.6,0,0,22.7,853.3,23.6,23.2,53.2,920,7561,0,0.1,157,0.6,0.6,23.1,16.9,18.2
2026-08-11T08:54:53Z,0,0,0,3.7,0,0,22.3,853.2,23.1,22.4,51.7,938,7740,0,1.6,266,3.3,3.3,22.3,16,17.5
2026-08-11T09:10:01Z,0,0,0,3.4,0,0,22.4,852.9,23.2,22.4,51.6,893,7281,0,1.3,228,2,2,22.3,16,17.5
2026-08-11T09:25:09Z,0,0,0,3.6,0,0,24,852.6,24.4,24.5,46.5,921,7496,0,0.6,210,1.5,1.5,24.4,17.1,19.3
2026-08-11T09:40:17Z,0,0,0,3.6,0,0,24,852.2,24.5,24.3,48.1,923,7511,0,0,252,0.2,0.2,24.1,17.1,19.1
2026-08-11T09:55:24Z,0,0,0,3.5,0,0,24.8,852,25.4,25.7,44.1,918,7469,0,0.2,113,1.1,1.1,25.5,17.6,20.2
2026-08-11T10:10:48Z,0,0,0,3.5,0,0,25,851.6,25.7,25.7,43.5,909,7349,0,0.3,78,1.1,1.1,25.6,17.5,20.2
2026-08-11T10:25:56Z,0,0,0,3.4,0,0,25.4,851.4,26.2,25.9,43.4,885,7129,0,0.6,181,1.7,1.7,25.8,17.7,20.4
2026-08-11T10:41:03Z,0,0,0,3.3,0,0,25.6,851.1,25.9,26.5,40.5,884,7104,0,0.2,118,0.7,0.7,26.3,17.7,20.8
2026-08-11T10:56:11Z,0,0,0,3.2,0,0,26.1,850.8,26.2,26.8,40,855,6788,0,0.5,70,1.3,1.3,26.7,17.8,21.1
2026-08-11T11:11:18Z,0,0,0,3.1,0,0,25.1,850.6,26,25.9,40.6,838,6623,0,0.5,187,0.9,0.9,25.8,17.2,20.3
2026-08-11T11:26:26Z,0,0,0,2.9,0,0,26.2,850.3,26.6,27.1,40.1,790,6101,0,1.1,149,2.5,2.5,26.9,18.1,21.2
2026-08-11T11:41:51Z,0,0,0,2.5,0,0,26.8,850.2,27.2,27.9,38.2,714,5254,0,0.3,161,1.3,1.3,27.4,18.4,21.6
2026-08-11T11:56:59Z,0,0,0,2.5,0,0,26.4,849.9,26.8,27,37.6,732,5484,0,1.7,60,3.7,3.7,26.8,17.6,21.1
2026-08-11T12:12:07Z,0,0,0,2.3,0,0,26.2,849.8,26.8,27.1,37.3,692,5046,0,0,164,0.2,0.2,26.8,17.6,21.1
2026-08-11T12:27:15Z,0,0,0,2.2,0,0,28,849.4,28.2,28.9,34,662,4694,0,0.3,48,0.9,0.9,28,18.4,22
2026-08-11T12:42:23Z,0,0,0,2,0,0,27.5,849.5,27.9,28.4,34.2,624,4281,0,0.8,186,2,2,27.6,18,21.8
2026-08-11T12:57:31Z,0,0,0,1.8,0,0,26.8,849.4,27.5,27.8,35.9,587,3890,0,0.7,199,2.2,2.2,27.2,17.9,21.5
2026-08-11T13:12:56Z,0,0,0,1.6,0,0,27.4,849.4,28.1,28.6,34.2,553,3502,0,0.5,112,1.3,1.3,27.8,18.2,21.9
2026-08-11T13:28:03Z,0,0,0,1.3,0,0,26.1,849.3,26.7,27.1,35.8,504,2995,0,1.3,135,2.4,2.4,26.7,17.3,21.1
2026-08-11T13:43:03Z,0,0,0,1.1,0,0,26.6,849.4,27,27.7,34.8,464,2547,0,0.8,147,2.4,2.4,27.1,17.6,21.4
2026-08-11T13:58:11Z,0,0,0,0.9,0,0,25.6,849.5,26.3,26.7,35.4,423,2110,0,1,178,2.4,2.4,26.5,17,20.9
2026-08-11T14:13:19Z,0,0,0,0.7,0,0,25.8,849.6,26.4,27,35,385,1679,0,0.3,137,0.9,0.9,26.6,17.1,21
2026-08-11T14:28:27Z,0,0,0,0.5,0,0,25.2,849.5,25.6,26.3,35.3,351,1286,0,1.7,80,2.6,2.6,26.1,16.6,20.6
2026-08-11T14:43:35Z,0,0,0,0.2,0,0,24.4,849.5,24.6,25,37.3,294,554,0,1.2,102,2.2,2.2,24.7,15.9,19.6
2026-08-11T14:59:00Z,0,0,0,0.2,0,0,24,849.7,24.2,24.3,38.4,286,465,0,0.1,42,0.7,0.7,24.1,15.6,19
2026-08-11T15:14:08Z,0,0,0,0.1,0,0,23.5,849.9,23.6,23.8,38.1,277,399,0,0.7,84,1.5,1.5,23.5,15.1,18.6
2026-08-11T15:29:16Z,0,0,0,0.1,0,0,23,850,23.2,23.3,38.8,268,325,0,0.3,52,1.1,1.1,23,14.8,18.2
2026-08-11T15:44:24Z,0,0,0,0,0,0,22.4,850.2,22.6,22.8,40,262,270,0,0.1,129,0.4,0.4,22.4,14.6,17.7
2026-08-11T16:00:05Z,0,0,0,0,0,0,21.8,850.3,22,22.1,41.2,261,253,0,0,148,0,0,21.8,14.3,17.2
2026-08-11T16:15:13Z,0,0,0,0,0,0,21.3,850.4,21.5,21.7,42.7,260,254,0,0.1,148,0.4,0.4,21.4,14.1,16.8
2026-08-11T16:30:21Z,0,0,0,0,0,0,20.9,850.5,21.1,21.3,43.6,260,254,0,0.1,148,0.4,0.4,20.9,13.9,16.4
2026-08-11T16:45:30Z,0,0,0,0,0,0,20.6,850.7,20.8,20.9,43.9,261,253,0,0,148,0,0,20.6,13.6,16.1
2026-08-11T17:00:39Z,0,0,0,0,0,0,20,850.8,20.1,20.4,46.3,261,254,0,0,148,0,0,20,13.5,15.6
2026-08-11T17:16:06Z,0,0,0,0,0,0,19.3,850.8,19.5,19.6,47,259,253,0,0,148,0.2,0.2,19.2,13,14.9
2026-08-11T17:31:15Z,0,0,0,0,0,0,18.8,851,19.1,19.2,47.8,261,253,0,0,148,0,0,18.8,12.7,14.5
2026-08-11T17:46:23Z,0,0,0,0,0,0,18.4,851.2,18.4,18.6,50.4,260,253,0,0,148,0,0,18.3,12.6,14
2026-08-11T18:01:32Z,0,0,0,0,0,0,17.6,851.3,17.7,17.9,52.2,260,254,0,0,148,0,0,17.5,12.1,13.2
2026-08-11T18:16:41Z,0,0,0,0,0,0,17.1,851.4,17.2,17.4,54.3,260,253,0,0,148,0,0,17,12,12.8
2026-08-11T18:32:09Z,0,0,0,0,0,0,16.6,851.7,16.7,16.9,55,259,254,0,0,148,0,0,16.5,11.6,12.3
2026-08-11T18:47:46Z,0,0,0,0,0,0,16.3,851.9,16.4,16.6,57.1,260,253,0,0,148,0,0,16.2,11.6,12
2026-08-11T19:03:09Z,0,0,0,0,0,0,16,852.1,16.3,16.4,59,261,254,0,0,148,0,0,16,11.7,11.8
2026-08-11T19:18:17Z,0,0,0,0,0,0,15.8,852.2,16.1,16.2,60.2,260,254,0,0,148,0,0,15.8,11.6,11.6
2026-08-11T19:33:27Z,0,0,0,0,0,0,15.3,852.3,15.5,15.6,62.6,261,254,0,0,148,0,0,15.2,11.3,11
2026-08-11T19:48:36Z,0,0,0,0,0,0,14.9,852.3,15.2,15.3,65.2,259,253,0,0,148,0,0,15,11.4,10.8
2026-08-11T20:03:45Z,0,0,0,0,0,0,14.5,852.2,14.7,14.8,68,260,254,0,0,148,0,0,14.5,11.2,10.3
2026-08-11T20:18:54Z,0,0,0,0,0,0,14,852.4,14.3,14.4,69.5,260,253,0,0,148,0,0,14.1,11,9.9
2026-08-11T20:34:16Z,0,0,0,0,0,0,13.7,852.4,13.9,14.1,70.8,261,253,0,0,148,0,0,13.7,10.9,9.5
2026-08-11T20:49:25Z,0,0,0,0,0,0,13.4,852.1,13.7,13.8,71.9,260,254,0,0,148,0,0,13.5,10.7,9.3
2026-08-11T21:04:34Z,0,0,0,0,0,0,13.1,852.1,13.3,13.5,73,260,255,0,0,148,0,0,13.2,10.5,8.9
2026-08-11T21:19:44Z,0,0,0,0,0,0,12.8,852.1,13.2,13.3,74,260,253,0,0,148,0,0,12.9,10.4,8.7
2026-08-11T21:34:53Z,0,0,0,0,0,0,13,851.8,13.4,13.5,73.8,261,253,0,0,336,0,0,13.2,10.6,8.9
2026-08-11T21:50:19Z,0,0,0,0,0,0,12.7,851.8,13,13.2,74.3,260,254,0,0,336,0,0,12.9,10.4,8.6
2026-08-11T22:05:28Z,0,0,0,0,0,0,12.4,851.7,12.7,12.9,76.3,260,254,0,0,336,0,0,12.6,10.3,8.3
2026-08-11T22:20:37Z,0,0,0,0,0,0,12.1,851.6,12.4,12.6,76.9,261,254,0,0,336,0,0,12.3,10.1,8
2026-08-11T22:35:46Z,0,0,0,0,0,0,11.8,851.4,12.1,12.3,78.2,260,253,0,0,336,0,0,12,10,7.7
2026-08-11T22:50:56Z,0,0,0,0,0,0,11.6,851.5,11.9,12.1,79.3,260,252,0,0,336,0,0,11.8,9.9,7.4
2026-08-11T23:06:22Z,0,0,0,0,0,0,11.5,851.3,11.9,12.1,79.2,260,253,0,0,336,0,0,11.8,9.9,7.4
2026-08-11T23:21:31Z,0,0,0,0,0,0,11.3,851.3,11.6,11.8,80.1,261,253,0,0,336,0,0,11.4,9.6,7.1
2026-08-11T23:36:40Z,0,0,0,0,0,0,11,851.2,11.4,11.6,81,261,253,0,0,336,0,0,11.3,9.6,6.9
2026-08-11T23:51:50Z,0,0,0,0,0,0,11,851.2,11.4,11.6,81.6,260,253,0,0,336,0,0,11.2,9.6,6.8
2026-08-12T00:00:55Z,0,0,0,0,0,0,11,851.2,11.3,11.5,81.4,260,252,0,0,337,0.2,0.2,11.2,9.6,6.8
2026-08-12T00:16:23Z,0,0,0,0,0,0,10.7,851.2,11,11.2,82.2,262,254,0,0,340,0.2,0.2,10.9,9.3,6.5
2026-08-12T00:31:53Z,0,0,0,0,0,0,10.3,851.3,10.5,10.8,83.3,260,254,0,0,341,0.2,0.2,10.5,9.1,6
2026-08-12T00:47:17Z,0,0,0,0,0,0,10.1,851.3,10.4,10.6,84,260,254,0,0,340,0,0,10.2,8.9,5.8
2026-08-12T01:02:26Z,0,0,0,0,0,0,9.7,851.5,10.1,10.3,85,260,253,0,0,340,0,0,9.9,8.7,5.4
2026-08-12T01:17:35Z,0,0,0,0,0,0,9.6,851.6,9.9,10.2,86.5,260,253,0,0,340,0,0,9.8,8.7,5.3
2026-08-12T01:32:45Z,0,0,0,0,0,0,9.5,851.7,9.9,10.1,86.8,260,253,0,0,340,0,0,9.7,8.7,5.2
2026-08-12T01:47:55Z,0,0,0,0,0,0,9.5,851.9,9.8,10,87.6,259,254,0,0,340,0,0,9.7,8.7,5.1
2026-08-12T02:03:20Z,0,0,0,0,0,0,9.5,852,9.9,10,87.7,259,254,0,0,340,0,0,9.7,8.7,5.2
2026-08-12T02:18:30Z,0,0,0,0,0,0,9.4,852.2,9.7,9.9,88.3,260,253,0,0,340,0,0,9.6,8.7,5
2026-08-12T02:33:40Z,0,0,0,0,0,0,9.4,852.4,9.8,10,87.9,261,254,0,0,340,0,0,9.6,8.7,5.1
2026-08-12T02:48:50Z,0,0,0,0,0,0,9.2,852.4,9.6,9.8,88.4,259,253,0,0,340,0,0,9.5,8.6,4.9
2026-08-12T03:03:59Z,0,0,0,0,0,0,9.2,852.6,9.6,9.8,88.8,261,254,0,0,340,0,0,9.5,8.6,4.9
2026-08-12T03:19:24Z,0,0,0,0,0,0,9.3,852.9,9.8,9.9,88.2,261,254,0,0,343,0.2,0.2,9.6,8.7,5.1
2026-08-12T03:34:33Z,0,0,0,0,0,0,9.5,852.9,10,10.2,86.9,263,281,0,0,348,0,0,9.9,8.8,5.3
2026-08-12T03:49:41Z,0,0,0,0.1,0,0,9.7,853,10.2,10.4,85.8,270,352,0,0.1,334,0.4,0.4,10.1,8.9,5.6
2026-08-12T04:04:50Z,0,0,0,0.1,0,0,10,853.1,10.5,10.6,84.8,280,433,0,0,320,0,0,10.3,9,5.8
2026-08-12T04:20:00Z,0,0,0,0.2,0,0,10.4,853.2,10.8,11,82.5,286,460,0,0.3,320,1.1,1.1,10.6,9.1,6.2
2026-08-12T04:35:27Z,0,0,0,0.2,0,0,10.9,853.4,11.2,11.4,81.4,294,551,0,0.1,337,0.7,0.7,11.1,9.4,6.7
2026-08-12T04:50:35Z,0,0,0,0.4,0,0,12.1,853.6,12.5,12.5,78.7,324,916,0,0.2,358,0.9,0.9,12.2,10.2,7.9
2026-08-12T05:05:44Z,0,0,0,0.8,0,0,14.6,853.7,14.8,14,75.4,411,2030,0,0,313,0,0,13.7,11.3,9.5
2026-08-12T05:20:54Z,0,0,0,1,0,0,17.8,853.9,17.7,16.7,68.6,453,2478,0,0,110,0.1,0.1,16.5,13,12.2
2026-08-12T05:36:03Z,0,0,0,1.3,0,0,19.4,854,19.5,18.3,64.4,500,2982,0,0.2,318,0.7,0.7,18.1,14,13.8
2026-08-12T05:51:45Z,0,0,0,1.5,0,0,20.7,854.2,20.2,19.9,60.5,542,3449,0,0.3,14,0.9,0.9,19.7,15,15.3
2026-08-12T06:06:53Z,0,0,0,1.8,0,0,21.9,854.2,21.8,21,57.6,585,3896,0,0.3,28,0.9,0.9,20.9,15.6,16.3
2026-08-12T06:22:02Z,0,0,0,2,0,0,20.1,854.2,20.2,19.3,61.8,621,4294,0,0.3,8,1.1,1.1,19.1,14.6,14.7
2026-08-12T06:37:11Z,0,0,0,2.2,0,0,21.2,854.2,21.4,21,57.1,670,4822,0,0.3,71,0.9,0.9,20.9,15.6,16.3
2026-08-12T06:52:33Z,0,0,0,2.4,0,0,22.5,854.1,23.3,22.4,53.6,705,5205,0,0,126,0.4,0.4,22.2,16.3,17.5
2026-08-12T07:07:41Z,0,0,0,2.6,0,0,21.3,854,21.7,21.5,53.8,739,5583,0,1,187,1.3,1.3,21.3,15.5,16.7
2026-08-12T07:22:50Z,0,0,0,2.8,0,0,20.8,853.9,22.1,21.2,54.7,774,5952,0,0.9,187,1.7,1.7,21,15.4,16.4
2026-08-12T07:37:58Z,0,0,0,2.9,0,0,22.4,853.9,22.5,22.2,51.6,799,6234,0,1.1,89,2,2,22,15.8,17.3
2026-08-12T07:53:06Z,0,0,0,3,0,0,22.2,853.9,23.2,22.9,50.5,821,6481,0,0,181,0.2,0.2,22.7,16.2,17.9
2026-08-12T08:08:15Z,0,0,0,3.1,0,0,22.9,853.7,23.8,23.5,47.1,837,6657,0,1.1,178,1.7,1.7,23.3,16.2,18.4
2026-08-12T08:23:36Z,0,0,0,3.2,0,0,22.8,853.6,23.1,22.5,48.5,863,6930,0,0.3,206,0.7,0.7,22.3,15.7,17.6
2026-08-12T08:38:44Z,0,0,0,3.3,0,0,23.5,853.5,24.2,23.9,46.6,880,7118,0,0.4,206,1.1,1.1,23.7,16.5,18.7
2026-08-12T08:53:53Z,0,0,0,3.4,0,0,23.9,853.5,24.8,24.4,45.2,895,7287,0,0.1,168,0.4,0.4,24.3,16.8,19.2
2026-08-12T09:09:01Z,0,0,0,3.5,0,0,23.7,853.3,24.6,24.3,44.9,905,7368,0,0.2,203,0.7,0.7,24.1,16.6,19
2026-08-12T09:24:46Z,0,0,0,3.4,0,0,24.3,853.1,25.1,25,43.5,899,7354,0,0.3,159,1.5,1.5,24.8,16.9,19.6
2026-08-12T09:39:55Z,0,0,0,3.5,0,0,25.1,852.9,25.2,25.6,42.3,902,7363,0,1.2,218,2.2,2.2,25.5,17.3,20.1
2026-08-12T09:55:04Z,0,0,0,3.3,0,0,26.4,852.7,26.6,27.1,39.6,883,7173,0,0,122,0.4,0.4,26.9,18,21.2
2026-08-12T10:10:13Z,0,0,0,3.3,0,0,25.5,852.5,26.2,26.3,40.9,873,7063,0,0.4,165,1.5,1.5,26.2,17.6,20.7
2026-08-12T10:25:50Z,0,0,0,3.3,0,0,27,852.2,27.2,27.5,38.5,865,6968,0,0.8,191,1.7,1.7,27.1,18.1,21.4
2026-08-12T10:40:58Z,0,0,0,3.1,0,0,27,852,27.9,27.8,38.1,843,6728,0,0.1,189,0.7,0.7,27.4,18.3,21.6
2026-08-12T10:56:05Z,0,0,0,3.1,0,0,27.2,851.7,27.2,27.6,37.5,833,6587,0,1,130,2.8,2.8,27.2,18.1,21.4
2026-08-12T11:11:50Z,0,0,0,3,0,0,27.2,851.5,27.8,27.7,36.9,818,6415,0,0.6,198,1.1,1.1,27.2,18,21.5
2026-08-12T11:26:57Z,0,0,0,2.8,0,0,27.7,851.2,28.1,28.5,36.3,776,5973,0,0.2,132,0.9,0.9,27.9,18.5,21.9
2026-08-12T11:42:05Z,0,0,0,2.6,0,0,27.8,850.9,28.4,28.6,36.6,747,5643,0,0.1,188,0.7,0.7,28,18.7,22
2026-08-12T11:57:53Z,0,0,0,2.5,0,0,28.2,850.7,28.6,28.8,35.7,715,5278,0,0.4,187,1.7,1.7,28.1,18.6,22.1
2026-08-12T12:13:01Z,0,0,0,2.3,0,0,28,850.5,28.5,28.8,34.9,685,4994,0,0.2,143,0.9,0.9,28,18.5,22
2026-08-12T12:28:09Z,0,0,0,2.2,0,0,28.4,850.5,28.9,29.4,34.8,661,4694,0,0.3,87,0.9,0.9,28.5,18.9,22.4
2026-08-12T12:43:18Z,0,0,0,2,0,0,29.1,850.2,29.4,30.2,33.8,623,4286,0,0.1,87,0.9,0.9,29.2,19.3,22.9
2026-08-12T12:58:26Z,0,0,0,1.8,0,0,28.9,850.1,29.1,30.3,32.3,596,4036,0,0.8,87,2.2,2.2,29.2,19.1,22.9
2026-08-12T13:13:48Z,0,0,0,1.6,0,0,28,850.2,28.6,29,35.5,564,3753,0,1.2,129,2.6,2.6,28.2,18.8,22.2
2026-08-12T13:28:58Z,0,0,0,0.3,0,0,27.4,850.1,27.6,28,37.7,323,818,0,0.5,91,1.5,1.5,27.5,18.4,21.7
2026-08-12T13:44:06Z,0,0,0,0.7,0,0,26.4,850.1,26.7,27,41.4,387,1611,0,0.7,162,2,2,26.9,18.3,21.3
2026-08-12T13:59:15Z,0,0,0,0.8,0,0,26,850.2,26.4,26.5,42.3,408,1971,0,0.6,185,1.7,1.7,26.4,18,20.9
2026-08-12T14:14:23Z,0,0,0,0.7,0,0,26.3,850.2,26.8,26.9,41.8,382,1633,0,0.8,176,2.8,2.8,26.9,18.2,21.2
2026-08-12T14:29:52Z,0,0,0,0.5,0,0,26.1,850.4,26.6,26.9,42.4,345,1215,0,0.2,130,0.9,0.9,26.9,18.4,21.2
2026-08-12T14:45:00Z,0,0,0,0.2,0,0,25.2,850.5,25.5,25.7,44.7,298,602,0,0.4,103,1.1,1.1,25.6,17.8,20.2
2026-08-12T15:00:09Z,0,0,0,0.2,0,0,24.6,850.6,24.8,25,45.9,290,517,0,1.6,95,3.3,3.3,24.8,17.3,19.6
2026-08-12T15:15:18Z,0,0,0,0.1,0,0,24.3,850.9,24.5,24.6,47.2,280,449,0,0.4,100,1.3,1.3,24.5,17.2,19.4
2026-08-12T15:30:27Z,0,0,0,0.1,0,0,23.8,850.9,24,24.2,48,267,322,0,0.7,96,2.2,2.2,24,17,19
2026-08-12T15:45:55Z,0,0,0,0,0,0,23.6,851.1,23.8,23.9,48.6,262,270,0,1.2,164,2.8,2.8,23.8,16.9,18.8
2026-08-12T16:01:00Z,0,0,0,0,0,0,23.4,851.3,23.6,23.7,49,262,254,0,0.4,195,1.1,1.1,23.6,16.7,18.6
2026-08-12T16:16:08Z,0,0,0,0,0,0,23.1,851.4,23.3,23.5,49.1,260,254,0,0.3,99,1.1,1.1,23.3,16.5,18.4
2026-08-12T16:31:17Z,0,0,0,0,0,0,22.9,851.6,23,23.2,49,260,254,0,0.7,171,1.7,1.7,23,16.3,18.2
2026-08-12T16:46:25Z,0,0,0,0,0,0,22.7,851.8,22.8,23,49,260,252,0,0.6,175,1.1,1.1,22.8,16.1,18
2026-08-12T17:01:33Z,0,0,0,0,0,0,22.5,851.9,22.6,22.8,49.2,259,253,0,0.4,192,1.3,1.3,22.6,16,17.8
2026-08-12T17:16:58Z,0,0,0,0,0,0,22.2,852.1,22.4,22.6,48.9,261,254,0,1.4,188,3.1,3.1,22.4,15.8,17.6
2026-08-12T17:32:06Z,0,0,0,0,0,0,22,852.2,22.2,22.4,49.4,260,252,0,0.1,105,0.4,0.4,22.2,15.7,17.5
2026-08-12T17:47:15Z,0,0,0,0,0,0,21.8,852.5,21.9,22.1,50.3,261,253,0,0,105,0.4,0.4,21.9,15.6,17.3
2026-08-12T18:03:08Z,0,0,0,0,0,0,21.4,852.6,21.6,21.8,51,260,255,0,0.9,181,3,3,21.6,15.4,17
2026-08-12T18:18:16Z,0,0,0,0,0,0,20.9,852.9,21.1,21.3,52,261,253,0,0.2,105,0.9,0.9,21.1,15.1,16.5
2026-08-12T18:33:24Z,0,0,0,0,0,0,20.4,853.2,20.6,20.8,52.6,262,255,0,0.1,104,1.3,1.3,20.6,14.8,16.1
2026-08-12T18:48:33Z,0,0,0,0,0,0,20.3,853.3,20.4,20.6,52.3,260,252,0,1.6,192,3.5,3.5,20.3,14.5,15.9
2026-08-12T19:03:54Z,0,0,0,0,0,0,19.8,853.6,20.1,20.2,53.1,261,253,0,0.5,109,1.5,1.5,20,14.3,15.5
2026-08-12T19:19:01Z,0,0,0,0,0,0,19.5,853.7,19.7,19.9,54,261,253,0,0.6,130,2,2,19.6,14.1,15.2
2026-08-12T19:34:09Z,0,0,0,0,0,0,19.2,854,19.3,19.5,54.8,260,253,0,0.7,183,2.8,2.8,19.3,13.9,14.9
2026-08-12T19:49:18Z,0,0,0,0,0,0,18.8,854,19,19.2,55.8,260,254,0,0.1,173,0.7,0.7,18.9,13.8,14.6
2026-08-12T20:04:27Z,0,0,0,0,0,0,18.4,854,18.6,18.8,57.1,260,253,0,0,123,0.2,0.2,18.5,13.6,14.2
2026-08-12T20:20:05Z,0,0,0,0,0,0,17.9,854.1,18.1,18.3,58.7,261,253,0,0,123,0,0,18,13.3,13.7
2026-08-12T20:35:13Z,0,0,0,0,0,0,17.5,854.2,17.7,17.9,60.1,259,253,0,0,123,0,0,17.6,13.1,13.3
2026-08-12T20:50:22Z,0,0,0,0,0,0,17.1,854,17.3,17.5,61.3,260,254,0,0,123,0,0,17.2,12.9,12.9
2026-08-12T21:05:31Z,0,0,0,0,0,0,16.7,853.9,16.9,17.1,62.9,261,252,0,0,123,0,0,16.8,12.7,12.6
2026-08-12T21:20:59Z,0,0,0,0,0,0,16.3,853.6,16.5,16.7,64.8,259,253,0,0,123,0,0,16.4,12.6,12.2
2026-08-12T21:36:07Z,0,0,0,0,0,0,16,853.7,16.2,16.3,65.6,260,253,0,0,123,0,0,16,12.4,11.8
2026-08-12T21:51:17Z,0,0,0,0,0,0,15.6,853.4,16.1,16,67.1,260,252,0,0,123,0,0,15.7,12.3,11.5
2026-08-12T22:06:26Z,0,0,0,0,0,0,15.5,853.2,16,15.9,68.1,262,254,0,0,123,0,0,15.7,12.3,11.5
2026-08-12T22:21:36Z,0,0,0,0,0,0,15.3,853.1,15.7,15.7,69.1,262,252,0,0,123,0,0,15.5,12.2,11.3
2026-08-12T22:37:03Z,0,0,0,0,0,0,14.9,853.1,15.2,15.4,70.1,260,254,0,0,123,0,0,15.1,12,10.9
2026-08-12T22:52:12Z,0,0,0,0,0,0,14.5,853,14.9,15,72,260,253,0,0,123,0,0,14.7,11.8,10.5
2026-08-12T23:07:21Z,0,0,0,0,0,0,14.2,852.9,14.4,14.5,73.6,261,253,0,0,123,0,0,14.2,11.6,10
2026-08-12T23:22:29Z,0,0,0,0,0,0,13.7,852.8,13.9,14.1,75.6,261,253,0,0,123,0,0,13.8,11.4,9.6
2026-08-12T23:37:32Z,0,0,0,0,0,0,13.3,852.5,13.5,13.7,77.1,260,253,0,0,123,0,0,13.4,11.2,9.2
2026-08-12T23:52:56Z,0,0,0,0,0,0,13.1,852.5,13.4,13.5,78.5,259,252,0,0,123,0,0,13.3,11.2,9
2026-08-13T00:00:01Z,0,0,0,0,0,0,13,852.4,13.3,13.5,78.7,261,254,0,0,123,0,0,13.2,11.2,9
2026-08-13T00:15:10Z,0,0,0,0,0,0,12.7,852.4,13,13.1,79.8,259,254,0,0,123,0,0,12.9,10.9,8.6
2026-08-13T00:30:18Z,0,0,0,0,0,0,12.4,852.3,12.6,12.9,81.2,260,253,0,0,123,0,0,12.6,10.8,8.3
2026-08-13T00:45:28Z,0,0,0,0,0,0,12.2,852.4,12.4,12.6,82,260,253,0,0,123,0,0,12.4,10.7,8.1
2026-08-13T01:00:54Z,0,0,0,0,0,0,12.1,852.5,12.5,12.6,82.4,262,253,0,0,123,0,0,12.3,10.7,8.1
2026-08-13T01:16:03Z,0,0,0,0,0,0,11.8,852.6,12.1,12.3,83.3,261,255,0,0,123,0,0,12,10.4,7.7
2026-08-13T01:31:12Z,0,0,0,0,0,0,11.5,852.6,11.8,11.9,84.5,261,253,0,0,123,0,0,11.7,10.3,7.3
2026-08-13T01:46:22Z,0,0,0,0,0,0,11.2,852.6,11.5,11.8,85.2,259,253,0,0,123,0.2,0.2,11.5,10.2,7.1
2026-08-13T02:01:32Z,0,0,0,0,0,0,11.1,852.8,11.4,11.6,85.4,260,254,0,0,123,0,0,11.3,10,7
2026-08-13T02:16:58Z,0,0,0,0,0,0,10.9,853,11.2,11.4,86.6,261,253,0,0,123,0,0,11.1,10,6.8
2026-08-13T02:32:08Z,0,0,0,0,0,0,10.9,853.1,11.2,11.4,86.7,261,253,0,0,123,0,0,11.1,9.9,6.7
2026-08-13T02:47:17Z,0,0,0,0,0,0,10.9,853.3,11.2,11.4,86.6,261,252,0,0,123,0,0,11.2,10,6.8
2026-08-13T03:02:28Z,0,0,0,0,0,0,10.9,853.6,11.2,11.4,85.8,260,253,0,0,123,0,0,11.2,9.9,6.8
2026-08-13T03:17:37Z,0,0,0,0,0,0,10.7,853.8,11.1,11.2,86.3,261,254,0,0,123,0,0,11,9.8,6.6
2026-08-13T03:33:01Z,0,0,0,0,0,0,10.5,853.8,10.9,11.1,86.7,263,275,0,0,123,0,0,10.8,9.6,6.4
2026-08-13T03:48:11Z,0,0,0,0.1,0,0,10.5,853.9,10.9,11,86.6,271,352,0,0,123,0,0,10.8,9.6,6.3
2026-08-13T04:03:21Z,0,0,0,0.1,0,0,10.7,853.9,11,11.1,87,280,439,0,0,123,0,0,10.8,9.7,6.4
2026-08-13T04:18:31Z,0,0,0,0.2,0,0,11.2,854.2,11.8,11.8,84.9,286,476,0,0,123,0.2,0.2,11.5,10.2,7.2
2026-08-13T04:33:41Z,0,0,0,0.2,0,0,11.9,854.2,12.3,12.4,82.1,295,568,0,0,123,0.1,0.1,12.2,10.5,7.9
2026-08-13T04:49:05Z,0,0,0,0.3,0,0,13.1,854.4,13.4,13.4,80,319,862,0,0.3,123,0.7,0.7,13.1,11.1,8.8
2026-08-13T05:04:15Z,0,0,0,0.8,0,0,15,854.7,15.6,14.9,75.6,401,1903,0,0,123,0.2,0.2,14.6,12.1,10.4
2026-08-13T05:19:25Z,0,0,0,1,0,0,16.6,854.8,17.2,16.2,71.5,442,2365,0,0.7,123,1.3,1.3,16,12.9,11.8
2026-08-13T05:34:35Z,0,0,0,1.2,0,0,17.8,854.9,18.6,17.5,68.3,485,2832,0,0,199,0,0,17.3,13.8,13.1
2026-08-13T05:49:43Z,0,0,0,1.4,0,0,18.6,855.2,19.2,18.1,64.6,520,3245,0,0.5,267,1.3,1.3,17.9,13.9,13.6
2026-08-13T06:05:10Z,0,0,0,1.6,0,0,19.7,855.4,20.8,19.4,59.5,560,3685,0,1.1,222,1.7,1.7,19.2,14.4,14.8
2026-08-13T06:20:19Z,0,0,0,1.9,0,0,20.6,855.3,21.6,20.5,56.2,604,4158,0,1.6,195,2.8,2.8,20.2,14.9,15.8
2026-08-13T06:35:28Z,0,0,0,2.1,0,0,20.1,855.5,20.9,20.2,57.8,643,4592,0,0.2,156,0.7,0.7,20,14.9,15.6
2026-08-13T06:51:14Z,0,0,0,2.3,0,0,20.6,855.4,21.4,20.9,54.2,690,5092,0,0.7,182,1.6,1.6,20.7,15.1,16.2
2026-08-13T07:06:23Z,0,0,0,2.5,0,0,21.7,855.3,22,21.4,52.1,730,5499,0,0.1,204,0.4,0.4,21.2,15.2,16.6
2026-08-13T07:21:31Z,0,0,0,2.8,0,0,21.9,855.4,22.4,21.6,47.8,773,5965,0,1.5,253,2.4,2.4,21.4,14.8,16.8
2026-08-13T07:36:40Z,0,0,0,2.9,0,0,22.3,855.2,22.9,22.6,48,795,6211,0,0.7,162,1.2,1.2,22.4,15.6,17.6
2026-08-13T07:51:50Z,0,0,0,3,0,0,22.4,855.2,22.9,22.4,47.8,818,6457,0,0.7,245,2,2,22.1,15.4,17.4
2026-08-13T08:07:14Z,0,0,0,3.2,0,0,23.2,855.2,24.2,23.8,45,852,6826,0,0.5,217,1.3,1.3,23.6,16.2,18.6
2026-08-13T08:22:23Z,0,0,0,3.2,0,0,22.5,855,23.4,23.2,43.1,864,6965,0,0.4,170,1.1,1.1,23,15.4,18.1
2026-08-13T08:37:33Z,0,0,0,3.4,0,0,23.5,854.7,24.3,24.1,36.8,894,7286,0,1.1,192,2,2,23.8,15.1,18.8
2026-08-13T08:52:42Z,0,0,0,3.5,0,0,23.5,854.7,24.2,24.1,36.2,907,7438,0,1.6,147,3.5,3.5,23.8,15,18.8
2026-08-13T09:07:52Z,0,0,0,3.6,0,0,23.9,854.5,24.4,24.2,37.3,927,7634,0,0.2,219,0.9,0.9,23.9,15.3,18.9
2026-08-13T09:23:18Z,0,0,0,3.6,0,0,25.4,854.2,25.7,25.5,35.6,925,7596,0,0.8,58,1.7,1.7,25.3,16,20
2026-08-13T09:38:27Z,0,0,0,3.5,0,0,25.5,853.9,25.9,26,35.4,918,7491,0,0.7,118,1.3,1.3,25.7,16.3,20.3
2026-08-13T09:53:35Z,0,0,0,3.5,0,0,24.6,853.7,25.3,25,35.8,918,7492,0,0.6,209,1.7,1.7,24.8,15.7,19.6
2026-08-13T10:08:44Z,0,0,0,3.5,0,0,25,853.3,25.6,25.8,32.7,910,7420,0,1.2,183,2,2,25.6,15.7,20.2
2026-08-13T10:23:53Z,0,0,0,3.4,0,0,25,853.2,25.6,25.7,33.3,894,7246,0,1.9,181,2.7,2.7,25.4,15.8,20.1
2026-08-13T10:39:02Z,0,0,0,3.3,0,0,25.4,852.9,26,26.1,32.7,883,7124,0,1.1,179,3.1,3.1,25.8,15.9,20.4
2026-08-13T10:54:23Z,0,0,0,3.2,0,0,26.1,852.7,26.2,26.9,31.6,865,6915,0,0.4,88,1.6,1.6,26.6,16.3,21
2026-08-13T11:09:33Z,0,0,0,3.1,0,0,26.3,852.5,26.9,27.2,31.2,835,6584,0,1.1,91,1.7,1.7,26.6,16.5,21
2026-08-13T11:24:41Z,0,0,0,2.9,0,0,26.6,852.1,26.9,27.5,30.5,804,6268,0,0.6,95,1.3,1.3,26.7,16.6,21.1
2026-08-13T11:39:50Z,0,0,0,2.8,0,0,26.8,851.9,27.2,27.7,29,770,5880,0,1,98,2.4,2.4,26.8,16.4,21.2
2026-08-13T11:54:58Z,0,0,0,2.6,0,0,27.4,851.7,27.6,28.3,28.4,737,5549,0,1.1,99,2.4,2.4,27.3,16.8,21.5
2026-08-13T12:10:27Z,0,0,0,2.4,0,0,26.6,851.5,27.1,27.5,28.9,706,5181,0,0.8,99,2.6,2.6,26.7,16.3,21.1
2026-08-13T12:25:36Z,0,0,0,2.2,0,0,26.8,851.3,27.4,27.4,29.1,666,4767,0,1.7,99,2,2,26.6,16.2,21
2026-08-13T12:40:45Z,0,0,0,2,0,0,27.2,851.1,27.8,28.1,28.6,624,4303,0,1,99,2,2,27.1,16.6,21.4
2026-08-13T12:55:53Z,0,0,0,1.8,0,0,27.7,851.1,28.4,28.3,28.4,592,3946,0,0.3,196,0.9,0.9,27.3,16.8,21.5
2026-08-13T13:11:01Z,0,0,0,1.6,0,0,27.7,850.8,28.6,28.9,27.8,551,3504,0,0,172,0.2,0.2,27.7,17,21.8
2026-08-13T13:26:10Z,0,0,0,1.3,0,0,27.8,850.9,28.6,28.9,28.5,505,3025,0,0.2,100,1.1,1.1,27.7,17.2,21.8
2026-08-13T13:41:31Z,0,0,0,1.1,0,0,27,850.8,27.8,27.9,28.1,465,2577,0,0.6,152,1.1,1.1,27,16.4,21.3
2026-08-13T13:56:39Z,0,0,0,0.9,0,0,26.2,850.8,26.9,27,29.2,423,2094,0,1.4,172,3.7,3.7,26.4,15.9,20.8
2026-08-13T14:11:49Z,0,0,0,0.7,0,0,26,851,26.7,26.8,30.3,388,1693,0,1.1,156,3.1,3.1,26.5,16,20.9
2026-08-13T14:26:57Z,0,0,0,0.5,0,0,25.4,851.1,26.1,26.2,30.7,350,1277,0,0.4,181,1.3,1.3,25.9,15.6,20.5
2026-08-13T14:42:07Z,0,0,0,0.2,0,0,25,851.1,25.3,25.6,31.5,292,501,0,1.1,176,2.2,2.2,25.3,15.3,20
2026-08-13T14:57:34Z,0,0,0,0.2,0,0,24.4,851.3,24.6,24.7,32.5,285,456,0,1.4,174,2.4,2.4,24.4,14.8,19.3
2026-08-13T15:12:43Z,0,0,0,0.1,0,0,24,851.4,24.1,24.3,33.8,277,397,0,0.2,114,0.7,0.7,24,14.8,19
2026-08-13T15:27:52Z,0,0,0,0.1,0,0,23.6,851.8,23.8,23.9,34.1,267,312,0,0.3,134,1.1,1.1,23.6,14.5,18.6
2026-08-13T15:43:42Z,0,0,0,0,0,0,23.1,852,23.2,23.4,35.1,261,263,0,0.5,144,1.3,1.3,23.1,14.3,18.2
2026-08-13T15:58:51Z,0,0,0,0,0,0,22.7,852.1,22.9,23,36.5,260,254,0,0.3,186,0.7,0.7,22.7,14.2,17.9
2026-08-13T16:14:00Z,0,0,0,0,0,0,22,852.2,22.2,22.4,37.7,259,253,0,0.5,186,1.5,1.5,22,13.9,17.3
2026-08-13T16:29:09Z,0,0,0,0,0,0,21.5,852.4,21.7,21.9,38.7,262,253,0,0.1,186,0.7,0.7,21.5,13.6,16.9
2026-08-13T16:44:18Z,0,0,0,0,0,0,21.1,852.6,21.2,21.4,40,261,253,0,0,185,0,0,21.1,13.5,16.5
2026-08-13T16:59:40Z,0,0,0,0,0,0,20.4,852.6,20.6,20.8,41,261,253,0,0,186,0.2,0.2,20.4,13.1,15.9
2026-08-13T17:14:50Z,0,0,0,0,0,0,20.1,852.7,20.4,20.5,42.1,261,253,0,0.1,186,1.1,1.1,20.1,13,15.6
2026-08-13T17:30:00Z,0,0,0,0,0,0,19.8,852.9,19.9,20.1,43.3,260,254,0,0,185,0,0,19.7,12.9,15.3
2026-08-13T17:45:50Z,0,0,0,0,0,0,19.3,853,19.4,19.6,45.2,260,255,0,0,185,0,0,19.2,12.7,14.9
2026-08-13T18:01:42Z,0,0,0,0,0,0,18.8,853.4,19,19.2,47.3,261,254,0,0,185,0,0,18.8,12.7,14.5
2026-08-13T18:16:52Z,0,0,0,0,0,0,18.5,853.6,18.6,18.9,47.2,260,253,0,0,185,0,0,18.5,12.4,14.2
2026-08-13T18:32:01Z,0,0,0,0,0,0,18.3,853.6,18.5,18.7,48.8,259,254,0,0,185,0,0,18.3,12.4,14
2026-08-13T18:47:11Z,0,0,0,0,0,0,18.4,853.8,18.8,18.8,48.8,261,252,0,0,185,0,0,18.4,12.5,14.1
2026-08-13T19:02:38Z,0,0,0,0,0,0,18.3,853.9,18.5,18.6,49.5,260,253,0,0,185,0,0,18.2,12.5,13.9
2026-08-13T19:17:48Z,0,0,0,0,0,0,18,854.1,18.2,18.3,51.4,261,254,0,0,185,0,0,17.9,12.4,13.7
2026-08-13T19:32:57Z,0,0,0,0,0,0,17.4,854.1,17.6,17.8,52.8,262,254,0,0,185,0,0,17.4,12.1,13.2
2026-08-13T19:48:48Z,0,0,0,0,0,0,17.1,854.1,17.2,17.4,54.8,260,253,0,0,185,0,0,17,12.1,12.8
2026-08-13T20:03:58Z,0,0,0,0,0,0,16.6,854.2,16.6,16.8,57.6,260,254,0,0,185,0,0,16.4,11.8,12.2
2026-08-13T20:19:08Z,0,0,0,0,0,0,15.8,854.1,16,16.1,60.5,261,253,0,0,185,0,0,15.8,11.6,11.6
2026-08-13T20:34:17Z,0,0,0,0,0,0,15.3,854.2,15.5,15.6,63,259,254,0,0,185,0,0,15.2,11.4,11
2026-08-13T20:49:47Z,0,0,0,0,0,0,14.8,854,15.1,15.2,64.4,260,253,0,0,185,0,0,14.9,11.2,10.7
2026-08-13T21:04:56Z,0,0,0,0,0,0,14.6,854,15,15.1,65.9,260,254,0,0.1,186,0.4,0.4,14.8,11.3,10.6
2026-08-13T21:20:06Z,0,0,0,0,0,0,14.2,854,14.5,14.7,67.5,261,252,0,0,186,0.2,0.2,14.3,11.1,10.1
2026-08-13T21:35:16Z,0,0,0,0,0,0,13.7,853.8,14,14.2,69,260,253,0,0,185,0,0,13.8,10.8,9.6
2026-08-13T21:50:46Z,0,0,0,0,0,0,13.3,853.7,13.7,13.8,70.5,260,254,0,0,185,0,0,13.4,10.6,9.2
2026-08-13T22:05:56Z,0,0,0,0,0,0,13.3,853.4,13.7,13.9,71.1,261,253,0,0,185,0,0,13.5,10.7,9.3
2026-08-13T22:21:05Z,0,0,0,0,0,0,13.1,853.2,13.6,13.7,72.2,260,253,0,0,185,0,0,13.3,10.6,9.1
2026-08-13T22:36:50Z,0,0,0,0,0,0,13.1,853.1,13.5,13.7,72.4,261,253,0,0,185,0,0,13.3,10.6,9.1
2026-08-13T22:52:13Z,0,0,0,0,0,0,12.9,853,13.2,13.4,73.1,260,255,0,0,185,0,0,13.1,10.5,8.8
2026-08-13T23:07:23Z,0,0,0,0,0,0,12.6,853.1,12.9,13.1,74.4,262,253,0,0,185,0,0,12.7,10.3,8.5
2026-08-13T23:22:32Z,0,0,0,0,0,0,12.4,852.9,12.7,12.9,75.4,259,252,0,0,185,0,0,12.5,10.2,8.2
2026-08-13T23:37:42Z,0,0,0,0,0,0,12.1,852.8,12.4,12.7,76.2,261,253,0,0,185,0,0,12.3,10.1,8
2026-08-13T23:52:52Z,0,0,0,0,0,0,12,852.8,12.3,12.5,77.3,261,253,0,0,185,0,0,12.1,10,7.8
2026-08-14T00:00:12Z,0,0,0,0,0,0,11.9,852.8,12.3,12.4,77.4,260,253,0,0,185,0,0,12.1,10,7.8
2026-08-14T00:15:22Z,0,0,0,0,0,0,11.6,852.8,12,12.1,78.8,260,253,0,0,185,0,0,11.8,9.9,7.5
2026-08-14T00:30:31Z,0,0,0,0,0,0,11.6,852.8,12,12.2,78.7,260,253,0,0.1,186,0.4,0.4,11.8,9.9,7.5
2026-08-14T00:45:41Z,0,0,0,0,0,0,11.5,852.8,11.9,12.1,78.5,260,253,0,0,185,0,0,11.8,9.8,7.5
2026-08-14T01:00:51Z,0,0,0,0,0,0,11.1,852.9,11.4,11.6,79.7,259,253,0,0,185,0,0,11.3,9.5,6.9
2026-08-14T01:16:15Z,0,0,0,0,0,0,11,852.7,11.3,11.5,81.2,261,253,0,0,185,0,0,11.2,9.5,6.8
2026-08-14T01:31:25Z,0,0,0,0,0,0,11,852.7,11.4,11.6,81.3,261,254,0,0.1,186,0.4,0.4,11.3,9.6,6.9
2026-08-14T01:46:35Z,0,0,0,0,0,0,11,852.9,11.4,11.6,80.7,260,252,0,0,185,0,0,11.3,9.5,6.9
2026-08-14T02:01:45Z,0,0,0,0,0,0,10.7,852.9,11,11.2,81.9,261,253,0,0,185,0,0,10.9,9.3,6.5
2026-08-14T02:16:54Z,0,0,0,0,0,0,10.5,853.1,10.8,11,83.5,261,254,0,0.1,186,0.4,0.4,10.7,9.3,6.3
2026-08-14T02:32:18Z,0,0,0,0,0,0,10.4,853.3,10.8,11,83.3,262,253,0,0,185,0,0,10.7,9.2,6.2
2026-08-14T02:47:28Z,0,0,0,0,0,0,10.4,853.3,10.7,10.9,83.4,259,253,0,0,185,0,0,10.6,9.1,6.1
2026-08-14T03:02:38Z,0,0,0,0,0,0,10.3,853.5,10.6,10.8,83.9,260,253,0,0,185,0,0,10.5,9.1,6
2026-08-14T03:17:48Z,0,0,0,0,0,0,10.3,853.6,10.8,11,83.8,261,255,0,0,185,0,0,10.6,9.2,6.2
2026-08-14T03:32:58Z,0,0,0,0,0,0,10.4,853.5,10.8,11,82.9,261,274,0,0,185,0,0,10.6,9.2,6.2
2026-08-14T03:48:21Z,0,0,0,0.1,0,0,10.2,853.8,10.5,10.7,83.6,271,342,0,0,185,0,0,10.4,9,5.9
2026-08-14T04:03:31Z,0,0,0,0.1,0,0,10.2,853.9,10.6,10.7,84,278,397,0,0,185,0,0,10.4,9,5.9
2026-08-14T04:19:24Z,0,0,0,0.2,0,0,10.5,854.2,10.9,11,83.4,285,456,0,0,185,0,0,10.7,9.2,6.2
2026-08-14T04:34:34Z,0,0,0,0.2,0,0,11.2,854.4,11.7,11.8,81.3,295,565,0,0.1,186,0.4,0.4,11.5,9.8,7.1
2026-08-14T04:49:43Z,0,0,0,0.5,0,0,12.5,854.5,12.9,12.8,78.2,342,1168,0,0.3,186,0.7,0.7,12.5,10.5,8.2
2026-08-14T05:04:53Z,0,0,0,0.8,0,0,15,854.7,15.2,14.4,73.5,403,1926,0,0.1,186,0.2,0.2,14.1,11.4,9.9
2026-08-14T05:20:27Z,0,0,0,1,0,0,16.6,855,16.9,15.8,68.8,445,2369,0,0,185,0,0,15.5,12.2,11.3
2026-08-14T05:35:36Z,0,0,0,1.2,0,0,20.1,855.1,19.6,18.6,58.5,486,2835,0,0.3,185,0.7,0.7,18.4,13.6,14.1
2026-08-14T05:50:46Z,0,0,0,1.4,0,0,19.5,855.3,19.6,18.7,59.8,525,3260,0,0,185,0,0,18.4,13.8,14.1
2026-08-14T06:05:55Z,0,0,0,1.7,0,0,19.1,855.3,19.9,18.6,58.8,571,3755,0,0,261,0.2,0.2,18.3,13.6,14
2026-08-14T06:21:05Z,0,0,0,1.9,0,0,18.9,855.3,20,18.8,58.4,610,4174,0,0.2,218,0.7,0.7,18.5,13.7,14.2
2026-08-14T06:36:28Z,0,0,0,2.1,0,0,19.1,855.2,19.9,19,58.6,643,4536,0,0,228,0.2,0.2,18.7,13.9,14.4
2026-08-14T06:51:38Z,0,0,0,2.3,0,0,19.9,855.1,20.4,19.8,54.5,683,4987,0,1.8,238,2.4,2.4,19.5,14.1,15.1
2026-08-14T07:06:48Z,0,0,0,2.5,0,0,20.5,854.9,21,20.6,52.5,720,5388,0,1.6,223,2.4,2.4,20.4,14.6,15.9
2026-08-14T07:21:57Z,0,0,0,2.5,0,0,20.8,854.9,21.4,20.8,52.5,722,5461,0,0.5,221,1.1,1.1,20.6,14.7,16.1
2026-08-14T07:37:06Z,0,0,0,2.8,0,0,20.9,854.6,21.5,20.9,51.4,770,5964,0,2.1,245,4.2,4.2,20.7,14.7,16.2
2026-08-14T07:52:31Z,0,0,0,3,0,0,21.2,854.4,21.9,21.7,49.6,810,6349,0,0.5,183,1.6,1.6,21.5,15.1,16.9
2026-08-14T08:07:37Z,0,0,0,3.1,0,0,22.2,854.2,22.8,22.3,47.2,831,6561,0,1.2,249,2.2,2.2,22.1,15.3,17.4
2026-08-14T08:22:39Z,0,0,0,3.2,0,0,22.1,854,22.7,22.3,47,858,6838,0,2,265,3.5,3.5,22,15.2,17.3
2026-08-14T08:37:47Z,0,0,0,3.3,0,0,22.3,853.8,22.9,22.7,44.9,876,7032,0,1,167,2,2,22.4,15.3,17.7
2026-08-14T08:53:38Z,0,0,0,3.4,0,0,23.1,853.6,23.5,23.2,44.3,895,7261,0,1.5,179,3.1,3.1,23,15.6,18.1
2026-08-14T09:08:46Z,0,0,0,3.4,0,0,23.6,853.3,23.9,23.5,43.7,886,7166,0,2.4,257,3.7,3.7,23.2,15.7,18.3
2026-08-14T09:23:55Z,0,0,0,3.5,0,0,24.1,852.9,24.6,24.1,43.1,902,7314,0,0.2,158,0.4,0.4,23.9,16.2,18.9
2026-08-14T09:39:37Z,0,0,0,3.5,0,0,24,852.6,24.6,24.7,41.4,914,7434,0,0.6,168,1.7,1.7,24.5,16.4,19.4
2026-08-14T09:54:46Z,0,0,0,3.5,0,0,24.8,852.2,25.2,25.3,39.6,907,7341,0,0.9,68,1.5,1.5,25.1,16.5,19.8
2026-08-14T10:09:55Z,0,0,0,3.7,0,0,24.8,852,25.4,25.5,38.3,943,7825,0,1.8,176,3.3,3.3,25.3,16.5,20
2026-08-14T10:26:36Z,0,0,0,2.8,0,0,25.5,851.7,25.8,25.9,37.8,773,5820,0,0.7,192,1.5,1.5,25.7,16.7,20.3
2026-08-14T10:41:45Z,0,0,0,3.5,0,0,25.9,851.3,26.4,26.3,37.1,900,7339,0,1,227,2,2,26.1,16.9,20.6
2026-08-14T10:56:55Z,0,0,0,2.6,0,0,26.9,851,27.4,27.2,35.6,748,5554,0,0.6,231,1.1,1.1,26.8,17.3,21.1
2026-08-14T11:12:04Z,0,0,0,2.1,0,0,26.8,850.8,27.2,27,35.2,643,4443,0,0.5,174,2,2,26.6,17.1,21
2026-08-14T11:27:31Z,0,0,0,1.7,0,0,26.1,850.7,26.6,26.7,35.1,571,3643,0,1.4,166,2.4,2.4,26.5,16.9,20.9
2026-08-14T11:42:41Z,0,0,0,1.5,0,0,27.2,850.5,27.6,28,33.8,534,3214,0,0.5,190,2.2,2.2,27.3,17.7,21.5
2026-08-14T11:57:50Z,0,0,0,1.6,0,0,27.1,850.3,27.4,28,33.7,565,3555,0,0.2,74,1.1,1.1,27.3,17.6,21.5
2026-08-14T12:12:59Z,0,0,0,1.4,0,0,26.7,850.1,27,26.8,34.9,521,3048,0,0.2,168,1.1,1.1,26.6,16.9,21
2026-08-14T12:28:07Z,0,0,0,1,0,0,26.6,849.9,27,27.2,33.5,450,2300,0,0.4,224,1.1,1.1,26.7,16.9,21
2026-08-14T12:43:34Z,0,0,0,1,0,0,26.4,849.7,26.7,26.6,35,441,2217,0,0,252,0.2,0.2,26.4,16.8,20.8
2026-08-14T12:58:43Z,0,0,0,1,0,0,27.1,849.5,27.1,27.6,34.7,440,2233,0,0.9,61,2,2,27.1,17.5,21.3
2026-08-14T13:13:53Z,0,0,0,0.8,0,0,26.8,849.4,27.2,27.6,35,411,1872,0,0.3,47,1.1,1.1,27.1,17.6,21.3
2026-08-14T13:29:02Z,0,0,0,0.8,0,0,25.7,849.4,25.9,26.5,37.1,398,1712,0,0.5,165,1.3,1.3,26.3,17,20.8
2026-08-14T13:44:45Z,0,0,0,1,0,0,27.2,849.4,27.7,28.2,34.2,448,2404,0,0.4,148,1.3,1.3,27.5,17.9,21.6
2026-08-14T13:59:54Z,0,0,0,0.9,0,0,26.2,849.4,26.9,27.1,35,415,2012,0,0.9,182,2.2,2.2,26.7,17.2,21.1
2026-08-14T14:15:03Z,0,0,0,0.6,0,0,25.9,849.5,26.4,26.8,35.6,371,1520,0,0.7,85,1.7,1.7,26.6,17,21
2026-08-14T14:30:12Z,0,0,0,0.5,0,0,25.6,849.6,26,26.5,35.7,342,1183,0,0.5,90,1.1,1.1,26.3,16.8,20.8
2026-08-14T14:45:39Z,0,0,0,0.2,0,0,24.8,849.7,25.1,25.3,37.3,299,578,0,1,84,2,2,25.1,16.2,19.8
2026-08-14T15:00:48Z,0,0,0,0.2,0,0,24.4,849.8,24.6,24.8,38.5,286,475,0,0.5,131,1.7,1.7,24.5,15.9,19.4
2026-08-14T15:15:59Z,0,0,0,0.1,0,0,23.7,849.9,23.9,24.1,39.7,277,390,0,1.2,71,2.6,2.6,23.9,15.6,18.9
2026-08-14T15:31:08Z,0,0,0,0.1,0,0,23.3,850.1,23.5,23.7,40.9,266,303,0,0.2,134,1.1,1.1,23.4,15.5,18.5
2026-08-14T15:46:18Z,0,0,0,0,0,0,22.7,850.2,22.9,23.1,42.5,261,261,0,0,125,0,0,22.8,15.2,18
2026-08-14T16:01:41Z,0,0,0,0,0,0,22.3,850.3,22.5,22.7,43.9,259,254,0,0.1,118,0.9,0.9,22.4,15.1,17.6
2026-08-14T16:16:52Z,0,0,0,0,0,0,21.9,850.4,22.1,22.2,45.2,261,254,0,0.1,148,0.2,0.2,22,14.9,17.3
2026-08-14T16:32:01Z,0,0,0,0,0,0,21.5,850.5,21.8,21.9,46.3,260,253,0,0.1,107,0.4,0.4,21.6,14.8,17
2026-08-14T16:47:11Z,0,0,0,0,0,0,21.1,850.6,21.2,21.4,47.5,260,253,0,0.1,113,0.7,0.7,21.2,14.6,16.6
2026-08-14T17:02:21Z,0,0,0,0,0,0,20.6,850.6,20.8,21,48.5,259,254,0,0,113,0,0,20.7,14.4,16.2
2026-08-14T17:17:46Z,0,0,0,0,0,0,20.2,850.7,20.4,20.6,49.3,260,252,0,0,113,0,0,20.3,14.1,15.8
2026-08-14T17:32:56Z,0,0,0,0,0,0,19.7,850.9,19.8,20,51.3,259,253,0,0.3,137,1.5,1.5,19.7,13.9,15.3
2026-08-14T17:48:06Z,0,0,0,0,0,0,19.4,851.2,19.4,19.7,51.7,260,253,0,0,137,0,0,19.4,13.6,15
2026-08-14T18:03:16Z,0,0,0,0,0,0,18.8,851.3,19.1,19.3,53.1,260,253,0,0,137,0,0,19,13.5,14.6
2026-08-14T18:18:26Z,0,0,0,0,0,0,19.7,851.4,19.7,19.9,51.1,262,254,0,0.1,149,0.7,0.7,19.6,13.8,15.2
2026-08-14T18:33:48Z,0,0,0,0,0,0,19.2,851.5,19.3,19.6,52.5,260,254,0,0,149,0,0,19.3,13.7,14.9
2026-08-14T18:48:57Z,0,0,0,0,0,0,18.9,851.7,19.1,19.2,54.3,261,253,0,0.5,128,1.3,1.3,18.9,13.6,14.6
2026-08-14T19:04:07Z,0,0,0,0,0,0,18.9,851.9,19.1,19.3,56.5,260,254,0,1,167,2.8,2.8,19,13.9,14.7
2026-08-14T19:19:16Z,0,0,0,0,0,0,18.7,852,18.9,19.1,58.1,261,253,0,0.3,194,0.7,0.7,18.8,14,14.5
2026-08-14T19:34:26Z,0,0,0,0,0,0,18.4,852.1,18.6,18.8,59.6,260,253,0,0.2,136,0.9,0.9,18.5,13.9,14.2
2026-08-14T19:49:50Z,0,0,0,0,0,0,17.9,852.2,18.1,18.4,61,259,253,0,0,115,0.2,0.2,18.1,13.7,13.8
2026-08-14T20:04:58Z,0,0,0,0,0,0,17.6,852.3,17.8,18,62.8,259,253,0,0,116,0,0,17.7,13.5,13.4
2026-08-14T20:20:07Z,0,0,0,0,0,0,17.3,852.5,17.4,17.6,63.7,260,253,0,0,71,0,0,17.4,13.3,13.1
2026-08-14T20:35:17Z,0,0,0,0,0,0,16.7,852.4,16.9,17.1,65.6,260,253,0,0,71,0.3,0.3,16.8,13,12.6
2026-08-14T20:50:26Z,0,0,0,0,0,0,16.5,852.4,16.6,16.8,67.2,260,254,0,0.2,64,1.3,1.3,16.6,13,12.4
2026-08-14T21:05:53Z,0,0,0,0,0,0,16.7,852.2,16.8,17,67.1,262,253,0,0.1,131,0.9,0.9,16.8,13.2,12.6
2026-08-14T21:21:03Z,0,0,0,0,0,0,16.4,852.1,16.5,16.8,67.8,261,252,0,0,131,0,0,16.5,13,12.3
2026-08-14T21:36:25Z,0,0,0,0,0,0,15.8,851.9,16,16.1,70.2,260,253,0,0,131,0,0,15.9,12.7,11.7
2026-08-14T21:51:48Z,0,0,0,0,0,0,15.3,852,15.5,15.6,72.2,260,253,0,0,131,0,0,15.3,12.4,11.1
2026-08-14T22:06:58Z,0,0,0,0,0,0,14.8,851.7,15.1,15.2,74,260,254,0,0,131,0,0,14.9,12.2,10.7
2026-08-14T22:22:08Z,0,0,0,0,0,0,14.7,851.5,15.1,15.1,74.7,260,254,0,0,131,0,0,14.9,12.2,10.7
2026-08-14T22:37:18Z,0,0,0,0,0,0,14.2,851.4,14.6,14.6,75,262,254,0,0,131,0,0,14.4,11.8,10.2
2026-08-14T22:52:27Z,0,0,0,0,0,0,13.9,851.3,14.2,14.3,76.4,260,254,0,0,131,0,0,14,11.7,9.8
2026-08-14T23:07:52Z,0,0,0,0,0,0,13.3,851,13.7,13.9,77.2,260,253,0,0,131,0,0,13.6,11.3,9.4
2026-08-14T23:23:01Z,0,0,0,0,0,0,13,851.1,13.2,13.4,79.1,260,253,0,0,131,0,0,13.2,11.1,8.9
2026-08-14T23:38:11Z,0,0,0,0,0,0,12.6,851.1,12.9,13.1,80.5,260,253,0,0,131,0,0,12.8,10.9,8.6
2026-08-14T23:53:20Z,0,0,0,0,0,0,12.5,851.1,12.8,12.9,81.1,258,254,0,0,131,0,0,12.7,10.9,8.4
